K,period,mode,state,real,imag,real_lo_1ulp,real_hi_1ulp,imag_lo_1ulp,imag_hi_1ulp
240,370.93117783944837,-240,N,-9.5396086502614804e-16,-5.9898090183811233e-16,-9.5396086502614824e-16,-9.5396086502614785e-16,-5.9898090183811243e-16,-5.9898090183811223e-16
240,370.93117783944837,-240,A,-1.3258480707409599e-15,-3.3889500122783498e-15,-1.3258480707409601e-15,-1.3258480707409597e-15,-3.3889500122783502e-15,-3.3889500122783494e-15
240,370.93117783944837,-240,Z,-1.8753767307857375e-18,7.4654419860124551e-19,-1.8753767307857379e-18,-1.8753767307857371e-18,7.4654419860124541e-19,7.465441986012456e-19
240,370.93117783944837,-240,E,2.186977787593214e-17,1.9273102402536502e-17,2.1869777875932137e-17,2.1869777875932144e-17,1.9273102402536499e-17,1.9273102402536505e-17
240,370.93117783944837,-239,N,7.9608299624369342e-16,-5.7255972889631174e-16,7.9608299624369332e-16,7.9608299624369351e-16,-5.7255972889631184e-16,-5.7255972889631164e-16
240,370.93117783944837,-239,A,-1.0940082288912861e-15,1.350271246165731e-15,-1.0940082288912863e-15,-1.0940082288912859e-15,1.3502712461657308e-15,1.3502712461657312e-15
240,370.93117783944837,-239,Z,1.7671819193942526e-19,0,1.7671819193942524e-19,1.7671819193942529e-19,-4.9406564584124654e-324,4.9406564584124654e-324
240,370.93117783944837,-239,E,-5.7126860414704004e-18,-4.9856169089196222e-17,-5.7126860414704012e-18,-5.7126860414703996e-18,-4.9856169089196228e-17,-4.9856169089196215e-17
240,370.93117783944837,-238,N,5.2164325065547896e-16,-8.542485268477556e-16,5.2164325065547886e-16,5.2164325065547906e-16,-8.542485268477557e-16,-8.542485268477555e-16
240,370.93117783944837,-238,A,2.1177331083026636e-15,-4.6347772005141678e-16,2.1177331083026632e-15,2.117733108302664e-15,-4.6347772005141687e-16,-4.6347772005141668e-16
240,370.93117783944837,-238,Z,2.6111014482478345e-18,-4.3277924556593942e-20,2.6111014482478341e-18,2.6111014482478349e-18,-4.3277924556593948e-20,-4.3277924556593936e-20
240,370.93117783944837,-238,E,2.8621134106760794e-17,-2.0311772591894757e-17,2.8621134106760788e-17,2.86211341067608e-17,-2.031177259189476e-17,-2.0311772591894754e-17
240,370.93117783944837,-237,N,1.1933166397738169e-16,-4.3208679877303392e-16,1.1933166397738167e-16,1.1933166397738172e-16,-4.3208679877303397e-16,-4.3208679877303387e-16
240,370.93117783944837,-237,A,2.723624052094979e-16,-3.7887803312818689e-15,2.7236240520949785e-16,2.7236240520949795e-16,-3.7887803312818697e-15,-3.7887803312818682e-15
240,370.93117783944837,-237,Z,4.6163119527033539e-18,-1.6878390577071638e-18,4.6163119527033531e-18,4.6163119527033546e-18,-1.6878390577071639e-18,-1.6878390577071636e-18
240,370.93117783944837,-237,E,2.2158297372976099e-17,-1.4425974852197981e-17,2.2158297372976095e-17,2.2158297372976102e-17,-1.4425974852197984e-17,-1.4425974852197978e-17
240,370.93117783944837,-236,N,-9.4172763835148419e-17,3.1390921278382806e-16,-9.4172763835148431e-17,-9.4172763835148406e-17,3.1390921278382801e-16,3.1390921278382811e-16
240,370.93117783944837,-236,A,-3.1963343960518021e-15,1.2076272068271975e-15,-3.1963343960518025e-15,-3.1963343960518017e-15,1.2076272068271973e-15,1.2076272068271977e-15
240,370.93117783944837,-236,Z,-3.2602703165967437e-18,-2.0773403787165092e-18,-3.260270316596744e-18,-3.2602703165967433e-18,-2.0773403787165096e-18,-2.0773403787165088e-18
240,370.93117783944837,-236,E,-5.6319005822980917e-17,-1.7541985420272745e-17,-5.6319005822980929e-17,-5.6319005822980905e-17,-1.7541985420272748e-17,-1.7541985420272742e-17
240,370.93117783944837,-235,N,1.0635982739028527e-15,1.4033588336218196e-16,1.0635982739028525e-15,1.0635982739028529e-15,1.4033588336218193e-16,1.4033588336218198e-16
240,370.93117783944837,-235,A,4.195304302616808e-15,3.619188570919429e-15,4.1953043026168072e-15,4.1953043026168088e-15,3.6191885709194282e-15,3.6191885709194298e-15
240,370.93117783944837,-235,Z,-6.9244679290550308e-19,8.4247693136836208e-18,-6.9244679290550317e-19,-6.9244679290550298e-19,8.4247693136836192e-18,8.4247693136836223e-18
240,370.93117783944837,-235,E,8.6786664710823052e-17,-5.5395743432440246e-18,8.678666471082304e-17,8.6786664710823065e-17,-5.5395743432440254e-18,-5.5395743432440239e-18
240,370.93117783944837,-234,N,1.0635982739028527e-15,-4.4841339581200898e-17,1.0635982739028525e-15,1.0635982739028529e-15,-4.4841339581200905e-17,-4.4841339581200892e-17
240,370.93117783944837,-234,A,-2.3635517197841172e-14,9.4209243519055914e-15,-2.3635517197841175e-14,-2.3635517197841169e-14,9.4209243519055898e-15,9.420924351905593e-15
240,370.93117783944837,-234,Z,1.3848935858110062e-18,-2.1368475249818259e-18,1.384893585811006e-18,1.3848935858110063e-18,-2.1368475249818262e-18,-2.1368475249818255e-18
240,370.93117783944837,-234,E,-2.2896907285408635e-16,-1.0444405792991338e-17,-2.289690728540864e-16,-2.289690728540863e-16,-1.044440579299134e-17,-1.0444405792991337e-17
240,370.93117783944837,-233,N,4.0179044833656161e-17,-1.0249042028555447e-15,4.0179044833656155e-17,4.0179044833656167e-17,-1.0249042028555449e-15,-1.0249042028555445e-15
240,370.93117783944837,-233,A,-2.7366831658299309e-15,4.3340253784189721e-15,-2.7366831658299313e-15,-2.7366831658299305e-15,4.3340253784189713e-15,4.3340253784189728e-15
240,370.93117783944837,-233,Z,-4.4567246059009133e-18,-3.9202586660848014e-18,-4.4567246059009141e-18,-4.4567246059009126e-18,-3.9202586660848021e-18,-3.9202586660848006e-18
240,370.93117783944837,-233,E,-4.7908662484149497e-17,1.0490568912518371e-16,-4.7908662484149503e-17,-4.7908662484149491e-17,1.049056891251837e-16,1.0490568912518373e-16
240,370.93117783944837,-232,N,-2.3253228864257927e-16,-1.3811428323494348e-16,-2.3253228864257932e-16,-2.3253228864257922e-16,-1.381142832349435e-16,-1.3811428323494345e-16
240,370.93117783944837,-232,A,3.1477729582055908e-15,9.2623774785393669e-16,3.1477729582055905e-15,3.1477729582055912e-15,9.262377478539365e-16,9.2623774785393689e-16
240,370.93117783944837,-232,Z,-9.016234282623738e-19,2.236026102090687e-19,-9.0162342826237399e-19,-9.0162342826237361e-19,2.2360261020906865e-19,2.2360261020906875e-19
240,370.93117783944837,-232,E,1.2143785630580261e-16,-1.5153043984748759e-16,1.2143785630580259e-16,1.2143785630580264e-16,-1.5153043984748761e-16,-1.5153043984748756e-16
240,370.93117783944837,-231,N,-2.080009184064166e-16,-4.9460897378246e-16,-2.0800091840641662e-16,-2.0800091840641657e-16,-4.946089737824601e-16,-4.946089737824599e-16
240,370.93117783944837,-231,A,5.0819824209323046e-16,-1.1732239616749899e-14,5.0819824209323036e-16,5.0819824209323056e-16,-1.1732239616749901e-14,-1.1732239616749898e-14
240,370.93117783944837,-231,Z,1.0783416202017992e-18,1.6842325639941144e-18,1.078341620201799e-18,1.0783416202017994e-18,1.6842325639941142e-18,1.6842325639941145e-18
240,370.93117783944837,-231,E,-1.1425372082940801e-16,4.6191971476737934e-17,-1.1425372082940804e-16,-1.1425372082940799e-16,4.6191971476737928e-17,4.619197147673794e-17
240,370.93117783944837,-230,N,1.5311729708122937e-16,1.6157091834461738e-18,1.5311729708122935e-16,1.531172970812294e-16,1.6157091834461737e-18,1.615709183446174e-18
240,370.93117783944837,-230,A,6.0865712447022417e-15,6.6331606123708842e-15,6.0865712447022409e-15,6.0865712447022425e-15,6.6331606123708834e-15,6.6331606123708849e-15
240,370.93117783944837,-230,Z,1.5021046314851147e-18,1.4425974852197981e-20,1.5021046314851145e-18,1.5021046314851149e-18,1.4425974852197978e-20,1.4425974852197984e-20
240,370.93117783944837,-230,E,8.3439838545113124e-17,1.4099947820538307e-16,8.3439838545113112e-17,8.3439838545113136e-17,1.4099947820538305e-16,1.409994782053831e-16
240,370.93117783944837,-229,N,7.039875727872615e-16,-5.1266308130998577e-17,7.039875727872614e-16,7.039875727872616e-16,-5.1266308130998583e-17,-5.126630813099857e-17
240,370.93117783944837,-229,A,2.7753700238898127e-15,-4.9432947051969863e-15,2.7753700238898124e-15,2.7753700238898131e-15,-4.9432947051969871e-15,-4.9432947051969855e-15
240,370.93117783944837,-229,Z,-2.5678235236912406e-18,5.7703899408791923e-20,-2.567823523691241e-18,-2.5678235236912402e-18,5.7703899408791911e-20,5.7703899408791935e-20
240,370.93117783944837,-229,E,3.0525362787250926e-17,-1.4754887078828095e-16,3.052536278725092e-17,3.0525362787250932e-17,-1.4754887078828098e-16,-1.4754887078828093e-16
240,370.93117783944837,-228,N,4.8794417340074449e-16,4.1281369637049744e-16,4.8794417340074439e-16,4.8794417340074459e-16,4.1281369637049739e-16,4.1281369637049749e-16
240,370.93117783944837,-228,A,2.9933753558562286e-15,3.0416590936865355e-15,2.9933753558562282e-15,2.993375355856229e-15,3.0416590936865351e-15,3.0416590936865359e-15
240,370.93117783944837,-228,Z,2.5101196242824487e-18,-5.9507146265316671e-19,2.5101196242824483e-18,2.510119624282449e-18,-5.950714626531668e-19,-5.9507146265316661e-19
240,370.93117783944837,-228,E,-8.7709927101363723e-17,6.4628367337846954e-18,-8.7709927101363736e-17,-8.7709927101363711e-17,6.4628367337846946e-18,6.4628367337846962e-18
240,370.93117783944837,-227,N,2.9082765302031129e-17,5.525148368391827e-18,2.9082765302031123e-17,2.9082765302031135e-17,5.5251483683918263e-18,5.5251483683918278e-18
240,370.93117783944837,-227,A,6.2286310320592609e-15,5.4407852674561727e-15,6.2286310320592601e-15,6.2286310320592617e-15,5.4407852674561719e-15,5.4407852674561735e-15
240,370.93117783944837,-227,Z,-2.4235637751692608e-18,-6.9605328661855257e-19,-2.4235637751692612e-18,-2.4235637751692604e-18,-6.9605328661855267e-19,-6.9605328661855248e-19
240,370.93117783944837,-227,E,7.6688482314284464e-17,4.7894236509297299e-17,7.6688482314284452e-17,7.6688482314284477e-17,4.7894236509297293e-17,4.7894236509297305e-17
240,370.93117783944837,-226,N,-6.9475494888185469e-17,-1.7036355001703205e-16,-6.9475494888185482e-17,-6.9475494888185457e-17,-1.7036355001703207e-16,-1.7036355001703202e-16
240,370.93117783944837,-226,A,-3.1545279209301325e-15,-6.8002891375273108e-15,-3.1545279209301329e-15,-3.1545279209301321e-15,-6.8002891375273116e-15,-6.80028913752731e-15
240,370.93117783944837,-226,Z,2.3406144197691223e-18,3.4622339645275154e-19,2.3406144197691219e-18,2.3406144197691227e-18,3.4622339645275149e-19,3.4622339645275159e-19
240,370.93117783944837,-226,E,8.8460077793678023e-17,-9.2326239054067077e-17,8.8460077793678011e-17,8.8460077793678035e-17,-9.2326239054067089e-17,-9.2326239054067065e-17
240,370.93117783944837,-225,N,-3.5268623318653623e-16,-4.3693392632337246e-16,-3.5268623318653628e-16,-3.5268623318653619e-16,-4.3693392632337251e-16,-4.3693392632337241e-16
240,370.93117783944837,-225,A,1.4860600622545003e-14,5.8313252586548763e-15,1.4860600622544999e-14,1.4860600622545006e-14,5.8313252586548755e-15,5.8313252586548771e-15
240,370.93117783944837,-225,Z,-3.3179742160055356e-19,-1.0819481139148486e-18,-3.3179742160055361e-19,-3.3179742160055351e-19,-1.0819481139148488e-18,-1.0819481139148484e-18
240,370.93117783944837,-225,E,-5.2625956260818234e-17,-3.8777020402708172e-17,-5.262595626081824e-17,-5.2625956260818228e-17,-3.8777020402708179e-17,-3.8777020402708166e-17
240,370.93117783944837,-224,N,3.3999137531660201e-16,-1.6618723029732074e-16,3.3999137531660196e-16,3.3999137531660205e-16,-1.6618723029732076e-16,-1.6618723029732071e-16
240,370.93117783944837,-224,A,-4.8757486844452823e-15,-2.5306045085725697e-15,-4.8757486844452831e-15,-4.8757486844452815e-15,-2.5306045085725701e-15,-2.5306045085725693e-15
240,370.93117783944837,-224,Z,1.50030138462859e-18,-2.0917663535687072e-18,1.5003013846285898e-18,1.5003013846285902e-18,-2.0917663535687076e-18,-2.0917663535687068e-18
240,370.93117783944837,-224,E,-5.5395743432440246e-17,1.9734733597806838e-17,-5.5395743432440252e-17,-5.539574343244024e-17,1.9734733597806835e-17,1.9734733597806841e-17
240,370.93117783944837,-223,N,5.3549218651358905e-17,3.5083970840545489e-16,5.3549218651358899e-17,5.3549218651358911e-17,3.5083970840545484e-16,3.5083970840545494e-16
240,370.93117783944837,-223,A,-8.3278267626768508e-16,-4.0808197661897647e-15,-8.3278267626768518e-16,-8.3278267626768499e-16,-4.0808197661897655e-15,-4.0808197661897639e-15
240,370.93117783944837,-223,Z,-1.529153334332986e-18,4.8471275503385215e-18,-1.5291533343329862e-18,-1.5291533343329858e-18,4.8471275503385208e-18,4.8471275503385223e-18
240,370.93117783944837,-223,E,3.9700282793248843e-17,1.3017999706623458e-16,3.9700282793248837e-17,3.9700282793248849e-17,1.3017999706623455e-16,1.301799970662346e-16
240,370.93117783944837,-222,N,4.4316594745952197e-16,5.1702693870277563e-17,4.4316594745952192e-16,4.4316594745952202e-16,5.1702693870277557e-17,5.1702693870277569e-17
240,370.93117783944837,-222,A,1.9203857723245952e-15,2.6737678830057826e-15,1.9203857723245948e-15,1.9203857723245956e-15,2.6737678830057822e-15,2.6737678830057829e-15
240,370.93117783944837,-222,Z,1.1540779881758385e-19,3.3468261657099315e-18,1.1540779881758382e-19,1.1540779881758387e-19,3.3468261657099312e-18,3.3468261657099319e-18
240,370.93117783944837,-222,E,-1.8465247810813415e-18,6.0935317775684271e-17,-1.8465247810813419e-18,-1.8465247810813412e-18,6.0935317775684259e-17,6.0935317775684283e-17
240,370.93117783944837,-221,N,-7.0906551593523515e-16,1.1371581229210668e-15,-7.0906551593523525e-16,-7.0906551593523505e-16,1.1371581229210666e-15,1.137158122921067e-15
240,370.93117783944837,-221,A,1.8908413758272937e-14,6.8195730594109859e-15,1.8908413758272934e-14,1.8908413758272941e-14,6.8195730594109851e-15,6.8195730594109867e-15
240,370.93117783944837,-221,Z,4.6163119527033539e-19,-1.3064523475521796e-18,4.6163119527033529e-19,4.6163119527033548e-19,-1.3064523475521798e-18,-1.3064523475521794e-18
240,370.93117783944837,-221,E,5.9088792994602929e-17,-1.4512530701311169e-17,5.9088792994602917e-17,5.9088792994602942e-17,-1.4512530701311173e-17,-1.4512530701311166e-17
240,370.93117783944837,-220,N,-7.3689863116569459e-16,-6.3077575041235674e-18,-7.3689863116569468e-16,-7.3689863116569449e-16,-6.3077575041235682e-18,-6.3077575041235666e-18
240,370.93117783944837,-220,A,3.4094195689701904e-15,3.7860060359931058e-15,3.40941956897019e-15,3.4094195689701908e-15,3.786006035993105e-15,3.7860060359931065e-15
240,370.93117783944837,-220,Z,-1.313439929121213e-18,1.0341620722169427e-18,-1.3134399291212132e-18,-1.3134399291212128e-18,1.0341620722169425e-18,1.0341620722169429e-18
240,370.93117783944837,-220,E,-7.3529193821653105e-17,9.4605543080714359e-17,-7.3529193821653117e-17,-7.3529193821653092e-17,9.4605543080714347e-17,9.4605543080714371e-17
240,370.93117783944837,-219,N,1.032100961059935e-15,-1.9827781135603515e-16,1.0321009610599348e-15,1.0321009610599352e-15,-1.9827781135603517e-16,-1.9827781135603512e-16
240,370.93117783944837,-219,A,1.1980323106283148e-14,2.8167103596990712e-15,1.1980323106283146e-14,1.1980323106283149e-14,2.8167103596990708e-15,2.8167103596990716e-15
240,370.93117783944837,-219,Z,5.4908866781178562e-19,-5.187941206221699e-18,5.4908866781178552e-19,5.4908866781178572e-19,-5.1879412062216998e-18,-5.1879412062216982e-18
240,370.93117783944837,-219,E,-8.0785459172308692e-18,-8.8979412888357149e-17,-8.0785459172308708e-18,-8.0785459172308677e-18,-8.8979412888357161e-17,-8.8979412888357136e-17
240,370.93117783944837,-218,N,-3.0901700406207642e-16,-2.6312978130409117e-17,-3.0901700406207647e-16,-3.0901700406207637e-16,-2.631297813040912e-17,-2.6312978130409114e-17
240,370.93117783944837,-218,A,-3.3950594126282555e-15,4.414011323016269e-16,-3.3950594126282559e-15,-3.3950594126282551e-15,4.4140113230162685e-16,4.4140113230162695e-16
240,370.93117783944837,-218,Z,-2.2288131146645878e-18,1.9799650484641728e-18,-2.2288131146645882e-18,-2.2288131146645875e-18,1.9799650484641724e-18,1.9799650484641732e-18
240,370.93117783944837,-218,E,-7.3110840550939362e-17,1.2882395543012796e-17,-7.3110840550939374e-17,-7.311084055093935e-17,1.2882395543012795e-17,1.2882395543012798e-17
240,370.93117783944837,-217,N,4.0527612451022398e-16,-1.6370596262274268e-16,4.0527612451022393e-16,4.0527612451022403e-16,-1.637059626227427e-16,-1.6370596262274265e-16
240,370.93117783944837,-217,A,-2.4999204600619446e-15,-6.7886167206250256e-15,-2.499920460061945e-15,-2.4999204600619442e-15,-6.7886167206250264e-15,-6.7886167206250248e-15
240,370.93117783944837,-217,Z,-4.2376301128331569e-19,2.9122436732874674e-18,-4.2376301128331573e-19,-4.2376301128331564e-19,2.912243673287467e-18,2.9122436732874678e-18
240,370.93117783944837,-217,E,3.9238651597978508e-18,5.8930107271228756e-17,3.92386515979785e-18,3.9238651597978515e-18,5.8930107271228743e-17,5.8930107271228768e-17
240,370.93117783944837,-216,N,3.7677761118970688e-16,1.1475862994923494e-16,3.7677761118970684e-16,3.7677761118970693e-16,1.1475862994923492e-16,1.1475862994923497e-16
240,370.93117783944837,-216,A,8.2392729160466328e-15,-2.4890937659353702e-15,8.2392729160466312e-15,8.2392729160466344e-15,-2.4890937659353706e-15,-2.4890937659353698e-15
240,370.93117783944837,-216,Z,2.2865170140733798e-18,6.3654614035323585e-19,2.2865170140733794e-18,2.2865170140733801e-18,6.3654614035323576e-19,6.3654614035323595e-19
240,370.93117783944837,-216,E,1.9677029698398044e-17,3.1448625177791597e-17,1.9677029698398041e-17,1.9677029698398047e-17,3.144862517779159e-17,3.1448625177791603e-17
240,370.93117783944837,-215,N,-9.7669620139321214e-16,-3.9323764849606477e-16,-9.7669620139321234e-16,-9.7669620139321195e-16,-3.9323764849606482e-16,-3.9323764849606472e-16
240,370.93117783944837,-215,A,-7.2745863387178754e-16,2.4224674010804939e-15,-7.2745863387178764e-16,-7.2745863387178744e-16,2.4224674010804935e-15,2.4224674010804943e-15
240,370.93117783944837,-215,Z,-7.5736367974039399e-19,-6.4736562149238444e-19,-7.5736367974039409e-19,-7.573636797403939e-19,-6.4736562149238453e-19,-6.4736562149238434e-19
240,370.93117783944837,-215,E,-3.8084573609802669e-17,-2.2389112970611266e-17,-3.8084573609802675e-17,-3.8084573609802663e-17,-2.2389112970611269e-17,-2.2389112970611263e-17
240,370.93117783944837,-214,N,-3.0513822007369168e-16,-6.3912838985177934e-16,-3.0513822007369173e-16,-3.0513822007369163e-16,-6.3912838985177943e-16,-6.3912838985177924e-16
240,370.93117783944837,-214,A,1.8157108987970466e-15,4.494499021051394e-15,1.8157108987970462e-15,1.815710898797047e-15,4.4944990210513932e-15,4.4944990210513947e-15
240,370.93117783944837,-214,Z,1.0242442145060566e-18,4.0536989334676322e-18,1.0242442145060564e-18,1.0242442145060568e-18,4.0536989334676314e-18,4.053698933467633e-18
240,370.93117783944837,-214,E,6.9764014385229434e-17,6.3935920544941445e-17,6.9764014385229421e-17,6.9764014385229446e-17,6.3935920544941432e-17,6.3935920544941457e-17
240,370.93117783944837,-213,N,-1.5533889720846785e-16,-1.4571100159211092e-15,-1.5533889720846788e-16,-1.5533889720846783e-16,-1.4571100159211094e-15,-1.457110015921109e-15
240,370.93117783944837,-213,A,-1.7987423458771487e-15,1.6648729057424645e-15,-1.7987423458771491e-15,-1.7987423458771483e-15,1.6648729057424643e-15,1.6648729057424647e-15
240,370.93117783944837,-213,Z,-1.2117818875846304e-18,-6.9244679290550308e-19,-1.2117818875846306e-18,-1.2117818875846302e-18,-6.9244679290550317e-19,-6.9244679290550298e-19
240,370.93117783944837,-213,E,-5.5049520035987492e-17,-1.0479028132636613e-16,-5.5049520035987498e-17,-5.5049520035987485e-17,-1.0479028132636614e-16,-1.0479028132636612e-16
240,370.93117783944837,-212,N,1.2187063555136854e-15,-6.9244679290550308e-17,1.2187063555136852e-15,1.2187063555136856e-15,-6.924467929055032e-17,-6.9244679290550295e-17
240,370.93117783944837,-212,A,-2.3250055149790442e-15,1.2603685708868332e-14,-2.3250055149790446e-15,-2.3250055149790438e-15,1.260368570886833e-14,1.2603685708868334e-14
240,370.93117783944837,-212,Z,1.2406338372890263e-18,-1.0386701893582546e-18,1.2406338372890262e-18,1.2406338372890265e-18,-1.0386701893582548e-18,-1.0386701893582544e-18
240,370.93117783944837,-212,E,-2.6774609325679452e-17,-2.0311772591894757e-17,-2.6774609325679455e-17,-2.6774609325679449e-17,-2.031177259189476e-17,-2.0311772591894754e-17
240,370.93117783944837,-211,N,1.3179570624968076e-16,-3.6561190665410563e-16,1.3179570624968073e-16,1.3179570624968078e-16,-3.6561190665410567e-16,-3.6561190665410558e-16
240,370.93117783944837,-211,A,9.7459577945473208e-15,1.5499267381201511e-15,9.7459577945473192e-15,9.7459577945473223e-15,1.5499267381201509e-15,1.5499267381201513e-15
240,370.93117783944837,-211,Z,-2.8851949704395962e-19,-1.1540779881758385e-19,-2.8851949704395966e-19,-2.8851949704395957e-19,-1.1540779881758387e-19,-1.1540779881758382e-19
240,370.93117783944837,-211,E,4.4316594745952197e-17,-7.8477303195957016e-18,4.4316594745952191e-17,4.4316594745952203e-17,-7.8477303195957031e-18,-7.8477303195957e-18
240,370.93117783944837,-210,N,-1.9942467635678489e-16,-9.0849019229202004e-16,-1.9942467635678491e-16,-1.9942467635678486e-16,-9.0849019229202024e-16,-9.0849019229201984e-16
240,370.93117783944837,-210,A,7.4968906111902469e-15,1.0672913234650153e-15,7.4968906111902453e-15,7.4968906111902484e-15,1.0672913234650151e-15,1.0672913234650155e-15
240,370.93117783944837,-210,Z,2.3658598757604689e-18,1.1540779881758385e-19,2.3658598757604685e-18,2.3658598757604692e-18,1.1540779881758382e-19,1.1540779881758387e-19
240,370.93117783944837,-210,E,-2.400482215405744e-17,-7.3860991243253662e-17,-2.4004822154057443e-17,-2.4004822154057437e-17,-7.3860991243253674e-17,-7.3860991243253649e-17
240,370.93117783944837,-209,N,4.4316594745952197e-16,1.1817758598920586e-16,4.4316594745952192e-16,4.4316594745952202e-16,1.1817758598920583e-16,1.1817758598920588e-16
240,370.93117783944837,-209,A,7.6076820980551275e-15,-3.6339607691680802e-15,7.607682098055126e-15,7.6076820980551291e-15,-3.6339607691680809e-15,-3.6339607691680794e-15
240,370.93117783944837,-209,Z,0,-6.3474289349671116e-18,-4.9406564584124654e-324,4.9406564584124654e-324,-6.3474289349671123e-18,-6.3474289349671108e-18
240,370.93117783944837,-209,E,-1.0709843730271781e-16,1.4772198248650732e-17,-1.0709843730271782e-16,-1.070984373027178e-16,1.4772198248650729e-17,1.4772198248650735e-17
240,370.93117783944837,-208,N,1.4181310318704703e-15,-2.9947061520363439e-16,1.4181310318704701e-15,1.4181310318704705e-15,-2.9947061520363443e-16,-2.9947061520363434e-16
240,370.93117783944837,-208,A,3.7816827516545875e-15,-6.9986913729164463e-15,3.7816827516545867e-15,3.7816827516545883e-15,-6.9986913729164471e-15,-6.9986913729164455e-15
240,370.93117783944837,-208,Z,-2.7697871716220123e-18,-1.9691455673250242e-18,-2.7697871716220127e-18,-2.7697871716220119e-18,-1.9691455673250246e-18,-1.9691455673250238e-18
240,370.93117783944837,-208,E,1.1817758598920586e-16,4.8182756006341256e-18,1.1817758598920583e-16,1.1817758598920588e-16,4.8182756006341248e-18,4.8182756006341264e-18
240,370.93117783944837,-207,N,4.0382451079072153e-16,-3.7543419228159592e-16,4.0382451079072148e-16,4.0382451079072158e-16,-3.7543419228159597e-16,-3.7543419228159587e-16
240,370.93117783944837,-207,A,2.2975195247684658e-15,-2.1392863261929329e-14,2.2975195247684654e-15,2.2975195247684662e-15,-2.1392863261929333e-14,-2.1392863261929326e-14
240,370.93117783944837,-207,Z,2.4388913734497211e-18,-5.635146426639836e-19,2.4388913734497207e-18,2.4388913734497215e-18,-5.635146426639837e-19,-5.635146426639835e-19
240,370.93117783944837,-207,E,-2.9811277032067126e-17,-8.0655625398638914e-17,-2.9811277032067133e-17,-2.981127703206712e-17,-8.0655625398638926e-17,-8.0655625398638902e-17
240,370.93117783944837,-206,N,7.6210621897305408e-17,-6.4413780961920506e-16,7.6210621897305396e-17,7.6210621897305421e-17,-6.4413780961920516e-16,-6.4413780961920496e-16
240,370.93117783944837,-206,A,1.2161655806928421e-15,-1.3126946471954113e-14,1.2161655806928419e-15,1.2161655806928423e-15,-1.3126946471954115e-14,-1.3126946471954112e-14
240,370.93117783944837,-206,Z,1.7297645471213642e-18,-3.0763391372312193e-18,1.729764547121364e-18,1.7297645471213644e-18,-3.0763391372312197e-18,-3.0763391372312189e-18
240,370.93117783944837,-206,E,-3.3352853858281729e-17,-1.9965549195442005e-17,-3.3352853858281735e-17,-3.3352853858281722e-17,-1.9965549195442009e-17,-1.9965549195442002e-17
240,370.93117783944837,-205,N,-2.8588585501000523e-16,5.0832807586690022e-16,-2.8588585501000527e-16,-2.8588585501000518e-16,5.0832807586690012e-16,5.0832807586690032e-16
240,370.93117783944837,-205,A,2.793092333995738e-15,4.9724204666662529e-15,2.7930923339957376e-15,2.7930923339957384e-15,4.9724204666662521e-15,4.9724204666662537e-15
240,370.93117783944837,-205,Z,8.0514972143829978e-19,1.1820283144519721e-18,8.0514972143829968e-19,8.0514972143829988e-19,1.1820283144519719e-18,1.1820283144519723e-18
240,370.93117783944837,-205,E,5.2481696512296252e-17,-2.9089978289457228e-17,5.2481696512296246e-17,5.2481696512296258e-17,-2.9089978289457234e-17,-2.9089978289457222e-17
240,370.93117783944837,-204,N,2.4597729720482777e-16,-6.2014380694628676e-16,2.4597729720482772e-16,2.4597729720482782e-16,-6.2014380694628686e-16,-6.2014380694628666e-16
240,370.93117783944837,-204,A,-3.0277704863975817e-15,3.5977479657953502e-15,-3.0277704863975821e-15,-3.0277704863975813e-15,3.5977479657953494e-15,3.597747965795351e-15
240,370.93117783944837,-204,Z,-2.187338436964519e-18,2.4470059843040826e-18,-2.1873384369645194e-18,-2.1873384369645186e-18,2.4470059843040823e-18,2.447005984304083e-18
240,370.93117783944837,-204,E,-3.3468261657099315e-17,-1.0011626547425399e-17,-3.3468261657099322e-17,-3.3468261657099309e-17,-1.0011626547425401e-17,-1.0011626547425398e-17
240,370.93117783944837,-203,N,3.507820045060461e-16,-1.0869972051131178e-16,3.5078200450604605e-16,3.5078200450604615e-16,-1.0869972051131179e-16,-1.0869972051131177e-16
240,370.93117783944837,-203,A,-1.0377429598246296e-14,3.4663273348918264e-15,-1.0377429598246297e-14,-1.0377429598246294e-14,3.466327334891826e-15,3.4663273348918268e-15
240,370.93117783944837,-203,Z,3.3901040902665255e-19,2.595323038253243e-18,3.390104090266525e-19,3.390104090266526e-19,2.5953230382532426e-18,2.5953230382532434e-18
240,370.93117783944837,-203,E,4.8528979402794006e-17,3.5776417633450992e-18,4.8528979402794e-17,4.8528979402794012e-17,3.5776417633450985e-18,3.5776417633451e-18
240,370.93117783944837,-202,N,7.3683551752571625e-16,-1.2869700685142863e-15,7.3683551752571615e-16,7.3683551752571635e-16,-1.2869700685142865e-15,-1.2869700685142861e-15
240,370.93117783944837,-202,A,1.6216815370349837e-15,-3.9865460205306509e-15,1.6216815370349835e-15,1.6216815370349839e-15,-3.9865460205306517e-15,-3.9865460205306502e-15
240,370.93117783944837,-202,Z,2.1999611649601921e-19,-2.737328728204567e-18,2.1999611649601916e-19,2.1999611649601926e-19,-2.7373287282045673e-18,-2.7373287282045666e-18
240,370.93117783944837,-202,E,-3.6411160526947705e-17,-2.8851949704395962e-18,-3.6411160526947711e-17,-3.6411160526947699e-17,-2.8851949704395965e-18,-2.8851949704395958e-18
240,370.93117783944837,-201,N,1.5165738842618694e-15,-1.1240719604832666e-15,1.5165738842618692e-15,1.5165738842618696e-15,-1.1240719604832668e-15,-1.1240719604832664e-15
240,370.93117783944837,-201,A,9.9397274887620437e-15,-8.6224051691587334e-16,9.9397274887620421e-15,9.9397274887620453e-15,-8.6224051691587344e-16,-8.6224051691587324e-16
240,370.93117783944837,-201,Z,-3.8373093106846629e-18,3.4189560399709214e-18,-3.8373093106846637e-18,-3.8373093106846621e-18,3.4189560399709211e-18,3.4189560399709218e-18
240,370.93117783944837,-201,E,6.9360087089367889e-17,2.9313580899666297e-17,6.9360087089367876e-17,6.9360087089367901e-17,2.9313580899666291e-17,2.9313580899666303e-17
240,370.93117783944837,-200,N,3.7495993835832991e-16,-6.4779840073795037e-16,3.7495993835832986e-16,3.7495993835832996e-16,-6.4779840073795047e-16,-6.4779840073795027e-16
240,370.93117783944837,-200,A,-3.1322614287457647e-15,-7.7392469887071724e-15,-3.1322614287457651e-15,-3.1322614287457643e-15,-7.739246988707174e-15,-7.7392469887071708e-15
240,370.93117783944837,-200,Z,5.6730146106268562e-18,6.4484107589324978e-18,5.6730146106268555e-18,5.673014610626857e-18,6.448410758932497e-18,6.4484107589324986e-18
240,370.93117783944837,-200,E,4.7086381917574209e-17,-4.2470069964870855e-17,4.7086381917574203e-17,4.7086381917574215e-17,-4.2470069964870862e-17,-4.2470069964870849e-17
240,370.93117783944837,-199,N,6.71673389118338e-16,1.3664283380001927e-16,6.716733891183379e-16,6.716733891183381e-16,1.3664283380001925e-16,1.366428338000193e-16
240,370.93117783944837,-199,A,-2.6885400812544333e-15,-1.023897991109604e-15,-2.6885400812544337e-15,-2.6885400812544329e-15,-1.0238979911096042e-15,-1.0238979911096038e-15
240,370.93117783944837,-199,Z,4.4864781790335724e-18,-3.750753461571475e-18,4.4864781790335716e-18,4.4864781790335732e-18,-3.7507534615714758e-18,-3.7507534615714742e-18
240,370.93117783944837,-199,E,-7.6630778414875674e-17,8.0785459172308692e-17,-7.6630778414875686e-17,-7.6630778414875662e-17,8.078545917230868e-17,8.0785459172308705e-17
240,370.93117783944837,-198,N,6.8321416900009637e-17,-4.1546807574330185e-16,6.8321416900009625e-17,6.8321416900009649e-17,-4.154680757433019e-16,-4.154680757433018e-16
240,370.93117783944837,-198,A,-5.6937591624643169e-15,-7.2676907227385253e-15,-5.6937591624643177e-15,-5.6937591624643161e-15,-7.2676907227385269e-15,-7.2676907227385238e-15
240,370.93117783944837,-198,Z,-6.2897250355583196e-18,-1.9907845296033213e-18,-6.2897250355583204e-18,-6.2897250355583189e-18,-1.9907845296033217e-18,-1.990784529603321e-18
240,370.93117783944837,-198,E,4.7086381917574209e-17,2.2389112970611266e-17,4.7086381917574203e-17,4.7086381917574215e-17,2.2389112970611263e-17,2.2389112970611269e-17
240,370.93117783944837,-197,N,1.1448453642704318e-15,-3.2868141103247879e-16,1.1448453642704316e-15,1.144845364270432e-15,-3.2868141103247884e-16,-3.2868141103247875e-16
240,370.93117783944837,-197,A,5.5284951945575365e-15,-1.4698337257407479e-15,5.5284951945575357e-15,5.5284951945575373e-15,-1.4698337257407481e-15,-1.4698337257407477e-15
240,370.93117783944837,-197,Z,4.6163119527033539e-19,1.5580052840373819e-18,4.6163119527033529e-19,4.6163119527033548e-19,1.5580052840373817e-18,1.5580052840373821e-18
240,370.93117783944837,-197,E,-4.4316594745952197e-17,-7.201446646217232e-17,-4.4316594745952203e-17,-4.4316594745952191e-17,-7.2014466462172332e-17,-7.2014466462172308e-17
240,370.93117783944837,-196,N,1.270409049383963e-15,-7.3860991243253662e-17,1.2704090493839628e-15,1.2704090493839632e-15,-7.3860991243253674e-17,-7.3860991243253649e-17
240,370.93117783944837,-196,A,5.207199882649383e-15,1.2940445665818042e-14,5.2071998826493822e-15,5.2071998826493837e-15,1.294044566581804e-14,1.2940445665818043e-14
240,370.93117783944837,-196,Z,-2.9573248447005861e-18,-2.7697871716220123e-18,-2.9573248447005864e-18,-2.9573248447005857e-18,-2.7697871716220127e-18,-2.7697871716220119e-18
240,370.93117783944837,-196,E,-7.3860991243253662e-18,8.8633189491904394e-17,-7.3860991243253677e-18,-7.3860991243253646e-18,8.8633189491904382e-17,8.8633189491904406e-17
240,370.93117783944837,-195,N,3.308972407697764e-15,6.9055158045929559e-16,3.3089724076977636e-15,3.3089724076977644e-15,6.9055158045929549e-16,6.9055158045929569e-16
240,370.93117783944837,-195,A,3.02534620132367e-14,-9.775886733436776e-15,3.0253462013236694e-14,3.0253462013236706e-14,-9.7758867334367776e-15,-9.7758867334367745e-15
240,370.93117783944837,-195,Z,3.6930495621626831e-18,7.4789663374363903e-19,3.6930495621626823e-18,3.6930495621626839e-18,7.4789663374363893e-19,7.4789663374363913e-19
240,370.93117783944837,-195,E,2.2158297372976099e-16,-1.5183338531938375e-16,2.2158297372976096e-16,2.2158297372976101e-16,-1.5183338531938377e-16,-1.5183338531938372e-16
240,370.93117783944837,-194,N,5.6940675176767824e-17,4.3774358416195207e-16,5.6940675176767812e-17,5.6940675176767837e-17,4.3774358416195202e-16,4.3774358416195212e-16
240,370.93117783944837,-194,A,5.3489725029445016e-15,-4.5655050217090549e-15,5.3489725029445008e-15,5.3489725029445024e-15,-4.5655050217090557e-15,-4.5655050217090542e-15
240,370.93117783944837,-194,Z,6.6010105241659042e-19,-2.0097186215968311e-18,6.6010105241659032e-19,6.6010105241659051e-19,-2.0097186215968315e-18,-2.0097186215968307e-18
240,370.93117783944837,-194,E,-4.3559231066211805e-17,1.4642364474980951e-17,-4.3559231066211811e-17,-4.3559231066211799e-17,1.4642364474980948e-17,1.4642364474980954e-17
240,370.93117783944837,-193,N,8.7783048761395798e-16,5.014829507995323e-16,8.7783048761395788e-16,8.7783048761395808e-16,5.014829507995322e-16,5.014829507995324e-16
240,370.93117783944837,-193,A,-4.0945514910022006e-16,-7.9645189546936692e-15,-4.0945514910022011e-16,-4.0945514910022001e-16,-7.9645189546936708e-15,-7.9645189546936676e-15
240,370.93117783944837,-193,Z,-5.3673642684459112e-18,1.2902231258434569e-18,-5.367364268445912e-18,-5.3673642684459104e-18,1.2902231258434567e-18,1.2902231258434571e-18
240,370.93117783944837,-193,E,-2.0917663535687071e-17,6.0711715165475202e-17,-2.0917663535687074e-17,-2.0917663535687068e-17,6.071171516547519e-17,6.0711715165475214e-17
240,370.93117783944837,-192,N,5.399362883914943e-16,-2.0253347393743355e-16,5.3993628839149421e-16,5.399362883914944e-16,-2.0253347393743357e-16,-2.0253347393743352e-16
240,370.93117783944837,-192,A,-1.1258003725952456e-14,-1.0009337156486648e-14,-1.1258003725952458e-14,-1.1258003725952455e-14,-1.0009337156486649e-14,-1.0009337156486646e-14
240,370.93117783944837,-192,Z,8.7186985512971549e-19,2.8085569790372945e-18,8.718698551297153e-19,8.7186985512971568e-19,2.8085569790372941e-18,2.8085569790372949e-18
240,370.93117783944837,-192,E,-1.6445611331505697e-17,-9.61383029087604e-17,-1.64456113315057e-17,-1.6445611331505693e-17,-9.6138302908760412e-17,-9.6138302908760387e-17
240,370.93117783944837,-191,N,1.3318348503046219e-15,-5.4021669327768386e-16,1.3318348503046217e-15,1.3318348503046221e-15,-5.4021669327768396e-16,-5.4021669327768377e-16
240,370.93117783944837,-191,A,2.0608713251758687e-15,6.4789126795106133e-16,2.0608713251758683e-15,2.0608713251758691e-15,6.4789126795106123e-16,6.4789126795106143e-16
240,370.93117783944837,-191,Z,-2.8446219161677893e-18,-3.2737946680206793e-18,-2.8446219161677897e-18,-2.8446219161677889e-18,-3.2737946680206797e-18,-3.2737946680206789e-18
240,370.93117783944837,-191,E,-6.8321416900009637e-17,4.9784039214935234e-17,-6.8321416900009649e-17,-6.8321416900009625e-17,4.9784039214935227e-17,4.978403921493524e-17
240,370.93117783944837,-190,N,1.0834844802366076e-15,3.623949142620655e-16,1.0834844802366074e-15,1.0834844802366078e-15,3.6239491426206545e-16,3.6239491426206555e-16
240,370.93117783944837,-190,A,1.3811612254673712e-14,-4.4645885654422178e-15,1.3811612254673711e-14,1.3811612254673714e-14,-4.4645885654422186e-15,-4.464588565442217e-15
240,370.93117783944837,-190,Z,-3.1827307017661797e-18,3.7164917712975049e-18,-3.18273070176618e-18,-3.1827307017661793e-18,3.7164917712975042e-18,3.7164917712975057e-18
240,370.93117783944837,-190,E,1.1139737780867282e-16,-7.9919900681176806e-18,1.1139737780867279e-16,1.1139737780867284e-16,-7.9919900681176821e-18,-7.991990068117679e-18
240,370.93117783944837,-189,N,-4.1952177467676946e-16,1.8121188310588494e-16,-4.1952177467676951e-16,-4.1952177467676941e-16,1.8121188310588491e-16,1.8121188310588496e-16
240,370.93117783944837,-189,A,1.5077307616774719e-15,-7.3770468251056127e-15,1.5077307616774717e-15,1.5077307616774721e-15,-7.3770468251056143e-15,-7.3770468251056111e-15
240,370.93117783944837,-189,Z,2.9176534138570415e-18,-1.275797150991259e-19,2.9176534138570411e-18,2.9176534138570419e-18,-1.2757971509912593e-19,-1.2757971509912588e-19
240,370.93117783944837,-189,E,-3.087158618370368e-17,-6.3935920544941445e-17,-3.0871586183703687e-17,-3.0871586183703674e-17,-6.3935920544941457e-17,-6.3935920544941432e-17
240,370.93117783944837,-188,N,-4.064662674355303e-16,7.3061792236441898e-16,-4.0646626743553035e-16,-4.0646626743553025e-16,7.3061792236441888e-16,7.3061792236441907e-16
240,370.93117783944837,-188,A,-7.1778746033087398e-15,4.4194839518199643e-15,-7.1778746033087414e-15,-7.1778746033087382e-15,4.4194839518199635e-15,4.4194839518199651e-15
240,370.93117783944837,-188,Z,-2.2901235077864295e-18,5.0022067799996496e-18,-2.2901235077864299e-18,-2.2901235077864292e-18,5.0022067799996488e-18,5.0022067799996503e-18
240,370.93117783944837,-188,E,6.3647401047897493e-17,6.2435619160312858e-17,6.364740104789748e-17,6.3647401047897505e-17,6.2435619160312845e-17,6.243561916031287e-17
240,370.93117783944837,-187,N,5.8869518176849516e-16,-1.9475066050467275e-17,5.8869518176849506e-16,5.8869518176849526e-16,-1.9475066050467278e-17,-1.9475066050467272e-17
240,370.93117783944837,-187,A,5.3335281444300812e-15,-4.9352414047357464e-15,5.3335281444300804e-15,5.333528144430082e-15,-4.9352414047357472e-15,-4.9352414047357456e-15
240,370.93117783944837,-187,Z,2.8058521087525071e-18,-2.0917663535687072e-19,2.8058521087525067e-18,2.8058521087525075e-18,-2.0917663535687075e-19,-2.091766353568707e-19
240,370.93117783944837,-187,E,1.9273102402536502e-17,-1.0963740887670466e-16,1.9273102402536499e-17,1.9273102402536505e-17,-1.0963740887670467e-16,-1.0963740887670465e-16
240,370.93117783944837,-186,N,2.6866935564733522e-16,-1.2117818875846303e-16,2.6866935564733517e-16,2.6866935564733527e-16,-1.2117818875846306e-16,-1.2117818875846301e-16
240,370.93117783944837,-186,A,1.0203665124657859e-14,-1.1588789526066499e-14,1.0203665124657857e-14,1.020366512465786e-14,-1.1588789526066501e-14,-1.1588789526066498e-14
240,370.93117783944837,-186,Z,1.8032468565247476e-19,-4.50090415388577e-18,1.8032468565247474e-19,1.8032468565247478e-19,-4.5009041538857708e-18,-4.5009041538857692e-18
240,370.93117783944837,-186,E,-5.5395743432440246e-18,2.3312375361151937e-17,-5.5395743432440254e-18,-5.5395743432440239e-18,2.3312375361151934e-17,2.331237536115194e-17
240,370.93117783944837,-185,N,-9.1495302902580476e-16,-4.2931701160141188e-16,-9.1495302902580496e-16,-9.1495302902580456e-16,-4.2931701160141193e-16,-4.2931701160141183e-16
240,370.93117783944837,-185,A,2.5777485943895526e-15,5.5967012036587284e-15,2.5777485943895522e-15,2.577748594389553e-15,5.5967012036587276e-15,5.5967012036587292e-15
240,370.93117783944837,-185,Z,-8.1073978669352644e-18,1.8248858188030444e-18,-8.107397866935266e-18,-8.1073978669352629e-18,1.824885818803044e-18,1.8248858188030448e-18
240,370.93117783944837,-185,E,-4.7086381917574209e-17,1.8926879006083751e-17,-4.7086381917574215e-17,-4.7086381917574203e-17,1.8926879006083748e-17,1.8926879006083754e-17
240,370.93117783944837,-184,N,-3.0283006409734001e-16,1.8465247810813415e-18,-3.0283006409734006e-16,-3.0283006409733996e-16,1.8465247810813412e-18,1.8465247810813419e-18
240,370.93117783944837,-184,A,4.7917318069060812e-15,-2.1068847752138108e-15,4.7917318069060804e-15,4.7917318069060819e-15,-2.1068847752138112e-15,-2.1068847752138105e-15
240,370.93117783944837,-184,Z,3.750753461571475e-18,-1.8753767307857375e-18,3.7507534615714742e-18,3.7507534615714758e-18,-1.8753767307857379e-18,-1.8753767307857371e-18
240,370.93117783944837,-184,E,1.5695460639191403e-17,-7.1091204071631649e-17,1.56954606391914e-17,1.5695460639191406e-17,-7.1091204071631662e-17,-7.1091204071631637e-17
240,370.93117783944837,-183,N,-5.6872963257305319e-16,1.9203857723245952e-16,-5.6872963257305329e-16,-5.687296325730531e-16,1.920385772324595e-16,1.9203857723245955e-16
240,370.93117783944837,-183,A,-2.8879647576112184e-15,1.8908413758272937e-15,-2.8879647576112188e-15,-2.887964757611218e-15,1.8908413758272933e-15,1.8908413758272941e-15
240,370.93117783944837,-183,Z,3.5055118890841097e-18,-1.9042286804901335e-18,3.5055118890841089e-18,3.5055118890841105e-18,-1.9042286804901339e-18,-1.9042286804901331e-18
240,370.93117783944837,-183,E,-1.0525191252163647e-16,-9.4172763835148419e-17,-1.0525191252163648e-16,-1.0525191252163646e-16,-9.4172763835148431e-17,-9.4172763835148406e-17
240,370.93117783944837,-182,N,0,5.9792780567390192e-16,-4.9406564584124654e-324,4.9406564584124654e-324,5.9792780567390182e-16,5.9792780567390202e-16
240,370.93117783944837,-182,A,1.1345048254963762e-14,5.3315035490219175e-15,1.1345048254963761e-14,1.1345048254963764e-14,5.3315035490219167e-15,5.3315035490219183e-15
240,370.93117783944837,-182,Z,-5.5395743432440246e-18,-1.0341620722169427e-18,-5.5395743432440254e-18,-5.5395743432440239e-18,-1.0341620722169429e-18,-1.0341620722169425e-18
240,370.93117783944837,-182,E,0,5.4934112237169911e-17,-4.9406564584124654e-324,4.9406564584124654e-324,5.4934112237169905e-17,5.4934112237169917e-17
240,370.93117783944837,-181,N,6.3760239219944529e-16,6.5937163906312611e-16,6.3760239219944519e-16,6.3760239219944539e-16,6.5937163906312601e-16,6.5937163906312621e-16
240,370.93117783944837,-181,A,-7.387140950196724e-15,2.6820272044203801e-15,-7.3871409501967255e-15,-7.3871409501967224e-15,2.6820272044203797e-15,2.6820272044203805e-15
240,370.93117783944837,-181,Z,1.0303301726468277e-18,-1.8325496179432747e-18,1.0303301726468275e-18,1.0303301726468279e-18,-1.8325496179432751e-18,-1.8325496179432744e-18
240,370.93117783944837,-181,E,1.1468650007497394e-16,-8.0843163071717483e-17,1.1468650007497392e-16,1.1468650007497397e-16,-8.0843163071717495e-17,-8.0843163071717471e-17
240,370.93117783944837,-180,N,5.4348958632227628e-16,3.575081152808834e-16,5.4348958632227618e-16,5.4348958632227638e-16,3.5750811528088335e-16,3.5750811528088345e-16
240,370.93117783944837,-180,A,1.4244791821041801e-14,-3.1102442354393118e-15,1.4244791821041798e-14,1.4244791821041804e-14,-3.1102442354393122e-15,-3.1102442354393114e-15
240,370.93117783944837,-180,Z,-6.39251010638023e-19,-2.9528167275592743e-18,-6.392510106380231e-19,-6.392510106380229e-19,-2.9528167275592747e-18,-2.9528167275592739e-18
240,370.93117783944837,-180,E,5.1933509467912731e-17,-2.7185749608967096e-17,5.1933509467912725e-17,5.1933509467912737e-17,-2.7185749608967099e-17,-2.7185749608967093e-17
240,370.93117783944837,-179,N,1.0477441275402871e-15,-3.9934704884597063e-17,1.0477441275402869e-15,1.0477441275402873e-15,-3.9934704884597069e-17,-3.9934704884597057e-17
240,370.93117783944837,-179,A,6.6027578703698768e-15,-4.2948967248792413e-16,6.602757870369876e-15,6.6027578703698776e-15,-4.2948967248792418e-16,-4.2948967248792408e-16
240,370.93117783944837,-179,Z,-2.1188150564165785e-18,3.0880602417986302e-18,-2.1188150564165789e-18,-2.1188150564165781e-18,3.0880602417986299e-18,3.0880602417986306e-18
240,370.93117783944837,-179,E,1.179467703915707e-16,-7.1303987200701567e-17,1.1794677039157067e-16,1.1794677039157072e-16,-7.1303987200701579e-17,-7.1303987200701555e-17
240,370.93117783944837,-178,N,1.0139476749553002e-15,-6.251351942451473e-16,1.0139476749553e-15,1.0139476749553004e-15,-6.251351942451474e-16,-6.251351942451472e-16
240,370.93117783944837,-178,A,8.6091350755415682e-15,7.3062729924807291e-15,8.6091350755415666e-15,8.6091350755415698e-15,7.3062729924807275e-15,7.3062729924807306e-15
240,370.93117783944837,-178,Z,3.9229635363695884e-18,3.4829713033775502e-18,3.9229635363695877e-18,3.9229635363695892e-18,3.4829713033775494e-18,3.482971303377551e-18
240,370.93117783944837,-178,E,6.7369302559764571e-17,-5.9694683938395241e-17,6.7369302559764559e-17,6.7369302559764583e-17,-5.9694683938395253e-17,-5.9694683938395228e-17
240,370.93117783944837,-177,N,2.199456255840365e-16,-9.5435036634715739e-17,2.1994562558403648e-16,2.1994562558403653e-16,-9.5435036634715751e-17,-9.5435036634715727e-17
240,370.93117783944837,-177,A,1.1752841712085695e-14,-4.695528587110486e-16,1.1752841712085693e-14,1.1752841712085696e-14,-4.695528587110487e-16,-4.695528587110485e-16
240,370.93117783944837,-177,Z,-2.9212599075700909e-18,2.7059973140724493e-18,-2.9212599075700913e-18,-2.9212599075700905e-18,2.705997314072449e-18,2.7059973140724497e-18
240,370.93117783944837,-177,E,-1.0828136724059805e-16,-2.9082765302031129e-17,-1.0828136724059806e-16,-1.0828136724059804e-16,-2.9082765302031135e-17,-2.9082765302031123e-17
240,370.93117783944837,-176,N,1.0090680889615443e-15,-2.7720953275983639e-16,1.0090680889615441e-15,1.0090680889615445e-15,-2.7720953275983644e-16,-2.7720953275983634e-16
240,370.93117783944837,-176,A,2.0579590815025814e-15,-8.58792708926198e-16,2.057959081502581e-15,2.0579590815025818e-15,-8.587927089261981e-16,-8.587927089261979e-16
240,370.93117783944837,-176,Z,5.3051522518958075e-18,1.1135049339040316e-18,5.3051522518958068e-18,5.3051522518958083e-18,1.1135049339040314e-18,1.1135049339040318e-18
240,370.93117783944837,-176,E,8.9441044083627481e-18,8.2631983953390034e-17,8.9441044083627466e-18,8.9441044083627496e-18,8.2631983953390022e-17,8.2631983953390046e-17
240,370.93117783944837,-175,N,7.8650414894183387e-17,3.2459886014930676e-16,7.8650414894183374e-17,7.8650414894183399e-17,3.2459886014930671e-16,3.2459886014930681e-16
240,370.93117783944837,-175,A,-3.4108774940536907e-15,-3.3499998801774151e-16,-3.4108774940536911e-15,-3.4108774940536903e-15,-3.3499998801774156e-16,-3.3499998801774146e-16
240,370.93117783944837,-175,Z,6.8162731176635459e-19,-4.976961324008303e-18,6.816273117663545e-19,6.8162731176635469e-19,-4.9769613240083038e-18,-4.9769613240083022e-18
240,370.93117783944837,-175,E,3.9296355497387298e-17,1.6964946426184825e-17,3.9296355497387292e-17,3.9296355497387304e-17,1.6964946426184822e-17,1.6964946426184828e-17
240,370.93117783944837,-174,N,1.4518301091252049e-15,-7.2559047012842797e-16,1.4518301091252047e-15,1.4518301091252051e-15,-7.2559047012842807e-16,-7.2559047012842787e-16
240,370.93117783944837,-174,A,4.8350638288683714e-15,2.5180250585014531e-15,4.8350638288683706e-15,4.8350638288683721e-15,2.5180250585014527e-15,2.5180250585014535e-15
240,370.93117783944837,-174,Z,-1.4570234600719961e-18,4.472052204181374e-18,-1.4570234600719963e-18,-1.4570234600719959e-18,4.4720522041813733e-18,4.4720522041813748e-18
240,370.93117783944837,-174,E,7.0629572876361314e-17,4.6393935124668706e-17,7.0629572876361302e-17,7.0629572876361326e-17,4.63939351246687e-17,4.6393935124668712e-17
240,370.93117783944837,-173,N,6.3543534028961665e-16,2.1927481775340932e-16,6.3543534028961655e-16,6.3543534028961675e-16,2.192748177534093e-16,2.1927481775340935e-16
240,370.93117783944837,-173,A,-3.4407681139474446e-15,-1.8672981848685065e-15,-3.440768113947445e-15,-3.4407681139474442e-15,-1.8672981848685069e-15,-1.8672981848685061e-15
240,370.93117783944837,-173,Z,7.3644601620470698e-18,1.8176728313769456e-18,7.3644601620470682e-18,7.3644601620470713e-18,1.8176728313769452e-18,1.817672831376946e-18
240,370.93117783944837,-173,E,-1.800361661554308e-17,2.0773403787165092e-17,-1.8003616615543083e-17,-1.8003616615543077e-17,2.0773403787165089e-17,2.0773403787165095e-17
240,370.93117783944837,-172,N,-1.2165136073361513e-15,3.0190680170679937e-16,-1.2165136073361515e-15,-1.2165136073361511e-15,3.0190680170679932e-16,3.0190680170679942e-16
240,370.93117783944837,-172,A,-1.1973789942921959e-14,1.0175274806148733e-14,-1.1973789942921961e-14,-1.1973789942921957e-14,1.0175274806148731e-14,1.0175274806148735e-14
240,370.93117783944837,-172,Z,-3.0583066686659719e-18,-1.9979975170294201e-18,-3.0583066686659723e-18,-3.0583066686659715e-18,-1.9979975170294205e-18,-1.9979975170294198e-18
240,370.93117783944837,-172,E,3.2314183668923477e-17,8.5170955527376872e-17,3.2314183668923471e-17,3.2314183668923483e-17,8.517095552737686e-17,8.5170955527376885e-17
240,370.93117783944837,-171,N,-9.2326239054067077e-18,-4.6163119527033539e-17,-9.2326239054067093e-18,-9.2326239054067062e-18,-4.6163119527033545e-17,-4.6163119527033532e-17
240,370.93117783944837,-171,A,5.6171283840494409e-15,-2.8898112823922997e-15,5.6171283840494401e-15,5.6171283840494417e-15,-2.8898112823923001e-15,-2.8898112823922993e-15
240,370.93117783944837,-171,Z,1.7311169822637577e-19,9.8096628994946269e-19,1.7311169822637575e-19,1.7311169822637579e-19,9.809662899494625e-19,9.8096628994946289e-19
240,370.93117783944837,-171,E,-1.2187063555136854e-16,-1.4772198248650732e-16,-1.2187063555136857e-16,-1.2187063555136852e-16,-1.4772198248650735e-16,-1.477219824865073e-16
240,370.93117783944837,-170,N,9.6757898528662297e-16,-4.2470069964870855e-16,9.6757898528662277e-16,9.6757898528662317e-16,-4.247006996487086e-16,-4.2470069964870851e-16
240,370.93117783944837,-170,A,1.1197326272477256e-14,-7.5929098998064756e-15,1.1197326272477254e-14,1.1197326272477257e-14,-7.5929098998064772e-15,-7.5929098998064741e-15
240,370.93117783944837,-170,Z,-1.2694857869934223e-18,-5.1933509467912731e-18,-1.2694857869934225e-18,-1.2694857869934221e-18,-5.1933509467912739e-18,-5.1933509467912723e-18
240,370.93117783944837,-170,E,4.0623545183789514e-17,1.6988027985948342e-16,4.0623545183789508e-17,4.062354518378952e-17,1.698802798594834e-16,1.6988027985948345e-16
240,370.93117783944837,-169,N,-4.7271034395682343e-16,1.223536803030601e-15,-4.7271034395682353e-16,-4.7271034395682334e-16,1.2235368030306008e-15,1.2235368030306012e-15
240,370.93117783944837,-169,A,2.2690096509927525e-14,5.7136169676600813e-15,2.2690096509927522e-14,2.2690096509927528e-14,5.7136169676600805e-15,5.7136169676600821e-15
240,370.93117783944837,-169,Z,1.8465247810813415e-18,1.6035372671646317e-18,1.8465247810813412e-18,1.8465247810813419e-18,1.6035372671646316e-18,1.6035372671646319e-18
240,370.93117783944837,-169,E,-1.4772198248650732e-17,8.5546030873534022e-18,-1.4772198248650735e-17,-1.4772198248650729e-17,8.5546030873534007e-18,8.5546030873534038e-18
240,370.93117783944837,-168,N,-3.561750650421975e-17,-2.5352659016966862e-16,-3.5617506504219757e-17,-3.5617506504219744e-17,-2.5352659016966867e-16,-2.5352659016966857e-16
240,370.93117783944837,-168,A,1.1134391830155256e-14,-4.1318502997942724e-15,1.1134391830155254e-14,1.1134391830155258e-14,-4.1318502997942732e-15,-4.1318502997942716e-15
240,370.93117783944837,-168,Z,2.7469084771298547e-18,-9.6117565569910362e-18,2.7469084771298543e-18,2.7469084771298551e-18,-9.6117565569910377e-18,-9.6117565569910346e-18
240,370.93117783944837,-168,E,-4.9398144387638939e-17,-9.6581901635465479e-17,-4.9398144387638945e-17,-4.9398144387638933e-17,-9.6581901635465491e-17,-9.6581901635465466e-17
240,370.93117783944837,-167,N,1.4086288225600131e-16,8.5387525474845499e-16,1.4086288225600129e-16,1.4086288225600134e-16,8.5387525474845489e-16,8.5387525474845508e-16
240,370.93117783944837,-167,A,7.10465015820584e-15,-7.3520493155570381e-16,7.1046501582058392e-15,7.1046501582058407e-15,-7.3520493155570391e-16,-7.3520493155570371e-16
240,370.93117783944837,-167,Z,-7.0558795437242715e-18,8.4581293805293285e-18,-7.0558795437242731e-18,-7.05587954372427e-18,8.458129380529327e-18,8.45812938052933e-18
240,370.93117783944837,-167,E,-1.2611187215791476e-16,6.3293964664018646e-17,-1.2611187215791478e-16,-1.2611187215791473e-16,6.3293964664018633e-17,6.3293964664018658e-17
240,370.93117783944837,-166,N,2.4024657869479215e-16,-1.1770405336468247e-15,2.402465786947921e-16,2.4024657869479219e-16,-1.1770405336468249e-15,-1.1770405336468245e-15
240,370.93117783944837,-166,A,6.0455113137791727e-15,2.8173301976302693e-15,6.0455113137791719e-15,6.0455113137791735e-15,2.8173301976302689e-15,2.8173301976302697e-15
240,370.93117783944837,-166,Z,8.2940339165855762e-18,-3.8183752186911532e-19,8.2940339165855747e-18,8.2940339165855778e-18,-3.8183752186911536e-19,-3.8183752186911527e-19
240,370.93117783944837,-166,E,1.5249698016258486e-16,7.7218636890102741e-17,1.5249698016258484e-16,1.5249698016258489e-16,7.7218636890102729e-17,7.7218636890102754e-17
240,370.93117783944837,-165,N,1.9323593314519196e-16,-1.0978238992396924e-15,1.9323593314519193e-16,1.9323593314519198e-16,-1.0978238992396926e-15,-1.0978238992396922e-15
240,370.93117783944837,-165,A,6.0608948127121855e-15,-6.0156783977848276e-15,6.0608948127121847e-15,6.0608948127121863e-15,-6.0156783977848283e-15,-6.0156783977848268e-15
240,370.93117783944837,-165,Z,-8.0420301683862429e-18,-1.9182038436282003e-19,-8.0420301683862445e-18,-8.0420301683862414e-18,-1.9182038436282006e-19,-1.9182038436282001e-19
240,370.93117783944837,-165,E,1.6500430035944051e-16,-1.386768962541792e-16,1.6500430035944049e-16,1.6500430035944054e-16,-1.3867689625417922e-16,-1.3867689625417917e-16
240,370.93117783944837,-164,N,-2.5459681717901606e-16,7.3387097969358961e-16,-2.5459681717901611e-16,-2.5459681717901601e-16,7.3387097969358952e-16,7.3387097969358971e-16
240,370.93117783944837,-164,A,-1.6267796765477505e-14,8.2523284232878729e-15,-1.6267796765477508e-14,-1.6267796765477502e-14,8.2523284232878713e-15,8.2523284232878745e-15
240,370.93117783944837,-164,Z,9.8529408240512213e-18,6.6051805325216178e-18,9.8529408240512197e-18,9.8529408240512228e-18,6.605180532521617e-18,6.6051805325216186e-18
240,370.93117783944837,-164,E,-1.1585500403800198e-16,2.4235637751692608e-18,-1.1585500403800201e-16,-1.1585500403800196e-16,2.4235637751692604e-18,2.4235637751692612e-18
240,370.93117783944837,-163,N,-2.2126560228301264e-16,-5.9283904304478908e-16,-2.2126560228301266e-16,-2.2126560228301261e-16,-5.9283904304478918e-16,-5.9283904304478898e-16
240,370.93117783944837,-163,A,2.1546383584682989e-15,-1.8060022177215174e-15,2.1546383584682985e-15,2.1546383584682993e-15,-1.8060022177215178e-15,-1.806002217721517e-15
240,370.93117783944837,-163,Z,-6.0480899567840037e-18,-1.491149906831727e-17,-6.0480899567840045e-18,-6.048089956784003e-18,-1.4911499068317273e-17,-1.4911499068317267e-17
240,370.93117783944837,-163,E,1.6921668501628231e-16,2.5418567689572841e-17,1.6921668501628228e-16,1.6921668501628233e-16,2.5418567689572838e-17,2.5418567689572844e-17
240,370.93117783944837,-162,N,1.5457432054130137e-16,-9.761624403236807e-16,1.5457432054130134e-16,1.5457432054130139e-16,-9.7616244032368089e-16,-9.761624403236805e-16
240,370.93117783944837,-162,A,1.0234630479678101e-14,3.8725663932234351e-15,1.0234630479678099e-14,1.0234630479678102e-14,3.8725663932234344e-15,3.8725663932234359e-15
240,370.93117783944837,-162,Z,1.4317780040806495e-18,1.71524840992634e-17,1.4317780040806493e-18,1.4317780040806497e-18,1.7152484099263397e-17,1.7152484099263403e-17
240,370.93117783944837,-162,E,4.0219617887927969e-17,-8.4478508734471376e-17,4.0219617887927963e-17,4.0219617887927975e-17,-8.4478508734471388e-17,-8.4478508734471363e-17
240,370.93117783944837,-161,N,-1.6926284813580934e-15,-1.1157770249432528e-16,-1.6926284813580936e-15,-1.6926284813580932e-15,-1.115777024943253e-16,-1.1157770249432526e-16
240,370.93117783944837,-161,A,-7.7423954577186645e-15,6.6434499389342137e-16,-7.7423954577186661e-15,-7.7423954577186629e-15,6.6434499389342127e-16,6.6434499389342147e-16
240,370.93117783944837,-161,Z,4.3656606396464137e-18,-2.2655993505376928e-17,4.3656606396464129e-18,4.3656606396464145e-18,-2.2655993505376931e-17,-2.2655993505376925e-17
240,370.93117783944837,-161,E,-2.6993884143432861e-16,5.6088190225345755e-17,-2.6993884143432866e-16,-2.6993884143432856e-16,5.6088190225345743e-17,5.6088190225345768e-17
240,370.93117783944837,-160,N,-3.3272068399109422e-16,-4.3647229512810209e-16,-3.3272068399109427e-16,-3.3272068399109417e-16,-4.3647229512810214e-16,-4.3647229512810204e-16
240,370.93117783944837,-160,A,1.2130282918118604e-14,-1.399181071304623e-14,1.2130282918118602e-14,1.2130282918118605e-14,-1.3991810713046232e-14,-1.3991810713046229e-14
240,370.93117783944837,-160,Z,-1.9796043990928681e-17,1.8097385452082367e-17,-1.9796043990928684e-17,-1.9796043990928678e-17,1.8097385452082364e-17,1.8097385452082371e-17
240,370.93117783944837,-160,E,1.8072861294833631e-16,4.0046506189701598e-17,1.8072861294833628e-16,1.8072861294833633e-16,4.0046506189701592e-17,4.0046506189701604e-17
240,370.93117783944837,-159,N,1.7686245168794726e-16,3.9192488478451473e-16,1.7686245168794723e-16,1.7686245168794728e-16,3.9192488478451468e-16,3.9192488478451478e-16
240,370.93117783944837,-159,A,-1.1358435559626601e-14,1.3426023979343026e-14,-1.1358435559626603e-14,-1.13584355596266e-14,1.3426023979343024e-14,1.3426023979343028e-14
240,370.93117783944837,-159,Z,3.2328609643775675e-17,-8.7854186849885699e-18,3.2328609643775668e-17,3.2328609643775681e-17,-8.7854186849885715e-18,-8.7854186849885684e-18
240,370.93117783944837,-159,E,4.8471275503385215e-17,-1.1944707177619927e-16,4.8471275503385209e-17,4.8471275503385222e-17,-1.194470717761993e-16,-1.1944707177619925e-16
240,370.93117783944837,-158,N,-2.1973644894867964e-16,-6.4628367337846954e-17,-2.1973644894867967e-16,-2.1973644894867962e-16,-6.4628367337846966e-17,-6.4628367337846942e-17
240,370.93117783944837,-158,A,-6.3003425530495371e-15,7.5033534479240306e-15,-6.3003425530495379e-15,-6.3003425530495364e-15,7.503353447924029e-15,7.5033534479240322e-15
240,370.93117783944837,-158,Z,-4.1777623171965352e-17,-3.2746962914489416e-18,-4.1777623171965359e-17,-4.1777623171965346e-17,-3.274696291448942e-18,-3.2746962914489413e-18
240,370.93117783944837,-158,E,-2.7005424923314619e-16,1.4910687607231834e-16,-2.7005424923314624e-16,-2.7005424923314614e-16,1.4910687607231832e-16,1.4910687607231837e-16
240,370.93117783944837,-157,N,2.0237911600651503e-15,-9.0387388033931661e-16,2.0237911600651499e-15,2.0237911600651507e-15,-9.0387388033931681e-16,-9.0387388033931641e-16
240,370.93117783944837,-157,A,1.2449270074050405e-14,-1.201718327527737e-14,1.2449270074050404e-14,1.2449270074050407e-14,-1.2017183275277372e-14,-1.2017183275277369e-14
240,370.93117783944837,-157,Z,4.1013046504798861e-17,3.0958142032816866e-17,4.1013046504798855e-17,4.1013046504798867e-17,3.095814203281686e-17,3.0958142032816872e-17
240,370.93117783944837,-157,E,3.1806389354126107e-16,-1.0063560056893311e-16,3.1806389354126102e-16,3.1806389354126112e-16,-1.0063560056893313e-16,-1.006356005689331e-16
240,370.93117783944837,-156,N,1.8908413758272937e-15,-1.320463575627377e-16,1.8908413758272933e-15,1.8908413758272941e-15,-1.3204635756273772e-16,-1.3204635756273767e-16
240,370.93117783944837,-156,A,7.563365503309175e-15,1.360741258064085e-14,7.5633655033091734e-15,7.5633655033091765e-15,1.3607412580640849e-14,1.3607412580640852e-14
240,370.93117783944837,-156,Z,-2.2158297372976099e-17,-5.4203797260277391e-17,-2.2158297372976102e-17,-2.2158297372976095e-17,-5.4203797260277397e-17,-5.4203797260277384e-17
240,370.93117783944837,-156,E,-5.9088792994602929e-17,-2.3052707813812374e-16,-5.9088792994602942e-17,-5.9088792994602917e-17,-2.3052707813812379e-16,-2.3052707813812369e-16
240,370.93117783944837,-155,N,-2.3601255507567202e-16,4.6343444212686016e-18,-2.3601255507567207e-16,-2.3601255507567197e-16,4.6343444212686008e-18,4.6343444212686024e-18
240,370.93117783944837,-155,A,2.6764998019934176e-15,8.7040931533827318e-15,2.6764998019934172e-15,2.676499801993418e-15,8.7040931533827302e-15,8.7040931533827334e-15
240,370.93117783944837,-155,Z,-4.4677694928971277e-18,7.7225849877528846e-17,-4.4677694928971285e-18,-4.4677694928971269e-18,7.7225849877528834e-17,7.7225849877528859e-17
240,370.93117783944837,-155,E,-9.4634395030418754e-17,4.0026309824908516e-16,-9.4634395030418766e-17,-9.4634395030418742e-17,4.0026309824908511e-16,4.0026309824908521e-16
240,370.93117783944837,-154,N,-1.23235062285358e-15,-8.2959814231906238e-16,-1.2323506228535802e-15,-1.2323506228535798e-15,-8.2959814231906247e-16,-8.2959814231906228e-16
240,370.93117783944837,-154,A,-4.8096245238399479e-15,-1.5021973183735402e-14,-4.8096245238399487e-15,-4.8096245238399471e-15,-1.5021973183735405e-14,-1.5021973183735398e-14
240,370.93117783944837,-154,Z,4.9438717441910741e-17,-7.4504750371032996e-17,4.9438717441910734e-17,4.9438717441910747e-17,-7.4504750371033009e-17,-7.4504750371032984e-17
240,370.93117783944837,-154,E,2.1532210064390706e-16,-2.6874148552159619e-16,2.1532210064390703e-16,2.1532210064390708e-16,-2.6874148552159624e-16,-2.6874148552159615e-16
240,370.93117783944837,-153,N,2.5248972322716689e-16,-3.5112822790249884e-16,2.5248972322716684e-16,2.5248972322716694e-16,-3.5112822790249889e-16,-3.511282279024988e-16
240,370.93117783944837,-153,A,1.9973681838764931e-15,-4.029084839281927e-15,1.9973681838764927e-15,1.9973681838764935e-15,-4.0290848392819278e-15,-4.0290848392819262e-15
240,370.93117783944837,-153,Z,-9.1352485751543709e-17,5.2210307860389282e-17,-9.1352485751543721e-17,-9.1352485751543696e-17,5.2210307860389276e-17,5.2210307860389288e-17
240,370.93117783944837,-153,E,-1.3872017417873578e-16,1.0512929173539278e-16,-1.387201741787358e-16,-1.3872017417873575e-16,1.0512929173539277e-16,1.0512929173539279e-16
240,370.93117783944837,-152,N,1.0291093745249604e-15,4.8361638094508506e-16,1.0291093745249602e-15,1.0291093745249606e-15,4.8361638094508496e-16,4.8361638094508516e-16
240,370.93117783944837,-152,A,-6.0289755401048413e-17,-1.4213083528316668e-15,-6.0289755401048425e-17,-6.0289755401048401e-17,-1.421308352831667e-15,-1.4213083528316666e-15
240,370.93117783944837,-152,Z,1.2366306292675414e-16,-1.6256270411570599e-18,1.2366306292675411e-16,1.2366306292675416e-16,-1.6256270411570601e-18,-1.6256270411570597e-18
240,370.93117783944837,-152,E,3.1812159744066986e-16,-8.9260719397975008e-17,3.1812159744066981e-16,3.1812159744066991e-16,-8.926071939797502e-17,-8.9260719397974996e-17
240,370.93117783944837,-151,N,-1.5709886614043601e-17,-1.6411277511357466e-15,-1.5709886614043604e-17,-1.5709886614043598e-17,-1.6411277511357468e-15,-1.6411277511357464e-15
240,370.93117783944837,-151,A,-3.5650695262614086e-15,-3.3141008417577203e-15,-3.5650695262614093e-15,-3.5650695262614078e-15,-3.3141008417577207e-15,-3.3141008417577199e-15
240,370.93117783944837,-151,Z,-1.3524531748621259e-16,-6.7557291044557277e-17,-1.3524531748621262e-16,-1.3524531748621257e-16,-6.7557291044557289e-17,-6.7557291044557264e-17
240,370.93117783944837,-151,E,-4.4016534469026477e-16,7.0975796272814066e-18,-4.4016534469026482e-16,-4.4016534469026472e-16,7.097579627281405e-18,7.0975796272814081e-18
240,370.93117783944837,-150,N,-1.277852852407697e-16,-8.2190549122912773e-16,-1.2778528524076973e-16,-1.2778528524076968e-16,-8.2190549122912783e-16,-8.2190549122912763e-16
240,370.93117783944837,-150,A,-2.2396895784044027e-14,1.593942551290435e-14,-2.2396895784044031e-14,-2.2396895784044024e-14,1.5939425512904346e-14,1.5939425512904353e-14
240,370.93117783944837,-150,Z,1.0738335030604872e-16,1.4953604882417122e-16,1.073833503060487e-16,1.0738335030604873e-16,1.495360488241712e-16,1.4953604882417125e-16
240,370.93117783944837,-150,E,4.316251675777636e-16,3.9602186164253895e-16,4.3162516757776355e-16,4.3162516757776365e-16,3.960218616425389e-16,3.96021861642539e-16
240,370.93117783944837,-149,N,4.0963998190301387e-16,-1.9850141396624422e-16,4.0963998190301382e-16,4.0963998190301392e-16,-1.9850141396624424e-16,-1.9850141396624419e-16
240,370.93117783944837,-149,A,-9.2412794903180268e-16,7.108803035716416e-15,-9.2412794903180287e-16,-9.2412794903180248e-16,7.1088030357164144e-15,7.1088030357164176e-15
240,370.93117783944837,-149,Z,-3.1275513479565225e-17,-2.1761583064540654e-16,-3.1275513479565232e-17,-3.1275513479565219e-17,-2.1761583064540656e-16,-2.1761583064540651e-16
240,370.93117783944837,-149,E,-2.637068202981791e-16,-6.7398154509468961e-16,-2.6370682029817915e-16,-2.6370682029817905e-16,-6.7398154509468971e-16,-6.7398154509468951e-16
240,370.93117783944837,-148,N,6.0589094379231519e-16,-4.2340236191201075e-16,6.0589094379231509e-16,6.0589094379231529e-16,-4.234023619120108e-16,-4.234023619120107e-16
240,370.93117783944837,-148,A,-3.6118241107573826e-15,9.8207420481811155e-15,-3.6118241107573834e-15,-3.6118241107573818e-15,9.8207420481811139e-15,9.820742048181117e-15
240,370.93117783944837,-148,Z,-9.2232470217527787e-17,2.5265652356139542e-16,-9.2232470217527799e-17,-9.2232470217527774e-17,2.5265652356139537e-16,2.5265652356139547e-16
240,370.93117783944837,-148,E,-1.7541985420272745e-17,1.0255137002930501e-15,-1.7541985420272748e-17,-1.7541985420272742e-17,1.0255137002930499e-15,1.0255137002930503e-15
240,370.93117783944837,-147,N,9.9573848819811346e-16,-3.8777020402708172e-16,9.9573848819811327e-16,9.9573848819811366e-16,-3.8777020402708177e-16,-3.8777020402708167e-16
240,370.93117783944837,-147,A,-1.101267379436912e-14,-2.5043492343415697e-15,-1.1012673794369122e-14,-1.1012673794369119e-14,-2.50434923434157e-15,-2.5043492343415693e-15
240,370.93117783944837,-147,Z,2.4292620352358788e-16,-2.1975087492353185e-16,2.4292620352358783e-16,2.4292620352358793e-16,-2.1975087492353188e-16,-2.1975087492353183e-16
240,370.93117783944837,-147,E,4.6163119527033539e-16,-9.8696749548797713e-16,4.6163119527033529e-16,4.6163119527033548e-16,-9.8696749548797733e-16,-9.8696749548797693e-16
240,370.93117783944837,-146,N,1.1217638045069151e-16,-9.0295061794877596e-16,1.1217638045069149e-16,1.1217638045069154e-16,-9.0295061794877616e-16,-9.0295061794877577e-16
240,370.93117783944837,-146,A,2.8233363902733712e-15,-1.1920125316471782e-14,2.8233363902733708e-15,2.8233363902733716e-15,-1.1920125316471784e-14,-1.1920125316471781e-14
240,370.93117783944837,-146,Z,-3.8289422452703881e-16,9.8197610818911659e-17,-3.8289422452703886e-16,-3.8289422452703876e-16,9.8197610818911646e-17,9.8197610818911671e-17
240,370.93117783944837,-146,E,-1.0543656499974461e-15,8.0947030090653308e-16,-1.0543656499974463e-15,-1.0543656499974459e-15,8.0947030090653298e-16,8.0947030090653318e-16
240,370.93117783944837,-145,N,7.9031260630281418e-16,-1.7024958481569968e-15,7.9031260630281408e-16,7.9031260630281428e-16,-1.702495848156997e-15,-1.7024958481569966e-15
240,370.93117783944837,-145,A,-1.5688074540067079e-14,-8.4644695964768692e-15,-1.5688074540067082e-14,-1.5688074540067075e-14,-8.4644695964768708e-15,-8.4644695964768677e-15
240,370.93117783944837,-145,Z,4.6041941338275074e-16,1.1252260384714425e-16,4.6041941338275064e-16,4.6041941338275084e-16,1.1252260384714423e-16,1.1252260384714428e-16
240,370.93117783944837,-145,E,1.3451933030177573e-15,-3.9884935271356977e-16,1.3451933030177571e-15,1.3451933030177575e-15,-3.9884935271356982e-16,-3.9884935271356972e-16
240,370.93117783944837,-144,N,8.0508480455146491e-16,-9.177228161974267e-16,8.0508480455146481e-16,8.0508480455146501e-16,-9.1772281619742689e-16,-9.177228161974265e-16
240,370.93117783944837,-144,A,4.1583738069951813e-15,-5.1850415852764074e-15,4.1583738069951806e-15,4.1583738069951821e-15,-5.1850415852764082e-15,-5.1850415852764067e-15
240,370.93117783944837,-144,Z,-4.2941799342537728e-16,-3.7980706590866845e-16,-4.2941799342537733e-16,-4.2941799342537723e-16,-3.798070659086685e-16,-3.798070659086684e-16
240,370.93117783944837,-144,E,-1.7578915915894371e-15,-9.7865813397311102e-17,-1.7578915915894373e-15,-1.757891591589437e-15,-9.7865813397311114e-17,-9.7865813397311089e-17
240,370.93117783944837,-143,N,-1.8908413758272937e-15,-1.5938502250513809e-15,-1.8908413758272941e-15,-1.8908413758272933e-15,-1.5938502250513811e-15,-1.5938502250513807e-15
240,370.93117783944837,-143,A,-1.8908413758272937e-14,-6.4396433727160742e-15,-1.8908413758272941e-14,-1.8908413758272934e-14,-6.439643372716075e-15,-6.4396433727160734e-15
240,370.93117783944837,-143,Z,2.4835758305544041e-16,6.5051679537416141e-16,2.4835758305544036e-16,2.4835758305544046e-16,6.5051679537416132e-16,6.5051679537416151e-16
240,370.93117783944837,-143,E,1.9499301688218967e-15,9.2822492588982684e-16,1.9499301688218963e-15,1.9499301688218971e-15,9.2822492588982665e-16,9.2822492588982704e-16
240,370.93117783944837,-142,N,6.004649740010322e-16,-1.4174926824832606e-15,6.004649740010321e-16,6.0046497400103229e-16,-1.4174926824832608e-15,-1.4174926824832604e-15
240,370.93117783944837,-142,A,-1.3684042457432297e-14,2.2290277010405145e-15,-1.3684042457432298e-14,-1.3684042457432295e-14,2.2290277010405141e-15,2.2290277010405149e-15
240,370.93117783944837,-142,Z,1.0025646791734878e-16,-8.3606909366370134e-16,1.0025646791734877e-16,1.0025646791734879e-16,-8.3606909366370144e-16,-8.3606909366370124e-16
240,370.93117783944837,-142,E,-1.8972753606113739e-15,-2.3288428242897286e-15,-1.8972753606113743e-15,-1.8972753606113735e-15,-2.328842824289729e-15,-2.3288428242897283e-15
240,370.93117783944837,-141,N,-1.1561697545294071e-16,-5.2761560424428899e-16,-1.1561697545294073e-16,-1.1561697545294068e-16,-5.2761560424428909e-16,-5.2761560424428889e-16
240,370.93117783944837,-141,A,-1.2394689398197114e-15,-8.8812576489191469e-15,-1.2394689398197116e-15,-1.2394689398197112e-15,-8.8812576489191484e-15,-8.8812576489191453e-15
240,370.93117783944837,-141,Z,-5.8306274021214013e-16,8.352801731639718e-16,-5.8306274021214023e-16,-5.8306274021214003e-16,8.3528017316397171e-16,8.352801731639719e-16
240,370.93117783944837,-141,E,9.530376026356074e-16,3.2669495429533115e-15,9.530376026356072e-16,9.5303760263560759e-16,3.2669495429533111e-15,3.2669495429533119e-15
240,370.93117783944837,-140,N,7.101366445680108e-17,-9.919300308371332e-16,7.1013664456801067e-17,7.1013664456801092e-17,-9.919300308371334e-16,-9.91930030837133e-16
240,370.93117783944837,-140,A,6.5791533690179674e-15,2.8360171602772389e-15,6.5791533690179666e-15,6.5791533690179682e-15,2.8360171602772385e-15,2.8360171602772392e-15
240,370.93117783944837,-140,Z,1.0917776125297649e-15,-5.6564067070782629e-16,1.0917776125297647e-15,1.0917776125297651e-15,-5.6564067070782639e-16,-5.6564067070782619e-16
240,370.93117783944837,-140,E,5.0081214296890509e-16,-4.1178368176605048e-15,5.0081214296890499e-16,5.0081214296890519e-16,-4.1178368176605056e-15,-4.1178368176605041e-15
240,370.93117783944837,-139,N,5.7801996037786869e-16,-1.6780293948076692e-16,5.7801996037786859e-16,5.7801996037786879e-16,-1.6780293948076694e-16,-1.6780293948076689e-16
240,370.93117783944837,-139,A,1.87172659849876e-14,4.3224115670395246e-15,1.8717265984987596e-14,1.8717265984987603e-14,4.3224115670395238e-15,4.3224115670395254e-15
240,370.93117783944837,-139,Z,-1.486160322779723e-15,-5.6838340917660044e-18,-1.4861603227797232e-15,-1.4861603227797228e-15,-5.6838340917660052e-18,-5.6838340917660037e-18
240,370.93117783944837,-139,E,-2.4092532081158803e-15,4.168443137442015e-15,-2.4092532081158807e-15,-2.4092532081158799e-15,4.1684431374420142e-15,4.1684431374420157e-15
240,370.93117783944837,-138,N,1.5854146362565582e-16,1.1682154435309926e-16,1.5854146362565579e-16,1.5854146362565584e-16,1.1682154435309924e-16,1.1682154435309928e-16
240,370.93117783944837,-138,A,-9.8936797770338273e-15,-7.2017495916891287e-15,-9.8936797770338289e-15,-9.8936797770338257e-15,-7.2017495916891303e-15,-7.2017495916891271e-15
240,370.93117783944837,-138,Z,1.58738017533017e-15,8.4558753219586725e-16,1.5873801753301698e-15,1.5873801753301702e-15,8.4558753219586715e-16,8.4558753219586735e-16
240,370.93117783944837,-138,E,4.7089844151538739e-15,-3.62870971432188e-15,4.7089844151538731e-15,4.7089844151538747e-15,-3.6287097143218808e-15,-3.6287097143218792e-15
240,370.93117783944837,-137,N,1.1046834502819127e-15,-3.5727369318953519e-16,1.1046834502819125e-15,1.1046834502819129e-15,-3.5727369318953524e-16,-3.5727369318953514e-16
240,370.93117783944837,-137,A,8.6538249423868207e-15,-4.5972119619990438e-15,8.6538249423868191e-15,8.6538249423868223e-15,-4.5972119619990446e-15,-4.597211961999043e-15
240,370.93117783944837,-137,Z,-1.2227961193842836e-15,-1.8014697567476426e-15,-1.2227961193842838e-15,-1.2227961193842834e-15,-1.801469756747643e-15,-1.8014697567476422e-15
240,370.93117783944837,-137,E,-6.9802098958839241e-15,1.8603737169394516e-15,-6.9802098958839249e-15,-6.9802098958839233e-15,1.8603737169394512e-15,1.860373716939452e-15
240,370.93117783944837,-136,N,8.5447934244539076e-16,-2.2680517662625664e-16,8.5447934244539066e-16,8.5447934244539086e-16,-2.2680517662625669e-16,-2.2680517662625659e-16
240,370.93117783944837,-136,A,2.9292807495879133e-15,-8.5973039729159083e-16,2.9292807495879129e-15,2.9292807495879137e-15,-8.5973039729159093e-16,-8.5973039729159074e-16
240,370.93117783944837,-136,Z,2.9929570025855152e-16,2.6203701370903717e-15,2.9929570025855147e-16,2.9929570025855156e-16,2.6203701370903713e-15,2.6203701370903721e-15
240,370.93117783944837,-136,E,8.8205026558291157e-15,1.2279389794190921e-15,8.8205026558291141e-15,8.8205026558291172e-15,1.2279389794190919e-15,1.2279389794190923e-15
240,370.93117783944837,-135,N,2.0681077548111025e-16,-1.1018126812863252e-15,2.0681077548111023e-16,2.0681077548111028e-16,-1.1018126812863254e-15,-1.101812681286325e-15
240,370.93117783944837,-135,A,1.7647439296442313e-14,1.8933803474012807e-15,1.7647439296442309e-14,1.7647439296442316e-14,1.8933803474012803e-15,1.8933803474012811e-15
240,370.93117783944837,-135,Z,1.1634476588423411e-15,-2.9720249130749759e-15,1.1634476588423409e-15,1.1634476588423413e-15,-2.9720249130749763e-15,-2.9720249130749755e-15
240,370.93117783944837,-135,E,-9.284788230472255e-15,-5.8691790166670444e-15,-9.2847882304722566e-15,-9.2847882304722534e-15,-5.8691790166670452e-15,-5.8691790166670436e-15
240,370.93117783944837,-134,N,2.4143311512638542e-16,-1.2897975595853171e-15,2.4143311512638537e-16,2.4143311512638547e-16,-1.2897975595853173e-15,-1.2897975595853169e-15
240,370.93117783944837,-134,A,-8.4453119018731514e-15,4.6015397544547033e-15,-8.445311901873153e-15,-8.4453119018731498e-15,4.6015397544547025e-15,4.6015397544547041e-15
240,370.93117783944837,-134,Z,-2.917162930712067e-15,2.5269114590104071e-15,-2.9171629307120674e-15,-2.9171629307120666e-15,2.5269114590104067e-15,2.5269114590104075e-15
240,370.93117783944837,-134,E,7.6196845091321552e-15,1.0927272023244109e-14,7.6196845091321536e-15,7.6196845091321567e-15,1.0927272023244108e-14,1.0927272023244111e-14
240,370.93117783944837,-133,N,-1.9067676520641205e-15,-7.4414948677578069e-16,-1.9067676520641209e-15,-1.9067676520641201e-15,-7.4414948677578079e-16,-7.4414948677578059e-16
240,370.93117783944837,-133,A,-1.2028262423963859e-14,-4.0498904761066527e-15,-1.2028262423963861e-14,-1.2028262423963858e-14,-4.0498904761066535e-15,-4.0498904761066519e-15
240,370.93117783944837,-133,Z,4.5482213514009792e-15,-1.0567892137726154e-15,4.5482213514009784e-15,4.54822135140098e-15,-1.0567892137726156e-15,-1.0567892137726152e-15
240,370.93117783944837,-133,E,-3.308972407697764e-15,-1.6055532971502264e-14,-3.3089724076977644e-15,-3.3089724076977636e-15,-1.6055532971502267e-14,-1.605553297150226e-14
240,370.93117783944837,-132,N,1.2814881980704511e-15,4.3947289789735929e-16,1.2814881980704509e-15,1.2814881980704513e-15,4.3947289789735924e-16,4.3947289789735934e-16
240,370.93117783944837,-132,A,1.098312939787182e-14,-9.3988111357040283e-15,1.0983129397871818e-14,1.0983129397871821e-14,-9.3988111357040299e-15,-9.3988111357040268e-15
240,370.93117783944837,-132,Z,-5.4683677313735754e-15,-1.4327878223203034e-15,-5.4683677313735762e-15,-5.4683677313735746e-15,-1.4327878223203036e-15,-1.4327878223203032e-15
240,370.93117783944837,-132,E,-4.2266952238951907e-15,1.9589781402491952e-14,-4.2266952238951915e-15,-4.22669522389519e-15,1.9589781402491948e-14,1.9589781402491955e-14
240,370.93117783944837,-131,N,-1.7726637898380879e-16,4.4316594745952197e-17,-1.7726637898380881e-16,-1.7726637898380876e-16,4.4316594745952191e-17,4.4316594745952203e-17
240,370.93117783944837,-131,A,-6.2043232644333076e-16,7.3860991243253662e-16,-6.2043232644333086e-16,-6.2043232644333066e-16,7.3860991243253652e-16,7.3860991243253672e-16
240,370.93117783944837,-131,Z,5.0523226166361854e-15,4.6223131582418683e-15,5.0523226166361846e-15,5.0523226166361862e-15,4.6223131582418675e-15,4.622313158241869e-15
240,370.93117783944837,-131,E,1.4336418400315535e-14,-1.990553714005686e-14,1.4336418400315532e-14,1.4336418400315538e-14,-1.9905537140056864e-14,-1.9905537140056857e-14
240,370.93117783944837,-130,N,0,8.6560357230329196e-16,-4.9406564584124654e-324,4.9406564584124654e-324,8.6560357230329187e-16,8.6560357230329206e-16
240,370.93117783944837,-130,A,1.512673100661835e-14,1.4112404649823179e-14,1.5126731006618347e-14,1.5126731006618353e-14,1.4112404649823177e-14,1.411240464982318e-14
240,370.93117783944837,-130,Z,-2.7974850433382323e-15,-7.7933696398589058e-15,-2.7974850433382327e-15,-2.7974850433382319e-15,-7.7933696398589074e-15,-7.7933696398589043e-15
240,370.93117783944837,-130,E,-2.5496814177171165e-14,1.5383715322635404e-14,-2.5496814177171168e-14,-2.5496814177171162e-14,1.5383715322635401e-14,1.5383715322635407e-14
240,370.93117783944837,-129,N,-1.2455801434164737e-15,-2.5979882371071865e-15,-1.2455801434164739e-15,-1.2455801434164735e-15,-2.5979882371071869e-15,-2.5979882371071861e-15
240,370.93117783944837,-129,A,-9.588349511169916e-15,5.3326193080143925e-15,-9.5883495111699176e-15,-9.5883495111699144e-15,5.3326193080143917e-15,5.3326193080143933e-15
240,370.93117783944837,-129,Z,-1.399229849132092e-15,9.9303145401709842e-15,-1.3992298491320922e-15,-1.3992298491320918e-15,9.9303145401709826e-15,9.9303145401709858e-15
240,370.93117783944837,-129,E,3.5839069642234091e-14,-4.9539951720436039e-15,3.5839069642234085e-14,3.5839069642234097e-14,-4.9539951720436046e-15,-4.9539951720436031e-15
240,370.93117783944837,-128,N,-1.0596996541990462e-15,-2.7411516115403994e-16,-1.0596996541990464e-15,-1.059699654199046e-15,-2.7411516115403999e-16,-2.7411516115403989e-16
240,370.93117783944837,-128,A,3.2261348536027303e-15,-1.3613246084221708e-14,3.2261348536027299e-15,3.2261348536027307e-15,-1.361324608422171e-14,-1.3613246084221707e-14
240,370.93117783944837,-128,Z,7.0990357491180506e-15,-9.8535431085012998e-15,7.0990357491180498e-15,7.0990357491180514e-15,-9.8535431085013013e-15,-9.8535431085012982e-15
240,370.93117783944837,-128,E,-4.2317587410683122e-14,-1.1728634926283707e-14,-4.2317587410683129e-14,-4.2317587410683116e-14,-1.1728634926283708e-14,-1.1728634926283705e-14
240,370.93117783944837,-127,N,-5.4614757218879374e-16,-8.525751137649007e-18,-5.4614757218879383e-16,-5.4614757218879364e-16,-8.5257511376490086e-18,-8.5257511376490055e-18
240,370.93117783944837,-127,A,-3.7017448185048451e-15,3.3741427634189251e-15,-3.7017448185048459e-15,-3.7017448185048443e-15,3.3741427634189247e-15,3.3741427634189255e-15
240,370.93117783944837,-127,Z,-1.3171071922533274e-14,6.5574567028402618e-15,-1.3171071922533275e-14,-1.3171071922533272e-14,6.557456702840261e-15,6.5574567028402626e-15
240,370.93117783944837,-127,E,4.2126212428293866e-14,3.3441140824377181e-14,4.2126212428293859e-14,4.2126212428293872e-14,3.3441140824377175e-14,3.3441140824377188e-14
240,370.93117783944837,-126,N,-1.7218410804337944e-15,3.5199378639363073e-18,-1.7218410804337946e-15,-1.7218410804337942e-15,3.5199378639363065e-18,3.5199378639363081e-18
240,370.93117783944837,-126,A,1.5767172160181681e-14,1.3901740335809675e-14,1.5767172160181678e-14,1.5767172160181684e-14,1.3901740335809674e-14,1.3901740335809677e-14
240,370.93117783944837,-126,Z,1.7819815269951226e-14,4.0712986227873141e-16,1.7819815269951223e-14,1.781981526995123e-14,4.0712986227873137e-16,4.0712986227873146e-16
240,370.93117783944837,-126,E,-3.1167491779871966e-14,-5.7844610367500268e-14,-3.1167491779871973e-14,-3.116749177987196e-14,-5.7844610367500281e-14,-5.7844610367500255e-14
240,370.93117783944837,-125,N,1.3838260636719436e-15,-7.1451853442936602e-17,1.3838260636719434e-15,1.3838260636719438e-15,-7.1451853442936614e-17,-7.1451853442936589e-17
240,370.93117783944837,-125,A,6.3274345338219651e-15,-2.0339903242856542e-15,6.3274345338219644e-15,6.3274345338219659e-15,-2.0339903242856546e-15,-2.0339903242856538e-15
240,370.93117783944837,-125,Z,-1.8868049880636488e-14,-1.049656290506946e-14,-1.8868049880636491e-14,-1.8868049880636485e-14,-1.0496562905069461e-14,-1.0496562905069458e-14
240,370.93117783944837,-125,E,6.9638219884518266e-15,8.0162372466492554e-14,6.9638219884518258e-15,6.9638219884518274e-15,8.0162372466492541e-14,8.0162372466492566e-14
240,370.93117783944837,-124,N,-2.8652294212441543e-15,5.785969993719566e-16,-2.8652294212441547e-15,-2.8652294212441539e-15,5.785969993719565e-16,5.785969993719567e-16
240,370.93117783944837,-124,A,8.6801090685675248e-16,-1.0812239299772683e-14,8.6801090685675238e-16,8.6801090685675257e-16,-1.0812239299772684e-14,-1.0812239299772681e-14
240,370.93117783944837,-124,Z,1.4301118039852209e-14,2.1898853428246744e-14,1.4301118039852206e-14,1.4301118039852212e-14,2.1898853428246741e-14,2.1898853428246747e-14
240,370.93117783944837,-124,E,3.0802341504413131e-14,-9.3337326779507929e-14,3.0802341504413125e-14,3.0802341504413137e-14,-9.3337326779507942e-14,-9.3337326779507916e-14
240,370.93117783944837,-123,N,1.3244198992305922e-15,2.6790766417513915e-15,1.324419899230592e-15,1.3244198992305924e-15,2.6790766417513911e-15,2.6790766417513919e-15
240,370.93117783944837,-123,A,-1.0544695170163818e-14,8.5200384516075366e-15,-1.054469517016382e-14,-1.0544695170163817e-14,8.520038451607535e-15,8.5200384516075382e-15
240,370.93117783944837,-123,Z,-2.9797428096209019e-15,-3.1552679734400503e-14,-2.9797428096209023e-15,-2.9797428096209015e-15,-3.155267973440051e-14,-3.1552679734400497e-14
240,370.93117783944837,-123,E,-7.9875814902028498e-14,8.9891826945808968e-14,-7.9875814902028511e-14,-7.9875814902028485e-14,8.9891826945808956e-14,8.9891826945808981e-14
240,370.93117783944837,-122,N,-2.4378743422226412e-15,-3.047371779728006e-15,-2.4378743422226416e-15,-2.4378743422226408e-15,-3.0473717797280064e-15,-3.0473717797280056e-15
240,370.93117783944837,-122,A,-2.2090992987303168e-14,2.8420324536818198e-15,-2.2090992987303172e-14,-2.2090992987303165e-14,2.8420324536818194e-15,2.8420324536818202e-15
240,370.93117783944837,-122,Z,-1.4621035671161976e-14,3.5517933016049308e-14,-1.4621035671161979e-14,-1.4621035671161973e-14,3.5517933016049302e-14,3.5517933016049315e-14
240,370.93117783944837,-122,E,1.3301302771160862e-13,-6.2097243494179711e-14,1.330130277116086e-13,1.3301302771160865e-13,-6.2097243494179724e-14,-6.2097243494179698e-14
240,370.93117783944837,-121,N,7.0167941681090979e-17,3.8269226087910807e-15,7.0167941681090966e-17,7.0167941681090991e-17,3.8269226087910799e-15,3.8269226087910815e-15
240,370.93117783944837,-121,A,-5.389082573585895e-15,-3.9238651597978508e-17,-5.3890825735858958e-15,-5.3890825735858942e-15,-3.9238651597978514e-17,-3.9238651597978502e-17
240,370.93117783944837,-121,Z,3.5727729968324825e-14,-2.9841052244162064e-14,3.5727729968324819e-14,3.5727729968324831e-14,-2.984105224416207e-14,-2.9841052244162057e-14
240,370.93117783944837,-121,E,-1.7929570971821717e-13,5.6125120720967376e-15,-1.792957097182172e-13,-1.7929570971821715e-13,5.6125120720967369e-15,5.6125120720967384e-15
240,370.93117783944837,-120,N,3.0809265972342185e-15,-4.9634586115466461e-15,3.0809265972342181e-15,3.0809265972342189e-15,-4.9634586115466469e-15,-4.9634586115466453e-15
240,370.93117783944837,-120,A,3.7872223259978314e-15,-2.9408215294696717e-15,3.7872223259978306e-15,3.7872223259978321e-15,-2.9408215294696721e-15,-2.9408215294696713e-15
240,370.93117783944837,-120,Z,-5.518166196563363e-14,1.1845802694033259e-14,-5.5181661965633636e-14,-5.5181661965633624e-14,1.1845802694033258e-14,1.1845802694033261e-14
240,370.93117783944837,-120,E,2.040557605077369e-13,8.0290590530978892e-14,2.0405576050773688e-13,2.0405576050773693e-13,8.0290590530978879e-14,8.0290590530978904e-14
240,370.93117783944837,-119,N,-3.3385168041950655e-15,4.5867675562060522e-15,-3.3385168041950659e-15,-3.3385168041950651e-15,4.5867675562060514e-15,4.586767556206053e-15
240,370.93117783944837,-119,A,5.6429797309845798e-15,3.0689241861571897e-15,5.642979730984579e-15,5.6429797309845805e-15,3.0689241861571893e-15,3.0689241861571901e-15
240,370.93117783944837,-119,Z,6.5893467628485304e-14,1.8447359601996691e-14,6.5893467628485292e-14,6.5893467628485317e-14,1.8447359601996688e-14,1.8447359601996694e-14
240,370.93117783944837,-119,E,-1.9042286804901335e-13,-1.8886994070812395e-13,-1.9042286804901338e-13,-1.9042286804901333e-13,-1.8886994070812398e-13,-1.8886994070812393e-13
240,370.93117783944837,-118,N,7.504276710314572e-15,-2.0681077548111025e-15,7.5042767103145704e-15,7.5042767103145736e-15,-2.0681077548111029e-15,-2.0681077548111021e-15
240,370.93117783944837,-118,A,2.1567409443030068e-14,1.8494792207310715e-14,2.1567409443030064e-14,2.1567409443030071e-14,1.8494792207310712e-14,1.8494792207310718e-14
240,370.93117783944837,-118,Z,-6.0293621562308799e-14,-5.7006605488336077e-14,-6.0293621562308812e-14,-6.0293621562308787e-14,-5.7006605488336089e-14,-5.7006605488336064e-14
240,370.93117783944837,-118,E,1.2277912574366057e-13,3.0429251172395645e-13,1.2277912574366055e-13,1.227791257436606e-13,3.042925117239564e-13,3.042925117239565e-13
240,370.93117783944837,-117,N,-8.2724310192444101e-15,-9.416194435400928e-16,-8.2724310192444117e-15,-8.2724310192444085e-15,-9.4161944354009299e-16,-9.416194435400926e-16
240,370.93117783944837,-117,A,1.1345048254963762e-14,-1.5886604805983027e-17,1.1345048254963761e-14,1.1345048254963764e-14,-1.588660480598303e-17,-1.5886604805983024e-17
240,370.93117783944837,-117,Z,3.2516839763647154e-14,9.5239164354666315e-14,3.2516839763647148e-14,3.251683976364716e-14,9.5239164354666302e-14,9.5239164354666327e-14
240,370.93117783944837,-117,E,8.9962687334282956e-15,-4.0111411535756605e-13,8.996268733428294e-15,8.9962687334282972e-15,-4.011141153575661e-13,-4.01114115357566e-13
240,370.93117783944837,-116,N,1.010394016375147e-14,7.238809921084424e-15,1.0103940163751469e-14,1.0103940163751472e-14,7.2388099210844224e-15,7.2388099210844256e-15
240,370.93117783944837,-116,A,1.0408764618872126e-14,1.0350759577238294e-14,1.0408764618872124e-14,1.0408764618872128e-14,1.0350759577238293e-14,1.0350759577238296e-14
240,370.93117783944837,-116,Z,1.8893094725415044e-14,-1.2060130664685165e-13,1.8893094725415041e-14,1.8893094725415048e-14,-1.2060130664685167e-13,-1.2060130664685162e-13
240,370.93117783944837,-116,E,-2.0384491045929716e-13,4.4649254840848911e-13,-2.0384491045929719e-13,-2.0384491045929714e-13,4.4649254840848906e-13,4.4649254840848916e-13
240,370.93117783944837,-115,N,-8.4713688189499335e-15,-9.4803611715435033e-15,-8.4713688189499351e-15,-8.4713688189499319e-15,-9.4803611715435048e-15,-9.4803611715435017e-15
240,370.93117783944837,-115,A,-1.4068282805737732e-15,-8.7461097067631874e-15,-1.4068282805737734e-15,-1.406828280573773e-15,-8.746109706763189e-15,-8.7461097067631859e-15
240,370.93117783944837,-115,Z,-8.8406983894857929e-14,1.1879776225459558e-13,-8.8406983894857942e-14,-8.8406983894857917e-14,1.1879776225459555e-13,1.187977622545956e-13
240,370.93117783944837,-115,E,4.448556330420102e-13,-4.0357348440231848e-13,4.4485563304201014e-13,4.4485563304201025e-13,-4.0357348440231853e-13,-4.0357348440231843e-13
240,370.93117783944837,-114,N,3.5397735793580795e-15,1.5912932210088289e-14,3.5397735793580791e-15,3.5397735793580799e-15,1.5912932210088285e-14,1.5912932210088292e-14
240,370.93117783944837,-114,A,-6.6846360971372392e-15,7.1670564746047349e-15,-6.6846360971372399e-15,-6.6846360971372384e-15,7.1670564746047333e-15,7.1670564746047365e-15
240,370.93117783944837,-114,Z,1.6203449704649277e-13,-7.7622630906097975e-14,1.6203449704649274e-13,1.620344970464928e-13,-7.7622630906097987e-14,-7.7622630906097962e-14
240,370.93117783944837,-114,E,-6.953461830351972e-13,2.3878930999314766e-13,-6.9534618303519731e-13,-6.953461830351971e-13,2.3878930999314761e-13,2.3878930999314771e-13
240,370.93117783944837,-113,N,1.4241899413083934e-15,-2.0686660400378827e-14,1.4241899413083932e-15,1.4241899413083936e-15,-2.068666040037883e-14,-2.0686660400378824e-14
240,370.93117783944837,-113,A,-2.3971930931394428e-15,7.3493561663768177e-15,-2.3971930931394432e-15,-2.3971930931394424e-15,7.3493561663768162e-15,7.3493561663768193e-15
240,370.93117783944837,-113,Z,-2.1786073320748489e-13,-8.1783357950240921e-15,-2.1786073320748491e-13,-2.1786073320748486e-13,-8.1783357950240936e-15,-8.1783357950240905e-15
240,370.93117783944837,-113,E,8.9747832635224267e-13,6.7465466108129326e-14,8.9747832635224256e-13,8.9747832635224277e-13,6.7465466108129313e-14,6.7465466108129339e-14
240,370.93117783944837,-112,N,-1.2418427339816405e-14,2.0760030908477104e-14,-1.2418427339816407e-14,-1.2418427339816403e-14,2.0760030908477101e-14,2.0760030908477108e-14
240,370.93117783944837,-112,A,2.5078756638941893e-14,-2.1333636520550203e-15,2.507875663894189e-14,2.5078756638941896e-14,-2.1333636520550207e-15,-2.1333636520550199e-15
240,370.93117783944837,-112,Z,2.2938458420775422e-13,1.3187637449780738e-13,2.2938458420775417e-13,2.2938458420775427e-13,1.3187637449780735e-13,1.318763744978074e-13
240,370.93117783944837,-112,E,-9.7703757766211446e-13,-5.0951850731170366e-13,-9.7703757766211466e-13,-9.7703757766211425e-13,-5.0951850731170376e-13,-5.0951850731170356e-13
240,370.93117783944837,-111,N,2.4206439578591759e-14,-1.9220966929420658e-14,2.4206439578591756e-14,2.4206439578591762e-14,-1.9220966929420661e-14,-1.9220966929420654e-14
240,370.93117783944837,-111,A,2.28884680901201e-14,-8.6768920761754857e-15,2.2888468090120097e-14,2.2888468090120103e-14,-8.6768920761754872e-15,-8.6768920761754841e-15
240,370.93117783944837,-111,Z,-1.7190658835216029e-13,-2.7126938155339026e-13,-1.7190658835216031e-13,-1.7190658835216026e-13,-2.7126938155339031e-13,-2.7126938155339021e-13
240,370.93117783944837,-111,E,8.5351903415142973e-13,1.045861480118176e-12,8.5351903415142963e-13,8.5351903415142983e-13,1.0458614801181758e-12,1.0458614801181762e-12
240,370.93117783944837,-110,N,-3.7903152550061427e-14,8.8306585421250636e-15,-3.7903152550061433e-14,-3.7903152550061421e-14,8.830658542125062e-15,8.8306585421250651e-15
240,370.93117783944837,-110,A,1.0526518441850048e-14,1.2863353256207896e-14,1.0526518441850047e-14,1.052651844185005e-14,1.2863353256207894e-14,1.2863353256207897e-14
240,370.93117783944837,-110,Z,3.1427851774004433e-14,3.8860896626992563e-13,3.1427851774004427e-14,3.142785177400444e-14,3.8860896626992558e-13,3.8860896626992568e-13
240,370.93117783944837,-110,E,-4.5526483945636221e-13,-1.5896791852384655e-12,-4.5526483945636231e-13,-4.5526483945636211e-13,-1.5896791852384657e-12,-1.5896791852384653e-12
240,370.93117783944837,-109,N,4.8723556951600452e-14,6.2075258308504955e-15,4.8723556951600446e-14,4.8723556951600458e-14,6.2075258308504947e-15,6.2075258308504963e-15
240,370.93117783944837,-109,A,3.0689595297955777e-14,9.914222365223358e-15,3.0689595297955771e-14,3.0689595297955784e-14,9.9142223652233565e-15,9.9142223652233596e-15
240,370.93117783944837,-109,Z,1.8585481819517801e-13,-4.3537362730933354e-13,1.8585481819517799e-13,1.8585481819517804e-13,-4.3537362730933359e-13,-4.3537362730933349e-13
240,370.93117783944837,-109,E,-2.5556272275121982e-13,2.0100059293119874e-12,-2.5556272275121987e-13,-2.5556272275121977e-13,2.010005929311987e-12,2.0100059293119878e-12
240,370.93117783944837,-108,N,-5.0573543966646322e-14,-3.3087877552196561e-14,-5.0573543966646329e-14,-5.0573543966646316e-14,-3.3087877552196567e-14,-3.3087877552196554e-14
240,370.93117783944837,-108,A,-2.4899232594893715e-14,7.3574779902186053e-15,-2.4899232594893718e-14,-2.4899232594893712e-14,7.3574779902186038e-15,7.3574779902186069e-15
240,370.93117783944837,-108,Z,-4.4581216173056005e-13,3.6291335494630376e-13,-4.458121617305601e-13,-4.4581216173056e-13,3.6291335494630371e-13,3.6291335494630381e-13
240,370.93117783944837,-108,E,1.259605032889856e-12,-2.1403262622615845e-12,1.2596050328898558e-12,1.2596050328898562e-12,-2.1403262622615849e-12,-2.1403262622615841e-12
240,370.93117783944837,-107,N,4.2717735101133392e-14,5.9908649997403042e-14,4.2717735101133386e-14,4.2717735101133398e-14,5.9908649997403029e-14,5.9908649997403055e-14
240,370.93117783944837,-107,A,2.9594252666390661e-14,1.1219253754252596e-14,2.9594252666390655e-14,2.9594252666390667e-14,1.1219253754252595e-14,1.1219253754252598e-14
240,370.93117783944837,-107,Z,6.8438532734249724e-13,-1.3815259862415091e-13,6.8438532734249714e-13,6.8438532734249734e-13,-1.3815259862415093e-13,-1.3815259862415088e-13
240,370.93117783944837,-107,E,-2.4538227767568409e-12,1.8020925477209741e-12,-2.4538227767568413e-12,-2.4538227767568405e-12,1.8020925477209739e-12,1.8020925477209743e-12
240,370.93117783944837,-106,N,-1.4757426050402082e-14,-9.0147339812391092e-14,-1.4757426050402085e-14,-1.4757426050402079e-14,-9.0147339812391104e-14,-9.0147339812391079e-14
240,370.93117783944837,-106,A,5.7980878125954122e-15,-8.992575683866133e-15,5.7980878125954115e-15,5.798087812595413e-15,-8.9925756838661346e-15,-8.9925756838661314e-15
240,370.93117783944837,-106,Z,-8.1392971595674394e-13,-2.3833793566599719e-13,-8.1392971595674404e-13,-8.1392971595674384e-13,-2.3833793566599724e-13,-2.3833793566599714e-13
240,370.93117783944837,-106,E,3.6365403642872509e-12,-8.4419973898911092e-13,3.6365403642872505e-12,3.6365403642872513e-12,-8.4419973898911102e-13,-8.4419973898911082e-13
240,370.93117783944837,-105,N,-2.3074173664392443e-14,1.1109431692897784e-13,-2.3074173664392446e-14,-2.307417366439244e-14,1.1109431692897783e-13,1.1109431692897785e-13
240,370.93117783944837,-105,A,-1.3442700406272166e-15,6.5293116259036237e-15,-1.3442700406272168e-15,-1.3442700406272164e-15,6.5293116259036229e-15,6.5293116259036245e-15
240,370.93117783944837,-105,Z,7.4053653022599736e-13,7.1646373287843639e-13,7.4053653022599726e-13,7.4053653022599747e-13,7.1646373287843629e-13,7.164637328784365e-13
240,370.93117783944837,-105,E,-4.5070549279315518e-12,-8.0659526182238944e-13,-4.5070549279315526e-12,-4.507054927931551e-12,-8.0659526182238954e-13,-8.0659526182238934e-13
240,370.93117783944837,-104,N,8.2487955020465683e-14,-1.137694047886826e-13,8.248795502046567e-14,8.2487955020465696e-14,-1.1376940478868262e-13,-1.1376940478868257e-13
240,370.93117783944837,-104,A,7.563365503309175e-15,4.579435554487423e-16,7.5633655033091734e-15,7.5633655033091765e-15,4.579435554487422e-16,4.579435554487424e-16
240,370.93117783944837,-104,Z,-3.9139123912278222e-13,-1.1892962846779732e-12,-3.9139123912278227e-13,-3.9139123912278217e-13,-1.1892962846779734e-12,-1.189296284677973e-12
240,370.93117783944837,-104,E,4.6914728973924885e-12,3.0887547082280153e-12,4.6914728973924877e-12,4.6914728973924893e-12,3.0887547082280149e-12,3.0887547082280157e-12
240,370.93117783944837,-103,N,-1.4837242805363065e-13,8.9296989905247147e-14,-1.4837242805363067e-13,-1.4837242805363062e-13,8.9296989905247135e-14,8.929698990524716e-14
240,370.93117783944837,-103,A,5.3619085450814955e-15,9.0461122797894966e-15,5.3619085450814947e-15,5.3619085450814963e-15,9.046112279789495e-15,9.0461122797894982e-15
240,370.93117783944837,-103,Z,-2.5146221693909741e-13,1.500701348387861e-12,-2.5146221693909746e-13,-2.5146221693909736e-13,1.5007013483878608e-12,1.5007013483878612e-12
240,370.93117783944837,-103,E,-3.797256889845272e-12,-5.7522365826446834e-12,-3.7972568898452729e-12,-3.7972568898452712e-12,-5.7522365826446842e-12,-5.7522365826446826e-12
240,370.93117783944837,-102,N,2.1150243430046663e-13,-2.9884921633687597e-14,2.115024343004666e-13,2.1150243430046665e-13,-2.9884921633687603e-14,-2.988492163368759e-14
240,370.93117783944837,-102,A,8.4506134476313328e-15,-1.7613202851624333e-14,8.4506134476313312e-15,8.4506134476313343e-15,-1.7613202851624337e-14,-1.761320285162433e-14
240,370.93117783944837,-102,Z,1.1192490739804205e-12,-1.4724505308588029e-12,1.1192490739804203e-12,1.1192490739804207e-12,-1.4724505308588031e-12,-1.4724505308588027e-12
240,370.93117783944837,-102,E,1.5014960861619497e-12,8.3253556220366193e-12,1.5014960861619495e-12,1.5014960861619499e-12,8.3253556220366177e-12,8.3253556220366209e-12
240,370.93117783944837,-101,N,-2.5466570120893533e-13,-7.0570282119718776e-14,-2.5466570120893538e-13,-2.5466570120893528e-13,-7.0570282119718789e-14,-7.0570282119718764e-14
240,370.93117783944837,-101,A,1.2901517172679385e-14,1.1846022802852683e-14,1.2901517172679384e-14,1.2901517172679387e-14,1.1846022802852681e-14,1.1846022802852685e-14
240,370.93117783944837,-101,Z,-2.0372772862622212e-12,9.5150822569866413e-13,-2.0372772862622216e-12,-2.0372772862622208e-12,9.5150822569866392e-13,9.5150822569866433e-13
240,370.93117783944837,-101,E,2.33238082347418e-12,-1.0120756739026301e-11,2.3323808234741796e-12,2.3323808234741804e-12,-1.0120756739026302e-11,-1.0120756739026299e-11
240,370.93117783944837,-100,N,2.5714598791722343e-13,2.0457841357663203e-13,2.5714598791722338e-13,2.5714598791722348e-13,2.04578413576632e-13,2.0457841357663205e-13
240,370.93117783944837,-100,A,6.9591984635116974e-15,-9.136150198582633e-15,6.9591984635116966e-15,6.9591984635116982e-15,-9.1361501985826346e-15,-9.1361501985826315e-15
240,370.93117783944837,-100,Z,2.7310260270046291e-12,1.2828648147531906e-13,2.7310260270046286e-12,2.7310260270046295e-12,1.2828648147531904e-13,1.2828648147531909e-13
240,370.93117783944837,-100,E,-7.5282058249526046e-12,1.0295684667486567e-11,-7.5282058249526062e-12,-7.528205824952603e-12,1.0295684667486565e-11,1.0295684667486569e-11
240,370.93117783944837,-99,N,-1.9497434967073091e-13,-3.5983349587120859e-13,-1.9497434967073094e-13,-1.9497434967073089e-13,-3.5983349587120864e-13,-3.5983349587120854e-13
240,370.93117783944837,-99,A,-3.0685274718487544e-14,3.3954561269366911e-15,-3.068527471848755e-14,-3.0685274718487538e-14,3.3954561269366907e-15,3.3954561269366915e-15
240,370.93117783944837,-99,Z,-2.8674519157818336e-12,-1.6831661301145296e-12,-2.867451915781834e-12,-2.8674519157818332e-12,-1.6831661301145298e-12,-1.6831661301145294e-12
240,370.93117783944837,-99,E,1.3480222828493929e-11,-7.9828378834480509e-12,1.3480222828493927e-11,1.348022282849393e-11,-7.9828378834480525e-12,-7.9828378834480492e-12
240,370.93117783944837,-98,N,4.5291559830363148e-14,5.0478626822508805e-13,4.5291559830363141e-14,4.5291559830363154e-14,5.0478626822508794e-13,5.0478626822508815e-13
240,370.93117783944837,-98,A,1.8931754985583795e-14,1.5868630041317186e-14,1.8931754985583792e-14,1.8931754985583798e-14,1.5868630041317183e-14,1.586863004131719e-14
240,370.93117783944837,-98,Z,2.1351047518118818e-12,3.4347725471618506e-12,2.1351047518118813e-12,2.1351047518118822e-12,3.4347725471618502e-12,3.434772547161851e-12
240,370.93117783944837,-98,E,-1.9087069877970106e-11,2.4941910398896457e-12,-1.908706987797011e-11,-1.9087069877970103e-11,2.4941910398896453e-12,2.4941910398896461e-12
240,370.93117783944837,-97,N,1.9548719307672656e-13,-5.9742445455935899e-13,1.9548719307672653e-13,1.9548719307672658e-13,-5.9742445455935909e-13,-5.9742445455935889e-13
240,370.93117783944837,-97,A,-2.1962046411086796e-14,4.2322867317479026e-14,-2.1962046411086799e-14,-2.1962046411086793e-14,4.2322867317479019e-14,4.2322867317479032e-14
240,370.93117783944837,-97,Z,-3.5564285115846904e-13,-4.907284543493005e-12,-3.5564285115846909e-13,-3.5564285115846899e-13,-4.9072845434930058e-12,-4.9072845434930042e-12
240,370.93117783944837,-97,E,2.2770781679722661e-11,6.4175701020388768e-12,2.2770781679722657e-11,2.2770781679722664e-11,6.417570102038876e-12,6.4175701020388776e-12
240,370.93117783944837,-96,N,-5.1851754583230359e-13,5.860625567657679e-13,-5.1851754583230369e-13,-5.1851754583230349e-13,5.860625567657678e-13,5.86062556765768e-13
240,370.93117783944837,-96,A,2.6646073889746368e-15,2.2591076618542037e-14,2.6646073889746364e-15,2.6646073889746372e-15,2.2591076618542034e-14,2.259107661854204e-14
240,370.93117783944837,-96,Z,-2.3943527629507934e-12,5.4871739515259953e-12,-2.3943527629507938e-12,-2.394352762950793e-12,5.4871739515259945e-12,5.4871739515259962e-12
240,370.93117783944837,-96,E,-2.2628532681279481e-11,-1.8271146665400487e-11,-2.2628532681279484e-11,-2.2628532681279478e-11,-1.827114666540049e-11,-1.8271146665400484e-11
240,370.93117783944837,-95,N,8.7320772003750831e-13,-4.1651782508134661e-13,8.7320772003750821e-13,8.7320772003750841e-13,-4.1651782508134666e-13,-4.1651782508134656e-13
240,370.93117783944837,-95,A,-4.696220312604649e-14,-6.5750131142353869e-15,-4.6962203126046496e-14,-4.6962203126046484e-14,-6.5750131142353876e-15,-6.5750131142353861e-15
240,370.93117783944837,-95,Z,5.6857056888913791e-12,-4.5563226326545775e-12,5.6857056888913783e-12,5.6857056888913799e-12,-4.5563226326545783e-12,-4.5563226326545767e-12
240,370.93117783944837,-95,E,1.6738640042065057e-11,3.1605908465594542e-11,1.6738640042065054e-11,1.673864004206506e-11,3.1605908465594535e-11,3.1605908465594548e-11
240,370.93117783944837,-94,N,-1.2049128153990077e-12,5.0657560844185525e-14,-1.2049128153990079e-12,-1.2049128153990075e-12,5.0657560844185519e-14,5.0657560844185531e-14
240,370.93117783944837,-94,A,2.4669571075246724e-14,3.6064244683702048e-14,2.4669571075246721e-14,2.4669571075246727e-14,3.6064244683702041e-14,3.6064244683702054e-14
240,370.93117783944837,-94,Z,-8.7064444358109048e-12,1.6907722911738611e-12,-8.7064444358109064e-12,-8.7064444358109032e-12,1.6907722911738609e-12,1.6907722911738613e-12
240,370.93117783944837,-94,E,-3.6321696401304312e-12,-4.3842905282230203e-11,-3.6321696401304316e-12,-3.6321696401304308e-12,-4.384290528223021e-11,-4.3842905282230197e-11
240,370.93117783944837,-93,N,1.4024577295286519e-12,5.3244172757524265e-13,1.4024577295286517e-12,1.4024577295286521e-12,5.3244172757524255e-13,5.3244172757524275e-13
240,370.93117783944837,-93,A,3.6782773639140326e-14,-2.9396674514814955e-14,3.678277363914032e-14,3.6782773639140332e-14,-2.9396674514814961e-14,-2.9396674514814949e-14
240,370.93117783944837,-93,Z,1.0341272306024797e-11,3.1077687201222063e-12,1.0341272306024795e-11,1.0341272306024798e-11,3.1077687201222059e-12,3.1077687201222067e-12
240,370.93117783944837,-93,E,-1.7112793972356445e-11,5.1354321118979632e-11,-1.7112793972356448e-11,-1.7112793972356442e-11,5.1354321118979626e-11,5.1354321118979639e-11
240,370.93117783944837,-92,N,-1.3411087902020053e-12,-1.2933428871649933e-12,-1.3411087902020055e-12,-1.3411087902020051e-12,-1.2933428871649935e-12,-1.2933428871649931e-12
240,370.93117783944837,-92,A,-2.8805786584868929e-14,6.0684190405457204e-14,-2.8805786584868935e-14,-2.8805786584868923e-14,6.0684190405457191e-14,6.0684190405457216e-14
240,370.93117783944837,-92,Z,-9.3881388572122711e-12,-9.2071319383570872e-12,-9.3881388572122727e-12,-9.3881388572122695e-12,-9.2071319383570888e-12,-9.2071319383570856e-12
240,370.93117783944837,-92,E,4.4225321026023347e-11,-4.9828803591940597e-11,4.422532102602334e-11,4.4225321026023353e-11,-4.9828803591940603e-11,-4.982880359194059e-11
240,370.93117783944837,-91,N,9.0098591558170544e-13,2.1390784010108944e-12,9.0098591558170534e-13,9.0098591558170554e-13,2.139078401010894e-12,2.1390784010108948e-12
240,370.93117783944837,-91,A,7.563365503309175e-14,-3.5000581492912358e-14,7.5633655033091737e-14,7.5633655033091762e-14,-3.5000581492912364e-14,-3.5000581492912352e-14
240,370.93117783944837,-91,Z,4.9074387427382004e-12,1.524580714690967e-11,4.9074387427381996e-12,4.9074387427382012e-12,1.5245807146909667e-11,1.5245807146909673e-11
240,370.93117783944837,-91,E,-7.4187781812910309e-11,3.4994972673889822e-11,-7.4187781812910322e-11,-7.4187781812910296e-11,3.4994972673889816e-11,3.4994972673889829e-11
240,370.93117783944837,-90,N,1.7231891877837322e-14,-2.8881604531730757e-12,1.7231891877837319e-14,1.7231891877837325e-14,-2.8881604531730761e-12,-2.8881604531730753e-12
240,370.93117783944837,-90,A,-6.8069115616078981e-14,2.1700362833761641e-15,-6.8069115616078994e-14,-6.8069115616078969e-14,2.1700362833761637e-15,2.1700362833761645e-15
240,370.93117783944837,-90,Z,3.3451137880690007e-12,-1.9223176249436805e-11,3.3451137880690003e-12,3.3451137880690011e-12,-1.9223176249436809e-11,-1.9223176249436802e-11
240,370.93117783944837,-90,E,1.0095488342849744e-10,-3.7069854000933025e-12,1.0095488342849742e-10,1.0095488342849745e-10,-3.7069854000933033e-12,-3.7069854000933017e-12
240,370.93117783944837,-89,N,-1.4326709827434818e-12,3.3001886119349463e-12,-1.432670982743482e-12,-1.4326709827434816e-12,3.3001886119349459e-12,3.3001886119349467e-12
240,370.93117783944837,-89,A,1.363848757306997e-13,5.2895720187307482e-14,1.3638487573069968e-13,1.3638487573069973e-13,5.2895720187307475e-14,5.2895720187307488e-14
240,370.93117783944837,-89,Z,-1.4502061495464159e-11,1.8841506526900676e-11,-1.4502061495464161e-11,-1.4502061495464158e-11,1.8841506526900673e-11,1.8841506526900679e-11
240,370.93117783944837,-89,E,-1.161580019627427e-10,-4.4688373929967317e-11,-1.1615800196274271e-10,-1.1615800196274269e-10,-4.4688373929967323e-11,-4.468837392996731e-11
240,370.93117783944837,-88,N,3.2587462484185461e-12,-3.0800819131286975e-12,3.2587462484185457e-12,3.2587462484185465e-12,-3.0800819131286979e-12,-3.0800819131286971e-12
240,370.93117783944837,-88,A,-1.0167142884124549e-13,-1.1504335564029862e-13,-1.016714288412455e-13,-1.0167142884124548e-13,-1.1504335564029865e-13,-1.150433556402986e-13
240,370.93117783944837,-88,Z,2.632732817414268e-11,-1.2110350454896484e-11,2.6327328174142677e-11,2.6327328174142683e-11,-1.2110350454896485e-11,-1.2110350454896482e-11
240,370.93117783944837,-88,E,1.0999116540181743e-10,1.0689887895527805e-10,1.0999116540181741e-10,1.0999116540181744e-10,1.0689887895527803e-10,1.0689887895527806e-10
240,370.93117783944837,-87,N,-5.2461270774503028e-12,1.9363751189234758e-12,-5.2461270774503036e-12,-5.2461270774503019e-12,1.9363751189234754e-12,1.9363751189234762e-12
240,370.93117783944837,-87,A,6.9122044078331778e-14,1.9617429504594932e-13,6.9122044078331765e-14,6.9122044078331791e-14,1.9617429504594929e-13,1.9617429504594934e-13
240,370.93117783944837,-87,Z,-3.528002399346762e-11,-1.8553340477060075e-12,-3.5280023993467626e-11,-3.5280023993467613e-11,-1.8553340477060079e-12,-1.8553340477060071e-12
240,370.93117783944837,-87,E,-7.2914805055410462e-11,-1.744635109745103e-10,-7.2914805055410475e-11,-7.2914805055410449e-11,-1.7446351097451033e-10,-1.7446351097451028e-10
240,370.93117783944837,-86,N,6.962482334723152e-12,3.5526802105388438e-13,6.9624823347231512e-12,6.9624823347231528e-12,3.5526802105388433e-13,3.5526802105388443e-13
240,370.93117783944837,-86,A,1.6939239338998209e-14,-2.4199966643675578e-13,1.6939239338998206e-14,1.6939239338998213e-14,-2.4199966643675583e-13,-2.4199966643675573e-13
240,370.93117783944837,-86,Z,3.7034141136931789e-11,2.2008633232314721e-11,3.7034141136931782e-11,3.7034141136931795e-11,2.2008633232314718e-11,2.2008633232314725e-11
240,370.93117783944837,-86,E,-1.8213511087408595e-12,2.3318113863918002e-10,-1.8213511087408599e-12,-1.8213511087408591e-12,2.3318113863917997e-10,2.3318113863918008e-10
240,370.93117783944837,-85,N,-7.8163751170310525e-12,-3.8172949151383715e-12,-7.8163751170310541e-12,-7.8163751170310509e-12,-3.8172949151383723e-12,-3.8172949151383707e-12
240,370.93117783944837,-85,A,-1.2687921861225286e-13,2.9807702275498752e-13,-1.2687921861225288e-13,-1.2687921861225283e-13,2.9807702275498747e-13,2.9807702275498757e-13
240,370.93117783944837,-85,Z,-2.7507096133085972e-11,-4.4770645363727977e-11,-2.7507096133085975e-11,-2.7507096133085969e-11,-4.4770645363727983e-11,-4.477064536372797e-11
240,370.93117783944837,-85,E,1.1503878122678663e-10,-2.636738496749505e-10,1.1503878122678662e-10,1.1503878122678665e-10,-2.6367384967495056e-10,-2.6367384967495045e-10
240,370.93117783944837,-84,N,7.1053719618575694e-12,8.2171416818024801e-12,7.1053719618575686e-12,7.1053719618575702e-12,8.2171416818024785e-12,8.2171416818024818e-12
240,370.93117783944837,-84,A,3.133895891696519e-13,-2.7133458335322847e-13,3.1338958916965185e-13,3.1338958916965195e-13,-2.7133458335322852e-13,-2.7133458335322842e-13
240,370.93117783944837,-84,Z,4.3109696772153779e-12,6.3962447590112693e-11,4.3109696772153771e-12,4.3109696772153787e-12,6.396244759011268e-11,6.3962447590112706e-11
240,370.93117783944837,-84,E,-2.5833206883423476e-10,2.4353206122993414e-10,-2.5833206883423481e-10,-2.5833206883423471e-10,2.4353206122993409e-10,2.4353206122993419e-10
240,370.93117783944837,-83,N,-4.1277118013741306e-12,-1.2924961603414334e-11,-4.1277118013741314e-12,-4.1277118013741298e-12,-1.2924961603414335e-11,-1.2924961603414332e-11
240,370.93117783944837,-83,A,-4.8090510552746361e-13,1.7235485388173005e-13,-4.8090510552746371e-13,-4.8090510552746351e-13,1.7235485388173002e-13,1.7235485388173008e-13
240,370.93117783944837,-83,Z,3.1639103657973664e-11,-7.1551333349808169e-11,3.1639103657973657e-11,3.163910365797367e-11,-7.1551333349808181e-11,-7.1551333349808156e-11
240,370.93117783944837,-83,E,4.113488768827997e-10,-1.5133873364471571e-10,4.1134887688279965e-10,4.1134887688279975e-10,-1.5133873364471574e-10,-1.5133873364471569e-10
240,370.93117783944837,-82,N,-1.5988356399966526e-12,1.688406679424868e-11,-1.5988356399966528e-12,-1.5988356399966524e-12,1.6884066794248677e-11,1.6884066794248684e-11
240,370.93117783944837,-82,A,6.2399381111484136e-13,3.2527457281138369e-14,6.2399381111484126e-13,6.2399381111484146e-13,3.2527457281138362e-14,3.2527457281138375e-14
240,370.93117783944837,-82,Z,-7.4806185039434827e-11,5.9367033003598414e-11,-7.480618503943484e-11,-7.4806185039434814e-11,5.9367033003598401e-11,5.9367033003598427e-11
240,370.93117783944837,-82,E,-5.4062853708691311e-10,-2.7449905596418272e-11,-5.4062853708691321e-10,-5.40628537086913e-10,-2.7449905596418276e-11,-2.7449905596418269e-11
240,370.93117783944837,-81,N,1.012557051372278e-11,-1.8630725975594802e-11,1.0125570513722778e-11,1.0125570513722781e-11,-1.8630725975594805e-11,-1.8630725975594799e-11
240,370.93117783944837,-81,A,-7.0464493560932638e-13,-3.8257108269034957e-13,-7.0464493560932648e-13,-7.0464493560932628e-13,-3.8257108269034962e-13,-3.8257108269034952e-13
240,370.93117783944837,-81,Z,1.1457371803439506e-10,-2.170447980502081e-11,1.1457371803439505e-10,1.1457371803439507e-10,-2.1704479805020813e-11,-2.1704479805020806e-11
240,370.93117783944837,-81,E,6.0110014263389881e-10,2.9325240780396434e-10,6.0110014263389871e-10,6.0110014263389892e-10,2.9325240780396428e-10,2.9325240780396439e-10
240,370.93117783944837,-80,N,-2.0797312590030533e-11,1.6469878360178669e-11,-2.0797312590030536e-11,-2.079731259003053e-11,1.6469878360178666e-11,1.6469878360178672e-11
240,370.93117783944837,-80,A,6.8689983246313472e-13,7.6186873857503717e-13,6.8689983246313462e-13,6.8689983246313482e-13,7.6186873857503707e-13,7.6186873857503727e-13
240,370.93117783944837,-80,Z,-1.3622052815841942e-10,-4.1599068957354538e-11,-1.3622052815841945e-10,-1.362205281584194e-10,-4.1599068957354545e-11,-4.1599068957354532e-11
240,370.93117783944837,-80,E,-5.4127042049173824e-10,-6.248259548935348e-10,-5.4127042049173834e-10,-5.4127042049173814e-10,-6.248259548935349e-10,-6.248259548935347e-10
240,370.93117783944837,-79,N,3.203596408710839e-11,-8.7495065477837101e-12,3.2035964087108384e-11,3.2035964087108397e-11,-8.7495065477837117e-12,-8.7495065477837085e-12
240,370.93117783944837,-79,A,-3.4289226574768078e-13,-1.2317649787654926e-12,-3.4289226574768083e-13,-3.4289226574768073e-13,-1.2317649787654928e-12,-1.2317649787654924e-12
240,370.93117783944837,-79,Z,1.2371608150034653e-10,1.2238195880583816e-10,1.237160815003465e-10,1.2371608150034655e-10,1.2238195880583814e-10,1.2238195880583819e-10
240,370.93117783944837,-79,E,3.1274665924690705e-10,9.7317023277934077e-10,3.12746659246907e-10,3.127466592469071e-10,9.7317023277934056e-10,9.7317023277934097e-10
240,370.93117783944837,-78,N,-4.1214196758563562e-11,-5.6575621122561255e-12,-4.1214196758563568e-11,-4.1214196758563555e-11,-5.6575621122561263e-12,-5.6575621122561247e-12
240,370.93117783944837,-78,A,-2.117742340926569e-13,1.6289839438662042e-12,-2.1177423409265692e-13,-2.1177423409265687e-13,1.628983943866204e-12,1.6289839438662044e-12
240,370.93117783944837,-78,Z,-6.4321803600642265e-11,-2.0272348531897588e-10,-6.4321803600642278e-11,-6.4321803600642252e-11,-2.027234853189759e-10,-2.0272348531897585e-10
240,370.93117783944837,-78,E,1.1598435771522868e-10,-1.2591499649938084e-09,1.1598435771522867e-10,1.1598435771522869e-10,-1.2591499649938086e-09,-1.2591499649938082e-09
240,370.93117783944837,-77,N,4.4730218758346377e-11,2.6774680095905584e-11,4.4730218758346371e-11,4.4730218758346384e-11,2.6774680095905581e-11,2.6774680095905587e-11
240,370.93117783944837,-77,A,1.0197657193008568e-12,-1.838330701138013e-12,1.0197657193008566e-12,1.019765719300857e-12,-1.8383307011380134e-12,-1.8383307011380126e-12
240,370.93117783944837,-77,Z,-4.5610058548031906e-11,2.5598972701577838e-10,-4.5610058548031912e-11,-4.5610058548031899e-11,2.5598972701577833e-10,2.5598972701577843e-10
240,370.93117783944837,-77,E,-7.4270761610002587e-10,1.3773909691264697e-09,-7.4270761610002597e-10,-7.4270761610002576e-10,1.3773909691264695e-09,1.3773909691264699e-09
240,370.93117783944837,-76,N,-3.8441628302267972e-11,-5.2878302589855371e-11,-3.8441628302267979e-11,-3.8441628302267966e-11,-5.2878302589855378e-11,-5.2878302589855365e-11
240,370.93117783944837,-76,A,-2.1009561720002337e-12,1.6057750243837048e-12,-2.1009561720002341e-12,-2.1009561720002333e-12,1.6057750243837046e-12,1.605775024383705e-12
240,370.93117783944837,-76,Z,1.9493950870363351e-10,-2.512462327294857e-10,1.9493950870363349e-10,1.9493950870363354e-10,-2.5124623272948576e-10,-2.5124623272948565e-10
240,370.93117783944837,-76,E,1.5141256562820876e-09,-1.2088049651685009e-09,1.5141256562820874e-09,1.5141256562820878e-09,-1.2088049651685011e-09,-1.2088049651685007e-09
240,370.93117783944837,-75,N,1.8373069425378856e-11,7.9947626250764745e-11,1.8373069425378853e-11,1.8373069425378859e-11,7.9947626250764732e-11,7.9947626250764758e-11
240,370.93117783944837,-75,A,3.3080929714188245e-12,-8.2391394002682879e-13,3.3080929714188241e-12,3.3080929714188249e-12,-8.2391394002682889e-13,-8.2391394002682868e-13
240,370.93117783944837,-75,Z,-3.5405355906180732e-10,1.6126600230980187e-10,-3.5405355906180738e-10,-3.5405355906180727e-10,1.6126600230980184e-10,1.6126600230980189e-10
240,370.93117783944837,-75,E,-2.312055628205132e-09,6.432062176563588e-10,-2.3120556282051324e-09,-2.3120556282051315e-09,6.4320621765635869e-10,6.432062176563589e-10
240,370.93117783944837,-74,N,1.809808149094301e-11,-1.0139342697624286e-10,1.8098081490943007e-11,1.8098081490943014e-11,-1.0139342697624287e-10,-1.0139342697624285e-10
240,370.93117783944837,-74,A,-4.2520061810253536e-12,-6.7301878077850998e-13,-4.2520061810253544e-12,-4.2520061810253528e-12,-6.7301878077851008e-13,-6.7301878077850988e-13
240,370.93117783944837,-74,Z,4.7539523279499085e-10,2.6695676399706752e-11,4.7539523279499074e-10,4.7539523279499095e-10,2.6695676399706749e-11,2.6695676399706756e-11
240,370.93117783944837,-74,E,2.9485094398380465e-09,3.8824209537959424e-10,2.9485094398380461e-09,2.9485094398380469e-09,3.8824209537959419e-10,3.8824209537959429e-10
240,370.93117783944837,-73,N,-7.0808528392740562e-11,1.0831198784367127e-10,-7.0808528392740575e-11,-7.0808528392740549e-11,1.0831198784367126e-10,1.0831198784367129e-10
240,370.93117783944837,-73,A,4.6594579084419998e-12,2.9182772579265374e-12,4.659457908441999e-12,4.6594579084420006e-12,2.918277257926537e-12,2.9182772579265378e-12
240,370.93117783944837,-73,Z,-5.0013164287396177e-10,-2.9950200004526603e-10,-5.0013164287396188e-10,-5.0013164287396167e-10,-2.9950200004526608e-10,-2.9950200004526598e-10
240,370.93117783944837,-73,E,-3.1756223844818884e-09,-1.8735952843470015e-09,-3.1756223844818888e-09,-3.175622384481888e-09,-1.8735952843470019e-09,-1.8735952843470011e-09
240,370.93117783944837,-72,N,1.352263727189977e-10,-9.0446544340488585e-11,1.3522637271899767e-10,1.3522637271899773e-10,-9.0446544340488598e-11,-9.0446544340488572e-11
240,370.93117783944837,-72,A,-3.9666652960673396e-12,-5.7493509837469476e-12,-3.9666652960673404e-12,-3.9666652960673388e-12,-5.7493509837469484e-12,-5.7493509837469468e-12
240,370.93117783944837,-72,Z,3.7184403185923773e-10,6.0952464023254277e-10,3.7184403185923767e-10,3.7184403185923778e-10,6.0952464023254267e-10,6.0952464023254288e-10
240,370.93117783944837,-72,E,2.7159042192370043e-09,3.6798058344958277e-09,2.7159042192370039e-09,2.7159042192370048e-09,3.6798058344958273e-09,3.6798058344958281e-09
240,370.93117783944837,-71,N,-2.010898479379107e-10,3.8135585645700922e-11,-2.0108984793791073e-10,-2.0108984793791068e-10,3.8135585645700916e-11,3.8135585645700929e-11
240,370.93117783944837,-71,A,1.8570320264207891e-12,8.7943461706739038e-12,1.8570320264207887e-12,1.8570320264207895e-12,8.7943461706739021e-12,8.7943461706739054e-12
240,370.93117783944837,-71,Z,-5.6274860291444763e-11,-8.7303129515448954e-10,-5.6274860291444769e-11,-5.6274860291444756e-11,-8.7303129515448964e-10,-8.7303129515448943e-10
240,370.93117783944837,-71,E,-1.3161541577089986e-09,-5.5210860997368503e-09,-1.3161541577089988e-09,-1.3161541577089984e-09,-5.5210860997368511e-09,-5.5210860997368495e-09
240,370.93117783944837,-70,N,2.5176686284392731e-10,5.4859710098758004e-11,2.5176686284392726e-10,2.5176686284392736e-10,5.4859710098757997e-11,5.485971009875801e-11
240,370.93117783944837,-70,A,2.250263038968422e-12,-1.1203856738181147e-11,2.2502630389684216e-12,2.2502630389684224e-12,-1.1203856738181149e-11,-1.1203856738181146e-11
240,370.93117783944837,-70,Z,-4.3629187085994524e-10,9.7960438398146687e-10,-4.3629187085994529e-10,-4.3629187085994519e-10,9.7960438398146666e-10,9.7960438398146708e-10
240,370.93117783944837,-70,E,-1.1756637823120357e-09,6.9485214320651539e-09,-1.1756637823120359e-09,-1.1756637823120355e-09,6.948521432065153e-09,6.9485214320651547e-09
240,370.93117783944837,-69,N,-2.6489976024689754e-10,-1.8765382779666529e-10,-2.6489976024689759e-10,-2.6489976024689749e-10,-1.8765382779666531e-10,-1.8765382779666526e-10
240,370.93117783944837,-69,A,-8.1908298577500592e-12,1.2100826231548403e-11,-8.1908298577500608e-12,-8.1908298577500576e-12,1.2100826231548401e-11,1.2100826231548404e-11
240,370.93117783944837,-69,Z,1.0320169492891909e-09,-8.1504757424593103e-10,1.0320169492891906e-09,1.0320169492891911e-09,-8.1504757424593114e-10,-8.1504757424593093e-10
240,370.93117783944837,-69,E,4.7174051276526134e-09,-7.3749912307876107e-09,4.7174051276526126e-09,4.7174051276526142e-09,-7.3749912307876115e-09,-7.3749912307876098e-09
240,370.93117783944837,-68,N,2.1491258761058273e-10,3.4831851886510987e-10,2.1491258761058271e-10,2.1491258761058276e-10,3.4831851886510982e-10,3.4831851886510992e-10
240,370.93117783944837,-68,A,1.5760513707228898e-11,-1.0127369028859554e-11,1.5760513707228895e-11,1.5760513707228901e-11,-1.0127369028859556e-11,-1.0127369028859553e-11
240,370.93117783944837,-68,Z,-1.5857764251644685e-09,2.9707116147367979e-10,-1.5857764251644687e-09,-1.5857764251644683e-09,2.9707116147367974e-10,2.9707116147367984e-10
240,370.93117783944837,-68,E,-8.9780765312368618e-09,6.1482524440049466e-09,-8.9780765312368635e-09,-8.9780765312368601e-09,6.1482524440049457e-09,6.1482524440049474e-09
240,370.93117783944837,-67,N,-7.7876222449219415e-11,-5.1049341700037116e-10,-7.7876222449219428e-11,-7.7876222449219402e-11,-5.1049341700037126e-10,-5.1049341700037106e-10
240,370.93117783944837,-67,A,-2.365928566482325e-11,4.0867064871918523e-12,-2.3659285664823253e-11,-2.3659285664823246e-11,4.0867064871918514e-12,4.0867064871918531e-12
240,370.93117783944837,-67,Z,1.8929396609903788e-09,5.8148150962792583e-10,1.8929396609903784e-09,1.8929396609903792e-09,5.8148150962792573e-10,5.8148150962792594e-10
240,370.93117783944837,-67,E,1.326425120629544e-08,-2.6800655185535032e-09,1.3264251206295438e-08,1.3264251206295441e-08,-2.6800655185535036e-09,-2.6800655185535028e-09
240,370.93117783944837,-66,N,-1.6125287291632394e-10,6.3180112839307831e-10,-1.6125287291632397e-10,-1.6125287291632392e-10,6.318011283930782e-10,6.3180112839307841e-10
240,370.93117783944837,-66,A,2.9900997363023891e-11,7.0331617637686031e-12,2.9900997363023885e-11,2.9900997363023898e-11,7.0331617637686023e-12,7.033161763768604e-12
240,370.93117783944837,-66,Z,-1.7266617578438337e-09,-1.7122129069154579e-09,-1.7266617578438339e-09,-1.7266617578438335e-09,-1.7122129069154581e-09,-1.7122129069154577e-09
240,370.93117783944837,-66,E,-1.6497415174310432e-08,-3.3704293539519055e-09,-1.6497415174310436e-08,-1.6497415174310429e-08,-3.370429353951906e-09,-3.3704293539519051e-09
240,370.93117783944837,-65,N,4.993069187492101e-10,-6.5548161527118595e-10,4.9930691874921e-10,4.993069187492102e-10,-6.5548161527118605e-10,-6.5548161527118584e-10
240,370.93117783944837,-65,A,-3.1841768768931629e-11,-2.3257266032827458e-11,-3.1841768768931636e-11,-3.1841768768931623e-11,-2.3257266032827462e-11,-2.3257266032827455e-11
240,370.93117783944837,-65,Z,9.0140468339723261e-10,2.8482223481691555e-09,9.014046833972325e-10,9.0140468339723271e-10,2.8482223481691551e-09,2.8482223481691559e-09
240,370.93117783944837,-65,E,1.7275666971343494e-08,1.1875309809656862e-08,1.7275666971343491e-08,1.7275666971343497e-08,1.187530980965686e-08,1.1875309809656864e-08
240,370.93117783944837,-64,N,-9.0491759342572025e-10,5.1684323827048435e-10,-9.0491759342572036e-10,-9.0491759342572015e-10,5.1684323827048425e-10,5.1684323827048446e-10
240,370.93117783944837,-64,A,2.5986348247178228e-11,4.3481243744858197e-11,2.5986348247178224e-11,2.5986348247178231e-11,4.3481243744858191e-11,4.3481243744858204e-11
240,370.93117783944837,-64,Z,6.4480478881909796e-10,-3.6150330465039383e-09,6.4480478881909785e-10,6.4480478881909806e-10,-3.6150330465039387e-09,-3.6150330465039379e-09
240,370.93117783944837,-64,E,-1.4050477919822599e-08,-2.2012969380439273e-08,-1.4050477919822601e-08,-1.4050477919822598e-08,-2.2012969380439276e-08,-2.201296938043927e-08
240,370.93117783944837,-63,N,1.3098577720079034e-09,-1.5562450625065941e-10,1.3098577720079032e-09,1.3098577720079037e-09,-1.5562450625065943e-10,-1.5562450625065938e-10
240,370.93117783944837,-63,A,-8.9643356840149682e-12,-6.4515528969246004e-11,-8.9643356840149698e-12,-8.9643356840149666e-12,-6.4515528969246017e-11,-6.4515528969245992e-11
240,370.93117783944837,-63,Z,-2.7668080548095375e-09,3.5690742499497447e-09,-2.7668080548095379e-09,-2.7668080548095371e-09,3.5690742499497443e-09,3.5690742499497451e-09
240,370.93117783944837,-63,E,5.4374461415873193e-09,3.2094004562687214e-08,5.4374461415873185e-09,5.4374461415873201e-09,3.2094004562687207e-08,3.209400456268722e-08
240,370.93117783944837,-62,N,-1.6049559657864828e-09,-4.6535536891651963e-10,-1.604955965786483e-09,-1.6049559657864826e-09,-4.6535536891651968e-10,-4.6535536891651958e-10
240,370.93117783944837,-62,A,-2.1736387168985912e-11,8.0982988636219267e-11,-2.1736387168985916e-11,-2.1736387168985909e-11,8.0982988636219254e-11,8.098298863621928e-11
240,370.93117783944837,-62,Z,5.0541848087111899e-09,-2.3088310305130832e-09,5.0541848087111891e-09,5.0541848087111907e-09,-2.3088310305130836e-09,-2.3088310305130828e-09
240,370.93117783944837,-62,E,9.3429413571615081e-09,-3.9509341640936437e-08,9.3429413571615064e-09,9.3429413571615097e-09,-3.9509341640936444e-08,-3.950934164093643e-08
240,370.93117783944837,-61,N,1.6442703450968504e-09,1.3363571262228799e-09,1.6442703450968502e-09,1.6442703450968506e-09,1.3363571262228797e-09,1.3363571262228801e-09
240,370.93117783944837,-61,A,6.6478106824803326e-11,-8.5204010686818107e-11,6.6478106824803313e-11,6.6478106824803339e-11,-8.520401068681812e-11,-8.5204010686818094e-11
240,370.93117783944837,-61,Z,-6.8306691863735011e-09,-3.7083078395045435e-10,-6.8306691863735019e-09,-6.8306691863735003e-09,-3.708307839504544e-10,-3.708307839504543e-10
240,370.93117783944837,-61,E,-2.9932975702035117e-08,4.0881009456058024e-08,-2.9932975702035124e-08,-2.993297570203511e-08,4.0881009456058017e-08,4.088100945605803e-08
240,370.93117783944837,-60,N,-1.2615385578689279e-09,-2.3747369903848181e-09,-1.2615385578689281e-09,-1.2615385578689277e-09,-2.3747369903848185e-09,-2.3747369903848177e-09
240,370.93117783944837,-60,A,-1.2182913590230601e-10,6.7893710526861505e-11,-1.2182913590230604e-10,-1.2182913590230599e-10,6.7893710526861492e-11,6.7893710526861518e-11
240,370.93117783944837,-60,Z,7.2408706750831472e-09,4.30964517837e-09,7.2408706750831464e-09,7.240870675083148e-09,4.3096451783699992e-09,4.3096451783700008e-09
240,370.93117783944837,-60,E,5.4296243843237234e-08,-3.2490014764160501e-08,5.4296243843237227e-08,5.429624384323724e-08,-3.2490014764160507e-08,-3.2490014764160494e-08
240,370.93117783944837,-59,N,3.0205307581189385e-10,3.4024393298184295e-09,3.020530758118938e-10,3.0205307581189391e-10,3.4024393298184291e-09,3.4024393298184299e-09
240,370.93117783944837,-59,A,1.7912333411978361e-10,-1.9605929867593452e-11,1.7912333411978358e-10,1.7912333411978363e-10,-1.9605929867593455e-11,-1.9605929867593448e-11
240,370.93117783944837,-59,Z,-5.440805046867015e-09,-8.8461668641983928e-09,-5.4408050468670158e-09,-5.4408050468670142e-09,-8.8461668641983944e-09,-8.8461668641983911e-09
240,370.93117783944837,-59,E,-7.8297285350212606e-08,1.1028171302935468e-08,-7.8297285350212619e-08,-7.8297285350212592e-08,1.1028171302935467e-08,1.102817130293547e-08
240,370.93117783944837,-58,N,1.3290044165655369e-09,-4.134854008620175e-09,1.3290044165655367e-09,1.3290044165655371e-09,-4.1348540086201758e-09,-4.1348540086201741e-09
240,370.93117783944837,-58,A,-2.2336145577492452e-10,-6.6723761535571487e-11,-2.2336145577492455e-10,-2.233614557749245e-10,-6.67237615355715e-11,-6.6723761535571474e-11
240,370.93117783944837,-58,Z,8.8329065764086208e-10,1.2777015186299517e-08,8.8329065764086197e-10,8.8329065764086218e-10,1.2777015186299516e-08,1.2777015186299519e-08
240,370.93117783944837,-58,E,9.5574939829081259e-08,2.5333649138749209e-08,9.5574939829081246e-08,9.5574939829081273e-08,2.5333649138749206e-08,2.5333649138749212e-08
240,370.93117783944837,-57,N,-3.604259252800419e-09,4.1911114493161707e-09,-3.6042592528004194e-09,-3.6042592528004186e-09,4.1911114493161699e-09,4.1911114493161715e-09
240,370.93117783944837,-57,A,2.3298661648611704e-10,1.9209517575597125e-10,2.3298661648611698e-10,2.3298661648611709e-10,1.9209517575597122e-10,1.9209517575597127e-10
240,370.93117783944837,-57,Z,6.3464021038651563e-09,-1.4473786786010626e-08,6.3464021038651554e-09,6.3464021038651571e-09,-1.4473786786010628e-08,-1.4473786786010625e-08
240,370.93117783944837,-57,E,-9.7905167858096216e-08,-7.5651084914146035e-08,-9.7905167858096229e-08,-9.7905167858096203e-08,-7.5651084914146048e-08,-7.5651084914146022e-08
240,370.93117783944837,-56,N,6.3056649806948381e-09,-3.1361881444781934e-09,6.3056649806948373e-09,6.3056649806948389e-09,-3.1361881444781938e-09,-3.136188144478193e-09
240,370.93117783944837,-56,A,-1.8172531901551971e-10,-3.4689712133090166e-10,-1.8172531901551974e-10,-1.8172531901551969e-10,-3.4689712133090171e-10,-3.4689712133090161e-10
240,370.93117783944837,-56,Z,-1.5228850491120084e-08,1.2201183450272155e-08,-1.5228850491120088e-08,-1.5228850491120081e-08,1.2201183450272153e-08,1.2201183450272157e-08
240,370.93117783944837,-56,E,7.6237108717434595e-08,1.3488241231437166e-07,7.6237108717434581e-08,7.6237108717434608e-08,1.3488241231437163e-07,1.3488241231437169e-07
240,370.93117783944837,-55,N,-8.9640153073491374e-09,5.6372490782569894e-10,-8.9640153073491391e-09,-8.9640153073491358e-09,5.6372490782569884e-10,5.6372490782569904e-10
240,370.93117783944837,-55,A,4.2717877283541531e-11,5.068663523088136e-10,4.2717877283541524e-11,4.2717877283541537e-11,5.068663523088135e-10,5.0686635230881371e-10
240,370.93117783944837,-55,Z,2.3659632733466422e-08,-4.6367022321428413e-09,2.3659632733466419e-08,2.3659632733466426e-08,-4.6367022321428421e-09,-4.6367022321428405e-09
240,370.93117783944837,-55,E,-2.2522305225711175e-08,-1.9284957875388488e-07,-2.2522305225711178e-08,-2.2522305225711172e-08,-1.9284957875388491e-07,-1.9284957875388485e-07
240,370.93117783944837,-54,N,1.0827329777958273e-08,3.7769875635493357e-09,1.0827329777958271e-08,1.0827329777958275e-08,3.7769875635493349e-09,3.7769875635493366e-09
240,370.93117783944837,-54,A,2.0438201189215746e-10,-6.2917819164424614e-10,2.0438201189215743e-10,2.0438201189215749e-10,-6.2917819164424625e-10,-6.2917819164424604e-10
240,370.93117783944837,-54,Z,-2.8577878747660286e-08,-8.4735608611779614e-09,-2.857787874766029e-08,-2.8577878747660283e-08,-8.473560861177963e-09,-8.4735608611779597e-09
240,370.93117783944837,-54,E,-6.7672004406720684e-08,2.3390477907342608e-07,-6.7672004406720697e-08,-6.7672004406720671e-08,2.3390477907342605e-07,2.339047790734261e-07
240,370.93117783944837,-53,N,-1.0884662651449753e-08,-9.8154321962928356e-09,-1.0884662651449755e-08,-1.0884662651449752e-08,-9.8154321962928372e-09,-9.8154321962928339e-09
240,370.93117783944837,-53,A,-5.6293607982532017e-10,6.5231102570788402e-10,-5.6293607982532027e-10,-5.6293607982532007e-10,6.5231102570788391e-10,6.5231102570788412e-10
240,370.93117783944837,-53,Z,2.6478607581831374e-08,2.566726857228356e-08,2.6478607581831371e-08,2.6478607581831377e-08,2.5667268572283557e-08,2.5667268572283564e-08
240,370.93117783944837,-53,E,1.9197394962588987e-07,-2.3778616989040073e-07,1.9197394962588985e-07,1.919739496258899e-07,-2.3778616989040076e-07,-2.377861698904007e-07
240,370.93117783944837,-52,N,7.9740590864009272e-09,1.6975099557671368e-08,7.9740590864009255e-09,7.9740590864009288e-09,1.6975099557671365e-08,1.6975099557671372e-08
240,370.93117783944837,-52,A,1.0065780613734049e-09,-5.000866414331084e-10,1.0065780613734047e-09,1.0065780613734051e-09,-5.0008664143310851e-10,-5.000866414331083e-10
240,370.93117783944837,-52,Z,-1.4342438772781277e-08,-4.3343751192608408e-08,-1.4342438772781279e-08,-1.4342438772781276e-08,-4.3343751192608414e-08,-4.3343751192608401e-08
240,370.93117783944837,-52,E,-3.3791168852191568e-07,1.8212631240015339e-07,-3.3791168852191573e-07,-3.3791168852191562e-07,1.8212631240015337e-07,1.8212631240015342e-07
240,370.93117783944837,-51,N,-9.9958929774900833e-10,-2.4006038667149049e-08,-9.9958929774900854e-10,-9.9958929774900813e-10,-2.4006038667149052e-08,-2.4006038667149046e-08
240,370.93117783944837,-51,A,-1.4653948847904654e-09,9.3772218207788342e-11,-1.4653948847904656e-09,-1.4653948847904652e-09,9.3772218207788329e-11,9.3772218207788355e-11
240,370.93117783944837,-51,Z,-9.102662319973259e-09,5.5825591867277377e-08,-9.1026623199732606e-09,-9.1026623199732573e-09,5.5825591867277371e-08,5.5825591867277384e-08
240,370.93117783944837,-51,E,4.8027489863986444e-07,-4.6932103336672663e-08,4.8027489863986434e-07,4.8027489863986455e-07,-4.693210333667267e-08,-4.6932103336672657e-08
240,370.93117783944837,-50,N,-1.0729821835951142e-08,2.8890233253926109e-08,-1.0729821835951144e-08,-1.0729821835951141e-08,2.8890233253926105e-08,2.8890233253926112e-08
240,370.93117783944837,-50,A,1.8159359455122552e-09,6.2819313114722585e-10,1.815935945512255e-09,1.8159359455122554e-09,6.2819313114722575e-10,6.2819313114722596e-10
240,370.93117783944837,-50,Z,4.2026763697450638e-08,-5.6140187650846195e-08,4.2026763697450632e-08,4.2026763697450645e-08,-5.6140187650846202e-08,-5.6140187650846189e-08
240,370.93117783944837,-50,E,-5.8017124234309561e-07,-1.7895073961549102e-07,-5.8017124234309572e-07,-5.801712423430955e-07,-1.7895073961549104e-07,-1.7895073961549099e-07
240,370.93117783944837,-49,N,2.7051471566262029e-08,-2.8891810554593466e-08,2.7051471566262026e-08,2.7051471566262032e-08,-2.8891810554593469e-08,-2.8891810554593463e-08
240,370.93117783944837,-49,A,-1.8773196223411042e-09,-1.6790286587236036e-09,-1.8773196223411046e-09,-1.8773196223411038e-09,-1.6790286587236038e-09,-1.6790286587236034e-09
240,370.93117783944837,-49,Z,-7.8446937865271179e-08,3.7647324166495222e-08,-7.8446937865271192e-08,-7.8446937865271165e-08,3.7647324166495215e-08,3.7647324166495228e-08
240,370.93117783944837,-49,E,5.8699432149478148e-07,4.898602478290234e-07,5.8699432149478137e-07,5.8699432149478159e-07,4.898602478290233e-07,4.8986024782902351e-07
240,370.93117783944837,-48,N,-4.6437267938256367e-08,2.0832842235928343e-08,-4.6437267938256374e-08,-4.6437267938256361e-08,2.083284223592834e-08,2.0832842235928346e-08
240,370.93117783944837,-48,A,1.4229495146281033e-09,2.9851504258755168e-09,1.4229495146281031e-09,1.4229495146281035e-09,2.9851504258755164e-09,2.9851504258755172e-09
240,370.93117783944837,-48,Z,1.079880753270167e-07,3.5709530419543402e-09,1.0798807532701669e-07,1.0798807532701672e-07,3.5709530419543398e-09,3.5709530419543406e-09
240,370.93117783944837,-48,E,-4.4450226505675608e-07,-8.5494891135219104e-07,-4.4450226505675613e-07,-4.4450226505675603e-07,-8.5494891135219115e-07,-8.5494891135219094e-07
240,370.93117783944837,-47,N,6.5514821633988902e-08,-1.6690795574591961e-09,6.5514821633988888e-08,6.5514821633988915e-08,-1.6690795574591964e-09,-1.6690795574591959e-09
240,370.93117783944837,-47,A,-2.1251973106646571e-10,-4.3445072387239089e-09,-2.1251973106646573e-10,-2.1251973106646568e-10,-4.3445072387239097e-09,-4.3445072387239081e-09
240,370.93117783944837,-47,Z,-1.1696980558436104e-07,-6.593606479498167e-08,-1.1696980558436106e-07,-1.1696980558436103e-07,-6.5936064794981684e-08,-6.5936064794981657e-08
240,370.93117783944837,-47,E,1.018827948774921e-07,1.211295678540941e-06,1.0188279487749209e-07,1.0188279487749211e-07,1.2112956785409408e-06,1.2112956785409412e-06
240,370.93117783944837,-46,N,-7.8771002419480075e-08,-3.0590548300971394e-08,-7.8771002419480089e-08,-7.8771002419480062e-08,-3.05905483009714e-08,-3.0590548300971387e-08
240,370.93117783944837,-46,A,-1.9476253507420323e-09,5.3906808708196588e-09,-1.9476253507420327e-09,-1.9476253507420319e-09,5.390680870819658e-09,5.3906808708196597e-09
240,370.93117783944837,-46,Z,9.1175883447001846e-08,1.3992061664996423e-07,9.1175883447001833e-08,9.1175883447001859e-08,1.399206166499642e-07,1.3992061664996426e-07
240,370.93117783944837,-46,E,4.7004971636886054e-07,-1.4611026253235918e-06,4.7004971636886049e-07,4.7004971636886059e-07,-1.461102625323592e-06,-1.4611026253235915e-06
240,370.93117783944837,-45,N,7.8638387022068603e-08,7.5638522153081306e-08,7.863838702206859e-08,7.8638387022068616e-08,7.5638522153081293e-08,7.563852215308132e-08
240,370.93117783944837,-45,A,5.1130488016314763e-09,-5.578176996946398e-09,5.1130488016314755e-09,5.1130488016314771e-09,-5.5781769969463988e-09,-5.5781769969463972e-09
240,370.93117783944837,-45,Z,-2.0304080665883169e-08,-2.0689966569542631e-07,-2.0304080665883172e-08,-2.0304080665883166e-08,-2.0689966569542634e-07,-2.0689966569542629e-07
240,370.93117783944837,-45,E,-1.2585783635351043e-06,1.4760939295019922e-06,-1.2585783635351045e-06,-1.258578363535104e-06,1.476093929501992e-06,1.4760939295019924e-06
240,370.93117783944837,-44,N,-5.6198014625785826e-08,-1.2941433507686291e-07,-5.6198014625785833e-08,-5.619801462578582e-08,-1.2941433507686294e-07,-1.2941433507686289e-07
240,370.93117783944837,-44,A,-9.0812670132104064e-09,4.2094647502060895e-09,-9.081267013210408e-09,-9.0812670132104047e-09,4.2094647502060887e-09,4.2094647502060903e-09
240,370.93117783944837,-44,Z,-9.6455878554483127e-08,2.4039169491410467e-07,-9.6455878554483141e-08,-9.6455878554483114e-08,2.4039169491410462e-07,2.4039169491410472e-07
240,370.93117783944837,-44,E,2.1874299691392897e-06,-1.1122748578436176e-06,2.1874299691392893e-06,2.1874299691392901e-06,-1.1122748578436178e-06,-1.1122748578436174e-06
240,370.93117783944837,-43,N,2.724044846471453e-09,1.8269238773722628e-07,2.7240448464714526e-09,2.7240448464714534e-09,1.8269238773722625e-07,1.826923877372263e-07
240,370.93117783944837,-43,A,1.325644661079473e-08,-5.2572465438513078e-10,1.3256446610794728e-08,1.3256446610794732e-08,-5.2572465438513088e-10,-5.2572465438513067e-10
240,370.93117783944837,-43,Z,2.4493748696339506e-07,-2.1058422518765755e-07,2.4493748696339501e-07,2.4493748696339511e-07,-2.1058422518765758e-07,-2.1058422518765753e-07
240,370.93117783944837,-43,E,-3.0983952139790686e-06,2.3747922362342935e-07,-3.098395213979069e-06,-3.0983952139790682e-06,2.3747922362342932e-07,2.3747922362342937e-07
240,370.93117783944837,-42,N,8.7776761078847464e-08,-2.2012278739801502e-07,8.7776761078847451e-08,8.7776761078847477e-08,-2.2012278739801505e-07,-2.20122787398015e-07
240,370.93117783944837,-42,A,-1.65262950046925e-08,-6.1139683147618363e-09,-1.6526295004692503e-08,-1.6526295004692496e-08,-6.1139683147618371e-09,-6.1139683147618354e-09
240,370.93117783944837,-42,Z,-3.9246243857763101e-07,9.2453940950364147e-08,-3.9246243857763106e-07,-3.9246243857763095e-07,9.2453940950364134e-08,9.245394095036416e-08
240,370.93117783944837,-42,E,3.7428141599312447e-06,1.2276405434123004e-06,3.7428141599312443e-06,3.7428141599312452e-06,1.2276405434123002e-06,1.2276405434123006e-06
240,370.93117783944837,-41,N,-2.1504057023208036e-07,2.2029286655967256e-07,-2.1504057023208039e-07,-2.1504057023208033e-07,2.2029286655967254e-07,2.2029286655967259e-07
240,370.93117783944837,-41,A,1.7196155680745021e-08,1.5950535657817443e-08,1.7196155680745018e-08,1.7196155680745024e-08,1.5950535657817439e-08,1.5950535657817446e-08
240,370.93117783944837,-41,Z,4.8849252201939318e-07,1.2321291259082857e-07,4.8849252201939308e-07,4.8849252201939329e-07,1.2321291259082854e-07,1.2321291259082859e-07
240,370.93117783944837,-41,E,-3.7909469211978909e-06,-3.2575144032299754e-06,-3.7909469211978913e-06,-3.7909469211978905e-06,-3.2575144032299758e-06,-3.2575144032299749e-06
240,370.93117783944837,-40,N,3.6831783686258235e-07,-1.574899215557899e-07,3.6831783686258229e-07,3.683178368625824e-07,-1.5748992155578993e-07,-1.5748992155578987e-07
240,370.93117783944837,-40,A,-1.3043726213711197e-08,-2.8442302406561764e-08,-1.3043726213711198e-08,-1.3043726213711195e-08,-2.8442302406561767e-08,-2.844230240656176e-08
240,370.93117783944837,-40,Z,-4.7157002519508081e-07,-4.1792293585821122e-07,-4.7157002519508086e-07,-4.7157002519508076e-07,-4.1792293585821127e-07,-4.1792293585821117e-07
240,370.93117783944837,-40,E,2.8675054406466693e-06,5.6649307545475205e-06,2.8675054406466689e-06,2.8675054406466697e-06,5.6649307545475197e-06,5.6649307545475214e-06
240,370.93117783944837,-39,N,-5.2209936083028706e-07,5.8541304525040205e-09,-5.2209936083028716e-07,-5.2209936083028695e-07,5.8541304525040197e-09,5.8541304525040214e-09
240,370.93117783944837,-39,A,1.5723631812139511e-09,4.181369565201073e-08,1.5723631812139509e-09,1.5723631812139513e-09,4.1813695652010723e-08,4.1813695652010737e-08
240,370.93117783944837,-39,Z,2.8375870682129862e-07,7.3612894797698125e-07,2.8375870682129856e-07,2.8375870682129867e-07,7.3612894797698115e-07,7.3612894797698136e-07
240,370.93117783944837,-39,E,-6.1997869108443964e-07,-8.0511017767448888e-06,-6.1997869108443975e-07,-6.1997869108443954e-07,-8.0511017767448905e-06,-8.0511017767448871e-06
240,370.93117783944837,-38,N,6.3291356065963365e-07,2.5355613328165551e-07,6.3291356065963354e-07,6.3291356065963375e-07,2.5355613328165545e-07,2.5355613328165556e-07
240,370.93117783944837,-38,A,1.9455008020720828e-08,-5.2613088178455182e-08,1.9455008020720825e-08,1.9455008020720832e-08,-5.2613088178455189e-08,-5.2613088178455175e-08
240,370.93117783944837,-38,Z,1.0797513466363858e-07,-9.8293609220649731e-07,1.0797513466363857e-07,1.079751346636386e-07,-9.8293609220649752e-07,-9.829360922064971e-07
240,370.93117783944837,-38,E,-3.1777882386968224e-06,9.7788591279385669e-06,-3.1777882386968229e-06,-3.177788238696822e-06,9.7788591279385652e-06,9.7788591279385686e-06
240,370.93117783944837,-37,N,-6.3878075714506064e-07,-6.2267228125641764e-07,-6.3878075714506074e-07,-6.3878075714506053e-07,-6.2267228125641775e-07,-6.2267228125641754e-07
240,370.93117783944837,-37,A,-5.1133766403401716e-08,5.5412697154969317e-08,-5.1133766403401722e-08,-5.1133766403401709e-08,5.5412697154969311e-08,5.5412697154969324e-08
240,370.93117783944837,-37,Z,-6.8657772842208172e-07,1.0335787494719778e-06,-6.8657772842208183e-07,-6.8657772842208161e-07,1.0335787494719776e-06,1.033578749471978e-06
240,370.93117783944837,-37,E,8.4913124888995015e-06,-9.989087205777056e-06,8.4913124888994998e-06,8.4913124888995031e-06,-9.9890872057770577e-06,-9.9890872057770543e-06
240,370.93117783944837,-36,N,4.63288033019836e-07,1.0738784102993063e-06,4.6328803301983595e-07,4.6328803301983606e-07,1.0738784102993061e-06,1.0738784102993065e-06
240,370.93117783944837,-36,A,9.2165042211839048e-08,-4.2850501560339559e-08,9.2165042211839034e-08,9.2165042211839061e-08,-4.2850501560339566e-08,-4.2850501560339553e-08
240,370.93117783944837,-36,Z,1.3620571425894649e-06,-7.5820108931571473e-07,1.3620571425894646e-06,1.3620571425894651e-06,-7.5820108931571483e-07,-7.5820108931571462e-07
240,370.93117783944837,-36,E,-1.4874692182004155e-05,7.6817406438728427e-06,-1.4874692182004156e-05,-1.4874692182004153e-05,7.681740643872841e-06,7.6817406438728444e-06
240,370.93117783944837,-35,N,-2.6397448036581347e-08,-1.536598867384498e-06,-2.639744803658135e-08,-2.6397448036581343e-08,-1.5365988673844982e-06,-1.5365988673844977e-06
240,370.93117783944837,-35,A,-1.3728714892077406e-07,6.2712047773416977e-09,-1.3728714892077409e-07,-1.3728714892077403e-07,6.2712047773416969e-09,6.2712047773416986e-09
240,370.93117783944837,-35,Z,-1.9598126725626705e-06,6.2483845889408946e-08,-1.9598126725626709e-06,-1.9598126725626701e-06,6.2483845889408933e-08,6.2483845889408959e-08
240,370.93117783944837,-35,E,2.1329051444760898e-05,-1.8802093345327448e-06,2.1329051444760895e-05,2.1329051444760902e-05,-1.880209334532745e-06,-1.8802093345327445e-06
240,370.93117783944837,-34,N,-7.3611787338251189e-07,1.8858183398654175e-06,-7.36117873382512e-07,-7.3611787338251178e-07,1.8858183398654173e-06,1.8858183398654177e-06
240,370.93117783944837,-34,A,1.7557549798052249e-07,6.2723365666609992e-08,1.7557549798052247e-07,1.7557549798052252e-07,6.2723365666609979e-08,6.2723365666610005e-08
240,370.93117783944837,-34,Z,2.230374372851438e-06,1.0601943412311953e-06,2.2303743728514376e-06,2.2303743728514384e-06,1.060194341231195e-06,1.0601943412311955e-06
240,370.93117783944837,-34,E,-2.6208181903136082e-05,-8.1095943646216457e-06,-2.6208181903136085e-05,-2.6208181903136079e-05,-8.1095943646216474e-06,-8.109594364621644e-06
240,370.93117783944837,-33,N,1.8434364024886013e-06,-1.9367583014720566e-06,1.8434364024886011e-06,1.8434364024886016e-06,-1.936758301472057e-06,-1.9367583014720562e-06
240,370.93117783944837,-33,A,-1.8897343733979479e-07,-1.6949290251488463e-07,-1.8897343733979482e-07,-1.8897343733979476e-07,-1.6949290251488466e-07,-1.694929025148846e-07
240,370.93117783944837,-33,Z,-1.8896532274403722e-06,-2.4755936417065159e-06,-1.8896532274403724e-06,-1.8896532274403719e-06,-2.4755936417065163e-06,-2.4755936417065154e-06
240,370.93117783944837,-33,E,2.7221157383760913e-05,2.2346994285011291e-05,2.722115738376091e-05,2.7221157383760916e-05,2.2346994285011288e-05,2.2346994285011294e-05
240,370.93117783944837,-32,N,-3.2308500337711385e-06,1.4514616008413725e-06,-3.230850033771139e-06,-3.2308500337711381e-06,1.4514616008413723e-06,1.4514616008413727e-06
240,370.93117783944837,-32,A,1.516658324484932e-07,3.120665208728387e-07,1.5166583244849317e-07,1.5166583244849323e-07,3.1206652087283864e-07,3.1206652087283875e-07
240,370.93117783944837,-32,Z,6.9409107734102656e-07,3.8713541950497131e-06,6.9409107734102646e-07,6.9409107734102667e-07,3.8713541950497122e-06,3.8713541950497139e-06
240,370.93117783944837,-32,E,-2.1592034095814987e-05,-3.9832393321943836e-05,-2.159203409581499e-05,-2.1592034095814984e-05,-3.9832393321943843e-05,-3.9832393321943829e-05
240,370.93117783944837,-31,N,4.7038249281522258e-06,-1.6460901172912993e-07,4.7038249281522249e-06,4.7038249281522266e-06,-1.6460901172912996e-07,-1.6460901172912991e-07
240,370.93117783944837,-31,A,-3.1246008164360983e-08,-4.7520985109077839e-07,-3.1246008164360989e-08,-3.1246008164360976e-08,-4.7520985109077845e-07,-4.7520985109077834e-07
240,370.93117783944837,-31,Z,1.4537279933578733e-06,-4.7571177124277428e-06,1.4537279933578731e-06,1.4537279933578735e-06,-4.7571177124277436e-06,-4.7571177124277419e-06
240,370.93117783944837,-31,E,6.4437990372015056e-06,5.8061434676475104e-05,6.4437990372015047e-06,6.4437990372015064e-06,5.8061434676475097e-05,5.806143467647511e-05
240,370.93117783944837,-30,N,-5.8912245400982991e-06,-2.1627213246593329e-06,-5.8912245400983e-06,-5.8912245400982983e-06,-2.1627213246593333e-06,-2.1627213246593325e-06
240,370.93117783944837,-30,A,-2.069539017736328e-07,6.2308962901212399e-07,-2.0695390177363283e-07,-2.0695390177363278e-07,6.2308962901212388e-07,6.2308962901212409e-07
240,370.93117783944837,-30,Z,-4.3859035525124354e-06,4.5237728863576053e-06,-4.3859035525124363e-06,-4.3859035525124346e-06,4.5237728863576045e-06,4.5237728863576062e-06
240,370.93117783944837,-30,E,2.0527665669323576e-05,-7.2650122752944152e-05,2.0527665669323572e-05,2.0527665669323579e-05,-7.2650122752944166e-05,-7.2650122752944139e-05
240,370.93117783944837,-29,N,6.2099835566199882e-06,5.6522542544465756e-06,6.2099835566199874e-06,6.2099835566199891e-06,5.6522542544465748e-06,5.6522542544465765e-06
240,370.93117783944837,-29,A,5.9054765669870485e-07,-6.9150510464590821e-07,5.9054765669870474e-07,5.9054765669870496e-07,-6.9150510464590831e-07,-6.915051046459081e-07
240,370.93117783944837,-29,Z,7.5675441959911889e-06,-2.5770020036129988e-06,7.5675441959911881e-06,7.5675441959911898e-06,-2.5770020036129992e-06,-2.5770020036129984e-06
240,370.93117783944837,-29,E,-6.0045522053403076e-05,7.7181913283242725e-05,-6.0045522053403083e-05,-6.0045522053403069e-05,7.7181913283242711e-05,7.7181913283242738e-05
240,370.93117783944837,-28,N,-4.8623747065764887e-06,-1.017412227458813e-05,-4.8623747065764895e-06,-4.8623747065764878e-06,-1.0174122274588132e-05,-1.0174122274588129e-05
240,370.93117783944837,-28,A,-1.12373397992912e-06,5.8196278476040074e-07,-1.1237339799291202e-06,-1.1237339799291198e-06,5.8196278476040063e-07,5.8196278476040084e-07
240,370.93117783944837,-28,Z,-1.0055967539334434e-05,-1.4548381535719048e-06,-1.0055967539334436e-05,-1.0055967539334432e-05,-1.454838153571905e-06,-1.4548381535719046e-06
240,370.93117783944837,-28,E,0.00010992688403967431,-6.3495826607240543e-05,0.0001099268840396743,0.00010992688403967433,-6.3495826607240556e-05,-6.3495826607240529e-05
240,370.93117783944837,-27,N,8.9785001730653388e-07,1.5170931838729897e-05,8.9785001730653378e-07,8.9785001730653399e-07,1.5170931838729895e-05,1.5170931838729899e-05
240,370.93117783944837,-27,A,1.7622121532460925e-06,-1.6181899646722635e-07,1.7622121532460923e-06,1.7622121532460927e-06,-1.6181899646722638e-07,-1.6181899646722633e-07
240,370.93117783944837,-27,Z,1.0569736777615477e-05,7.4621608757086955e-06,1.0569736777615475e-05,1.0569736777615478e-05,7.4621608757086946e-06,7.4621608757086963e-06
240,370.93117783944837,-27,E,-0.00016357803266657848,2.2688545925837662e-05,-0.00016357803266657851,-0.00016357803266657845,2.2688545925837658e-05,2.2688545925837665e-05
240,370.93117783944837,-26,N,6.6193486242493975e-06,-1.9460245756229128e-05,6.6193486242493967e-06,6.6193486242493983e-06,-1.9460245756229132e-05,-1.9460245756229125e-05
240,370.93117783944837,-26,A,-2.3793139398870545e-06,-7.2286706907316308e-07,-2.3793139398870549e-06,-2.3793139398870541e-06,-7.2286706907316318e-07,-7.2286706907316297e-07
240,370.93117783944837,-26,Z,-7.710051924655494e-06,-1.4598181803333647e-05,-7.7100519246554957e-06,-7.7100519246554923e-06,-1.4598181803333648e-05,-1.4598181803333645e-05
240,370.93117783944837,-26,E,0.00020863166937117055,5.2900279909098312e-05,0.00020863166937117053,0.00020863166937117058,5.2900279909098306e-05,5.2900279909098319e-05
240,370.93117783944837,-25,N,-1.8294496250347596e-05,2.1063358716425001e-05,-1.8294496250347599e-05,-1.8294496250347592e-05,2.1063358716424997e-05,2.1063358716425004e-05
240,370.93117783944837,-25,A,2.7266499267851732e-06,2.2127773315262767e-06,2.7266499267851728e-06,2.7266499267851736e-06,2.2127773315262762e-06,2.2127773315262771e-06
240,370.93117783944837,-25,Z,3.5410276672248443e-07,2.1108753532819829e-05,3.5410276672248438e-07,3.5410276672248448e-07,2.1108753532819826e-05,2.1108753532819833e-05
240,370.93117783944837,-25,E,-0.00022627149259403081,-0.0001665633745453085,-0.00022627149259403083,-0.00022627149259403078,-0.00016656337454530853,-0.00016656337454530848
240,370.93117783944837,-24,N,3.3909725351809117e-05,-1.7142482833511196e-05,3.3909725351809111e-05,3.3909725351809124e-05,-1.7142482833511199e-05,-1.7142482833511193e-05
240,370.93117783944837,-24,A,-2.3981035282225643e-06,-4.3684815376143378e-06,-2.3981035282225647e-06,-2.3981035282225639e-06,-4.3684815376143386e-06,-4.3684815376143369e-06
240,370.93117783944837,-24,Z,1.1801704594678995e-05,-2.435326413474897e-05,1.1801704594678993e-05,1.1801704594678996e-05,-2.4353264134748974e-05,-2.4353264134748967e-05
240,370.93117783944837,-24,E,0.00019199587556346568,0.00031306819592188891,0.00019199587556346565,0.0001919958755634657,0.00031306819592188885,0.00031306819592188896
240,370.93117783944837,-23,N,-5.175593606031219e-05,4.1639534951245052e-06,-5.1755936060312197e-05,-5.1755936060312184e-05,4.1639534951245044e-06,4.163953495124506e-06
240,370.93117783944837,-23,A,8.1448036249537167e-07,7.0606149469003185e-06,8.1448036249537156e-07,8.1448036249537178e-07,7.0606149469003177e-06,7.0606149469003194e-06
240,370.93117783944837,-23,Z,-2.7630234794639296e-05,2.1125247137648503e-05,-2.7630234794639299e-05,-2.7630234794639292e-05,2.1125247137648499e-05,2.1125247137648506e-05
240,370.93117783944837,-23,E,-7.8685456575344409e-05,-0.00047400880783060134,-7.8685456575344423e-05,-7.8685456575344396e-05,-0.0004740088078306014,-0.00047400880783060129
240,370.93117783944837,-22,N,6.7841662583073602e-05,2.1555651253277841e-05,6.7841662583073588e-05,6.7841662583073616e-05,2.1555651253277837e-05,2.1555651253277844e-05
240,370.93117783944837,-22,A,2.7403547358858752e-06,-9.8103220372656771e-06,2.7403547358858748e-06,2.7403547358858756e-06,-9.8103220372656788e-06,-9.8103220372656754e-06
240,370.93117783944837,-22,Z,4.404604326495924e-05,-8.3528622012797315e-06,4.4046043264959233e-05,4.4046043264959247e-05,-8.3528622012797332e-06,-8.3528622012797298e-06
240,370.93117783944837,-22,E,-0.00013725986429092326,0.00061384773465159969,-0.00013725986429092329,-0.00013725986429092324,0.00061384773465159958,0.0006138477346515998
240,370.93117783944837,-21,N,-7.5132833375332256e-05,-6.2715614841844184e-05,-7.5132833375332269e-05,-7.5132833375332242e-05,-6.2715614841844198e-05,-6.271561484184417e-05
240,370.93117783944837,-21,A,-8.9816655848488757e-06,1.15897501219602e-05,-8.9816655848488774e-06,-8.981665584848874e-06,1.1589750121960198e-05,1.1589750121960202e-05
240,370.93117783944837,-21,Z,-5.577817097293553e-05,-1.5814004654971044e-05,-5.5778170972935537e-05,-5.5778170972935523e-05,-1.5814004654971048e-05,-1.5814004654971041e-05
240,370.93117783944837,-21,E,0.00046654061555027074,-0.00067865423065446124,0.00046654061555027068,0.00046654061555027079,-0.00067865423065446135,-0.00067865423065446113
240,370.93117783944837,-20,N,6.3204386921294781e-05,0.00011910562274944269,6.3204386921294768e-05,6.3204386921294795e-05,0.00011910562274944268,0.0001191056227494427
240,370.93117783944837,-20,A,1.8322472107028298e-05,-1.0637446957466062e-05,1.8322472107028294e-05,1.8322472107028301e-05,-1.0637446957466064e-05,-1.063744695746606e-05
240,370.93117783944837,-20,Z,5.5684218027725828e-05,5.0643076099888811e-05,5.5684218027725822e-05,5.5684218027725835e-05,5.0643076099888804e-05,5.0643076099888817e-05
240,370.93117783944837,-20,E,-0.00089577749178489823,0.00060015126701851271,-0.00089577749178489834,-0.00089577749178489812,0.0006001512670185126,0.00060015126701851282
240,370.93117783944837,-19,N,-1.9042440892127103e-05,-0.00018497212520210039,-1.9042440892127106e-05,-1.90424408921271e-05,-0.00018497212520210041,-0.00018497212520210036
240,370.93117783944837,-19,A,-3.0390651630825964e-05,4.4152764384137885e-06,-3.0390651630825968e-05,-3.0390651630825961e-05,4.4152764384137876e-06,4.4152764384137893e-06
240,370.93117783944837,-19,Z,-3.5791515746111898e-05,-9.1431169946084765e-05,-3.5791515746111905e-05,-3.5791515746111891e-05,-9.1431169946084778e-05,-9.1431169946084751e-05
240,370.93117783944837,-19,E,0.0013788454733034416,-0.0003065682542262361,0.0013788454733034414,0.0013788454733034419,-0.00030656825422623616,-0.00030656825422623605
240,370.93117783944837,-18,N,-7.0208233776521934e-05,0.00024667002355462895,-7.0208233776521947e-05,-7.020823377652192e-05,0.00024667002355462889,0.000246670023554629
240,370.93117783944837,-18,A,4.3506457717238568e-05,1.0160449403407989e-05,4.3506457717238562e-05,4.3506457717238575e-05,1.0160449403407987e-05,1.016044940340799e-05
240,370.93117783944837,-18,Z,-1.0880801909204668e-05,0.00012839286292936174,-1.088080190920467e-05,-1.0880801909204666e-05,0.00012839286292936172,0.00012839286292936177
240,370.93117783944837,-18,E,-0.0018370633544283347,-0.00026354010601594124,-0.0018370633544283349,-0.0018370633544283344,-0.00026354010601594129,-0.00026354010601594118
240,370.93117783944837,-17,N,0.00021317616442226647,-0.00028278151165078783,0.00021317616442226644,0.0002131761644222665,-0.00028278151165078789,-0.00028278151165078778
240,370.93117783944837,-17,A,-5.4443168345043499e-05,-3.637867642680357e-05,-5.4443168345043506e-05,-5.4443168345043492e-05,-3.6378676426803577e-05,-3.6378676426803563e-05
240,370.93117783944837,-17,Z,8.7733250584700717e-05,-0.00014603619001199534,8.7733250584700703e-05,8.773325058470073e-05,-0.00014603619001199536,-0.00014603619001199531
240,370.93117783944837,-17,E,0.002169013949195006,0.0011577757293925902,0.0021690139491950056,0.0021690139491950065,0.0011577757293925899,0.0011577757293925904
240,370.93117783944837,-16,N,-0.00041329099789161713,0.00026781123545930495,-0.00041329099789161718,-0.00041329099789161707,0.0002678112354593049,0.00026781123545930501
240,370.93117783944837,-16,A,5.8418640147037275e-05,7.8197377474714799e-05,5.8418640147037269e-05,5.8418640147037282e-05,7.8197377474714785e-05,7.8197377474714812e-05
240,370.93117783944837,-16,Z,-0.00019094779063366998,0.00012315862609843409,-0.00019094779063367001,-0.00019094779063366996,0.00012315862609843406,0.00012315862609843411
240,370.93117783944837,-16,E,-0.0022495743960886591,-0.0024326039358371263,-0.0022495743960886595,-0.0022495743960886587,-0.0024326039358371267,-0.0024326039358371259
240,370.93117783944837,-15,N,0.00067816483964556779,-0.00017234621101281194,0.00067816483964556768,0.0006781648396455679,-0.00017234621101281197,-0.00017234621101281191
240,370.93117783944837,-15,A,-4.7272810324796437e-05,-0.00014277185953455229,-4.7272810324796444e-05,-4.727281032479643e-05,-0.00014277185953455232,-0.00014277185953455226
240,370.93117783944837,-15,Z,0.00030382869231817427,-3.4326417042934356e-05,0.00030382869231817422,0.00030382869231817433,-3.4326417042934362e-05,-3.4326417042934349e-05
240,370.93117783944837,-15,E,0.0018684100004368531,0.0041888649019244349,0.0018684100004368528,0.0018684100004368533,0.0041888649019244341,0.0041888649019244358
240,370.93117783944837,-14,N,-0.0010354567634197659,-6.3318833849485898e-05,-0.0010354567634197661,-0.0010354567634197657,-6.3318833849485912e-05,-6.3318833849485885e-05
240,370.93117783944837,-14,A,2.5705261004629928e-07,0.00024319339999058934,2.5705261004629922e-07,2.5705261004629933e-07,0.00024319339999058932,0.00024319339999058937
240,370.93117783944837,-14,Z,-0.00038853883105928125,-0.00014376229688970124,-0.0003885388310592813,-0.00038853883105928119,-0.00014376229688970127,-0.00014376229688970122
240,370.93117783944837,-14,E,-0.00056807495600190135,-0.0065282288217463451,-0.00056807495600190146,-0.00056807495600190124,-0.006528228821746346,-0.0065282288217463442
240,370.93117783944837,-13,N,0.0015083794105824055,0.00060579978740454008,0.0015083794105824053,0.0015083794105824058,0.00060579978740453997,0.00060579978740454019
240,370.93117783944837,-13,A,0.0001376027768909091,-0.00038913512715510771,0.00013760277689090907,0.00013760277689090912,-0.00038913512715510777,-0.00038913512715510766
240,370.93117783944837,-13,Z,0.00037969314179923751,0.00041482001739907647,0.00037969314179923746,0.00037969314179923757,0.00041482001739907642,0.00041482001739907653
240,370.93117783944837,-13,E,-0.0025302148398415468,0.0092655237017196419,-0.0025302148398415472,-0.0025302148398415464,0.0092655237017196402,0.0092655237017196437
240,370.93117783944837,-12,N,-0.0019493779669009508,-0.0018023816251628358,-0.001949377966900951,-0.0019493779669009505,-0.001802381625162836,-0.0018023816251628356
240,370.93117783944837,-12,A,-0.00047586028161770419,0.00054087166041669264,-0.00047586028161770424,-0.00047586028161770413,0.00054087166041669253,0.00054087166041669275
240,370.93117783944837,-12,Z,-0.00019523245839542428,-0.00073340915933238157,-0.00019523245839542431,-0.00019523245839542426,-0.00073340915933238168,-0.00073340915933238146
240,370.93117783944837,-12,E,0.0085804742810838396,-0.011348005216897276,0.0085804742810838379,0.0085804742810838414,-0.011348005216897277,-0.011348005216897274
240,370.93117783944837,-11,N,0.0017112220790908568,0.00400941557982423,0.0017112220790908566,0.001711222079090857,0.0040094155798242291,0.0040094155798242308
240,370.93117783944837,-11,A,0.0011414308812475865,-0.00052265123486255124,0.0011414308812475863,0.0011414308812475868,-0.00052265123486255134,-0.00052265123486255113
240,370.93117783944837,-11,Z,-0.00021693643674553458,0.00098685855478518195,-0.00021693643674553461,-0.00021693643674553455,0.00098685855478518173,0.00098685855478518217
240,370.93117783944837,-11,E,-0.018163253668357405,0.010430061052121745,-0.018163253668357408,-0.018163253668357401,0.010430061052121744,0.010430061052121747
240,370.93117783944837,-10,N,0.00041276697239478569,-0.0068964965195791273,0.00041276697239478563,0.00041276697239478574,-0.0068964965195791282,-0.0068964965195791265
240,370.93117783944837,-10,A,-0.0021295296390127284,-3.9902363638768665e-06,-0.0021295296390127288,-0.0021295296390127279,-3.9902363638768674e-06,-3.9902363638768657e-06
240,370.93117783944837,-10,Z,0.00081880247526716946,-0.001042680167218745,0.00081880247526716935,0.00081880247526716957,-0.0010426801672187452,-0.0010426801672187447
240,370.93117783944837,-10,E,0.030164964887426336,-0.0035576078804667307,0.030164964887426333,0.03016496488742634,-0.0035576078804667312,-0.0035576078804667303
240,370.93117783944837,-9,N,-0.0050444192219302455,0.0088507591573737197,-0.0050444192219302464,-0.0050444192219302447,0.0088507591573737179,0.0088507591573737214
240,370.93117783944837,-9,A,0.0032366427476380071,0.0013168757172367233,0.0032366427476380067,0.0032366427476380076,0.001316875717236723,0.0013168757172367235
240,370.93117783944837,-9,Z,-0.0015282486167519252,0.00086913516688554493,-0.0015282486167519254,-0.001528248616751925,0.00086913516688554482,0.00086913516688554503
240,370.93117783944837,-9,E,-0.042409211076480428,-0.011234443378275715,-0.042409211076480435,-0.042409211076480421,-0.011234443378275717,-0.011234443378275713
240,370.93117783944837,-8,N,0.010454979375343919,-0.0090776630570625922,0.010454979375343917,0.010454979375343921,-0.0090776630570625939,-0.0090776630570625905
240,370.93117783944837,-8,A,-0.0047950934354489263,-0.0035194049588177208,-0.0047950934354489272,-0.0047950934354489255,-0.0035194049588177212,-0.0035194049588177204
240,370.93117783944837,-8,Z,0.0024958691006741435,-0.00049839266655482615,0.002495869100674143,0.0024958691006741439,-0.00049839266655482626,-0.00049839266655482605
240,370.93117783944837,-8,E,0.054987872776523096,0.036838536089190126,0.054987872776523089,0.054987872776523103,0.036838536089190119,0.036838536089190133
240,370.93117783944837,-7,N,-0.016839173285468047,0.013468258296529527,-0.016839173285468051,-0.016839173285468044,0.013468258296529525,0.013468258296529529
240,370.93117783944837,-7,A,0.0092546947308133429,0.009113296745820277,0.0092546947308133412,0.0092546947308133447,0.0091132967458202752,0.0091132967458202787
240,370.93117783944837,-7,Z,-0.0042589519366881762,-0.00064299935121491468,-0.0042589519366881771,-0.0042589519366881753,-0.00064299935121491479,-0.00064299935121491457
240,370.93117783944837,-7,E,-0.067139760579188121,-0.088440289735934471,-0.067139760579188135,-0.067139760579188107,-0.088440289735934485,-0.088440289735934458
240,370.93117783944837,-6,N,0.046233109438552536,-0.029874028419744136,0.046233109438552529,0.046233109438552543,-0.029874028419744139,-0.029874028419744132
240,370.93117783944837,-6,A,-0.017003864771086372,-0.032914611108359165,-0.017003864771086376,-0.017003864771086369,-0.032914611108359172,-0.032914611108359158
240,370.93117783944837,-6,Z,0.0064627560593676428,0.0047852174283943361,0.0064627560593676419,0.0064627560593676437,0.0047852174283943352,0.004785217428394337
240,370.93117783944837,-6,E,0.045963989511951235,0.20001420841651923,0.045963989511951228,0.045963989511951242,0.20001420841651921,0.20001420841651926
240,370.93117783944837,-5,N,-0.15836542760443084,0.013835567901658546,-0.15836542760443087,-0.15836542760443081,0.013835567901658545,0.013835567901658548
240,370.93117783944837,-5,A,-0.0075308282168308188,0.11302828811220017,-0.0075308282168308196,-0.0075308282168308179,0.11302828811220016,0.11302828811220018
240,370.93117783944837,-5,Z,-0.0043496752166216936,-0.014375187127368367,-0.0043496752166216944,-0.0043496752166216927,-0.014375187127368369,-0.014375187127368365
240,370.93117783944837,-5,E,0.12540830197982311,-0.36790010729998657,0.12540830197982308,0.12540830197982314,-0.36790010729998662,-0.36790010729998651
240,370.93117783944837,-4,N,0.35101452282644119,0.24687506559255781,0.35101452282644113,0.35101452282644124,0.24687506559255779,0.24687506559255784
240,370.93117783944837,-4,A,0.23962484960621666,-0.25665089118768919,0.23962484960621663,0.23962484960621669,-0.25665089118768925,-0.25665089118768913
240,370.93117783944837,-4,Z,-0.011985840728665445,0.023931359518984233,-0.011985840728665447,-0.011985840728665443,0.02393135951898423,0.023931359518984237
240,370.93117783944837,-4,E,-0.59991252023456354,0.38678705432522154,-0.59991252023456365,-0.59991252023456343,0.38678705432522148,0.38678705432522159
240,370.93117783944837,-3,N,-0.18242862597060733,-1.1150706537396589,-0.18242862597060736,-0.1824286259706073,-1.1150706537396591,-1.1150706537396586
240,370.93117783944837,-3,A,-1.1572660275196245,0.081439804191799831,-1.1572660275196247,-1.1572660275196243,0.081439804191799817,0.081439804191799844
240,370.93117783944837,-3,Z,0.043770491184154582,-0.011730225940369734,0.043770491184154575,0.043770491184154589,-0.011730225940369736,-0.011730225940369732
240,370.93117783944837,-3,E,1.2246714282724029,0.22473845253771826,1.2246714282724027,1.2246714282724032,0.22473845253771824,0.22473845253771829
240,370.93117783944837,-2,N,-2.0071912616082752,2.660528608323057,-2.0071912616082757,-2.0071912616082748,2.6605286083230566,2.6605286083230575
240,370.93117783944837,-2,A,3.6833043677230792,2.8455745635547398,3.6833043677230788,3.6833043677230797,2.8455745635547394,2.8455745635547403
240,370.93117783944837,-2,Z,-0.055523242832119006,-0.046341370436368344,-0.055523242832119013,-0.055523242832118999,-0.046341370436368351,-0.046341370436368337
240,370.93117783944837,-2,E,-1.1094670862653679,-1.7827999443779901,-1.1094670862653682,-1.1094670862653677,-1.7827999443779903,-1.7827999443779898
240,370.93117783944837,-1,N,10.723844365960131,-2.9143902825713308,10.723844365960129,10.723844365960133,-2.9143902825713313,-2.9143902825713304
240,370.93117783944837,-1,A,-8.8018411277103858,-24.940357844193279,-8.8018411277103876,-8.8018411277103841,-24.940357844193283,-24.940357844193276
240,370.93117783944837,-1,Z,-0.018835473107484194,0.11104032609748296,-0.018835473107484197,-0.01883547310748419,0.11104032609748295,0.11104032609748297
240,370.93117783944837,-1,E,-1.4009428036843856,3.0985779314086077,-1.4009428036843858,-1.4009428036843854,3.0985779314086073,3.0985779314086082
240,370.93117783944837,0,N,77.34756638760355,0,77.347566387603536,77.347566387603564,-4.9406564584124654e-324,4.9406564584124654e-324
240,370.93117783944837,0,A,891.31241874862178,0,891.31241874862167,891.31241874862189,-4.9406564584124654e-324,4.9406564584124654e-324
240,370.93117783944837,0,Z,0.15053028928507392,0,0.15053028928507389,0.15053028928507395,-4.9406564584124654e-324,4.9406564584124654e-324
240,370.93117783944837,0,E,4.525410739699625,0,4.5254107396996242,4.5254107396996259,-4.9406564584124654e-324,4.9406564584124654e-324
240,370.93117783944837,1,N,10.723844365960129,2.9143902825713304,10.723844365960128,10.723844365960131,2.9143902825713299,2.9143902825713308
240,370.93117783944837,1,A,-8.8018411277103858,24.940357844193276,-8.8018411277103876,-8.8018411277103841,24.940357844193272,24.940357844193279
240,370.93117783944837,1,Z,-0.018835473107484197,-0.11104032609748297,-0.018835473107484201,-0.018835473107484194,-0.11104032609748299,-0.11104032609748296
240,370.93117783944837,1,E,-1.4009428036843856,-3.0985779314086073,-1.4009428036843858,-1.4009428036843854,-3.0985779314086077,-3.0985779314086068
240,370.93117783944837,2,N,-2.0071912616082752,-2.6605286083230579,-2.0071912616082757,-2.0071912616082748,-2.6605286083230584,-2.6605286083230575
240,370.93117783944837,2,A,3.6833043677230801,-2.8455745635547398,3.6833043677230797,3.6833043677230806,-2.8455745635547403,-2.8455745635547394
240,370.93117783944837,2,Z,-0.055523242832118999,0.04634137043636833,-0.055523242832119006,-0.055523242832118992,0.046341370436368323,0.046341370436368337
240,370.93117783944837,2,E,-1.1094670862653679,1.7827999443779898,-1.1094670862653682,-1.1094670862653677,1.7827999443779896,1.7827999443779901
240,370.93117783944837,3,N,-0.18242862597060736,1.1150706537396586,-0.18242862597060738,-0.18242862597060733,1.1150706537396584,1.1150706537396589
240,370.93117783944837,3,A,-1.1572660275196245,-0.081439804191799858,-1.1572660275196247,-1.1572660275196243,-0.081439804191799872,-0.081439804191799844
240,370.93117783944837,3,Z,0.043770491184154589,0.011730225940369736,0.043770491184154582,0.043770491184154596,0.011730225940369734,0.011730225940369737
240,370.93117783944837,3,E,1.2246714282724027,-0.22473845253771821,1.2246714282724025,1.2246714282724029,-0.22473845253771824,-0.22473845253771818
240,370.93117783944837,4,N,0.35101452282644119,-0.24687506559255776,0.35101452282644113,0.35101452282644124,-0.24687506559255779,-0.24687506559255773
240,370.93117783944837,4,A,0.23962484960621666,0.2566508911876893,0.23962484960621663,0.23962484960621669,0.25665089118768925,0.25665089118768936
240,370.93117783944837,4,Z,-0.011985840728665449,-0.023931359518984226,-0.01198584072866545,-0.011985840728665447,-0.02393135951898423,-0.023931359518984223
240,370.93117783944837,4,E,-0.59991252023456365,-0.38678705432522159,-0.59991252023456376,-0.59991252023456354,-0.38678705432522165,-0.38678705432522154
240,370.93117783944837,5,N,-0.15836542760443081,-0.013835567901658543,-0.15836542760443084,-0.15836542760443079,-0.013835567901658545,-0.013835567901658541
240,370.93117783944837,5,A,-0.0075308282168308196,-0.11302828811220016,-0.0075308282168308205,-0.0075308282168308188,-0.11302828811220017,-0.11302828811220014
240,370.93117783944837,5,Z,-0.0043496752166216936,0.014375187127368363,-0.0043496752166216944,-0.0043496752166216927,0.014375187127368362,0.014375187127368365
240,370.93117783944837,5,E,0.12540830197982308,0.36790010729998651,0.12540830197982306,0.12540830197982311,0.36790010729998646,0.36790010729998657
240,370.93117783944837,6,N,0.046233109438552536,0.029874028419744136,0.046233109438552529,0.046233109438552543,0.029874028419744132,0.029874028419744139
240,370.93117783944837,6,A,-0.017003864771086372,0.032914611108359165,-0.017003864771086376,-0.017003864771086369,0.032914611108359158,0.032914611108359172
240,370.93117783944837,6,Z,0.0064627560593676428,-0.0047852174283943361,0.0064627560593676419,0.0064627560593676437,-0.004785217428394337,-0.0047852174283943352
240,370.93117783944837,6,E,0.045963989511951249,-0.20001420841651923,0.045963989511951242,0.045963989511951256,-0.20001420841651926,-0.20001420841651921
240,370.93117783944837,7,N,-0.016839173285468047,-0.013468258296529523,-0.016839173285468051,-0.016839173285468044,-0.013468258296529525,-0.013468258296529522
240,370.93117783944837,7,A,0.0092546947308133412,-0.009113296745820277,0.0092546947308133395,0.0092546947308133429,-0.0091132967458202787,-0.0091132967458202752
240,370.93117783944837,7,Z,-0.0042589519366881771,0.00064299935121491501,-0.0042589519366881779,-0.0042589519366881762,0.0006429993512149149,0.00064299935121491512
240,370.93117783944837,7,E,-0.067139760579188135,0.088440289735934458,-0.067139760579188149,-0.067139760579188121,0.088440289735934444,0.088440289735934471
240,370.93117783944837,8,N,0.010454979375343901,0.0090776630570625905,0.0104549793753439,0.010454979375343903,0.0090776630570625887,0.0090776630570625922
240,370.93117783944837,8,A,-0.0047950934354489298,0.0035194049588177191,-0.0047950934354489307,-0.0047950934354489289,0.0035194049588177186,0.0035194049588177195
240,370.93117783944837,8,Z,0.0024958691006741435,0.00049839266655482507,0.002495869100674143,0.0024958691006741439,0.00049839266655482496,0.00049839266655482518
240,370.93117783944837,8,E,0.054987872776523082,-0.036838536089190091,0.054987872776523075,0.054987872776523089,-0.036838536089190098,-0.036838536089190084
240,370.93117783944837,9,N,-0.0050444192219302403,-0.0088507591573737353,-0.0050444192219302412,-0.0050444192219302394,-0.008850759157373737,-0.0088507591573737335
240,370.93117783944837,9,A,0.003236642747638031,-0.0013168757172367278,0.0032366427476380306,0.0032366427476380314,-0.001316875717236728,-0.0013168757172367276
240,370.93117783944837,9,Z,-0.0015282486167519267,-0.00086913516688554471,-0.0015282486167519269,-0.0015282486167519265,-0.00086913516688554482,-0.0008691351668855446
240,370.93117783944837,9,E,-0.042409211076480456,0.011234443378275732,-0.042409211076480463,-0.042409211076480449,0.01123444337827573,0.011234443378275734
240,370.93117783944837,10,N,0.00041276697239479762,0.006896496519579149,0.00041276697239479756,0.00041276697239479767,0.0068964965195791482,0.0068964965195791499
240,370.93117783944837,10,A,-0.0021295296390125861,3.9902363638851835e-06,-0.0021295296390125866,-0.0021295296390125857,3.9902363638851827e-06,3.9902363638851844e-06
240,370.93117783944837,10,Z,0.00081880247526716675,0.0010426801672187437,0.00081880247526716664,0.00081880247526716686,0.0010426801672187434,0.0010426801672187439
240,370.93117783944837,10,E,0.030164964887426437,0.0035576078804667472,0.030164964887426433,0.03016496488742644,0.0035576078804667468,0.0035576078804667476
240,370.93117783944837,11,N,0.0017112220790909064,-0.0040094155798244199,0.0017112220790909062,0.0017112220790909067,-0.0040094155798244208,-0.0040094155798244191
240,370.93117783944837,11,A,0.0011414308812477179,0.00052265123486225438,0.0011414308812477177,0.0011414308812477182,0.00052265123486225427,0.00052265123486225449
240,370.93117783944837,11,Z,-0.00021693643674553404,-0.00098685855478518108,-0.00021693643674553406,-0.00021693643674553401,-0.0009868585547851813,-0.00098685855478518087
240,370.93117783944837,11,E,-0.018163253668357297,-0.010430061052121707,-0.018163253668357301,-0.018163253668357294,-0.010430061052121709,-0.010430061052121705
240,370.93117783944837,12,N,-0.0019493779669007218,0.0018023816251630891,-0.001949377966900722,-0.0019493779669007216,0.0018023816251630889,0.0018023816251630893
240,370.93117783944837,12,A,-0.00047586028161717813,-0.00054087166041793654,-0.00047586028161717819,-0.00047586028161717808,-0.00054087166041793665,-0.00054087166041793644
240,370.93117783944837,12,Z,-0.00019523245839542225,0.00073340915933237138,-0.00019523245839542228,-0.00019523245839542222,0.00073340915933237127,0.00073340915933237149
240,370.93117783944837,12,E,0.0085804742810838431,0.01134800521689718,0.0085804742810838414,0.0085804742810838448,0.011348005216897179,0.011348005216897182
240,370.93117783944837,13,N,0.0015083794105824055,-0.00060579978740454008,0.0015083794105824053,0.0015083794105824058,-0.00060579978740454019,-0.00060579978740453997
240,370.93117783944837,13,A,0.0001376027768909091,0.00038913512715510771,0.00013760277689090907,0.00013760277689090912,0.00038913512715510766,0.00038913512715510777
240,370.93117783944837,13,Z,0.00037969314179923751,-0.00041482001739907647,0.00037969314179923746,0.00037969314179923757,-0.00041482001739907653,-0.00041482001739907642
240,370.93117783944837,13,E,-0.0025302148398415468,-0.0092655237017196419,-0.0025302148398415472,-0.0025302148398415464,-0.0092655237017196437,-0.0092655237017196402
240,370.93117783944837,14,N,-0.0010354567634210585,6.3318833849782604e-05,-0.0010354567634210587,-0.0010354567634210583,6.331883384978259e-05,6.3318833849782617e-05
240,370.93117783944837,14,A,2.5705261020305194e-07,-0.00024319339999153171,2.5705261020305188e-07,2.5705261020305199e-07,-0.00024319339999153173,-0.00024319339999153168
240,370.93117783944837,14,Z,-0.00038853883105927919,0.00014376229688969883,-0.00038853883105927924,-0.00038853883105927913,0.0001437622968896988,0.00014376229688969886
240,370.93117783944837,14,E,-0.00056807495600177396,0.0065282288217461456,-0.00056807495600177406,-0.00056807495600177385,0.0065282288217461447,0.0065282288217461465
240,370.93117783944837,15,N,0.00067816483964557495,0.00017234621101306491,0.00067816483964557484,0.00067816483964557505,0.00017234621101306488,0.00017234621101306494
240,370.93117783944837,15,A,-4.7272810325237524e-05,0.00014277185953424717,-4.7272810325237531e-05,-4.7272810325237517e-05,0.00014277185953424714,0.0001427718595342472
240,370.93117783944837,15,Z,0.00030382869231817752,3.4326417042930717e-05,0.00030382869231817747,0.00030382869231817758,3.432641704293071e-05,3.4326417042930724e-05
240,370.93117783944837,15,E,0.0018684100004369418,-0.004188864901924454,0.0018684100004369415,0.001868410000436942,-0.0041888649019244549,-0.0041888649019244531
240,370.93117783944837,16,N,-0.0004132909978915994,-0.00026781123545930176,-0.00041329099789159945,-0.00041329099789159934,-0.00026781123545930181,-0.0002678112354593017
240,370.93117783944837,16,A,5.8418640146954409e-05,-7.819737747468768e-05,5.8418640146954402e-05,5.8418640146954415e-05,-7.8197377474687694e-05,-7.8197377474687667e-05
240,370.93117783944837,16,Z,-0.00019094779063367074,-0.00012315862609843325,-0.00019094779063367077,-0.00019094779063367072,-0.00012315862609843327,-0.00012315862609843322
240,370.93117783944837,16,E,-0.0022495743960886682,0.0024326039358370799,-0.0022495743960886687,-0.0022495743960886678,0.0024326039358370795,0.0024326039358370803
240,370.93117783944837,17,N,0.00021317616442225495,0.00028278151165078995,0.00021317616442225493,0.00021317616442225498,0.00028278151165078989,0.00028278151165079
240,370.93117783944837,17,A,-5.4443168345023414e-05,3.6378676426800575e-05,-5.4443168345023421e-05,-5.4443168345023408e-05,3.6378676426800568e-05,3.6378676426800582e-05
240,370.93117783944837,17,Z,8.7733250584701272e-05,0.0001460361900119958,8.7733250584701259e-05,8.7733250584701286e-05,0.00014603619001199577,0.00014603619001199583
240,370.93117783944837,17,E,0.0021690139491950255,-0.0011577757293925485,0.0021690139491950251,0.002169013949195026,-0.0011577757293925487,-0.0011577757293925483
240,370.93117783944837,18,N,-7.0208233776520551e-05,-0.00024667002355463019,-7.0208233776520565e-05,-7.0208233776520538e-05,-0.00024667002355463025,-0.00024667002355463014
240,370.93117783944837,18,A,4.3506457717239415e-05,-1.0160449403409603e-05,4.3506457717239409e-05,4.3506457717239422e-05,-1.0160449403409605e-05,-1.0160449403409601e-05
240,370.93117783944837,18,Z,-1.0880801909204104e-05,-0.00012839286292936231,-1.0880801909204105e-05,-1.0880801909204102e-05,-0.00012839286292936234,-0.00012839286292936228
240,370.93117783944837,18,E,-0.001837063354428313,0.0002635401060159717,-0.0018370633544283132,-0.0018370633544283128,0.00026354010601597165,0.00026354010601597176
240,370.93117783944837,19,N,-1.9042440892126181e-05,0.00018497212520210134,-1.9042440892126185e-05,-1.9042440892126178e-05,0.00018497212520210131,0.00018497212520210136
240,370.93117783944837,19,A,-3.0390651630825673e-05,-4.4152764384155198e-06,-3.0390651630825676e-05,-3.0390651630825669e-05,-4.4152764384155207e-06,-4.415276438415519e-06
240,370.93117783944837,19,Z,-3.5791515746111295e-05,9.143116994608509e-05,-3.5791515746111301e-05,-3.5791515746111288e-05,9.1431169946085077e-05,9.1431169946085104e-05
240,370.93117783944837,19,E,0.0013788454733034497,0.00030656825422623193,0.0013788454733034495,0.0013788454733034499,0.00030656825422623187,0.00030656825422623198
240,370.93117783944837,20,N,6.320438692129554e-05,-0.00011910562274944537,6.3204386921295527e-05,6.3204386921295554e-05,-0.00011910562274944539,-0.00011910562274944536
240,370.93117783944837,20,A,1.8322472107027e-05,1.0637446957465022e-05,1.8322472107026997e-05,1.8322472107027003e-05,1.063744695746502e-05,1.0637446957465024e-05
240,370.93117783944837,20,Z,5.5684218027726682e-05,-5.0643076099888485e-05,5.5684218027726675e-05,5.5684218027726689e-05,-5.0643076099888492e-05,-5.0643076099888479e-05
240,370.93117783944837,20,E,-0.00089577749178488392,-0.00060015126701849753,-0.00089577749178488403,-0.00089577749178488381,-0.00060015126701849764,-0.00060015126701849742
240,370.93117783944837,21,N,-7.5132833375320411e-05,6.2715614841848006e-05,-7.5132833375320425e-05,-7.5132833375320397e-05,6.2715614841847992e-05,6.2715614841848019e-05
240,370.93117783944837,21,A,-8.981665584844649e-06,-1.158975012193823e-05,-8.9816655848446507e-06,-8.9816655848446473e-06,-1.1589750121938231e-05,-1.1589750121938228e-05
240,370.93117783944837,21,Z,-5.5778170972936065e-05,1.5814004654971254e-05,-5.5778170972936072e-05,-5.5778170972936059e-05,1.5814004654971251e-05,1.5814004654971258e-05
240,370.93117783944837,21,E,0.00046654061555025881,0.00067865423065445148,0.00046654061555025876,0.00046654061555025887,0.00067865423065445137,0.00067865423065445159
240,370.93117783944837,22,N,6.7841662583108039e-05,-2.1555651253276269e-05,6.7841662583108025e-05,6.7841662583108053e-05,-2.1555651253276272e-05,-2.1555651253276265e-05
240,370.93117783944837,22,A,2.7403547358753838e-06,9.8103220372554009e-06,2.7403547358753834e-06,2.7403547358753843e-06,9.8103220372553992e-06,9.8103220372554026e-06
240,370.93117783944837,22,Z,4.404604326495901e-05,8.3528622012787167e-06,4.4046043264959003e-05,4.4046043264959017e-05,8.352862201278715e-06,8.3528622012787184e-06
240,370.93117783944837,22,E,-0.00013725986429093508,-0.00061384773465161465,-0.00013725986429093511,-0.00013725986429093505,-0.00061384773465161476,-0.00061384773465161455
240,370.93117783944837,23,N,-5.1755936060281094e-05,-4.1639534950655034e-06,-5.1755936060281101e-05,-5.1755936060281087e-05,-4.1639534950655043e-06,-4.1639534950655026e-06
240,370.93117783944837,23,A,8.1448036249458181e-07,-7.0606149469021913e-06,8.1448036249458171e-07,8.1448036249458192e-07,-7.0606149469021922e-06,-7.0606149469021905e-06
240,370.93117783944837,23,Z,-2.7630234794637551e-05,-2.1125247137647364e-05,-2.7630234794637554e-05,-2.7630234794637547e-05,-2.1125247137647368e-05,-2.1125247137647361e-05
240,370.93117783944837,23,E,-7.8685456575174786e-05,0.0004740088078306188,-7.8685456575174799e-05,-7.8685456575174772e-05,0.00047400880783061874,0.00047400880783061885
240,370.93117783944837,24,N,3.3909725352038331e-05,1.714248283362561e-05,3.3909725352038324e-05,3.3909725352038338e-05,1.7142482833625606e-05,1.7142482833625613e-05
240,370.93117783944837,24,A,-2.3981035279734566e-06,4.3684815376416249e-06,-2.398103527973457e-06,-2.3981035279734562e-06,4.3684815376416241e-06,4.3684815376416258e-06
240,370.93117783944837,24,Z,1.1801704594675871e-05,2.4353264134749129e-05,1.1801704594675869e-05,1.1801704594675873e-05,2.4353264134749126e-05,2.4353264134749133e-05
240,370.93117783944837,24,E,0.0001919958755634978,-0.00031306819592188056,0.00019199587556349777,0.00019199587556349782,-0.00031306819592188061,-0.0003130681959218805
240,370.93117783944837,25,N,-1.8294496250156366e-05,-2.1063358716439512e-05,-1.829449625015637e-05,-1.8294496250156363e-05,-2.1063358716439516e-05,-2.1063358716439509e-05
240,370.93117783944837,25,A,2.726649926786467e-06,-2.2127773312653566e-06,2.7266499267864666e-06,2.7266499267864675e-06,-2.2127773312653571e-06,-2.2127773312653562e-06
240,370.93117783944837,25,Z,3.5410276671965063e-07,-2.1108753532827717e-05,3.5410276671965058e-07,3.5410276671965068e-07,-2.110875353282772e-05,-2.1108753532827714e-05
240,370.93117783944837,25,E,-0.00022627149259403463,0.00016656337454497096,-0.00022627149259403466,-0.0002262714925940346,0.00016656337454497094,0.00016656337454497099
240,370.93117783944837,26,N,6.6193486242493975e-06,1.9460245756229128e-05,6.6193486242493967e-06,6.6193486242493983e-06,1.9460245756229125e-05,1.9460245756229132e-05
240,370.93117783944837,26,A,-2.3793139398870545e-06,7.2286706907316308e-07,-2.3793139398870549e-06,-2.3793139398870541e-06,7.2286706907316297e-07,7.2286706907316318e-07
240,370.93117783944837,26,Z,-7.710051924655494e-06,1.4598181803333647e-05,-7.7100519246554957e-06,-7.7100519246554923e-06,1.4598181803333645e-05,1.4598181803333648e-05
240,370.93117783944837,26,E,0.00020863166937117055,-5.2900279909098312e-05,0.00020863166937117053,0.00020863166937117058,-5.2900279909098319e-05,-5.2900279909098306e-05
240,370.93117783944837,27,N,8.9785001727618353e-07,-1.5170931838722774e-05,8.9785001727618342e-07,8.9785001727618363e-07,-1.5170931838722775e-05,-1.5170931838722772e-05
240,370.93117783944837,27,A,1.7622121530258034e-06,1.6181899694491638e-07,1.7622121530258031e-06,1.7622121530258036e-06,1.6181899694491635e-07,1.6181899694491641e-07
240,370.93117783944837,27,Z,1.0569736777616681e-05,-7.4621608757095789e-06,1.0569736777616679e-05,1.0569736777616683e-05,-7.4621608757095798e-06,-7.4621608757095781e-06
240,370.93117783944837,27,E,-0.00016357803266670604,-2.2688545925828805e-05,-0.00016357803266670606,-0.00016357803266670601,-2.2688545925828808e-05,-2.2688545925828802e-05
240,370.93117783944837,28,N,-4.8623747066168667e-06,1.0174122274636211e-05,-4.8623747066168676e-06,-4.8623747066168659e-06,1.017412227463621e-05,1.0174122274636213e-05
240,370.93117783944837,28,A,-1.1237339799015953e-06,-5.8196278500188517e-07,-1.1237339799015955e-06,-1.1237339799015951e-06,-5.8196278500188528e-07,-5.8196278500188507e-07
240,370.93117783944837,28,Z,-1.0055967539331441e-05,1.4548381535738253e-06,-1.0055967539331442e-05,-1.0055967539331439e-05,1.4548381535738251e-06,1.4548381535738255e-06
240,370.93117783944837,28,E,0.00010992688403966765,6.3495826607276579e-05,0.00010992688403966763,0.00010992688403966766,6.3495826607276566e-05,6.3495826607276593e-05
240,370.93117783944837,29,N,6.2099835566208471e-06,-5.6522542543984794e-06,6.2099835566208463e-06,6.2099835566208479e-06,-5.6522542543984802e-06,-5.6522542543984785e-06
240,370.93117783944837,29,A,5.9054765664251925e-07,6.9150510462031384e-07,5.9054765664251914e-07,5.9054765664251935e-07,6.9150510462031373e-07,6.9150510462031394e-07
240,370.93117783944837,29,Z,7.5675441959903953e-06,2.5770020036139941e-06,7.5675441959903944e-06,7.5675441959903961e-06,2.5770020036139937e-06,2.5770020036139945e-06
240,370.93117783944837,29,E,-6.0045522053419955e-05,-7.7181913283234322e-05,-6.0045522053419962e-05,-6.0045522053419949e-05,-7.7181913283234336e-05,-7.7181913283234308e-05
240,370.93117783944837,30,N,-5.8912245401044875e-06,2.1627213246522208e-06,-5.8912245401044884e-06,-5.8912245401044867e-06,2.1627213246522204e-06,2.1627213246522212e-06
240,370.93117783944837,30,A,-2.06953901776738e-07,-6.2308962901708114e-07,-2.0695390177673803e-07,-2.0695390177673797e-07,-6.2308962901708125e-07,-6.2308962901708104e-07
240,370.93117783944837,30,Z,-4.385903552512576e-06,-4.5237728863577146e-06,-4.3859035525125769e-06,-4.3859035525125752e-06,-4.5237728863577155e-06,-4.5237728863577138e-06
240,370.93117783944837,30,E,2.0527665669306205e-05,7.2650122752919975e-05,2.0527665669306201e-05,2.0527665669306208e-05,7.2650122752919961e-05,7.2650122752919988e-05
240,370.93117783944837,31,N,4.7038249281391408e-06,1.6460901173107745e-07,4.70382492813914e-06,4.7038249281391417e-06,1.6460901173107742e-07,1.6460901173107747e-07
240,370.93117783944837,31,A,-3.1246008162961665e-08,4.7520985109742877e-07,-3.1246008162961671e-08,-3.1246008162961658e-08,4.7520985109742871e-07,4.7520985109742882e-07
240,370.93117783944837,31,Z,1.4537279933572096e-06,4.7571177124281392e-06,1.4537279933572094e-06,1.4537279933572098e-06,4.7571177124281383e-06,4.75711771242814e-06
240,370.93117783944837,31,E,6.4437990372031793e-06,-5.8061434676469506e-05,6.4437990372031785e-06,6.4437990372031802e-06,-5.8061434676469513e-05,-5.80614346764695e-05
240,370.93117783944837,32,N,-3.2308500337706625e-06,-1.4514616008429592e-06,-3.2308500337706629e-06,-3.2308500337706621e-06,-1.4514616008429594e-06,-1.451461600842959e-06
240,370.93117783944837,32,A,1.5166583244883943e-07,-3.1206652087381967e-07,1.516658324488394e-07,1.5166583244883945e-07,-3.1206652087381972e-07,-3.1206652087381961e-07
240,370.93117783944837,32,Z,6.94091077341463e-07,-3.8713541950496267e-06,6.9409107734146289e-07,6.940910773414631e-07,-3.8713541950496275e-06,-3.8713541950496258e-06
240,370.93117783944837,32,E,-2.159203409581724e-05,3.9832393321935643e-05,-2.1592034095817243e-05,-2.1592034095817237e-05,3.9832393321935637e-05,3.983239332193565e-05
240,370.93117783944837,33,N,1.8434364024908229e-06,1.9367583014703545e-06,1.8434364024908227e-06,1.8434364024908231e-06,1.9367583014703541e-06,1.9367583014703549e-06
240,370.93117783944837,33,A,-1.8897343733975151e-07,1.6949290251641379e-07,-1.8897343733975154e-07,-1.8897343733975148e-07,1.6949290251641376e-07,1.6949290251641382e-07
240,370.93117783944837,33,Z,-1.8896532274408192e-06,2.475593641706161e-06,-1.8896532274408194e-06,-1.889653227440819e-06,2.4755936417061605e-06,2.4755936417061614e-06
240,370.93117783944837,33,E,2.7221157383771877e-05,-2.2346994285005287e-05,2.7221157383771874e-05,2.722115738377188e-05,-2.2346994285005291e-05,-2.2346994285005284e-05
240,370.93117783944837,34,N,-7.361178733755586e-07,-1.8858183398690096e-06,-7.361178733755587e-07,-7.3611787337555849e-07,-1.8858183398690098e-06,-1.8858183398690094e-06
240,370.93117783944837,34,A,1.7557549797956317e-07,-6.2723365667691931e-08,1.7557549797956315e-07,1.755754979795632e-07,-6.2723365667691944e-08,-6.2723365667691918e-08
240,370.93117783944837,34,Z,2.2303743728518708e-06,-1.0601943412309564e-06,2.2303743728518704e-06,2.2303743728518713e-06,-1.0601943412309566e-06,-1.0601943412309562e-06
240,370.93117783944837,34,E,-2.6208181903132965e-05,8.1095943646318592e-06,-2.6208181903132968e-05,-2.6208181903132961e-05,8.1095943646318575e-06,8.1095943646318609e-06
240,370.93117783944837,35,N,-2.6397448039877684e-08,1.5365988673858685e-06,-2.6397448039877688e-08,-2.6397448039877681e-08,1.5365988673858682e-06,1.5365988673858687e-06
240,370.93117783944837,35,A,-1.3728714892887423e-07,-6.2712047647712639e-09,-1.3728714892887426e-07,-1.3728714892887421e-07,-6.2712047647712648e-09,-6.2712047647712631e-09
240,370.93117783944837,35,Z,-1.9598126725634494e-06,-6.2483845891018348e-08,-1.9598126725634498e-06,-1.9598126725634489e-06,-6.2483845891018361e-08,-6.2483845891018335e-08
240,370.93117783944837,35,E,2.1329051444788308e-05,1.8802093345388038e-06,2.1329051444788305e-05,2.1329051444788312e-05,1.8802093345388036e-06,1.880209334538804e-06
240,370.93117783944837,36,N,4.6328803300341203e-07,-1.073878410314194e-06,4.6328803300341198e-07,4.6328803300341209e-07,-1.0738784103141942e-06,-1.0738784103141938e-06
240,370.93117783944837,36,A,9.216504230442495e-08,4.2850501589742627e-08,9.2165042304424937e-08,9.2165042304424963e-08,4.2850501589742621e-08,4.2850501589742634e-08
240,370.93117783944837,36,Z,1.3620571425883216e-06,7.5820108931567862e-07,1.3620571425883214e-06,1.3620571425883218e-06,7.5820108931567852e-07,7.5820108931567873e-07
240,370.93117783944837,36,E,-1.4874692181915523e-05,-7.6817406438919941e-06,-1.4874692181915524e-05,-1.4874692181915521e-05,-7.6817406438919958e-06,-7.6817406438919924e-06
240,370.93117783944837,37,N,-6.3878075730394475e-07,6.2267228151068264e-07,-6.3878075730394486e-07,-6.3878075730394464e-07,6.2267228151068254e-07,6.2267228151068275e-07
240,370.93117783944837,37,A,-5.1133766449049109e-08,-5.5412697118758315e-08,-5.1133766449049115e-08,-5.1133766449049102e-08,-5.5412697118758321e-08,-5.5412697118758308e-08
240,370.93117783944837,37,Z,-6.8657772842045881e-07,-1.0335787494719039e-06,-6.8657772842045891e-07,-6.865777284204587e-07,-1.0335787494719041e-06,-1.0335787494719037e-06
240,370.93117783944837,37,E,8.491312488778496e-06,9.9890872057465899e-06,8.4913124887784943e-06,8.4913124887784977e-06,9.9890872057465882e-06,9.9890872057465916e-06
240,370.93117783944837,38,N,6.3291356061472375e-07,-2.5355613315495939e-07,6.3291356061472364e-07,6.3291356061472386e-07,-2.5355613315495944e-07,-2.5355613315495933e-07
240,370.93117783944837,38,A,1.9455007296086981e-08,5.2613087962568665e-08,1.9455007296086978e-08,1.9455007296086984e-08,5.2613087962568659e-08,5.2613087962568672e-08
240,370.93117783944837,38,Z,1.0797513466566814e-07,9.829360922034355e-07,1.0797513466566813e-07,1.0797513466566815e-07,9.8293609220343529e-07,9.8293609220343571e-07
240,370.93117783944837,38,E,-3.1777882387341283e-06,-9.7788591279232457e-06,-3.1777882387341287e-06,-3.1777882387341279e-06,-9.7788591279232474e-06,-9.778859127923244e-06
240,370.93117783944837,39,N,-5.2209936083028706e-07,-5.8541304525040205e-09,-5.2209936083028716e-07,-5.2209936083028695e-07,-5.8541304525040214e-09,-5.8541304525040197e-09
240,370.93117783944837,39,A,1.5723631812139511e-09,-4.181369565201073e-08,1.5723631812139509e-09,1.5723631812139513e-09,-4.1813695652010737e-08,-4.1813695652010723e-08
240,370.93117783944837,39,Z,2.8375870682129862e-07,-7.3612894797698125e-07,2.8375870682129856e-07,2.8375870682129867e-07,-7.3612894797698136e-07,-7.3612894797698115e-07
240,370.93117783944837,39,E,-6.1997869108443964e-07,8.0511017767448888e-06,-6.1997869108443975e-07,-6.1997869108443954e-07,8.0511017767448871e-06,8.0511017767448905e-06
240,370.93117783944837,40,N,3.683178373346994e-07,1.5748992166914199e-07,3.6831783733469935e-07,3.6831783733469945e-07,1.5748992166914197e-07,1.5748992166914202e-07
240,370.93117783944837,40,A,-1.3043726967889441e-08,2.8442304040579315e-08,-1.3043726967889442e-08,-1.3043726967889439e-08,2.8442304040579312e-08,2.8442304040579319e-08
240,370.93117783944837,40,Z,-4.715700251942053e-07,4.1792293585607982e-07,-4.7157002519420535e-07,-4.7157002519420524e-07,4.1792293585607977e-07,4.1792293585607987e-07
240,370.93117783944837,40,E,2.8675054406887643e-06,-5.6649307546662466e-06,2.8675054406887639e-06,2.8675054406887647e-06,-5.6649307546662475e-06,-5.6649307546662458e-06
240,370.93117783944837,41,N,-2.150405703152569e-07,-2.2029286659604768e-07,-2.1504057031525693e-07,-2.1504057031525688e-07,-2.202928665960477e-07,-2.2029286659604765e-07
240,370.93117783944837,41,A,1.7196155845601455e-08,-1.5950535697721492e-08,1.7196155845601452e-08,1.7196155845601459e-08,-1.5950535697721496e-08,-1.5950535697721489e-08
240,370.93117783944837,41,Z,4.8849252201674599e-07,-1.2321291259044086e-07,4.8849252201674589e-07,4.884925220167461e-07,-1.2321291259044089e-07,-1.2321291259044084e-07
240,370.93117783944837,41,E,-3.7909469211748672e-06,3.2575144033250713e-06,-3.7909469211748677e-06,-3.7909469211748668e-06,3.2575144033250709e-06,3.2575144033250718e-06
240,370.93117783944837,42,N,8.7776761109279055e-08,2.2012278741290263e-07,8.7776761109279042e-08,8.7776761109279068e-08,2.2012278741290261e-07,2.2012278741290266e-07
240,370.93117783944837,42,A,-1.6526295054289002e-08,6.1139683177883611e-09,-1.6526295054289005e-08,-1.6526295054288998e-08,6.1139683177883603e-09,6.1139683177883619e-09
240,370.93117783944837,42,Z,-3.9246243857669694e-07,-9.2453940950198248e-08,-3.9246243857669699e-07,-3.9246243857669689e-07,-9.2453940950198261e-08,-9.2453940950198234e-08
240,370.93117783944837,42,E,3.7428141598961606e-06,-1.2276405434480839e-06,3.7428141598961602e-06,3.7428141598961611e-06,-1.2276405434480841e-06,-1.2276405434480837e-06
240,370.93117783944837,43,N,2.7240448551775289e-09,-1.8269238775036834e-07,2.7240448551775285e-09,2.7240448551775293e-09,-1.8269238775036836e-07,-1.8269238775036831e-07
240,370.93117783944837,43,A,1.3256446627160998e-08,5.2572466743522822e-10,1.3256446627160996e-08,1.3256446627161e-08,5.2572466743522812e-10,5.2572466743522832e-10
240,370.93117783944837,43,Z,2.4493748696303443e-07,2.1058422518632403e-07,2.4493748696303438e-07,2.4493748696303449e-07,2.1058422518632401e-07,2.1058422518632406e-07
240,370.93117783944837,43,E,-3.0983952140089015e-06,-2.3747922364149066e-07,-3.098395214008902e-06,-3.0983952140089011e-06,-2.3747922364149068e-07,-2.3747922364149063e-07
240,370.93117783944837,44,N,-5.6198014622525557e-08,1.294143350773534e-07,-5.6198014622525563e-08,-5.619801462252555e-08,1.2941433507735337e-07,1.2941433507735343e-07
240,370.93117783944837,44,A,-9.0812670125323863e-09,-4.2094647486625101e-09,-9.0812670125323879e-09,-9.0812670125323846e-09,-4.2094647486625109e-09,-4.2094647486625093e-09
240,370.93117783944837,44,Z,-9.645587855427395e-08,-2.4039169491435804e-07,-9.6455878554273963e-08,-9.6455878554273937e-08,-2.4039169491435809e-07,-2.4039169491435799e-07
240,370.93117783944837,44,E,2.1874299691422903e-06,1.1122748578712578e-06,2.1874299691422899e-06,2.1874299691422907e-06,1.1122748578712575e-06,1.112274857871258e-06
240,370.93117783944837,45,N,7.8638387020827965e-08,-7.5638522154523896e-08,7.8638387020827951e-08,7.8638387020827978e-08,-7.5638522154523909e-08,-7.5638522154523883e-08
240,370.93117783944837,45,A,5.1130488023094972e-09,5.5781769983601439e-09,5.1130488023094964e-09,5.1130488023094981e-09,5.5781769983601431e-09,5.5781769983601448e-09
240,370.93117783944837,45,Z,-2.0304080666157264e-08,2.0689966569529828e-07,-2.0304080666157267e-08,-2.030408066615726e-08,2.0689966569529825e-07,2.0689966569529831e-07
240,370.93117783944837,45,E,-1.2585783635317574e-06,-1.4760939295038387e-06,-1.2585783635317576e-06,-1.2585783635317572e-06,-1.476093929503839e-06,-1.4760939295038385e-06
240,370.93117783944837,46,N,-7.8771002420576454e-08,3.0590548304318219e-08,-7.8771002420576467e-08,-7.8771002420576441e-08,3.0590548304318213e-08,3.0590548304318226e-08
240,370.93117783944837,46,A,-1.9476253497177879e-09,-5.3906808707908068e-09,-1.9476253497177883e-09,-1.9476253497177875e-09,-5.3906808707908076e-09,-5.390680870790806e-09
240,370.93117783944837,46,Z,9.1175883446850386e-08,-1.3992061664956933e-07,9.1175883446850373e-08,9.1175883446850399e-08,-1.3992061664956935e-07,-1.399206166495693e-07
240,370.93117783944837,46,E,4.7004971636337865e-07,1.4611026253302852e-06,4.700497163633786e-07,4.700497163633787e-07,1.461102625330285e-06,1.4611026253302854e-06
240,370.93117783944837,47,N,6.5514821628737853e-08,1.6690795579785314e-09,6.551482162873784e-08,6.5514821628737867e-08,1.6690795579785312e-09,1.6690795579785316e-09
240,370.93117783944837,47,A,-2.1251973131170726e-10,4.3445072395245503e-09,-2.1251973131170728e-10,-2.1251973131170723e-10,4.3445072395245494e-09,4.3445072395245511e-09
240,370.93117783944837,47,Z,-1.1696980558442595e-07,6.5936064795529859e-08,-1.1696980558442596e-07,-1.1696980558442593e-07,6.5936064795529846e-08,6.5936064795529873e-08
240,370.93117783944837,47,E,1.0188279487864617e-07,-1.211295678534709e-06,1.0188279487864616e-07,1.0188279487864618e-07,-1.2112956785347092e-06,-1.2112956785347088e-06
240,370.93117783944837,48,N,-4.6437267946407041e-08,-2.0832842247324864e-08,-4.6437267946407048e-08,-4.6437267946407035e-08,-2.0832842247324867e-08,-2.083284224732486e-08
240,370.93117783944837,48,A,1.4229495235145038e-09,-2.9851504216090346e-09,1.4229495235145035e-09,1.422949523514504e-09,-2.985150421609035e-09,-2.9851504216090342e-09
240,370.93117783944837,48,Z,1.0798807532786784e-07,-3.5709530410328813e-09,1.0798807532786783e-07,1.0798807532786785e-07,-3.5709530410328817e-09,-3.5709530410328808e-09
240,370.93117783944837,48,E,-4.4450226505525577e-07,8.5494891135813457e-07,-4.4450226505525582e-07,-4.4450226505525572e-07,8.5494891135813446e-07,8.5494891135813467e-07
240,370.93117783944837,49,N,2.7051471585524313e-08,2.8891810512974529e-08,2.7051471585524309e-08,2.7051471585524316e-08,2.8891810512974525e-08,2.8891810512974532e-08
240,370.93117783944837,49,A,-1.8773196109229454e-09,1.6790286211503632e-09,-1.8773196109229458e-09,-1.877319610922945e-09,1.679028621150363e-09,1.6790286211503634e-09
240,370.93117783944837,49,Z,-7.8446937863855628e-08,-3.7647324165308687e-08,-7.8446937863855641e-08,-7.8446937863855615e-08,-3.7647324165308694e-08,-3.7647324165308681e-08
240,370.93117783944837,49,E,5.8699432148889566e-07,-4.8986024779991183e-07,5.8699432148889555e-07,5.8699432148889577e-07,-4.8986024779991194e-07,-4.8986024779991173e-07
240,370.93117783944837,50,N,-1.0729822038953461e-08,-2.8890233318604965e-08,-1.0729822038953462e-08,-1.0729822038953459e-08,-2.8890233318604969e-08,-2.8890233318604962e-08
240,370.93117783944837,50,A,1.8159360640288517e-09,-6.2819295249595328e-10,1.8159360640288515e-09,1.8159360640288519e-09,-6.2819295249595338e-10,-6.2819295249595317e-10
240,370.93117783944837,50,Z,4.202676369687721e-08,5.6140187650191618e-08,4.2026763696877203e-08,4.2026763696877217e-08,5.6140187650191611e-08,5.6140187650191624e-08
240,370.93117783944837,50,E,-5.801712423837191e-07,1.7895073960983604e-07,-5.801712423837192e-07,-5.8017124238371899e-07,1.7895073960983601e-07,1.7895073960983607e-07
240,370.93117783944837,51,N,-9.9958949687614901e-10,2.4006038976957676e-08,-9.9958949687614922e-10,-9.995894968761488e-10,2.4006038976957672e-08,2.4006038976957679e-08
240,370.93117783944837,51,A,-1.4653944881284511e-09,-9.3772289540627502e-11,-1.4653944881284513e-09,-1.4653944881284509e-09,-9.3772289540627515e-11,-9.3772289540627489e-11
240,370.93117783944837,51,Z,-9.1026623195616688e-09,-5.5825591872488761e-08,-9.1026623195616705e-09,-9.1026623195616671e-09,-5.5825591872488767e-08,-5.5825591872488754e-08
240,370.93117783944837,51,E,4.8027489861655208e-07,4.693210329858809e-08,4.8027489861655198e-07,4.8027489861655219e-07,4.6932103298588083e-08,4.6932103298588096e-08
240,370.93117783944837,52,N,7.9740590864009272e-09,-1.6975099557671368e-08,7.9740590864009255e-09,7.9740590864009288e-09,-1.6975099557671372e-08,-1.6975099557671365e-08
240,370.93117783944837,52,A,1.0065780613734049e-09,5.000866414331084e-10,1.0065780613734047e-09,1.0065780613734051e-09,5.000866414331083e-10,5.0008664143310851e-10
240,370.93117783944837,52,Z,-1.4342438772781277e-08,4.3343751192608408e-08,-1.4342438772781279e-08,-1.4342438772781276e-08,4.3343751192608401e-08,4.3343751192608414e-08
240,370.93117783944837,52,E,-3.3791168852191568e-07,-1.8212631240015339e-07,-3.3791168852191573e-07,-3.3791168852191562e-07,-1.8212631240015342e-07,-1.8212631240015337e-07
240,370.93117783944837,53,N,-1.0884662156283577e-08,9.8154320859088833e-09,-1.0884662156283578e-08,-1.0884662156283575e-08,9.8154320859088816e-09,9.8154320859088849e-09
240,370.93117783944837,53,A,-5.6293642177321829e-10,-6.5231021576513247e-10,-5.6293642177321839e-10,-5.6293642177321819e-10,-6.5231021576513258e-10,-6.5231021576513237e-10
240,370.93117783944837,53,Z,2.6478607579184661e-08,-2.5667268579305404e-08,2.6478607579184657e-08,2.6478607579184664e-08,-2.5667268579305407e-08,-2.5667268579305401e-08
240,370.93117783944837,53,E,1.919739494973256e-07,2.3778616978445636e-07,1.9197394949732557e-07,1.9197394949732562e-07,2.3778616978445634e-07,2.3778616978445639e-07
240,370.93117783944837,54,N,1.0827329689440493e-08,-3.7769877130673517e-09,1.0827329689440491e-08,1.0827329689440494e-08,-3.7769877130673525e-09,-3.7769877130673509e-09
240,370.93117783944837,54,A,2.0438221165584422e-10,6.2917821241764997e-10,2.043822116558442e-10,2.0438221165584425e-10,6.2917821241764987e-10,6.2917821241765008e-10
240,370.93117783944837,54,Z,-2.8577878749734021e-08,8.47356086287121e-09,-2.8577878749734025e-08,-2.8577878749734018e-08,8.4735608628712084e-09,8.4735608628712117e-09
240,370.93117783944837,54,E,-6.7672004447344225e-08,-2.3390477891635607e-07,-6.7672004447344238e-08,-6.7672004447344212e-08,-2.339047789163561e-07,-2.3390477891635605e-07
240,370.93117783944837,55,N,-8.9640153137073869e-09,-5.6372487728591021e-10,-8.9640153137073886e-09,-8.9640153137073853e-09,-5.6372487728591031e-10,-5.637248772859101e-10
240,370.93117783944837,55,A,4.2717836999006757e-11,-5.0686634335670726e-10,4.2717836999006751e-11,4.2717836999006764e-11,-5.0686634335670736e-10,-5.0686634335670716e-10
240,370.93117783944837,55,Z,2.3659632734189524e-08,4.6367022329759412e-09,2.3659632734189521e-08,2.3659632734189527e-08,4.6367022329759404e-09,4.636702232975942e-09
240,370.93117783944837,55,E,-2.2522305192819953e-08,1.9284957872015695e-07,-2.2522305192819956e-08,-2.2522305192819949e-08,1.9284957872015693e-07,1.9284957872015698e-07
240,370.93117783944837,56,N,6.3056649863930984e-09,3.1361881226372677e-09,6.3056649863930976e-09,6.3056649863930992e-09,3.1361881226372673e-09,3.1361881226372681e-09
240,370.93117783944837,56,A,-1.8172530643606963e-10,3.4689713045172426e-10,-1.8172530643606966e-10,-1.8172530643606961e-10,3.4689713045172421e-10,3.4689713045172431e-10
240,370.93117783944837,56,Z,-1.52288504917404e-08,-1.2201183450299204e-08,-1.5228850491740404e-08,-1.5228850491740397e-08,-1.2201183450299205e-08,-1.2201183450299202e-08
240,370.93117783944837,56,E,7.6237108689390498e-08,-1.3488241232539312e-07,7.6237108689390485e-08,7.6237108689390512e-08,-1.3488241232539315e-07,-1.348824123253931e-07
240,370.93117783944837,57,N,-3.6042592580514736e-09,-4.1911114488256873e-09,-3.604259258051474e-09,-3.6042592580514732e-09,-4.1911114488256881e-09,-4.1911114488256865e-09
240,370.93117783944837,57,A,2.3298661572154035e-10,-1.9209518048047799e-10,2.329866157215403e-10,2.329866157215404e-10,-1.9209518048047801e-10,-1.9209518048047796e-10
240,370.93117783944837,57,Z,6.3464021038363042e-09,1.4473786786097183e-08,6.3464021038363034e-09,6.346402103836305e-09,1.4473786786097181e-08,1.4473786786097184e-08
240,370.93117783944837,57,E,-9.7905167844016477e-08,7.565108492499437e-08,-9.790516784401649e-08,-9.7905167844016464e-08,7.5651084924994357e-08,7.5651084924994383e-08
240,370.93117783944837,58,N,1.3290044187582852e-09,4.1348540105821076e-09,1.329004418758285e-09,1.3290044187582854e-09,4.1348540105821068e-09,4.1348540105821084e-09
240,370.93117783944837,58,A,-2.2336145653950119e-10,6.6723762718501427e-11,-2.2336145653950121e-10,-2.2336145653950116e-10,6.6723762718501414e-11,6.672376271850144e-11
240,370.93117783944837,58,Z,8.8329065756151922e-10,-1.2777015186456401e-08,8.8329065756151912e-10,8.8329065756151932e-10,-1.2777015186456402e-08,-1.2777015186456399e-08
240,370.93117783944837,58,E,9.5574939833005126e-08,-2.533364914544286e-08,9.5574939833005113e-08,9.557493983300514e-08,-2.5333649145442864e-08,-2.5333649145442857e-08
240,370.93117783944837,59,N,3.0205307347488591e-10,-3.4024393324728087e-09,3.0205307347488585e-10,3.0205307347488596e-10,-3.4024393324728091e-09,-3.4024393324728083e-09
240,370.93117783944837,59,A,1.7912333386011608e-10,1.9605929434814206e-11,1.7912333386011605e-10,1.791233338601161e-10,1.9605929434814203e-11,1.960592943481421e-11
240,370.93117783944837,59,Z,-5.440805046881441e-09,8.8461668638251209e-09,-5.4408050468814418e-09,-5.4408050468814402e-09,8.8461668638251192e-09,8.8461668638251226e-09
240,370.93117783944837,59,E,-7.829728535055883e-08,-1.1028171303858731e-08,-7.8297285350558844e-08,-7.8297285350558817e-08,-1.1028171303858733e-08,-1.1028171303858729e-08
240,370.93117783944837,60,N,-1.2615385608406787e-09,2.3747369896058158e-09,-1.2615385608406789e-09,-1.2615385608406785e-09,2.3747369896058154e-09,2.3747369896058162e-09
240,370.93117783944837,60,A,-1.2182913681114241e-10,-6.7893709365570533e-11,-1.2182913681114243e-10,-1.2182913681114238e-10,-6.7893709365570546e-11,-6.789370936557052e-11
240,370.93117783944837,60,Z,7.240870675393306e-09,-4.3096451784637684e-09,7.2408706753933052e-09,7.2408706753933069e-09,-4.3096451784637692e-09,-4.3096451784637675e-09
240,370.93117783944837,60,E,5.4296243854431793e-08,3.2490014746041473e-08,5.4296243854431787e-08,5.42962438544318e-08,3.2490014746041467e-08,3.249001474604148e-08
240,370.93117783944837,61,N,1.6442703267325844e-09,-1.336357133060792e-09,1.6442703267325842e-09,1.6442703267325846e-09,-1.3363571330607922e-09,-1.3363571330607918e-09
240,370.93117783944837,61,A,6.6478093992898691e-11,8.5204023554787674e-11,6.6478093992898678e-11,6.6478093992898704e-11,8.5204023554787662e-11,8.5204023554787687e-11
240,370.93117783944837,61,Z,-6.8306691868351324e-09,3.7083078303620817e-10,-6.8306691868351332e-09,-6.8306691868351316e-09,3.7083078303620812e-10,3.7083078303620822e-10
240,370.93117783944837,61,E,-2.9932975683223647e-08,-4.0881009498383837e-08,-2.9932975683223653e-08,-2.993297568322364e-08,-4.0881009498383843e-08,-4.088100949838383e-08
240,370.93117783944837,62,N,-1.6049559491533339e-09,4.6535535138896017e-10,-1.6049559491533341e-09,-1.6049559491533337e-09,4.6535535138896012e-10,4.6535535138896022e-10
240,370.93117783944837,62,A,-2.1736349841775982e-11,-8.098297408041064e-11,-2.1736349841775985e-11,-2.1736349841775978e-11,-8.0982974080410653e-11,-8.0982974080410627e-11
240,370.93117783944837,62,Z,5.0541848096416655e-09,2.3088310303814461e-09,5.0541848096416647e-09,5.0541848096416663e-09,2.3088310303814457e-09,2.3088310303814465e-09
240,370.93117783944837,62,E,9.3429414115185819e-09,3.9509341620004347e-08,9.3429414115185802e-09,9.3429414115185835e-09,3.950934162000434e-08,3.9509341620004354e-08
240,370.93117783944837,63,N,1.3098578096506817e-09,1.5562462106699325e-10,1.3098578096506814e-09,1.3098578096506819e-09,1.5562462106699323e-10,1.5562462106699328e-10
240,370.93117783944837,63,A,-8.9643090825173407e-12,6.4515345249046526e-11,-8.9643090825173424e-12,-8.9643090825173391e-12,6.4515345249046513e-11,6.4515345249046539e-11
240,370.93117783944837,63,Z,-2.7668080546688846e-09,-3.5690742485486219e-09,-2.766808054668885e-09,-2.7668080546688842e-09,-3.5690742485486224e-09,-3.5690742485486215e-09
240,370.93117783944837,63,E,5.4374461228335524e-09,-3.209400453412378e-08,5.4374461228335516e-09,5.4374461228335533e-09,-3.2094004534123787e-08,-3.2094004534123774e-08
240,370.93117783944837,64,N,-9.0491797931153128e-10,-5.1684328334804928e-10,-9.0491797931153138e-10,-9.0491797931153118e-10,-5.1684328334804938e-10,-5.1684328334804918e-10
240,370.93117783944837,64,A,2.5985788711399752e-11,-4.3480547413871561e-11,2.5985788711399749e-11,2.5985788711399755e-11,-4.3480547413871568e-11,-4.3480547413871555e-11
240,370.93117783944837,64,Z,6.4480478735350907e-10,3.6150330456077245e-09,6.4480478735350896e-10,6.4480478735350917e-10,3.6150330456077241e-09,3.6150330456077249e-09
240,370.93117783944837,64,E,-1.4050477940740263e-08,2.2012969446798759e-08,-1.4050477940740265e-08,-1.4050477940740262e-08,2.2012969446798756e-08,2.2012969446798762e-08
240,370.93117783944837,65,N,4.993069187492101e-10,6.5548161527118595e-10,4.9930691874921e-10,4.993069187492102e-10,6.5548161527118584e-10,6.5548161527118605e-10
240,370.93117783944837,65,A,-3.1841768768931629e-11,2.3257266032827458e-11,-3.1841768768931636e-11,-3.1841768768931623e-11,2.3257266032827455e-11,2.3257266032827462e-11
240,370.93117783944837,65,Z,9.0140468339723261e-10,-2.8482223481691555e-09,9.014046833972325e-10,9.0140468339723271e-10,-2.8482223481691559e-09,-2.8482223481691551e-09
240,370.93117783944837,65,E,1.7275666971343494e-08,-1.1875309809656862e-08,1.7275666971343491e-08,1.7275666971343497e-08,-1.1875309809656864e-08,-1.187530980965686e-08
240,370.93117783944837,66,N,-1.6125293381377353e-10,-6.318011350182073e-10,-1.6125293381377356e-10,-1.6125293381377351e-10,-6.318011350182074e-10,-6.318011350182072e-10
240,370.93117783944837,66,A,2.9900541232633158e-11,-7.0319672533794096e-12,2.9900541232633151e-11,2.9900541232633164e-11,-7.0319672533794104e-12,-7.0319672533794088e-12
240,370.93117783944837,66,Z,-1.7266617587323834e-09,1.7122129061959624e-09,-1.7266617587323837e-09,-1.7266617587323832e-09,1.7122129061959622e-09,1.7122129061959626e-09
240,370.93117783944837,66,E,-1.6497415246930792e-08,3.3704293688395117e-09,-1.6497415246930796e-08,-1.6497415246930789e-08,3.3704293688395113e-09,3.3704293688395121e-09
240,370.93117783944837,67,N,-7.7876291904878584e-11,5.1049347945041629e-10,-7.7876291904878597e-11,-7.7876291904878571e-11,5.1049347945041619e-10,5.104934794504164e-10
240,370.93117783944837,67,A,-2.3659177816235254e-11,-4.086796052659969e-12,-2.3659177816235257e-11,-2.3659177816235251e-11,-4.0867960526599698e-12,-4.0867960526599681e-12
240,370.93117783944837,67,Z,1.8929396574379822e-09,-5.8148150895170827e-10,1.8929396574379818e-09,1.8929396574379826e-09,-5.8148150895170837e-10,-5.8148150895170817e-10
240,370.93117783944837,67,E,1.3264251176462524e-08,2.6800655897024108e-09,1.3264251176462522e-08,1.3264251176462526e-08,2.6800655897024104e-09,2.6800655897024113e-09
240,370.93117783944837,68,N,2.1491265871621279e-10,-3.4831852349584778e-10,2.1491265871621276e-10,2.1491265871621282e-10,-3.4831852349584783e-10,-3.4831852349584773e-10
240,370.93117783944837,68,A,1.5760471633873243e-11,1.0127387710496987e-11,1.576047163387324e-11,1.5760471633873246e-11,1.0127387710496986e-11,1.0127387710496989e-11
240,370.93117783944837,68,Z,-1.5857764272345959e-09,-2.9707116321741948e-10,-1.5857764272345961e-09,-1.5857764272345957e-09,-2.9707116321741953e-10,-2.9707116321741943e-10
240,370.93117783944837,68,E,-8.9780765692060269e-09,-6.1482524960105858e-09,-8.9780765692060285e-09,-8.9780765692060252e-09,-6.1482524960105866e-09,-6.1482524960105849e-09
240,370.93117783944837,69,N,-2.6489975922265335e-10,1.8765382863337181e-10,-2.648997592226534e-10,-2.648997592226533e-10,1.8765382863337179e-10,1.8765382863337184e-10
240,370.93117783944837,69,A,-8.1908348419243699e-12,-1.2100824788950917e-11,-8.1908348419243715e-12,-8.1908348419243683e-12,-1.2100824788950919e-11,-1.2100824788950916e-11
240,370.93117783944837,69,Z,1.0320169495488584e-09,8.1504757481395379e-10,1.0320169495488582e-09,1.0320169495488586e-09,8.1504757481395369e-10,8.1504757481395389e-10
240,370.93117783944837,69,E,4.7174051381547226e-09,7.3749912306433512e-09,4.7174051381547218e-09,4.7174051381547234e-09,7.3749912306433504e-09,7.374991230643352e-09
240,370.93117783944837,70,N,2.5176686541175081e-10,-5.4859711310539887e-11,2.5176686541175075e-10,2.5176686541175086e-10,-5.4859711310539893e-11,-5.485971131053988e-11
240,370.93117783944837,70,A,2.2502637458411894e-12,1.1203856961783757e-11,2.250263745841189e-12,2.2502637458411898e-12,1.1203856961783756e-11,1.1203856961783759e-11
240,370.93117783944837,70,Z,-4.3629187110518682e-10,-9.7960438408966168e-10,-4.3629187110518687e-10,-4.3629187110518677e-10,-9.7960438408966189e-10,-9.7960438408966147e-10
240,370.93117783944837,70,E,-1.1756637773495005e-09,-6.9485214425672639e-09,-1.1756637773495007e-09,-1.1756637773495003e-09,-6.9485214425672647e-09,-6.9485214425672631e-09
240,370.93117783944837,71,N,-2.0108984635105346e-10,-3.8135584549326832e-11,-2.0108984635105349e-10,-2.0108984635105344e-10,-3.8135584549326839e-11,-3.8135584549326826e-11
240,370.93117783944837,71,A,1.8570317090493422e-12,-8.7943464880453495e-12,1.8570317090493418e-12,1.8570317090493426e-12,-8.7943464880453511e-12,-8.7943464880453479e-12
240,370.93117783944837,71,Z,-5.6274860132759041e-11,8.7303129535464998e-10,-5.6274860132759048e-11,-5.6274860132759035e-11,8.7303129535464987e-10,8.7303129535465008e-10
240,370.93117783944837,71,E,-1.3161541515923851e-09,5.5210860905042259e-09,-1.3161541515923853e-09,-1.3161541515923849e-09,5.5210860905042251e-09,5.5210860905042267e-09
240,370.93117783944837,72,N,1.352263722573665e-10,9.044654272477939e-11,1.3522637225736648e-10,1.3522637225736653e-10,9.0446542724779377e-11,9.0446542724779403e-11
240,370.93117783944837,72,A,-3.9666649786958931e-12,5.7493509837469476e-12,-3.9666649786958939e-12,-3.9666649786958923e-12,5.7493509837469468e-12,5.7493509837469484e-12
240,370.93117783944837,72,Z,3.7184403200349751e-10,-6.0952464023434603e-10,3.7184403200349746e-10,3.7184403200349756e-10,-6.0952464023434613e-10,-6.0952464023434592e-10
240,370.93117783944837,72,E,2.7159042196986356e-09,-3.6798058354190899e-09,2.7159042196986352e-09,2.7159042196986361e-09,-3.6798058354190903e-09,-3.6798058354190895e-09
240,370.93117783944837,73,N,-7.0808526055732639e-11,-1.0831199020953114e-10,-7.0808526055732652e-11,-7.0808526055732626e-11,-1.0831199020953115e-10,-1.0831199020953113e-10
240,370.93117783944837,73,A,4.6594542730963375e-12,-2.9182743078146801e-12,4.6594542730963367e-12,4.6594542730963383e-12,-2.9182743078146805e-12,-2.9182743078146797e-12
240,370.93117783944837,73,Z,-5.0013164282347088e-10,2.9950200038337481e-10,-5.0013164282347098e-10,-5.0013164282347077e-10,2.9950200038337476e-10,2.9950200038337486e-10
240,370.93117783944837,73,E,-3.1756223792885375e-09,1.8735952867705654e-09,-3.1756223792885379e-09,-3.1756223792885371e-09,1.873595286770565e-09,1.8735952867705658e-09
240,370.93117783944837,74,N,1.8098087593130374e-11,1.0139344203696061e-10,1.809808759313037e-11,1.8098087593130377e-11,1.013934420369606e-10,1.0139344203696062e-10
240,370.93117783944837,74,A,-4.251996306445567e-12,6.730158126341841e-13,-4.2519963064455678e-12,-4.2519963064455662e-12,6.73015812634184e-13,6.730158126341842e-13
240,370.93117783944837,74,Z,4.7539523276613889e-10,-2.6695676161678167e-11,4.7539523276613879e-10,4.75395232766139e-10,-2.669567616167817e-11,-2.6695676161678164e-11
240,370.93117783944837,74,E,2.9485094042924441e-09,-3.8824207235573838e-10,2.9485094042924437e-09,2.9485094042924445e-09,-3.8824207235573843e-10,-3.8824207235573833e-10
240,370.93117783944837,75,N,1.8373079911259325e-11,-7.9947557929347846e-11,1.8373079911259322e-11,1.8373079911259328e-11,-7.9947557929347859e-11,-7.9947557929347833e-11
240,370.93117783944837,75,A,3.3080676105550341e-12,8.2392928238919289e-13,3.3080676105550337e-12,3.3080676105550345e-12,8.2392928238919279e-13,8.2392928238919299e-13
240,370.93117783944837,75,Z,-3.5405355939721123e-10,-1.6126600193833302e-10,-3.5405355939721128e-10,-3.5405355939721117e-10,-1.6126600193833305e-10,-1.61266001938333e-10
240,370.93117783944837,75,E,-2.3120556298785452e-09,-6.4320621363151176e-10,-2.3120556298785456e-09,-2.3120556298785448e-09,-6.4320621363151187e-10,-6.4320621363151166e-10
240,370.93117783944837,76,N,-3.8441580710976935e-11,5.2878258020806066e-11,-3.8441580710976942e-11,-3.8441580710976929e-11,5.287825802080606e-11,5.2878258020806072e-11
240,370.93117783944837,76,A,-2.1010423708064692e-12,-1.6060777101880537e-12,-2.1010423708064696e-12,-2.1010423708064688e-12,-1.6060777101880539e-12,-1.6060777101880535e-12
240,370.93117783944837,76,Z,1.9493951013360827e-10,2.512462343740468e-10,1.9493951013360824e-10,1.949395101336083e-10,2.5124623437404675e-10,2.5124623437404686e-10
240,370.93117783944837,76,E,1.5141257303161904e-09,1.2088049757283145e-09,1.5141257303161902e-09,1.5141257303161906e-09,1.2088049757283143e-09,1.2088049757283147e-09
240,370.93117783944837,77,N,4.4730216296914418e-11,-2.6774624097877702e-11,4.4730216296914412e-11,4.4730216296914425e-11,-2.6774624097877705e-11,-2.6774624097877699e-11
240,370.93117783944837,77,A,1.0205668604045332e-12,1.8387841491990484e-12,1.020566860404533e-12,1.0205668604045334e-12,1.838784149199048e-12,1.8387841491990488e-12
240,370.93117783944837,77,Z,-4.561006083094243e-11,-2.5598972537482374e-10,-4.5610060830942437e-11,-4.5610060830942424e-11,-2.5598972537482379e-10,-2.5598972537482369e-10
240,370.93117783944837,77,E,-7.4270765375182024e-10,-1.3773909635868955e-09,-7.4270765375182034e-10,-7.4270765375182014e-10,-1.3773909635868957e-09,-1.3773909635868953e-09
240,370.93117783944837,78,N,-4.1214196758563562e-11,5.6575621122561255e-12,-4.1214196758563568e-11,-4.1214196758563555e-11,5.6575621122561247e-12,5.6575621122561263e-12
240,370.93117783944837,78,A,-2.117742340926569e-13,-1.6289839438662042e-12,-2.1177423409265692e-13,-2.1177423409265687e-13,-1.6289839438662044e-12,-1.628983943866204e-12
240,370.93117783944837,78,Z,-6.4321803600642265e-11,2.0272348531897588e-10,-6.4321803600642278e-11,-6.4321803600642252e-11,2.0272348531897585e-10,2.027234853189759e-10
240,370.93117783944837,78,E,1.1598435771522868e-10,1.2591499649938084e-09,1.1598435771522867e-10,1.1598435771522869e-10,1.2591499649938082e-09,1.2591499649938086e-09
240,370.93117783944837,79,N,3.2036286614037903e-11,8.7492068084847242e-12,3.2036286614037897e-11,3.203628661403791e-11,8.7492068084847225e-12,8.7492068084847258e-12
240,370.93117783944837,79,A,-3.4213544123875048e-13,1.2323160401853654e-12,-3.4213544123875053e-13,-3.4213544123875043e-13,1.2323160401853652e-12,1.2323160401853656e-12
240,370.93117783944837,79,Z,1.2371607638994496e-10,-1.2238195767700562e-10,1.2371607638994493e-10,1.2371607638994498e-10,-1.2238195767700564e-10,-1.2238195767700559e-10
240,370.93117783944837,79,E,3.1274659574376577e-10,-9.7317020877451865e-10,3.1274659574376571e-10,3.1274659574376582e-10,-9.7317020877451886e-10,-9.7317020877451845e-10
240,370.93117783944837,80,N,-2.0797279770937745e-11,-1.6469811632831991e-11,-2.0797279770937748e-11,-2.0797279770937741e-11,-1.6469811632831994e-11,-1.6469811632831988e-11
240,370.93117783944837,80,A,6.8696135563938562e-13,-7.6198706042077489e-13,6.8696135563938552e-13,6.8696135563938572e-13,-7.6198706042077499e-13,-7.6198706042077479e-13
240,370.93117783944837,80,Z,-1.3622052753629926e-10,4.1599068697686989e-11,-1.3622052753629929e-10,-1.3622052753629924e-10,4.1599068697686983e-11,4.1599068697686995e-11
240,370.93117783944837,80,E,-5.4127039631380439e-10,6.2482590371017609e-10,-5.4127039631380449e-10,-5.4127039631380428e-10,6.2482590371017599e-10,6.248259037101762e-10
240,370.93117783944837,81,N,1.0125558841305878e-11,1.8630738901268269e-11,1.0125558841305876e-11,1.0125558841305879e-11,1.8630738901268266e-11,1.8630738901268273e-11
240,370.93117783944837,81,A,-7.0461120768012203e-13,3.8254373791690846e-13,-7.0461120768012213e-13,-7.0461120768012192e-13,3.8254373791690841e-13,3.8254373791690851e-13
240,370.93117783944837,81,Z,1.1457371816062234e-10,2.1704480760741641e-11,1.1457371816062233e-10,1.1457371816062236e-10,2.1704480760741638e-11,2.1704480760741645e-11
240,370.93117783944837,81,E,6.0110014096048565e-10,-2.9325238690072681e-10,6.0110014096048555e-10,6.0110014096048576e-10,-2.9325238690072686e-10,-2.9325238690072676e-10
240,370.93117783944837,82,N,-1.5988433867451482e-12,-1.6884067082768179e-11,-1.5988433867451484e-12,-1.598843386745148e-12,-1.6884067082768183e-11,-1.6884067082768176e-11
240,370.93117783944837,82,A,6.2399122165235538e-13,-3.253095197354632e-14,6.2399122165235528e-13,6.2399122165235548e-13,-3.2530951973546326e-14,-3.2530951973546313e-14
240,370.93117783944837,82,Z,-7.4806184606655585e-11,-5.9367032895403591e-11,-7.4806184606655598e-11,-7.4806184606655572e-11,-5.9367032895403603e-11,-5.9367032895403578e-11
240,370.93117783944837,82,E,-5.4062854678116817e-10,2.7449926889157154e-11,-5.4062854678116828e-10,-5.4062854678116807e-10,2.7449926889157151e-11,2.7449926889157158e-11
240,370.93117783944837,83,N,-4.1277126957845712e-12,1.2924956698582884e-11,-4.127712695784572e-12,-4.1277126957845704e-12,1.2924956698582882e-11,1.2924956698582885e-11
240,370.93117783944837,83,A,-4.809064904210494e-13,-1.723490330008772e-13,-4.809064904210495e-13,-4.809064904210493e-13,-1.7234903300087722e-13,-1.7234903300087717e-13
240,370.93117783944837,83,Z,3.1639103470435993e-11,7.1551333386774728e-11,3.1639103470435986e-11,3.1639103470435999e-11,7.1551333386774715e-11,7.1551333386774741e-11
240,370.93117783944837,83,E,4.113488684580304e-10,1.5133871829547849e-10,4.1134886845803035e-10,4.1134886845803045e-10,1.5133871829547847e-10,1.5133871829547852e-10
240,370.93117783944837,84,N,7.1053731159355584e-12,-8.2171427204726687e-12,7.1053731159355576e-12,7.1053731159355592e-12,-8.2171427204726703e-12,-8.2171427204726671e-12
240,370.93117783944837,84,A,3.1338895442675842e-13,2.7133516039222255e-13,3.1338895442675837e-13,3.1338895442675847e-13,2.713351603922225e-13,2.713351603922226e-13
240,370.93117783944837,84,Z,4.3109697204933027e-12,-6.3962447847976995e-11,4.3109697204933019e-12,4.3109697204933035e-12,-6.3962447847977008e-11,-6.3962447847976982e-11
240,370.93117783944837,84,E,-2.5833206467955403e-10,-2.4353207138582046e-10,-2.5833206467955408e-10,-2.5833206467955398e-10,-2.4353207138582051e-10,-2.435320713858204e-10
240,370.93117783944837,85,N,-7.8163767904441358e-12,3.8172948862864216e-12,-7.8163767904441374e-12,-7.8163767904441341e-12,3.8172948862864208e-12,3.8172948862864224e-12
240,370.93117783944837,85,A,-1.2687985335514637e-13,-2.9807526278605557e-13,-1.268798533551464e-13,-1.2687985335514635e-13,-2.9807526278605563e-13,-2.9807526278605552e-13
240,370.93117783944837,85,Z,-2.7507096133085972e-11,4.4770645206845503e-11,-2.7507096133085975e-11,-2.7507096133085969e-11,4.4770645206845496e-11,4.4770645206845509e-11
240,370.93117783944837,85,E,1.1503878884370136e-10,2.6367384228885138e-10,1.1503878884370134e-10,1.1503878884370137e-10,2.6367384228885133e-10,2.6367384228885143e-10
240,370.93117783944837,86,N,6.9624800265671757e-12,-3.5527182951124541e-13,6.9624800265671749e-12,6.9624800265671765e-12,-3.5527182951124546e-13,-3.5527182951124536e-13
240,370.93117783944837,86,A,1.6938402632456781e-14,2.4200115231216554e-13,1.6938402632456778e-14,1.6938402632456785e-14,2.4200115231216549e-13,2.4200115231216559e-13
240,370.93117783944837,86,Z,3.7034141187422699e-11,-2.2008633308051087e-11,3.7034141187422693e-11,3.7034141187422706e-11,-2.2008633308051091e-11,-2.2008633308051084e-11
240,370.93117783944837,86,E,-1.8213402604077708e-12,-2.3318113898540345e-10,-1.8213402604077712e-12,-1.8213402604077704e-12,-2.331811389854035e-10,-2.331811389854034e-10
240,370.93117783944837,87,N,-5.2461283180841398e-12,-1.9363535953689962e-12,-5.2461283180841406e-12,-5.246128318084139e-12,-1.9363535953689966e-12,-1.9363535953689958e-12
240,370.93117783944837,87,A,6.9126963335756369e-14,-1.9617386947969119e-13,6.9126963335756356e-14,6.9126963335756382e-14,-1.9617386947969121e-13,-1.9617386947969116e-13
240,370.93117783944837,87,Z,-3.528002494558196e-11,1.8553335121416914e-12,-3.5280024945581967e-11,-3.5280024945581954e-11,1.855333512141691e-12,1.8553335121416918e-12
240,370.93117783944837,87,E,-7.2914844871101048e-11,1.744635113207337e-10,-7.2914844871101061e-11,-7.2914844871101035e-11,1.7446351132073368e-10,1.7446351132073373e-10
240,370.93117783944837,88,N,3.2587506267019136e-12,3.0800661166862347e-12,3.2587506267019132e-12,3.258750626701914e-12,3.0800661166862343e-12,3.0800661166862351e-12
240,370.93117783944837,88,A,-1.0171766409064678e-13,1.1501956698236151e-13,-1.0171766409064679e-13,-1.0171766409064677e-13,1.1501956698236148e-13,1.1501956698236153e-13
240,370.93117783944837,88,Z,2.6327327705298499e-11,1.2110350288997773e-11,2.6327327705298495e-11,2.6327327705298502e-11,1.2110350288997772e-11,1.2110350288997775e-11
240,370.93117783944837,88,E,1.0999114024291728e-10,-1.0689886628927212e-10,1.0999114024291726e-10,1.0999114024291729e-10,-1.0689886628927214e-10,-1.0689886628927211e-10
240,370.93117783944837,89,N,-1.4326373305506454e-12,-3.3001238609468223e-12,-1.4326373305506456e-12,-1.4326373305506452e-12,-3.3001238609468227e-12,-3.3001238609468219e-12
240,370.93117783944837,89,A,1.3621444005080841e-13,-5.2891855829293949e-14,1.3621444005080839e-13,1.3621444005080844e-13,-5.2891855829293955e-14,-5.2891855829293942e-14
240,370.93117783944837,89,Z,-1.4502063329366213e-11,-1.8841505279053851e-11,-1.4502063329366214e-11,-1.4502063329366211e-11,-1.8841505279053854e-11,-1.8841505279053848e-11
240,370.93117783944837,89,E,-1.1615797905429464e-10,4.4688422055019424e-11,-1.1615797905429465e-10,-1.1615797905429463e-10,4.4688422055019417e-11,4.468842205501943e-11
240,370.93117783944837,90,N,1.6928939192953738e-14,2.8883192903691858e-12,1.6928939192953735e-14,1.6928939192953742e-14,2.8883192903691854e-12,2.8883192903691862e-12
240,370.93117783944837,90,A,-6.8483911080744797e-14,-1.5953974108542791e-15,-6.8483911080744809e-14,-6.8483911080744784e-14,-1.5953974108542793e-15,-1.5953974108542789e-15
240,370.93117783944837,90,Z,3.3451141487183721e-12,1.9223175142243235e-11,3.3451141487183717e-12,3.3451141487183725e-12,1.9223175142243232e-11,1.9223175142243238e-11
240,370.93117783944837,90,E,1.0095481669393776e-10,3.7069280424172902e-12,1.0095481669393775e-10,1.0095481669393778e-10,3.7069280424172894e-12,3.706928042417291e-12
240,370.93117783944837,91,N,9.0098591558170544e-13,-2.1390784010108944e-12,9.0098591558170534e-13,9.0098591558170554e-13,-2.1390784010108948e-12,-2.139078401010894e-12
240,370.93117783944837,91,A,7.563365503309175e-14,3.5000581492912358e-14,7.5633655033091737e-14,7.5633655033091762e-14,3.5000581492912352e-14,3.5000581492912364e-14
240,370.93117783944837,91,Z,4.9074387427382004e-12,-1.524580714690967e-11,4.9074387427381996e-12,4.9074387427382012e-12,-1.5245807146909673e-11,-1.5245807146909667e-11
240,370.93117783944837,91,E,-7.4187781812910309e-11,-3.4994972673889822e-11,-7.4187781812910322e-11,-7.4187781812910296e-11,-3.4994972673889829e-11,-3.4994972673889816e-11
240,370.93117783944837,92,N,-1.3409390325429322e-12,1.2932948414557479e-12,-1.3409390325429324e-12,-1.340939032542932e-12,1.2932948414557477e-12,1.2932948414557481e-12
240,370.93117783944837,92,A,-2.8600149723091417e-14,-6.0786118934022271e-14,-2.8600149723091424e-14,-2.8600149723091411e-14,-6.0786118934022284e-14,-6.0786118934022259e-14
240,370.93117783944837,92,Z,-9.3881384965629005e-12,9.207134661259841e-12,-9.3881384965629022e-12,-9.3881384965628989e-12,9.2071346612598394e-12,9.2071346612598426e-12
240,370.93117783944837,92,E,4.422539462734704e-11,4.9828801860823615e-11,4.4225394627347033e-11,4.4225394627347046e-11,4.9828801860823609e-11,4.9828801860823622e-11
240,370.93117783944837,93,N,1.4025061539197369e-12,-5.3238091487825323e-13,1.4025061539197367e-12,1.4025061539197371e-12,-5.3238091487825333e-13,-5.3238091487825313e-13
240,370.93117783944837,93,A,3.6804376536481487e-14,2.9444512850671704e-14,3.6804376536481481e-14,3.6804376536481494e-14,2.9444512850671698e-14,2.9444512850671711e-14
240,370.93117783944837,93,Z,1.0341272434055324e-11,-3.1077683522598474e-12,1.0341272434055322e-11,1.0341272434055326e-11,-3.1077683522598478e-12,-3.107768352259847e-12
240,370.93117783944837,93,E,-1.7112708282065825e-11,-5.1354299076090059e-11,-1.7112708282065828e-11,-1.7112708282065822e-11,-5.1354299076090066e-11,-5.1354299076090053e-11
240,370.93117783944837,94,N,-1.2049416745616996e-12,-5.064915050084669e-14,-1.2049416745616998e-12,-1.2049416745616994e-12,-5.0649150500846696e-14,-5.0649150500846683e-14
240,370.93117783944837,94,A,2.4708275965775169e-14,-3.6054074146025392e-14,2.4708275965775166e-14,2.4708275965775173e-14,-3.6054074146025399e-14,-3.6054074146025386e-14
240,370.93117783944837,94,Z,-8.7064435197615018e-12,-1.6907717213478545e-12,-8.7064435197615034e-12,-8.7064435197615001e-12,-1.6907717213478547e-12,-1.6907717213478543e-12
240,370.93117783944837,94,E,-3.6321357102375789e-12,4.3842958167854012e-11,-3.6321357102375793e-12,-3.6321357102375785e-12,4.3842958167854006e-11,4.3842958167854019e-11
240,370.93117783944837,95,N,8.7319817004215619e-13,4.1651476677467794e-13,8.7319817004215609e-13,8.7319817004215629e-13,4.1651476677467789e-13,4.1651476677467799e-13
240,370.93117783944837,95,A,-4.6963746705355672e-14,6.5852050654684647e-15,-4.6963746705355678e-14,-4.6963746705355665e-14,6.5852050654684639e-15,6.5852050654684655e-15
240,370.93117783944837,95,Z,5.6857056600394292e-12,4.5563220141409059e-12,5.6857056600394284e-12,5.68570566003943e-12,4.5563220141409051e-12,4.5563220141409067e-12
240,370.93117783944837,95,E,1.6738675933890491e-11,-3.1605888500045349e-11,1.6738675933890488e-11,1.6738675933890494e-11,-3.1605888500045355e-11,-3.1605888500045343e-11
240,370.93117783944837,96,N,-5.185263168250137e-13,-5.8606319150866139e-13,-5.185263168250138e-13,-5.185263168250136e-13,-5.8606319150866149e-13,-5.8606319150866129e-13
240,370.93117783944837,96,A,2.6639870720559923e-15,-2.2591639231561274e-14,2.6639870720559919e-15,2.6639870720559927e-15,-2.2591639231561277e-14,-2.2591639231561271e-14
240,370.93117783944837,96,Z,-2.3943528711456052e-12,-5.4871738180857278e-12,-2.3943528711456056e-12,-2.3943528711456048e-12,-5.4871738180857286e-12,-5.487173818085727e-12
240,370.93117783944837,96,E,-2.2628527834151929e-11,1.8271149781411058e-11,-2.2628527834151932e-11,-2.2628527834151926e-11,1.8271149781411054e-11,1.8271149781411061e-11
240,370.93117783944837,97,N,1.9548667374163189e-13,5.9742517585810159e-13,1.9548667374163186e-13,1.9548667374163191e-13,5.9742517585810149e-13,5.9742517585810169e-13
240,370.93117783944837,97,A,-2.1963604416370836e-14,-4.2323184688925776e-14,-2.1963604416370839e-14,-2.1963604416370833e-14,-4.2323184688925782e-14,-4.2323184688925769e-14
240,370.93117783944837,97,Z,-3.5564266362079596e-13,4.9072845416897585e-12,-3.5564266362079601e-13,-3.5564266362079591e-13,4.9072845416897577e-12,4.9072845416897593e-12
240,370.93117783944837,97,E,2.277078848878279e-11,-6.417561792677362e-12,2.2770788488782787e-11,2.2770788488782793e-11,-6.4175617926773628e-12,-6.4175617926773612e-12
240,370.93117783944837,98,N,4.5292483092753688e-14,-5.0478471021980393e-13,4.5292483092753681e-14,4.5292483092753694e-14,-5.0478471021980403e-13,-5.0478471021980383e-13
240,370.93117783944837,98,A,1.8931783837533499e-14,-1.5869264784210683e-14,1.8931783837533496e-14,1.8931783837533502e-14,-1.5869264784210686e-14,-1.586926478421068e-14
240,370.93117783944837,98,Z,2.1351044200144599e-12,-3.4347726066689969e-12,2.1351044200144595e-12,2.1351044200144603e-12,-3.4347726066689973e-12,-3.4347726066689965e-12
240,370.93117783944837,98,E,-1.908706664655174e-11,-2.4941947329392078e-12,-1.9087066646551743e-11,-1.9087066646551736e-11,-2.4941947329392082e-12,-2.4941947329392074e-12
240,370.93117783944837,99,N,-1.9496947369123089e-13,3.5983883348190393e-13,-1.9496947369123091e-13,-1.9496947369123086e-13,3.5983883348190388e-13,3.5983883348190398e-13
240,370.93117783944837,99,A,-3.0684452437920968e-14,-3.4033759871305477e-15,-3.0684452437920974e-14,-3.0684452437920962e-14,-3.4033759871305481e-15,-3.4033759871305473e-15
240,370.93117783944837,99,Z,-2.8674523918390038e-12,1.6831668883798326e-12,-2.8674523918390042e-12,-2.8674523918390034e-12,1.6831668883798324e-12,1.6831668883798328e-12
240,370.93117783944837,99,E,1.3480218096774176e-11,7.9828405378274228e-12,1.3480218096774175e-11,1.3480218096774178e-11,7.9828405378274212e-12,7.9828405378274244e-12
240,370.93117783944837,100,N,2.5713596186470115e-13,-2.0458202007034507e-13,2.571359618647011e-13,2.571359618647012e-13,-2.045820200703451e-13,-2.0458202007034505e-13
240,370.93117783944837,100,A,6.9600135310908465e-15,9.1375278791810184e-15,6.9600135310908458e-15,6.9600135310908473e-15,9.1375278791810168e-15,9.13752787918102e-15
240,370.93117783944837,100,Z,2.7310265391267362e-12,-1.2828696294222976e-13,2.7310265391267358e-12,2.7310265391267367e-12,-1.2828696294222978e-13,-1.2828696294222973e-13
240,370.93117783944837,100,E,-7.5282095180021667e-12,-1.0295686687123047e-11,-7.5282095180021684e-12,-7.5282095180021651e-12,-1.0295686687123049e-11,-1.0295686687123046e-11
240,370.93117783944837,101,N,-2.5466946638837175e-13,7.0537246637307244e-14,-2.546694663883718e-13,-2.5466946638837169e-13,7.0537246637307232e-14,7.0537246637307257e-14
240,370.93117783944837,101,A,1.2921980418007229e-14,-1.1837377924719575e-14,1.2921980418007227e-14,1.292198041800723e-14,-1.1837377924719577e-14,-1.1837377924719574e-14
240,370.93117783944837,101,Z,-2.0372763305413874e-12,-9.51507814558381e-13,-2.0372763305413878e-12,-2.037276330541387e-12,-9.515078145583812e-13,-9.5150781455838079e-13
240,370.93117783944837,101,E,2.332382381479464e-12,1.012076354808643e-11,2.3323823814794636e-12,2.3323823814794644e-12,1.0120763548086429e-11,1.0120763548086432e-11
240,370.93117783944837,102,N,2.1163389820929471e-13,2.9780751669279876e-14,2.1163389820929469e-13,2.1163389820929474e-13,2.978075166927987e-14,2.9780751669279883e-14
240,370.93117783944837,102,A,8.2798171183687353e-15,1.7660163006261949e-14,8.2798171183687337e-15,8.2798171183687369e-15,1.7660163006261946e-14,1.7660163006261952e-14
240,370.93117783944837,102,Z,1.1192461833757093e-12,1.4724540598129011e-12,1.1192461833757091e-12,1.1192461833757095e-12,1.4724540598129009e-12,1.4724540598129013e-12
240,370.93117783944837,102,E,1.5015200909841036e-12,-8.3252785584789585e-12,1.5015200909841034e-12,1.5015200909841038e-12,-8.3252785584789602e-12,-8.3252785584789569e-12
240,370.93117783944837,103,N,-1.4846059239893986e-13,-8.899510834899634e-14,-1.4846059239893988e-13,-1.4846059239893983e-13,-8.8995108348996353e-14,-8.8995108348996327e-14
240,370.93117783944837,103,A,5.4952577484980724e-15,-8.6269637772120277e-15,5.4952577484980716e-15,5.4952577484980732e-15,-8.6269637772120293e-15,-8.6269637772120261e-15
240,370.93117783944837,103,Z,-2.5146320692162164e-13,-1.5007004647969012e-12,-2.5146320692162169e-13,-2.5146320692162159e-13,-1.5007004647969014e-12,-1.5007004647969009e-12
240,370.93117783944837,103,E,-3.7973006582529732e-12,5.7522053648351033e-12,-3.797300658252974e-12,-3.7973006582529724e-12,5.7522053648351025e-12,5.7522053648351041e-12
240,370.93117783944837,104,N,8.2487955020465683e-14,1.137694047886826e-13,8.248795502046567e-14,8.2487955020465696e-14,1.1376940478868257e-13,1.1376940478868262e-13
240,370.93117783944837,104,A,7.563365503309175e-15,-4.579435554487423e-16,7.5633655033091734e-15,7.5633655033091765e-15,-4.579435554487424e-16,-4.579435554487422e-16
240,370.93117783944837,104,Z,-3.9139123912278222e-13,1.1892962846779732e-12,-3.9139123912278227e-13,-3.9139123912278217e-13,1.189296284677973e-12,1.1892962846779734e-12
240,370.93117783944837,104,E,4.6914728973924885e-12,-3.0887547082280153e-12,4.6914728973924877e-12,4.6914728973924893e-12,-3.0887547082280157e-12,-3.0887547082280149e-12
240,370.93117783944837,105,N,-2.3635048353658476e-14,-1.1115984331325023e-13,-2.3635048353658479e-14,-2.3635048353658473e-14,-1.1115984331325024e-13,-1.1115984331325022e-13
240,370.93117783944837,105,A,-1.1075154494700848e-15,-5.9734950440701443e-15,-1.107515449470085e-15,-1.1075154494700846e-15,-5.973495044070145e-15,-5.9734950440701435e-15
240,370.93117783944837,105,Z,7.4053588646686963e-13,-7.1646103882763271e-13,7.4053588646686953e-13,7.4053588646686973e-13,-7.1646103882763281e-13,-7.1646103882763261e-13
240,370.93117783944837,105,E,-4.507067305417975e-12,8.0662278658240744e-13,-4.5070673054179758e-12,-4.5070673054179742e-12,8.0662278658240734e-13,8.0662278658240754e-13
240,370.93117783944837,106,N,-1.4795842421433485e-14,9.0081629496939327e-14,-1.4795842421433488e-14,-1.4795842421433482e-14,9.0081629496939314e-14,9.0081629496939339e-14
240,370.93117783944837,106,A,5.9079632500571783e-15,8.9862390744123058e-15,5.9079632500571775e-15,5.9079632500571791e-15,8.9862390744123042e-15,8.9862390744123073e-15
240,370.93117783944837,106,Z,-8.1392758632220635e-13,2.3833677257177474e-13,-8.1392758632220645e-13,-8.1392758632220625e-13,2.3833677257177469e-13,2.3833677257177479e-13
240,370.93117783944837,106,E,3.6365699086837482e-12,8.4422054124484779e-13,3.6365699086837478e-12,3.6365699086837486e-12,8.4422054124484769e-13,8.4422054124484789e-13
240,370.93117783944837,107,N,4.2714200737294604e-14,-5.9927317208861792e-14,4.2714200737294598e-14,4.2714200737294611e-14,-5.9927317208861805e-14,-5.992731720886178e-14
240,370.93117783944837,107,A,2.9605483287813098e-14,-1.1228360263580974e-14,2.9605483287813092e-14,2.9605483287813104e-14,-1.1228360263580976e-14,-1.1228360263580973e-14
240,370.93117783944837,107,Z,6.8438443653855006e-13,1.3815236059556585e-13,6.8438443653854996e-13,6.8438443653855016e-13,1.3815236059556583e-13,1.3815236059556588e-13
240,370.93117783944837,107,E,-2.4538378374745863e-12,-1.8020949712847493e-12,-2.4538378374745868e-12,-2.4538378374745859e-12,-1.8020949712847495e-12,-1.8020949712847491e-12
240,370.93117783944837,108,N,-5.0560488459405084e-14,3.3061939649412308e-14,-5.056048845940509e-14,-5.0560488459405077e-14,3.3061939649412301e-14,3.3061939649412314e-14
240,370.93117783944837,108,A,-2.4896340186935851e-14,-7.3625487203791533e-15,-2.4896340186935854e-14,-2.4896340186935847e-14,-7.3625487203791549e-15,-7.3625487203791517e-15
240,370.93117783944837,108,Z,-4.4581208238769836e-13,-3.6291422952102918e-13,-4.4581208238769841e-13,-4.4581208238769831e-13,-3.6291422952102923e-13,-3.6291422952102913e-13
240,370.93117783944837,108,E,1.259579181542921e-12,2.1403310516852353e-12,1.2595791815429208e-12,1.2595791815429212e-12,2.1403310516852349e-12,2.1403310516852357e-12
240,370.93117783944837,109,N,4.8725893959526512e-14,-6.2077277944984265e-15,4.8725893959526505e-14,4.8725893959526518e-14,-6.2077277944984272e-15,-6.2077277944984257e-15
240,370.93117783944837,109,A,3.0687323206916551e-14,-9.9183049161065306e-15,3.0687323206916545e-14,3.0687323206916558e-14,-9.9183049161065322e-15,-9.918304916106529e-15
240,370.93117783944837,109,Z,1.8585482540816544e-13,4.3537400869604374e-13,1.8585482540816541e-13,1.8585482540816546e-13,4.3537400869604368e-13,4.3537400869604379e-13
240,370.93117783944837,109,E,-2.5555914510945648e-13,-2.0100002743298454e-12,-2.5555914510945653e-13,-2.5555914510945643e-13,-2.0100002743298458e-12,-2.010000274329845e-12
240,370.93117783944837,110,N,-3.7904075812451967e-14,-8.8296775758351142e-15,-3.7904075812451973e-14,-3.7904075812451961e-14,-8.8296775758351157e-15,-8.8296775758351126e-15
240,370.93117783944837,110,A,1.0526778109397389e-14,-1.2864795853693115e-14,1.0526778109397387e-14,1.0526778109397391e-14,-1.2864795853693116e-14,-1.2864795853693113e-14
240,370.93117783944837,110,Z,3.1427967181803249e-14,-3.8860879856796801e-13,3.1427967181803243e-14,3.1427967181803255e-14,-3.8860879856796806e-13,-3.8860879856796796e-13
240,370.93117783944837,110,E,-4.5526876332152195e-13,1.5896865713375897e-12,-4.5526876332152205e-13,-4.5526876332152185e-13,1.5896865713375895e-12,1.5896865713375899e-12
240,370.93117783944837,111,N,2.420586253959767e-14,1.9222842306151444e-14,2.4205862539597667e-14,2.4205862539597673e-14,1.9222842306151441e-14,1.9222842306151448e-14
240,370.93117783944837,111,A,2.2889694297982535e-14,8.6756081644136398e-15,2.2889694297982531e-14,2.2889694297982538e-14,8.6756081644136382e-15,8.6756081644136414e-15
240,370.93117783944837,111,Z,-1.7190656671319801e-13,2.7126945007677078e-13,-1.7190656671319803e-13,-1.7190656671319798e-13,2.7126945007677073e-13,2.7126945007677083e-13
240,370.93117783944837,111,E,8.5351418702387936e-13,-1.0458540940190516e-12,8.5351418702387926e-13,8.5351418702387946e-13,-1.0458540940190518e-12,-1.0458540940190514e-12
240,370.93117783944837,112,N,-1.2413724472014589e-14,-2.0756958175833587e-14,-1.2413724472014591e-14,-1.2413724472014588e-14,-2.075695817583359e-14,-2.0756958175833584e-14
240,370.93117783944837,112,A,2.5081245119603896e-14,2.1311204129655034e-15,2.5081245119603893e-14,2.5081245119603899e-14,2.131120412965503e-15,2.1311204129655038e-15
240,370.93117783944837,112,Z,2.2938445437398055e-13,-1.3187562615036192e-13,2.293844543739805e-13,2.293844543739806e-13,-1.3187562615036194e-13,-1.3187562615036189e-13
240,370.93117783944837,112,E,-9.7705742780351119e-13,5.0952081546767998e-13,-9.770574278035114e-13,-9.7705742780351099e-13,5.0952081546767988e-13,5.0952081546768008e-13
240,370.93117783944837,113,N,1.4135147199177669e-15,2.068938690962589e-14,1.4135147199177667e-15,1.4135147199177671e-15,2.0689386909625887e-14,2.0689386909625893e-14
240,370.93117783944837,113,A,-2.4009438466010145e-15,-7.3496302598990103e-15,-2.4009438466010149e-15,-2.4009438466010141e-15,-7.3496302598990118e-15,-7.3496302598990087e-15
240,370.93117783944837,113,Z,-2.1786081255034657e-13,8.1783736632080785e-15,-2.178608125503466e-13,-2.1786081255034655e-13,8.178373663208077e-15,8.1783736632080801e-15
240,370.93117783944837,113,E,8.9748859764633738e-13,-6.7464629401587898e-14,8.9748859764633728e-13,8.9748859764633748e-13,-6.7464629401587911e-14,-6.7464629401587886e-14
240,370.93117783944837,114,N,3.5490206292383383e-15,-1.5898578365110352e-14,3.549020629238338e-15,3.5490206292383387e-15,-1.5898578365110355e-14,-1.5898578365110349e-14
240,370.93117783944837,114,A,-6.6622614101414807e-15,-7.1790575332466202e-15,-6.6622614101414815e-15,-6.6622614101414799e-15,-7.1790575332466217e-15,-7.1790575332466186e-15
240,370.93117783944837,114,Z,1.6203462688026644e-13,7.7623256632757192e-14,1.6203462688026641e-13,1.6203462688026646e-13,7.762325663275718e-14,7.7623256632757205e-14
240,370.93117783944837,114,E,-6.953236785144278e-13,-2.3879858589497759e-13,-6.953236785144279e-13,-6.953236785144277e-13,-2.3879858589497764e-13,-2.3879858589497754e-13
240,370.93117783944837,115,N,-8.4349251999795686e-15,9.609314960747302e-15,-8.4349251999795701e-15,-8.434925199979567e-15,9.6093149607473004e-15,9.6093149607473036e-15
240,370.93117783944837,115,A,-1.2999534458812644e-15,8.8042301561958365e-15,-1.2999534458812646e-15,-1.2999534458812642e-15,8.8042301561958349e-15,8.804230156195838e-15
240,370.93117783944837,115,Z,-8.8408836731003013e-14,-1.1880090351061962e-13,-8.8408836731003026e-14,-8.8408836731003e-14,-1.1880090351061965e-13,-1.188009035106196e-13
240,370.93117783944837,115,E,4.4484997805986817e-13,4.0356168395488935e-13,4.4484997805986811e-13,4.4484997805986822e-13,4.035616839548893e-13,4.035616839548894e-13
240,370.93117783944837,116,N,9.8973728265959915e-15,-7.2014466462172322e-15,9.8973728265959899e-15,9.897372826595993e-15,-7.2014466462172338e-15,-7.2014466462172306e-15
240,370.93117783944837,116,A,1.0724615928520432e-14,-9.8678284300986892e-15,1.0724615928520431e-14,1.0724615928520434e-14,-9.8678284300986908e-15,-9.8678284300986876e-15
240,370.93117783944837,116,Z,1.8892429778136701e-14,1.2059676426802006e-13,1.8892429778136698e-14,1.8892429778136704e-14,1.2059676426802004e-13,1.2059676426802009e-13
240,370.93117783944837,116,E,-2.0385264278181793e-13,-4.4657093915583597e-13,-2.0385264278181796e-13,-2.0385264278181791e-13,-4.4657093915583602e-13,-4.4657093915583592e-13
240,370.93117783944837,117,N,-8.2724310192444101e-15,9.416194435400928e-16,-8.2724310192444117e-15,-8.2724310192444085e-15,9.416194435400926e-16,9.4161944354009299e-16
240,370.93117783944837,117,A,1.1345048254963762e-14,1.5886604805983027e-17,1.1345048254963761e-14,1.1345048254963764e-14,1.5886604805983024e-17,1.588660480598303e-17
240,370.93117783944837,117,Z,3.2516839763647154e-14,-9.5239164354666315e-14,3.2516839763647148e-14,3.251683976364716e-14,-9.5239164354666327e-14,-9.5239164354666302e-14
240,370.93117783944837,117,E,8.9962687334282956e-15,4.0111411535756605e-13,8.996268733428294e-15,8.9962687334282972e-15,4.01114115357566e-13,4.011141153575661e-13
240,370.93117783944837,118,N,7.6226977346294083e-15,2.0381305790682351e-15,7.6226977346294068e-15,7.6226977346294099e-15,2.0381305790682347e-15,2.0381305790682355e-15
240,370.93117783944837,118,A,2.0849206875272822e-14,-1.7677769908569059e-14,2.0849206875272819e-14,2.0849206875272825e-14,-1.7677769908569062e-14,-1.7677769908569056e-14
240,370.93117783944837,118,Z,-6.0295988774619702e-14,5.7003300136848077e-14,-6.0295988774619715e-14,-6.029598877461969e-14,5.7003300136848064e-14,5.700330013684809e-14
240,370.93117783944837,118,E,1.2274554207420464e-13,-3.042953680669772e-13,1.2274554207420461e-13,1.2274554207420466e-13,-3.0429536806697725e-13,-3.0429536806697715e-13
240,370.93117783944837,119,N,-3.3316175817220016e-15,-4.5384549664260413e-15,-3.331617581722002e-15,-3.3316175817220012e-15,-4.5384549664260421e-15,-4.5384549664260405e-15
240,370.93117783944837,119,A,5.4839549972013757e-15,-3.042104495660097e-15,5.4839549972013749e-15,5.4839549972013765e-15,-3.0421044956600974e-15,-3.0421044956600966e-15
240,370.93117783944837,119,Z,6.5896461919890564e-14,-1.8446988133144246e-14,6.5896461919890552e-14,6.5896461919890577e-14,-1.8446988133144249e-14,-1.8446988133144243e-14
240,370.93117783944837,119,E,-1.9041190430812567e-13,1.8883003846168277e-13,-1.9041190430812569e-13,-1.9041190430812564e-13,1.8883003846168275e-13,1.888300384616828e-13
240,370.93117783944837,120,N,3.0929434342860993e-15,4.9527978161308715e-15,3.0929434342860989e-15,3.0929434342860997e-15,4.9527978161308707e-15,4.9527978161308723e-15
240,370.93117783944837,120,A,3.7745130421530453e-15,2.9542074816973687e-15,3.7745130421530445e-15,3.7745130421530461e-15,2.9542074816973683e-15,2.9542074816973691e-15
240,370.93117783944837,120,Z,-5.5181647539658778e-14,-1.184634186484336e-14,-5.5181647539658784e-14,-5.5181647539658772e-14,-1.1846341864843362e-14,-1.1846341864843359e-14
240,370.93117783944837,120,E,2.0404502758244685e-13,-8.030024150815501e-14,2.0404502758244682e-13,2.0404502758244687e-13,-8.0300241508155023e-14,-8.0300241508154998e-14
240,370.93117783944837,121,N,5.6722933118842462e-17,-3.8351886923813898e-15,5.672293311884245e-17,5.6722933118842474e-17,-3.8351886923813906e-15,-3.835188692381389e-15
240,370.93117783944837,121,A,-5.3914484334616557e-15,2.935685882422289e-17,-5.3914484334616565e-15,-5.3914484334616549e-15,2.9356858824222884e-17,2.9356858824222896e-17
240,370.93117783944837,121,Z,3.5727722755337399e-14,2.9841995342268025e-14,3.5727722755337393e-14,3.5727722755337405e-14,2.9841995342268019e-14,2.9841995342268031e-14
240,370.93117783944837,121,E,-1.7929097799846567e-13,-5.6031928923422177e-15,-1.792909779984657e-13,-1.7929097799846565e-13,-5.6031928923422185e-15,-5.6031928923422169e-15
240,370.93117783944837,122,N,-2.4387110487640687e-15,3.0466937589099527e-15,-2.4387110487640691e-15,-2.4387110487640683e-15,3.0466937589099523e-15,3.0466937589099531e-15
240,370.93117783944837,122,A,-2.2088857943025043e-14,-2.8457904201308176e-15,-2.2088857943025046e-14,-2.208885794302504e-14,-2.845790420130818e-15,-2.8457904201308172e-15
240,370.93117783944837,122,Z,-1.4621316977671593e-14,-3.5517786953053932e-14,-1.4621316977671596e-14,-1.462131697767159e-14,-3.5517786953053938e-14,-3.5517786953053926e-14
240,370.93117783944837,122,E,1.3301325852720626e-13,6.2094473707008079e-14,1.3301325852720623e-13,1.3301325852720628e-13,6.2094473707008066e-14,6.2094473707008092e-14
240,370.93117783944837,123,N,1.3277667253963021e-15,-2.6774320806182408e-15,1.3277667253963019e-15,1.3277667253963023e-15,-2.6774320806182412e-15,-2.6774320806182404e-15
240,370.93117783944837,123,A,-1.0545488598780689e-14,-8.5188699476445082e-15,-1.054548859878069e-14,-1.0545488598780687e-14,-8.5188699476445098e-15,-8.5188699476445066e-15
240,370.93117783944837,123,Z,-2.9796490407843624e-15,3.155232269152291e-14,-2.9796490407843628e-15,-2.979649040784362e-15,3.1552322691522904e-14,3.1552322691522917e-14
240,370.93117783944837,123,E,-7.9873391338253326e-14,-8.9901752016507275e-14,-7.9873391338253339e-14,-7.9873391338253313e-14,-8.9901752016507288e-14,-8.9901752016507262e-14
240,370.93117783944837,124,N,-2.8664989070311478e-15,-5.7865470327136544e-16,-2.8664989070311481e-15,-2.8664989070311474e-15,-5.7865470327136554e-16,-5.7865470327136534e-16
240,370.93117783944837,124,A,8.6838598220290969e-16,1.0813479933609971e-14,8.6838598220290959e-16,8.6838598220290979e-16,1.0813479933609969e-14,1.0813479933609973e-14
240,370.93117783944837,124,Z,1.4301045909977946e-14,-2.1899084243844379e-14,1.4301045909977943e-14,1.4301045909977949e-14,-2.1899084243844382e-14,-2.1899084243844376e-14
240,370.93117783944837,124,E,3.0802341504413131e-14,9.3335826478123297e-14,3.0802341504413125e-14,3.0802341504413137e-14,9.3335826478123284e-14,9.333582647812331e-14
240,370.93117783944837,125,N,1.3869709261897227e-15,6.7080783062720607e-17,1.3869709261897225e-15,1.3869709261897229e-15,6.7080783062720595e-17,6.7080783062720619e-17
240,370.93117783944837,125,A,6.3255663700786059e-15,2.0369476491303547e-15,6.3255663700786051e-15,6.3255663700786067e-15,2.0369476491303543e-15,2.0369476491303551e-15
240,370.93117783944837,125,Z,-1.8867956111799947e-14,1.0496901915478486e-14,-1.886795611179995e-14,-1.8867956111799944e-14,1.0496901915478485e-14,1.0496901915478488e-14
240,370.93117783944837,125,E,6.9650914742388205e-15,-8.0153024434788327e-14,6.9650914742388197e-15,6.9650914742388213e-15,-8.0153024434788339e-14,-8.0153024434788314e-14
240,370.93117783944837,126,N,-1.7126517344529443e-15,-1.1079148686488049e-17,-1.7126517344529445e-15,-1.7126517344529441e-15,-1.1079148686488051e-17,-1.1079148686488048e-17
240,370.93117783944837,126,A,1.5764012871689048e-14,-1.3894175715246555e-14,1.5764012871689045e-14,1.5764012871689051e-14,-1.3894175715246557e-14,-1.3894175715246553e-14
240,370.93117783944837,126,Z,1.7820724106366914e-14,-4.0689904668109625e-16,1.7820724106366911e-14,1.7820724106366918e-14,-4.068990466810963e-16,-4.068990466810962e-16
240,370.93117783944837,126,E,-3.1152719581623316e-14,5.7834079405858153e-14,-3.1152719581623322e-14,-3.115271958162331e-14,5.783407940585814e-14,5.7834079405858165e-14
240,370.93117783944837,127,N,-5.3803115808757592e-16,1.1079148686488049e-17,-5.3803115808757602e-16,-5.3803115808757582e-16,1.1079148686488048e-17,1.1079148686488051e-17
240,370.93117783944837,127,A,-3.6616586408843003e-15,-3.3590593923845955e-15,-3.6616586408843011e-15,-3.6616586408842995e-15,-3.3590593923845959e-15,-3.3590593923845951e-15
240,370.93117783944837,127,Z,-1.3170799632257939e-14,-6.5575865366139321e-15,-1.3170799632257941e-14,-1.3170799632257938e-14,-6.5575865366139329e-15,-6.5575865366139313e-15
240,370.93117783944837,127,E,4.2113690682122157e-14,-3.3443564388152353e-14,4.2113690682122151e-14,4.2113690682122163e-14,-3.3443564388152359e-14,-3.3443564388152347e-14
240,370.93117783944837,128,N,-1.1079148686488049e-15,2.2896907285408635e-16,-1.1079148686488051e-15,-1.1079148686488047e-15,2.289690728540863e-16,2.289690728540864e-16
240,370.93117783944837,128,A,3.1981809208328834e-15,1.3712293024310042e-14,3.198180920832883e-15,3.1981809208328837e-15,1.3712293024310041e-14,1.3712293024310044e-14
240,370.93117783944837,128,Z,7.1007533417488899e-15,9.8518444499624545e-15,7.1007533417488891e-15,7.1007533417488907e-15,9.8518444499624529e-15,9.8518444499624561e-15
240,370.93117783944837,128,E,-4.2309422308916777e-14,1.1657110942966509e-14,-4.2309422308916783e-14,-4.2309422308916771e-14,1.1657110942966507e-14,1.165711094296651e-14
240,370.93117783944837,129,N,-1.2113202563893601e-15,2.666381783881457e-15,-1.2113202563893602e-15,-1.2113202563893599e-15,2.6663817838814566e-15,2.6663817838814574e-15
240,370.93117783944837,129,A,-9.468979077385119e-15,-5.8793349029629915e-15,-9.4689790773851206e-15,-9.4689790773851175e-15,-5.8793349029629923e-15,-5.8793349029629907e-15
240,370.93117783944837,129,Z,-1.4013969010419206e-15,-9.9318797584424486e-15,-1.4013969010419208e-15,-1.4013969010419204e-15,-9.9318797584424502e-15,-9.931879758442447e-15
240,370.93117783944837,129,E,3.5876129971629385e-14,4.7529547865033732e-15,3.5876129971629378e-14,3.5876129971629391e-14,4.7529547865033724e-15,4.752954786503374e-15
240,370.93117783944837,130,N,0,-8.6560357230329196e-16,-4.9406564584124654e-324,4.9406564584124654e-324,-8.6560357230329206e-16,-8.6560357230329187e-16
240,370.93117783944837,130,A,1.512673100661835e-14,-1.4112404649823179e-14,1.5126731006618347e-14,1.5126731006618353e-14,-1.411240464982318e-14,-1.4112404649823177e-14
240,370.93117783944837,130,Z,-2.7974850433382323e-15,7.7933696398589058e-15,-2.7974850433382327e-15,-2.7974850433382319e-15,7.7933696398589043e-15,7.7933696398589074e-15
240,370.93117783944837,130,E,-2.5496814177171165e-14,-1.5383715322635404e-14,-2.5496814177171168e-14,-2.5496814177171162e-14,-1.5383715322635407e-14,-1.5383715322635401e-14
240,370.93117783944837,131,N,-1.7255088845399656e-16,8.6714534836562064e-17,-1.7255088845399659e-16,-1.7255088845399654e-16,8.6714534836562052e-17,8.6714534836562077e-17
240,370.93117783944837,131,A,-1.6130133293956694e-16,-1.3145813843813931e-15,-1.6130133293956696e-16,-1.6130133293956691e-16,-1.3145813843813933e-15,-1.3145813843813929e-15
240,370.93117783944837,131,Z,5.0523483129038913e-15,-4.6215557945621278e-15,5.0523483129038905e-15,5.0523483129038921e-15,-4.6215557945621286e-15,-4.621555794562127e-15
240,370.93117783944837,131,E,1.4327315610183798e-14,1.978528221368894e-14,1.4327315610183795e-14,1.4327315610183801e-14,1.9785282213688937e-14,1.9785282213688943e-14
240,370.93117783944837,132,N,1.3255992226747593e-15,-4.0540595828389375e-16,1.3255992226747591e-15,1.3255992226747595e-15,-4.054059582838938e-16,-4.054059582838937e-16
240,370.93117783944837,132,A,1.0984719861599275e-14,9.5065749710968039e-15,1.0984719861599273e-14,1.0984719861599277e-14,9.5065749710968023e-15,9.5065749710968054e-15
240,370.93117783944837,132,Z,-5.4699392610090367e-15,1.4324668443798421e-15,-5.4699392610090375e-15,-5.469939261009036e-15,1.4324668443798419e-15,1.4324668443798423e-15
240,370.93117783944837,132,E,-4.1779065769450572e-15,-1.9573653162607195e-14,-4.177906576945058e-15,-4.1779065769450564e-15,-1.9573653162607199e-14,-1.9573653162607192e-14
240,370.93117783944837,133,N,-1.8931116636196585e-15,7.1759126707288414e-16,-1.8931116636196589e-15,-1.8931116636196581e-15,7.1759126707288404e-16,7.1759126707288424e-16
240,370.93117783944837,133,A,-1.1993715820686558e-14,4.03780770784158e-15,-1.1993715820686559e-14,-1.1993715820686556e-14,4.0378077078415792e-15,4.0378077078415808e-15
240,370.93117783944837,133,Z,4.5459546701023275e-15,1.0570344553451027e-15,4.5459546701023267e-15,4.5459546701023283e-15,1.0570344553451025e-15,1.0570344553451029e-15
240,370.93117783944837,133,E,-3.3270337282127158e-15,1.6040183734259527e-14,-3.3270337282127162e-15,-3.3270337282127154e-15,1.6040183734259524e-14,1.6040183734259531e-14
240,370.93117783944837,134,N,2.2246295819574508e-16,1.2945869832362468e-15,2.2246295819574503e-16,2.2246295819574512e-16,1.2945869832362466e-15,1.294586983236247e-15
240,370.93117783944837,134,A,-8.4438548784130785e-15,-4.5989484887218771e-15,-8.4438548784130801e-15,-8.443854878413077e-15,-4.5989484887218779e-15,-4.5989484887218763e-15
240,370.93117783944837,134,Z,-2.9174370242342587e-15,-2.5257862329719355e-15,-2.9174370242342591e-15,-2.9174370242342583e-15,-2.5257862329719359e-15,-2.5257862329719351e-15
240,370.93117783944837,134,E,7.6501521680199973e-15,-1.0942130777341873e-14,7.6501521680199957e-15,7.6501521680199988e-15,-1.0942130777341875e-14,-1.0942130777341872e-14
240,370.93117783944837,135,N,2.0972482240125424e-16,1.100485491599923e-15,2.0972482240125422e-16,2.0972482240125427e-16,1.1004854915999228e-15,1.1004854915999232e-15
240,370.93117783944837,135,A,1.7646602589900885e-14,-1.890798097902737e-15,1.7646602589900882e-14,1.7646602589900888e-14,-1.8907980979027374e-15,-1.8907980979027366e-15
240,370.93117783944837,135,Z,1.1635702796285848e-15,2.9722052377606281e-15,1.1635702796285846e-15,1.163570279628585e-15,2.9722052377606277e-15,2.9722052377606285e-15
240,370.93117783944837,135,E,-9.2904432126143179e-15,5.8672170840871448e-15,-9.2904432126143195e-15,-9.2904432126143164e-15,5.867217084087144e-15,5.8672170840871456e-15
240,370.93117783944837,136,N,8.5344067225603253e-16,2.271802519724138e-16,8.5344067225603244e-16,8.5344067225603263e-16,2.2718025197241375e-16,2.2718025197241385e-16
240,370.93117783944837,136,A,2.9293673054370264e-15,8.5854746735371066e-16,2.929367305437026e-15,2.9293673054370268e-15,8.5854746735371056e-16,8.5854746735371075e-16
240,370.93117783944837,136,Z,2.9946881195677789e-16,-2.6204134150149285e-15,2.9946881195677784e-16,2.9946881195677794e-16,-2.6204134150149289e-15,-2.6204134150149281e-15
240,370.93117783944837,136,E,8.8213105104208396e-15,-1.2167444229337864e-15,8.821310510420838e-15,8.8213105104208412e-15,-1.2167444229337866e-15,-1.2167444229337862e-15
240,370.93117783944837,137,N,1.1046834502819127e-15,3.5661009834633408e-16,1.1046834502819125e-15,1.1046834502819129e-15,3.5661009834633403e-16,3.5661009834633413e-16
240,370.93117783944837,137,A,8.6539692021353422e-15,4.5967503308037731e-15,8.6539692021353406e-15,8.6539692021353438e-15,4.5967503308037723e-15,4.5967503308037739e-15
240,370.93117783944837,137,Z,-1.2227167765225965e-15,1.8016455733161535e-15,-1.2227167765225967e-15,-1.2227167765225963e-15,1.8016455733161531e-15,1.8016455733161539e-15
240,370.93117783944837,137,E,-6.9764014385229432e-15,-1.8527568022174911e-15,-6.976401438522944e-15,-6.9764014385229424e-15,-1.8527568022174915e-15,-1.8527568022174907e-15
240,370.93117783944837,138,N,1.5279992563448102e-16,-1.135901259862069e-16,1.52799925634481e-16,1.5279992563448105e-16,-1.1359012598620692e-16,-1.1359012598620688e-16
240,370.93117783944837,138,A,-9.8950430316573607e-15,7.2053705113770298e-15,-9.8950430316573623e-15,-9.8950430316573591e-15,7.2053705113770282e-15,7.2053705113770313e-15
240,370.93117783944837,138,Z,1.5872827999999177e-15,-8.457372016849588e-16,1.5872827999999175e-15,1.5872827999999179e-15,-8.457372016849589e-16,-8.457372016849587e-16
240,370.93117783944837,138,E,4.7072532981716101e-15,3.6150338901619965e-15,4.7072532981716093e-15,4.7072532981716109e-15,3.6150338901619957e-15,3.6150338901619973e-15
240,370.93117783944837,139,N,5.8534835560278522e-16,1.7634311659326812e-16,5.8534835560278512e-16,5.8534835560278532e-16,1.7634311659326809e-16,1.7634311659326814e-16
240,370.93117783944837,139,A,1.871729844343102e-14,-4.3268691932688536e-15,1.8717298443431017e-14,1.8717298443431023e-14,-4.3268691932688544e-15,-4.3268691932688528e-15
240,370.93117783944837,139,Z,-1.4858609838015399e-15,5.8280938402879842e-18,-1.4858609838015401e-15,-1.4858609838015397e-15,5.8280938402879835e-18,5.828093840287985e-18
240,370.93117783944837,139,E,-2.4134078888733132e-15,-4.1629901189478846e-15,-2.4134078888733136e-15,-2.4134078888733129e-15,-4.1629901189478854e-15,-4.1629901189478838e-15
240,370.93117783944837,140,N,8.1247090367579028e-17,1.0192816791569005e-15,8.1247090367579016e-17,8.124709036757904e-17,1.0192816791569003e-15,1.0192816791569007e-15
240,370.93117783944837,140,A,6.564395596744169e-15,-2.8448022408534418e-15,6.5643955967441682e-15,6.5643955967441698e-15,-2.8448022408534422e-15,-2.8448022408534414e-15
240,370.93117783944837,140,Z,1.0911807378202552e-15,5.6613295709965758e-16,1.091180737820255e-15,1.0911807378202554e-15,5.6613295709965748e-16,5.6613295709965768e-16
240,370.93117783944837,140,E,4.7271034395682343e-16,4.1011315387816597e-15,4.7271034395682334e-16,4.7271034395682353e-16,4.1011315387816589e-15,4.1011315387816605e-15
240,370.93117783944837,141,N,-1.4772198248650732e-16,5.0964083957845027e-16,-1.4772198248650735e-16,-1.477219824865073e-16,5.0964083957845017e-16,5.0964083957845036e-16
240,370.93117783944837,141,A,-1.3738144371245181e-15,8.9704173864931575e-15,-1.3738144371245183e-15,-1.3738144371245179e-15,8.9704173864931559e-15,8.9704173864931591e-15
240,370.93117783944837,141,Z,-5.8119367484535221e-16,-8.3543705564048944e-16,-5.8119367484535231e-16,-5.8119367484535211e-16,-8.3543705564048954e-16,-8.3543705564048934e-16
240,370.93117783944837,141,E,9.5096026225689094e-16,-3.2424975155788359e-15,9.5096026225689075e-16,9.5096026225689114e-16,-3.2424975155788363e-15,-3.2424975155788356e-15
240,370.93117783944837,142,N,2.9544396497301465e-16,1.2999534458812644e-15,2.954439649730146e-16,2.954439649730147e-16,1.2999534458812642e-15,1.2999534458812646e-15
240,370.93117783944837,142,A,-1.4063132732715497e-14,-2.540818098767926e-15,-1.4063132732715499e-14,-1.4063132732715496e-14,-2.5408180987679264e-15,-2.5408180987679256e-15
240,370.93117783944837,142,Z,1.0043363692100235e-16,8.4039959098964561e-16,1.0043363692100234e-16,1.0043363692100236e-16,8.4039959098964551e-16,8.4039959098964571e-16
240,370.93117783944837,142,E,-1.9056135740759445e-15,2.1715131425516577e-15,-1.9056135740759449e-15,-1.9056135740759441e-15,2.1715131425516573e-15,2.171513142551658e-15
240,370.93117783944837,143,N,-1.8908413758272937e-15,1.5938502250513809e-15,-1.8908413758272941e-15,-1.8908413758272933e-15,1.5938502250513807e-15,1.5938502250513811e-15
240,370.93117783944837,143,A,-1.8908413758272937e-14,6.4396433727160742e-15,-1.8908413758272941e-14,-1.8908413758272934e-14,6.4396433727160734e-15,6.439643372716075e-15
240,370.93117783944837,143,Z,2.4835758305544041e-16,-6.5051679537416141e-16,2.4835758305544036e-16,2.4835758305544046e-16,-6.5051679537416151e-16,-6.5051679537416132e-16
240,370.93117783944837,143,E,1.9499301688218967e-15,-9.2822492588982684e-16,1.9499301688218963e-15,1.9499301688218971e-15,-9.2822492588982704e-16,-9.2822492588982665e-16
240,370.93117783944837,144,N,8.1766605786943811e-16,1.0925043210129445e-15,8.1766605786943801e-16,8.1766605786943821e-16,1.0925043210129443e-15,1.0925043210129446e-15
240,370.93117783944837,144,A,3.7571252343390052e-15,5.8070481462254843e-15,3.7571252343390044e-15,3.757125234339006e-15,5.8070481462254835e-15,5.8070481462254851e-15
240,370.93117783944837,144,Z,-4.3332337530489577e-16,3.7628442317444734e-16,-4.3332337530489582e-16,-4.3332337530489572e-16,3.762844231744473e-16,3.7628442317444739e-16
240,370.93117783944837,144,E,-1.7810020033026585e-15,-6.4253291991689804e-17,-1.7810020033026589e-15,-1.7810020033026581e-15,-6.4253291991689816e-17,-6.4253291991689792e-17
240,370.93117783944837,145,N,6.178717159070656e-16,1.6207582746444431e-15,6.1787171590706551e-16,6.178717159070657e-16,1.6207582746444429e-15,1.6207582746444433e-15
240,370.93117783944837,145,A,-1.5630381460139426e-14,8.3199141154704198e-15,-1.5630381460139429e-14,-1.5630381460139423e-14,8.3199141154704183e-15,8.3199141154704214e-15
240,370.93117783944837,145,Z,4.6073047346550127e-16,-1.0867267180846392e-16,4.6073047346550117e-16,4.6073047346550137e-16,-1.0867267180846393e-16,-1.0867267180846391e-16
240,370.93117783944837,145,E,1.3514253241539068e-15,4.4087221745802249e-16,1.3514253241539066e-15,1.351425324153907e-15,4.4087221745802244e-16,4.4087221745802254e-16
240,370.93117783944837,146,N,1.4318321014863454e-16,9.919300308371332e-16,1.4318321014863451e-16,1.4318321014863456e-16,9.91930030837133e-16,9.919300308371334e-16
240,370.93117783944837,146,A,2.8011925188752473e-15,1.1925101939687006e-14,2.8011925188752469e-15,2.8011925188752476e-15,1.1925101939687005e-14,1.1925101939687008e-14
240,370.93117783944837,146,Z,-3.8040394061817814e-16,-9.9916105073179745e-17,-3.8040394061817819e-16,-3.8040394061817809e-16,-9.9916105073179757e-17,-9.9916105073179733e-17
240,370.93117783944837,146,E,-9.7352248692572862e-16,-8.2900307085640919e-16,-9.7352248692572882e-16,-9.7352248692572843e-16,-8.2900307085640929e-16,-8.2900307085640909e-16
240,370.93117783944837,147,N,9.952191531034342e-16,3.8199981408620254e-16,9.95219153103434e-16,9.952191531034344e-16,3.8199981408620249e-16,3.8199981408620259e-16
240,370.93117783944837,147,A,-1.1009871548754082e-14,2.5060370733992767e-15,-1.1009871548754084e-14,-1.1009871548754081e-14,2.5060370733992763e-15,2.5060370733992771e-15
240,370.93117783944837,147,Z,2.4241047492262181e-16,2.1918826190429611e-16,2.4241047492262176e-16,2.4241047492262186e-16,2.1918826190429609e-16,2.1918826190429613e-16
240,370.93117783944837,147,E,4.5932303929398367e-16,9.7228185308843951e-16,4.5932303929398357e-16,4.5932303929398377e-16,9.7228185308843931e-16,9.722818530884397e-16
240,370.93117783944837,148,N,6.0776632052310095e-16,4.2247909952147005e-16,6.0776632052310085e-16,6.0776632052310105e-16,4.2247909952147e-16,4.224790995214701e-16
240,370.93117783944837,148,A,-3.6112831367004252e-15,-9.8241321522713816e-15,-3.611283136700426e-15,-3.6112831367004244e-15,-9.8241321522713831e-15,-9.82413215227138e-15
240,370.93117783944837,148,Z,-9.2618365044824088e-17,-2.5216063067585113e-16,-9.26183650448241e-17,-9.2618365044824075e-17,-2.5216063067585118e-16,-2.5216063067585108e-16
240,370.93117783944837,148,E,-2.6197570331591533e-17,-1.0208396844409379e-15,-2.6197570331591536e-17,-2.619757033159153e-17,-1.0208396844409381e-15,-1.0208396844409377e-15
240,370.93117783944837,149,N,4.1085176379059847e-16,1.9962664000471565e-16,4.1085176379059842e-16,4.1085176379059852e-16,1.9962664000471563e-16,1.9962664000471568e-16
240,370.93117783944837,149,A,-9.226564995968784e-16,-7.1092935188613915e-15,-9.226564995968786e-16,-9.226564995968782e-16,-7.109293518861393e-15,-7.1092935188613899e-15
240,370.93117783944837,149,Z,-3.1686653762852863e-17,2.1767082967453055e-16,-3.1686653762852869e-17,-3.1686653762852857e-17,2.1767082967453053e-16,2.1767082967453058e-16
240,370.93117783944837,149,E,-2.6739986986034178e-16,6.7213502031360832e-16,-2.6739986986034183e-16,-2.6739986986034173e-16,6.7213502031360822e-16,6.7213502031360842e-16
240,370.93117783944837,150,N,-1.3017999706623458e-16,8.2207860292735415e-16,-1.301799970662346e-16,-1.3017999706623455e-16,8.2207860292735405e-16,8.2207860292735425e-16
240,370.93117783944837,150,A,-2.2396037438540322e-14,-1.5937643905010104e-14,-2.2396037438540325e-14,-2.2396037438540318e-14,-1.5937643905010107e-14,-1.5937643905010101e-14
240,370.93117783944837,150,Z,1.0705515937816122e-16,-1.4951801635560597e-16,1.070551593781612e-16,1.0705515937816123e-16,-1.4951801635560599e-16,-1.4951801635560594e-16
240,370.93117783944837,150,E,4.3150975977894602e-16,-3.9607956554194774e-16,4.3150975977894597e-16,4.3150975977894607e-16,-3.9607956554194779e-16,-3.9607956554194769e-16
240,370.93117783944837,151,N,-2.0311772591894757e-17,1.6463355280573902e-15,-2.031177259189476e-17,-2.0311772591894754e-17,1.64633552805739e-15,1.6463355280573904e-15
240,370.93117783944837,151,A,-3.5651777210728e-15,3.312896272857562e-15,-3.5651777210728008e-15,-3.5651777210727993e-15,3.3128962728575616e-15,3.3128962728575624e-15
240,370.93117783944837,151,Z,-1.3551039477412174e-16,6.7326024635207978e-17,-1.3551039477412177e-16,-1.3551039477412172e-16,6.7326024635207966e-17,6.7326024635207991e-17
240,370.93117783944837,151,E,-4.4639736582641433e-16,-6.4628367337846954e-18,-4.4639736582641443e-16,-4.4639736582641423e-16,-6.4628367337846962e-18,-6.4628367337846946e-18
240,370.93117783944837,152,N,1.0142037360089268e-15,-4.7732665590952676e-16,1.0142037360089266e-15,1.014203736008927e-15,-4.7732665590952686e-16,-4.7732665590952667e-16
240,370.93117783944837,152,A,-5.6088190225345755e-17,1.4255171309947957e-15,-5.6088190225345768e-17,-5.6088190225345743e-17,1.4255171309947955e-15,1.4255171309947959e-15
240,370.93117783944837,152,Z,1.236017525336323e-16,7.50150692314295e-19,1.2360175253363228e-16,1.2360175253363233e-16,7.5015069231429491e-19,7.501506923142951e-19
240,370.93117783944837,152,E,3.1298595039328742e-16,7.0629572876361314e-17,3.1298595039328737e-16,3.1298595039328747e-16,7.0629572876361302e-17,7.0629572876361326e-17
240,370.93117783944837,153,N,2.430488243098316e-16,3.5268623318653623e-16,2.4304882430983155e-16,2.4304882430983165e-16,3.5268623318653619e-16,3.5268623318653628e-16
240,370.93117783944837,153,A,2.005325912254337e-15,4.064662674355303e-15,2.0053259122543366e-15,2.0053259122543374e-15,4.0646626743553022e-15,4.0646626743553038e-15
240,370.93117783944837,153,Z,-9.0248898675350574e-17,-5.2395140663183066e-17,-9.0248898675350586e-17,-9.0248898675350562e-17,-5.2395140663183072e-17,-5.239514066318306e-17
240,370.93117783944837,153,E,-2.0681077548111025e-16,-1.5141503204867001e-16,-2.0681077548111028e-16,-2.0681077548111023e-16,-1.5141503204867003e-16,-1.5141503204866998e-16
240,370.93117783944837,154,N,-1.2519438015731497e-15,7.866195567406515e-16,-1.2519438015731499e-15,-1.2519438015731495e-15,7.866195567406514e-16,7.866195567406516e-16
240,370.93117783944837,154,A,-4.7197173404439092e-15,1.4923613280699401e-14,-4.71971734044391e-15,-4.7197173404439084e-15,1.4923613280699398e-14,1.4923613280699405e-14
240,370.93117783944837,154,Z,5.1125654876189647e-17,7.5130477030247087e-17,5.1125654876189641e-17,5.1125654876189653e-17,7.5130477030247075e-17,7.5130477030247099e-17
240,370.93117783944837,154,E,2.2342949851084233e-16,2.9359744019193331e-16,2.2342949851084228e-16,2.2342949851084238e-16,2.9359744019193326e-16,2.9359744019193335e-16
240,370.93117783944837,155,N,-3.5453275796761758e-16,-7.3860991243253662e-17,-3.5453275796761763e-16,-3.5453275796761753e-16,-7.3860991243253674e-17,-7.3860991243253649e-17
240,370.93117783944837,155,A,2.2749185302922128e-15,-8.3019754157417108e-15,2.2749185302922124e-15,2.2749185302922132e-15,-8.3019754157417124e-15,-8.3019754157417092e-15
240,370.93117783944837,155,Z,-4.8471275503385215e-18,-7.8938934391227351e-17,-4.8471275503385223e-18,-4.8471275503385208e-18,-7.8938934391227363e-17,-7.8938934391227339e-17
240,370.93117783944837,155,E,-8.1247090367579028e-17,-3.0283006409734001e-16,-8.124709036757904e-17,-8.1247090367579016e-17,-3.0283006409734006e-16,-3.0283006409733996e-16
240,370.93117783944837,156,N,1.8908413758272937e-15,1.320463575627377e-16,1.8908413758272933e-15,1.8908413758272941e-15,1.3204635756273767e-16,1.3204635756273772e-16
240,370.93117783944837,156,A,7.563365503309175e-15,-1.360741258064085e-14,7.5633655033091734e-15,7.5633655033091765e-15,-1.3607412580640852e-14,-1.3607412580640849e-14
240,370.93117783944837,156,Z,-2.2158297372976099e-17,5.4203797260277391e-17,-2.2158297372976102e-17,-2.2158297372976095e-17,5.4203797260277384e-17,5.4203797260277397e-17
240,370.93117783944837,156,E,-5.9088792994602929e-17,2.3052707813812374e-16,-5.9088792994602942e-17,-5.9088792994602917e-17,2.3052707813812369e-16,2.3052707813812379e-16
240,370.93117783944837,157,N,2.599564274859789e-15,8.5215315400047387e-16,2.5995642748597887e-15,2.5995642748597894e-15,8.5215315400047377e-16,8.5215315400047396e-16
240,370.93117783944837,157,A,1.197752086066811e-14,1.351329301258797e-14,1.1977520860668108e-14,1.1977520860668111e-14,1.3513293012587968e-14,1.3513293012587971e-14
240,370.93117783944837,157,Z,3.8743885741719532e-17,-3.0139467959954631e-17,3.8743885741719525e-17,3.8743885741719538e-17,-3.0139467959954637e-17,-3.0139467959954625e-17
240,370.93117783944837,157,E,3.0144517051152899e-16,1.0199164220503972e-16,3.0144517051152895e-16,3.0144517051152904e-16,1.0199164220503971e-16,1.0199164220503974e-16
240,370.93117783944837,158,N,-1.8578040901689039e-16,2.3550403946213203e-18,-1.8578040901689041e-16,-1.8578040901689036e-16,2.3550403946213199e-18,2.3550403946213207e-18
240,370.93117783944837,158,A,-6.2399797661507999e-15,-7.5794901367002197e-15,-6.2399797661508007e-15,-6.2399797661507991e-15,-7.5794901367002213e-15,-7.5794901367002181e-15
240,370.93117783944837,158,Z,-4.3437511903396381e-17,5.7217022757530239e-18,-4.3437511903396387e-17,-4.3437511903396374e-17,5.7217022757530231e-18,5.7217022757530247e-18
240,370.93117783944837,158,E,-3.0395529013581145e-16,-1.3010786719197358e-16,-3.039552901358115e-16,-3.039552901358114e-16,-1.301078671919736e-16,-1.3010786719197355e-16
240,370.93117783944837,159,N,1.7036445164046032e-16,-3.8009558540571241e-16,1.703644516404603e-16,1.7036445164046035e-16,-3.8009558540571246e-16,-3.8009558540571236e-16
240,370.93117783944837,159,A,-1.139248627001836e-14,-1.3442732639309727e-14,-1.1392486270018361e-14,-1.1392486270018358e-14,-1.3442732639309729e-14,-1.3442732639309726e-14
240,370.93117783944837,159,Z,3.2263692756940785e-17,1.0225311299923582e-17,3.2263692756940779e-17,3.2263692756940792e-17,1.022531129992358e-17,1.0225311299923583e-17
240,370.93117783944837,159,E,9.440357943278358e-17,1.3122588024301892e-16,9.4403579432783568e-17,9.4403579432783592e-17,1.312258802430189e-16,1.3122588024301895e-16
240,370.93117783944837,160,N,-3.1635080902756259e-16,4.3779948481450432e-16,-3.1635080902756264e-16,-3.1635080902756254e-16,4.3779948481450427e-16,4.3779948481450437e-16
240,370.93117783944837,160,A,1.2138408348454103e-14,1.3988756012871277e-14,1.2138408348454101e-14,1.2138408348454104e-14,1.3988756012871276e-14,1.3988756012871279e-14
240,370.93117783944837,160,Z,-1.9565228393293513e-17,-1.8455329953102529e-17,-1.9565228393293516e-17,-1.956522839329351e-17,-1.8455329953102532e-17,-1.8455329953102526e-17
240,370.93117783944837,160,E,1.7305399432696697e-16,-7.3233461337183048e-17,1.7305399432696694e-16,1.7305399432696699e-16,-7.323346133718306e-17,-7.3233461337183035e-17
240,370.93117783944837,161,N,-1.6941720606672786e-15,1.0660795415774308e-16,-1.6941720606672788e-15,-1.6941720606672784e-15,1.0660795415774307e-16,1.0660795415774309e-16
240,370.93117783944837,161,A,-7.7434233084268845e-15,-6.6885311103473331e-16,-7.743423308426886e-15,-7.7434233084268829e-15,-6.6885311103473341e-16,-6.6885311103473321e-16
240,370.93117783944837,161,Z,4.0843541300285536e-18,2.3125288499787496e-17,4.0843541300285529e-18,4.0843541300285544e-18,2.3125288499787493e-17,2.3125288499787499e-17
240,370.93117783944837,161,E,-2.7674790156456607e-16,-3.6641976124582873e-17,-2.7674790156456612e-16,-2.7674790156456602e-16,-3.6641976124582879e-17,-3.6641976124582867e-17
240,370.93117783944837,162,N,1.5686805054280085e-16,9.7678275724232526e-16,1.5686805054280082e-16,1.5686805054280087e-16,9.7678275724232506e-16,9.7678275724232545e-16
240,370.93117783944837,162,A,1.0234991129049405e-14,-3.8696162813661602e-15,1.0234991129049404e-14,1.0234991129049407e-14,-3.869616281366161e-15,-3.8696162813661594e-15
240,370.93117783944837,162,Z,2.1386507718383506e-18,-1.7105599680993755e-17,2.1386507718383502e-18,2.1386507718383509e-18,-1.7105599680993758e-17,-1.7105599680993752e-17
240,370.93117783944837,162,E,4.6624750722303874e-17,8.4997843829150501e-17,4.6624750722303868e-17,4.662475072230388e-17,8.4997843829150489e-17,8.4997843829150514e-17
240,370.93117783944837,163,N,-2.2221771662325768e-16,5.9377312491646891e-16,-2.2221771662325773e-16,-2.2221771662325763e-16,5.9377312491646881e-16,5.9377312491646901e-16
240,370.93117783944837,163,A,2.1550675312201519e-15,1.8064494229419354e-15,2.1550675312201515e-15,2.1550675312201522e-15,1.806449422941935e-15,1.8064494229419358e-15
240,370.93117783944837,163,Z,-6.00120553851436e-18,1.4902032022320514e-17,-6.0012055385143608e-18,-6.0012055385143592e-18,1.4902032022320511e-17,1.4902032022320517e-17
240,370.93117783944837,163,E,1.7138058124411202e-16,-2.9544396497301465e-17,1.71380581244112e-16,1.7138058124411205e-16,-2.9544396497301471e-17,-2.9544396497301459e-17
240,370.93117783944837,164,N,-2.4951166104361627e-16,-7.3358967318397171e-16,-2.4951166104361632e-16,-2.4951166104361622e-16,-7.335896731839718e-16,-7.3358967318397161e-16
240,370.93117783944837,164,A,-1.6264110928902768e-14,-8.2622751329484622e-15,-1.6264110928902772e-14,-1.6264110928902765e-14,-8.2622751329484638e-15,-8.2622751329484606e-15
240,370.93117783944837,164,Z,1.0177525258225675e-17,-6.3762808846715075e-18,1.0177525258225673e-17,1.0177525258225676e-17,-6.3762808846715083e-18,-6.3762808846715067e-18
240,370.93117783944837,164,E,-1.1817758598920586e-16,-6.2320211361495277e-18,-1.1817758598920588e-16,-1.1817758598920583e-16,-6.2320211361495285e-18,-6.2320211361495269e-18
240,370.93117783944837,165,N,1.8234432213178249e-16,1.0783704721515035e-15,1.8234432213178246e-16,1.8234432213178251e-16,1.0783704721515033e-15,1.0783704721515037e-15
240,370.93117783944837,165,A,6.0566012819468003e-15,6.016439367958281e-15,6.0566012819467995e-15,6.056601281946801e-15,6.0164393679582802e-15,6.0164393679582818e-15
240,370.93117783944837,165,Z,-7.9559251309871866e-18,-2.1638962278296971e-19,-7.9559251309871881e-18,-7.9559251309871851e-18,-2.1638962278296974e-19,-2.1638962278296969e-19
240,370.93117783944837,165,E,1.5141503204867001e-16,1.5603134400137336e-16,1.5141503204866998e-16,1.5141503204867003e-16,1.5603134400137334e-16,1.5603134400137338e-16
240,370.93117783944837,166,N,2.7190077401422753e-16,1.1393057899271877e-15,2.7190077401422748e-16,2.7190077401422758e-16,1.1393057899271875e-15,1.1393057899271879e-15
240,370.93117783944837,166,A,6.0399825589170678e-15,-2.8377623651255691e-15,6.039982558917067e-15,6.0399825589170686e-15,-2.8377623651255695e-15,-2.8377623651255687e-15
240,370.93117783944837,166,Z,8.0496939675264741e-18,1.3993195606632041e-18,8.0496939675264725e-18,8.0496939675264756e-18,1.3993195606632039e-18,1.3993195606632043e-18
240,370.93117783944837,166,E,1.1633106120812452e-16,-8.7479111503728562e-17,1.1633106120812449e-16,1.1633106120812454e-16,-8.7479111503728574e-17,-8.7479111503728549e-17
240,370.93117783944837,167,N,2.2896907285408635e-16,-8.8263884535688126e-16,2.289690728540863e-16,2.289690728540864e-16,-8.8263884535688136e-16,-8.8263884535688116e-16
240,370.93117783944837,167,A,7.0020219698604471e-15,6.3520452469198149e-16,7.0020219698604463e-15,7.0020219698604479e-15,6.3520452469198139e-16,6.3520452469198159e-16
240,370.93117783944837,167,Z,-6.1743172367407358e-18,-6.3474289349671116e-18,-6.1743172367407366e-18,-6.174317236740735e-18,-6.3474289349671123e-18,-6.3474289349671108e-18
240,370.93117783944837,167,E,-1.4864524487704799e-16,1.4772198248650732e-17,-1.4864524487704802e-16,-1.4864524487704797e-16,1.4772198248650729e-17,1.4772198248650735e-17
240,370.93117783944837,168,N,2.2158297372976099e-17,4.1546807574330185e-16,2.2158297372976095e-17,2.2158297372976102e-17,4.154680757433018e-16,4.154680757433019e-16
240,370.93117783944837,168,A,1.037746926967714e-14,5.1850415852764074e-15,1.0377469269677138e-14,1.0377469269677142e-14,5.1850415852764067e-15,5.1850415852764082e-15
240,370.93117783944837,168,Z,5.6405561672094109e-18,3.1160105680747639e-18,5.6405561672094101e-18,5.6405561672094116e-18,3.1160105680747635e-18,3.1160105680747642e-18
240,370.93117783944837,168,E,5.9088792994602929e-17,9.7865813397311102e-17,5.9088792994602917e-17,5.9088792994602942e-17,9.7865813397311089e-17,9.7865813397311114e-17
240,370.93117783944837,169,N,-4.7271034395682343e-16,-1.223536803030601e-15,-4.7271034395682353e-16,-4.7271034395682334e-16,-1.2235368030306012e-15,-1.2235368030306008e-15
240,370.93117783944837,169,A,2.2690096509927525e-14,-5.7136169676600813e-15,2.2690096509927522e-14,2.2690096509927528e-14,-5.7136169676600821e-15,-5.7136169676600805e-15
240,370.93117783944837,169,Z,1.8465247810813415e-18,-1.6035372671646317e-18,1.8465247810813412e-18,1.8465247810813419e-18,-1.6035372671646319e-18,-1.6035372671646316e-18
240,370.93117783944837,169,E,-1.4772198248650732e-17,-8.5546030873534022e-18,-1.4772198248650735e-17,-1.4772198248650729e-17,-8.5546030873534038e-18,-8.5546030873534007e-18
240,370.93117783944837,170,N,3.901502644718373e-16,2.8307098666697008e-16,3.9015026447183725e-16,3.9015026447183735e-16,2.8307098666697004e-16,2.8307098666697013e-16
240,370.93117783944837,170,A,1.1023905542820842e-14,7.2044675355136255e-15,1.1023905542820841e-14,1.1023905542820844e-14,7.2044675355136239e-15,7.2044675355136271e-15
240,370.93117783944837,170,Z,-1.5928304889540161e-18,4.9954446042876823e-18,-1.5928304889540162e-18,-1.5928304889540159e-18,4.9954446042876815e-18,4.9954446042876831e-18
240,370.93117783944837,170,E,-9.6906486069639937e-18,-2.1595684353740377e-17,-9.6906486069639952e-18,-9.6906486069639922e-18,-2.159568435374038e-17,-2.1595684353740374e-17
240,370.93117783944837,171,N,-8.1774089261398383e-17,6.2001036667890394e-17,-8.1774089261398396e-17,-8.1774089261398371e-17,6.2001036667890382e-17,6.2001036667890407e-17
240,370.93117783944837,171,A,5.5698959391364884e-15,2.8919458758587105e-15,5.5698959391364876e-15,5.5698959391364892e-15,2.8919458758587101e-15,2.8919458758587109e-15
240,370.93117783944837,171,Z,1.9779363957505827e-18,-6.1039906093362704e-19,1.9779363957505823e-18,1.9779363957505831e-18,-6.1039906093362713e-19,-6.1039906093362694e-19
240,370.93117783944837,171,E,-7.3312804198870141e-17,1.2874461256844089e-16,-7.3312804198870153e-17,-7.3312804198870128e-17,1.2874461256844086e-16,1.2874461256844091e-16
240,370.93117783944837,172,N,-1.2041325144192525e-15,-3.0756539034257402e-16,-1.2041325144192527e-15,-1.2041325144192523e-15,-3.0756539034257407e-16,-3.0756539034257397e-16
240,370.93117783944837,172,A,-1.1910074018493513e-14,-1.0177577975020497e-14,-1.1910074018493515e-14,-1.1910074018493511e-14,-1.0177577975020498e-14,-1.0177577975020495e-14
240,370.93117783944837,172,Z,-4.6009843544228931e-18,1.5359155100449538e-18,-4.6009843544228939e-18,-4.6009843544228924e-18,1.5359155100449536e-18,1.535915510044954e-18
240,370.93117783944837,172,E,6.9085993567176134e-17,-4.0288141268475911e-17,6.9085993567176122e-17,6.9085993567176147e-17,-4.0288141268475917e-17,-4.0288141268475904e-17
240,370.93117783944837,173,N,6.4877936702789976e-16,-2.2059479445238543e-16,6.4877936702789966e-16,6.4877936702789986e-16,-2.2059479445238546e-16,-2.2059479445238541e-16
240,370.93117783944837,173,A,-3.4425226731388433e-15,1.8776163633815412e-15,-3.4425226731388437e-15,-3.4425226731388429e-15,1.8776163633815408e-15,1.8776163633815416e-15
240,370.93117783944837,173,Z,7.8112145707510752e-18,-2.3471511896240245e-18,7.8112145707510737e-18,7.8112145707510768e-18,-2.3471511896240249e-18,-2.3471511896240241e-18
240,370.93117783944837,173,E,-1.7282317872933182e-17,-3.1203383605304231e-17,-1.7282317872933185e-17,-1.7282317872933179e-17,-3.1203383605304237e-17,-3.1203383605304225e-17
240,370.93117783944837,174,N,1.4585309744440507e-15,7.2580685975121095e-16,1.4585309744440506e-15,1.4585309744440509e-15,7.2580685975121085e-16,7.2580685975121105e-16
240,370.93117783944837,174,A,4.8345192483177001e-15,-2.5234852899830103e-15,4.8345192483176993e-15,4.8345192483177009e-15,-2.5234852899830107e-15,-2.5234852899830099e-15
240,370.93117783944837,174,Z,-1.6589871080027678e-18,-4.6432479526226924e-18,-1.658987108002768e-18,-1.6589871080027676e-18,-4.6432479526226932e-18,-4.6432479526226916e-18
240,370.93117783944837,174,E,7.1538409292049787e-17,-6.520540633193487e-17,7.1538409292049775e-17,7.1538409292049799e-17,-6.5205406331934882e-17,-6.5205406331934858e-17
240,370.93117783944837,175,N,7.7236669358667985e-17,-3.2719192912898933e-16,7.7236669358667973e-17,7.7236669358667998e-17,-3.2719192912898938e-16,-3.2719192912898928e-16
240,370.93117783944837,175,A,-3.4105060252012465e-15,3.3455278279732338e-16,-3.4105060252012469e-15,-3.4105060252012461e-15,3.3455278279732333e-16,3.3455278279732343e-16
240,370.93117783944837,175,Z,7.3933121117514652e-19,5.3326517664578096e-18,7.3933121117514642e-19,7.3933121117514661e-19,5.3326517664578088e-18,5.3326517664578104e-18
240,370.93117783944837,175,E,4.2210402417531293e-17,-5.1067950976780852e-18,4.2210402417531286e-17,4.2210402417531299e-17,-5.106795097678086e-18,-5.1067950976780844e-18
240,370.93117783944837,176,N,1.0105828163210251e-15,2.7852229647138644e-16,1.0105828163210249e-15,1.0105828163210253e-15,2.7852229647138639e-16,2.7852229647138648e-16
240,370.93117783944837,176,A,2.0588390659685653e-15,8.5846091150459745e-16,2.0588390659685649e-15,2.0588390659685657e-15,8.5846091150459735e-16,8.5846091150459754e-16
240,370.93117783944837,176,Z,5.2618743273392132e-18,-8.5113251627968087e-19,5.2618743273392124e-18,5.261874327339214e-18,-8.5113251627968096e-19,-8.5113251627968077e-19
240,370.93117783944837,176,E,5.0202392485648973e-18,-8.5401771125012046e-17,5.0202392485648965e-18,5.0202392485648981e-18,-8.5401771125012059e-17,-8.5401771125012034e-17
240,370.93117783944837,177,N,2.30180854741671e-16,1.0049855380783723e-16,2.3018085474167095e-16,2.3018085474167105e-16,1.0049855380783722e-16,1.0049855380783724e-16
240,370.93117783944837,177,A,1.1753566617322018e-14,4.6757469690944094e-16,1.1753566617322016e-14,1.175356661732202e-14,4.6757469690944084e-16,4.6757469690944104e-16
240,370.93117783944837,177,Z,-2.9807670538354079e-18,-2.6183144356739337e-18,-2.9807670538354083e-18,-2.9807670538354075e-18,-2.6183144356739341e-18,-2.6183144356739333e-18
240,370.93117783944837,177,E,-1.1875462498329379e-16,3.2544999266558645e-17,-1.1875462498329381e-16,-1.1875462498329376e-16,3.2544999266558639e-17,3.2544999266558651e-17
240,370.93117783944837,178,N,1.0085487538668652e-15,6.0450605020650422e-16,1.008548753866865e-15,1.0085487538668654e-15,6.0450605020650412e-16,6.0450605020650432e-16
240,370.93117783944837,178,A,8.6024973238626994e-15,-7.3133922110702877e-15,8.6024973238626978e-15,8.602497323862701e-15,-7.3133922110702893e-15,-7.3133922110702861e-15
240,370.93117783944837,178,Z,3.9851755529196921e-18,-2.6327404105261313e-18,3.9851755529196913e-18,3.9851755529196929e-18,-2.6327404105261317e-18,-2.6327404105261309e-18
240,370.93117783944837,178,E,8.1477905965214189e-17,6.3358881550853529e-17,8.1477905965214177e-17,8.1477905965214202e-17,6.3358881550853516e-17,6.3358881550853541e-17
240,370.93117783944837,179,N,1.0750813498852023e-15,5.8627161799332594e-17,1.0750813498852021e-15,1.0750813498852025e-15,5.8627161799332582e-17,5.8627161799332606e-17
240,370.93117783944837,179,A,6.6091738226853916e-15,4.450701761400121e-16,6.6091738226853908e-15,6.6091738226853923e-15,4.45070176140012e-16,4.450701761400122e-16
240,370.93117783944837,179,Z,-2.7842131464742103e-18,-2.7553611967698143e-18,-2.7842131464742107e-18,-2.7842131464742099e-18,-2.7553611967698147e-18,-2.7553611967698139e-18
240,370.93117783944837,179,E,2.5389715739868446e-17,7.1437427468084404e-17,2.5389715739868443e-17,2.5389715739868449e-17,7.1437427468084392e-17,7.1437427468084416e-17
240,370.93117783944837,180,N,6.776745946568524e-16,-3.1944878712707209e-16,6.776745946568523e-16,6.7767459465685249e-16,-3.1944878712707214e-16,-3.1944878712707204e-16
240,370.93117783944837,180,A,1.4188696417829028e-14,3.073540498109893e-15,1.4188696417829027e-14,1.418869641782903e-14,3.0735404981098926e-15,3.0735404981098934e-15
240,370.93117783944837,180,Z,1.6157091834461738e-18,3.2746962914489416e-18,1.6157091834461737e-18,1.615709183446174e-18,3.2746962914489413e-18,3.274696291448942e-18
240,370.93117783944837,180,E,1.0017396937366278e-16,1.3387304662839726e-17,1.0017396937366277e-16,1.0017396937366279e-16,1.3387304662839725e-17,1.3387304662839728e-17
240,370.93117783944837,181,N,4.579381457081727e-16,-4.8471275503385213e-16,4.579381457081726e-16,4.579381457081728e-16,-4.8471275503385223e-16,-4.8471275503385203e-16
240,370.93117783944837,181,A,-7.1312787045361415e-15,-2.6368373873841555e-15,-7.1312787045361431e-15,-7.13127870453614e-15,-2.6368373873841559e-15,-2.6368373873841551e-15
240,370.93117783944837,181,Z,-3.8950132100934548e-19,-1.4137455355154021e-18,-3.8950132100934553e-19,-3.8950132100934543e-19,-1.4137455355154023e-18,-1.4137455355154019e-18
240,370.93117783944837,181,E,1.1032985566961016e-16,-4.7086381917574209e-17,1.1032985566961014e-16,1.1032985566961017e-16,-4.7086381917574215e-17,-4.7086381917574203e-17
240,370.93117783944837,182,N,0,-5.9792780567390192e-16,-4.9406564584124654e-324,4.9406564584124654e-324,-5.9792780567390202e-16,-5.9792780567390182e-16
240,370.93117783944837,182,A,1.1345048254963762e-14,-5.3315035490219175e-15,1.1345048254963761e-14,1.1345048254963764e-14,-5.3315035490219183e-15,-5.3315035490219167e-15
240,370.93117783944837,182,Z,-5.5395743432440246e-18,1.0341620722169427e-18,-5.5395743432440254e-18,-5.5395743432440239e-18,1.0341620722169425e-18,1.0341620722169429e-18
240,370.93117783944837,182,E,0,-5.4934112237169911e-17,-4.9406564584124654e-324,4.9406564584124654e-324,-5.4934112237169917e-17,-5.4934112237169905e-17
240,370.93117783944837,183,N,-2.8306963423182771e-16,-3.6392767409011152e-16,-2.8306963423182776e-16,-2.8306963423182766e-16,-3.6392767409011157e-16,-3.6392767409011147e-16
240,370.93117783944837,183,A,-2.8943090308641865e-15,-1.5002513445283214e-15,-2.8943090308641869e-15,-2.8943090308641861e-15,-1.5002513445283216e-15,-1.5002513445283212e-15
240,370.93117783944837,183,Z,2.6627193895158554e-18,-9.3723755367873758e-19,2.662719389515855e-18,2.6627193895158558e-18,-9.3723755367873777e-19,-9.3723755367873738e-19
240,370.93117783944837,183,E,-1.7377529306957687e-16,-3.7334422917488376e-17,-1.737752930695769e-16,-1.7377529306957685e-16,-3.7334422917488382e-17,-3.733442291748837e-17
240,370.93117783944837,184,N,-2.9236221609521383e-16,-6.2064150307868767e-17,-2.9236221609521388e-16,-2.9236221609521378e-16,-6.2064150307868779e-17,-6.2064150307868754e-17
240,370.93117783944837,184,A,4.7522551267230416e-15,2.2534567370175693e-15,4.7522551267230408e-15,4.7522551267230423e-15,2.2534567370175689e-15,2.2534567370175697e-15
240,370.93117783944837,184,Z,1.5625134011786939e-18,-7.4023283460340887e-19,1.5625134011786937e-18,1.5625134011786941e-18,-7.4023283460340896e-19,-7.4023283460340877e-19
240,370.93117783944837,184,E,-8.1477905965214189e-17,-2.3586468883343701e-18,-8.1477905965214202e-17,-8.1477905965214177e-17,-2.3586468883343704e-18,-2.3586468883343697e-18
240,370.93117783944837,185,N,-9.2587349198891867e-16,4.3878405759816685e-16,-9.2587349198891887e-16,-9.2587349198891847e-16,4.387840575981668e-16,4.387840575981669e-16
240,370.93117783944837,185,A,2.5560050437935773e-15,-5.6391140205359051e-15,2.5560050437935769e-15,2.5560050437935777e-15,-5.6391140205359059e-15,-5.6391140205359043e-15
240,370.93117783944837,185,Z,-7.1138088489901288e-18,-1.8185744548052079e-18,-7.1138088489901304e-18,-7.1138088489901273e-18,-1.8185744548052083e-18,-1.8185744548052075e-18
240,370.93117783944837,185,E,1.50030138462859e-17,4.8290950817732738e-18,1.5003013846285897e-17,1.5003013846285903e-17,4.829095081773273e-18,4.8290950817732746e-18
240,370.93117783944837,186,N,2.8231272136380142e-16,1.1180130510453435e-16,2.8231272136380137e-16,2.8231272136380147e-16,1.1180130510453432e-16,1.1180130510453437e-16
240,370.93117783944837,186,A,1.0218031592363791e-14,1.1602140765792208e-14,1.0218031592363789e-14,1.0218031592363792e-14,1.1602140765792207e-14,1.160214076579221e-14
240,370.93117783944837,186,Z,9.016234282623738e-22,5.2880214067588221e-18,9.0162342826237361e-22,9.0162342826237399e-22,5.2880214067588213e-18,5.2880214067588229e-18
240,370.93117783944837,186,E,-1.9359658251649691e-17,-1.7859356867021101e-17,-1.9359658251649694e-17,-1.9359658251649688e-17,-1.7859356867021104e-17,-1.7859356867021098e-17
240,370.93117783944837,187,N,5.7959960462418436e-16,1.8111811426934565e-17,5.7959960462418426e-16,5.7959960462418446e-16,1.8111811426934562e-17,1.8111811426934568e-17
240,370.93117783944837,187,A,5.3326770119138013e-15,4.9335265169751919e-15,5.3326770119138005e-15,5.3326770119138021e-15,4.9335265169751911e-15,4.9335265169751927e-15
240,370.93117783944837,187,Z,2.9789638069788828e-18,1.791976563671468e-19,2.9789638069788825e-18,2.9789638069788832e-18,1.7919765636714677e-19,1.7919765636714682e-19
240,370.93117783944837,187,E,2.5187752091937674e-17,1.2879510348042358e-16,2.5187752091937671e-17,2.5187752091937677e-17,1.2879510348042356e-16,1.2879510348042361e-16
240,370.93117783944837,188,N,-4.0663937913375667e-16,-7.3157003670466399e-16,-4.0663937913375672e-16,-4.0663937913375662e-16,-7.3157003670466409e-16,-7.3157003670466389e-16
240,370.93117783944837,188,A,-7.1769874058553299e-15,-4.4178826686113707e-15,-7.1769874058553315e-15,-7.1769874058553283e-15,-4.4178826686113715e-15,-4.4178826686113699e-15
240,370.93117783944837,188,Z,-2.4199572814562114e-18,-4.9796661942930908e-18,-2.4199572814562118e-18,-2.419957281456211e-18,-4.9796661942930916e-18,-4.97966619429309e-18
240,370.93117783944837,188,E,6.3993624444350247e-17,-6.2320211361495277e-17,6.3993624444350235e-17,6.399362444435026e-17,-6.2320211361495289e-17,-6.2320211361495265e-17
240,370.93117783944837,189,N,-4.2071913058950192e-16,-1.8172400521313796e-16,-4.2071913058950197e-16,-4.2071913058950187e-16,-1.8172400521313798e-16,-1.8172400521313793e-16
240,370.93117783944837,189,A,1.5080337071493682e-15,7.3771838718667082e-15,1.508033707149368e-15,1.5080337071493684e-15,7.3771838718667066e-15,7.3771838718667098e-15
240,370.93117783944837,189,Z,2.8960144515787447e-18,7.2129874260989904e-20,2.8960144515787444e-18,2.8960144515787451e-18,7.2129874260989892e-20,7.2129874260989916e-20
240,370.93117783944837,189,E,-3.0986993982521261e-17,6.8898455894097553e-17,-3.0986993982521267e-17,-3.0986993982521255e-17,6.8898455894097541e-17,6.8898455894097566e-17
240,370.93117783944837,190,N,1.0779088409562331e-15,-3.6209918177759541e-16,1.0779088409562329e-15,1.0779088409562333e-15,-3.6209918177759546e-16,-3.6209918177759536e-16
240,370.93117783944837,190,A,1.3811605041686286e-14,4.4655316635481807e-15,1.3811605041686285e-14,1.3811605041686288e-14,4.4655316635481799e-15,4.4655316635481815e-15
240,370.93117783944837,190,Z,-3.0438806938137739e-18,-3.6641976124582871e-18,-3.0438806938137743e-18,-3.0438806938137736e-18,-3.6641976124582879e-18,-3.6641976124582864e-18
240,370.93117783944837,190,E,1.1309964284123216e-16,2.0080956994259589e-17,1.1309964284123213e-16,1.1309964284123218e-16,2.0080956994259586e-17,2.0080956994259592e-17
240,370.93117783944837,191,N,1.3440392250295815e-15,5.3595381770885937e-16,1.3440392250295813e-15,1.3440392250295817e-15,5.3595381770885927e-16,5.3595381770885947e-16
240,370.93117783944837,191,A,2.0669536768229265e-15,-6.5874771565076856e-16,2.0669536768229261e-15,2.0669536768229269e-15,-6.5874771565076866e-16,-6.5874771565076846e-16
240,370.93117783944837,191,Z,-2.7481482093437151e-18,3.2602703165967437e-18,-2.7481482093437155e-18,-2.7481482093437148e-18,3.2602703165967433e-18,3.260270316596744e-18
240,370.93117783944837,191,E,-7.801567200068668e-17,-4.6624750722303874e-17,-7.8015672000686692e-17,-7.8015672000686668e-17,-4.662475072230388e-17,-4.6624750722303868e-17
240,370.93117783944837,192,N,5.2960638877389223e-16,1.6341744312569873e-16,5.2960638877389213e-16,5.2960638877389233e-16,1.634174431256987e-16,1.6341744312569875e-16
240,370.93117783944837,192,A,-1.1262877902205643e-14,1.0008164313460871e-14,-1.1262877902205644e-14,-1.1262877902205641e-14,1.0008164313460869e-14,1.0008164313460872e-14
240,370.93117783944837,192,Z,-1.0963740887670465e-18,-3.6569846250321883e-18,-1.0963740887670467e-18,-1.0963740887670463e-18,-3.6569846250321891e-18,-3.6569846250321876e-18
240,370.93117783944837,192,E,-1.7541985420272745e-17,9.2095423456431916e-17,-1.7541985420272748e-17,-1.7541985420272742e-17,9.2095423456431903e-17,9.2095423456431928e-17
240,370.93117783944837,193,N,8.8079232057579987e-16,-4.5609162092709141e-16,8.8079232057579977e-16,8.8079232057579996e-16,-4.5609162092709151e-16,-4.5609162092709131e-16
240,370.93117783944837,193,A,-4.1731460052438319e-16,7.9419030834308493e-15,-4.1731460052438324e-16,-4.1731460052438314e-16,7.9419030834308478e-15,7.9419030834308509e-15
240,370.93117783944837,193,Z,-6.1743172367407358e-18,-2.8274910710308042e-18,-6.1743172367407366e-18,-6.174317236740735e-18,-2.8274910710308046e-18,-2.8274910710308039e-18
240,370.93117783944837,193,E,-2.5851346935138782e-17,-8.8633189491904394e-17,-2.5851346935138785e-17,-2.5851346935138779e-17,-8.8633189491904406e-17,-8.8633189491904382e-17
240,370.93117783944837,194,N,8.0508480455146491e-16,-5.5026438476223978e-16,8.0508480455146481e-16,8.0508480455146501e-16,-5.5026438476223988e-16,-5.5026438476223968e-16
240,370.93117783944837,194,A,4.9339142150493446e-15,4.5202926640871241e-15,4.9339142150493438e-15,4.9339142150493454e-15,4.5202926640871233e-15,4.5202926640871249e-15
240,370.93117783944837,194,Z,-2.3081559763516769e-19,5.7703899408791923e-19,-2.3081559763516774e-19,-2.3081559763516764e-19,5.7703899408791914e-19,5.7703899408791933e-19
240,370.93117783944837,194,E,-7.0167941681090979e-17,3.6930495621626831e-17,-7.0167941681090991e-17,-7.0167941681090966e-17,3.6930495621626825e-17,3.6930495621626837e-17
240,370.93117783944837,195,N,3.308972407697764e-15,-6.9055158045929559e-16,3.3089724076977636e-15,3.3089724076977644e-15,-6.9055158045929569e-16,-6.9055158045929549e-16
240,370.93117783944837,195,A,3.02534620132367e-14,9.775886733436776e-15,3.0253462013236694e-14,3.0253462013236706e-14,9.7758867334367745e-15,9.7758867334367776e-15
240,370.93117783944837,195,Z,3.6930495621626831e-18,-7.4789663374363903e-19,3.6930495621626823e-18,3.6930495621626839e-18,-7.4789663374363913e-19,-7.4789663374363893e-19
240,370.93117783944837,195,E,2.2158297372976099e-16,1.5183338531938375e-16,2.2158297372976096e-16,2.2158297372976101e-16,1.5183338531938372e-16,1.5183338531938377e-16
240,370.93117783944837,196,N,-5.6940675176767824e-17,1.2359994928677578e-16,-5.6940675176767837e-17,-5.6940675176767812e-17,1.2359994928677575e-16,1.235999492867758e-16
240,370.93117783944837,196,A,5.2870102360840257e-15,-1.3397488048650235e-14,5.2870102360840249e-15,5.2870102360840265e-15,-1.3397488048650236e-14,-1.3397488048650233e-14
240,370.93117783944837,196,Z,-1.2371400465045096e-18,1.0864562310561605e-18,-1.2371400465045098e-18,-1.2371400465045095e-18,1.0864562310561603e-18,1.0864562310561607e-18
240,370.93117783944837,196,E,-7.4618354922994054e-17,1.4902032022320514e-17,-7.4618354922994066e-17,-7.4618354922994042e-17,1.4902032022320511e-17,1.4902032022320517e-17
240,370.93117783944837,197,N,1.160732870699843e-15,3.8484894411951164e-16,1.1607328706998428e-15,1.1607328706998432e-15,3.8484894411951159e-16,3.8484894411951169e-16
240,370.93117783944837,197,A,5.5206357431333734e-15,1.5533849147792514e-15,5.5206357431333726e-15,5.5206357431333741e-15,1.5533849147792512e-15,1.5533849147792516e-15
240,370.93117783944837,197,Z,1.2126835110128927e-18,-2.2134855163841275e-18,1.2126835110128925e-18,1.2126835110128929e-18,-2.2134855163841279e-18,-2.2134855163841271e-18
240,370.93117783944837,197,E,-5.2943327707566587e-17,2.7921474326429192e-17,-5.2943327707566593e-17,-5.2943327707566581e-17,2.7921474326429186e-17,2.7921474326429198e-17
240,370.93117783944837,198,N,8.7882137176161833e-17,4.1673034854286919e-16,8.788213717616182e-17,8.7882137176161845e-17,4.1673034854286914e-16,4.1673034854286924e-16
240,370.93117783944837,198,A,-5.7226381608715601e-15,7.2884828915632903e-15,-5.7226381608715609e-15,-5.7226381608715593e-15,7.2884828915632887e-15,7.2884828915632919e-15
240,370.93117783944837,198,Z,-3.6416570267517276e-18,9.9990038194297262e-19,-3.6416570267517284e-18,-3.6416570267517268e-18,9.9990038194297242e-19,9.9990038194297281e-19
240,370.93117783944837,198,E,5.3376106953132527e-17,-2.2039283080445465e-17,5.3376106953132521e-17,5.3376106953132534e-17,-2.2039283080445468e-17,-2.2039283080445462e-17
240,370.93117783944837,199,N,6.6241191326322687e-16,-1.3376485181700577e-16,6.6241191326322677e-16,6.6241191326322697e-16,-1.337648518170058e-16,-1.3376485181700575e-16
240,370.93117783944837,199,A,-2.688689750743525e-15,1.0176740845843086e-15,-2.6886897507435254e-15,-2.6886897507435246e-15,1.0176740845843084e-15,1.0176740845843088e-15
240,370.93117783944837,199,Z,4.806554496066715e-18,3.2737946680206793e-18,4.8065544960667143e-18,4.8065544960667158e-18,3.2737946680206789e-18,3.2737946680206797e-18
240,370.93117783944837,199,E,-4.9856169089196222e-17,-5.71701383392606e-17,-4.9856169089196228e-17,-4.9856169089196215e-17,-5.7170138339260612e-17,-5.7170138339260587e-17
240,370.93117783944837,200,N,3.8080967116089622e-16,6.4869281117878665e-16,3.8080967116089617e-16,3.8080967116089627e-16,6.4869281117878655e-16,6.4869281117878675e-16
240,370.93117783944837,200,A,-3.1320630715915471e-15,7.7403235270805178e-15,-3.1320630715915475e-15,-3.1320630715915467e-15,7.7403235270805162e-15,7.7403235270805193e-15
240,370.93117783944837,200,Z,5.8948139739793997e-18,-6.8325023393722688e-18,5.8948139739793989e-18,5.8948139739794004e-18,-6.8325023393722696e-18,-6.832502339372268e-18
240,370.93117783944837,200,E,4.9250278145403904e-17,5.6001634376232558e-17,4.9250278145403898e-17,4.925027814540391e-17,5.6001634376232545e-17,5.600163437623257e-17
240,370.93117783944837,201,N,1.517280757029627e-15,1.1252043995091643e-15,1.5172807570296268e-15,1.5172807570296272e-15,1.1252043995091641e-15,1.1252043995091645e-15
240,370.93117783944837,201,A,9.9395688030386702e-15,8.622765818530038e-16,9.9395688030386687e-15,9.9395688030386718e-15,8.622765818530037e-16,8.622765818530039e-16
240,370.93117783944837,201,Z,-3.4946924079449608e-18,-3.3346542494283894e-18,-3.4946924079449615e-18,-3.49469240794496e-18,-3.3346542494283898e-18,-3.3346542494283891e-18
240,370.93117783944837,201,E,7.1495131367493194e-17,-2.6543793728044285e-17,7.1495131367493182e-17,7.1495131367493207e-17,-2.6543793728044288e-17,-2.6543793728044282e-17
240,370.93117783944837,202,N,7.3653257205382006e-16,1.2871720321622171e-15,7.3653257205381997e-16,7.3653257205382016e-16,1.2871720321622169e-15,1.2871720321622173e-15
240,370.93117783944837,202,A,1.6212199058397134e-15,3.9875125608457483e-15,1.6212199058397132e-15,1.6212199058397136e-15,3.9875125608457476e-15,3.9875125608457491e-15
240,370.93117783944837,202,Z,2.1278312906992022e-19,2.7301157407784678e-18,2.1278312906992019e-19,2.1278312906992024e-19,2.7301157407784674e-18,2.7301157407784682e-18
240,370.93117783944837,202,E,-3.594952933167737e-17,4.0392729586154346e-18,-3.5949529331677376e-17,-3.5949529331677364e-17,4.0392729586154339e-18,4.0392729586154354e-18
240,370.93117783944837,203,N,3.4933940702082629e-16,1.0695417755419583e-16,3.4933940702082624e-16,3.4933940702082634e-16,1.0695417755419582e-16,1.0695417755419585e-16
240,370.93117783944837,203,A,-1.0378507939866497e-14,-3.4627532996221947e-15,-1.0378507939866499e-14,-1.0378507939866496e-14,-3.4627532996221951e-15,-3.4627532996221943e-15
240,370.93117783944837,203,Z,5.4097405695742428e-19,-2.0989793409948064e-18,5.4097405695742418e-19,5.4097405695742438e-19,-2.0989793409948068e-18,-2.098979340994806e-18
240,370.93117783944837,203,E,4.9971576888013802e-17,-1.1540779881758385e-18,4.9971576888013796e-17,4.9971576888013809e-17,-1.1540779881758387e-18,-1.1540779881758383e-18
240,370.93117783944837,204,N,2.3727843436895236e-16,6.2897250355583193e-16,2.3727843436895231e-16,2.3727843436895241e-16,6.2897250355583183e-16,6.2897250355583203e-16
240,370.93117783944837,204,A,-3.0317628749379277e-15,-3.5970302735464535e-15,-3.0317628749379281e-15,-3.0317628749379274e-15,-3.5970302735464543e-15,-3.5970302735464527e-15
240,370.93117783944837,204,Z,-1.6806260702810648e-18,-2.4235637751692608e-18,-1.680626070281065e-18,-1.6806260702810646e-18,-2.4235637751692612e-18,-2.4235637751692604e-18
240,370.93117783944837,204,E,-1.2925673467569391e-17,-1.5926276236826571e-17,-1.2925673467569392e-17,-1.2925673467569389e-17,-1.5926276236826574e-17,-1.5926276236826568e-17
240,370.93117783944837,205,N,-2.94520702582474e-16,-4.7178708156628279e-16,-2.9452070258247405e-16,-2.9452070258247395e-16,-4.7178708156628289e-16,-4.7178708156628269e-16
240,370.93117783944837,205,A,2.8141037663679643e-15,-4.9988888057836446e-15,2.8141037663679639e-15,2.8141037663679647e-15,-4.9988888057836454e-15,-4.9988888057836439e-15
240,370.93117783944837,205,Z,-2.0196364793077173e-19,-2.0917663535687072e-19,-2.0196364793077176e-19,-2.0196364793077171e-19,-2.0917663535687075e-19,-2.091766353568707e-19
240,370.93117783944837,205,E,1.0155886295947378e-17,3.0929290083112471e-17,1.0155886295947377e-17,1.015588629594738e-17,3.0929290083112465e-17,3.0929290083112477e-17
240,370.93117783944837,206,N,9.601928861622976e-17,5.447248104189958e-16,9.6019288616229748e-17,9.6019288616229773e-17,5.4472481041899571e-16,5.447248104189959e-16
240,370.93117783944837,206,A,1.1171474925542116e-15,1.3067855875712654e-14,1.1171474925542114e-15,1.1171474925542118e-15,1.3067855875712652e-14,1.3067855875712655e-14
240,370.93117783944837,206,Z,3.6353456627538912e-18,3.721901511867079e-18,3.6353456627538904e-18,3.6353456627538919e-18,3.7219015118670783e-18,3.7219015118670798e-18
240,370.93117783944837,206,E,6.4628367337846954e-18,-2.7697871716220123e-18,6.4628367337846946e-18,6.4628367337846962e-18,-2.7697871716220127e-18,-2.7697871716220119e-18
240,370.93117783944837,207,N,3.3237446059464148e-16,3.9884935271356977e-16,3.3237446059464143e-16,3.3237446059464153e-16,3.9884935271356972e-16,3.9884935271356982e-16
240,370.93117783944837,207,A,2.7106983786274096e-15,2.0799255134100231e-14,2.7106983786274092e-15,2.71069837862741e-15,2.0799255134100228e-14,2.0799255134100234e-14
240,370.93117783944837,207,Z,8.7998446598407683e-19,-4.5586080532945619e-18,8.7998446598407664e-19,8.7998446598407702e-19,-4.5586080532945627e-18,-4.5586080532945612e-18
240,370.93117783944837,207,E,-1.2925673467569391e-17,9.4172763835148419e-17,-1.2925673467569392e-17,-1.2925673467569389e-17,9.4172763835148406e-17,9.4172763835148431e-17
240,370.93117783944837,208,N,1.4181310318704703e-15,2.9947061520363439e-16,1.4181310318704701e-15,1.4181310318704705e-15,2.9947061520363434e-16,2.9947061520363443e-16
240,370.93117783944837,208,A,3.7816827516545875e-15,6.9986913729164463e-15,3.7816827516545867e-15,3.7816827516545883e-15,6.9986913729164455e-15,6.9986913729164471e-15
240,370.93117783944837,208,Z,-2.7697871716220123e-18,1.9691455673250242e-18,-2.7697871716220127e-18,-2.7697871716220119e-18,1.9691455673250238e-18,1.9691455673250246e-18
240,370.93117783944837,208,E,1.1817758598920586e-16,-4.8182756006341256e-18,1.1817758598920583e-16,1.1817758598920588e-16,-4.8182756006341264e-18,-4.8182756006341248e-18
240,370.93117783944837,209,N,5.4159617712292534e-16,-3.9272011664824216e-16,5.4159617712292524e-16,5.4159617712292544e-16,-3.9272011664824221e-16,-3.9272011664824211e-16
240,370.93117783944837,209,A,7.8657528703032381e-15,3.7844029495376549e-15,7.8657528703032365e-15,7.8657528703032397e-15,3.7844029495376541e-15,3.7844029495376557e-15
240,370.93117783944837,209,Z,-3.6155099473321187e-19,5.635146426639836e-19,-3.6155099473321192e-19,-3.6155099473321182e-19,5.635146426639835e-19,5.635146426639837e-19
240,370.93117783944837,209,E,-1.6222730020039238e-16,-5.2294158839217683e-17,-1.6222730020039241e-16,-1.6222730020039236e-16,-5.2294158839217689e-17,-5.2294158839217677e-17
240,370.93117783944837,210,N,-1.5007161314055907e-16,7.6231539560841092e-16,-1.5007161314055909e-16,-1.5007161314055905e-16,7.6231539560841082e-16,7.6231539560841102e-16
240,370.93117783944837,210,A,7.5585201790056925e-15,-1.0543638467505896e-15,7.5585201790056909e-15,7.558520179005694e-15,-1.0543638467505898e-15,-1.0543638467505894e-15
240,370.93117783944837,210,Z,5.7839142923031276e-19,1.2298143561498778e-18,5.7839142923031266e-19,5.7839142923031285e-19,1.2298143561498776e-18,1.229814356149878e-18
240,370.93117783944837,210,E,-7.0052533882273398e-17,1.3814313518464787e-16,-7.005253388227341e-17,-7.0052533882273386e-17,1.3814313518464785e-16,1.381431351846479e-16
240,370.93117783944837,211,N,1.2523819905592851e-16,3.7800381905214367e-16,1.2523819905592849e-16,1.2523819905592854e-16,3.7800381905214362e-16,3.7800381905214372e-16
240,370.93117783944837,211,A,9.7632761773573849e-15,-1.5180342324583331e-15,9.7632761773573833e-15,9.7632761773573864e-15,-1.5180342324583333e-15,-1.5180342324583329e-15
240,370.93117783944837,211,Z,-1.2667809167086353e-18,-3.7417372272888515e-19,-1.2667809167086355e-18,-1.2667809167086351e-18,-3.741737227288852e-19,-3.741737227288851e-19
240,370.93117783944837,211,E,2.8765393855282776e-17,5.085156135399788e-18,2.876539385528277e-17,2.8765393855282782e-17,5.0851561353997873e-18,5.0851561353997888e-18
240,370.93117783944837,212,N,1.2312425276602455e-15,7.1725946965128356e-17,1.2312425276602453e-15,1.2312425276602457e-15,7.1725946965128344e-17,7.1725946965128368e-17
240,370.93117783944837,212,A,-2.3326909530815525e-15,-1.2603249323129053e-14,-2.3326909530815529e-15,-2.3326909530815521e-15,-1.2603249323129055e-14,-1.2603249323129051e-14
240,370.93117783944837,212,Z,1.5525955434678076e-18,3.2278118731792982e-19,1.5525955434678074e-18,1.5525955434678078e-18,3.2278118731792977e-19,3.2278118731792987e-19
240,370.93117783944837,212,E,-2.5620531337503614e-17,8.1651017663440579e-18,-2.5620531337503617e-17,-2.5620531337503611e-17,8.1651017663440564e-18,8.1651017663440594e-18
240,370.93117783944837,213,N,-1.5135732814926122e-16,1.4575860730912317e-15,-1.5135732814926124e-16,-1.5135732814926119e-16,1.4575860730912315e-15,1.4575860730912319e-15
240,370.93117783944837,213,A,-1.7985548082040701e-15,-1.6631958861658966e-15,-1.7985548082040705e-15,-1.7985548082040697e-15,-1.6631958861658968e-15,-1.6631958861658964e-15
240,370.93117783944837,213,Z,-1.1468650007497395e-18,7.5150312745668853e-19,-1.1468650007497397e-18,-1.1468650007497393e-18,7.5150312745668843e-19,7.5150312745668862e-19
240,370.93117783944837,213,E,-4.9452241793334677e-17,1.0721384510153539e-16,-4.9452241793334683e-17,-4.945224179333467e-17,1.0721384510153538e-16,1.072138451015354e-16
240,370.93117783944837,214,N,-3.0659524353376367e-16,6.3860905475710017e-16,-3.0659524353376372e-16,-3.0659524353376362e-16,6.3860905475710007e-16,6.3860905475710027e-16
240,370.93117783944837,214,A,1.8151627117526632e-15,-4.4944268911771332e-15,1.8151627117526628e-15,1.8151627117526635e-15,-4.494426891177134e-15,-4.4944268911771324e-15
240,370.93117783944837,214,Z,1.0494896704974032e-18,-3.8697677541021083e-18,1.049489670497403e-18,1.0494896704974034e-18,-3.869767754102109e-18,-3.8697677541021075e-18
240,370.93117783944837,214,E,6.7802081805330511e-17,-6.6359484320110715e-17,6.7802081805330499e-17,6.7802081805330524e-17,-6.6359484320110727e-17,-6.6359484320110702e-17
240,370.93117783944837,215,N,-9.7692701699084731e-16,3.9215570038214989e-16,-9.769270169908475e-16,-9.7692701699084711e-16,3.9215570038214984e-16,3.9215570038214994e-16
240,370.93117783944837,215,A,-7.2833861833777163e-16,-2.4221500296337454e-15,-7.2833861833777173e-16,-7.2833861833777153e-16,-2.4221500296337458e-15,-2.422150029633745e-15
240,370.93117783944837,215,Z,-9.5211434024506673e-19,9.0883641568847279e-19,-9.5211434024506693e-19,-9.5211434024506654e-19,9.088364156884726e-19,9.0883641568847298e-19
240,370.93117783944837,215,E,-3.9815690592066424e-17,2.4235637751692608e-17,-3.981569059206643e-17,-3.9815690592066418e-17,2.4235637751692605e-17,2.4235637751692611e-17
240,370.93117783944837,216,N,3.8026869710393878e-16,-1.1011346604682719e-16,3.8026869710393873e-16,3.8026869710393883e-16,-1.1011346604682721e-16,-1.1011346604682718e-16
240,370.93117783944837,216,A,8.2394893056694158e-15,2.4868072489212966e-15,8.2394893056694142e-15,8.2394893056694173e-15,2.4868072489212962e-15,2.486807248921297e-15
240,370.93117783944837,216,Z,1.943900111333678e-18,-7.9342861687088894e-19,1.9439001113336776e-18,1.9439001113336784e-18,-7.9342861687088904e-19,-7.9342861687088885e-19
240,370.93117783944837,216,E,1.5695460639191403e-17,-3.6930495621626831e-17,1.56954606391914e-17,1.5695460639191406e-17,-3.6930495621626837e-17,-3.6930495621626825e-17
240,370.93117783944837,217,N,4.085436078142468e-16,1.643407055162394e-16,4.0854360781424675e-16,4.0854360781424685e-16,1.6434070551623937e-16,1.6434070551623942e-16
240,370.93117783944837,217,A,-2.5112737022706245e-15,6.7887483576455524e-15,-2.5112737022706249e-15,-2.5112737022706241e-15,6.7887483576455516e-15,6.7887483576455531e-15
240,370.93117783944837,217,Z,4.1835327071374144e-19,-2.4812676745780527e-18,4.1835327071374139e-19,4.1835327071374149e-19,-2.4812676745780531e-18,-2.4812676745780523e-18
240,370.93117783944837,217,E,6.4628367337846954e-18,-5.1241062675007228e-17,6.4628367337846946e-18,6.4628367337846962e-18,-5.1241062675007234e-17,-5.1241062675007222e-17
240,370.93117783944837,218,N,-3.0190680170679937e-16,3.1390921278382806e-17,-3.0190680170679942e-16,-3.0190680170679932e-16,3.13909212783828e-17,3.1390921278382812e-17
240,370.93117783944837,218,A,-3.3911427604558839e-15,-4.4616655022877917e-16,-3.3911427604558843e-15,-3.3911427604558835e-15,-4.4616655022877927e-16,-4.4616655022877907e-16
240,370.93117783944837,218,Z,-4.7894236509297296e-18,-2.0484884290121133e-18,-4.7894236509297304e-18,-4.7894236509297289e-18,-2.0484884290121137e-18,-2.0484884290121129e-18
240,370.93117783944837,218,E,-1.0617517491217714e-16,-1.3156489065204558e-17,-1.0617517491217715e-16,-1.0617517491217713e-16,-1.315648906520456e-17,-1.3156489065204557e-17
240,370.93117783944837,219,N,9.9712338178392443e-16,7.7554040805416345e-17,9.9712338178392424e-16,9.9712338178392463e-16,7.7554040805416332e-17,7.7554040805416357e-17
240,370.93117783944837,219,A,1.2050420721336835e-14,-2.8436481628652658e-15,1.2050420721336833e-14,1.2050420721336837e-14,-2.8436481628652662e-15,-2.8436481628652654e-15
240,370.93117783944837,219,Z,2.3081559763516769e-18,5.5972782426528165e-18,2.3081559763516765e-18,2.3081559763516773e-18,5.5972782426528158e-18,5.5972782426528173e-18
240,370.93117783944837,219,E,-7.3860991243253662e-18,1.3110325945677525e-16,-7.3860991243253677e-18,-7.3860991243253646e-18,1.3110325945677522e-16,1.3110325945677527e-16
240,370.93117783944837,220,N,-6.2043232644333076e-16,-7.3860991243253662e-17,-6.2043232644333086e-16,-6.2043232644333066e-16,-7.3860991243253674e-17,-7.3860991243253649e-17
240,370.93117783944837,220,A,3.5970302735464535e-15,-3.9589491306383963e-15,3.5970302735464527e-15,3.5970302735464543e-15,-3.9589491306383971e-15,-3.9589491306383955e-15
240,370.93117783944837,220,Z,-4.1979586819896128e-18,9.2326239054067077e-19,-4.1979586819896136e-18,-4.197958681989612e-18,9.2326239054067058e-19,9.2326239054067096e-19
240,370.93117783944837,220,E,-1.1079148686488049e-16,7.3860991243253662e-17,-1.107914868648805e-16,-1.1079148686488048e-16,7.3860991243253649e-17,7.3860991243253674e-17
240,370.93117783944837,221,N,-7.0906551593523515e-16,-1.1371581229210668e-15,-7.0906551593523525e-16,-7.0906551593523505e-16,-1.137158122921067e-15,-1.1371581229210666e-15
240,370.93117783944837,221,A,1.8908413758272937e-14,-6.8195730594109859e-15,1.8908413758272934e-14,1.8908413758272941e-14,-6.8195730594109867e-15,-6.8195730594109851e-15
240,370.93117783944837,221,Z,4.6163119527033539e-19,1.3064523475521796e-18,4.6163119527033529e-19,4.6163119527033548e-19,1.3064523475521794e-18,1.3064523475521798e-18
240,370.93117783944837,221,E,5.9088792994602929e-17,1.4512530701311169e-17,5.9088792994602917e-17,5.9088792994602942e-17,1.4512530701311166e-17,1.4512530701311173e-17
240,370.93117783944837,222,N,3.8236587319807706e-16,2.1311853298523381e-16,3.8236587319807701e-16,3.8236587319807711e-16,2.1311853298523378e-16,2.1311853298523383e-16
240,370.93117783944837,222,A,1.5540390425764557e-15,-2.1315198321442237e-15,1.5540390425764555e-15,1.5540390425764559e-15,-2.1315198321442241e-15,-2.1315198321442233e-15
240,370.93117783944837,222,Z,1.5936194094537458e-19,-1.9574244627576136e-18,1.5936194094537455e-19,1.593619409453746e-19,-1.957424462757614e-18,-1.9574244627576133e-18
240,370.93117783944837,222,E,-3.3179742160055356e-19,8.2660835903094429e-17,-3.3179742160055361e-19,-3.3179742160055351e-19,8.2660835903094417e-17,8.2660835903094442e-17
240,370.93117783944837,223,N,6.1041709340219236e-17,-5.9942089407110437e-16,6.1041709340219224e-17,6.1041709340219248e-17,-5.9942089407110447e-16,-5.9942089407110428e-16
240,370.93117783944837,223,A,-7.5345243730859178e-16,4.1262228171667734e-15,-7.5345243730859188e-16,-7.5345243730859168e-16,4.1262228171667726e-15,4.1262228171667742e-15
240,370.93117783944837,223,Z,-3.7805070347041333e-18,-2.8906047110091703e-18,-3.7805070347041341e-18,-3.7805070347041325e-18,-2.8906047110091706e-18,-2.8906047110091699e-18
240,370.93117783944837,223,E,-6.6936523314198631e-18,-7.0398757278726146e-18,-6.6936523314198639e-18,-6.6936523314198623e-18,-7.0398757278726162e-18,-7.0398757278726131e-18
240,370.93117783944837,224,N,3.5979643554181334e-16,1.6664886149259106e-16,3.5979643554181329e-16,3.5979643554181338e-16,1.6664886149259104e-16,1.6664886149259109e-16
240,370.93117783944837,224,A,-4.8662924579296669e-15,2.5453527010974429e-15,-4.8662924579296677e-15,-4.8662924579296661e-15,2.5453527010974425e-15,2.5453527010974433e-15
240,370.93117783944837,224,Z,1.7671819193942525e-18,1.7130845136985103e-18,1.7671819193942521e-18,1.7671819193942528e-18,1.7130845136985101e-18,1.7130845136985105e-18
240,370.93117783944837,224,E,-5.9838943686917229e-17,-4.0580267259232921e-17,-5.9838943686917241e-17,-5.9838943686917217e-17,-4.0580267259232927e-17,-4.0580267259232915e-17
240,370.93117783944837,225,N,-3.4618733151562105e-16,4.4160794217548458e-16,-3.461873315156211e-16,-3.46187331515621e-16,4.4160794217548453e-16,4.4160794217548463e-16
240,370.93117783944837,225,A,1.4856864295058281e-14,-5.8249940589416185e-15,1.4856864295058278e-14,1.4856864295058284e-14,-5.8249940589416193e-15,-5.8249940589416177e-15
240,370.93117783944837,225,Z,-3.8409158043977124e-19,1.4732526817807187e-18,-3.8409158043977129e-19,-3.8409158043977119e-19,1.4732526817807185e-18,1.4732526817807189e-18
240,370.93117783944837,225,E,-5.5626559030075408e-17,3.7089181345001011e-17,-5.562655903007542e-17,-5.5626559030075395e-17,3.7089181345001004e-17,3.7089181345001017e-17
240,370.93117783944837,226,N,-6.7484710358582152e-17,1.6672099136685206e-16,-6.7484710358582164e-17,-6.748471035858214e-17,1.6672099136685204e-16,1.6672099136685209e-16
240,370.93117783944837,226,A,-3.153482037753348e-15,6.7951895554170589e-15,-3.1534820377533483e-15,-3.1534820377533476e-15,6.7951895554170581e-15,6.7951895554170597e-15
240,370.93117783944837,226,Z,1.8393117936552427e-18,-6.3654614035323585e-19,1.8393117936552424e-18,1.8393117936552431e-18,-6.3654614035323595e-19,-6.3654614035323576e-19
240,370.93117783944837,226,E,7.6573074515466884e-17,1.0150115906006499e-16,7.6573074515466871e-17,7.6573074515466896e-17,1.0150115906006498e-16,1.0150115906006501e-16
240,370.93117783944837,227,N,2.919817310084871e-17,-5.3808886198698465e-18,2.9198173100848704e-17,2.9198173100848716e-17,-5.3808886198698472e-18,-5.3808886198698457e-18
240,370.93117783944837,227,A,6.2280251411154687e-15,-5.4413046025508522e-15,6.2280251411154679e-15,6.2280251411154695e-15,-5.441304602550853e-15,-5.4413046025508514e-15
240,370.93117783944837,227,Z,-2.1278312906992024e-18,8.3490329457095819e-19,-2.1278312906992027e-18,-2.127831290699202e-18,8.3490329457095809e-19,8.3490329457095828e-19
240,370.93117783944837,227,E,8.240116835575486e-17,-5.4241665444264408e-17,8.2401168355754848e-17,8.2401168355754872e-17,-5.4241665444264414e-17,-5.4241665444264402e-17
240,370.93117783944837,228,N,4.8725172660783901e-16,-4.1287140026990623e-16,4.8725172660783891e-16,4.872517266078391e-16,-4.1287140026990628e-16,-4.1287140026990618e-16
240,370.93117783944837,228,A,2.9926396311387666e-15,-3.0416302417368312e-15,2.9926396311387662e-15,2.992639631138767e-15,-3.0416302417368315e-15,-3.0416302417368308e-15
240,370.93117783944837,228,Z,2.4379897500214588e-18,5.4818704438352327e-19,2.4379897500214584e-18,2.4379897500214591e-18,5.4818704438352317e-19,5.4818704438352337e-19
240,370.93117783944837,228,E,-8.5459475024420837e-17,-8.0785459172308692e-18,-8.5459475024420849e-17,-8.5459475024420824e-17,-8.0785459172308708e-18,-8.0785459172308677e-18
240,370.93117783944837,229,N,7.0283349479908559e-16,4.8327015754863233e-17,7.0283349479908549e-16,7.0283349479908569e-16,4.8327015754863227e-17,4.832701575486324e-17
240,370.93117783944837,229,A,2.7767152460447804e-15,4.9443009169429275e-15,2.77671524604478e-15,2.7767152460447807e-15,4.9443009169429267e-15,4.9443009169429282e-15
240,370.93117783944837,229,Z,-2.6543793728044285e-18,0,-2.6543793728044289e-18,-2.6543793728044281e-18,-4.9406564584124654e-324,4.9406564584124654e-324
240,370.93117783944837,229,E,1.9965549195442005e-17,1.6203254953988773e-16,1.9965549195442002e-17,1.9965549195442009e-17,1.6203254953988771e-16,1.6203254953988776e-16
240,370.93117783944837,230,N,1.6249418073515806e-16,2.7697871716220123e-18,1.6249418073515803e-16,1.6249418073515808e-16,2.7697871716220119e-18,2.7697871716220127e-18
240,370.93117783944837,230,A,6.0919160683849806e-15,-6.6375641411945174e-15,6.0919160683849798e-15,6.0919160683849814e-15,-6.6375641411945182e-15,-6.6375641411945166e-15
240,370.93117783944837,230,Z,1.1829299378802344e-18,4.6163119527033539e-19,1.1829299378802342e-18,1.1829299378802346e-18,4.6163119527033529e-19,4.6163119527033548e-19
240,370.93117783944837,230,E,7.8477303195957016e-17,-1.5326155682975135e-16,7.8477303195957003e-17,7.8477303195957028e-17,-1.5326155682975137e-16,-1.5326155682975132e-16
240,370.93117783944837,231,N,-1.8534492490103966e-16,4.7640339351898612e-16,-1.8534492490103969e-16,-1.8534492490103964e-16,4.7640339351898602e-16,4.7640339351898622e-16
240,370.93117783944837,231,A,5.0594779001628758e-16,1.1736511508553007e-14,5.0594779001628748e-16,5.0594779001628768e-16,1.1736511508553006e-14,1.1736511508553009e-14
240,370.93117783944837,231,Z,5.1933509467912731e-19,-1.0386701893582546e-18,5.1933509467912721e-19,5.193350946791274e-19,-1.0386701893582548e-18,-1.0386701893582544e-18
240,370.93117783944837,231,E,-1.1079148686488049e-16,-2.9082765302031129e-17,-1.107914868648805e-16,-1.1079148686488048e-16,-2.9082765302031135e-17,-2.9082765302031123e-17
240,370.93117783944837,232,N,-1.5510808161083269e-16,1.9942467635678489e-16,-1.5510808161083271e-16,-1.5510808161083266e-16,1.9942467635678486e-16,1.9942467635678491e-16
240,370.93117783944837,232,A,3.2277253173301848e-15,-9.7865813397311092e-16,3.2277253173301844e-15,3.2277253173301852e-15,-9.7865813397311112e-16,-9.7865813397311072e-16
240,370.93117783944837,232,Z,-7.50150692314295e-19,1.0386701893582546e-18,-7.501506923142951e-19,-7.5015069231429491e-19,1.0386701893582544e-18,1.0386701893582548e-18
240,370.93117783944837,232,E,6.8321416900009637e-17,1.6249418073515806e-16,6.8321416900009625e-17,6.8321416900009649e-17,1.6249418073515803e-16,1.6249418073515808e-16
240,370.93117783944837,233,N,-1.4772198248650732e-16,6.9429331768658442e-16,-1.4772198248650735e-16,-1.477219824865073e-16,6.9429331768658432e-16,6.9429331768658452e-16
240,370.93117783944837,233,A,-3.0578450374707016e-15,-3.8112271481518889e-15,-3.057845037470702e-15,-3.0578450374707012e-15,-3.8112271481518897e-15,-3.8112271481518882e-15
240,370.93117783944837,233,Z,-3.2314183668923477e-18,6.3474289349671116e-18,-3.2314183668923481e-18,-3.2314183668923473e-18,6.3474289349671108e-18,6.3474289349671123e-18
240,370.93117783944837,233,E,-3.3237446059464148e-17,-4.4316594745952197e-17,-3.3237446059464154e-17,-3.3237446059464142e-17,-4.4316594745952203e-17,-4.4316594745952191e-17
240,370.93117783944837,234,N,1.0635982739028527e-15,4.4841339581200898e-17,1.0635982739028525e-15,1.0635982739028529e-15,4.4841339581200892e-17,4.4841339581200905e-17
240,370.93117783944837,234,A,-2.3635517197841172e-14,-9.4209243519055914e-15,-2.3635517197841175e-14,-2.3635517197841169e-14,-9.420924351905593e-15,-9.4209243519055898e-15
240,370.93117783944837,234,Z,1.3848935858110062e-18,2.1368475249818259e-18,1.384893585811006e-18,1.3848935858110063e-18,2.1368475249818255e-18,2.1368475249818262e-18
240,370.93117783944837,234,E,-2.2896907285408635e-16,1.0444405792991338e-17,-2.289690728540864e-16,-2.289690728540863e-16,1.0444405792991337e-17,1.044440579299134e-17
240,370.93117783944837,235,N,1.1711412115557038e-15,-2.0118825178246609e-16,1.1711412115557036e-15,1.171141211555704e-15,-2.0118825178246611e-16,-2.0118825178246606e-16
240,370.93117783944837,235,A,4.3025361801869086e-15,-3.7135930519756413e-15,4.3025361801869078e-15,4.3025361801869093e-15,-3.7135930519756421e-15,-3.7135930519756405e-15
240,370.93117783944837,235,Z,-1.025145837934319e-18,-4.6199184464164033e-18,-1.0251458379343192e-18,-1.0251458379343188e-18,-4.619918446416404e-18,-4.6199184464164025e-18
240,370.93117783944837,235,E,1.3469532719497254e-16,6.8667640296462392e-17,1.3469532719497251e-16,1.3469532719497256e-16,6.8667640296462379e-17,6.8667640296462404e-17
240,370.93117783944837,236,N,7.00381079074212e-17,-3.4936825897053071e-16,7.0038107907421188e-17,7.0038107907421213e-17,-3.4936825897053076e-16,-3.4936825897053066e-16
240,370.93117783944837,236,A,-3.192089552951543e-15,-1.0813458294647694e-15,-3.1920895529515434e-15,-3.1920895529515427e-15,-1.0813458294647696e-15,-1.0813458294647692e-15
240,370.93117783944837,236,Z,-1.4065325480893031e-18,-5.6982600666182024e-19,-1.4065325480893033e-18,-1.4065325480893029e-18,-5.6982600666182034e-19,-5.6982600666182015e-19
240,370.93117783944837,236,E,-7.7121261559850405e-17,-3.3122038260646567e-17,-7.7121261559850417e-17,-7.7121261559850392e-17,-3.3122038260646573e-17,-3.3122038260646561e-17
240,370.93117783944837,237,N,1.2398404086721556e-16,4.2813408166353166e-16,1.2398404086721553e-16,1.2398404086721558e-16,4.2813408166353161e-16,4.2813408166353171e-16
240,370.93117783944837,237,A,2.6734216596093299e-16,3.7933371360883069e-15,2.6734216596093294e-16,2.6734216596093304e-16,3.7933371360883061e-15,3.7933371360883077e-15
240,370.93117783944837,237,Z,4.5766405218598097e-18,1.2009624064454818e-18,4.5766405218598089e-18,4.5766405218598105e-18,1.2009624064454816e-18,1.200962406445482e-18
240,370.93117783944837,237,E,2.1927481775340931e-17,1.4974161896581505e-17,2.1927481775340928e-17,2.1927481775340934e-17,1.4974161896581502e-17,1.4974161896581508e-17
240,370.93117783944837,238,N,5.2778871594251531e-16,8.5794157640991828e-16,5.2778871594251521e-16,5.2778871594251541e-16,8.5794157640991818e-16,8.5794157640991838e-16
240,370.93117783944837,238,A,2.1156918328610777e-15,4.6164922773890067e-16,2.1156918328610773e-15,2.1156918328610781e-15,4.6164922773890057e-16,4.6164922773890076e-16
240,370.93117783944837,238,Z,2.9699475726962593e-18,-1.2983377366978183e-19,2.969947572696259e-18,2.9699475726962597e-18,-1.2983377366978185e-19,-1.298337736697818e-19
240,370.93117783944837,238,E,2.550512353868603e-17,7.1841354763945937e-18,2.5505123538686027e-17,2.5505123538686033e-17,7.1841354763945921e-18,7.1841354763945952e-18
240,370.93117783944837,239,N,8.0139175498930223e-16,5.7459018485675864e-16,8.0139175498930213e-16,8.0139175498930233e-16,5.7459018485675854e-16,5.7459018485675874e-16
240,370.93117783944837,239,A,-1.0925223534815096e-15,-1.3475844083495092e-15,-1.0925223534815098e-15,-1.0925223534815094e-15,-1.3475844083495094e-15,-1.347584408349509e-15
240,370.93117783944837,239,Z,2.0196364793077173e-19,-2.8851949704395962e-19,2.0196364793077171e-19,2.0196364793077176e-19,-2.8851949704395966e-19,-2.8851949704395957e-19
240,370.93117783944837,239,E,-5.7126860414704004e-18,5.6145894124754546e-17,-5.7126860414704012e-18,-5.7126860414703996e-18,5.6145894124754534e-17,5.6145894124754558e-17
240,370.93117783944837,240,N,-9.5349923383087772e-16,5.980432134727195e-16,-9.5349923383087792e-16,-9.5349923383087752e-16,5.980432134727194e-16,5.980432134727196e-16
240,370.93117783944837,240,A,-1.3258769226906643e-15,3.3883729732842616e-15,-1.3258769226906644e-15,-1.3258769226906641e-15,3.3883729732842612e-15,3.388372973284262e-15
240,370.93117783944837,240,Z,-2.0773403787165092e-18,-4.5802470155728589e-19,-2.0773403787165096e-18,-2.0773403787165088e-18,-4.5802470155728599e-19,-4.5802470155728579e-19
240,370.93117783944837,240,E,2.1235034982435428e-17,-2.0080956994259589e-17,2.1235034982435425e-17,2.1235034982435431e-17,-2.0080956994259592e-17,-2.0080956994259586e-17
