FOOTPRINT Formalizations.FinMass AXIOMS []
FOOTPRINT Formalizations.IsMax AXIOMS []
FOOTPRINT Formalizations.NoDup AXIOMS []
FOOTPRINT Formalizations.OrdField AXIOMS []
FOOTPRINT Formalizations.add_assoc AXIOMS []
FOOTPRINT Formalizations.add_comm AXIOMS []
FOOTPRINT Formalizations.add_comm4 AXIOMS []
FOOTPRINT Formalizations.add_le_add AXIOMS []
FOOTPRINT Formalizations.add_le_add_left AXIOMS []
FOOTPRINT Formalizations.add_le_add_of_nonneg AXIOMS []
FOOTPRINT Formalizations.add_le_add_right AXIOMS []
FOOTPRINT Formalizations.add_left_cancel AXIOMS []
FOOTPRINT Formalizations.add_neg_cancel AXIOMS []
FOOTPRINT Formalizations.add_right_cancel AXIOMS []
FOOTPRINT Formalizations.add_right_comm AXIOMS []
FOOTPRINT Formalizations.add_sub_cancel AXIOMS []
FOOTPRINT Formalizations.add_zero AXIOMS []
FOOTPRINT Formalizations.div_eq AXIOMS []
FOOTPRINT Formalizations.div_le_div_right AXIOMS [propext, Classical.choice, Quot.sound]
FOOTPRINT Formalizations.div_mul_cancel AXIOMS []
FOOTPRINT Formalizations.div_pos AXIOMS [propext, Classical.choice, Quot.sound]
FOOTPRINT Formalizations.dotp AXIOMS []
FOOTPRINT Formalizations.dotp_cons AXIOMS []
FOOTPRINT Formalizations.dotp_linComb AXIOMS [propext, Classical.choice, Quot.sound]
FOOTPRINT Formalizations.dotp_nil_left AXIOMS []
FOOTPRINT Formalizations.dotp_nil_right AXIOMS []
FOOTPRINT Formalizations.dotp_replicate_zero AXIOMS []
FOOTPRINT Formalizations.dotp_vadd AXIOMS [propext, Classical.choice, Quot.sound]
FOOTPRINT Formalizations.dotp_vscale AXIOMS [propext]
FOOTPRINT Formalizations.eq_zero_or_eq_zero_of_mul_eq_zero AXIOMS [propext, Classical.choice, Quot.sound]
FOOTPRINT Formalizations.farkas_sound AXIOMS [propext, Classical.choice, Quot.sound]
FOOTPRINT Formalizations.ind AXIOMS []
FOOTPRINT Formalizations.instAddOfOrdField AXIOMS []
FOOTPRINT Formalizations.instDivOfOrdField AXIOMS []
FOOTPRINT Formalizations.instInvOfOrdField AXIOMS []
FOOTPRINT Formalizations.instLEOfOrdField AXIOMS []
FOOTPRINT Formalizations.instLTOfOrdField AXIOMS []
FOOTPRINT Formalizations.instMulOfOrdField AXIOMS []
FOOTPRINT Formalizations.instNegOfOrdField AXIOMS []
FOOTPRINT Formalizations.instOneOfOrdField AXIOMS []
FOOTPRINT Formalizations.instSubOfOrdField AXIOMS []
FOOTPRINT Formalizations.instZeroOfOrdField AXIOMS []
FOOTPRINT Formalizations.inv_pos AXIOMS [propext, Classical.choice, Quot.sound]
FOOTPRINT Formalizations.le_antisymm AXIOMS []
FOOTPRINT Formalizations.le_of_eq AXIOMS []
FOOTPRINT Formalizations.le_of_lt AXIOMS []
FOOTPRINT Formalizations.le_of_not_le AXIOMS []
FOOTPRINT Formalizations.le_refl AXIOMS []
FOOTPRINT Formalizations.le_total AXIOMS []
FOOTPRINT Formalizations.le_trans AXIOMS []
FOOTPRINT Formalizations.left_distrib AXIOMS []
FOOTPRINT Formalizations.length_linComb_eq AXIOMS [propext, Quot.sound]
FOOTPRINT Formalizations.length_vadd_eq AXIOMS [propext, Quot.sound]
FOOTPRINT Formalizations.length_vscale AXIOMS []
FOOTPRINT Formalizations.linComb AXIOMS []
FOOTPRINT Formalizations.linComb_succ AXIOMS []
FOOTPRINT Formalizations.linComb_zero AXIOMS []
FOOTPRINT Formalizations.lsum AXIOMS []
FOOTPRINT Formalizations.lsum_append AXIOMS []
FOOTPRINT Formalizations.lsum_congr AXIOMS [propext]
FOOTPRINT Formalizations.lsum_cons AXIOMS []
FOOTPRINT Formalizations.lsum_const_mul AXIOMS []
FOOTPRINT Formalizations.lsum_distrib AXIOMS []
FOOTPRINT Formalizations.lsum_filter_ind AXIOMS [propext]
FOOTPRINT Formalizations.lsum_filter_le AXIOMS [propext]
FOOTPRINT Formalizations.lsum_filter_split AXIOMS [propext]
FOOTPRINT Formalizations.lsum_le_lsum AXIOMS [propext]
FOOTPRINT Formalizations.lsum_nil AXIOMS []
FOOTPRINT Formalizations.lsum_nonneg AXIOMS [propext]
FOOTPRINT Formalizations.lsum_nonneg_map AXIOMS []
FOOTPRINT Formalizations.ltK AXIOMS []
FOOTPRINT Formalizations.lt_iff_le_not_le AXIOMS []
FOOTPRINT Formalizations.lt_irrefl AXIOMS []
FOOTPRINT Formalizations.lt_of_le_of_lt AXIOMS []
FOOTPRINT Formalizations.lt_of_le_of_ne AXIOMS []
FOOTPRINT Formalizations.lt_of_lt_of_le AXIOMS []
FOOTPRINT Formalizations.lt_trans AXIOMS []
FOOTPRINT Formalizations.map_congr' AXIOMS [propext]
FOOTPRINT Formalizations.monotone_step_ascent AXIOMS []
FOOTPRINT Formalizations.mul_assoc AXIOMS []
FOOTPRINT Formalizations.mul_comm AXIOMS []
FOOTPRINT Formalizations.mul_inv_cancel' AXIOMS []
FOOTPRINT Formalizations.mul_inv_cancel_field AXIOMS []
FOOTPRINT Formalizations.mul_le_mul_of_nonneg_left AXIOMS []
FOOTPRINT Formalizations.mul_le_mul_of_nonneg_right AXIOMS []
FOOTPRINT Formalizations.mul_left_cancel AXIOMS []
FOOTPRINT Formalizations.mul_neg AXIOMS []
FOOTPRINT Formalizations.mul_nonneg AXIOMS []
FOOTPRINT Formalizations.mul_one AXIOMS []
FOOTPRINT Formalizations.mul_pos AXIOMS [propext, Classical.choice, Quot.sound]
FOOTPRINT Formalizations.mul_sub AXIOMS []
FOOTPRINT Formalizations.mul_zero AXIOMS []
FOOTPRINT Formalizations.natToK_mul_inv AXIOMS [propext]
FOOTPRINT Formalizations.natToK_mul_inv_cancel AXIOMS [propext]
FOOTPRINT Formalizations.natToK_ne_zero AXIOMS [propext]
FOOTPRINT Formalizations.natToK_pos AXIOMS [propext]
FOOTPRINT Formalizations.ne_of_gt AXIOMS []
FOOTPRINT Formalizations.ne_of_lt AXIOMS []
FOOTPRINT Formalizations.neg_add_cancel AXIOMS []
FOOTPRINT Formalizations.neg_eq_of_add_eq_zero_right AXIOMS []
FOOTPRINT Formalizations.neg_le_neg AXIOMS []
FOOTPRINT Formalizations.neg_mul AXIOMS []
FOOTPRINT Formalizations.neg_mul_neg AXIOMS []
FOOTPRINT Formalizations.neg_neg AXIOMS []
FOOTPRINT Formalizations.neg_zero AXIOMS []
FOOTPRINT Formalizations.nonneg_of_mul_nonneg_of_pos AXIOMS [propext, Classical.choice, Quot.sound]
FOOTPRINT Formalizations.not_le_of_lt AXIOMS []
FOOTPRINT Formalizations.one_mul' AXIOMS []
FOOTPRINT Formalizations.pos_of_mul_pos_left AXIOMS [propext, Classical.choice, Quot.sound]
FOOTPRINT Formalizations.pos_of_mul_pos_left' AXIOMS [propext, Classical.choice, Quot.sound]
FOOTPRINT Formalizations.right_distrib AXIOMS []
FOOTPRINT Formalizations.sub_add_cancel AXIOMS []
FOOTPRINT Formalizations.sub_div AXIOMS []
FOOTPRINT Formalizations.sub_eq AXIOMS []
FOOTPRINT Formalizations.sub_mul AXIOMS []
FOOTPRINT Formalizations.sub_nonneg AXIOMS []
FOOTPRINT Formalizations.sub_self AXIOMS []
FOOTPRINT Formalizations.sub_zero AXIOMS []
FOOTPRINT Formalizations.sumRange AXIOMS []
FOOTPRINT Formalizations.sumRange_add AXIOMS []
FOOTPRINT Formalizations.sumRange_le_sumRange' AXIOMS [propext, Quot.sound]
FOOTPRINT Formalizations.sumRange_nonneg' AXIOMS []
FOOTPRINT Formalizations.sumRange_succ AXIOMS []
FOOTPRINT Formalizations.sumRange_telescope AXIOMS []
FOOTPRINT Formalizations.sumRange_zero AXIOMS []
FOOTPRINT Formalizations.vadd AXIOMS []
FOOTPRINT Formalizations.vadd_cons AXIOMS []
FOOTPRINT Formalizations.vadd_nil_left AXIOMS []
FOOTPRINT Formalizations.vadd_nil_right AXIOMS []
FOOTPRINT Formalizations.vscale AXIOMS []
FOOTPRINT Formalizations.vscale_cons AXIOMS []
FOOTPRINT Formalizations.vscale_nil AXIOMS []
FOOTPRINT Formalizations.zero_add AXIOMS []
FOOTPRINT Formalizations.zero_le_one' AXIOMS []
FOOTPRINT Formalizations.zero_lt_one AXIOMS []
FOOTPRINT Formalizations.zero_mul AXIOMS []
FOOTPRINT Formalizations.zero_ne_one' AXIOMS []
FOOTPRINT Formalizations.zero_sub AXIOMS []
FOOTPRINT Formalizations.ARV.bracket_form1 AXIOMS []
FOOTPRINT Formalizations.ARV.bracket_form2 AXIOMS []
FOOTPRINT Formalizations.ARV.bracket_lower_form1 AXIOMS []
FOOTPRINT Formalizations.ARV.bracket_lower_form2 AXIOMS [propext, Classical.choice, Quot.sound]
FOOTPRINT Formalizations.ARV.bracket_sandwich_form1 AXIOMS [propext, Classical.choice, Quot.sound]
FOOTPRINT Formalizations.ARV.bracket_sandwich_form2 AXIOMS [propext, Classical.choice, Quot.sound]
FOOTPRINT Formalizations.ARV.bracket_subunitary AXIOMS []
FOOTPRINT Formalizations.ARV.bracket_subunitary_form1 AXIOMS []
FOOTPRINT Formalizations.ARV.bracket_subunitary_form2 AXIOMS []
FOOTPRINT Formalizations.ARV.bracket_subunitary_of_upper_form1 AXIOMS [propext, Classical.choice, Quot.sound]
FOOTPRINT Formalizations.ARV.bracket_subunitary_of_upper_form2 AXIOMS [propext, Classical.choice, Quot.sound]
FOOTPRINT Formalizations.ARV.bracket_upper_form1 AXIOMS [propext, Classical.choice, Quot.sound]
FOOTPRINT Formalizations.ARV.bracket_upper_form2 AXIOMS [propext, Classical.choice, Quot.sound]
FOOTPRINT Formalizations.ARV.bracket_upper_lt_one_iff AXIOMS [propext, Classical.choice, Quot.sound]
FOOTPRINT Formalizations.ARV.contraction_form1 AXIOMS []
FOOTPRINT Formalizations.ARV.contraction_form2 AXIOMS []
FOOTPRINT Formalizations.ARV.le_omax_left AXIOMS [propext, Classical.choice, Quot.sound]
FOOTPRINT Formalizations.ARV.le_omax_right AXIOMS [propext, Classical.choice, Quot.sound]
FOOTPRINT Formalizations.ARV.mul_div_self AXIOMS []
FOOTPRINT Formalizations.ARV.mul_lt_mul_of_pos_right AXIOMS []
FOOTPRINT Formalizations.ARV.mul_right_cancel' AXIOMS []
FOOTPRINT Formalizations.ARV.omax AXIOMS [propext, Classical.choice, Quot.sound]
FOOTPRINT Formalizations.ARV.omax_le AXIOMS [propext, Classical.choice, Quot.sound]
FOOTPRINT Formalizations.ARV.omax_lt AXIOMS [propext, Classical.choice, Quot.sound]
FOOTPRINT Formalizations.ARV.omax_lt_iff AXIOMS [propext, Classical.choice, Quot.sound]
FOOTPRINT Formalizations.ARV.omax_of_le AXIOMS [propext, Classical.choice, Quot.sound]
FOOTPRINT Formalizations.ARV.omax_of_not_le AXIOMS [propext, Classical.choice, Quot.sound]
FOOTPRINT Formalizations.ARV.one_sub_div AXIOMS []
FOOTPRINT Formalizations.ARV.sub_sub_self AXIOMS []
FOOTPRINT Formalizations.CompCert.certified_sandwich AXIOMS []
FOOTPRINT Formalizations.CompCert.characterization_verdict AXIOMS []
FOOTPRINT Formalizations.CompCert.dual_feasible_certificate AXIOMS [propext, Classical.choice, Quot.sound]
FOOTPRINT Formalizations.CompCert.inflated_upper_bound_negative AXIOMS []
FOOTPRINT Formalizations.CompCert.margin_obstruction_verdict AXIOMS []
FOOTPRINT Formalizations.CompCert.positive_bound_obstruction AXIOMS []
FOOTPRINT Formalizations.CompCert.robust_row_sound AXIOMS []
FOOTPRINT Formalizations.CompCert.sandwich_verdict AXIOMS []
FOOTPRINT Formalizations.CompCert.sandwich_verdict_lower AXIOMS []
FOOTPRINT Formalizations.CompCert.sandwich_verdict_upper AXIOMS []
FOOTPRINT Formalizations.E1.ladder_ascent AXIOMS []
FOOTPRINT Formalizations.E1.ladder_bound_lower AXIOMS [propext, Quot.sound]
FOOTPRINT Formalizations.E1.ladder_bound_upper AXIOMS [propext, Quot.sound]
FOOTPRINT Formalizations.E1.ladder_bracket AXIOMS [propext, Quot.sound]
FOOTPRINT Formalizations.E1.ladder_telescope AXIOMS []
FOOTPRINT Formalizations.EBC.Tri AXIOMS []
FOOTPRINT Formalizations.EBC.add_lt_add_right' AXIOMS []
FOOTPRINT Formalizations.EBC.adjacent_pair_survives AXIOMS [propext, Classical.choice, Quot.sound]
FOOTPRINT Formalizations.EBC.agreeMass AXIOMS []
FOOTPRINT Formalizations.EBC.agreeMass_add_natToK_hamming AXIOMS [propext]
FOOTPRINT Formalizations.EBC.agreeMass_le_two_of_far AXIOMS [propext]
FOOTPRINT Formalizations.EBC.altPairs AXIOMS []
FOOTPRINT Formalizations.EBC.altPairs_length AXIOMS [propext, Quot.sound]
FOOTPRINT Formalizations.EBC.altPairs_mem_inAlphabet AXIOMS [propext]
FOOTPRINT Formalizations.EBC.b1 AXIOMS []
FOOTPRINT Formalizations.EBC.b1t AXIOMS []
FOOTPRINT Formalizations.EBC.b1t_matched_mul AXIOMS [propext]
FOOTPRINT Formalizations.EBC.coord_bound AXIOMS [propext]
FOOTPRINT Formalizations.EBC.cor_hamming AXIOMS [propext, Classical.choice, Quot.sound]
FOOTPRINT Formalizations.EBC.cor_hamming_dist AXIOMS [propext, Classical.choice, Quot.sound]
FOOTPRINT Formalizations.EBC.cor_hamming_m4 AXIOMS [propext, Classical.choice, Quot.sound]
FOOTPRINT Formalizations.EBC.cycle_net_nonneg AXIOMS [propext, Classical.choice, Quot.sound]
FOOTPRINT Formalizations.EBC.deadlineSeq AXIOMS []
FOOTPRINT Formalizations.EBC.deadlineSeq_inAlphabet AXIOMS [propext]
FOOTPRINT Formalizations.EBC.deadlineSeq_mem_inAlphabet AXIOMS [propext]
FOOTPRINT Formalizations.EBC.deadline_half_nonneg AXIOMS [propext, Classical.choice, Quot.sound]
FOOTPRINT Formalizations.EBC.deadline_half_pos AXIOMS [propext, Classical.choice, Quot.sound]
FOOTPRINT Formalizations.EBC.deadline_law AXIOMS [propext, Classical.choice, Quot.sound]
FOOTPRINT Formalizations.EBC.deadline_necessity AXIOMS [propext]
FOOTPRINT Formalizations.EBC.deadline_sufficiency AXIOMS [propext, Classical.choice, Quot.sound]
FOOTPRINT Formalizations.EBC.div_mul_self_right AXIOMS [propext, Classical.choice, Quot.sound]
FOOTPRINT Formalizations.EBC.drift AXIOMS []
FOOTPRINT Formalizations.EBC.drift_cell_le_neg_tenth AXIOMS [propext, Classical.choice, Quot.sound]
FOOTPRINT Formalizations.EBC.drift_matched AXIOMS [propext, Quot.sound]
FOOTPRINT Formalizations.EBC.drift_matched_pos AXIOMS [propext, Classical.choice, Quot.sound]
FOOTPRINT Formalizations.EBC.drift_pair AXIOMS [propext]
FOOTPRINT Formalizations.EBC.eight AXIOMS []
FOOTPRINT Formalizations.EBC.eq_of_mul_eq_mul_pos AXIOMS [propext, Classical.choice, Quot.sound]
FOOTPRINT Formalizations.EBC.far_pair_horizon_bound AXIOMS [propext, Quot.sound]
FOOTPRINT Formalizations.EBC.far_pair_sum_bound AXIOMS [propext, Quot.sound]
FOOTPRINT Formalizations.EBC.far_pair_sum_bound_expanded AXIOMS [propext, Quot.sound]
FOOTPRINT Formalizations.EBC.fifth AXIOMS []
FOOTPRINT Formalizations.EBC.fifth_pos AXIOMS [propext, Classical.choice, Quot.sound]
FOOTPRINT Formalizations.EBC.five AXIOMS []
FOOTPRINT Formalizations.EBC.five_add_five_eq_ten AXIOMS [propext]
FOOTPRINT Formalizations.EBC.five_mul_fifth AXIOMS [propext, Quot.sound]
FOOTPRINT Formalizations.EBC.five_ne_zero AXIOMS [propext, Quot.sound]
FOOTPRINT Formalizations.EBC.five_pos AXIOMS [propext, Quot.sound]
FOOTPRINT Formalizations.EBC.flip AXIOMS []
FOOTPRINT Formalizations.EBC.flip_differs AXIOMS [propext]
FOOTPRINT Formalizations.EBC.flip_inSubcube AXIOMS [propext]
FOOTPRINT Formalizations.EBC.floor_pair_fails AXIOMS [propext, Classical.choice, Quot.sound]
FOOTPRINT Formalizations.EBC.floor_survivable_all_agree AXIOMS [propext, Classical.choice, Quot.sound]
FOOTPRINT Formalizations.EBC.floor_survivors_agree AXIOMS [propext, Classical.choice, Quot.sound]
FOOTPRINT Formalizations.EBC.floor_survivors_agree_on AXIOMS [propext, Classical.choice, Quot.sound]
FOOTPRINT Formalizations.EBC.four AXIOMS []
FOOTPRINT Formalizations.EBC.four_sub_five_eq_neg_one AXIOMS [propext]
FOOTPRINT Formalizations.EBC.half AXIOMS []
FOOTPRINT Formalizations.EBC.half_add_half AXIOMS [propext]
FOOTPRINT Formalizations.EBC.half_fifth_two_eq_neg_tenth AXIOMS [propext, Classical.choice, Quot.sound]
FOOTPRINT Formalizations.EBC.half_mul_two AXIOMS []
FOOTPRINT Formalizations.EBC.hamming AXIOMS []
FOOTPRINT Formalizations.EBC.hamming_comm AXIOMS [propext]
FOOTPRINT Formalizations.EBC.hamming_eq_zero AXIOMS [propext, Quot.sound]
FOOTPRINT Formalizations.EBC.hamming_ne_zero_exists AXIOMS [propext]
FOOTPRINT Formalizations.EBC.hamming_zero_of_agree AXIOMS [propext, Quot.sound]
FOOTPRINT Formalizations.EBC.holdAct AXIOMS []
FOOTPRINT Formalizations.EBC.holdAct_drift AXIOMS [propext]
FOOTPRINT Formalizations.EBC.holdAct_isFullHold AXIOMS []
FOOTPRINT Formalizations.EBC.holdRep AXIOMS []
FOOTPRINT Formalizations.EBC.holdRep_length AXIOMS [propext]
FOOTPRINT Formalizations.EBC.holdRep_survives AXIOMS [propext, Classical.choice, Quot.sound]
FOOTPRINT Formalizations.EBC.holdRep_zero AXIOMS []
FOOTPRINT Formalizations.EBC.hold_action_zero AXIOMS []
FOOTPRINT Formalizations.EBC.inAlphabet AXIOMS []
FOOTPRINT Formalizations.EBC.inSubcube AXIOMS []
FOOTPRINT Formalizations.EBC.ipi AXIOMS []
FOOTPRINT Formalizations.EBC.ipi_cell_le_two AXIOMS [propext]
FOOTPRINT Formalizations.EBC.ipi_hold_zero AXIOMS [propext]
FOOTPRINT Formalizations.EBC.ipi_matched AXIOMS [propext, Quot.sound]
FOOTPRINT Formalizations.EBC.ipi_mismatched AXIOMS [propext]
FOOTPRINT Formalizations.EBC.ipi_mismatched_m4_adj AXIOMS [propext]
FOOTPRINT Formalizations.EBC.isCellAction AXIOMS []
FOOTPRINT Formalizations.EBC.isFullHold AXIOMS []
FOOTPRINT Formalizations.EBC.ladder_doubling AXIOMS [propext, Classical.choice, Quot.sound]
FOOTPRINT Formalizations.EBC.le_of_add_le_add_left AXIOMS [propext]
FOOTPRINT Formalizations.EBC.le_of_mul_le_mul_pos AXIOMS [propext, Classical.choice, Quot.sound]
FOOTPRINT Formalizations.EBC.lsum_const AXIOMS [propext]
FOOTPRINT Formalizations.EBC.lsum_neg_ones AXIOMS [propext]
FOOTPRINT Formalizations.EBC.lsum_ones AXIOMS [propext]
FOOTPRINT Formalizations.EBC.matched AXIOMS []
FOOTPRINT Formalizations.EBC.matchedRep AXIOMS []
FOOTPRINT Formalizations.EBC.matchedRep_length AXIOMS [propext]
FOOTPRINT Formalizations.EBC.matchedRep_mem_inAlphabet AXIOMS [propext]
FOOTPRINT Formalizations.EBC.matchedRep_survives AXIOMS [propext, Classical.choice, Quot.sound]
FOOTPRINT Formalizations.EBC.matchedRep_zero AXIOMS []
FOOTPRINT Formalizations.EBC.matched_drift_nonneg AXIOMS [propext, Classical.choice, Quot.sound]
FOOTPRINT Formalizations.EBC.matched_drift_pos_m4 AXIOMS [propext, Classical.choice, Quot.sound]
FOOTPRINT Formalizations.EBC.matched_drift_scale_m4 AXIOMS [propext]
FOOTPRINT Formalizations.EBC.matched_is_cell AXIOMS [propext]
FOOTPRINT Formalizations.EBC.matched_scale_m4 AXIOMS [propext, Quot.sound]
FOOTPRINT Formalizations.EBC.mismatch_scale_m4 AXIOMS [propext]
FOOTPRINT Formalizations.EBC.mismatched_step_floor AXIOMS [propext, Classical.choice, Quot.sound]
FOOTPRINT Formalizations.EBC.natToK AXIOMS []
FOOTPRINT Formalizations.EBC.natToK_add AXIOMS [propext]
FOOTPRINT Formalizations.EBC.natToK_le_one AXIOMS [propext]
FOOTPRINT Formalizations.EBC.natToK_mono AXIOMS [propext]
FOOTPRINT Formalizations.EBC.natToK_mul AXIOMS [propext]
FOOTPRINT Formalizations.EBC.natToK_nonneg AXIOMS [propext]
FOOTPRINT Formalizations.EBC.natToK_succ AXIOMS []
FOOTPRINT Formalizations.EBC.natToK_zero AXIOMS []
FOOTPRINT Formalizations.EBC.nat_ne_zero_of_le_one_eq_one AXIOMS [propext, Quot.sound]
FOOTPRINT Formalizations.EBC.neg_add AXIOMS []
FOOTPRINT Formalizations.EBC.neg_one_le_one AXIOMS []
FOOTPRINT Formalizations.EBC.neg_one_pair_le AXIOMS []
FOOTPRINT Formalizations.EBC.no_adjacency_triangle AXIOMS [propext, Quot.sound]
FOOTPRINT Formalizations.EBC.no_three_distinct_above AXIOMS [propext, Quot.sound]
FOOTPRINT Formalizations.EBC.no_three_pairwise_adjacent AXIOMS [propext, Quot.sound]
FOOTPRINT Formalizations.EBC.no_three_survivors AXIOMS [propext, Classical.choice, Quot.sound]
FOOTPRINT Formalizations.EBC.one_le_one_one AXIOMS [propext, Classical.choice, Quot.sound]
FOOTPRINT Formalizations.EBC.one_lt_one_one AXIOMS [propext, Classical.choice, Quot.sound]
FOOTPRINT Formalizations.EBC.one_lt_two' AXIOMS []
FOOTPRINT Formalizations.EBC.one_one AXIOMS []
FOOTPRINT Formalizations.EBC.one_sub_eq_neg_sub AXIOMS []
FOOTPRINT Formalizations.EBC.pairIpSum AXIOMS []
FOOTPRINT Formalizations.EBC.pairIpSum_lower_of_survive AXIOMS [propext, Quot.sound]
FOOTPRINT Formalizations.EBC.pairIpSum_lower_of_survive_z0 AXIOMS [propext, Quot.sound]
FOOTPRINT Formalizations.EBC.pairIpSum_upper AXIOMS [propext]
FOOTPRINT Formalizations.EBC.pairIpSum_upper_far AXIOMS [propext]
FOOTPRINT Formalizations.EBC.pair_first_step_fails AXIOMS [propext, Classical.choice, Quot.sound]
FOOTPRINT Formalizations.EBC.pair_sum_bound AXIOMS [propext]
FOOTPRINT Formalizations.EBC.pair_survives AXIOMS [propext, Classical.choice, Quot.sound]
FOOTPRINT Formalizations.EBC.pairs_adjacent_above AXIOMS [propext, Quot.sound]
FOOTPRINT Formalizations.EBC.singleton_survives AXIOMS [propext, Classical.choice, Quot.sound]
FOOTPRINT Formalizations.EBC.stateAfter AXIOMS []
FOOTPRINT Formalizations.EBC.stateAfter_eq AXIOMS [propext]
FOOTPRINT Formalizations.EBC.step_fails_cell AXIOMS [propext, Classical.choice, Quot.sound]
FOOTPRINT Formalizations.EBC.step_fails_hold AXIOMS [propext, Classical.choice, Quot.sound]
FOOTPRINT Formalizations.EBC.subcube_adjacent_pair AXIOMS [propext, Quot.sound]
FOOTPRINT Formalizations.EBC.survivesSetAt AXIOMS []
FOOTPRINT Formalizations.EBC.survivesSetAt_mono AXIOMS []
FOOTPRINT Formalizations.EBC.survivesSetTo AXIOMS []
FOOTPRINT Formalizations.EBC.survivesSet_mono AXIOMS []
FOOTPRINT Formalizations.EBC.survivesTo AXIOMS []
FOOTPRINT Formalizations.EBC.survivesTo_append AXIOMS []
FOOTPRINT Formalizations.EBC.survivesTo_cons_floor AXIOMS []
FOOTPRINT Formalizations.EBC.survivesTo_final AXIOMS []
FOOTPRINT Formalizations.EBC.survivesTo_totalDrift_lower AXIOMS [propext]
FOOTPRINT Formalizations.EBC.survivor_is_singleton_or_adjacent_pair AXIOMS [propext, Quot.sound]
FOOTPRINT Formalizations.EBC.survivors_pairwise_adjacent AXIOMS [propext, Classical.choice, Quot.sound]
FOOTPRINT Formalizations.EBC.ten AXIOMS []
FOOTPRINT Formalizations.EBC.ten_mul_one_one AXIOMS [propext]
FOOTPRINT Formalizations.EBC.ten_mul_sub_one_le_one AXIOMS [propext]
FOOTPRINT Formalizations.EBC.ten_pos AXIOMS [propext]
FOOTPRINT Formalizations.EBC.tenth AXIOMS []
FOOTPRINT Formalizations.EBC.tenth_le_half AXIOMS [propext, Classical.choice, Quot.sound]
FOOTPRINT Formalizations.EBC.tenth_pos AXIOMS [propext, Classical.choice, Quot.sound]
FOOTPRINT Formalizations.EBC.three AXIOMS []
FOOTPRINT Formalizations.EBC.three_lt_four AXIOMS [propext]
FOOTPRINT Formalizations.EBC.three_pos AXIOMS [propext]
FOOTPRINT Formalizations.EBC.totalDrift AXIOMS []
FOOTPRINT Formalizations.EBC.totalDrift_holdRep AXIOMS [propext]
FOOTPRINT Formalizations.EBC.totalDrift_pair AXIOMS [propext]
FOOTPRINT Formalizations.EBC.two AXIOMS []
FOOTPRINT Formalizations.EBC.two_mul_four_eq_five_add_three AXIOMS [propext]
FOOTPRINT Formalizations.EBC.two_mul_two_eq_four AXIOMS [propext]
FOOTPRINT Formalizations.EBC.two_ne_zero AXIOMS []
FOOTPRINT Formalizations.EBC.two_pos AXIOMS []
FOOTPRINT Formalizations.EBC.zero_le_two' AXIOMS []
FOOTPRINT Formalizations.FinMass.E AXIOMS []
FOOTPRINT Formalizations.FinMass.E_add AXIOMS [propext]
FOOTPRINT Formalizations.FinMass.E_congr AXIOMS [propext]
FOOTPRINT Formalizations.FinMass.E_const AXIOMS [Quot.sound]
FOOTPRINT Formalizations.FinMass.E_le_E AXIOMS [propext]
FOOTPRINT Formalizations.FinMass.E_nonneg AXIOMS []
FOOTPRINT Formalizations.FinMass.E_one AXIOMS [Quot.sound]
FOOTPRINT Formalizations.FinMass.E_smul AXIOMS [propext]
FOOTPRINT Formalizations.FinMass.Prb AXIOMS []
FOOTPRINT Formalizations.FinMass.Prb_add_Prb_compl AXIOMS [propext]
FOOTPRINT Formalizations.FinMass.Prb_eq_E AXIOMS [propext, Quot.sound]
FOOTPRINT Formalizations.FinMass.Prb_le_one AXIOMS [propext]
FOOTPRINT Formalizations.FinMass.Prb_nonneg AXIOMS [propext, Quot.sound]
FOOTPRINT Formalizations.FinMass._sizeOf_1 AXIOMS []
FOOTPRINT Formalizations.FinMass._sizeOf_inst AXIOMS []
FOOTPRINT Formalizations.FinMass.casesOn AXIOMS []
FOOTPRINT Formalizations.FinMass.ctorIdx AXIOMS []
FOOTPRINT Formalizations.FinMass.mass AXIOMS []
FOOTPRINT Formalizations.FinMass.mk AXIOMS []
FOOTPRINT Formalizations.FinMass.noConfusion AXIOMS []
FOOTPRINT Formalizations.FinMass.noConfusionType AXIOMS []
FOOTPRINT Formalizations.FinMass.no_dup AXIOMS []
FOOTPRINT Formalizations.FinMass.nonneg AXIOMS []
FOOTPRINT Formalizations.FinMass.rec AXIOMS []
FOOTPRINT Formalizations.FinMass.recOn AXIOMS []
FOOTPRINT Formalizations.FinMass.support AXIOMS []
FOOTPRINT Formalizations.FinMass.total AXIOMS []
FOOTPRINT Formalizations.FinMass.zero_off AXIOMS []
FOOTPRINT Formalizations.IsMax.ge AXIOMS []
FOOTPRINT Formalizations.IsMax.le AXIOMS []
FOOTPRINT Formalizations.IsMax.unique AXIOMS []
FOOTPRINT Formalizations.Minimax.b2k AXIOMS []
FOOTPRINT Formalizations.Minimax.benchmark_obstruction AXIOMS [propext, Classical.choice, Quot.sound]
FOOTPRINT Formalizations.Minimax.dual_certificate_sound AXIOMS []
FOOTPRINT Formalizations.Minimax.half_add_half AXIOMS []
FOOTPRINT Formalizations.Minimax.half_mul_neg AXIOMS [propext, Classical.choice, Quot.sound]
FOOTPRINT Formalizations.Minimax.half_pos AXIOMS [propext, Classical.choice, Quot.sound]
FOOTPRINT Formalizations.Minimax.lt_of_neg_pos AXIOMS []
FOOTPRINT Formalizations.Minimax.neg_add_dist AXIOMS []
FOOTPRINT Formalizations.Minimax.neg_nonpos_of_nonpos AXIOMS []
FOOTPRINT Formalizations.Minimax.neg_of_pos AXIOMS []
FOOTPRINT Formalizations.Minimax.neg_pos_of_neg AXIOMS []
FOOTPRINT Formalizations.Minimax.not_zero_le_neg_one AXIOMS []
FOOTPRINT Formalizations.Minimax.one_lt_two AXIOMS []
FOOTPRINT Formalizations.Minimax.parity_common_safe_empty AXIOMS []
FOOTPRINT Formalizations.Minimax.parity_no_measure_certifies AXIOMS [propext, Quot.sound]
FOOTPRINT Formalizations.Minimax.parityψ AXIOMS []
FOOTPRINT Formalizations.Minimax.singleton_every_measure AXIOMS [propext, Quot.sound]
FOOTPRINT Formalizations.Minimax.singleton_uniform AXIOMS [propext, Classical.choice, Quot.sound]
FOOTPRINT Formalizations.Minimax.singleton_worst_witnesses AXIOMS []
FOOTPRINT Formalizations.Minimax.sub_le_sub AXIOMS []
FOOTPRINT Formalizations.Minimax.sub_neg_of_lt AXIOMS []
FOOTPRINT Formalizations.Minimax.two_row_average AXIOMS []
FOOTPRINT Formalizations.Minimax.unifMass AXIOMS [propext, Classical.choice, Quot.sound]
FOOTPRINT Formalizations.Minimax.zero_lt_two AXIOMS []
FOOTPRINT Formalizations.Minimax.ψsingle AXIOMS []
FOOTPRINT Formalizations.Minimax.ψsingle_sum AXIOMS []
FOOTPRINT Formalizations.NoDup._f AXIOMS []
FOOTPRINT Formalizations.NoDup._sunfold AXIOMS []
FOOTPRINT Formalizations.NoDup._unsafe_rec AXIOMS []
FOOTPRINT Formalizations.OrdField.add AXIOMS []
FOOTPRINT Formalizations.OrdField.add_assoc AXIOMS []
FOOTPRINT Formalizations.OrdField.add_comm AXIOMS []
FOOTPRINT Formalizations.OrdField.add_le_add AXIOMS []
FOOTPRINT Formalizations.OrdField.add_neg_cancel AXIOMS []
FOOTPRINT Formalizations.OrdField.casesOn AXIOMS []
FOOTPRINT Formalizations.OrdField.ctorIdx AXIOMS []
FOOTPRINT Formalizations.OrdField.inv AXIOMS []
FOOTPRINT Formalizations.OrdField.inv_zero AXIOMS []
FOOTPRINT Formalizations.OrdField.le AXIOMS []
FOOTPRINT Formalizations.OrdField.le_antisymm AXIOMS []
FOOTPRINT Formalizations.OrdField.le_refl AXIOMS []
FOOTPRINT Formalizations.OrdField.le_total AXIOMS []
FOOTPRINT Formalizations.OrdField.le_trans AXIOMS []
FOOTPRINT Formalizations.OrdField.left_distrib AXIOMS []
FOOTPRINT Formalizations.OrdField.mk AXIOMS []
FOOTPRINT Formalizations.OrdField.mul AXIOMS []
FOOTPRINT Formalizations.OrdField.mul_assoc AXIOMS []
FOOTPRINT Formalizations.OrdField.mul_comm AXIOMS []
FOOTPRINT Formalizations.OrdField.mul_inv_cancel AXIOMS []
FOOTPRINT Formalizations.OrdField.mul_le_mul_of_nonneg' AXIOMS []
FOOTPRINT Formalizations.OrdField.neg AXIOMS []
FOOTPRINT Formalizations.OrdField.noConfusion AXIOMS []
FOOTPRINT Formalizations.OrdField.noConfusionType AXIOMS []
FOOTPRINT Formalizations.OrdField.one AXIOMS []
FOOTPRINT Formalizations.OrdField.one_mul AXIOMS []
FOOTPRINT Formalizations.OrdField.rec AXIOMS []
FOOTPRINT Formalizations.OrdField.recOn AXIOMS []
FOOTPRINT Formalizations.OrdField.zero AXIOMS []
FOOTPRINT Formalizations.OrdField.zero_add AXIOMS []
FOOTPRINT Formalizations.OrdField.zero_le_one AXIOMS []
FOOTPRINT Formalizations.OrdField.zero_ne_one AXIOMS []
FOOTPRINT Formalizations.P1.Blocked AXIOMS []
FOOTPRINT Formalizations.P1.EpiK AXIOMS []
FOOTPRINT Formalizations.P1.ExactCertifier AXIOMS []
FOOTPRINT Formalizations.P1.FibreConst AXIOMS []
FOOTPRINT Formalizations.P1.FinSys AXIOMS []
FOOTPRINT Formalizations.P1.PolicyTree AXIOMS []
FOOTPRINT Formalizations.P1.SafeUnderPi AXIOMS []
FOOTPRINT Formalizations.P1.Wk AXIOMS []
FOOTPRINT Formalizations.P1.Wk_antitone AXIOMS []
FOOTPRINT Formalizations.P1.Wk_descending AXIOMS []
FOOTPRINT Formalizations.P1.Wk_mono_adm AXIOMS []
FOOTPRINT Formalizations.P1.Wk_mono_disturb AXIOMS []
FOOTPRINT Formalizations.P1.Ysafe AXIOMS []
FOOTPRINT Formalizations.P1.beliefSafe AXIOMS []
FOOTPRINT Formalizations.P1.blocked_iff AXIOMS [propext, Classical.choice, Quot.sound]
FOOTPRINT Formalizations.P1.commonAdm AXIOMS []
FOOTPRINT Formalizations.P1.commonSafe AXIOMS []
FOOTPRINT Formalizations.P1.common_action_obstruction AXIOMS []
FOOTPRINT Formalizations.P1.crossing_denies AXIOMS []
FOOTPRINT Formalizations.P1.epiK_coind AXIOMS []
FOOTPRINT Formalizations.P1.epiK_pre AXIOMS []
FOOTPRINT Formalizations.P1.epiPre AXIOMS []
FOOTPRINT Formalizations.P1.farkas_perturbed AXIOMS [propext, Classical.choice, Quot.sound]
FOOTPRINT Formalizations.P1.fibre_criterion AXIOMS [propext, Classical.choice, Quot.sound]
FOOTPRINT Formalizations.P1.finite_horizon_complete AXIOMS [Classical.choice]
FOOTPRINT Formalizations.P1.finite_horizon_sound AXIOMS []
FOOTPRINT Formalizations.P1.not_Ysafe_iff AXIOMS [propext, Classical.choice, Quot.sound]
FOOTPRINT Formalizations.P1.not_and AXIOMS [propext, Classical.choice, Quot.sound]
FOOTPRINT Formalizations.P1.not_exists' AXIOMS []
FOOTPRINT Formalizations.P1.not_forall AXIOMS [propext, Classical.choice, Quot.sound]
FOOTPRINT Formalizations.P1.not_imp AXIOMS [propext, Classical.choice, Quot.sound]
FOOTPRINT Formalizations.P1.onestep_char AXIOMS []
FOOTPRINT Formalizations.P1.policy_soundness AXIOMS []
FOOTPRINT Formalizations.P1.possible AXIOMS []
FOOTPRINT Formalizations.P1.possible_mono AXIOMS []
FOOTPRINT Formalizations.P1.post AXIOMS []
FOOTPRINT Formalizations.P1.post_mono AXIOMS []
FOOTPRINT Formalizations.P1.preOp AXIOMS []
FOOTPRINT Formalizations.P1.preOp_mono AXIOMS []
FOOTPRINT Formalizations.P1.sumRange_const_mul AXIOMS []
FOOTPRINT Formalizations.P1.tree_sound AXIOMS []
FOOTPRINT Formalizations.P1SepV4.CollapseSafe AXIOMS []
FOOTPRINT Formalizations.P1SepV4.DetAct AXIOMS []
FOOTPRINT Formalizations.P1SepV4.DiagAccGeo AXIOMS []
FOOTPRINT Formalizations.P1SepV4.DiagAccMid AXIOMS []
FOOTPRINT Formalizations.P1SepV4.DiagAccNeg AXIOMS []
FOOTPRINT Formalizations.P1SepV4.DiagAccPos AXIOMS []
FOOTPRINT Formalizations.P1SepV4.DiagHyps AXIOMS []
FOOTPRINT Formalizations.P1SepV4.EndAdm AXIOMS []
FOOTPRINT Formalizations.P1SepV4.FPAgg AXIOMS []
FOOTPRINT Formalizations.P1SepV4.GeoAdm AXIOMS []
FOOTPRINT Formalizations.P1SepV4.GeoLaws AXIOMS []
FOOTPRINT Formalizations.P1SepV4.InX0 AXIOMS []
FOOTPRINT Formalizations.P1SepV4.IsGap AXIOMS []
FOOTPRINT Formalizations.P1SepV4.PhysAdm AXIOMS []
FOOTPRINT Formalizations.P1SepV4.RungCond AXIOMS []
FOOTPRINT Formalizations.P1SepV4.RungCondNeg AXIOMS []
FOOTPRINT Formalizations.P1SepV4.SuccPhys AXIOMS []
FOOTPRINT Formalizations.P1SepV4.SuccTyped AXIOMS []
FOOTPRINT Formalizations.P1SepV4.SuccW AXIOMS []
FOOTPRINT Formalizations.P1SepV4.Theta1Adm AXIOMS []
FOOTPRINT Formalizations.P1SepV4.ThetaMidAdm AXIOMS []
FOOTPRINT Formalizations.P1SepV4.ThetaSubAdm AXIOMS []
FOOTPRINT Formalizations.P1SepV4.TypedAdm AXIOMS []
FOOTPRINT Formalizations.P1SepV4.VEnd AXIOMS []
FOOTPRINT Formalizations.P1SepV4.VPhys AXIOMS []
FOOTPRINT Formalizations.P1SepV4.VTyp AXIOMS []
FOOTPRINT Formalizations.P1SepV4.VTypBlend AXIOMS []
FOOTPRINT Formalizations.P1SepV4.VW AXIOMS []
FOOTPRINT Formalizations.P1SepV4.VWeak AXIOMS []
FOOTPRINT Formalizations.P1SepV4.WAdm AXIOMS []
FOOTPRINT Formalizations.P1SepV4.WNorm AXIOMS []
FOOTPRINT Formalizations.P1SepV4.WPos AXIOMS []
FOOTPRINT Formalizations.P1SepV4.WitAct AXIOMS []
FOOTPRINT Formalizations.P1SepV4.WitState AXIOMS []
FOOTPRINT Formalizations.P1SepV4.add_le_cancel_left AXIOMS []
FOOTPRINT Formalizations.P1SepV4.add_le_cancel_right AXIOMS []
FOOTPRINT Formalizations.P1SepV4.add_left_comm AXIOMS []
FOOTPRINT Formalizations.P1SepV4.add_lt_add_left' AXIOMS []
FOOTPRINT Formalizations.P1SepV4.add_lt_add_right' AXIOMS []
FOOTPRINT Formalizations.P1SepV4.add_sub_add_cancel' AXIOMS []
FOOTPRINT Formalizations.P1SepV4.add_sub_add_comm AXIOMS []
FOOTPRINT Formalizations.P1SepV4.add_sub_comm AXIOMS []
FOOTPRINT Formalizations.P1SepV4.add_sub_comm' AXIOMS []
FOOTPRINT Formalizations.P1SepV4.averaging_step AXIOMS [propext, Classical.choice, Quot.sound]
FOOTPRINT Formalizations.P1SepV4.averaging_step_neg AXIOMS [propext, Classical.choice, Quot.sound]
FOOTPRINT Formalizations.P1SepV4.bernoulli_lower AXIOMS []
FOOTPRINT Formalizations.P1SepV4.bernoulli_upper AXIOMS []
FOOTPRINT Formalizations.P1SepV4.blendTube AXIOMS []
FOOTPRINT Formalizations.P1SepV4.blend_window_sum AXIOMS []
FOOTPRINT Formalizations.P1SepV4.collapse_convention_not_implied AXIOMS [propext, Classical.choice, Quot.sound]
FOOTPRINT Formalizations.P1SepV4.collapse_convention_strict AXIOMS [propext, Classical.choice, Quot.sound]
FOOTPRINT Formalizations.P1SepV4.collapse_safe_all_det AXIOMS []
FOOTPRINT Formalizations.P1SepV4.cross_sum AXIOMS []
FOOTPRINT Formalizations.P1SepV4.cube_lt_cube AXIOMS [propext, Classical.choice, Quot.sound]
FOOTPRINT Formalizations.P1SepV4.diagAccMid_iff_pos AXIOMS []
FOOTPRINT Formalizations.P1SepV4.diagHyps_gap AXIOMS []
FOOTPRINT Formalizations.P1SepV4.diagHyps_not_vtyp AXIOMS [propext, Classical.choice, Quot.sound]
FOOTPRINT Formalizations.P1SepV4.div_add_div AXIOMS [propext, Classical.choice, Quot.sound]
FOOTPRINT Formalizations.P1SepV4.div_add_div_same AXIOMS []
FOOTPRINT Formalizations.P1SepV4.div_div_same_denom AXIOMS [propext, Classical.choice, Quot.sound]
FOOTPRINT Formalizations.P1SepV4.div_eq_div_iff AXIOMS [propext, Classical.choice, Quot.sound]
FOOTPRINT Formalizations.P1SepV4.div_inv AXIOMS []
FOOTPRINT Formalizations.P1SepV4.div_le_div_cross AXIOMS [propext, Classical.choice, Quot.sound]
FOOTPRINT Formalizations.P1SepV4.div_le_iff AXIOMS [propext, Classical.choice, Quot.sound]
FOOTPRINT Formalizations.P1SepV4.div_lt_iff AXIOMS [propext, Classical.choice, Quot.sound]
FOOTPRINT Formalizations.P1SepV4.div_mul_cancel_left' AXIOMS []
FOOTPRINT Formalizations.P1SepV4.div_mul_cancel_right AXIOMS []
FOOTPRINT Formalizations.P1SepV4.div_mul_div AXIOMS [propext, Classical.choice, Quot.sound]
FOOTPRINT Formalizations.P1SepV4.div_nonneg AXIOMS [propext, Classical.choice, Quot.sound]
FOOTPRINT Formalizations.P1SepV4.div_self AXIOMS []
FOOTPRINT Formalizations.P1SepV4.eGain AXIOMS []
FOOTPRINT Formalizations.P1SepV4.eGain_nonneg AXIOMS [propext, Classical.choice, Quot.sound]
FOOTPRINT Formalizations.P1SepV4.end_subset_tube AXIOMS [propext, Classical.choice, Quot.sound]
FOOTPRINT Formalizations.P1SepV4.eq_inv_of_mul_eq_one AXIOMS []
FOOTPRINT Formalizations.P1SepV4.eq_of_sub_eq_zero AXIOMS []
FOOTPRINT Formalizations.P1SepV4.fastTube AXIOMS []
FOOTPRINT Formalizations.P1SepV4.full_cone_identity AXIOMS []
FOOTPRINT Formalizations.P1SepV4.gp_diag AXIOMS [propext, Classical.choice, Quot.sound]
FOOTPRINT Formalizations.P1SepV4.half_pow_scaled AXIOMS [propext, Classical.choice, Quot.sound]
FOOTPRINT Formalizations.P1SepV4.inG AXIOMS []
FOOTPRINT Formalizations.P1SepV4.inGphys AXIOMS []
FOOTPRINT Formalizations.P1SepV4.inS AXIOMS []
FOOTPRINT Formalizations.P1SepV4.inSphys AXIOMS []
FOOTPRINT Formalizations.P1SepV4.inSw AXIOMS []
FOOTPRINT Formalizations.P1SepV4.instTransLe_formalizations AXIOMS []
FOOTPRINT Formalizations.P1SepV4.inv_add_le_mul_iff AXIOMS [propext, Classical.choice, Quot.sound]
FOOTPRINT Formalizations.P1SepV4.inv_le_inv AXIOMS [propext, Classical.choice, Quot.sound]
FOOTPRINT Formalizations.P1SepV4.inv_one AXIOMS []
FOOTPRINT Formalizations.P1SepV4.invz AXIOMS []
FOOTPRINT Formalizations.P1SepV4.lambda_handshake AXIOMS []
FOOTPRINT Formalizations.P1SepV4.le_add_right AXIOMS []
FOOTPRINT Formalizations.P1SepV4.le_div_iff AXIOMS [propext, Classical.choice, Quot.sound]
FOOTPRINT Formalizations.P1SepV4.le_of_not_lt AXIOMS [propext, Classical.choice, Quot.sound]
FOOTPRINT Formalizations.P1SepV4.le_sub_of_add AXIOMS []
FOOTPRINT Formalizations.P1SepV4.lemA_engine AXIOMS [propext]
FOOTPRINT Formalizations.P1SepV4.lemA_identity AXIOMS []
FOOTPRINT Formalizations.P1SepV4.lemB_ii_linear_witness AXIOMS [propext, Classical.choice, Quot.sound]
FOOTPRINT Formalizations.P1SepV4.leontief_eq_vtyp AXIOMS [propext, Classical.choice, Quot.sound]
FOOTPRINT Formalizations.P1SepV4.lt_add_right AXIOMS []
FOOTPRINT Formalizations.P1SepV4.lt_div_iff AXIOMS [propext, Classical.choice, Quot.sound]
FOOTPRINT Formalizations.P1SepV4.master_reduction_geo AXIOMS [propext, Classical.choice, Quot.sound]
FOOTPRINT Formalizations.P1SepV4.master_reduction_neg AXIOMS [propext, Classical.choice, Quot.sound]
FOOTPRINT Formalizations.P1SepV4.master_reduction_pos AXIOMS [propext, Classical.choice, Quot.sound]
FOOTPRINT Formalizations.P1SepV4.midpoint_lt AXIOMS [propext, Classical.choice, Quot.sound]
FOOTPRINT Formalizations.P1SepV4.mul_div_assoc' AXIOMS []
FOOTPRINT Formalizations.P1SepV4.mul_inv_rev AXIOMS [propext, Classical.choice, Quot.sound]
FOOTPRINT Formalizations.P1SepV4.mul_le_cancel_left AXIOMS [propext, Classical.choice, Quot.sound]
FOOTPRINT Formalizations.P1SepV4.mul_le_cancel_right AXIOMS [propext, Classical.choice, Quot.sound]
FOOTPRINT Formalizations.P1SepV4.mul_le_mul_of_neg_right AXIOMS []
FOOTPRINT Formalizations.P1SepV4.mul_lt_mul_of_neg_right AXIOMS []
FOOTPRINT Formalizations.P1SepV4.mul_lt_mul_of_pos_left AXIOMS []
FOOTPRINT Formalizations.P1SepV4.mul_lt_mul_of_pos_right AXIOMS []
FOOTPRINT Formalizations.P1SepV4.mul_nonneg_iff_pos_right' AXIOMS [propext, Classical.choice, Quot.sound]
FOOTPRINT Formalizations.P1SepV4.mul_right_cancel' AXIOMS []
FOOTPRINT Formalizations.P1SepV4.natK AXIOMS []
FOOTPRINT Formalizations.P1SepV4.natK_add AXIOMS []
FOOTPRINT Formalizations.P1SepV4.natK_five_ne_zero AXIOMS [propext, Quot.sound]
FOOTPRINT Formalizations.P1SepV4.natK_five_pos AXIOMS [propext, Quot.sound]
FOOTPRINT Formalizations.P1SepV4.natK_le AXIOMS []
FOOTPRINT Formalizations.P1SepV4.natK_le_iff AXIOMS [propext, Quot.sound]
FOOTPRINT Formalizations.P1SepV4.natK_lt_iff AXIOMS [propext, Quot.sound]
FOOTPRINT Formalizations.P1SepV4.natK_lt_of_lt AXIOMS [propext, Quot.sound]
FOOTPRINT Formalizations.P1SepV4.natK_lt_succ AXIOMS []
FOOTPRINT Formalizations.P1SepV4.natK_mul AXIOMS []
FOOTPRINT Formalizations.P1SepV4.natK_ne_zero AXIOMS [propext, Quot.sound]
FOOTPRINT Formalizations.P1SepV4.natK_nonneg AXIOMS []
FOOTPRINT Formalizations.P1SepV4.natK_one AXIOMS []
FOOTPRINT Formalizations.P1SepV4.natK_pos AXIOMS [propext, Quot.sound]
FOOTPRINT Formalizations.P1SepV4.natK_succ AXIOMS []
FOOTPRINT Formalizations.P1SepV4.natK_ten_ne_zero AXIOMS [propext, Quot.sound]
FOOTPRINT Formalizations.P1SepV4.natK_ten_pos AXIOMS [propext, Quot.sound]
FOOTPRINT Formalizations.P1SepV4.natK_two_ne_zero AXIOMS [propext, Quot.sound]
FOOTPRINT Formalizations.P1SepV4.natK_two_pos AXIOMS [propext, Quot.sound]
FOOTPRINT Formalizations.P1SepV4.natK_zero AXIOMS []
FOOTPRINT Formalizations.P1SepV4.neg_add_dist AXIOMS []
FOOTPRINT Formalizations.P1SepV4.neg_eq_zero' AXIOMS []
FOOTPRINT Formalizations.P1SepV4.neg_le_of_add_nonneg AXIOMS []
FOOTPRINT Formalizations.P1SepV4.neg_lt_neg' AXIOMS []
FOOTPRINT Formalizations.P1SepV4.neg_nonneg' AXIOMS []
FOOTPRINT Formalizations.P1SepV4.neg_pos' AXIOMS []
FOOTPRINT Formalizations.P1SepV4.neg_sub AXIOMS []
FOOTPRINT Formalizations.P1SepV4.negm_master_bound AXIOMS [propext, Classical.choice, Quot.sound]
FOOTPRINT Formalizations.P1SepV4.not_PhysAdm_noswitch AXIOMS []
FOOTPRINT Formalizations.P1SepV4.not_TypedAdm_noswitch AXIOMS []
FOOTPRINT Formalizations.P1SepV4.not_WAdm_noswitch AXIOMS []
FOOTPRINT Formalizations.P1SepV4.npow AXIOMS []
FOOTPRINT Formalizations.P1SepV4.npow_addexp AXIOMS []
FOOTPRINT Formalizations.P1SepV4.npow_div AXIOMS [propext, Classical.choice, Quot.sound]
FOOTPRINT Formalizations.P1SepV4.npow_ge_one AXIOMS []
FOOTPRINT Formalizations.P1SepV4.npow_inv AXIOMS [propext, Classical.choice, Quot.sound]
FOOTPRINT Formalizations.P1SepV4.npow_le_exp AXIOMS []
FOOTPRINT Formalizations.P1SepV4.npow_le_of_le_one AXIOMS []
FOOTPRINT Formalizations.P1SepV4.npow_le_one AXIOMS []
FOOTPRINT Formalizations.P1SepV4.npow_mono AXIOMS []
FOOTPRINT Formalizations.P1SepV4.npow_mul_base AXIOMS []
FOOTPRINT Formalizations.P1SepV4.npow_natK AXIOMS []
FOOTPRINT Formalizations.P1SepV4.npow_ne_zero AXIOMS []
FOOTPRINT Formalizations.P1SepV4.npow_nonneg AXIOMS []
FOOTPRINT Formalizations.P1SepV4.npow_one AXIOMS []
FOOTPRINT Formalizations.P1SepV4.npow_one_pow AXIOMS []
FOOTPRINT Formalizations.P1SepV4.npow_pos AXIOMS [propext, Classical.choice, Quot.sound]
FOOTPRINT Formalizations.P1SepV4.npow_succ AXIOMS []
FOOTPRINT Formalizations.P1SepV4.npow_three AXIOMS []
FOOTPRINT Formalizations.P1SepV4.npow_two AXIOMS []
FOOTPRINT Formalizations.P1SepV4.npow_zero AXIOMS []
FOOTPRINT Formalizations.P1SepV4.nsTube AXIOMS []
FOOTPRINT Formalizations.P1SepV4.one_add_one_eq_two AXIOMS []
FOOTPRINT Formalizations.P1SepV4.one_add_s2 AXIOMS []
FOOTPRINT Formalizations.P1SepV4.one_add_sub_two AXIOMS []
FOOTPRINT Formalizations.P1SepV4.one_half_add_one_half AXIOMS [propext, Quot.sound]
FOOTPRINT Formalizations.P1SepV4.one_half_le_one AXIOMS [propext, Classical.choice, Quot.sound]
FOOTPRINT Formalizations.P1SepV4.one_half_lt_one AXIOMS [propext, Classical.choice, Quot.sound]
FOOTPRINT Formalizations.P1SepV4.one_half_nonneg AXIOMS [propext, Classical.choice, Quot.sound]
FOOTPRINT Formalizations.P1SepV4.one_half_pos AXIOMS [propext, Classical.choice, Quot.sound]
FOOTPRINT Formalizations.P1SepV4.one_le_add_one_iff AXIOMS []
FOOTPRINT Formalizations.P1SepV4.one_sub_pos AXIOMS []
FOOTPRINT Formalizations.P1SepV4.phys_imp_end AXIOMS [propext, Classical.choice, Quot.sound]
FOOTPRINT Formalizations.P1SepV4.prop10 AXIOMS []
FOOTPRINT Formalizations.P1SepV4.pw_cube_ge AXIOMS [propext, Classical.choice, Quot.sound]
FOOTPRINT Formalizations.P1SepV4.pw_cube_mono AXIOMS [propext, Classical.choice, Quot.sound]
FOOTPRINT Formalizations.P1SepV4.pw_sq_ge AXIOMS [propext, Classical.choice, Quot.sound]
FOOTPRINT Formalizations.P1SepV4.pw_sq_le AXIOMS [propext, Classical.choice, Quot.sound]
FOOTPRINT Formalizations.P1SepV4.pw_sq_mono AXIOMS [propext, Classical.choice, Quot.sound]
FOOTPRINT Formalizations.P1SepV4.pw_sq_strict_mono AXIOMS [propext, Classical.choice, Quot.sound]
FOOTPRINT Formalizations.P1SepV4.remark2 AXIOMS []
FOOTPRINT Formalizations.P1SepV4.rho_order AXIOMS [propext, Classical.choice, Quot.sound]
FOOTPRINT Formalizations.P1SepV4.rungCondNeg_fast_of_trough AXIOMS [propext, Classical.choice, Quot.sound]
FOOTPRINT Formalizations.P1SepV4.rungCondNeg_slow_of_trough AXIOMS [propext, Classical.choice, Quot.sound]
FOOTPRINT Formalizations.P1SepV4.rungCond_fast_of_trough AXIOMS [propext, Classical.choice, Quot.sound]
FOOTPRINT Formalizations.P1SepV4.rungCond_slow_of_trough AXIOMS [propext, Classical.choice, Quot.sound]
FOOTPRINT Formalizations.P1SepV4.s2_i_linear_accepts AXIOMS [propext, Classical.choice, Quot.sound]
FOOTPRINT Formalizations.P1SepV4.s2_ii_canonical_bracket AXIOMS [propext, Classical.choice, Quot.sound]
FOOTPRINT Formalizations.P1SepV4.s2_ii_harmonic_interval AXIOMS [propext, Classical.choice, Quot.sound]
FOOTPRINT Formalizations.P1SepV4.s2_ii_harmonic_reject AXIOMS [propext, Classical.choice, Quot.sound]
FOOTPRINT Formalizations.P1SepV4.s2_ii_harmonic_witness AXIOMS [propext, Classical.choice, Quot.sound]
FOOTPRINT Formalizations.P1SepV4.s2_ii_negm_interval AXIOMS [propext, Classical.choice, Quot.sound]
FOOTPRINT Formalizations.P1SepV4.s2_ii_sigma_one_reject AXIOMS [propext, Classical.choice, Quot.sound]
FOOTPRINT Formalizations.P1SepV4.s2_ii_sigma_one_witness AXIOMS [propext, Classical.choice, Quot.sound]
FOOTPRINT Formalizations.P1SepV4.s2_ii_sigma_quarter_witness AXIOMS [propext, Classical.choice, Quot.sound]
FOOTPRINT Formalizations.P1SepV4.s2_ii_sigma_three_witness AXIOMS [propext, Classical.choice, Quot.sound]
FOOTPRINT Formalizations.P1SepV4.s2_ii_sigma_two_floor AXIOMS [propext, Classical.choice, Quot.sound]
FOOTPRINT Formalizations.P1SepV4.s2_ii_sigma_two_witness AXIOMS [propext, Classical.choice, Quot.sound]
FOOTPRINT Formalizations.P1SepV4.s2_leontief_rejects_gaps AXIOMS [propext, Classical.choice, Quot.sound]
FOOTPRINT Formalizations.P1SepV4.s2_two_sided_summary AXIOMS [propext, Classical.choice, Quot.sound]
FOOTPRINT Formalizations.P1SepV4.slowTube AXIOMS []
FOOTPRINT Formalizations.P1SepV4.sq_lt_sq AXIOMS []
FOOTPRINT Formalizations.P1SepV4.stagedTube AXIOMS []
FOOTPRINT Formalizations.P1SepV4.sub_add_add_cancel AXIOMS []
FOOTPRINT Formalizations.P1SepV4.sub_add_eq AXIOMS []
FOOTPRINT Formalizations.P1SepV4.sub_le_self AXIOMS []
FOOTPRINT Formalizations.P1SepV4.sub_le_sub_right AXIOMS []
FOOTPRINT Formalizations.P1SepV4.sub_lt_sub_left' AXIOMS []
FOOTPRINT Formalizations.P1SepV4.sub_lt_sub_right AXIOMS []
FOOTPRINT Formalizations.P1SepV4.sub_lt_zero AXIOMS []
FOOTPRINT Formalizations.P1SepV4.sub_one_pos AXIOMS []
FOOTPRINT Formalizations.P1SepV4.sub_right_cancel AXIOMS []
FOOTPRINT Formalizations.P1SepV4.sub_sub AXIOMS []
FOOTPRINT Formalizations.P1SepV4.sub_two_add_one AXIOMS []
FOOTPRINT Formalizations.P1SepV4.thm5_1 AXIOMS [propext, Classical.choice, Quot.sound]
FOOTPRINT Formalizations.P1SepV4.thm5_2 AXIOMS [propext, Classical.choice, Quot.sound]
FOOTPRINT Formalizations.P1SepV4.thm5_3 AXIOMS [propext, Classical.choice, Quot.sound]
FOOTPRINT Formalizations.P1SepV4.thm5_4 AXIOMS [propext, Classical.choice, Quot.sound]
FOOTPRINT Formalizations.P1SepV4.thm5_4_nonempty AXIOMS [propext, Classical.choice, Quot.sound]
FOOTPRINT Formalizations.P1SepV4.thm5_5 AXIOMS [propext, Classical.choice, Quot.sound]
FOOTPRINT Formalizations.P1SepV4.thm5_6 AXIOMS [propext, Classical.choice, Quot.sound]
FOOTPRINT Formalizations.P1SepV4.thm5_6_datum AXIOMS [propext, Classical.choice, Quot.sound]
FOOTPRINT Formalizations.P1SepV4.thm5_7_rescue AXIOMS [propext, Classical.choice, Quot.sound]
FOOTPRINT Formalizations.P1SepV4.thm5_7_violations AXIOMS [propext, Classical.choice, Quot.sound]
FOOTPRINT Formalizations.P1SepV4.thm9_weight_indep AXIOMS []
FOOTPRINT Formalizations.P1SepV4.thm9_window AXIOMS [propext, Classical.choice, Quot.sound]
FOOTPRINT Formalizations.P1SepV4.two_mul AXIOMS []
FOOTPRINT Formalizations.P1SepV4.two_mul_one_half AXIOMS [propext, Quot.sound]
FOOTPRINT Formalizations.P1SepV4.typedAdm_blend_iff AXIOMS [propext, Classical.choice, Quot.sound]
FOOTPRINT Formalizations.P1SepV4.typedAdm_fast_iff AXIOMS [propext, Classical.choice, Quot.sound]
FOOTPRINT Formalizations.P1SepV4.typedAdm_slow_iff AXIOMS [propext, Classical.choice, Quot.sound]
FOOTPRINT Formalizations.P1SepV4.typedAdm_staged_iff AXIOMS [propext, Classical.choice, Quot.sound]
FOOTPRINT Formalizations.P1SepV4.typed_imp_w AXIOMS []
FOOTPRINT Formalizations.P1SepV4.vend_iff AXIOMS []
FOOTPRINT Formalizations.P1SepV4.vphys_iff AXIOMS [propext, Classical.choice, Quot.sound]
FOOTPRINT Formalizations.P1SepV4.vtyp_iff AXIOMS [propext, Classical.choice, Quot.sound]
FOOTPRINT Formalizations.P1SepV4.vtyp_imp_vweak AXIOMS []
FOOTPRINT Formalizations.P1SepV4.vweak_imp_vphys AXIOMS []
FOOTPRINT Formalizations.P1SepV4.wAdm_fast_iff AXIOMS [propext, Classical.choice, Quot.sound]
FOOTPRINT Formalizations.P1SepV4.wAdm_slow_iff AXIOMS [propext, Classical.choice, Quot.sound]
FOOTPRINT Formalizations.P1SepV4.wAdm_staged_iff AXIOMS [propext, Classical.choice, Quot.sound]
FOOTPRINT Formalizations.P1SepV4.wNorm_one_half AXIOMS [propext, Classical.choice, Quot.sound]
FOOTPRINT Formalizations.P1SepV4.wNorm_wPos AXIOMS [propext, Classical.choice, Quot.sound]
FOOTPRINT Formalizations.P1SepV4.w_adm_imp_phys AXIOMS []
FOOTPRINT Formalizations.P1SepV4.witEnd AXIOMS []
FOOTPRINT Formalizations.P1SepV4.witSucc AXIOMS []
FOOTPRINT Formalizations.P1SepV4.witTube AXIOMS []
FOOTPRINT Formalizations.P1SepV4.wsum_const AXIOMS []
FOOTPRINT Formalizations.P1SepV4.zero_lt_add_one AXIOMS []
FOOTPRINT Formalizations.P1SepV4.zero_lt_one_add AXIOMS []
FOOTPRINT Formalizations.P1Timing.Declared AXIOMS []
FOOTPRINT Formalizations.P1Timing.Satisfies AXIOMS []
FOOTPRINT Formalizations.P1Timing.Subclass AXIOMS []
FOOTPRINT Formalizations.P1Timing.blind_window_farkas_certifies AXIOMS [propext, Classical.choice, Quot.sound]
FOOTPRINT Formalizations.P1Timing.farkas_certifies_affine_system AXIOMS [propext, Classical.choice, Quot.sound]
FOOTPRINT Formalizations.P1Timing.infeasible_mono_horizon AXIOMS []
FOOTPRINT Formalizations.P1Timing.relaxation_sound AXIOMS []
FOOTPRINT Formalizations.P1Timing.satisfies_prefix AXIOMS []
FOOTPRINT Formalizations.P3.Antichain AXIOMS []
FOOTPRINT Formalizations.P3.Contam AXIOMS []
FOOTPRINT Formalizations.P3.Convex AXIOMS [propext]
FOOTPRINT Formalizations.P3.DetKernel AXIOMS []
FOOTPRINT Formalizations.P3.DetKernels AXIOMS []
FOOTPRINT Formalizations.P3.DetMDP AXIOMS []
FOOTPRINT Formalizations.P3.Gamma AXIOMS [propext]
FOOTPRINT Formalizations.P3.GammaSeg AXIOMS []
FOOTPRINT Formalizations.P3.GammaSeg_length AXIOMS [propext]
FOOTPRINT Formalizations.P3.GammaSeg_ne AXIOMS [propext, Quot.sound]
FOOTPRINT Formalizations.P3.GammaSeg_succ_length AXIOMS [propext, Quot.sound]
FOOTPRINT Formalizations.P3.Gamma_ne AXIOMS [propext, Quot.sound]
FOOTPRINT Formalizations.P3.Gamma_succ_length_le AXIOMS [propext, Quot.sound]
FOOTPRINT Formalizations.P3.IsRat AXIOMS []
FOOTPRINT Formalizations.P3.MaximalAbove AXIOMS []
FOOTPRINT Formalizations.P3.MaximalIn AXIOMS []
FOOTPRINT Formalizations.P3.PLData AXIOMS []
FOOTPRINT Formalizations.P3.Pruned AXIOMS [propext, Classical.choice, Quot.sound]
FOOTPRINT Formalizations.P3.PrunedAdm AXIOMS [propext, Classical.choice, Quot.sound]
FOOTPRINT Formalizations.P3.PrunedAdm_antichain AXIOMS [propext, Classical.choice, Quot.sound]
FOOTPRINT Formalizations.P3.PrunedAdm_mem AXIOMS [propext, Classical.choice, Quot.sound]
FOOTPRINT Formalizations.P3.PrunedAdm_ne AXIOMS [propext, Classical.choice, Quot.sound]
FOOTPRINT Formalizations.P3.Pruned_mem AXIOMS [propext, Classical.choice, Quot.sound]
FOOTPRINT Formalizations.P3.Pruned_ne AXIOMS [propext, Classical.choice, Quot.sound]
FOOTPRINT Formalizations.P3.RatSub AXIOMS []
FOOTPRINT Formalizations.P3.SeesF AXIOMS []
FOOTPRINT Formalizations.P3.Sfam AXIOMS [propext, Classical.choice, Quot.sound]
FOOTPRINT Formalizations.P3.Sfam0_card_le AXIOMS [propext, Classical.choice, Quot.sound]
FOOTPRINT Formalizations.P3.SfamAdm AXIOMS [propext, Classical.choice, Quot.sound]
FOOTPRINT Formalizations.P3.SfamAdm0_card_le AXIOMS [propext, Classical.choice, Quot.sound]
FOOTPRINT Formalizations.P3.SfamAdm_mem_nodup AXIOMS [propext, Classical.choice, Quot.sound]
FOOTPRINT Formalizations.P3.SfamAdm_mono AXIOMS [propext, Classical.choice, Quot.sound]
FOOTPRINT Formalizations.P3.SfamAdm_ne AXIOMS [propext, Classical.choice, Quot.sound]
FOOTPRINT Formalizations.P3.SfamAdm_nesting AXIOMS [propext, Classical.choice, Quot.sound]
FOOTPRINT Formalizations.P3.SfamAdm_subset_Sfam AXIOMS [propext, Classical.choice, Quot.sound]
FOOTPRINT Formalizations.P3.SfamAdm_subset_SfamFB AXIOMS [propext, Classical.choice, Quot.sound]
FOOTPRINT Formalizations.P3.SfamFB AXIOMS [propext, Classical.choice, Quot.sound]
FOOTPRINT Formalizations.P3.SfamFB_mono AXIOMS [propext, Classical.choice, Quot.sound]
FOOTPRINT Formalizations.P3.SfamFB_ne AXIOMS [propext, Classical.choice, Quot.sound]
FOOTPRINT Formalizations.P3.SfamFB_nesting AXIOMS [propext, Classical.choice, Quot.sound]
FOOTPRINT Formalizations.P3.Sfam_mem_nodup AXIOMS [propext, Classical.choice, Quot.sound]
FOOTPRINT Formalizations.P3.Sfam_mono AXIOMS [propext, Classical.choice, Quot.sound]
FOOTPRINT Formalizations.P3.Sfam_ne AXIOMS [propext, Classical.choice, Quot.sound]
FOOTPRINT Formalizations.P3.Sfam_nesting AXIOMS [propext, Classical.choice, Quot.sound]
FOOTPRINT Formalizations.P3.Sfam_succ_length_le AXIOMS [propext, Classical.choice, Quot.sound]
FOOTPRINT Formalizations.P3.Sfam_succ_length_strict AXIOMS [propext, Classical.choice, Quot.sound]
FOOTPRINT Formalizations.P3.Survivable AXIOMS []
FOOTPRINT Formalizations.P3.SurvivableAdm AXIOMS []
FOOTPRINT Formalizations.P3.SurvivableAdm_iff_Wblind AXIOMS [propext]
FOOTPRINT Formalizations.P3.SurvivableAdm_le_Survivable AXIOMS []
FOOTPRINT Formalizations.P3.SurvivableAdm_le_Wmem AXIOMS [propext]
FOOTPRINT Formalizations.P3.SurvivableAdm_mono AXIOMS []
FOOTPRINT Formalizations.P3.SurvivableAdm_succ AXIOMS []
FOOTPRINT Formalizations.P3.Survivable_mono AXIOMS []
FOOTPRINT Formalizations.P3.Survivable_succ AXIOMS []
FOOTPRINT Formalizations.P3.VAdm AXIOMS [propext, Classical.choice]
FOOTPRINT Formalizations.P3.VAdm_antitone AXIOMS [propext, Classical.choice, Quot.sound]
FOOTPRINT Formalizations.P3.VAdm_bayes_bridge AXIOMS [propext, Classical.choice, Quot.sound]
FOOTPRINT Formalizations.P3.VAdm_congr AXIOMS [propext, Classical.choice, Quot.sound]
FOOTPRINT Formalizations.P3.VAdm_convex AXIOMS [propext, Classical.choice, Quot.sound]
FOOTPRINT Formalizations.P3.VAdm_homogeneous AXIOMS [propext, Classical.choice, Quot.sound]
FOOTPRINT Formalizations.P3.VAdm_mono_adm AXIOMS [propext, Classical.choice, Quot.sound]
FOOTPRINT Formalizations.P3.VAdm_mono_succ AXIOMS [propext, Classical.choice, Quot.sound]
FOOTPRINT Formalizations.P3.VAdm_nonneg AXIOMS [propext, Classical.choice, Quot.sound]
FOOTPRINT Formalizations.P3.VAdm_seesF AXIOMS [propext, Classical.choice, Quot.sound]
FOOTPRINT Formalizations.P3.VFb AXIOMS [propext, Classical.choice, Quot.sound]
FOOTPRINT Formalizations.P3.VFb_antitone AXIOMS [propext, Classical.choice, Quot.sound]
FOOTPRINT Formalizations.P3.VFb_antitone_one AXIOMS [propext, Classical.choice, Quot.sound]
FOOTPRINT Formalizations.P3.VFb_eq_one_iff_Wmem AXIOMS [propext, Classical.choice, Quot.sound]
FOOTPRINT Formalizations.P3.VFb_eq_total_iff_Wmem AXIOMS [propext, Classical.choice, Quot.sound]
FOOTPRINT Formalizations.P3.VFb_eq_total_of_Wmem AXIOMS [propext, Classical.choice, Quot.sound]
FOOTPRINT Formalizations.P3.VFb_le_totalD AXIOMS [propext, Classical.choice, Quot.sound]
FOOTPRINT Formalizations.P3.VFb_lt_one_of_not_Wmem AXIOMS [propext, Classical.choice, Quot.sound]
FOOTPRINT Formalizations.P3.VFb_lt_total_of_not_Wmem AXIOMS [propext, Classical.choice, Quot.sound]
FOOTPRINT Formalizations.P3.VFb_min_mass_bound AXIOMS [propext, Classical.choice, Quot.sound]
FOOTPRINT Formalizations.P3.VFb_min_mass_bound_one AXIOMS [propext, Classical.choice, Quot.sound]
FOOTPRINT Formalizations.P3.VFb_rat AXIOMS [propext, Classical.choice, Quot.sound]
FOOTPRINT Formalizations.P3.VR AXIOMS [propext, Classical.choice]
FOOTPRINT Formalizations.P3.VR_eq_max_alpha AXIOMS [propext, Classical.choice]
FOOTPRINT Formalizations.P3.VR_eq_one_iff_Wblind AXIOMS [propext, Classical.choice, Quot.sound]
FOOTPRINT Formalizations.P3.VR_eq_total_iff_Wblind AXIOMS [propext, Classical.choice, Quot.sound]
FOOTPRINT Formalizations.P3.VR_eq_total_of_Wblind AXIOMS [propext, Classical.choice, Quot.sound]
FOOTPRINT Formalizations.P3.VR_eq_total_of_jointly_surviving AXIOMS [propext, Classical.choice, Quot.sound]
FOOTPRINT Formalizations.P3.VR_le_totalD AXIOMS [propext, Classical.choice, Quot.sound]
FOOTPRINT Formalizations.P3.VR_lt_one_of_not_Wblind AXIOMS [propext, Classical.choice, Quot.sound]
FOOTPRINT Formalizations.P3.VR_lt_total_of_not_Wblind AXIOMS [propext, Classical.choice, Quot.sound]
FOOTPRINT Formalizations.P3.VR_rat AXIOMS [propext, Classical.choice, Quot.sound]
FOOTPRINT Formalizations.P3.Vfam AXIOMS [propext, Classical.choice, Quot.sound]
FOOTPRINT Formalizations.P3.VfamAdm AXIOMS [propext, Classical.choice, Quot.sound]
FOOTPRINT Formalizations.P3.VfamAdm_antitone AXIOMS [propext, Classical.choice, Quot.sound]
FOOTPRINT Formalizations.P3.VfamAdm_finite_range AXIOMS [propext, Classical.choice, Quot.sound]
FOOTPRINT Formalizations.P3.VfamAdm_frozen_eq_pruned AXIOMS [propext, Classical.choice, Quot.sound]
FOOTPRINT Formalizations.P3.VfamAdm_le_VFb AXIOMS [propext, Classical.choice, Quot.sound]
FOOTPRINT Formalizations.P3.VfamAdm_le_Vfam AXIOMS [propext, Classical.choice, Quot.sound]
FOOTPRINT Formalizations.P3.VfamAdm_mem_range AXIOMS [propext, Classical.choice, Quot.sound]
FOOTPRINT Formalizations.P3.VfamAdm_prune_eq AXIOMS [propext, Classical.choice, Quot.sound]
FOOTPRINT Formalizations.P3.VfamAdm_prune_ge AXIOMS [propext, Classical.choice, Quot.sound]
FOOTPRINT Formalizations.P3.VfamAdm_prune_le AXIOMS [propext, Classical.choice, Quot.sound]
FOOTPRINT Formalizations.P3.VfamAdm_rat AXIOMS [propext, Classical.choice, Quot.sound]
FOOTPRINT Formalizations.P3.VfamAdm_rat_witness AXIOMS [propext, Classical.choice, Quot.sound]
FOOTPRINT Formalizations.P3.Vfam_antitone AXIOMS [propext, Classical.choice, Quot.sound]
FOOTPRINT Formalizations.P3.Vfam_finite_range AXIOMS [propext, Classical.choice, Quot.sound]
FOOTPRINT Formalizations.P3.Vfam_prune_eq AXIOMS [propext, Classical.choice, Quot.sound]
FOOTPRINT Formalizations.P3.Vfam_prune_ge AXIOMS [propext, Classical.choice, Quot.sound]
FOOTPRINT Formalizations.P3.Vfam_prune_le AXIOMS [propext, Classical.choice, Quot.sound]
FOOTPRINT Formalizations.P3.Wbel AXIOMS []
FOOTPRINT Formalizations.P3.Wblind AXIOMS []
FOOTPRINT Formalizations.P3.Wblind_downward AXIOMS []
FOOTPRINT Formalizations.P3.Wblind_iff_survK AXIOMS [propext]
FOOTPRINT Formalizations.P3.Wblind_le_Wmem AXIOMS []
FOOTPRINT Formalizations.P3.Wfbel AXIOMS []
FOOTPRINT Formalizations.P3.Wfbel_eq_Wbel_of_blind AXIOMS [propext, Quot.sound]
UNEXPECTED Formalizations.P3.Wfbel_not_Wbel AXIOM Formalizations.P3.rat_half_ne_zero._native.native_decide.ax_1_1
UNEXPECTED Formalizations.P3.Wfbel_not_Wbel AXIOM Formalizations.P3.wmBelief._native.native_decide.ax_10
UNEXPECTED Formalizations.P3.Wfbel_not_Wbel AXIOM Formalizations.P3.wmBelief._native.native_decide.ax_4
UNEXPECTED Formalizations.P3.Wfbel_not_Wbel AXIOM Formalizations.P3.wmBelief._native.native_decide.ax_5
UNEXPECTED Formalizations.P3.Wfbel_not_Wbel AXIOM Formalizations.P3.wmBelief._native.native_decide.ax_6
UNEXPECTED Formalizations.P3.Wfbel_not_Wbel AXIOM Formalizations.P3.wmBelief._native.native_decide.ax_7
UNEXPECTED Formalizations.P3.Wfbel_not_Wbel AXIOM Formalizations.P3.wmBelief._native.native_decide.ax_8
UNEXPECTED Formalizations.P3.Wfbel_not_Wbel AXIOM Formalizations.P3.wmBelief._native.native_decide.ax_9
UNEXPECTED Formalizations.P3.Wfbel_not_Wbel AXIOM Formalizations.P3.wmBelief_total._native.native_decide.ax_1_1
FOOTPRINT Formalizations.P3.Wfbel_not_Wbel AXIOMS [propext,
 Classical.choice,
 Quot.sound,
 Formalizations.P3.rat_half_ne_zero._native.native_decide.ax_1_1,
 Formalizations.P3.wmBelief._native.native_decide.ax_10,
 Formalizations.P3.wmBelief._native.native_decide.ax_4,
 Formalizations.P3.wmBelief._native.native_decide.ax_5,
 Formalizations.P3.wmBelief._native.native_decide.ax_6,
 Formalizations.P3.wmBelief._native.native_decide.ax_7,
 Formalizations.P3.wmBelief._native.native_decide.ax_8,
 Formalizations.P3.wmBelief._native.native_decide.ax_9,
 Formalizations.P3.wmBelief_total._native.native_decide.ax_1_1]
FOOTPRINT Formalizations.P3.WmA AXIOMS []
FOOTPRINT Formalizations.P3.WmD AXIOMS []
FOOTPRINT Formalizations.P3.WmX AXIOMS []
FOOTPRINT Formalizations.P3.Wmem AXIOMS []
FOOTPRINT Formalizations.P3.Wmem_downward AXIOMS []
FOOTPRINT Formalizations.P3.Wmem_empty AXIOMS [propext, Quot.sound]
FOOTPRINT Formalizations.P3.Wmem_eq_Wblind_of_blind AXIOMS [propext, Quot.sound]
FOOTPRINT Formalizations.P3.Wmem_iff_feedback AXIOMS [propext, Classical.choice]
FOOTPRINT Formalizations.P3.Wmem_le_Wblind_is_false AXIOMS [propext]
FOOTPRINT Formalizations.P3.Wmem_le_Wblind_of_blind AXIOMS [propext, Quot.sound]
FOOTPRINT Formalizations.P3.Wmem_mono AXIOMS [propext, Classical.choice]
FOOTPRINT Formalizations.P3.Wmem_not_le_Wblind AXIOMS [propext]
FOOTPRINT Formalizations.P3.Wmem_succ AXIOMS [propext, Classical.choice]
FOOTPRINT Formalizations.P3.actSet AXIOMS []
FOOTPRINT Formalizations.P3.add_le_of_le_sub AXIOMS [propext]
FOOTPRINT Formalizations.P3.alphaOf AXIOMS [propext]
FOOTPRINT Formalizations.P3.alphaSeg AXIOMS []
FOOTPRINT Formalizations.P3.alphaSeg_rat AXIOMS [propext]
FOOTPRINT Formalizations.P3.bS AXIOMS []
FOOTPRINT Formalizations.P3.bS_compl AXIOMS [propext]
FOOTPRINT Formalizations.P3.bS_compl_singleton AXIOMS [propext]
FOOTPRINT Formalizations.P3.bS_mono_of_subset AXIOMS [propext]
FOOTPRINT Formalizations.P3.bS_suppList_eq_totalD AXIOMS [propext, Classical.choice, Quot.sound]
FOOTPRINT Formalizations.P3.bS_supp_trunc AXIOMS [propext, Classical.choice, Quot.sound]
FOOTPRINT Formalizations.P3.choose AXIOMS []
FOOTPRINT Formalizations.P3.choose_eq_zero_of_lt AXIOMS []
FOOTPRINT Formalizations.P3.choose_pos AXIOMS []
FOOTPRINT Formalizations.P3.choose_self AXIOMS []
FOOTPRINT Formalizations.P3.choose_six_three AXIOMS []
FOOTPRINT Formalizations.P3.choose_succ_self AXIOMS []
FOOTPRINT Formalizations.P3.choose_succ_succ AXIOMS []
FOOTPRINT Formalizations.P3.choose_zero_right AXIOMS []
FOOTPRINT Formalizations.P3.choose_zero_succ AXIOMS []
FOOTPRINT Formalizations.P3.class_le_unrestricted AXIOMS [propext, Classical.choice, Quot.sound]
FOOTPRINT Formalizations.P3.class_monotone AXIOMS []
FOOTPRINT Formalizations.P3.complOf AXIOMS [propext]
FOOTPRINT Formalizations.P3.complOf_nodup AXIOMS [propext]
FOOTPRINT Formalizations.P3.contam_lower AXIOMS [propext, Classical.choice, Quot.sound]
FOOTPRINT Formalizations.P3.contam_sharp AXIOMS [propext, Classical.choice]
FOOTPRINT Formalizations.P3.convex_lmax AXIOMS [propext, Classical.choice, Quot.sound]
FOOTPRINT Formalizations.P3.convex_lsum AXIOMS [propext]
FOOTPRINT Formalizations.P3.convex_step AXIOMS [propext, Quot.sound]
FOOTPRINT Formalizations.P3.dedup AXIOMS [propext]
FOOTPRINT Formalizations.P3.dedup_length_le AXIOMS [propext, Quot.sound]
FOOTPRINT Formalizations.P3.dedup_ne AXIOMS [propext]
FOOTPRINT Formalizations.P3.deficit AXIOMS [propext, Classical.choice]
FOOTPRINT Formalizations.P3.deficit_chance AXIOMS [propext, Classical.choice, Quot.sound]
FOOTPRINT Formalizations.P3.deficit_eq_min_compl AXIOMS [propext, Classical.choice, Quot.sound]
FOOTPRINT Formalizations.P3.deficit_min_mass_of_not_Wbel AXIOMS [propext, Classical.choice, Quot.sound]
FOOTPRINT Formalizations.P3.deficit_mono AXIOMS [propext, Classical.choice, Quot.sound]
FOOTPRINT Formalizations.P3.deficit_mono_succ AXIOMS [propext, Classical.choice, Quot.sound]
FOOTPRINT Formalizations.P3.deficit_point AXIOMS [propext, Classical.choice, Quot.sound]
FOOTPRINT Formalizations.P3.dotOn AXIOMS []
FOOTPRINT Formalizations.P3.drop_removes_set AXIOMS [propext, Classical.choice, Quot.sound]
FOOTPRINT Formalizations.P3.drops AXIOMS [propext, Classical.choice, Quot.sound]
FOOTPRINT Formalizations.P3.drops_bound AXIOMS [propext, Classical.choice, Quot.sound]
FOOTPRINT Formalizations.P3.drops_le_card AXIOMS [propext, Classical.choice, Quot.sound]
FOOTPRINT Formalizations.P3.exists_maximal_above AXIOMS [propext, Classical.choice, Quot.sound]
FOOTPRINT Formalizations.P3.exists_mem_of_ne_nil AXIOMS [propext]
FOOTPRINT Formalizations.P3.exists_tuple_of_sched AXIOMS [propext, Quot.sound]
FOOTPRINT Formalizations.P3.filter_filter_of_imp AXIOMS [propext]
FOOTPRINT Formalizations.P3.filter_mem_subsetsOf AXIOMS [propext, Quot.sound]
FOOTPRINT Formalizations.P3.filter_ne_nil_of_exists AXIOMS [propext]
FOOTPRINT Formalizations.P3.filter_strict AXIOMS [propext, Quot.sound]
FOOTPRINT Formalizations.P3.gamma0 AXIOMS []
FOOTPRINT Formalizations.P3.getD_eq_default_of_le AXIOMS [propext]
FOOTPRINT Formalizations.P3.getD_mem_of_lt AXIOMS [propext]
FOOTPRINT Formalizations.P3.ind_le_one AXIOMS [propext]
FOOTPRINT Formalizations.P3.instDecidableEqWmA AXIOMS []
FOOTPRINT Formalizations.P3.instDecidableEqWmD AXIOMS []
FOOTPRINT Formalizations.P3.instDecidableEqWmX AXIOMS []
FOOTPRINT Formalizations.P3.iterΦ AXIOMS []
FOOTPRINT Formalizations.P3.iterΦ_mono AXIOMS [propext]
FOOTPRINT Formalizations.P3.le_add_of_nonneg_right' AXIOMS []
FOOTPRINT Formalizations.P3.le_lmin AXIOMS [propext, Classical.choice, Quot.sound]
FOOTPRINT Formalizations.P3.le_lsum_of_mem AXIOMS [propext, Quot.sound]
FOOTPRINT Formalizations.P3.length_filter_le AXIOMS [propext, Quot.sound]
FOOTPRINT Formalizations.P3.length_filter_le_gen AXIOMS [propext, Quot.sound]
FOOTPRINT Formalizations.P3.lift_maximal AXIOMS [propext, Classical.choice, Quot.sound]
FOOTPRINT Formalizations.P3.lmax_le_lmax_of_subset AXIOMS [propext, Classical.choice]
FOOTPRINT Formalizations.P3.lmax_lt AXIOMS [propext, Classical.choice]
FOOTPRINT Formalizations.P3.lmax_sub_dual AXIOMS [propext, Classical.choice, Quot.sound]
FOOTPRINT Formalizations.P3.lmin AXIOMS [propext, Classical.choice]
FOOTPRINT Formalizations.P3.lmin_le AXIOMS [propext, Classical.choice, Quot.sound]
FOOTPRINT Formalizations.P3.lmin_mem AXIOMS [propext, Classical.choice, Quot.sound]
FOOTPRINT Formalizations.P3.lsum_eq_of_mem_iff AXIOMS [propext]
FOOTPRINT Formalizations.P3.lsum_erase_mem AXIOMS [propext]
FOOTPRINT Formalizations.P3.lsum_filter_eq_of_zero AXIOMS [propext]
FOOTPRINT Formalizations.P3.lsum_ind_add_le AXIOMS [propext, Classical.choice, Quot.sound]
FOOTPRINT Formalizations.P3.lsum_ind_eq_filter AXIOMS [propext, Quot.sound]
FOOTPRINT Formalizations.P3.lsum_mem_subsetsOf_le AXIOMS [propext, Quot.sound]
FOOTPRINT Formalizations.P3.lsum_pos_exists AXIOMS [propext, Classical.choice, Quot.sound]
FOOTPRINT Formalizations.P3.lsum_subset_add_le AXIOMS [propext, Quot.sound]
FOOTPRINT Formalizations.P3.lt_add_of_pos_right AXIOMS []
FOOTPRINT Formalizations.P3.map_congr_fun AXIOMS [propext]
FOOTPRINT Formalizations.P3.maximals_antichain AXIOMS []
FOOTPRINT Formalizations.P3.maximals_incomparable AXIOMS []
FOOTPRINT Formalizations.P3.memEquiv AXIOMS []
FOOTPRINT Formalizations.P3.memEquiv_refl AXIOMS []
FOOTPRINT Formalizations.P3.memEquiv_symm AXIOMS []
FOOTPRINT Formalizations.P3.memEquiv_trans AXIOMS []
FOOTPRINT Formalizations.P3.mem_SfamAdm AXIOMS [propext, Classical.choice, Quot.sound]
FOOTPRINT Formalizations.P3.mem_SfamFB AXIOMS [propext, Classical.choice, Quot.sound]
FOOTPRINT Formalizations.P3.mem_Wbel AXIOMS []
FOOTPRINT Formalizations.P3.mem_erase_iff AXIOMS [propext]
FOOTPRINT Formalizations.P3.mem_erase_of_mem_of_ne AXIOMS [propext]
FOOTPRINT Formalizations.P3.mem_filter_mem AXIOMS [propext]
FOOTPRINT Formalizations.P3.mem_subsetsOf_subset AXIOMS [propext, Quot.sound]
FOOTPRINT Formalizations.P3.mem_tuples AXIOMS [propext, Classical.choice, Quot.sound]
FOOTPRINT Formalizations.P3.mem_tuplesAux AXIOMS [propext, Quot.sound]
FOOTPRINT Formalizations.P3.min_mass_bound AXIOMS [propext, Classical.choice, Quot.sound]
FOOTPRINT Formalizations.P3.mix AXIOMS [propext]
FOOTPRINT Formalizations.P3.mixF AXIOMS []
FOOTPRINT Formalizations.P3.mixture_nonneg AXIOMS [propext]
FOOTPRINT Formalizations.P3.mul_ind_le AXIOMS [propext]
FOOTPRINT Formalizations.P3.ne_nil_of_exists_mem AXIOMS [propext]
FOOTPRINT Formalizations.P3.nil_mem_subsetsOf AXIOMS [propext, Quot.sound]
FOOTPRINT Formalizations.P3.no_drop_beyond_bound AXIOMS [propext, Classical.choice, Quot.sound]
FOOTPRINT Formalizations.P3.nodup_filter AXIOMS [propext]
FOOTPRINT Formalizations.P3.nodup_filterP AXIOMS [propext]
FOOTPRINT Formalizations.P3.nodup_map_on_of_inj AXIOMS [propext, Quot.sound]
FOOTPRINT Formalizations.P3.nodup_mem_length_le AXIOMS [propext, Classical.choice, Quot.sound]
FOOTPRINT Formalizations.P3.obsMass_eq_filter AXIOMS [propext]
FOOTPRINT Formalizations.P3.one_sub_nonneg AXIOMS [propext]
FOOTPRINT Formalizations.P3.pIn AXIOMS [propext]
UNEXPECTED Formalizations.P3.paper_literal_thm_support_fails AXIOM Formalizations.P3.rat_half_ne_zero._native.native_decide.ax_1_1
UNEXPECTED Formalizations.P3.paper_literal_thm_support_fails AXIOM Formalizations.P3.wmBelief._native.native_decide.ax_10
UNEXPECTED Formalizations.P3.paper_literal_thm_support_fails AXIOM Formalizations.P3.wmBelief._native.native_decide.ax_4
UNEXPECTED Formalizations.P3.paper_literal_thm_support_fails AXIOM Formalizations.P3.wmBelief._native.native_decide.ax_5
UNEXPECTED Formalizations.P3.paper_literal_thm_support_fails AXIOM Formalizations.P3.wmBelief._native.native_decide.ax_6
UNEXPECTED Formalizations.P3.paper_literal_thm_support_fails AXIOM Formalizations.P3.wmBelief._native.native_decide.ax_7
UNEXPECTED Formalizations.P3.paper_literal_thm_support_fails AXIOM Formalizations.P3.wmBelief._native.native_decide.ax_8
UNEXPECTED Formalizations.P3.paper_literal_thm_support_fails AXIOM Formalizations.P3.wmBelief._native.native_decide.ax_9
UNEXPECTED Formalizations.P3.paper_literal_thm_support_fails AXIOM Formalizations.P3.wmBelief_total._native.native_decide.ax_1_1
FOOTPRINT Formalizations.P3.paper_literal_thm_support_fails AXIOMS [propext,
 Classical.choice,
 Quot.sound,
 Formalizations.P3.rat_half_ne_zero._native.native_decide.ax_1_1,
 Formalizations.P3.wmBelief._native.native_decide.ax_10,
 Formalizations.P3.wmBelief._native.native_decide.ax_4,
 Formalizations.P3.wmBelief._native.native_decide.ax_5,
 Formalizations.P3.wmBelief._native.native_decide.ax_6,
 Formalizations.P3.wmBelief._native.native_decide.ax_7,
 Formalizations.P3.wmBelief._native.native_decide.ax_8,
 Formalizations.P3.wmBelief._native.native_decide.ax_9,
 Formalizations.P3.wmBelief_total._native.native_decide.ax_1_1]
FOOTPRINT Formalizations.P3.path_deficit AXIOMS [propext, Quot.sound]
FOOTPRINT Formalizations.P3.pos_of_nonneg_of_ne AXIOMS []
FOOTPRINT Formalizations.P3.postMem AXIOMS []
FOOTPRINT Formalizations.P3.postPred AXIOMS []
FOOTPRINT Formalizations.P3.prop_freeze_drop_count AXIOMS [propext, Classical.choice, Quot.sound]
FOOTPRINT Formalizations.P3.ratOrdField AXIOMS [propext, Classical.choice, Quot.sound]
FOOTPRINT Formalizations.P3.ratSubRat AXIOMS [propext, Classical.choice, Quot.sound]
FOOTPRINT Formalizations.P3.rat_add AXIOMS []
FOOTPRINT Formalizations.P3.rat_div AXIOMS []
FOOTPRINT Formalizations.P3.rat_exact_dedup AXIOMS []
UNEXPECTED Formalizations.P3.rat_half_ne_zero AXIOM Formalizations.P3.rat_half_ne_zero._native.native_decide.ax_1_1
FOOTPRINT Formalizations.P3.rat_half_ne_zero AXIOMS [propext,
 Classical.choice,
 Quot.sound,
 Formalizations.P3.rat_half_ne_zero._native.native_decide.ax_1_1]
FOOTPRINT Formalizations.P3.rat_ind AXIOMS [propext]
FOOTPRINT Formalizations.P3.rat_inv AXIOMS []
FOOTPRINT Formalizations.P3.rat_lmax AXIOMS [propext, Classical.choice]
FOOTPRINT Formalizations.P3.rat_lsum AXIOMS [propext]
FOOTPRINT Formalizations.P3.rat_model_check AXIOMS [propext, Classical.choice, Quot.sound]
FOOTPRINT Formalizations.P3.rat_mul AXIOMS []
FOOTPRINT Formalizations.P3.rat_neg AXIOMS []
FOOTPRINT Formalizations.P3.rat_one AXIOMS []
FOOTPRINT Formalizations.P3.rat_sub AXIOMS []
FOOTPRINT Formalizations.P3.rat_zero AXIOMS []
FOOTPRINT Formalizations.P3.recursion_normalized AXIOMS [propext, Classical.choice, Quot.sound]
FOOTPRINT Formalizations.P3.repairA_feedback AXIOMS [propext, Classical.choice, Quot.sound]
FOOTPRINT Formalizations.P3.repairB_blind AXIOMS [propext, Classical.choice, Quot.sound]
FOOTPRINT Formalizations.P3.repairC_blind_window AXIOMS [propext, Classical.choice, Quot.sound]
FOOTPRINT Formalizations.P3.selections AXIOMS []
FOOTPRINT Formalizations.P3.selections_length AXIOMS [propext, Quot.sound]
FOOTPRINT Formalizations.P3.selections_ne AXIOMS [propext, Quot.sound]
FOOTPRINT Formalizations.P3.smass AXIOMS []
FOOTPRINT Formalizations.P3.smass_eq_bS_survSet AXIOMS [propext, Quot.sound]
FOOTPRINT Formalizations.P3.smass_eq_dotOn AXIOMS [propext]
FOOTPRINT Formalizations.P3.smass_le_totalD AXIOMS [propext]
FOOTPRINT Formalizations.P3.smass_map_ne AXIOMS [propext, Quot.sound]
FOOTPRINT Formalizations.P3.smass_rat AXIOMS [propext, Quot.sound]
FOOTPRINT Formalizations.P3.step AXIOMS []
FOOTPRINT Formalizations.P3.step_length AXIOMS [propext, Quot.sound]
FOOTPRINT Formalizations.P3.step_mix_f AXIOMS [propext]
FOOTPRINT Formalizations.P3.step_ne AXIOMS [propext, Quot.sound]
FOOTPRINT Formalizations.P3.strictDrop AXIOMS [propext, Classical.choice, Quot.sound]
FOOTPRINT Formalizations.P3.strictDrop_length_le AXIOMS [propext, Classical.choice, Quot.sound]
FOOTPRINT Formalizations.P3.strictDrop_nodup AXIOMS [propext, Classical.choice, Quot.sound]
FOOTPRINT Formalizations.P3.strictDrop_value_inj AXIOMS [propext, Classical.choice, Quot.sound]
FOOTPRINT Formalizations.P3.sub_eq_of_add_eq AXIOMS []
FOOTPRINT Formalizations.P3.sub_le_sub_left_of_le AXIOMS [propext]
FOOTPRINT Formalizations.P3.subsetOf AXIOMS []
FOOTPRINT Formalizations.P3.subsetOf_refl AXIOMS []
FOOTPRINT Formalizations.P3.subsetOf_trans AXIOMS []
FOOTPRINT Formalizations.P3.subsetsOf AXIOMS []
FOOTPRINT Formalizations.P3.subsetsOf_length AXIOMS [propext]
FOOTPRINT Formalizations.P3.subsetsOf_nodup AXIOMS [propext, Quot.sound]
FOOTPRINT Formalizations.P3.subsetsOf_subset AXIOMS [propext, Quot.sound]
FOOTPRINT Formalizations.P3.succPred AXIOMS []
FOOTPRINT Formalizations.P3.sum_map_const AXIOMS [propext]
FOOTPRINT Formalizations.P3.suppList AXIOMS [propext, Classical.choice, Quot.sound]
FOOTPRINT Formalizations.P3.suppList_eq_suppPred AXIOMS [propext, Classical.choice, Quot.sound]
FOOTPRINT Formalizations.P3.suppList_mem_subsetsOf AXIOMS [propext, Classical.choice, Quot.sound]
FOOTPRINT Formalizations.P3.suppOf AXIOMS []
FOOTPRINT Formalizations.P3.suppPred AXIOMS []
FOOTPRINT Formalizations.P3.support_identity AXIOMS [propext, Classical.choice, Quot.sound]
FOOTPRINT Formalizations.P3.survK AXIOMS []
FOOTPRINT Formalizations.P3.survK_congr_prefix AXIOMS []
FOOTPRINT Formalizations.P3.survK_mono AXIOMS []
FOOTPRINT Formalizations.P3.survK_mono_succ AXIOMS []
FOOTPRINT Formalizations.P3.survPol AXIOMS []
FOOTPRINT Formalizations.P3.survPol_congr AXIOMS [propext]
FOOTPRINT Formalizations.P3.survPol_mono AXIOMS []
FOOTPRINT Formalizations.P3.survPol_mono_succ AXIOMS []
FOOTPRINT Formalizations.P3.survSet AXIOMS []
FOOTPRINT Formalizations.P3.survSet_mem_SfamAdm AXIOMS [propext, Classical.choice, Quot.sound]
FOOTPRINT Formalizations.P3.survT AXIOMS []
FOOTPRINT Formalizations.P3.survT_adversarial AXIOMS [propext, Quot.sound]
FOOTPRINT Formalizations.P3.survT_iff_survK AXIOMS [propext, Quot.sound]
FOOTPRINT Formalizations.P3.three_levels AXIOMS [propext]
FOOTPRINT Formalizations.P3.totalD AXIOMS []
FOOTPRINT Formalizations.P3.total_mix AXIOMS [propext]
FOOTPRINT Formalizations.P3.tuples AXIOMS []
FOOTPRINT Formalizations.P3.tuplesAux AXIOMS []
FOOTPRINT Formalizations.P3.tuplesAux_length AXIOMS [propext]
FOOTPRINT Formalizations.P3.tuplesAux_ne AXIOMS [propext, Quot.sound]
FOOTPRINT Formalizations.P3.tuples_length AXIOMS [propext]
FOOTPRINT Formalizations.P3.tuples_ne AXIOMS [propext, Quot.sound]
FOOTPRINT Formalizations.P3.wmB AXIOMS []
UNEXPECTED Formalizations.P3.wmBelief AXIOM Formalizations.P3.wmBelief._native.native_decide.ax_10
UNEXPECTED Formalizations.P3.wmBelief AXIOM Formalizations.P3.wmBelief._native.native_decide.ax_4
UNEXPECTED Formalizations.P3.wmBelief AXIOM Formalizations.P3.wmBelief._native.native_decide.ax_5
UNEXPECTED Formalizations.P3.wmBelief AXIOM Formalizations.P3.wmBelief._native.native_decide.ax_6
UNEXPECTED Formalizations.P3.wmBelief AXIOM Formalizations.P3.wmBelief._native.native_decide.ax_7
UNEXPECTED Formalizations.P3.wmBelief AXIOM Formalizations.P3.wmBelief._native.native_decide.ax_8
UNEXPECTED Formalizations.P3.wmBelief AXIOM Formalizations.P3.wmBelief._native.native_decide.ax_9
FOOTPRINT Formalizations.P3.wmBelief AXIOMS [propext,
 Classical.choice,
 Quot.sound,
 Formalizations.P3.wmBelief._native.native_decide.ax_10,
 Formalizations.P3.wmBelief._native.native_decide.ax_4,
 Formalizations.P3.wmBelief._native.native_decide.ax_5,
 Formalizations.P3.wmBelief._native.native_decide.ax_6,
 Formalizations.P3.wmBelief._native.native_decide.ax_7,
 Formalizations.P3.wmBelief._native.native_decide.ax_8,
 Formalizations.P3.wmBelief._native.native_decide.ax_9]
UNEXPECTED Formalizations.P3.wmBelief_supp AXIOM Formalizations.P3.rat_half_ne_zero._native.native_decide.ax_1_1
UNEXPECTED Formalizations.P3.wmBelief_supp AXIOM Formalizations.P3.wmBelief._native.native_decide.ax_10
UNEXPECTED Formalizations.P3.wmBelief_supp AXIOM Formalizations.P3.wmBelief._native.native_decide.ax_4
UNEXPECTED Formalizations.P3.wmBelief_supp AXIOM Formalizations.P3.wmBelief._native.native_decide.ax_5
UNEXPECTED Formalizations.P3.wmBelief_supp AXIOM Formalizations.P3.wmBelief._native.native_decide.ax_6
UNEXPECTED Formalizations.P3.wmBelief_supp AXIOM Formalizations.P3.wmBelief._native.native_decide.ax_7
UNEXPECTED Formalizations.P3.wmBelief_supp AXIOM Formalizations.P3.wmBelief._native.native_decide.ax_8
UNEXPECTED Formalizations.P3.wmBelief_supp AXIOM Formalizations.P3.wmBelief._native.native_decide.ax_9
FOOTPRINT Formalizations.P3.wmBelief_supp AXIOMS [propext,
 Classical.choice,
 Quot.sound,
 Formalizations.P3.rat_half_ne_zero._native.native_decide.ax_1_1,
 Formalizations.P3.wmBelief._native.native_decide.ax_10,
 Formalizations.P3.wmBelief._native.native_decide.ax_4,
 Formalizations.P3.wmBelief._native.native_decide.ax_5,
 Formalizations.P3.wmBelief._native.native_decide.ax_6,
 Formalizations.P3.wmBelief._native.native_decide.ax_7,
 Formalizations.P3.wmBelief._native.native_decide.ax_8,
 Formalizations.P3.wmBelief._native.native_decide.ax_9]
UNEXPECTED Formalizations.P3.wmBelief_total AXIOM Formalizations.P3.wmBelief._native.native_decide.ax_10
UNEXPECTED Formalizations.P3.wmBelief_total AXIOM Formalizations.P3.wmBelief._native.native_decide.ax_4
UNEXPECTED Formalizations.P3.wmBelief_total AXIOM Formalizations.P3.wmBelief._native.native_decide.ax_5
UNEXPECTED Formalizations.P3.wmBelief_total AXIOM Formalizations.P3.wmBelief._native.native_decide.ax_6
UNEXPECTED Formalizations.P3.wmBelief_total AXIOM Formalizations.P3.wmBelief._native.native_decide.ax_7
UNEXPECTED Formalizations.P3.wmBelief_total AXIOM Formalizations.P3.wmBelief._native.native_decide.ax_8
UNEXPECTED Formalizations.P3.wmBelief_total AXIOM Formalizations.P3.wmBelief._native.native_decide.ax_9
UNEXPECTED Formalizations.P3.wmBelief_total AXIOM Formalizations.P3.wmBelief_total._native.native_decide.ax_1_1
FOOTPRINT Formalizations.P3.wmBelief_total AXIOMS [propext,
 Classical.choice,
 Quot.sound,
 Formalizations.P3.wmBelief._native.native_decide.ax_10,
 Formalizations.P3.wmBelief._native.native_decide.ax_4,
 Formalizations.P3.wmBelief._native.native_decide.ax_5,
 Formalizations.P3.wmBelief._native.native_decide.ax_6,
 Formalizations.P3.wmBelief._native.native_decide.ax_7,
 Formalizations.P3.wmBelief._native.native_decide.ax_8,
 Formalizations.P3.wmBelief._native.native_decide.ax_9,
 Formalizations.P3.wmBelief_total._native.native_decide.ax_1_1]
FOOTPRINT Formalizations.P3.wmModel AXIOMS [propext]
UNEXPECTED Formalizations.P3.wm_VFb_eq_one AXIOM Formalizations.P3.rat_half_ne_zero._native.native_decide.ax_1_1
UNEXPECTED Formalizations.P3.wm_VFb_eq_one AXIOM Formalizations.P3.wmBelief._native.native_decide.ax_10
UNEXPECTED Formalizations.P3.wm_VFb_eq_one AXIOM Formalizations.P3.wmBelief._native.native_decide.ax_4
UNEXPECTED Formalizations.P3.wm_VFb_eq_one AXIOM Formalizations.P3.wmBelief._native.native_decide.ax_5
UNEXPECTED Formalizations.P3.wm_VFb_eq_one AXIOM Formalizations.P3.wmBelief._native.native_decide.ax_6
UNEXPECTED Formalizations.P3.wm_VFb_eq_one AXIOM Formalizations.P3.wmBelief._native.native_decide.ax_7
UNEXPECTED Formalizations.P3.wm_VFb_eq_one AXIOM Formalizations.P3.wmBelief._native.native_decide.ax_8
UNEXPECTED Formalizations.P3.wm_VFb_eq_one AXIOM Formalizations.P3.wmBelief._native.native_decide.ax_9
UNEXPECTED Formalizations.P3.wm_VFb_eq_one AXIOM Formalizations.P3.wmBelief_total._native.native_decide.ax_1_1
FOOTPRINT Formalizations.P3.wm_VFb_eq_one AXIOMS [propext,
 Classical.choice,
 Quot.sound,
 Formalizations.P3.rat_half_ne_zero._native.native_decide.ax_1_1,
 Formalizations.P3.wmBelief._native.native_decide.ax_10,
 Formalizations.P3.wmBelief._native.native_decide.ax_4,
 Formalizations.P3.wmBelief._native.native_decide.ax_5,
 Formalizations.P3.wmBelief._native.native_decide.ax_6,
 Formalizations.P3.wmBelief._native.native_decide.ax_7,
 Formalizations.P3.wmBelief._native.native_decide.ax_8,
 Formalizations.P3.wmBelief._native.native_decide.ax_9,
 Formalizations.P3.wmBelief_total._native.native_decide.ax_1_1]
FOOTPRINT Formalizations.P3.wm_Wmem AXIOMS [propext]
FOOTPRINT Formalizations.P3.wm_detKernel AXIOMS [propext]
FOOTPRINT Formalizations.P3.wm_not_Wblind AXIOMS [propext]
UNEXPECTED Formalizations.P3.wm_not_Wblind_belief AXIOM Formalizations.P3.rat_half_ne_zero._native.native_decide.ax_1_1
UNEXPECTED Formalizations.P3.wm_not_Wblind_belief AXIOM Formalizations.P3.wmBelief._native.native_decide.ax_10
UNEXPECTED Formalizations.P3.wm_not_Wblind_belief AXIOM Formalizations.P3.wmBelief._native.native_decide.ax_4
UNEXPECTED Formalizations.P3.wm_not_Wblind_belief AXIOM Formalizations.P3.wmBelief._native.native_decide.ax_5
UNEXPECTED Formalizations.P3.wm_not_Wblind_belief AXIOM Formalizations.P3.wmBelief._native.native_decide.ax_6
UNEXPECTED Formalizations.P3.wm_not_Wblind_belief AXIOM Formalizations.P3.wmBelief._native.native_decide.ax_7
UNEXPECTED Formalizations.P3.wm_not_Wblind_belief AXIOM Formalizations.P3.wmBelief._native.native_decide.ax_8
UNEXPECTED Formalizations.P3.wm_not_Wblind_belief AXIOM Formalizations.P3.wmBelief._native.native_decide.ax_9
FOOTPRINT Formalizations.P3.wm_not_Wblind_belief AXIOMS [propext,
 Classical.choice,
 Quot.sound,
 Formalizations.P3.rat_half_ne_zero._native.native_decide.ax_1_1,
 Formalizations.P3.wmBelief._native.native_decide.ax_10,
 Formalizations.P3.wmBelief._native.native_decide.ax_4,
 Formalizations.P3.wmBelief._native.native_decide.ax_5,
 Formalizations.P3.wmBelief._native.native_decide.ax_6,
 Formalizations.P3.wmBelief._native.native_decide.ax_7,
 Formalizations.P3.wmBelief._native.native_decide.ax_8,
 Formalizations.P3.wmBelief._native.native_decide.ax_9]
FOOTPRINT Formalizations.P3.wm_slice_false AXIOMS [propext]
FOOTPRINT Formalizations.P3.wm_slice_true AXIOMS [propext]
FOOTPRINT Formalizations.P3.Φ AXIOMS []
FOOTPRINT Formalizations.P3.Φ_const AXIOMS [Quot.sound]
FOOTPRINT Formalizations.P3.Φ_le_const AXIOMS [propext, Quot.sound]
FOOTPRINT Formalizations.P3.Φ_mono AXIOMS [propext]
FOOTPRINT Formalizations.POMDP.J AXIOMS []
FOOTPRINT Formalizations.POMDP.J_dominated AXIOMS [propext, Classical.choice, Quot.sound]
FOOTPRINT Formalizations.POMDP.Mass AXIOMS []
FOOTPRINT Formalizations.POMDP.Pol AXIOMS []
FOOTPRINT Formalizations.POMDP.PolIn AXIOMS []
FOOTPRINT Formalizations.POMDP.SafeMDP AXIOMS []
FOOTPRINT Formalizations.POMDP.V AXIOMS [propext, Classical.choice]
FOOTPRINT Formalizations.POMDP.V_antitone AXIOMS [propext, Classical.choice, Quot.sound]
FOOTPRINT Formalizations.POMDP.V_attained AXIOMS [propext, Classical.choice, Quot.sound]
FOOTPRINT Formalizations.POMDP.V_congr AXIOMS [propext, Classical.choice, Quot.sound]
FOOTPRINT Formalizations.POMDP.V_homogeneous AXIOMS [propext, Classical.choice, Quot.sound]
FOOTPRINT Formalizations.POMDP.V_is_max_over_policies AXIOMS [propext, Classical.choice, Quot.sound]
FOOTPRINT Formalizations.POMDP.V_mono_succ AXIOMS [propext, Classical.choice, Quot.sound]
FOOTPRINT Formalizations.POMDP.V_nonneg AXIOMS [propext, Classical.choice, Quot.sound]
FOOTPRINT Formalizations.POMDP.V_of_total_zero AXIOMS [propext, Classical.choice, Quot.sound]
FOOTPRINT Formalizations.POMDP.V_zero AXIOMS [propext, Classical.choice]
FOOTPRINT Formalizations.POMDP.bayes_bridge AXIOMS [propext, Classical.choice, Quot.sound]
FOOTPRINT Formalizations.POMDP.chance_bound AXIOMS [propext, Classical.choice, Quot.sound]
FOOTPRINT Formalizations.POMDP.exitProb AXIOMS []
FOOTPRINT Formalizations.POMDP.exit_add_survival AXIOMS [propext]
FOOTPRINT Formalizations.POMDP.le_lmax AXIOMS [propext, Classical.choice]
FOOTPRINT Formalizations.POMDP.le_sub_of_add_le_of AXIOMS [propext]
FOOTPRINT Formalizations.POMDP.list_max_exists AXIOMS [propext]
FOOTPRINT Formalizations.POMDP.lmax AXIOMS [propext, Classical.choice]
FOOTPRINT Formalizations.POMDP.lmax_const_mul AXIOMS [propext, Classical.choice, Quot.sound]
FOOTPRINT Formalizations.POMDP.lmax_isMax AXIOMS [propext, Classical.choice]
FOOTPRINT Formalizations.POMDP.lmax_le AXIOMS [propext, Classical.choice]
FOOTPRINT Formalizations.POMDP.lmax_mono AXIOMS [propext, Classical.choice, Quot.sound]
FOOTPRINT Formalizations.POMDP.lsum_lsum_comm AXIOMS [propext, Quot.sound]
FOOTPRINT Formalizations.POMDP.lsum_map_zero AXIOMS [propext]
FOOTPRINT Formalizations.POMDP.map_congr_fun AXIOMS [propext]
FOOTPRINT Formalizations.POMDP.map_ne_nil AXIOMS [propext]
FOOTPRINT Formalizations.POMDP.obsMass AXIOMS []
FOOTPRINT Formalizations.POMDP.obsMass_congr AXIOMS [propext, Quot.sound]
FOOTPRINT Formalizations.POMDP.one_step_eq AXIOMS [propext, Quot.sound]
FOOTPRINT Formalizations.POMDP.one_step_le_total AXIOMS [propext, Quot.sound]
FOOTPRINT Formalizations.POMDP.pInv_nonneg AXIOMS [propext, Classical.choice, Quot.sound]
FOOTPRINT Formalizations.POMDP.rowSum AXIOMS []
FOOTPRINT Formalizations.POMDP.smul AXIOMS []
FOOTPRINT Formalizations.POMDP.step AXIOMS []
FOOTPRINT Formalizations.POMDP.step_smul_f AXIOMS [propext, Quot.sound]
FOOTPRINT Formalizations.POMDP.sub_le_sub_right_of_le AXIOMS []
FOOTPRINT Formalizations.POMDP.survival AXIOMS []
FOOTPRINT Formalizations.POMDP.total AXIOMS []
FOOTPRINT Formalizations.POMDP.total_nonneg AXIOMS []
FOOTPRINT Formalizations.POMDP.total_smul AXIOMS []
FOOTPRINT Formalizations.POMDP.univA_exists AXIOMS [propext]
FOOTPRINT Formalizations.WS.Wk_mono_obs AXIOMS []
FOOTPRINT Formalizations.WS.master_action_axis AXIOMS []
FOOTPRINT Formalizations.WS.master_memory_axis AXIOMS []
FOOTPRINT Formalizations.WS.master_monotone AXIOMS []
FOOTPRINT Formalizations.WS.monotone_action_axis AXIOMS []
FOOTPRINT Formalizations.WS.refineObs AXIOMS []
FOOTPRINT Formalizations.dotp._f AXIOMS []
FOOTPRINT Formalizations.dotp._sunfold AXIOMS []
FOOTPRINT Formalizations.dotp._unsafe_rec AXIOMS []
FOOTPRINT Formalizations.dotp_linComb._proof_1_1 AXIOMS [propext, Quot.sound]
FOOTPRINT Formalizations.dotp_linComb._proof_1_2 AXIOMS [propext, Quot.sound]
FOOTPRINT Formalizations.dotp_vadd._proof_1_1 AXIOMS [propext, Quot.sound]
FOOTPRINT Formalizations.dotp_vadd._proof_1_2 AXIOMS [propext, Quot.sound]
FOOTPRINT Formalizations.dotp_vadd._proof_1_3 AXIOMS [propext, Quot.sound]
FOOTPRINT Formalizations.dotp_vadd._proof_1_4 AXIOMS [propext, Quot.sound]
FOOTPRINT Formalizations.ind.eq_1 AXIOMS []
FOOTPRINT Formalizations.length_linComb_eq._proof_1_1 AXIOMS [propext, Quot.sound]
FOOTPRINT Formalizations.length_linComb_eq._proof_1_2 AXIOMS [propext, Quot.sound]
FOOTPRINT Formalizations.length_vadd_eq._proof_1_1 AXIOMS [propext, Quot.sound]
FOOTPRINT Formalizations.length_vadd_eq._proof_1_2 AXIOMS [propext, Quot.sound]
FOOTPRINT Formalizations.length_vadd_eq._proof_1_3 AXIOMS [propext, Quot.sound]
FOOTPRINT Formalizations.length_vadd_eq._proof_1_4 AXIOMS [propext, Quot.sound]
FOOTPRINT Formalizations.linComb._f AXIOMS []
FOOTPRINT Formalizations.linComb._sunfold AXIOMS []
FOOTPRINT Formalizations.linComb._unsafe_rec AXIOMS []
FOOTPRINT Formalizations.lsum._f AXIOMS []
FOOTPRINT Formalizations.lsum._sunfold AXIOMS []
FOOTPRINT Formalizations.lsum._unsafe_rec AXIOMS []
FOOTPRINT Formalizations.lsum.eq_1 AXIOMS []
FOOTPRINT Formalizations.lsum.eq_2 AXIOMS []
FOOTPRINT Formalizations.lsum.eq_def AXIOMS []
FOOTPRINT Formalizations.lsum.match_1 AXIOMS []
FOOTPRINT Formalizations.sumRange._f AXIOMS []
FOOTPRINT Formalizations.sumRange._sunfold AXIOMS []
FOOTPRINT Formalizations.sumRange._unsafe_rec AXIOMS []
FOOTPRINT Formalizations.sumRange.match_1 AXIOMS []
FOOTPRINT Formalizations.sumRange_le_sumRange'._proof_1_1 AXIOMS [propext, Quot.sound]
FOOTPRINT Formalizations.sumRange_le_sumRange'._proof_1_2 AXIOMS [propext, Quot.sound]
FOOTPRINT Formalizations.vadd._f AXIOMS []
FOOTPRINT Formalizations.vadd._sunfold AXIOMS []
FOOTPRINT Formalizations.vadd._unsafe_rec AXIOMS []
FOOTPRINT Formalizations.vadd.match_1 AXIOMS []
FOOTPRINT Formalizations.vscale._f AXIOMS []
FOOTPRINT Formalizations.vscale._sunfold AXIOMS []
FOOTPRINT Formalizations.vscale._unsafe_rec AXIOMS []
FOOTPRINT Formalizations.ARV.omax.eq_1 AXIOMS [propext, Classical.choice, Quot.sound]
FOOTPRINT Formalizations.EBC.Tri._sizeOf_1 AXIOMS []
FOOTPRINT Formalizations.EBC.Tri._sizeOf_inst AXIOMS []
FOOTPRINT Formalizations.EBC.Tri.casesOn AXIOMS []
FOOTPRINT Formalizations.EBC.Tri.ctorElim AXIOMS []
FOOTPRINT Formalizations.EBC.Tri.ctorElimType AXIOMS []
FOOTPRINT Formalizations.EBC.Tri.ctorIdx AXIOMS []
FOOTPRINT Formalizations.EBC.Tri.hold AXIOMS []
FOOTPRINT Formalizations.EBC.Tri.neg AXIOMS []
FOOTPRINT Formalizations.EBC.Tri.noConfusion AXIOMS []
FOOTPRINT Formalizations.EBC.Tri.noConfusionType AXIOMS []
FOOTPRINT Formalizations.EBC.Tri.pos AXIOMS []
FOOTPRINT Formalizations.EBC.Tri.rec AXIOMS []
FOOTPRINT Formalizations.EBC.Tri.recOn AXIOMS []
FOOTPRINT Formalizations.EBC.agreeMass.eq_1 AXIOMS []
FOOTPRINT Formalizations.EBC.altPairs._f AXIOMS []
FOOTPRINT Formalizations.EBC.altPairs._sunfold AXIOMS []
FOOTPRINT Formalizations.EBC.altPairs._unsafe_rec AXIOMS []
FOOTPRINT Formalizations.EBC.altPairs.eq_1 AXIOMS []
FOOTPRINT Formalizations.EBC.altPairs.eq_2 AXIOMS []
FOOTPRINT Formalizations.EBC.altPairs.eq_def AXIOMS []
FOOTPRINT Formalizations.EBC.altPairs.match_1 AXIOMS []
FOOTPRINT Formalizations.EBC.altPairs_length._proof_1_1 AXIOMS [propext, Quot.sound]
FOOTPRINT Formalizations.EBC.b1.eq_1 AXIOMS []
FOOTPRINT Formalizations.EBC.b1.eq_2 AXIOMS []
FOOTPRINT Formalizations.EBC.b1.match_1 AXIOMS []
FOOTPRINT Formalizations.EBC.b1t.eq_1 AXIOMS []
FOOTPRINT Formalizations.EBC.b1t.eq_2 AXIOMS []
FOOTPRINT Formalizations.EBC.b1t.eq_3 AXIOMS []
FOOTPRINT Formalizations.EBC.b1t.match_1 AXIOMS []
FOOTPRINT Formalizations.EBC.coord_bound._simp_1_10 AXIOMS [propext]
FOOTPRINT Formalizations.EBC.coord_bound._simp_1_8 AXIOMS [propext]
FOOTPRINT Formalizations.EBC.coord_bound._simp_1_9 AXIOMS [propext]
FOOTPRINT Formalizations.EBC.cor_hamming_m4._proof_1_1 AXIOMS [propext, Quot.sound]
FOOTPRINT Formalizations.EBC.deadlineSeq.eq_1 AXIOMS []
FOOTPRINT Formalizations.EBC.drift.eq_1 AXIOMS []
FOOTPRINT Formalizations.EBC.five_pos._proof_1_1 AXIOMS [propext, Quot.sound]
FOOTPRINT Formalizations.EBC.flip.eq_1 AXIOMS []
FOOTPRINT Formalizations.EBC.floor_survivable_all_agree._proof_1_1 AXIOMS [propext, Quot.sound]
FOOTPRINT Formalizations.EBC.hamming._f AXIOMS []
FOOTPRINT Formalizations.EBC.hamming._sunfold AXIOMS []
FOOTPRINT Formalizations.EBC.hamming._unsafe_rec AXIOMS []
FOOTPRINT Formalizations.EBC.hamming.eq_1 AXIOMS []
FOOTPRINT Formalizations.EBC.hamming.eq_2 AXIOMS []
FOOTPRINT Formalizations.EBC.hamming.eq_def AXIOMS []
FOOTPRINT Formalizations.EBC.hamming.match_1 AXIOMS []
FOOTPRINT Formalizations.EBC.hamming_comm._simp_1_1 AXIOMS [propext]
FOOTPRINT Formalizations.EBC.holdRep._f AXIOMS []
FOOTPRINT Formalizations.EBC.holdRep._sunfold AXIOMS []
FOOTPRINT Formalizations.EBC.holdRep._unsafe_rec AXIOMS []
FOOTPRINT Formalizations.EBC.holdRep.eq_1 AXIOMS []
FOOTPRINT Formalizations.EBC.holdRep.eq_2 AXIOMS []
FOOTPRINT Formalizations.EBC.holdRep.eq_def AXIOMS []
FOOTPRINT Formalizations.EBC.holdRep.match_1 AXIOMS []
FOOTPRINT Formalizations.EBC.ipi.eq_1 AXIOMS []
FOOTPRINT Formalizations.EBC.le_of_add_le_add_left._simp_1_1 AXIOMS []
FOOTPRINT Formalizations.EBC.matched.eq_1 AXIOMS []
FOOTPRINT Formalizations.EBC.matchedRep._f AXIOMS []
FOOTPRINT Formalizations.EBC.matchedRep._sunfold AXIOMS []
FOOTPRINT Formalizations.EBC.matchedRep._unsafe_rec AXIOMS []
FOOTPRINT Formalizations.EBC.matchedRep.eq_1 AXIOMS []
FOOTPRINT Formalizations.EBC.matchedRep.eq_2 AXIOMS []
FOOTPRINT Formalizations.EBC.matchedRep.eq_def AXIOMS []
FOOTPRINT Formalizations.EBC.matchedRep.match_1 AXIOMS []
FOOTPRINT Formalizations.EBC.natToK._f AXIOMS []
FOOTPRINT Formalizations.EBC.natToK._sunfold AXIOMS []
FOOTPRINT Formalizations.EBC.natToK._unsafe_rec AXIOMS []
FOOTPRINT Formalizations.EBC.natToK.eq_1 AXIOMS []
FOOTPRINT Formalizations.EBC.natToK.eq_2 AXIOMS []
FOOTPRINT Formalizations.EBC.natToK.eq_def AXIOMS []
FOOTPRINT Formalizations.EBC.natToK.match_1 AXIOMS []
FOOTPRINT Formalizations.EBC.nat_ne_zero_of_le_one_eq_one._proof_1_1 AXIOMS [propext, Quot.sound]
FOOTPRINT Formalizations.EBC.no_adjacency_triangle._proof_1_10 AXIOMS [propext, Quot.sound]
FOOTPRINT Formalizations.EBC.no_adjacency_triangle._proof_1_11 AXIOMS [propext, Quot.sound]
FOOTPRINT Formalizations.EBC.no_adjacency_triangle._proof_1_12 AXIOMS [propext, Quot.sound]
FOOTPRINT Formalizations.EBC.no_adjacency_triangle._proof_1_4 AXIOMS [propext, Quot.sound]
FOOTPRINT Formalizations.EBC.no_adjacency_triangle._proof_1_5 AXIOMS [propext, Quot.sound]
FOOTPRINT Formalizations.EBC.no_adjacency_triangle._proof_1_6 AXIOMS [propext, Quot.sound]
FOOTPRINT Formalizations.EBC.no_adjacency_triangle._proof_1_7 AXIOMS [propext, Quot.sound]
FOOTPRINT Formalizations.EBC.no_adjacency_triangle._proof_1_8 AXIOMS [propext, Quot.sound]
FOOTPRINT Formalizations.EBC.no_adjacency_triangle._proof_1_9 AXIOMS [propext, Quot.sound]
FOOTPRINT Formalizations.EBC.pair_first_step_fails._sparseCasesOn_1_1 AXIOMS [propext]
FOOTPRINT Formalizations.EBC.pair_first_step_fails.match_1_1 AXIOMS [propext]
FOOTPRINT Formalizations.EBC.pairs_adjacent_above._proof_1_1 AXIOMS [propext, Quot.sound]
FOOTPRINT Formalizations.EBC.pairs_adjacent_above._proof_1_2 AXIOMS [propext, Quot.sound]
FOOTPRINT Formalizations.EBC.stateAfter._f AXIOMS []
FOOTPRINT Formalizations.EBC.stateAfter._sunfold AXIOMS []
FOOTPRINT Formalizations.EBC.stateAfter._unsafe_rec AXIOMS []
FOOTPRINT Formalizations.EBC.stateAfter.eq_1 AXIOMS []
FOOTPRINT Formalizations.EBC.stateAfter.eq_2 AXIOMS []
FOOTPRINT Formalizations.EBC.stateAfter.eq_def AXIOMS []
FOOTPRINT Formalizations.EBC.stateAfter.match_1 AXIOMS []
FOOTPRINT Formalizations.EBC.survivesTo._f AXIOMS []
FOOTPRINT Formalizations.EBC.survivesTo._sunfold AXIOMS []
FOOTPRINT Formalizations.EBC.survivesTo._unsafe_rec AXIOMS []
FOOTPRINT Formalizations.EBC.survivesTo.eq_1 AXIOMS []
FOOTPRINT Formalizations.EBC.survivesTo.eq_2 AXIOMS []
FOOTPRINT Formalizations.EBC.survivesTo.eq_def AXIOMS []
FOOTPRINT Formalizations.EBC.ten.eq_1 AXIOMS []
FOOTPRINT Formalizations.EBC.totalDrift.eq_1 AXIOMS []
FOOTPRINT Formalizations.EBC.two.eq_1 AXIOMS []
FOOTPRINT Formalizations.FinMass.mk._flat_ctor AXIOMS []
FOOTPRINT Formalizations.FinMass.mk.inj AXIOMS []
FOOTPRINT Formalizations.FinMass.mk.injEq AXIOMS [propext]
FOOTPRINT Formalizations.FinMass.mk.noConfusion AXIOMS []
FOOTPRINT Formalizations.FinMass.mk.sizeOf_spec AXIOMS []
FOOTPRINT Formalizations.Minimax.b2k.eq_1 AXIOMS []
FOOTPRINT Formalizations.Minimax.b2k.eq_2 AXIOMS []
FOOTPRINT Formalizations.Minimax.b2k.match_1 AXIOMS []
FOOTPRINT Formalizations.Minimax.parityψ.eq_1 AXIOMS []
FOOTPRINT Formalizations.Minimax.unifMass._proof_1 AXIOMS [propext]
FOOTPRINT Formalizations.Minimax.unifMass._proof_2 AXIOMS [propext, Classical.choice, Quot.sound]
FOOTPRINT Formalizations.Minimax.unifMass._proof_3 AXIOMS []
FOOTPRINT Formalizations.Minimax.unifMass._proof_4 AXIOMS [propext]
FOOTPRINT Formalizations.Minimax.ψsingle.eq_1 AXIOMS []
FOOTPRINT Formalizations.OrdField.mk._flat_ctor AXIOMS []
FOOTPRINT Formalizations.OrdField.mk.noConfusion AXIOMS []
FOOTPRINT Formalizations.P1.Blocked._f AXIOMS []
FOOTPRINT Formalizations.P1.Blocked._sunfold AXIOMS []
FOOTPRINT Formalizations.P1.Blocked._unsafe_rec AXIOMS []
FOOTPRINT Formalizations.P1.FinSys.A AXIOMS []
FOOTPRINT Formalizations.P1.FinSys.X AXIOMS []
FOOTPRINT Formalizations.P1.FinSys.Y AXIOMS []
FOOTPRINT Formalizations.P1.FinSys._sizeOf_1 AXIOMS []
FOOTPRINT Formalizations.P1.FinSys._sizeOf_inst AXIOMS []
FOOTPRINT Formalizations.P1.FinSys.admissible AXIOMS []
FOOTPRINT Formalizations.P1.FinSys.casesOn AXIOMS []
FOOTPRINT Formalizations.P1.FinSys.ctorIdx AXIOMS []
FOOTPRINT Formalizations.P1.FinSys.mk AXIOMS []
FOOTPRINT Formalizations.P1.FinSys.noConfusion AXIOMS []
FOOTPRINT Formalizations.P1.FinSys.noConfusionType AXIOMS []
FOOTPRINT Formalizations.P1.FinSys.obsRel AXIOMS []
FOOTPRINT Formalizations.P1.FinSys.rec AXIOMS []
FOOTPRINT Formalizations.P1.FinSys.recOn AXIOMS []
FOOTPRINT Formalizations.P1.FinSys.safe AXIOMS []
FOOTPRINT Formalizations.P1.FinSys.step AXIOMS []
FOOTPRINT Formalizations.P1.FinSys.withAdm AXIOMS []
FOOTPRINT Formalizations.P1.FinSys.withStep AXIOMS []
FOOTPRINT Formalizations.P1.HiddenMode.Act AXIOMS []
FOOTPRINT Formalizations.P1.HiddenMode.Bjoint AXIOMS []
FOOTPRINT Formalizations.P1.HiddenMode.Bneg AXIOMS []
FOOTPRINT Formalizations.P1.HiddenMode.Bpos AXIOMS []
FOOTPRINT Formalizations.P1.HiddenMode.Mode AXIOMS []
FOOTPRINT Formalizations.P1.HiddenMode.Qind AXIOMS []
FOOTPRINT Formalizations.P1.HiddenMode.SYS AXIOMS [propext]
FOOTPRINT Formalizations.P1.HiddenMode.admM AXIOMS []
FOOTPRINT Formalizations.P1.HiddenMode.commonSafe_Bjoint_empty AXIOMS [propext]
FOOTPRINT Formalizations.P1.HiddenMode.hidden_mode_conflict AXIOMS [propext]
FOOTPRINT Formalizations.P1.HiddenMode.obsR AXIOMS []
FOOTPRINT Formalizations.P1.HiddenMode.obsTotal_SYS AXIOMS [propext]
FOOTPRINT Formalizations.P1.HiddenMode.post_B_down_iff AXIOMS [propext]
FOOTPRINT Formalizations.P1.HiddenMode.post_B_up_iff AXIOMS [propext]
FOOTPRINT Formalizations.P1.HiddenMode.qind_postfixed AXIOMS [propext]
FOOTPRINT Formalizations.P1.HiddenMode.safeM AXIOMS []
FOOTPRINT Formalizations.P1.HiddenMode.sysstep AXIOMS [propext]
FOOTPRINT Formalizations.P1.HiddenMode.sysstep_down_inv AXIOMS [propext]
FOOTPRINT Formalizations.P1.HiddenMode.sysstep_up_inv AXIOMS [propext]
FOOTPRINT Formalizations.P1.PolicyTree._sizeOf_1 AXIOMS []
FOOTPRINT Formalizations.P1.PolicyTree._sizeOf_inst AXIOMS []
FOOTPRINT Formalizations.P1.PolicyTree.below AXIOMS []
FOOTPRINT Formalizations.P1.PolicyTree.brecOn AXIOMS []
FOOTPRINT Formalizations.P1.PolicyTree.casesOn AXIOMS []
FOOTPRINT Formalizations.P1.PolicyTree.ctorElim AXIOMS []
FOOTPRINT Formalizations.P1.PolicyTree.ctorElimType AXIOMS []
FOOTPRINT Formalizations.P1.PolicyTree.ctorIdx AXIOMS []
FOOTPRINT Formalizations.P1.PolicyTree.leaf AXIOMS []
FOOTPRINT Formalizations.P1.PolicyTree.noConfusion AXIOMS []
FOOTPRINT Formalizations.P1.PolicyTree.noConfusionType AXIOMS []
FOOTPRINT Formalizations.P1.PolicyTree.node AXIOMS []
FOOTPRINT Formalizations.P1.PolicyTree.rec AXIOMS []
FOOTPRINT Formalizations.P1.PolicyTree.recOn AXIOMS []
FOOTPRINT Formalizations.P1.SafeUnderPi._f AXIOMS []
FOOTPRINT Formalizations.P1.SafeUnderPi._sunfold AXIOMS []
FOOTPRINT Formalizations.P1.SafeUnderPi._unsafe_rec AXIOMS []
FOOTPRINT Formalizations.P1.Wk._f AXIOMS []
FOOTPRINT Formalizations.P1.Wk._sunfold AXIOMS []
FOOTPRINT Formalizations.P1.Wk._unsafe_rec AXIOMS []
FOOTPRINT Formalizations.P1.Wk.match_1 AXIOMS []
FOOTPRINT Formalizations.P1SepV4.DetAct._sizeOf_1 AXIOMS []
FOOTPRINT Formalizations.P1SepV4.DetAct._sizeOf_inst AXIOMS []
FOOTPRINT Formalizations.P1SepV4.DetAct.casesOn AXIOMS []
FOOTPRINT Formalizations.P1SepV4.DetAct.ctorElim AXIOMS []
FOOTPRINT Formalizations.P1SepV4.DetAct.ctorElimType AXIOMS []
FOOTPRINT Formalizations.P1SepV4.DetAct.ctorIdx AXIOMS []
FOOTPRINT Formalizations.P1SepV4.DetAct.fast AXIOMS []
FOOTPRINT Formalizations.P1SepV4.DetAct.noConfusion AXIOMS []
FOOTPRINT Formalizations.P1SepV4.DetAct.noConfusionType AXIOMS []
FOOTPRINT Formalizations.P1SepV4.DetAct.noswitch AXIOMS []
FOOTPRINT Formalizations.P1SepV4.DetAct.rec AXIOMS []
FOOTPRINT Formalizations.P1SepV4.DetAct.recOn AXIOMS []
FOOTPRINT Formalizations.P1SepV4.DetAct.slow AXIOMS []
FOOTPRINT Formalizations.P1SepV4.DetAct.staged AXIOMS []
FOOTPRINT Formalizations.P1SepV4.WitAct._sizeOf_1 AXIOMS []
FOOTPRINT Formalizations.P1SepV4.WitAct._sizeOf_inst AXIOMS []
FOOTPRINT Formalizations.P1SepV4.WitAct.blend AXIOMS []
FOOTPRINT Formalizations.P1SepV4.WitAct.casesOn AXIOMS []
FOOTPRINT Formalizations.P1SepV4.WitAct.ctorElim AXIOMS []
FOOTPRINT Formalizations.P1SepV4.WitAct.ctorElimType AXIOMS []
FOOTPRINT Formalizations.P1SepV4.WitAct.ctorIdx AXIOMS []
FOOTPRINT Formalizations.P1SepV4.WitAct.det AXIOMS []
FOOTPRINT Formalizations.P1SepV4.WitAct.noConfusion AXIOMS []
FOOTPRINT Formalizations.P1SepV4.WitAct.noConfusionType AXIOMS []
FOOTPRINT Formalizations.P1SepV4.WitAct.rec AXIOMS []
FOOTPRINT Formalizations.P1SepV4.WitAct.recOn AXIOMS []
FOOTPRINT Formalizations.P1SepV4.WitState._sizeOf_1 AXIOMS []
FOOTPRINT Formalizations.P1SepV4.WitState._sizeOf_inst AXIOMS []
FOOTPRINT Formalizations.P1SepV4.WitState.casesOn AXIOMS []
FOOTPRINT Formalizations.P1SepV4.WitState.ctorIdx AXIOMS []
FOOTPRINT Formalizations.P1SepV4.WitState.mk AXIOMS []
FOOTPRINT Formalizations.P1SepV4.WitState.noConfusion AXIOMS []
FOOTPRINT Formalizations.P1SepV4.WitState.noConfusionType AXIOMS []
FOOTPRINT Formalizations.P1SepV4.WitState.rec AXIOMS []
FOOTPRINT Formalizations.P1SepV4.WitState.recOn AXIOMS []
FOOTPRINT Formalizations.P1SepV4.WitState.s1 AXIOMS []
FOOTPRINT Formalizations.P1SepV4.WitState.s2 AXIOMS []
FOOTPRINT Formalizations.P1SepV4.WitState.x AXIOMS []
FOOTPRINT Formalizations.P1SepV4.eGain_nonneg._proof_1_1 AXIOMS [propext, Quot.sound]
FOOTPRINT Formalizations.P1SepV4.half_pow_scaled._proof_1_1 AXIOMS [propext, Quot.sound]
FOOTPRINT Formalizations.P1SepV4.half_pow_scaled._proof_1_2 AXIOMS [propext, Quot.sound]
FOOTPRINT Formalizations.P1SepV4.lemB_ii_linear_witness._proof_1_1 AXIOMS [propext, Quot.sound]
FOOTPRINT Formalizations.P1SepV4.natK._f AXIOMS []
FOOTPRINT Formalizations.P1SepV4.natK._sunfold AXIOMS []
FOOTPRINT Formalizations.P1SepV4.natK._unsafe_rec AXIOMS []
FOOTPRINT Formalizations.P1SepV4.natK.match_1 AXIOMS []
FOOTPRINT Formalizations.P1SepV4.natK_five_ne_zero._proof_1_1 AXIOMS [propext, Quot.sound]
FOOTPRINT Formalizations.P1SepV4.natK_five_pos._proof_1_1 AXIOMS [propext, Quot.sound]
FOOTPRINT Formalizations.P1SepV4.natK_le_iff._proof_1_1 AXIOMS [propext, Quot.sound]
FOOTPRINT Formalizations.P1SepV4.natK_lt_iff._proof_1_1 AXIOMS [propext, Quot.sound]
FOOTPRINT Formalizations.P1SepV4.natK_lt_iff._proof_1_2 AXIOMS [propext, Quot.sound]
FOOTPRINT Formalizations.P1SepV4.natK_lt_of_lt._proof_1_1 AXIOMS [propext, Quot.sound]
FOOTPRINT Formalizations.P1SepV4.natK_lt_of_lt._proof_1_2 AXIOMS [propext, Quot.sound]
FOOTPRINT Formalizations.P1SepV4.natK_pos._proof_1_1 AXIOMS [propext, Quot.sound]
FOOTPRINT Formalizations.P1SepV4.natK_ten_ne_zero._proof_1_1 AXIOMS [propext, Quot.sound]
FOOTPRINT Formalizations.P1SepV4.natK_ten_pos._proof_1_1 AXIOMS [propext, Quot.sound]
FOOTPRINT Formalizations.P1SepV4.natK_two_ne_zero._proof_1_1 AXIOMS [propext, Quot.sound]
FOOTPRINT Formalizations.P1SepV4.natK_two_pos._proof_1_1 AXIOMS [propext, Quot.sound]
FOOTPRINT Formalizations.P1SepV4.negm_master_bound._proof_1_1 AXIOMS [propext, Quot.sound]
FOOTPRINT Formalizations.P1SepV4.negm_master_bound._proof_1_2 AXIOMS [propext, Quot.sound]
FOOTPRINT Formalizations.P1SepV4.negm_master_bound._proof_1_3 AXIOMS [propext, Quot.sound]
FOOTPRINT Formalizations.P1SepV4.negm_master_bound._proof_1_4 AXIOMS [propext, Quot.sound]
FOOTPRINT Formalizations.P1SepV4.negm_master_bound._proof_1_5 AXIOMS [propext, Quot.sound]
FOOTPRINT Formalizations.P1SepV4.negm_master_bound._proof_1_6 AXIOMS [propext, Quot.sound]
FOOTPRINT Formalizations.P1SepV4.npow._f AXIOMS []
FOOTPRINT Formalizations.P1SepV4.npow._sunfold AXIOMS []
FOOTPRINT Formalizations.P1SepV4.npow._unsafe_rec AXIOMS []
FOOTPRINT Formalizations.P1SepV4.one_half_le_one._proof_1_1 AXIOMS [propext, Quot.sound]
FOOTPRINT Formalizations.P1SepV4.one_half_lt_one._proof_1_1 AXIOMS [propext, Quot.sound]
FOOTPRINT Formalizations.P1SepV4.one_half_nonneg._proof_1_1 AXIOMS [propext, Quot.sound]
FOOTPRINT Formalizations.P1SepV4.one_half_pos._proof_1_1 AXIOMS [propext, Quot.sound]
FOOTPRINT Formalizations.P1SepV4.one_half_pos._proof_1_2 AXIOMS [propext, Quot.sound]
FOOTPRINT Formalizations.P1SepV4.s2_ii_canonical_bracket._proof_1_1 AXIOMS [propext, Quot.sound]
FOOTPRINT Formalizations.P1SepV4.s2_ii_canonical_bracket._proof_1_2 AXIOMS [propext, Quot.sound]
FOOTPRINT Formalizations.P1SepV4.s2_ii_canonical_bracket._proof_1_3 AXIOMS [propext, Quot.sound]
FOOTPRINT Formalizations.P1SepV4.s2_ii_harmonic_interval._proof_1_1 AXIOMS [propext, Quot.sound]
FOOTPRINT Formalizations.P1SepV4.s2_ii_harmonic_interval._proof_1_2 AXIOMS [propext, Quot.sound]
FOOTPRINT Formalizations.P1SepV4.s2_ii_harmonic_interval._proof_1_3 AXIOMS [propext, Quot.sound]
FOOTPRINT Formalizations.P1SepV4.s2_ii_harmonic_reject._proof_1_1 AXIOMS [propext, Quot.sound]
FOOTPRINT Formalizations.P1SepV4.s2_ii_harmonic_reject._proof_1_2 AXIOMS [propext, Quot.sound]
FOOTPRINT Formalizations.P1SepV4.s2_ii_harmonic_reject._proof_1_3 AXIOMS [propext, Quot.sound]
FOOTPRINT Formalizations.P1SepV4.s2_ii_harmonic_reject._proof_1_4 AXIOMS [propext, Quot.sound]
FOOTPRINT Formalizations.P1SepV4.s2_ii_harmonic_reject._proof_1_5 AXIOMS [propext, Quot.sound]
FOOTPRINT Formalizations.P1SepV4.s2_ii_harmonic_reject._proof_1_6 AXIOMS [propext, Quot.sound]
FOOTPRINT Formalizations.P1SepV4.s2_ii_negm_interval._proof_1_1 AXIOMS [propext, Quot.sound]
FOOTPRINT Formalizations.P1SepV4.s2_ii_negm_interval._proof_1_2 AXIOMS [propext, Quot.sound]
FOOTPRINT Formalizations.P1SepV4.s2_ii_sigma_one_reject._proof_1_1 AXIOMS [propext, Quot.sound]
FOOTPRINT Formalizations.P1SepV4.s2_ii_sigma_one_reject._proof_1_2 AXIOMS [propext, Quot.sound]
FOOTPRINT Formalizations.P1SepV4.s2_ii_sigma_one_reject._proof_1_3 AXIOMS [propext, Quot.sound]
FOOTPRINT Formalizations.P1SepV4.s2_ii_sigma_one_witness._proof_1_1 AXIOMS [propext, Quot.sound]
FOOTPRINT Formalizations.P1SepV4.s2_ii_sigma_one_witness._proof_1_2 AXIOMS [propext, Quot.sound]
FOOTPRINT Formalizations.P1SepV4.s2_ii_sigma_one_witness._proof_1_3 AXIOMS [propext, Quot.sound]
FOOTPRINT Formalizations.P1SepV4.s2_ii_sigma_one_witness._proof_1_4 AXIOMS [propext, Quot.sound]
FOOTPRINT Formalizations.P1SepV4.s2_ii_sigma_quarter_witness._proof_1_1 AXIOMS [propext, Quot.sound]
FOOTPRINT Formalizations.P1SepV4.s2_ii_sigma_quarter_witness._proof_1_2 AXIOMS [propext, Quot.sound]
FOOTPRINT Formalizations.P1SepV4.s2_ii_sigma_quarter_witness._proof_1_3 AXIOMS [propext, Quot.sound]
FOOTPRINT Formalizations.P1SepV4.s2_ii_sigma_quarter_witness._proof_1_4 AXIOMS [propext, Quot.sound]
FOOTPRINT Formalizations.P1SepV4.s2_ii_sigma_quarter_witness._proof_1_5 AXIOMS [propext, Quot.sound]
FOOTPRINT Formalizations.P1SepV4.s2_ii_sigma_quarter_witness._proof_1_6 AXIOMS [propext, Quot.sound]
FOOTPRINT Formalizations.P1SepV4.s2_ii_sigma_quarter_witness._proof_1_7 AXIOMS [propext, Quot.sound]
FOOTPRINT Formalizations.P1SepV4.s2_ii_sigma_quarter_witness._proof_1_8 AXIOMS [propext, Quot.sound]
FOOTPRINT Formalizations.P1SepV4.s2_ii_sigma_three_witness._proof_1_1 AXIOMS [propext, Quot.sound]
FOOTPRINT Formalizations.P1SepV4.s2_ii_sigma_three_witness._proof_1_2 AXIOMS [propext, Quot.sound]
FOOTPRINT Formalizations.P1SepV4.s2_ii_sigma_three_witness._proof_1_3 AXIOMS [propext, Quot.sound]
FOOTPRINT Formalizations.P1SepV4.s2_ii_sigma_three_witness._proof_1_4 AXIOMS [propext, Quot.sound]
FOOTPRINT Formalizations.P1SepV4.s2_ii_sigma_three_witness._proof_1_5 AXIOMS [propext, Quot.sound]
FOOTPRINT Formalizations.P1SepV4.s2_ii_sigma_three_witness._proof_1_6 AXIOMS [propext, Quot.sound]
FOOTPRINT Formalizations.P1SepV4.s2_ii_sigma_three_witness._proof_1_7 AXIOMS [propext, Quot.sound]
FOOTPRINT Formalizations.P1SepV4.s2_ii_sigma_three_witness._proof_1_8 AXIOMS [propext, Quot.sound]
FOOTPRINT Formalizations.P1SepV4.s2_ii_sigma_two_floor._proof_1_1 AXIOMS [propext, Quot.sound]
FOOTPRINT Formalizations.P1SepV4.s2_ii_sigma_two_floor._proof_1_2 AXIOMS [propext, Quot.sound]
FOOTPRINT Formalizations.P1SepV4.s2_ii_sigma_two_floor._proof_1_3 AXIOMS [propext, Quot.sound]
FOOTPRINT Formalizations.P1SepV4.s2_ii_sigma_two_floor._proof_1_4 AXIOMS [propext, Quot.sound]
FOOTPRINT Formalizations.P1SepV4.s2_two_sided_summary._proof_1_1 AXIOMS [propext, Quot.sound]
FOOTPRINT Formalizations.P1SepV4.s2_two_sided_summary._proof_1_2 AXIOMS [propext, Quot.sound]
FOOTPRINT Formalizations.P1SepV4.thm5_2.match_1_1 AXIOMS []
FOOTPRINT Formalizations.P1SepV4.thm5_4_nonempty._proof_1_1 AXIOMS [propext, Quot.sound]
FOOTPRINT Formalizations.P1SepV4.thm5_5._proof_1_1 AXIOMS [propext, Quot.sound]
FOOTPRINT Formalizations.P1SepV4.thm5_5._proof_1_2 AXIOMS [propext, Quot.sound]
FOOTPRINT Formalizations.P1SepV4.thm5_5._proof_1_3 AXIOMS [propext, Quot.sound]
FOOTPRINT Formalizations.P1SepV4.thm5_5._proof_1_4 AXIOMS [propext, Quot.sound]
FOOTPRINT Formalizations.P1SepV4.thm5_6_datum._proof_1_1 AXIOMS [propext, Quot.sound]
FOOTPRINT Formalizations.P1SepV4.thm5_6_datum._proof_1_2 AXIOMS [propext, Quot.sound]
FOOTPRINT Formalizations.P1SepV4.thm5_6_datum._proof_1_3 AXIOMS [propext, Quot.sound]
FOOTPRINT Formalizations.P1SepV4.witEnd.match_1 AXIOMS []
FOOTPRINT Formalizations.P1SepV4.witSucc.match_1 AXIOMS []
FOOTPRINT Formalizations.P1SepV4.witTube.match_1 AXIOMS []
FOOTPRINT Formalizations.P3.DetKernels.T_eq AXIOMS []
FOOTPRINT Formalizations.P3.DetKernels._sizeOf_1 AXIOMS []
FOOTPRINT Formalizations.P3.DetKernels._sizeOf_inst AXIOMS []
FOOTPRINT Formalizations.P3.DetKernels.casesOn AXIOMS []
FOOTPRINT Formalizations.P3.DetKernels.ctorIdx AXIOMS []
FOOTPRINT Formalizations.P3.DetKernels.g_eq AXIOMS []
FOOTPRINT Formalizations.P3.DetKernels.mk AXIOMS []
FOOTPRINT Formalizations.P3.DetKernels.next AXIOMS []
FOOTPRINT Formalizations.P3.DetKernels.noConfusion AXIOMS []
FOOTPRINT Formalizations.P3.DetKernels.noConfusionType AXIOMS []
FOOTPRINT Formalizations.P3.DetKernels.obsAt AXIOMS []
FOOTPRINT Formalizations.P3.DetKernels.rec AXIOMS []
FOOTPRINT Formalizations.P3.DetKernels.recOn AXIOMS []
FOOTPRINT Formalizations.P3.DetMDP.F AXIOMS []
FOOTPRINT Formalizations.P3.DetMDP._sizeOf_1 AXIOMS []
FOOTPRINT Formalizations.P3.DetMDP._sizeOf_inst AXIOMS []
FOOTPRINT Formalizations.P3.DetMDP.casesOn AXIOMS []
FOOTPRINT Formalizations.P3.DetMDP.ctorIdx AXIOMS []
FOOTPRINT Formalizations.P3.DetMDP.mk AXIOMS []
FOOTPRINT Formalizations.P3.DetMDP.noConfusion AXIOMS []
FOOTPRINT Formalizations.P3.DetMDP.noConfusionType AXIOMS []
FOOTPRINT Formalizations.P3.DetMDP.obs AXIOMS []
FOOTPRINT Formalizations.P3.DetMDP.rec AXIOMS []
FOOTPRINT Formalizations.P3.DetMDP.recOn AXIOMS []
FOOTPRINT Formalizations.P3.DetMDP.safe AXIOMS []
FOOTPRINT Formalizations.P3.DetMDP.univA AXIOMS []
FOOTPRINT Formalizations.P3.DetMDP.univA_ne AXIOMS []
FOOTPRINT Formalizations.P3.DetMDP.univD AXIOMS []
FOOTPRINT Formalizations.P3.DetMDP.univD_ne AXIOMS []
FOOTPRINT Formalizations.P3.DetMDP.univX AXIOMS []
FOOTPRINT Formalizations.P3.DetMDP.univX_nodup AXIOMS []
FOOTPRINT Formalizations.P3.Gamma._f AXIOMS [propext]
FOOTPRINT Formalizations.P3.Gamma._sunfold AXIOMS [propext]
FOOTPRINT Formalizations.P3.Gamma._unsafe_rec AXIOMS [propext]
FOOTPRINT Formalizations.P3.Gamma.eq_1 AXIOMS [propext]
FOOTPRINT Formalizations.P3.Gamma.eq_2 AXIOMS [propext]
FOOTPRINT Formalizations.P3.Gamma.eq_def AXIOMS [propext]
FOOTPRINT Formalizations.P3.Gamma.match_1 AXIOMS []
FOOTPRINT Formalizations.P3.PLData._sizeOf_1 AXIOMS []
FOOTPRINT Formalizations.P3.PLData._sizeOf_inst AXIOMS []
FOOTPRINT Formalizations.P3.PLData.backup AXIOMS []
FOOTPRINT Formalizations.P3.PLData.casesOn AXIOMS []
FOOTPRINT Formalizations.P3.PLData.ctorIdx AXIOMS []
FOOTPRINT Formalizations.P3.PLData.mk AXIOMS []
FOOTPRINT Formalizations.P3.PLData.noConfusion AXIOMS []
FOOTPRINT Formalizations.P3.PLData.noConfusionType AXIOMS []
FOOTPRINT Formalizations.P3.PLData.rec AXIOMS []
FOOTPRINT Formalizations.P3.PLData.recOn AXIOMS []
FOOTPRINT Formalizations.P3.PLData.univA AXIOMS []
FOOTPRINT Formalizations.P3.PLData.univA_ne AXIOMS []
FOOTPRINT Formalizations.P3.PLData.univX AXIOMS []
FOOTPRINT Formalizations.P3.PLData.univY AXIOMS []
FOOTPRINT Formalizations.P3.Pruned.eq_1 AXIOMS [propext, Classical.choice, Quot.sound]
FOOTPRINT Formalizations.P3.PrunedAdm.eq_1 AXIOMS [propext, Classical.choice, Quot.sound]
FOOTPRINT Formalizations.P3.RatSub.casesOn AXIOMS []
FOOTPRINT Formalizations.P3.RatSub.ctorIdx AXIOMS []
FOOTPRINT Formalizations.P3.RatSub.isRat AXIOMS []
FOOTPRINT Formalizations.P3.RatSub.mk AXIOMS []
FOOTPRINT Formalizations.P3.RatSub.noConfusion AXIOMS []
FOOTPRINT Formalizations.P3.RatSub.noConfusionType AXIOMS []
FOOTPRINT Formalizations.P3.RatSub.rat_add AXIOMS []
FOOTPRINT Formalizations.P3.RatSub.rat_inv AXIOMS []
FOOTPRINT Formalizations.P3.RatSub.rat_mul AXIOMS []
FOOTPRINT Formalizations.P3.RatSub.rat_neg AXIOMS []
FOOTPRINT Formalizations.P3.RatSub.rat_one AXIOMS []
FOOTPRINT Formalizations.P3.RatSub.rat_zero AXIOMS []
FOOTPRINT Formalizations.P3.RatSub.rec AXIOMS []
FOOTPRINT Formalizations.P3.RatSub.recOn AXIOMS []
FOOTPRINT Formalizations.P3.Sfam.eq_1 AXIOMS [propext, Classical.choice, Quot.sound]
FOOTPRINT Formalizations.P3.SfamAdm_subset_Sfam._simp_1_1 AXIOMS [propext]
FOOTPRINT Formalizations.P3.Sfam_mem_nodup._simp_1_1 AXIOMS [propext]
FOOTPRINT Formalizations.P3.Sfam_mono._simp_1_2 AXIOMS [propext]
FOOTPRINT Formalizations.P3.Sfam_ne._simp_1_2 AXIOMS [propext]
FOOTPRINT Formalizations.P3.Sfam_nesting._simp_1_2 AXIOMS [propext]
FOOTPRINT Formalizations.P3.VAdm._f AXIOMS [propext, Classical.choice]
FOOTPRINT Formalizations.P3.VAdm._sunfold AXIOMS [propext, Classical.choice]
FOOTPRINT Formalizations.P3.VAdm.match_1 AXIOMS []
FOOTPRINT Formalizations.P3.VAdm_mono_adm._simp_1_2 AXIOMS [propext]
FOOTPRINT Formalizations.P3.Wbel.eq_1 AXIOMS []
FOOTPRINT Formalizations.P3.Wblind._f AXIOMS []
FOOTPRINT Formalizations.P3.Wblind._sunfold AXIOMS []
FOOTPRINT Formalizations.P3.Wblind._unsafe_rec AXIOMS []
FOOTPRINT Formalizations.P3.Wblind.match_1 AXIOMS []
FOOTPRINT Formalizations.P3.Wfbel.eq_1 AXIOMS []
FOOTPRINT Formalizations.P3.WmA._sizeOf_1 AXIOMS []
FOOTPRINT Formalizations.P3.WmA._sizeOf_inst AXIOMS []
FOOTPRINT Formalizations.P3.WmA.a0 AXIOMS []
FOOTPRINT Formalizations.P3.WmA.b AXIOMS []
FOOTPRINT Formalizations.P3.WmA.c AXIOMS []
FOOTPRINT Formalizations.P3.WmA.casesOn AXIOMS []
FOOTPRINT Formalizations.P3.WmA.ctorElim AXIOMS []
FOOTPRINT Formalizations.P3.WmA.ctorElimType AXIOMS []
FOOTPRINT Formalizations.P3.WmA.ctorIdx AXIOMS []
FOOTPRINT Formalizations.P3.WmA.noConfusion AXIOMS []
FOOTPRINT Formalizations.P3.WmA.noConfusionType AXIOMS []
FOOTPRINT Formalizations.P3.WmA.ofNat AXIOMS []
FOOTPRINT Formalizations.P3.WmA.ofNat_ctorIdx AXIOMS []
FOOTPRINT Formalizations.P3.WmA.rec AXIOMS []
FOOTPRINT Formalizations.P3.WmA.recOn AXIOMS []
FOOTPRINT Formalizations.P3.WmD._sizeOf_1 AXIOMS []
FOOTPRINT Formalizations.P3.WmD._sizeOf_inst AXIOMS []
FOOTPRINT Formalizations.P3.WmD.casesOn AXIOMS []
FOOTPRINT Formalizations.P3.WmD.ctorIdx AXIOMS []
FOOTPRINT Formalizations.P3.WmD.d0 AXIOMS []
FOOTPRINT Formalizations.P3.WmD.noConfusion AXIOMS []
FOOTPRINT Formalizations.P3.WmD.noConfusionType AXIOMS []
FOOTPRINT Formalizations.P3.WmD.ofNat AXIOMS []
FOOTPRINT Formalizations.P3.WmD.ofNat_ctorIdx AXIOMS []
FOOTPRINT Formalizations.P3.WmD.rec AXIOMS []
FOOTPRINT Formalizations.P3.WmD.recOn AXIOMS []
FOOTPRINT Formalizations.P3.WmX._sizeOf_1 AXIOMS []
FOOTPRINT Formalizations.P3.WmX._sizeOf_inst AXIOMS []
FOOTPRINT Formalizations.P3.WmX.casesOn AXIOMS []
FOOTPRINT Formalizations.P3.WmX.ctorElim AXIOMS []
FOOTPRINT Formalizations.P3.WmX.ctorElimType AXIOMS []
FOOTPRINT Formalizations.P3.WmX.ctorIdx AXIOMS []
FOOTPRINT Formalizations.P3.WmX.dead AXIOMS []
FOOTPRINT Formalizations.P3.WmX.good AXIOMS []
FOOTPRINT Formalizations.P3.WmX.noConfusion AXIOMS []
FOOTPRINT Formalizations.P3.WmX.noConfusionType AXIOMS []
FOOTPRINT Formalizations.P3.WmX.ofNat AXIOMS []
FOOTPRINT Formalizations.P3.WmX.ofNat_ctorIdx AXIOMS []
FOOTPRINT Formalizations.P3.WmX.p AXIOMS []
FOOTPRINT Formalizations.P3.WmX.p1 AXIOMS []
FOOTPRINT Formalizations.P3.WmX.q AXIOMS []
FOOTPRINT Formalizations.P3.WmX.q1 AXIOMS []
FOOTPRINT Formalizations.P3.WmX.rec AXIOMS []
FOOTPRINT Formalizations.P3.WmX.recOn AXIOMS []
FOOTPRINT Formalizations.P3.WmX.x0 AXIOMS []
FOOTPRINT Formalizations.P3.Wmem._f AXIOMS []
FOOTPRINT Formalizations.P3.Wmem._sunfold AXIOMS []
FOOTPRINT Formalizations.P3.Wmem._unsafe_rec AXIOMS []
FOOTPRINT Formalizations.P3.Wmem_iff_feedback.match_1_1 AXIOMS []
FOOTPRINT Formalizations.P3.actSet.eq_1 AXIOMS []
FOOTPRINT Formalizations.P3.bS_supp_trunc._simp_1_1 AXIOMS [propext]
FOOTPRINT Formalizations.P3.choose._f AXIOMS []
FOOTPRINT Formalizations.P3.choose._sunfold AXIOMS []
FOOTPRINT Formalizations.P3.choose._unsafe_rec AXIOMS []
FOOTPRINT Formalizations.P3.choose.match_1 AXIOMS []
FOOTPRINT Formalizations.P3.choose_eq_zero_of_lt._f AXIOMS []
FOOTPRINT Formalizations.P3.choose_eq_zero_of_lt.match_1_1 AXIOMS []
FOOTPRINT Formalizations.P3.choose_self._f AXIOMS []
FOOTPRINT Formalizations.P3.choose_self.match_1_1 AXIOMS []
FOOTPRINT Formalizations.P3.choose_zero_right.match_1_1 AXIOMS []
FOOTPRINT Formalizations.P3.choose_zero_succ.match_1_1 AXIOMS []
FOOTPRINT Formalizations.P3.complOf.eq_1 AXIOMS [propext]
FOOTPRINT Formalizations.P3.dedup._f AXIOMS [propext]
FOOTPRINT Formalizations.P3.dedup._sunfold AXIOMS [propext]
FOOTPRINT Formalizations.P3.dedup._unsafe_rec AXIOMS [propext]
FOOTPRINT Formalizations.P3.dedup.eq_1 AXIOMS [propext]
FOOTPRINT Formalizations.P3.dedup.eq_2 AXIOMS [propext]
FOOTPRINT Formalizations.P3.dedup.eq_def AXIOMS [propext]
FOOTPRINT Formalizations.P3.dedup.match_1 AXIOMS []
FOOTPRINT Formalizations.P3.deficit_point._simp_1_1 AXIOMS [propext]
FOOTPRINT Formalizations.P3.drop_removes_set._simp_1_1 AXIOMS [propext]
FOOTPRINT Formalizations.P3.drops._f AXIOMS [propext, Classical.choice, Quot.sound]
FOOTPRINT Formalizations.P3.drops._sunfold AXIOMS [propext, Classical.choice, Quot.sound]
FOOTPRINT Formalizations.P3.drops.eq_1 AXIOMS [propext, Classical.choice, Quot.sound]
FOOTPRINT Formalizations.P3.drops.eq_2 AXIOMS [propext, Classical.choice, Quot.sound]
FOOTPRINT Formalizations.P3.drops.eq_def AXIOMS [propext, Classical.choice, Quot.sound]
FOOTPRINT Formalizations.P3.drops.match_1 AXIOMS []
FOOTPRINT Formalizations.P3.filter_ne_nil_of_exists._simp_1_1 AXIOMS [propext]
FOOTPRINT Formalizations.P3.instDecidableEqWmA._proof_1 AXIOMS []
FOOTPRINT Formalizations.P3.instDecidableEqWmA._proof_2 AXIOMS []
FOOTPRINT Formalizations.P3.instDecidableEqWmD._proof_1 AXIOMS []
FOOTPRINT Formalizations.P3.instDecidableEqWmX._proof_1 AXIOMS []
FOOTPRINT Formalizations.P3.instDecidableEqWmX._proof_2 AXIOMS []
FOOTPRINT Formalizations.P3.iterΦ._f AXIOMS []
FOOTPRINT Formalizations.P3.iterΦ._sunfold AXIOMS []
FOOTPRINT Formalizations.P3.iterΦ._unsafe_rec AXIOMS []
FOOTPRINT Formalizations.P3.iterΦ.match_1 AXIOMS []
FOOTPRINT Formalizations.P3.lsum_ind_add_le._simp_1_2 AXIOMS [propext]
FOOTPRINT Formalizations.P3.lsum_subset_add_le._simp_1_1 AXIOMS [propext]
FOOTPRINT Formalizations.P3.mem_SfamAdm._simp_1_1 AXIOMS [propext]
FOOTPRINT Formalizations.P3.mem_SfamFB._simp_1_1 AXIOMS [propext]
FOOTPRINT Formalizations.P3.mem_tuplesAux._simp_1_1 AXIOMS [propext]
FOOTPRINT Formalizations.P3.mem_tuplesAux._simp_1_2 AXIOMS [propext, Quot.sound]
FOOTPRINT Formalizations.P3.mix._proof_1 AXIOMS [propext]
FOOTPRINT Formalizations.P3.nil_mem_subsetsOf._f AXIOMS [propext, Quot.sound]
FOOTPRINT Formalizations.P3.nil_mem_subsetsOf.match_1_1 AXIOMS []
FOOTPRINT Formalizations.P3.pIn.congr_simp AXIOMS [propext, Quot.sound]
FOOTPRINT Formalizations.P3.pIn.eq_1 AXIOMS [propext]
FOOTPRINT Formalizations.P3.postPred.eq_1 AXIOMS []
FOOTPRINT Formalizations.P3.ratOrdField._proof_1 AXIOMS [propext, Quot.sound]
FOOTPRINT Formalizations.P3.ratOrdField._proof_2 AXIOMS [propext, Quot.sound]
FOOTPRINT Formalizations.P3.ratOrdField._proof_3 AXIOMS [propext, Classical.choice, Quot.sound]
FOOTPRINT Formalizations.P3.rat_ind._simp_1_1 AXIOMS [propext]
FOOTPRINT Formalizations.P3.rat_ind._simp_1_2 AXIOMS [propext]
FOOTPRINT Formalizations.P3.selections._f AXIOMS []
FOOTPRINT Formalizations.P3.selections._sunfold AXIOMS []
FOOTPRINT Formalizations.P3.selections._unsafe_rec AXIOMS []
FOOTPRINT Formalizations.P3.selections.eq_1 AXIOMS []
FOOTPRINT Formalizations.P3.selections.eq_2 AXIOMS []
FOOTPRINT Formalizations.P3.selections.eq_def AXIOMS []
FOOTPRINT Formalizations.P3.selections.match_1 AXIOMS []
FOOTPRINT Formalizations.P3.strictDrop.eq_1 AXIOMS [propext, Classical.choice, Quot.sound]
FOOTPRINT Formalizations.P3.subsetsOf._f AXIOMS []
FOOTPRINT Formalizations.P3.subsetsOf._sunfold AXIOMS []
FOOTPRINT Formalizations.P3.subsetsOf._unsafe_rec AXIOMS []
FOOTPRINT Formalizations.P3.subsetsOf.eq_1 AXIOMS []
FOOTPRINT Formalizations.P3.subsetsOf.eq_2 AXIOMS []
FOOTPRINT Formalizations.P3.subsetsOf.eq_def AXIOMS []
FOOTPRINT Formalizations.P3.subsetsOf.match_1 AXIOMS []
FOOTPRINT Formalizations.P3.subsetsOf_length._f AXIOMS [propext]
FOOTPRINT Formalizations.P3.subsetsOf_length.match_1_1 AXIOMS []
FOOTPRINT Formalizations.P3.succPred.eq_1 AXIOMS []
FOOTPRINT Formalizations.P3.suppList.eq_1 AXIOMS [propext, Classical.choice, Quot.sound]
FOOTPRINT Formalizations.P3.suppPred.eq_1 AXIOMS []
FOOTPRINT Formalizations.P3.survK._f AXIOMS []
FOOTPRINT Formalizations.P3.survK._sunfold AXIOMS []
FOOTPRINT Formalizations.P3.survK._unsafe_rec AXIOMS []
FOOTPRINT Formalizations.P3.survK.eq_1 AXIOMS []
FOOTPRINT Formalizations.P3.survK.eq_2 AXIOMS []
FOOTPRINT Formalizations.P3.survK.eq_def AXIOMS []
FOOTPRINT Formalizations.P3.survK.match_1 AXIOMS []
FOOTPRINT Formalizations.P3.survPol._f AXIOMS []
FOOTPRINT Formalizations.P3.survPol._sunfold AXIOMS []
FOOTPRINT Formalizations.P3.survPol._unsafe_rec AXIOMS []
FOOTPRINT Formalizations.P3.survPol.eq_1 AXIOMS []
FOOTPRINT Formalizations.P3.survPol.eq_2 AXIOMS []
FOOTPRINT Formalizations.P3.survPol.eq_def AXIOMS []
FOOTPRINT Formalizations.P3.survPol.match_1 AXIOMS []
FOOTPRINT Formalizations.P3.survSet.eq_1 AXIOMS []
FOOTPRINT Formalizations.P3.survT._f AXIOMS []
FOOTPRINT Formalizations.P3.survT._sunfold AXIOMS []
FOOTPRINT Formalizations.P3.survT._unsafe_rec AXIOMS []
FOOTPRINT Formalizations.P3.survT.eq_1 AXIOMS []
FOOTPRINT Formalizations.P3.survT.eq_2 AXIOMS []
FOOTPRINT Formalizations.P3.survT.eq_def AXIOMS []
FOOTPRINT Formalizations.P3.survT.match_1 AXIOMS []
FOOTPRINT Formalizations.P3.tuples._f AXIOMS []
FOOTPRINT Formalizations.P3.tuples._sunfold AXIOMS []
FOOTPRINT Formalizations.P3.tuples._unsafe_rec AXIOMS []
FOOTPRINT Formalizations.P3.tuples.eq_1 AXIOMS []
FOOTPRINT Formalizations.P3.tuples.eq_2 AXIOMS []
FOOTPRINT Formalizations.P3.tuples.eq_def AXIOMS []
FOOTPRINT Formalizations.P3.tuples.match_1 AXIOMS []
FOOTPRINT Formalizations.P3.tuplesAux._f AXIOMS []
FOOTPRINT Formalizations.P3.tuplesAux._sunfold AXIOMS []
FOOTPRINT Formalizations.P3.tuplesAux._unsafe_rec AXIOMS []
FOOTPRINT Formalizations.P3.tuplesAux.eq_1 AXIOMS []
FOOTPRINT Formalizations.P3.tuplesAux.eq_2 AXIOMS []
FOOTPRINT Formalizations.P3.tuplesAux.eq_def AXIOMS []
FOOTPRINT Formalizations.P3.tuplesAux.match_1 AXIOMS []
FOOTPRINT Formalizations.P3.wmB.eq_1 AXIOMS []
UNEXPECTED Formalizations.P3.wmBelief._proof_1 AXIOM Formalizations.P3.wmBelief._native.native_decide.ax_10
UNEXPECTED Formalizations.P3.wmBelief._proof_1 AXIOM Formalizations.P3.wmBelief._native.native_decide.ax_4
UNEXPECTED Formalizations.P3.wmBelief._proof_1 AXIOM Formalizations.P3.wmBelief._native.native_decide.ax_5
UNEXPECTED Formalizations.P3.wmBelief._proof_1 AXIOM Formalizations.P3.wmBelief._native.native_decide.ax_6
UNEXPECTED Formalizations.P3.wmBelief._proof_1 AXIOM Formalizations.P3.wmBelief._native.native_decide.ax_7
UNEXPECTED Formalizations.P3.wmBelief._proof_1 AXIOM Formalizations.P3.wmBelief._native.native_decide.ax_8
UNEXPECTED Formalizations.P3.wmBelief._proof_1 AXIOM Formalizations.P3.wmBelief._native.native_decide.ax_9
FOOTPRINT Formalizations.P3.wmBelief._proof_1 AXIOMS [propext,
 Classical.choice,
 Quot.sound,
 Formalizations.P3.wmBelief._native.native_decide.ax_10,
 Formalizations.P3.wmBelief._native.native_decide.ax_4,
 Formalizations.P3.wmBelief._native.native_decide.ax_5,
 Formalizations.P3.wmBelief._native.native_decide.ax_6,
 Formalizations.P3.wmBelief._native.native_decide.ax_7,
 Formalizations.P3.wmBelief._native.native_decide.ax_8,
 Formalizations.P3.wmBelief._native.native_decide.ax_9]
FOOTPRINT Formalizations.P3.wmBelief._sparseCasesOn_1 AXIOMS [propext]
UNEXPECTED Formalizations.P3.wmBelief.eq_1 AXIOM Formalizations.P3.wmBelief._native.native_decide.ax_10
UNEXPECTED Formalizations.P3.wmBelief.eq_1 AXIOM Formalizations.P3.wmBelief._native.native_decide.ax_4
UNEXPECTED Formalizations.P3.wmBelief.eq_1 AXIOM Formalizations.P3.wmBelief._native.native_decide.ax_5
UNEXPECTED Formalizations.P3.wmBelief.eq_1 AXIOM Formalizations.P3.wmBelief._native.native_decide.ax_6
UNEXPECTED Formalizations.P3.wmBelief.eq_1 AXIOM Formalizations.P3.wmBelief._native.native_decide.ax_7
UNEXPECTED Formalizations.P3.wmBelief.eq_1 AXIOM Formalizations.P3.wmBelief._native.native_decide.ax_8
UNEXPECTED Formalizations.P3.wmBelief.eq_1 AXIOM Formalizations.P3.wmBelief._native.native_decide.ax_9
FOOTPRINT Formalizations.P3.wmBelief.eq_1 AXIOMS [propext,
 Classical.choice,
 Quot.sound,
 Formalizations.P3.wmBelief._native.native_decide.ax_10,
 Formalizations.P3.wmBelief._native.native_decide.ax_4,
 Formalizations.P3.wmBelief._native.native_decide.ax_5,
 Formalizations.P3.wmBelief._native.native_decide.ax_6,
 Formalizations.P3.wmBelief._native.native_decide.ax_7,
 Formalizations.P3.wmBelief._native.native_decide.ax_8,
 Formalizations.P3.wmBelief._native.native_decide.ax_9]
FOOTPRINT Formalizations.P3.wmBelief.match_1 AXIOMS [propext]
UNEXPECTED Formalizations.P3.wmBelief_supp._simp_1_3 AXIOM Formalizations.P3.rat_half_ne_zero._native.native_decide.ax_1_1
FOOTPRINT Formalizations.P3.wmBelief_supp._simp_1_3 AXIOMS [propext,
 Classical.choice,
 Quot.sound,
 Formalizations.P3.rat_half_ne_zero._native.native_decide.ax_1_1]
FOOTPRINT Formalizations.P3.wmModel._proof_1 AXIOMS []
FOOTPRINT Formalizations.P3.wmModel._proof_2 AXIOMS []
FOOTPRINT Formalizations.P3.wmModel._proof_3 AXIOMS []
FOOTPRINT Formalizations.P3.wmModel._sparseCasesOn_1 AXIOMS [propext]
FOOTPRINT Formalizations.P3.wmModel._sparseCasesOn_11 AXIOMS [propext]
FOOTPRINT Formalizations.P3.wmModel._sparseCasesOn_2 AXIOMS [propext]
FOOTPRINT Formalizations.P3.wmModel._sparseCasesOn_3 AXIOMS [propext]
FOOTPRINT Formalizations.P3.wmModel._sparseCasesOn_4 AXIOMS [propext]
FOOTPRINT Formalizations.P3.wmModel._sparseCasesOn_7 AXIOMS [propext]
FOOTPRINT Formalizations.P3.wmModel._sparseCasesOn_8 AXIOMS [propext]
FOOTPRINT Formalizations.P3.wmModel.eq_1 AXIOMS [propext]
FOOTPRINT Formalizations.P3.wmModel.match_1 AXIOMS [propext]
FOOTPRINT Formalizations.P3.wmModel.match_11 AXIOMS [propext]
FOOTPRINT Formalizations.P3.wmModel.match_7 AXIOMS [propext]
FOOTPRINT Formalizations.POMDP.J._f AXIOMS []
FOOTPRINT Formalizations.POMDP.J._sunfold AXIOMS []
FOOTPRINT Formalizations.POMDP.J._unsafe_rec AXIOMS []
FOOTPRINT Formalizations.POMDP.J.match_1 AXIOMS []
FOOTPRINT Formalizations.POMDP.Mass._sizeOf_1 AXIOMS []
FOOTPRINT Formalizations.POMDP.Mass._sizeOf_inst AXIOMS []
FOOTPRINT Formalizations.POMDP.Mass.casesOn AXIOMS []
FOOTPRINT Formalizations.POMDP.Mass.ctorIdx AXIOMS []
FOOTPRINT Formalizations.POMDP.Mass.f AXIOMS []
FOOTPRINT Formalizations.POMDP.Mass.mk AXIOMS []
FOOTPRINT Formalizations.POMDP.Mass.noConfusion AXIOMS []
FOOTPRINT Formalizations.POMDP.Mass.noConfusionType AXIOMS []
FOOTPRINT Formalizations.POMDP.Mass.nonneg AXIOMS []
FOOTPRINT Formalizations.POMDP.Mass.rec AXIOMS []
FOOTPRINT Formalizations.POMDP.Mass.recOn AXIOMS []
FOOTPRINT Formalizations.POMDP.Pol._sizeOf_1 AXIOMS []
FOOTPRINT Formalizations.POMDP.Pol._sizeOf_inst AXIOMS []
FOOTPRINT Formalizations.POMDP.Pol.act AXIOMS []
FOOTPRINT Formalizations.POMDP.Pol.below AXIOMS []
FOOTPRINT Formalizations.POMDP.Pol.brecOn AXIOMS []
FOOTPRINT Formalizations.POMDP.Pol.casesOn AXIOMS []
FOOTPRINT Formalizations.POMDP.Pol.ctorElim AXIOMS []
FOOTPRINT Formalizations.POMDP.Pol.ctorElimType AXIOMS []
FOOTPRINT Formalizations.POMDP.Pol.ctorIdx AXIOMS []
FOOTPRINT Formalizations.POMDP.Pol.noConfusion AXIOMS []
FOOTPRINT Formalizations.POMDP.Pol.noConfusionType AXIOMS []
FOOTPRINT Formalizations.POMDP.Pol.rec AXIOMS []
FOOTPRINT Formalizations.POMDP.Pol.recOn AXIOMS []
FOOTPRINT Formalizations.POMDP.Pol.stop AXIOMS []
FOOTPRINT Formalizations.POMDP.PolIn._f AXIOMS []
FOOTPRINT Formalizations.POMDP.PolIn._sunfold AXIOMS []
FOOTPRINT Formalizations.POMDP.PolIn._unsafe_rec AXIOMS []
FOOTPRINT Formalizations.POMDP.PolIn.match_1 AXIOMS []
FOOTPRINT Formalizations.POMDP.SafeMDP.T AXIOMS []
FOOTPRINT Formalizations.POMDP.SafeMDP.T_nonneg AXIOMS []
FOOTPRINT Formalizations.POMDP.SafeMDP.T_sub AXIOMS []
FOOTPRINT Formalizations.POMDP.SafeMDP._sizeOf_1 AXIOMS []
FOOTPRINT Formalizations.POMDP.SafeMDP._sizeOf_inst AXIOMS []
FOOTPRINT Formalizations.POMDP.SafeMDP.casesOn AXIOMS []
FOOTPRINT Formalizations.POMDP.SafeMDP.ctorIdx AXIOMS []
FOOTPRINT Formalizations.POMDP.SafeMDP.g AXIOMS []
FOOTPRINT Formalizations.POMDP.SafeMDP.g_nonneg AXIOMS []
FOOTPRINT Formalizations.POMDP.SafeMDP.g_sum AXIOMS []
FOOTPRINT Formalizations.POMDP.SafeMDP.mk AXIOMS []
FOOTPRINT Formalizations.POMDP.SafeMDP.noConfusion AXIOMS []
FOOTPRINT Formalizations.POMDP.SafeMDP.noConfusionType AXIOMS []
FOOTPRINT Formalizations.POMDP.SafeMDP.rec AXIOMS []
FOOTPRINT Formalizations.POMDP.SafeMDP.recOn AXIOMS []
FOOTPRINT Formalizations.POMDP.SafeMDP.univA AXIOMS []
FOOTPRINT Formalizations.POMDP.SafeMDP.univA_ne AXIOMS []
FOOTPRINT Formalizations.POMDP.SafeMDP.univX AXIOMS []
FOOTPRINT Formalizations.POMDP.SafeMDP.univY AXIOMS []
FOOTPRINT Formalizations.POMDP.V._f AXIOMS [propext, Classical.choice]
FOOTPRINT Formalizations.POMDP.V._sunfold AXIOMS [propext, Classical.choice]
FOOTPRINT Formalizations.POMDP.V.match_1 AXIOMS []
FOOTPRINT Formalizations.POMDP.lmax.eq_1 AXIOMS [propext, Classical.choice]
FOOTPRINT Formalizations.POMDP.smul._proof_1 AXIOMS []
FOOTPRINT Formalizations.POMDP.step._proof_1 AXIOMS []
FOOTPRINT Formalizations.EBC.Tri.hold.elim AXIOMS []
FOOTPRINT Formalizations.EBC.Tri.hold.sizeOf_spec AXIOMS []
FOOTPRINT Formalizations.EBC.Tri.neg.elim AXIOMS []
FOOTPRINT Formalizations.EBC.Tri.neg.sizeOf_spec AXIOMS []
FOOTPRINT Formalizations.EBC.Tri.pos.elim AXIOMS []
FOOTPRINT Formalizations.EBC.Tri.pos.sizeOf_spec AXIOMS []
FOOTPRINT Formalizations.EBC.pair_first_step_fails._sparseCasesOn_1_1.else_eq AXIOMS [propext]
FOOTPRINT Formalizations.P1.FinSys.mk._flat_ctor AXIOMS []
FOOTPRINT Formalizations.P1.FinSys.mk.inj AXIOMS []
FOOTPRINT Formalizations.P1.FinSys.mk.injEq AXIOMS [propext]
FOOTPRINT Formalizations.P1.FinSys.mk.noConfusion AXIOMS []
FOOTPRINT Formalizations.P1.FinSys.mk.sizeOf_spec AXIOMS []
FOOTPRINT Formalizations.P1.HiddenMode.Act._sizeOf_1 AXIOMS []
FOOTPRINT Formalizations.P1.HiddenMode.Act._sizeOf_inst AXIOMS []
FOOTPRINT Formalizations.P1.HiddenMode.Act.casesOn AXIOMS []
FOOTPRINT Formalizations.P1.HiddenMode.Act.ctorElim AXIOMS []
FOOTPRINT Formalizations.P1.HiddenMode.Act.ctorElimType AXIOMS []
FOOTPRINT Formalizations.P1.HiddenMode.Act.ctorIdx AXIOMS []
FOOTPRINT Formalizations.P1.HiddenMode.Act.down AXIOMS []
FOOTPRINT Formalizations.P1.HiddenMode.Act.noConfusion AXIOMS []
FOOTPRINT Formalizations.P1.HiddenMode.Act.noConfusionType AXIOMS []
FOOTPRINT Formalizations.P1.HiddenMode.Act.rec AXIOMS []
FOOTPRINT Formalizations.P1.HiddenMode.Act.recOn AXIOMS []
FOOTPRINT Formalizations.P1.HiddenMode.Act.up AXIOMS []
FOOTPRINT Formalizations.P1.HiddenMode.Mode._sizeOf_1 AXIOMS []
FOOTPRINT Formalizations.P1.HiddenMode.Mode._sizeOf_inst AXIOMS []
FOOTPRINT Formalizations.P1.HiddenMode.Mode.casesOn AXIOMS []
FOOTPRINT Formalizations.P1.HiddenMode.Mode.ctorElim AXIOMS []
FOOTPRINT Formalizations.P1.HiddenMode.Mode.ctorElimType AXIOMS []
FOOTPRINT Formalizations.P1.HiddenMode.Mode.ctorIdx AXIOMS []
FOOTPRINT Formalizations.P1.HiddenMode.Mode.neg AXIOMS []
FOOTPRINT Formalizations.P1.HiddenMode.Mode.noConfusion AXIOMS []
FOOTPRINT Formalizations.P1.HiddenMode.Mode.noConfusionType AXIOMS []
FOOTPRINT Formalizations.P1.HiddenMode.Mode.out AXIOMS []
FOOTPRINT Formalizations.P1.HiddenMode.Mode.pos AXIOMS []
FOOTPRINT Formalizations.P1.HiddenMode.Mode.rec AXIOMS []
FOOTPRINT Formalizations.P1.HiddenMode.Mode.recOn AXIOMS []
FOOTPRINT Formalizations.P1.HiddenMode.sysstep._sparseCasesOn_1 AXIOMS [propext]
FOOTPRINT Formalizations.P1.HiddenMode.sysstep._sparseCasesOn_2 AXIOMS [propext]
FOOTPRINT Formalizations.P1.HiddenMode.sysstep._sparseCasesOn_3 AXIOMS [propext]
FOOTPRINT Formalizations.P1.HiddenMode.sysstep._sparseCasesOn_4 AXIOMS [propext]
FOOTPRINT Formalizations.P1.HiddenMode.sysstep._sparseCasesOn_5 AXIOMS [propext]
FOOTPRINT Formalizations.P1.HiddenMode.sysstep.match_1 AXIOMS [propext]
FOOTPRINT Formalizations.P1.HiddenMode.sysstep_down_inv.match_1_1 AXIOMS [propext]
FOOTPRINT Formalizations.P1.HiddenMode.sysstep_down_inv.match_1_11 AXIOMS [propext]
FOOTPRINT Formalizations.P1.HiddenMode.sysstep_down_inv.match_1_13 AXIOMS [propext]
FOOTPRINT Formalizations.P1.HiddenMode.sysstep_down_inv.match_1_3 AXIOMS [propext]
FOOTPRINT Formalizations.P1.HiddenMode.sysstep_down_inv.match_1_5 AXIOMS [propext]
FOOTPRINT Formalizations.P1.HiddenMode.sysstep_down_inv.match_1_7 AXIOMS [propext]
FOOTPRINT Formalizations.P1.HiddenMode.sysstep_down_inv.match_1_9 AXIOMS [propext]
FOOTPRINT Formalizations.P1.HiddenMode.sysstep_up_inv.match_1_1 AXIOMS [propext]
FOOTPRINT Formalizations.P1.HiddenMode.sysstep_up_inv.match_1_11 AXIOMS [propext]
FOOTPRINT Formalizations.P1.HiddenMode.sysstep_up_inv.match_1_13 AXIOMS [propext]
FOOTPRINT Formalizations.P1.HiddenMode.sysstep_up_inv.match_1_3 AXIOMS [propext]
FOOTPRINT Formalizations.P1.HiddenMode.sysstep_up_inv.match_1_5 AXIOMS [propext]
FOOTPRINT Formalizations.P1.HiddenMode.sysstep_up_inv.match_1_7 AXIOMS [propext]
FOOTPRINT Formalizations.P1.HiddenMode.sysstep_up_inv.match_1_9 AXIOMS [propext]
FOOTPRINT Formalizations.P1.PolicyTree.brecOn.eq AXIOMS []
FOOTPRINT Formalizations.P1.PolicyTree.brecOn.go AXIOMS []
FOOTPRINT Formalizations.P1.PolicyTree.leaf.elim AXIOMS []
FOOTPRINT Formalizations.P1.PolicyTree.leaf.noConfusion AXIOMS []
FOOTPRINT Formalizations.P1.PolicyTree.leaf.sizeOf_spec AXIOMS []
FOOTPRINT Formalizations.P1.PolicyTree.node.elim AXIOMS []
FOOTPRINT Formalizations.P1.PolicyTree.node.inj AXIOMS []
FOOTPRINT Formalizations.P1.PolicyTree.node.injEq AXIOMS [propext]
FOOTPRINT Formalizations.P1.PolicyTree.node.noConfusion AXIOMS []
FOOTPRINT Formalizations.P1.PolicyTree.node.sizeOf_spec AXIOMS []
FOOTPRINT Formalizations.P1SepV4.DetAct.fast.elim AXIOMS []
FOOTPRINT Formalizations.P1SepV4.DetAct.fast.sizeOf_spec AXIOMS []
FOOTPRINT Formalizations.P1SepV4.DetAct.noswitch.elim AXIOMS []
FOOTPRINT Formalizations.P1SepV4.DetAct.noswitch.sizeOf_spec AXIOMS []
FOOTPRINT Formalizations.P1SepV4.DetAct.slow.elim AXIOMS []
FOOTPRINT Formalizations.P1SepV4.DetAct.slow.sizeOf_spec AXIOMS []
FOOTPRINT Formalizations.P1SepV4.DetAct.staged.elim AXIOMS []
FOOTPRINT Formalizations.P1SepV4.DetAct.staged.sizeOf_spec AXIOMS []
FOOTPRINT Formalizations.P1SepV4.WitAct.blend.elim AXIOMS []
FOOTPRINT Formalizations.P1SepV4.WitAct.blend.inj AXIOMS []
FOOTPRINT Formalizations.P1SepV4.WitAct.blend.injEq AXIOMS [propext]
FOOTPRINT Formalizations.P1SepV4.WitAct.blend.noConfusion AXIOMS []
FOOTPRINT Formalizations.P1SepV4.WitAct.blend.sizeOf_spec AXIOMS []
FOOTPRINT Formalizations.P1SepV4.WitAct.det.elim AXIOMS []
FOOTPRINT Formalizations.P1SepV4.WitAct.det.inj AXIOMS []
FOOTPRINT Formalizations.P1SepV4.WitAct.det.injEq AXIOMS [propext]
FOOTPRINT Formalizations.P1SepV4.WitAct.det.noConfusion AXIOMS []
FOOTPRINT Formalizations.P1SepV4.WitAct.det.sizeOf_spec AXIOMS []
FOOTPRINT Formalizations.P1SepV4.WitState.mk._flat_ctor AXIOMS []
FOOTPRINT Formalizations.P1SepV4.WitState.mk.inj AXIOMS []
FOOTPRINT Formalizations.P1SepV4.WitState.mk.injEq AXIOMS [propext]
FOOTPRINT Formalizations.P1SepV4.WitState.mk.noConfusion AXIOMS []
FOOTPRINT Formalizations.P1SepV4.WitState.mk.sizeOf_spec AXIOMS []
FOOTPRINT Formalizations.P3.DetKernels.mk._flat_ctor AXIOMS []
FOOTPRINT Formalizations.P3.DetKernels.mk.inj AXIOMS []
FOOTPRINT Formalizations.P3.DetKernels.mk.injEq AXIOMS [propext]
FOOTPRINT Formalizations.P3.DetKernels.mk.noConfusion AXIOMS []
FOOTPRINT Formalizations.P3.DetKernels.mk.sizeOf_spec AXIOMS []
FOOTPRINT Formalizations.P3.DetMDP.mk._flat_ctor AXIOMS []
FOOTPRINT Formalizations.P3.DetMDP.mk.congr_simp AXIOMS []
FOOTPRINT Formalizations.P3.DetMDP.mk.inj AXIOMS []
FOOTPRINT Formalizations.P3.DetMDP.mk.injEq AXIOMS [propext]
FOOTPRINT Formalizations.P3.DetMDP.mk.noConfusion AXIOMS []
FOOTPRINT Formalizations.P3.DetMDP.mk.sizeOf_spec AXIOMS []
FOOTPRINT Formalizations.P3.PLData.mk._flat_ctor AXIOMS []
FOOTPRINT Formalizations.P3.PLData.mk.inj AXIOMS []
FOOTPRINT Formalizations.P3.PLData.mk.injEq AXIOMS [propext]
FOOTPRINT Formalizations.P3.PLData.mk.noConfusion AXIOMS []
FOOTPRINT Formalizations.P3.PLData.mk.sizeOf_spec AXIOMS []
FOOTPRINT Formalizations.P3.RatSub.mk._flat_ctor AXIOMS []
FOOTPRINT Formalizations.P3.RatSub.mk.noConfusion AXIOMS []
FOOTPRINT Formalizations.P3.WmA.a0.elim AXIOMS []
FOOTPRINT Formalizations.P3.WmA.a0.sizeOf_spec AXIOMS []
FOOTPRINT Formalizations.P3.WmA.b.elim AXIOMS []
FOOTPRINT Formalizations.P3.WmA.b.sizeOf_spec AXIOMS []
FOOTPRINT Formalizations.P3.WmA.c.elim AXIOMS []
FOOTPRINT Formalizations.P3.WmA.c.sizeOf_spec AXIOMS []
FOOTPRINT Formalizations.P3.WmD.d0.sizeOf_spec AXIOMS []
FOOTPRINT Formalizations.P3.WmX.dead.elim AXIOMS []
FOOTPRINT Formalizations.P3.WmX.dead.sizeOf_spec AXIOMS []
FOOTPRINT Formalizations.P3.WmX.good.elim AXIOMS []
FOOTPRINT Formalizations.P3.WmX.good.sizeOf_spec AXIOMS []
FOOTPRINT Formalizations.P3.WmX.p.elim AXIOMS []
FOOTPRINT Formalizations.P3.WmX.p.sizeOf_spec AXIOMS []
FOOTPRINT Formalizations.P3.WmX.p1.elim AXIOMS []
FOOTPRINT Formalizations.P3.WmX.p1.sizeOf_spec AXIOMS []
FOOTPRINT Formalizations.P3.WmX.q.elim AXIOMS []
FOOTPRINT Formalizations.P3.WmX.q.sizeOf_spec AXIOMS []
FOOTPRINT Formalizations.P3.WmX.q1.elim AXIOMS []
FOOTPRINT Formalizations.P3.WmX.q1.sizeOf_spec AXIOMS []
FOOTPRINT Formalizations.P3.WmX.x0.elim AXIOMS []
FOOTPRINT Formalizations.P3.WmX.x0.sizeOf_spec AXIOMS []
FOOTPRINT Formalizations.P3.wmBelief._sparseCasesOn_1.else_eq AXIOMS [propext]
FOOTPRINT Formalizations.P3.wmModel._sparseCasesOn_1.else_eq AXIOMS [propext]
FOOTPRINT Formalizations.P3.wmModel._sparseCasesOn_11.else_eq AXIOMS [propext]
FOOTPRINT Formalizations.P3.wmModel._sparseCasesOn_2.else_eq AXIOMS [propext]
FOOTPRINT Formalizations.P3.wmModel._sparseCasesOn_3.else_eq AXIOMS [propext]
FOOTPRINT Formalizations.P3.wmModel._sparseCasesOn_4.else_eq AXIOMS [propext]
FOOTPRINT Formalizations.P3.wmModel._sparseCasesOn_7.else_eq AXIOMS [propext]
FOOTPRINT Formalizations.P3.wmModel._sparseCasesOn_8.else_eq AXIOMS [propext]
FOOTPRINT Formalizations.POMDP.Mass.mk._flat_ctor AXIOMS []
FOOTPRINT Formalizations.POMDP.Mass.mk.congr_simp AXIOMS []
FOOTPRINT Formalizations.POMDP.Mass.mk.inj AXIOMS []
FOOTPRINT Formalizations.POMDP.Mass.mk.injEq AXIOMS [propext]
FOOTPRINT Formalizations.POMDP.Mass.mk.noConfusion AXIOMS []
FOOTPRINT Formalizations.POMDP.Mass.mk.sizeOf_spec AXIOMS []
FOOTPRINT Formalizations.POMDP.Pol.act.elim AXIOMS []
FOOTPRINT Formalizations.POMDP.Pol.act.inj AXIOMS []
FOOTPRINT Formalizations.POMDP.Pol.act.injEq AXIOMS [propext]
FOOTPRINT Formalizations.POMDP.Pol.act.noConfusion AXIOMS []
FOOTPRINT Formalizations.POMDP.Pol.act.sizeOf_spec AXIOMS []
FOOTPRINT Formalizations.POMDP.Pol.brecOn.eq AXIOMS []
FOOTPRINT Formalizations.POMDP.Pol.brecOn.go AXIOMS []
FOOTPRINT Formalizations.POMDP.Pol.stop.elim AXIOMS []
FOOTPRINT Formalizations.POMDP.Pol.stop.sizeOf_spec AXIOMS []
FOOTPRINT Formalizations.POMDP.SafeMDP.mk._flat_ctor AXIOMS []
FOOTPRINT Formalizations.POMDP.SafeMDP.mk.inj AXIOMS []
FOOTPRINT Formalizations.POMDP.SafeMDP.mk.injEq AXIOMS [propext]
FOOTPRINT Formalizations.POMDP.SafeMDP.mk.noConfusion AXIOMS []
FOOTPRINT Formalizations.POMDP.SafeMDP.mk.sizeOf_spec AXIOMS []
FOOTPRINT Formalizations.P1.HiddenMode.Act.down.elim AXIOMS []
FOOTPRINT Formalizations.P1.HiddenMode.Act.down.sizeOf_spec AXIOMS []
FOOTPRINT Formalizations.P1.HiddenMode.Act.up.elim AXIOMS []
FOOTPRINT Formalizations.P1.HiddenMode.Act.up.sizeOf_spec AXIOMS []
FOOTPRINT Formalizations.P1.HiddenMode.Mode.neg.elim AXIOMS []
FOOTPRINT Formalizations.P1.HiddenMode.Mode.neg.sizeOf_spec AXIOMS []
FOOTPRINT Formalizations.P1.HiddenMode.Mode.out.elim AXIOMS []
FOOTPRINT Formalizations.P1.HiddenMode.Mode.out.sizeOf_spec AXIOMS []
FOOTPRINT Formalizations.P1.HiddenMode.Mode.pos.elim AXIOMS []
FOOTPRINT Formalizations.P1.HiddenMode.Mode.pos.sizeOf_spec AXIOMS []
UNEXPECTED Formalizations.P3.rat_half_ne_zero._native.native_decide.ax_1_1 AXIOM Formalizations.P3.rat_half_ne_zero._native.native_decide.ax_1_1
FOOTPRINT Formalizations.P3.rat_half_ne_zero._native.native_decide.ax_1_1 AXIOMS [propext,
 Classical.choice,
 Quot.sound,
 Formalizations.P3.rat_half_ne_zero._native.native_decide.ax_1_1]
UNEXPECTED Formalizations.P3.wmBelief._native.native_decide.ax_10 AXIOM Formalizations.P3.wmBelief._native.native_decide.ax_10
FOOTPRINT Formalizations.P3.wmBelief._native.native_decide.ax_10 AXIOMS [propext,
 Classical.choice,
 Quot.sound,
 Formalizations.P3.wmBelief._native.native_decide.ax_10]
UNEXPECTED Formalizations.P3.wmBelief._native.native_decide.ax_4 AXIOM Formalizations.P3.wmBelief._native.native_decide.ax_4
FOOTPRINT Formalizations.P3.wmBelief._native.native_decide.ax_4 AXIOMS [propext,
 Classical.choice,
 Quot.sound,
 Formalizations.P3.wmBelief._native.native_decide.ax_4]
UNEXPECTED Formalizations.P3.wmBelief._native.native_decide.ax_5 AXIOM Formalizations.P3.wmBelief._native.native_decide.ax_5
FOOTPRINT Formalizations.P3.wmBelief._native.native_decide.ax_5 AXIOMS [propext,
 Classical.choice,
 Quot.sound,
 Formalizations.P3.wmBelief._native.native_decide.ax_5]
UNEXPECTED Formalizations.P3.wmBelief._native.native_decide.ax_6 AXIOM Formalizations.P3.wmBelief._native.native_decide.ax_6
FOOTPRINT Formalizations.P3.wmBelief._native.native_decide.ax_6 AXIOMS [propext,
 Classical.choice,
 Quot.sound,
 Formalizations.P3.wmBelief._native.native_decide.ax_6]
UNEXPECTED Formalizations.P3.wmBelief._native.native_decide.ax_7 AXIOM Formalizations.P3.wmBelief._native.native_decide.ax_7
FOOTPRINT Formalizations.P3.wmBelief._native.native_decide.ax_7 AXIOMS [propext,
 Classical.choice,
 Quot.sound,
 Formalizations.P3.wmBelief._native.native_decide.ax_7]
UNEXPECTED Formalizations.P3.wmBelief._native.native_decide.ax_8 AXIOM Formalizations.P3.wmBelief._native.native_decide.ax_8
FOOTPRINT Formalizations.P3.wmBelief._native.native_decide.ax_8 AXIOMS [propext,
 Classical.choice,
 Quot.sound,
 Formalizations.P3.wmBelief._native.native_decide.ax_8]
UNEXPECTED Formalizations.P3.wmBelief._native.native_decide.ax_9 AXIOM Formalizations.P3.wmBelief._native.native_decide.ax_9
FOOTPRINT Formalizations.P3.wmBelief._native.native_decide.ax_9 AXIOMS [propext,
 Classical.choice,
 Quot.sound,
 Formalizations.P3.wmBelief._native.native_decide.ax_9]
UNEXPECTED Formalizations.P3.wmBelief_total._native.native_decide.ax_1_1 AXIOM Formalizations.P3.wmBelief._native.native_decide.ax_10
UNEXPECTED Formalizations.P3.wmBelief_total._native.native_decide.ax_1_1 AXIOM Formalizations.P3.wmBelief._native.native_decide.ax_4
UNEXPECTED Formalizations.P3.wmBelief_total._native.native_decide.ax_1_1 AXIOM Formalizations.P3.wmBelief._native.native_decide.ax_5
UNEXPECTED Formalizations.P3.wmBelief_total._native.native_decide.ax_1_1 AXIOM Formalizations.P3.wmBelief._native.native_decide.ax_6
UNEXPECTED Formalizations.P3.wmBelief_total._native.native_decide.ax_1_1 AXIOM Formalizations.P3.wmBelief._native.native_decide.ax_7
UNEXPECTED Formalizations.P3.wmBelief_total._native.native_decide.ax_1_1 AXIOM Formalizations.P3.wmBelief._native.native_decide.ax_8
UNEXPECTED Formalizations.P3.wmBelief_total._native.native_decide.ax_1_1 AXIOM Formalizations.P3.wmBelief._native.native_decide.ax_9
UNEXPECTED Formalizations.P3.wmBelief_total._native.native_decide.ax_1_1 AXIOM Formalizations.P3.wmBelief_total._native.native_decide.ax_1_1
FOOTPRINT Formalizations.P3.wmBelief_total._native.native_decide.ax_1_1 AXIOMS [propext,
 Classical.choice,
 Quot.sound,
 Formalizations.P3.wmBelief._native.native_decide.ax_10,
 Formalizations.P3.wmBelief._native.native_decide.ax_4,
 Formalizations.P3.wmBelief._native.native_decide.ax_5,
 Formalizations.P3.wmBelief._native.native_decide.ax_6,
 Formalizations.P3.wmBelief._native.native_decide.ax_7,
 Formalizations.P3.wmBelief._native.native_decide.ax_8,
 Formalizations.P3.wmBelief._native.native_decide.ax_9,
 Formalizations.P3.wmBelief_total._native.native_decide.ax_1_1]
FOOTPRINT_TOTAL 1972 UNEXPECTED_REFERENCES 90
