r,K,g_Kstar,Fp,Cstar,K_pinned
0.2804893320141641,3257.6503088676463,180.74478074351305,1.1281581487534438,99.87500179067578,False
0.32520538950656963,1253.3874063059247,84.64385306989425,0.8661666499912695,3.7740741170569834,False
0.26583815146327683,5000.0,193.55584572387605,1.171773979949511,112.68606677103878,True
0.3114192544507145,2144.972845386532,161.87121812596746,1.0545568208962615,81.0014391731302,False
0.23043666481597982,2282.8951767312637,124.8565714356755,1.0518526669400128,43.98679248283824,False
0.24361486752092984,4346.682394568799,171.64462795479716,1.1444579969484283,90.7748490019599,False
0.27355406987974645,4433.299577043669,193.70118199396472,1.1643866535974516,112.83140304112746,False
0.15749105134390892,5000.0,114.66869397421188,1.1017644177363801,33.79891502137461,True
0.13348660318444178,5000.0,97.19113765256994,1.086253703513659,16.32135869973267,True
0.23062806122940321,5000.0,167.91949986562236,1.1490226280439912,87.04972091278509,True
0.3487005881348984,2833.9338169244425,212.1759367606593,1.1310098725493867,131.30615780782205,False
0.2801082661783021,4685.062741841399,200.99901461340184,1.1743321919121383,120.12923566056458,False
0.31042431133789916,2428.7505986428014,174.58599197332774,1.084298709176068,93.71621302049047,False
0.3986319096724247,1672.0736820718596,166.07322989875422,0.9768445314280823,85.20345094591696,False
0.22724520473329773,5000.0,165.45645366077144,1.1468367614904678,84.58667470793418,True
0.23370946991737052,5000.0,170.16306295593674,1.1510137110818082,89.29328400309947,True
0.31151930618928114,2561.773649962797,180.41356083777455,1.0963793165504307,99.54378188493729,False
0.23457437061431893,851.08,-8.172616494320962,0.7469480881369337,-89.04239544715823,False
0.24880868875103931,1254.366274443225,64.88068198641425,0.8978806216410344,-15.98909696642302,False
0.2925816037773315,4452.577168928576,207.39799941250956,1.1763263759027716,126.5282204596723,False
0.25260641237449405,5000.0,183.92186190466185,1.163224159419903,103.05208295182459,True
0.2365435159751516,3026.6229019150237,148.089333594771,1.0982729741780726,67.21955464193374,False
0.2485578665954732,5000.0,180.9741296175659,1.160608151079331,100.10435066472863,True
0.3588617392811374,1901.5100886337095,169.76885309395598,1.0249701691383877,88.89907414111872,False
0.2644649519039605,851.08,-9.214010134354265,0.714703010713371,-90.08378908719153,False
0.292017974655746,1998.8178044986053,143.9969867379607,1.0335460921268917,63.12720778512343,False
0.16398573398342461,5000.0,119.39745011429244,1.1059610218707296,38.527671161455174,True
0.3386304471301317,2052.6046133801847,170.45596220206315,1.046754952377133,89.58618324922588,False
0.3046290421051804,3245.296908218564,196.02164755780205,1.1385580425834971,115.15186860496479,False
0.164277543772788,938.8717966144537,8.40026605481751,0.8547146923900371,-72.46951289801976,False
0.2034957016597781,1499.9328615033799,73.84829353713921,0.9634685613678936,-7.021485415698052,False
0.3788278389506189,929.4895167432016,16.184126176482796,0.6577629957237714,-64.68565277635447,False
0.30919557331316033,3926.5327458169218,211.8949404742505,1.1698795803704265,131.02516152141322,False
0.19547703632212965,5000.0,142.32615926895394,1.1263094417899073,61.45638031611668,True
0.2924146608939359,3995.7061919795115,201.40366385745625,1.1629406722678461,120.53388490461899,False
0.2980301931902543,3201.275495249712,190.7872525793437,1.1333224013820806,109.91747362650642,False
0.42769068825591716,1382.5507586812223,136.2642855198239,0.8803904456347088,55.39450656698662,False
0.40208737570150893,1636.7315294556163,163.44954614149276,0.9674571554797996,82.5797671886555,False
0.36506071352061886,3028.232101281222,228.59836845813084,1.1517793689078932,147.72858950529357,False
0.11857205937001826,5000.0,86.33190948800254,1.076616521882531,5.462130535165272,True
0.353874246504411,1835.2535642185264,162.1519207060996,1.0127364718001324,81.28214175326232,False
0.33168303476531835,2790.8562888234537,200.40751788382232,1.1214201031135473,119.53773893098506,False
0.22365306478695618,5000.0,162.84102889406446,1.1445156643427397,81.9712499412272,True
0.43125296277633246,1219.7247178908901,104.8150542023499,0.8057243245904998,23.945275249512633,False
0.228587545985313,5000.0,166.4338077194486,1.1477041287138698,85.56402876661133,True
0.46594793065985063,851.08,-16.233716128632196,0.49734911630231937,-97.10349508146946,False
0.36820373842231097,1190.030157063299,83.59668904713254,0.8208007586320244,2.7269100942952775,False
0.5297167198774554,1114.6426000462288,96.7081881077415,0.6889316819035564,15.838409154904241,False
0.2393413147210493,5000.0,174.2635898290039,1.1546527839201532,93.39381087616664,True
0.2778918795556081,4318.36553067018,195.46726092709946,1.1640417874737825,114.5974819742622,False
0.016691165265681703,4999.829221019768,12.152690920203773,1.0107849616169857,-68.7170880326335,True
0.23871276799967564,4108.844301291104,165.70317885416796,1.135927021406085,84.8333999013307,False
0.17421521910013918,5000.0,126.8455031201794,1.1125709059737459,45.975724167342136,True
0.1471559327122794,5000.0,107.14372956864956,1.0950862774813666,26.273950615812296,True
0.5656592800905077,1083.2335176968156,91.75554004731214,0.6417916356845593,10.885761094474873,False
0.30237052161719,851.08,-10.53464752305824,0.6738116001936663,-91.4044264758955,False
0.23683200280972128,5000.0,172.43656843832443,1.1530313669355294,91.56678948548716,True
0.2748982250955556,5000.0,200.15245424136552,1.1776282371277442,119.28267528852825,True
0.21989636963598894,5000.0,160.10579204762294,1.1420882382039905,79.23601309478568,True
0.2603291640896745,4192.036264489618,181.69216999565288,1.1504602774560024,100.82239104281561,False
0.17822448078677838,851.08,-6.209375421344103,0.8077366871504947,-87.07915437418137,False
0.18797366226869477,5000.0,136.86297837222776,1.12146106161154,55.99319941939049,True
0.1408833999238642,5000.0,102.57671997273698,1.091033217694804,21.706941019899716,True
0.016919444086314912,851.08,-0.5894767081861152,0.9817478027864273,-81.45925566102338,False
0.45095035676577766,851.08,-15.711197750087663,0.5135280566412138,-96.58097670292493,False
0.1577489449748105,5000.0,114.85646544178039,1.1019310582849235,33.98668648894312,True
0.2978765254526344,3552.5675908155667,197.88889097751775,1.1495322264748307,117.01911202468048,False
0.4101798874934848,851.08,-14.290746705997309,0.5575100363003265,-95.16052565883457,False
0.20339660041323956,5000.0,148.09236670374713,1.1314267473230188,67.22258775090987,True
0.19577566026349594,4999.989907140935,142.54352448750282,1.126502260802529,61.67374553466556,True
0.21050393190236769,5000.0,153.26719036861962,1.136019220638034,72.39741141578236,True
0.2709163027613266,4811.3339383411185,195.59063212171,1.1712962952981578,114.72085316887274,False
0.2781489156756523,4977.8318801624055,202.32541015345305,1.1792904018768076,121.45563120061578,False
0.25235227829317186,4174.2964331790035,175.92465263968003,1.1453973320158493,95.05487368684277,False
0.3321503524780448,851.08,-11.572182596707302,0.6416859970659133,-92.44196154954457,False
0.10746678945249423,5000.0,78.24620057433965,1.0694407406726236,-2.623578378497612,True
0.17187106678897293,5000.0,125.13873386754997,1.1110562085163627,44.26895491471271,True
0.20719188702308464,5000.0,150.85570185895168,1.1338791097188363,69.98592290611441,True
0.22104588784709367,3795.8162046615994,149.9680206853451,1.1180181426420428,69.09824173250783,False
0.13808287016900986,5000.0,100.53766386964567,1.0892236273884075,19.667884916808404,True
0.21335816521049986,5000.0,155.34534784454195,1.1378635120324165,74.47556889170468,True
0.2294759222638613,5000.0,167.0806314389522,1.1482781619300166,86.21085248611493,True
0.12981443863404762,5000.0,94.5174472462967,1.0838808976677763,13.647668293459432,True
0.3573333969497907,2308.764561500142,194.98494042776647,1.083509787377061,114.11516147492921,False
0.2543619457184525,5000.0,185.20005970740758,1.1643585148454352,104.33028075457031,True
0.4406517327935996,1299.6329308503396,124.48134361365692,0.8407892430455524,43.61156466081965,False
0.21623349905270253,5000.0,157.43886854690396,1.1397214377478944,76.5690895940667,True
0.03981541093978712,4999.842769316021,28.989268103915194,1.0257266828967835,-51.88051084892207,True
0.30608129777062726,2107.0265122929713,157.0856412544489,1.049075024305902,76.21586230161162,False
0.29272773248359785,4338.172025183282,206.1448796353729,1.1733470575579417,125.27510068253562,False
0.4586149298820202,1044.0170986779738,61.94730441989386,0.681442281105757,-18.922474532943404,False
0.29660181301055627,3502.664917781199,196.11127129187938,1.1467879027748369,115.24149233904211,False
0.09146339753222626,5000.0,66.59418584083362,1.0590999889494233,-14.275593112003648,True
0.254195296335462,5000.0,185.07872286359287,1.1642508326801222,104.20894391075561,True
0.3244694368577818,2557.384294454827,187.74340001439836,1.100001284404706,106.8736210615611,False
0.19787271149694166,4999.988880664467,144.07037327344483,1.127857275555839,63.200594320607564,True
0.22608101753087476,5000.0,164.60881295417775,1.14608451028775,83.73903400134049,True
0.35997868364913177,2750.416987662614,216.02012880763462,1.1284231449912359,135.15034985479735,False
0.4175646380920937,998.224508927839,42.04500790511272,0.6774952938661083,-38.824771047724546,False
0.2598700786983149,3583.4735641315538,173.13367490418221,1.131569385249644,92.26389595134495,False
0.20149455929764593,4999.985154216904,146.70740346387367,1.1301975127436692,65.83762451103641,True
0.29180633284919905,4192.131799590384,203.66234869179212,1.1686556809237878,122.79256973895485,False
0.4499734194969652,1351.4669794433125,137.50595748000504,0.8609150215611515,56.63617852716777,False
0.24650936432811232,5000.0,179.4826221471602,1.159284490854253,98.61284319432295,True
0.28318673580738213,5000.0,206.18729044447767,1.1829839412092982,125.3175114916404,True
0.26767168387585316,5000.0,194.89083438078964,1.1729587352532214,114.02105542795238,True
0.24766747203228104,5000.0,180.32583639193982,1.1600328137283786,99.45605743910255,True
0.654774738143281,939.8042383801468,34.023099389994236,0.42214838957544887,-46.84667956284303,False
0.2684403158135191,1507.7826481708848,98.14570238856793,0.9534581747778621,17.27592343573066,False
0.24865003414051703,5000.0,181.0412364907933,1.1606677060602366,100.17145753795603,True
0.042452516159210224,851.08,-1.4790538833359241,0.9542034777740117,-82.34883283617319,False
0.3045696739504757,1386.545553984956,97.53400607311657,0.9159458270061523,16.664227120279307,False
0.5375676616239021,1308.9943682381197,154.17427120055996,0.8110063180291839,73.30449224772269,False
0.11231293320928547,5000.0,81.77466121169398,1.072572124922512,0.9048822588567162,True
0.28303082433194265,4930.208432257116,205.44673179127264,1.1814655170455672,124.57695283843537,False
0.3316198067848796,1879.6647561063226,155.29531103302168,1.019488741786275,74.42553208018441,False
0.35982389840917356,1317.631260251522,104.6073736967391,0.8766838422572046,23.737594743901838,False
0.22347540949803818,5000.0,162.7116786879162,1.1444008706012523,81.84189973507893,True
0.00657291670280818,1498.4353567486612,2.3818749208321903,0.9988122854695458,-78.48790403200508,False
0.2826601512699375,4552.511234399332,201.4555854120545,1.172812571795978,120.58580645921722,False
0.22012377363414606,5000.0,160.27136411823065,1.1422351775714399,79.40158516539339,True
0.37519504878170007,2251.332619237253,201.4874170500968,1.0803496427175014,120.61763809725954,False
0.14210353789410515,5000.0,103.46509824135592,1.091821622045655,22.595319288518652,True
0.1380485189629825,5000.0,100.51265287443049,1.0892014310131208,19.64287392159322,True
0.4913734741790194,851.08,-17.119546988148738,0.4699207899219331,-97.989325940986,False
0.2664012725194395,4139.730177587692,185.30176504612652,1.1525491345484478,104.43198609328925,False
0.26560428783226636,3947.1478422583727,182.2978326572352,1.14655450180652,101.42805370439794,False
0.24116267311326456,5000.0,175.5897146234738,1.155829672858867,94.71993567063654,True
0.27621217868921577,3961.697125263785,189.77967243296368,1.1528623689774442,108.90989348012641,False
0.2564328007607533,4373.777652199916,180.96179345837206,1.1527053259821183,100.09201450553479,False
0.001,1498.2799408422027,0.3623229951032136,0.9998191792790034,-80.50745595773405,False
0.08493976145528054,5000.0,61.84434880232845,1.0548846762619442,-19.025430150508818,True
0.24979346729269003,5000.0,181.8737662446279,1.1614065468258445,101.00398729179062,True
0.31590279680667294,2087.5230239722164,161.03006533620652,1.0481715087239771,80.16028638336925,False
0.3693099180677328,2759.382791491565,221.96112281288993,1.132523956707058,141.09134386005266,False
0.1596345949482944,5000.0,116.22940071592332,1.10314948987179,35.359621763086054,True
0.29236206069036264,4108.945301509789,202.94536379007667,1.1664789155476583,122.0755848372394,False
0.3059465715078804,4524.589649679617,217.72759571753176,1.1863156842405522,136.8578167646945,False
0.42413383004176514,2259.465779219408,228.29919684467396,1.092029852627631,147.4294178918367,False
0.10194327567526984,5000.0,74.22454914984186,1.0658716670103323,-6.645229802995402,True
0.4932073744874328,1483.5478203094976,176.1424105917323,0.9050345667102436,95.27263163889504,False
0.2876694827573281,1889.1010653423523,135.31188253873088,1.01825835477089,54.44210358589362,False
0.2659889549934986,2944.1211526135444,164.5966976203425,1.1061491811592088,83.72691866750523,False
0.11653091135993672,5000.0,84.84575662708214,1.0752976136843366,3.9759776742448736,True
0.1465908314172028,5000.0,106.73228125513195,1.0947211316285397,25.862502302294686,True
0.5449628533711903,1146.6246392926864,110.16273184910665,0.7041050459032991,29.292952896269384,False
0.19224830127346929,5000.0,139.97532836104304,1.124223162350865,59.105549408205775,True
0.22783476225974134,2499.9895065494716,130.2284869172841,1.066599980940087,49.358707964446836,False
0.27816781346486213,4538.3584910893715,198.10473274878098,1.1697289370410864,117.23495379594371,False
0.2710482147023995,4168.424142143252,188.88674166251232,1.1560074978513248,108.01696270967506,False
0.47677371226215054,1019.467038961515,55.79456173172165,0.649372708112531,-25.075217221115615,False
0.27434224192716095,5000.0,199.7476448045916,1.1772689830436542,118.87786585175434,True
0.22504039161371056,4086.0452898869826,155.97332066768718,1.127601074964827,75.10354171484991,False
0.21051440576338334,5000.0,153.27481635087887,1.136025988428068,72.4050373980416,True
0.2173920795855367,5000.0,158.28242705661214,1.1404700661449905,77.41264810377487,True
0.24105950518680583,5000.0,175.51459841029154,1.1557630098715064,94.64481945745428,True
0.4219356023571672,1229.114126721772,104.61836576564423,0.8145969903754673,23.748586812806963,False
0.263821827982753,2686.510425612739,156.53170940501872,1.0900821046535092,75.66193045218145,False
0.21440677448322568,3999.991419415926,147.71989766779456,1.1195744547001218,66.85011871495729,False
0.3508564059443002,1850.805387830441,162.02612483494406,1.0154698993574047,81.15634588210679,False
0.0864589053150158,5000.0,62.95043223289996,1.0558662862583506,-17.9193467199373,True
0.27752473692582597,4445.770856216244,196.65019015041568,1.1670834252953264,115.78041119757842,False
0.3862087458468981,1687.588313480397,162.5592754190949,0.9813229643477546,81.68949646625762,False
0.48016617523351124,1389.04583614991,154.2540100961363,0.8685880867970931,73.38423114329905,False
0.3257023764415196,2917.345822057994,200.75345397548978,1.1281828914207679,119.88367502265251,False
0.23540032724156676,4025.787438828892,162.4789144925983,1.131949694220333,81.60913553976104,False
0.24503190432877484,5000.0,178.40688859228533,1.1583298153010813,97.53710963944806,True
0.43161882032852034,1582.3742405292383,168.36547376577212,0.9490401752983667,87.49569481293486,False
0.3604226363348546,3375.006515492403,235.26353719553236,1.1714867853145516,154.3937582426951,False
0.2634309215947776,5000.0,191.80314991823465,1.1702185242976815,110.93337096539739,True
0.2682508384178468,4539.8615080051195,191.05740361583432,1.1637125430332822,110.18762466299705,False
0.3055226425669559,4426.059349695016,216.24962587282988,1.1833980580272785,135.37984691999262,False
0.21651774460121065,5000.0,157.645826755242,1.1399051058515184,76.77604780240475,True
0.2687032659714228,4340.793466275301,189.25562759573396,1.1591864640664111,108.38584864289669,False
0.15337259629589695,5000.0,111.67006098829208,1.0991032368225568,30.800282035454813,True
0.16797105335222162,922.143115911386,6.049414828731865,0.8457061223853589,-74.8203641241054,False
0.23896329453758652,5000.0,173.9883546307899,1.1544085223984069,93.11857567795263,True
0.3297822778959001,3442.6394691041387,216.76539230430544,1.1603045236060339,135.89561335146817,False
0.39772974515282367,890.5256586447136,2.3411282171415393,0.6075633324351066,-78.52865073569572,False
0.27338949510573884,2578.109172975911,158.86016424778893,1.0857788617737296,77.99038529495166,False
0.22259051994905113,4877.526381484994,161.19266479128925,1.141851408134352,80.32288583845198,False
0.2602132291041826,5000.0,189.46035905895306,1.1681393801179587,108.5905801061158,True
0.13773066739639947,851.08,-4.798563121750259,0.8514202186046174,-85.66834207458753,False
0.25338762278004545,5000.0,184.49065851982974,1.1637289463355542,103.62087956699247,True
0.21233409361174743,5000.0,154.59972482810403,1.1372017979281668,73.72994587526676,True
0.18947895631584302,5000.0,137.95897780178723,1.1224337224130452,57.08919884894996,True
0.3341824724761995,1575.1086281754424,129.59528527349323,0.9588206595009501,48.72550632065597,False
0.5801327028879228,966.8735955701702,43.66817683145342,0.5185970661183024,-37.20160212138384,False
0.2796978233021386,3723.2942493432756,188.6371733176568,1.1467936379631944,107.76739436481952,False
0.23163233985084833,851.08,-8.070115572837635,0.7501218641445447,-88.9398945256749,False
0.2020642716236846,5000.0,147.12230268462454,1.13056584975236,66.25252373178728,True
0.24363432837064805,5000.0,177.38931833365388,1.157426757619978,96.51953938081661,True
0.24990332957955136,5000.0,181.95375659864425,1.1614775354411229,101.08397764580698,True
0.2491951745722902,5000.0,181.43815136824537,1.161019954001631,100.5683724154081,True
0.2653680974428409,5000.0,193.21360100482204,1.171470249843666,112.34382205198477,True
0.4272868026958006,1403.5847015935224,139.75982379804452,0.888697424747212,58.89004484520726,False
0.12852877885717334,5000.0,93.58136277513889,1.0830501557463512,12.71158382230162,True
0.17743718859341248,5000.0,129.1914080504324,1.1146528137815195,48.32162909759512,True
0.2761836162558455,4320.072789839791,194.28545804984702,1.1630781021476069,113.41567909700976,False
0.25032953787773243,3678.3908090269697,168.18801624893953,1.1299282424725718,87.31823729610227,False
0.26008147737004406,5000.0,189.36443107349876,1.1680542474174276,108.4946521206615,True
0.20620980550798226,3999.977798926139,142.07229220696163,1.115002702307893,61.20251325412437,False
0.2558809124542643,5000.0,186.30601417465832,1.1653400103914475,105.43623522182105,True
0.2527567882824263,4274.3816944054215,177.31610878325796,1.1481387775852154,96.4463298304207,False
0.10954578639731434,5000.0,79.75991111474566,1.0707841053384886,-1.1098678380916027,True
0.23386300378652203,4999.999051402331,170.27484349533265,1.1511129028273885,89.40506454249538,True
0.3872163062049629,1533.9103135607459,144.99495999036893,0.9406040871714082,64.12518103753166,False
0.22858023375518852,5000.0,166.42848370979053,1.1476994038432526,85.55870475695326,True
0.16564358554390843,5000.0,120.60452614573416,1.1070322592350519,39.73474719289689,True
0.10146895724952132,4999.885634351586,73.8788362928167,1.0655643601658453,-6.990942660020565,True
0.21708307802183668,5000.0,158.05744407857554,1.14027040169459,77.18766512573828,True
0.21597149636528756,4999.421848184291,157.24419649871905,1.1395433046718344,76.37441754588178,True
0.2619525134297572,5000.0,190.72672600718016,1.169263236077772,109.8569470543429,True
0.2622839589594976,2978.2235774898663,163.10225610314433,1.106475381088308,82.23247715030706,False
0.4128792616158805,1810.8139332769413,186.81316864377226,1.009488291275307,105.94338969093499,False
0.26640419769474594,2500.000738309036,152.2748354298526,1.0778753307471545,71.40505647701534,False
0.13929912003775172,5000.0,101.42321122490706,1.0900095194035937,20.5534322720698,True
0.21116653209150554,5000.0,153.74962729228707,1.1364473663762473,72.87984833944981,True
0.09321258283578224,5000.0,67.86776165714876,1.060230242525169,-13.002017295688503,True
0.28631420621067405,5000.0,208.4643909116361,1.185004787485089,127.59461195879882,True
0.23677277973805885,5000.0,172.39344832310059,1.1529930993555442,91.52366937026332,True
0.07342207578080341,4999.887258173863,53.45810228668701,1.047441822674288,-27.411676666150257,True
0.21173084630266648,5000.0,154.16050253270697,1.136812003646931,73.2907235798697,True
0.30899928952412004,2951.667252177271,191.4219013212585,1.1237881880279001,110.55212236842124,False
0.22108519613847838,2499.987879492097,126.37044508094273,1.0646268659934293,45.500666128105465,False
0.07055360230686417,4999.879920809158,51.36957051327122,1.04558831610433,-29.500208439566045,True
0.29394337269188875,4574.616952645478,209.74143466248077,1.1802629005671679,128.8716557096435,False
0.3535387068573964,1634.913899210817,143.5264720201791,0.9709615690191107,62.65669306734185,False
0.3383515323286956,1807.0631616206256,152.788540321369,1.0070894360668934,71.91876136853173,False
0.2734911814673613,4631.195326735552,195.7194340019828,1.1690126259076845,114.84965504914553,False
0.2861191812946584,3578.9591542828175,190.54284828123798,1.1446808374284663,109.67306932840071,False
0.2701597842920232,2624.6485191585425,158.43744899814308,1.0880528519235388,77.56767004530582,False
0.4627425284877706,1133.8321807551245,89.97910908697152,0.7406920387448126,9.109330134134254,False
0.6298387599968025,851.08,-21.943704357948814,0.32054852384233656,-102.81348331078608,False
0.18700885377269338,4999.962542460304,136.16028535795522,1.1208371452278836,55.29050640511795,True
0.33681572487601386,1328.0234399054489,99.48376213094679,0.8881079968760702,18.61398317810952,False
0.04174724586599423,4999.869772919582,30.395856264051762,1.026975015639888,-50.47392268878551,True
0.2770911597985363,4424.216310988777,196.1053494208731,1.1662851671760808,115.23557046803583,False
0.16357730316709956,5000.0,119.10007303866072,1.105697110214453,38.23029408582346,True
0.23904703428753282,5000.0,174.04932525533098,1.1544626316752322,93.17954630249372,True
0.19714978268872474,5000.0,143.5440801576063,1.1273903035821464,62.67430120476902,True
0.28980347292344966,1127.4809978525138,55.224885990933316,0.8350549625071028,-25.64489296190395,False
0.36686663584601625,1500.0592504892024,133.1514936044144,0.9341767591447465,52.28171465157715,False
0.14920594134666854,4999.950813613794,108.63610410481843,1.0964103916961043,27.766325151981164,True
0.1820184457720882,5000.0,132.52700567935153,1.1176130389200924,51.65722672651427,True
0.15195374721384852,5000.0,110.63700184114269,1.0981864332997004,29.767222888305426,True
0.017071098990712196,4999.830179576657,12.429317842688514,1.011030456158934,-68.44046111014875,True
0.4525287354373705,851.08,-15.766188768637395,0.5118253482871662,-96.63596772147466,False
0.2560603134369162,4616.425852533716,183.10690094096915,1.1579277058734367,102.23712198813189,False
0.5448648489080863,1269.2399507274704,146.06507392251032,0.7853749745658235,65.19529496967306,False
0.29137365360163375,2792.4844766990072,176.099661680747,1.1067716362033562,95.22988272790974,False
0.33593476956689855,1633.4528446950471,136.2359653431054,0.9720823349845493,55.366186390268126,False
0.31257313115323804,2679.8414179012425,185.23043325495672,1.106216001234184,104.36065430211946,False
0.2920981027265563,851.08,-10.17675445979516,0.6848931826910445,-91.04653341263243,False
0.37849783366362355,1537.14249519848,142.13629915738375,0.9428593880351867,61.26652020454648,False
0.2504495410671669,5000.0,182.35145130817926,1.1618304754559605,101.481672355342,True
0.31835039636252516,2402.2425830166703,177.91188969124244,1.0838921758537137,97.04211073840517,False
0.18362037246828208,5000.0,133.69336300903788,1.118648139874105,52.823584056200616,True
0.023326067521459243,4999.84003884843,16.983512912430392,1.0150721077270835,-63.88626604040687,True
0.2769404601846483,2753.381187411362,166.27442601753467,1.0989908670085118,85.4046470646974,False
0.28369408102409677,2675.9767257501267,167.99710791818202,1.0961320729849062,87.12732896534476,False
0.234507960876954,5000.0,170.7444414831885,1.1515296640002526,89.87466253035123,True
0.19565245441337248,5000.0,142.45388057915298,1.126422789943745,61.584101626315714,True
0.22467807798900685,5000.0,163.58733748863224,1.1451779868733767,82.71755853579498,True
0.22163067541173137,5000.0,161.36853413080362,1.1432088772240443,80.49875517796636,True
0.2641203509078346,879.3872738432694,-1.3849482145209702,0.7327484073681749,-82.25472716735824,False
0.33944658783229564,2243.0997343883564,181.85672107380302,1.0717148887080683,100.98694212096575,False
0.2642960909428044,4352.792488419184,186.28286326633537,1.1568724898085756,105.4130843134981,False
0.6131927090967272,1100.390927045321,106.37267905853024,0.6273062261475193,25.502900105692973,False
0.4220710786427065,851.08,-14.705038108202698,0.5446821700387254,-95.57481706103997,False
0.572065949356389,1090.467173216262,95.53610655973817,0.6439324828383616,14.666327606900907,False
0.10635202857390344,5000.0,77.43454700449703,1.0687204267833135,-3.435231948340231,True
0.6137223204464821,851.08,-21.382204483287587,0.3379344634484137,-102.25198343612485,False
0.23104744514586423,5000.0,168.22485185587203,1.1492936171554518,87.35507290303477,True
0.3489292775872665,1634.6252973363707,141.62569118450108,0.9712735060087115,60.755912231663814,False
0.17796418744102915,5000.0,129.57511410272204,1.1149933393568954,48.705335149884775,True
0.19051016982417074,4999.991111331679,138.70974781397175,1.123099931496136,57.83996886113448,True
0.0017573203587090886,4999.78891114694,1.279487310549654,1.0011354838704332,-79.59029164228761,True
0.3059879116706167,1262.7366929676798,81.05638405741713,0.8772731872609165,0.18660510457986845,False
0.25222555104029254,5000.0,183.64455807434584,1.1629780620601955,102.77477912150857,True
0.001,851.08,-0.03484019363632085,0.9989212294966395,-80.90461914647359,False
0.2567035181763599,5000.0,186.90495057773325,1.1658715453048367,106.03517162489598,True
0.34638218658850906,3886.4742816593157,236.66780690069777,1.188702160914764,155.7980279478605,False
0.3955795629633516,910.7792915021674,10.05832172518253,0.627161385997043,-70.81145722765473,False
0.12599129994150166,5000.0,91.73383308526596,1.0814105383702006,10.864054132428691,True
0.20853858631443772,4999.994555150424,151.8361934503592,1.134749212578529,70.96641449752192,True
0.1645006898253203,5000.0,119.77238769544823,1.106293765737529,38.902608742610965,True
0.21456547515184352,5000.0,156.22438606934656,1.1386436274241152,75.3546071165093,True
0.08149566125740322,5000.0,59.33671126840585,1.0526592364780836,-21.533067684431416,True
0.1824572489121997,5000.0,132.84649673969435,1.117896575957107,51.97671778685708,True
0.3426953119876025,2055.353987885249,172.67684866390613,1.047711309454645,91.80706971106886,False
0.275405921168615,5000.0,200.52210600974715,1.1779562900223124,119.65232705690988,True
0.20621968408432234,5000.0,150.14784423583933,1.1332509110679259,69.27806528300206,True
0.4630925873259893,1239.9568641636783,117.40129733160389,0.8023410489652245,36.53151837876662,False
0.31662975082296724,2372.867191999316,175.67345009012678,1.0805519134097408,94.80367113728951,False
0.27467899289036535,4728.135557881836,197.52104071331107,1.1718980831062682,116.6512617604738,False
0.2519886804433171,5000.0,183.47209340562793,1.1628250057552538,102.60231445279067,True
0.28762088958176707,5000.0,209.41578258959157,1.1858491140121545,128.5460036367543,True
0.28953718287157904,4436.865366811976,205.05975332111936,1.1740842354443137,124.1899743682821,False
0.4859757032001548,1405.1574005715906,159.25942445765008,0.8740953446353643,78.38964550481282,False
0.25287312273882034,5000.0,184.11605280557785,1.1633964969889161,103.24627385274059,True
0.26367773401942335,4447.7130705273,186.8586619964592,1.1587926751970794,105.98888304362194,False
0.2989820452769699,2317.9572246234247,163.54642906737348,1.070781529372303,82.67665011453622,False
0.2491348977558413,4739.963009506535,179.25522548108728,1.1561448342836957,98.38544652825001,False
0.13995020831586463,1069.0298163993496,21.358059884908442,0.9083384190522305,-59.51171906792882,False
0.1994442475230766,2499.9675364569466,114.0001522422741,1.0582997096152325,33.13037328943683,False
0.3648977769457514,1728.7474054451372,157.61766927746223,0.9914614120152756,76.74789032462496,False
0.22132160127589848,5000.0,161.1434983132461,1.1430091658804347,80.27371936040885,True
0.4217246609020461,1681.0429824867458,176.74689974099675,0.9778839751843132,95.87712078815949,False
0.23520663594822122,5000.0,171.2531444047253,1.1519811198843026,90.38336545188804,True
0.17273530066351916,5000.0,125.76797958555643,1.1116146418767396,44.89820063271917,True
0.12240570575720162,5000.0,89.12317426543635,1.0790936708320733,8.253395312599082,True
0.2335619057511446,5000.0,170.05562199294786,1.1509183610201597,89.1858430401106,True
0.3109596492953426,1163.8525705990567,66.00094933252137,0.8382624834935368,-14.868829620315893,False
0.23044752361241813,5000.0,167.7880510463006,1.1489059718574002,86.91827209346334,True
0.29013547807937484,4206.123137291367,202.67634897810817,1.1680972801799698,121.8065700252709,False
0.2864507459619596,5000.0,208.56380503594264,1.1850930140107798,127.69402608310537,True
0.2863178734192645,3373.4349173904984,186.8612071110205,1.136158290069364,105.99142815818323,False
0.2938910311934959,3425.866566108958,192.84707088902476,1.1421186248974486,111.9772919361875,False
0.35560670376075837,1714.3761208413168,152.25504721574424,0.9886280853320389,71.38526826290698,False
0.2944451414598669,5000.0,214.3844969612036,1.1902586726057076,133.51471800836634,True
0.2580628066378916,5000.0,187.8946438414965,1.16674986313714,107.02486488865924,True
0.270521984289372,2390.5938813188322,150.75332620496445,1.0703175504268034,69.88354725212719,False
0.23729546297762172,5000.0,172.77401219597746,1.15333083635762,91.9042332431402,True
0.5944950196898138,860.7514759422289,-14.57064865841534,0.37256207129274255,-95.4404276112526,False
0.001,1498.1495570939444,0.36227754140788315,0.9998190765123398,-80.50750141142939,False
0.38085852691806116,1332.2365641860645,113.2021885033748,0.8750813069127659,32.332409550537534,False
0.17404697217337015,3606.716305489643,116.20052794156477,1.0886718339346217,35.33074898872751,False
0.26186229631536784,2123.3792331482964,135.14072909312196,1.043678578866911,54.2709501402847,False
0.26474560499481214,5000.0,192.7603663898064,1.1710680201234478,111.89058743696913,True
0.23515726817041138,5000.0,171.21719989513218,1.1519492204009931,90.34742094229492,True
0.06379043808887502,1498.3660091780712,23.114656323115955,0.9884696937743761,-57.75512262972131,False
0.5510388344358862,851.08,-19.19829969287882,0.4055555592044511,-100.06807864571608,False
0.10106249701012562,5000.0,73.58325722658273,1.0653025430680627,-7.286521726254534,True
0.2903381538047382,4317.2305227802435,204.20805411813913,1.1713576502154723,123.33827516530187,False
0.3205457639513413,3356.641822950263,208.82754822548054,1.1515942953420806,127.95776927264328,False
0.2534499973631213,5000.0,184.53607323969769,1.1637692502961545,103.66629428686042,True
0.1827003224891987,5000.0,133.0234777768788,1.1180536403796206,52.15369882404153,True
0.001,851.08,-0.03484019363632085,0.9989212294966395,-80.90461914647359,False
0.22525130960202322,5000.0,164.00470545873856,1.1455483862124434,83.13492650590129,True
0.2710539988208321,4882.299780228274,196.33082334863664,1.1728321041604852,115.46104439579938,False
0.2932471299312002,4614.004788014449,209.67284521453863,1.1808040688355612,128.80306626170136,False
0.5373099381927138,920.5779680194534,18.575814396077007,0.5046882856283963,-62.29396455676026,False
0.26585148875906534,5000.0,193.56555656316607,1.1717825979765577,112.6957776103288,True
0.1771987202658224,5000.0,129.01778007953735,1.1144987250869638,48.14800112670008,True
0.4127201347513294,1220.7419549885371,100.53133329737341,0.8145720499589881,19.661554344536142,False
0.25061542910829265,3147.923989752651,159.39593045681488,1.1097642463536446,78.52615150397762,False
0.47693808509253466,1046.072068879106,65.12455103191647,0.6703025909913822,-15.745227920920797,False
0.25227219389233,1288.914084400668,70.00212440778003,0.9059962311761304,-10.867654545057235,False
0.3023875466504231,1500.0183842895929,109.74499432884096,0.9457358861527443,28.875215376003695,False
0.2920412622782277,3114.299024558665,184.95968881455354,1.1261357415982216,104.08990986171628,False
0.24379518486990692,5000.0,177.50643739870478,1.157530696655539,96.63665844586751,True
0.2609025249924809,5000.0,189.9622330295596,1.1685847755491414,109.09245407672233,True
0.2946079631516757,3274.9072289785177,190.21560352676758,1.1354521849983752,109.34582457393032,False
0.17629778934740323,5000.0,128.36181536983128,1.1139165795647181,47.49203641699401,True
0.20562063134434638,5000.0,149.71167599181183,1.1328638271494629,68.84189703897457,True
0.6380000985119404,851.08,-22.22804697214778,0.31174431258426627,-103.09782592498505,False
0.19674160455308878,5000.0,143.24688705791712,1.1271265551980238,62.377108105079856,True
0.24150702604252267,5000.0,175.8404368094474,1.1560521799476364,94.97065785661013,True
0.22831924170844772,5000.0,166.23845629628326,1.1475307612223307,85.368677343446,True
0.4216291406643415,1500.1537984711824,153.04099616584384,0.9243826073931847,72.17121721300657,False
0.6071822674667152,1100.1482637394054,105.23478689446112,0.6307439972731923,24.36500794162386,False
0.24345561485325415,5000.0,177.2591976349842,1.1573112800935788,96.38941868214692,True
0.07609057083937938,4999.878289868624,55.40099360280735,1.0491660278556405,-25.46878535002992,True
0.4244609131945191,1911.720661069641,201.73519416328,1.03164397978147,120.86541521044273,False
0.4762840193238374,1280.3189479256323,130.22117746258417,0.8181341978649127,49.3513985097469,False
0.25130917212540543,3713.675046918031,169.35414988163893,1.1315851301166,88.48437092880167,False
0.37265354373743814,1920.3065702140566,177.79451304679705,1.029323650580439,96.92473409395978,False
0.31727577165021137,5000.0,231.00740044807063,1.2050109126095006,150.13762149523336,True
0.25641027754138973,4081.026357169176,177.6550950233381,1.145251705328468,96.78531607050084,False
0.05335987756185946,1499.2238975118555,19.351057592569482,0.9903911004905246,-61.51872136026778,False
0.20365510942712173,5000.0,148.2805862295518,1.131593785507429,67.41080727671454,True
0.2239198739046302,5000.0,163.035291696954,1.1446880657222158,82.16551274411674,True
0.28037605993738535,2696.8365559139256,166.66642642373452,1.0964415444572213,85.79664747089726,False
0.2764990198206552,2176.6845154740977,145.1897525940568,1.0517617818841984,64.31997364121955,False
0.22894181373057199,5000.0,166.69174884892476,1.1479330423601464,85.8219698960875,True
0.1958095102599787,851.08,-6.822041253290812,0.7887664760540823,-87.69182020612807,False
0.28771665783113415,851.08,-10.024104071231783,0.6896197562063251,-90.89388302406905,False
0.13017419431973512,5000.0,94.77938412636425,1.0841133574016402,13.909605173526984,True
0.26491937700613355,4874.139670233313,191.8162861203937,1.1687597686425069,110.94650716755643,False
0.12173232520469252,5000.0,88.63288819619652,1.0786585592542641,7.763109243359253,True
0.21434400443967494,5000.0,156.06313400390408,1.1385005219087403,75.19335505106682,True
0.22087483457798532,5000.0,160.81820901379885,1.142720483110911,79.94843006096158,True
0.059585686773952325,4999.881206069041,43.38391247743277,1.0385013864284731,-37.48586647540449,True
0.19161317720496818,5000.0,139.51289670651317,1.1238127705827623,58.64311775367591,True
0.24273646625487202,4756.911506153397,174.79426312406264,1.1524574363543585,93.92448417122537,False
0.32027546688073155,2853.3741678840197,195.48245529323273,1.1216925532260573,114.61267634039547,False
0.13995561967382197,5000.0,101.90120635682307,1.090433723208437,21.031427403985802,True
0.056055631467173545,4999.894305419641,40.813727434832096,1.036220487535386,-40.05605151800517,True
0.21728326931180386,4857.880918599683,157.20835707793864,1.1381505020604292,76.33857812510138,False
0.3120553204549434,2817.8593747648683,189.38663847716685,1.1161306132488025,108.51685952432959,False
0.23691381336328046,5000.0,172.49613442159705,1.1530842296428174,91.62635546875978,True
0.2750957768133618,4945.5557618291605,199.82232778193077,1.1766842995645057,118.9525488290935,False
0.48529672521513745,1024.28219646063,58.543101555785604,0.6470638932695689,-22.32667739705166,False
0.5334346107287687,975.7459563014154,44.07869936903059,0.5662233123303102,-36.79107958380668,False
0.3545492495955622,1928.393444097644,169.7627586827936,1.0292688799156149,88.89297972995632,False
0.4075269907848188,851.08,-14.198319270970227,0.5603719030180973,-95.0680982238075,False
0.1987614661044665,4999.990650266316,144.71748315304598,1.1284315774249163,63.84770420020871,True
0.001,1497.6861768037663,0.36211593616896354,0.9998187111376192,-80.5076630166683,False
0.251422841109341,5000.0,183.0601077285205,1.1624593830112118,102.19032877568324,True
0.2451015793060678,5000.0,178.4576187041278,1.1583748364844089,97.58783975129055,True
0.4195823466353991,993.2988245753396,40.61711465163751,0.6722492487786581,-40.25266430119976,False
0.5757674553821104,1117.9942858822337,106.32727495216028,0.664628825314612,25.457495999323015,False
0.07586016330630363,997.329832989371,7.5850904097270915,0.9412890349973977,-73.28468854311018,False
0.3301671970078285,2355.1025869448777,182.36303909897285,1.082139018454466,101.49326014613558,False
0.4210075174343067,851.08,-14.66798342975797,0.5458295084988654,-95.53776238259523,False
0.3067856586883774,4632.59419674931,219.56172783473494,1.189623402660786,138.69194888189767,False
0.3320476013422752,1675.3085396753984,138.63373032771503,0.9813906313679103,57.76395137487776,False
0.2483786561338937,5000.0,180.84364709554018,1.1604923524474768,99.97386814270291,True
0.2118339135808217,4940.403989279019,153.8356245823606,1.1359744169241761,72.96584562952333,False
0.3103428963275641,5000.0,225.95959771927923,1.200531165891019,145.08981876644197,True
0.3313151810208263,859.6540832650542,-8.504798117138527,0.6494562453478409,-89.3745770699758,False
0.35657686499284735,1719.786073019726,153.1824154695584,0.9897546192250102,72.31263651672114,False
0.3185605746751418,1963.4698402135264,154.84021976738703,1.0315190540098842,73.97044081454976,False
0.06346351755026124,4999.866727871952,46.20730457585625,1.0410069879343786,-34.66247437698102,True
0.2342793201584904,5000.0,170.5779689607701,1.1513819255136102,89.70819000793284,True
0.21876109189464846,5000.0,159.27920022042616,1.141354667138646,78.4094212675889,True
0.14450082072417605,5000.0,105.21055164245587,1.0933706503191336,24.340772689618603,True
0.5663281213991929,851.08,-19.7309814112417,0.38906192741102263,-100.60076036407897,False
0.6962133861954277,991.9219176108763,66.63466853056934,0.45444152795914916,-14.235110422267923,False
0.32722622251629413,2003.8434585984744,161.6798164949533,1.0383171111824472,80.81003754211602,False
0.29920767950083477,4315.619776726203,210.42615409947396,1.1765466820173067,129.5563751466367,False
0.22158875202065595,2499.981056999124,126.65808412030441,1.0647736357711244,45.78830516746714,False
0.2339816314013742,4981.670942952769,170.2264908110173,1.1508849541989363,89.35671185818003,False
0.054835733244775066,1499.2364298165764,19.88651861631575,0.9901258733939673,-60.98326033652151,False
0.31957694108889156,1759.8553886253362,140.59833621468738,0.9983030865274036,59.72855726185011,False
0.2613800953201896,5000.0,190.30995034614293,1.1688933623920936,109.44017139330566,True
0.5988350881700814,851.08,-20.863530428068902,0.35399437050487026,-101.73330938090616,False
0.5442736088928762,851.08,-18.962597924966968,0.4128536849688308,-99.83237687780424,False
0.37238308635304107,1603.5138298391141,147.68657213354123,0.9615227968338033,66.81679318070397,False
0.2655064293598471,5000.0,193.31431999883912,1.1715596343951589,112.44454104600186,True
0.31088300708048866,1888.4108888014548,146.1838264166373,1.0196253049625528,65.31404746380002,False
0.2661834891336198,5000.0,193.80728489645387,1.1719971233385797,112.9375059436166,True
0.19853048111214866,5000.0,144.54936194114427,1.128282455675426,63.679582988307004,True
0.34352340204426135,1043.6257202009576,46.304783765067945,0.7611674950054061,-34.56499518776932,False
0.3376949434373111,1149.56671491314,68.85391411650667,0.8179774827813339,-12.015864836330593,False
0.24374928121673353,1280.973264317297,66.71977399619085,0.9070980486412608,-14.150004956646413,False
0.31339206082077026,2264.5939631927295,168.93582872569797,1.068556455402829,88.06604977286071,False
0.17910377226429905,5000.0,130.40484190148973,1.1157296934862995,49.53506294865247,True
0.26906376796607456,3919.611685144099,184.29751465226244,1.1476161204631872,103.42773569942517,False
0.2379803189699938,5000.0,173.2726534935978,1.1537733629056512,92.40287454076054,True
0.25146959939511515,5000.0,183.09415227591822,1.1624895963451476,102.22437332308095,True
0.2964466283450226,5000.0,215.84177269318252,1.1915519533714198,134.97199374034525,True
0.1086112907602426,5000.0,79.07950804858275,1.0701802716376383,-1.7902709042545126,True
0.33224629719795024,1623.3318331435412,133.74778343137504,0.9701452547608448,52.878004478537775,False
0.21344455520513525,4903.277666767641,154.74930301741475,1.1364295189920492,73.87952406457748,False
0.22351184691184148,5000.0,162.7382086438532,1.1444244150005556,81.86842969101593,True
0.27464787938364477,5000.0,199.97017838770972,1.177466473742536,119.10039943487246,True
0.25183175631985394,5000.0,183.35783748989797,1.162723607663637,102.48805853706071,True
0.23989962387045008,3128.752470971292,152.2150717272391,1.1042447842851888,71.34529277440183,False
0.16414831734938112,940.3628906520108,8.61059508038433,0.8553194535761995,-72.25918387245294,False
0.3763339700799556,2242.9339873607505,201.6092400708906,1.0794861521694015,120.73946111805333,False
0.24301569667541792,5000.0,176.9388947195008,1.157027022563788,96.06911576666354,True
0.3637913432746862,2675.0994754117855,215.39397814415995,1.12319481576705,134.52419919132268,False
0.21887680860199765,4290.205206170885,153.6961250397202,1.1286161261475394,72.82634608688292,False
0.24797942188692276,5000.0,180.55296601049255,1.1602343832464541,99.68318705765529,True
0.2795868789336937,851.08,-9.740861000224482,0.6983899218797259,-90.61063995306175,False
0.25601261536774583,5000.0,186.40190661395982,1.1654251115460226,105.53212766112256,True
0.001,1498.5855385729783,0.36242949997959495,0.9998194200768248,-80.50734945285767,False
0.4150116455025165,1445.7425836926734,142.49166881670345,0.9071490346166412,61.62188986386619,False
0.27558299594801444,2982.536008775069,171.47700664295806,1.1121108920080292,90.6072276901208,False
0.1906817123461956,2499.9533730088365,108.99124475014165,1.0557375613371451,28.12146579730438,False
0.26446665728628593,5000.0,192.557265520577,1.1708877752721065,111.68748656773974,True
0.07929336900175757,4999.896493874814,57.73297293435004,1.051235622484451,-23.136806018487228,True
0.29758301335347187,5000.0,216.66917071776103,1.1922862399084795,135.79939176492377,True
0.4727522991438023,1088.4025066548797,78.30699756448733,0.7042926874365444,-2.562781388349933,False
0.30052899827174573,3702.314001715171,202.32846159664322,1.1569172183157361,121.45868264380596,False
0.41283003038850075,1203.1154029209797,96.68105228855843,0.8057570197778081,15.811273335721168,False
0.27978241947794746,851.08,-9.747673670650034,0.698178978508374,-90.6174526234873,False
0.10856598959309305,5000.0,79.04652442425477,1.070150999835473,-1.8232545285824955,True
0.22272599652542624,945.1521942432308,12.622517580381226,0.8058123656278209,-68.24726137245604,False
0.19773363422811208,5000.0,143.96918045965575,1.127767565092837,63.09940150681848,True
0.15743443389933753,5000.0,114.62747100713052,1.101727833808396,33.75769205429326,True
0.23793222575115394,5000.0,173.2376369860164,1.1537422869913656,92.36785803317915,True
0.21470513299637112,5000.0,156.3260704666414,1.138733868736935,75.45629151380413,True
0.22162075099631384,2499.9666494697317,126.6759746575904,1.0647820856701804,45.80619570475314,False
0.2529226349154206,5000.0,184.15210245143473,1.1634284897769482,103.28232349859746,True
0.23672800736549734,5000.0,172.36084971229735,1.1529641692392898,91.49107075946009,True
0.27474557340099104,4377.696680011961,193.9289195725236,1.163710043991104,113.05914061968633,False
0.3452032048892944,3437.3432872671315,226.78064683949862,1.1675271745805194,145.91086788666135,False
0.491662583974693,851.08,-17.12961962941216,0.46960890680212786,-97.99939858224943,False
0.3993181593876127,1114.2473666879807,72.80242558315712,0.7652814914899752,-8.067353369680148,False
0.23048241248794052,5000.0,167.81345351682984,1.1489285156532076,86.94367456399257,True
0.30949477720630714,2461.384926309224,175.38529700787907,1.0870353991623998,94.51551805504181,False
0.32090900735438926,1568.3525051508173,123.76108004770002,0.958903518188681,42.891301094862754,False
0.19405757101874008,5000.0,141.29265145316091,1.1253922400894691,60.42287250032365,True
0.3941249712565661,3100.1362628340203,249.16036976242643,1.1692039226218567,168.29059080958916,False
0.24206955831493185,2322.224503253098,132.56484731004522,1.0576474828563212,51.69506835720796,False
0.1808093475828196,5000.0,131.64666543737005,1.1168317680341147,50.77688648453278,True
0.2810279759126312,5000.0,204.61550477397344,1.1815890369157058,123.74572582113618,True
0.3216609292138937,1811.9447996235667,145.62687335913333,1.0075881627127021,64.75709440629606,False
0.22110582561474734,5000.0,160.98639279490405,1.1428697402792252,80.11661384206678,True
0.25097736126157966,5000.0,182.73575538025233,1.1621715317527823,101.86597642741506,True
0.28081294584802785,2591.88941664861,163.6269142440666,1.0891325984523714,82.75713529122933,False
0.20242693332225137,5000.0,147.38635542269606,1.130800187235506,66.51657646985879,True
0.2110792275422386,5000.0,153.68606114959502,1.136390953668693,72.81628219675775,True
0.1883724792435626,5000.0,137.15335564288915,1.1217187611880204,56.28357669005189,True
0.428679783182643,898.1921551703344,5.738508161944873,0.5842944609094775,-75.13127079089239,False
0.3338153670356784,5000.0,243.0498230843378,1.2156981375637739,162.18004413150052,True
0.3388732258604929,855.1538207682398,-10.322119976226615,0.6377894013693813,-91.19189892906388,False
0.2711213896172206,5000.0,197.40255329168917,1.1751877971150633,116.53277433885191,True
0.20596467249559436,5000.0,149.96217117328627,1.1330861327797532,69.092392220449,True
0.3336423763293983,1690.5891469672385,140.7081516047463,0.9844859338780317,59.838372651909026,False
0.39183647654662596,1181.9673104735675,87.20463266102426,0.805325252282278,6.334853708186998,False
0.3731617437628437,1702.1125084353082,158.5441390527998,0.9852921089452725,77.67436009996254,False
0.6252888221518726,1165.4607100823484,133.29717718374224,0.6760839501378453,52.42739823090497,False
0.45605843591364864,851.08,-15.889164216709139,0.5080176115276601,-96.7589431695464,False
0.28682105155848864,3918.7858780852175,196.44845025789652,1.1573309951471331,115.57867130505926,False
0.20763953654645248,2499.9660517235625,118.68445128548586,1.0606951939203932,37.8146723326486,False
0.2468669439341556,4161.532432496717,171.95867057235915,1.141915942279634,91.08889161952189,False
0.39452104601595317,1448.0033780484341,135.78974805388225,0.9124872019014835,54.919969101044984,False
0.37611204426330086,1869.530922045154,175.28199022456417,1.02018456488109,94.4122112717269,False
0.297417511834305,5000.0,216.54866962965684,1.1921792994468545,135.67889067681958,True
0.30019966003607906,1496.4322437600306,108.57564910775324,0.9452799897666639,27.70587015491597,False
0.35886631218226067,1023.4628176598952,43.07185048730027,0.7385152172938874,-37.797928465537,False
0.26061584415362626,5000.0,189.75350169467816,1.168399533858307,108.8837227418409,True
0.25167872983512174,5000.0,183.24641943155137,1.1626247280702624,102.37664047871411,True
0.34178339574415717,851.08,-11.907799689405714,0.6312941541328365,-92.77757864224299,False
0.1903243651302903,5000.0,138.57451705814324,1.1229799917725884,57.70473810530598,True
0.2415994821905099,5000.0,175.9077538134874,1.15611192141222,95.03797486065014,True
0.5498072069676847,1004.8304204317178,58.194099820909805,0.5817643503936307,-22.67567913192746,False
0.1910666945327339,5000.0,139.11500454838793,1.1234596553392713,58.245225595550664,True
0.25077031021350926,5000.0,182.58500222275146,1.162037743647561,101.71522326991419,True
0.1954405827348869,5000.0,142.2996175371912,1.1262858869399746,61.429838584353945,True
0.22890202309489663,5000.0,166.66277742365097,1.1479073312429984,85.7929984708137,True
0.4450730916074777,1196.4692071904226,102.62407217933627,0.7869505850358328,21.754293226499,False
0.5049582641754076,1259.3885086303683,132.93182269440948,0.7955884749030674,52.06204374157221,False
0.20163299519091527,975.505693078479,16.621484559581578,0.8359466669379149,-64.24829439325569,False
0.2473217246391809,4691.751386950061,177.5310642839851,1.1540598360300145,96.66128533114784,False
0.5236452712813091,1670.6310949823878,217.94318200378925,0.9691044054172874,137.07340305095198,False
0.21885028382178257,5000.0,159.34414055646582,1.141412299394283,78.47436160362855,True
0.2532684584225369,851.08,-8.823922133413662,0.7267814576221983,-89.69370108625093,False
0.3153779122420318,881.6592659246772,-0.9305360153325865,0.6825182306127442,-81.80031496816986,False
0.3014456311609476,3005.5725839503284,188.17579664632888,1.1240026994886767,107.30601769349161,False
0.3187664668082564,4527.5062207526935,226.8864183980192,1.194203052518036,146.01663944518194,False
0.3481873614902537,1880.6284680967779,163.12806456920143,1.020630329147778,82.25828561636416,False
0.001,1498.3941743908526,0.3623628120997471,0.9998192693016047,-80.50741614073752,False
0.33727527418786823,1802.5310749273604,151.9353221069099,1.006236645565489,71.06554315407263,False
0.2310990060303911,5000.0,168.26239315893906,1.1493269337365974,87.3926142061018,True
0.2327094389145086,1518.2884851426586,85.91766217299022,0.9615425669027878,5.047883220152954,False
0.24208803467240772,5000.0,176.26346719884506,1.156427604483923,95.3936882460078,True
0.24305117830838607,3221.3081913116753,155.96130839932204,1.1095631296258712,75.09152944648477,False
0.47893416807617323,1265.5502322689374,127.5297802697221,0.8093990452851699,46.66000131688483,False
0.24547663489753593,3296.432121165208,158.87663528873665,1.1137289615047627,78.00685633589939,False
0.19339920276242623,5000.0,140.81329578525865,1.1249668288569694,59.94351683242138,True
0.2610309320419277,2500.000263625227,149.20349765459156,1.0763045815339067,68.3337187017543,False
0.5077442702913108,1153.4137730459154,104.67870706958617,0.728924748631561,23.808928116748902,False
0.1915937236588971,5000.0,139.4987326463834,1.123800200479433,58.62895369354612,True
0.001,1498.2199181410467,0.36230207128808734,0.9998191319721639,-80.50747688154918,False
0.3067292969718932,1368.8311306575065,95.98536637871035,0.9102848707394121,15.115587425873088,False
0.12638211861393014,5000.0,92.01838681937146,1.0816630697635772,11.148607866534192,True
0.26786085604478904,3236.209814767692,172.18082361636644,1.121424297960109,91.31104466352917,False
0.6130712936131505,1045.2488263980695,83.35195391226654,0.5753798796002036,2.4821749594292726,False
0.22688108025001566,5000.0,165.191335874169,1.1466014788143502,84.32155692133173,True
0.4054829675598325,1503.9808048461764,147.71853773279128,0.9284951869343825,66.84875877995401,False
0.2404683014038132,4148.124201836036,167.35544887692927,1.1379071199774422,86.48566992409201,False
0.10465569161966928,5000.0,76.19944988994756,1.0676243216969654,-4.6703290628897065,True
0.2708469786672301,4518.888091738118,192.68978629979392,1.1648070712983902,111.82000734695666,False
0.16363138654805176,5000.0,119.13945096271787,1.1057320567318891,38.26967200988061,True
0.18580340066431977,5000.0,135.28281834642016,1.1200587253732568,54.41303939358289,True
0.32447969267516236,4181.66852929032,226.31473267500593,1.1871972973203293,145.44495372216866,False
0.36918086748658896,1771.2519335898378,163.47786195063853,1.0004276831592138,82.60808299780126,False
0.2610291358906071,5000.0,190.05441798995668,1.1686665864470747,109.18463903711941,True
0.2571680797696327,5000.0,187.2431962794198,1.166171726423946,106.37341732658254,True
0.8877421555286583,851.08,-30.929108597743316,0.04232994802607082,-111.79888755058059,False
0.2628999711977839,1809.3175207774361,118.85891764355047,1.0058292118082086,37.989138690713204,False
0.282604348560143,1008.727206888902,30.762315622468424,0.7869464441653113,-50.107463330368844,False
0.1486108256821994,3999.9214144757666,102.38793490075595,1.0828789660898015,21.518155947918686,False
0.2756485289594138,5000.0,200.69874790959778,1.178113053472415,119.82896895676052,True
0.18819275905634064,851.08,-6.556672166476382,0.7969832025840021,-87.42645111931364,False
0.18823354064116032,4999.982402976324,137.05209124412164,1.1216287502114772,56.182312291284376,True
0.31521260488464153,4238.479681024607,220.64184677314543,1.1836385069696325,139.77206782030817,False
0.5501915333541421,1026.3067389283974,67.20075636746188,0.6017432538207661,-13.669022585375387,False
0.37616107008101457,1501.170740048473,136.6701284164532,0.9328376376206657,55.80034946361593,False
0.2105917975085178,5000.0,153.33116501490278,1.136075995878104,72.46138606206551,True
0.28689604039939626,2986.2250193773475,178.6093498483145,1.1169234256831597,97.73957089547724,False
0.3440814887061635,1905.6084204789904,163.08120216713368,1.0246302503106435,82.21142321429642,False
0.20362860220709558,5000.0,148.26128641362354,1.1315766576021369,67.39150746078627,True
0.2992280873085144,4629.852325428355,214.12295834469987,1.184884411775139,133.2531793918626,False
0.15725403371849708,4999.966191217628,114.49595584125974,1.101610890182158,33.62617688842248,True
0.11429609565031293,3060.617171973128,71.88390107972022,1.0482268550160225,-8.985877873117047,False
0.2835074863740408,4929.394811019369,205.7853046251606,1.181754337331952,124.91552567232333,False
0.1254274739677277,5000.0,91.32331332881188,1.081046216578987,10.453534375974613,True
0.2362770892139867,5000.0,172.03253775373355,1.1526728039665097,91.16275880089628,True
0.2936711854318013,2851.297019696084,179.1856683252204,1.1114512842159952,98.31588937238314,False
0.2747654232677031,1381.230314238449,87.39289754369081,0.9228219553072252,6.523118590853542,False
0.2484754458113086,5000.0,180.91411932748377,1.160554894065435,100.04434037464651,True
0.45023802423967707,1506.9971962965603,164.4918133583136,0.9216629781530736,83.62203440547634,False
0.33651941428492094,1895.172891424696,158.73615921929874,1.0223685785238033,77.86638026646148,False
0.27327449095647766,5000.0,198.97021898735844,1.1765790450764375,118.10044003452117,True
0.12822361258878265,5000.0,93.35917226245425,1.082852969510368,12.489393309616986,True
0.2485562079055697,5000.0,180.97292193113978,1.160607079300263,100.10314297830251,True
0.3899170160602636,1021.2523250486,46.15333522721879,0.7144314696445042,-34.716443725618475,False
0.25446643949507314,5000.0,185.2761412675424,1.1644260345441364,104.40636231470515,True
0.2385967071123189,851.08,-8.312755476781723,0.7426089101683012,-89.18253442961898,False
0.1656493004760278,5000.0,120.60868716819661,1.1070359519955901,39.738908215359345,True
0.22024640073580445,5000.0,160.3606484900919,1.1423144142994475,79.49086953725464,True
0.24629238141625945,5000.0,179.3246376337255,1.1591442851759302,98.45485868088824,True
0.32323337216349896,2270.6451573648096,174.53849920539878,1.0713822715294667,93.66872025256151,False
0.13542660780958177,5000.0,98.60364836203848,1.0875072569022393,17.73386940920122,True
0.16023431554091794,5000.0,116.66605522117143,1.1035370053299196,35.79627626833417,True
0.46712504721956616,851.08,-16.274727097505203,0.4960792776786812,-97.14450605034247,False
0.2723726516365742,2547.0018767398083,157.2596082296224,1.083176993919886,76.38982927678512,False
0.5245338718235397,1439.7806907755235,178.91983176663587,0.8799875655868963,98.0500528137986,False
0.24949687097220277,4817.946153021495,180.18235735875953,1.157879021767475,99.31257840592227,False
0.6221153044957186,947.3664004347241,36.460873238419346,0.46031940777744296,-44.40890571441792,False
0.06260900041237785,5000.0,45.5853983261629,1.040455431706462,-35.28438062667436,True
0.018413782474915916,1498.1015472727365,6.670591616127862,0.996667817380675,-74.1991873367094,False
0.47389991055010305,851.08,-16.51076464780072,0.4887707549533997,-97.38054360063799,False
0.26720741259011555,3433.961250667152,175.48153591824234,1.1295403511861501,94.61175696540508,False
0.6041013131806282,1128.5425236632375,115.51178611419772,0.6570603104101421,34.64200716136045,False
0.25606684572544924,5000.0,186.44139155128508,1.1654601530339563,105.57161259844781,True
0.2801893378532175,5000.0,204.00489528112016,1.181047142547235,123.13511632828289,True
0.20769431891533705,4999.995097174287,151.221488922177,1.1342036890479843,70.35170996933974,True
0.2188696998875632,5000.0,159.35827732732474,1.1414248452793478,78.48849837448748,True
0.15398410407311294,5000.0,112.11529770218836,1.0994983686878828,31.245518749351092,True
0.1371256025599644,5000.0,99.8406806088421,1.0886050793501465,18.97090165600484,True
0.3165977474260422,1985.6831167770365,155.29766142123503,1.0345161151587081,74.42788246839777,False
0.23213023999931123,5000.0,169.01323107251486,1.149993275877955,88.14345211967759,True
0.30160544609319795,2438.1284682883606,169.99993095473974,1.082748908314986,89.13015200190247,False
0.23510204161314205,5000.0,171.1769896283219,1.151913535208748,90.30721067548464,True
0.18453062118871963,5000.0,134.35611197841484,1.1192363061873032,53.48633302557758,True
0.32836015359744847,1372.7861657504288,103.2951568507038,0.9051807843421938,22.42537789786654,False
0.4150763927181788,1426.087420708136,139.41746819745038,0.9001337999054937,58.54768924461311,False
0.24605581920547406,5000.0,179.15239749993415,1.158991428137809,98.28261854709689,True
0.346464784292412,2004.4229900329822,171.2245514907413,1.0406583255668267,90.35477253790404,False
0.5331186290537975,868.7318836835582,-8.614109892361176,0.447405653350993,-89.48388884519844,False
0.16465604050932792,2499.8334041432254,94.1128278889041,1.0481244882921736,13.243048936066842,False
0.3085277750558438,851.08,-10.749167425128839,0.667169336802332,-91.6189463779661,False
0.5541911832233576,1110.4567770758695,99.7098389672354,0.6712436776566681,18.840060014398134,False
0.27266864421529036,4841.801736867261,197.13481193213838,1.1730352036982037,116.26503297930111,False
0.3033557049702731,2415.554920744691,170.0766091482329,1.0811720118468937,89.20683019539564,False
0.5387428965539091,1281.9533899545324,147.7179184884218,0.7952338578852087,66.84813953558452,False
0.18087893002314606,5000.0,131.6973281733648,1.116876729423756,50.827549220527544,True
0.36963354831768297,1588.8093339868985,144.92666916366142,0.9580324457217957,64.05689021082415,False
0.2270939415979755,5000.0,165.3463194910784,1.1467390213029478,84.47654053824112,True
0.29991177680953834,2991.7037979724837,186.85632020005903,1.1225533378186756,105.98654124722177,False
0.31100145208436675,4470.436651515746,220.6733604921517,1.1879209094172196,139.80358153931442,False
0.25463027986484643,1496.8417028060046,92.13062477244807,0.9536686682980478,11.260845819610807,False
0.24938217494124854,3448.8271759612207,164.020227466369,1.1214526147181885,83.15044851353173,False
0.14597157739579175,5000.0,106.28140452742237,1.0943209944500647,25.411625574585102,True
0.23631153898996365,4999.998960268717,172.05761282679484,1.1526950466460184,91.18783387395757,True
0.17665243839560998,5000.0,128.62003412467507,1.1141457395937073,47.75025517183781,True
0.2523339551929679,4640.657132330513,180.66554572513138,1.1561343824175485,99.79576677229412,False
0.15076252656671227,5000.0,109.76967817623203,1.097416714166347,28.89989922339477,True
0.3743761645800184,1322.852065693538,109.71545732671912,0.8736804877526045,28.845678373881853,False
0.4938783697718987,1433.2758786851641,167.244951461404,0.8842472270207851,86.37517250856675,False
0.3107788938228468,1305.7279965879854,88.66655802356698,0.8896881150479806,7.796779070729713,False
0.5485076888128353,851.08,-19.11011408925,0.4082860844423083,-99.97989304208727,False
0.2449665328723303,5000.0,178.3592918592029,1.158287574880785,97.48951290636563,True
0.4728621910171325,1408.2649439272384,155.54306707852223,0.8788065113986989,74.67328812568496,False
0.3469052884150758,1945.5026165073177,167.34069055872507,1.0314367657534187,86.4709116058878,False
0.35384455383174723,2238.6695443690655,189.3260742353818,1.0742044496396113,108.45629528254454,False
0.31467884300362997,2332.1691011593452,172.7801103408304,1.0759612436814943,91.91033138799312,False
0.23288668400584578,5000.0,169.56399535755682,1.1504820597372174,88.69421640471955,True
0.23035282285712738,5000.0,167.71909975138644,1.1488447800173613,86.84932079854917,True
0.30379259460487223,4449.104993869863,215.30330222277053,1.1829885544405054,134.43352326993326,False
0.33787244544715617,2660.0293705308986,199.4879550174735,1.1131516445765235,118.61817606463623,False
0.2545502327001663,4546.718470374343,181.36553415960068,1.1555007149814993,100.49575520676342,False
0.2726248662802964,5000.0,198.49722949014276,1.1761592835956765,117.62745053730549,True
0.23102130668293774,1219.1829876891459,56.0833480244783,0.8957780331870109,-24.786430928358968,False
0.2320748652017789,5000.0,168.97291287247785,1.1499574948987814,88.10313391964058,True
0.24906836624089362,5000.0,181.34582265736174,1.1609380155302158,100.47604370452447,True
0.2999273078467111,3244.0846764671373,192.96916782385344,1.1363583982890642,112.09938887101617,False
0.21600399943155785,5000.0,157.2717706603912,1.1395731442726955,76.40199170755395,True
0.3870491378467368,851.08,-13.484866909351348,0.582462806739853,-94.35464586218862,False
0.3216339622675944,860.3470653743078,-8.02046319802353,0.6602325012231958,-88.8902421508608,False
0.19599672925463735,5000.0,142.70454590952664,1.1266452465751764,61.83476695668938,True
0.20147240150014825,4999.994199166885,146.69132749757787,1.1301833242461279,65.82154854474061,True
0.21096933709504712,5000.0,153.60605029213892,1.1363199468573357,72.73627133930165,True
0.37863887960451104,1258.38825667126,99.49084916570938,0.8463008652874388,18.621070212872112,False
0.1670996254948338,5000.0,121.6646638368738,1.1079730940097419,40.794884884036534,True
0.20920642432864545,5000.0,152.32247955723847,1.1351808231441975,71.4527006044012,True
0.5151853152491642,851.08,-17.94915614186988,0.4442332781447542,-98.81893509470714,False
0.3570960736137206,2142.9624909097047,185.49115479714095,1.0622825264250335,104.62137584430369,False
0.19047897010711845,5000.0,138.68708441116755,1.1230798913244158,57.81730545833028,True
0.2689705439005223,5000.0,195.8365299070636,1.1737980066467615,114.96675095422634,True
0.361455847063583,2421.4004019719887,202.93317247063007,1.0973575657119767,122.0633935177928,False
0.24793188659260795,5000.0,180.51835572584307,1.1602036678406795,99.6485767730058,True
0.27702585398949886,4170.532021132795,193.07869372074745,1.1595074802197425,112.20891476791019,False
0.2385678479346223,3737.4805308455907,161.0881129858407,1.1256376980428606,80.21833403300343,False
0.2588836545269941,4935.743230411456,187.96483394060823,1.1660877086667845,107.09505498777096,False
0.49443885349682926,851.08,-17.226345397150006,0.4666139491322686,-98.09612434998726,False
0.09246730970841562,2499.574413167076,52.84875160750521,1.0270189023818064,-28.021027345332058,False
0.32307327480408365,1732.934453878165,139.9049041112965,0.993238966008253,59.03512515845924,False
0.19889931142136982,5000.0,144.8179060234626,1.1285207790680323,63.94812707062533,True
0.27996199217042517,2348.5131597863465,154.37192758457238,1.069058870557525,73.50214863173511,False
0.12113279455723505,5000.0,88.19637198937193,1.078271166531103,7.3265930365346605,True
0.3334203895699117,2601.0689773788736,194.63600365238315,1.1066338805010427,113.76622469954589,False
0.31039213599831184,1500.014988167776,112.6497196266495,0.9442986160402356,31.779940673812234,False
0.37394983512398094,851.08,-13.02848466598975,0.596593948131751,-93.89826361882702,False
0.19035480720583772,5000.0,138.59668182887214,1.122999662224124,57.72690287603487,True
0.331100935322607,1342.6971647719215,99.92792620455718,0.8948270009300658,19.058147251719916,False
0.19899097236448945,1499.927895673084,72.21319014359716,0.9642764708722212,-8.656588809240105,False
0.31963150623289677,2511.496354074427,183.15713867658053,1.094470096020281,102.28735972374326,False
0.2832944529590989,2060.004486612289,142.98951194365233,1.039991805109299,62.119732990815066,False
0.23935246056593887,5000.0,174.27170508041542,1.154659985919287,93.40192612757815,True
0.742341311435656,851.08,-25.863315034658612,0.19918408979731128,-106.73309398749588,False
0.48406270965422465,1281.0728647473363,132.522066413576,0.815557607808077,51.652287460738734,False
0.24167177764278527,5000.0,175.9603918841711,1.1561586358416622,95.09061293133382,True
0.26415985023486943,3787.8155550505658,179.10355394869802,1.140776966289431,98.23377499586076,False
0.1334457647673635,5000.0,97.16140334125268,1.0862273153620796,16.291624388415414,True
0.1478475992095693,5000.0,107.64732957152692,1.0955332047052553,26.77755061868966,True
0.2635863390606767,4078.4118899387363,182.59466420092488,1.1492435596526964,101.72488524808762,False
0.16651866580291336,4999.9624402283025,121.24147331046045,1.1075972584802891,40.371694357623184,True
0.2190627579768898,5000.0,159.4988422595881,1.1415495916943472,78.62906330675082,True
0.3530383773105167,1863.2611560086812,164.03158228663654,1.017822084562955,83.16180333379927,False
0.2079395242407363,4447.772668369715,147.35954356459655,1.1252269771488104,66.48976461175928,False
0.2545181295184181,4796.459469646804,183.62344187880038,1.1606377417879359,102.75366292596311,False
0.2640167612961877,5000.0,192.22969779422948,1.1705970704791446,111.35991884139221,True
0.26316949389299776,1500.0009192806992,95.51005512972337,0.9527700383921557,14.640276176886104,False
0.27714037746931175,3895.3442708231432,189.48496728863117,1.1512678687179618,108.6151883357939,False
0.4878048360114202,1446.4518258244561,167.61421948044128,0.8911556421265885,86.74444052760401,False
0.22830534128914012,5000.0,166.22833544869164,1.1475217793273909,85.35855649585437,True
0.19562306236455818,5000.0,142.4324803292848,1.126403797977483,61.562701376447535,True
0.2385737013085581,2499.997979961337,136.36702975931587,1.069739727946056,55.497250806478604,False
0.14120493523656039,5000.0,102.8108287304019,1.091240980952456,21.94104977756463,True
0.2759882107784076,992.2208425619092,26.48045897216142,0.7838816942004787,-54.38931998067585,False
0.23497512699581494,5000.0,171.08458353101702,1.1518315280596159,90.21480457817975,True
0.30140623122788,2239.246361003343,161.29585954383845,1.0632690107884855,80.42608059100118,False
0.1965445741783614,4999.992834672434,143.10338583727074,1.12699914238793,62.23360688443347,True
0.25019133322056203,3127.248547056105,158.71501562166563,1.1086488558404048,77.84523666882836,False
0.46975474420085933,1114.9065854016214,85.83926406370986,0.7243200106345689,4.969485110872597,False
0.28157999128537925,2470.5963088796752,159.9002380099874,1.079939877604486,79.03045905715013,False
0.30252544211867916,3482.5989297892,199.63852153419379,1.1488390650804927,118.76874258135652,False
0.15481029495038792,5000.0,112.71684444444519,1.1000322201851427,31.84706549160792,True
0.24791983038327703,5000.0,180.50957764120614,1.1601958776004584,99.63979868836887,True
0.2709353079665444,3714.901758831806,182.59881234717943,1.1419039693275532,101.72903339434217,False
0.23433121085305506,5000.0,170.61575039739375,1.1514154552048101,89.74597144455649,True
0.3096925335695618,2165.955242324013,162.0681751253502,1.0567288436073548,81.19839617251293,False
0.22711332999034597,5000.0,165.3604361130224,1.146751549306562,84.49065716018512,True
0.26987482272460706,5000.0,196.49493221539484,1.174382315451732,115.62515326255757,True
0.15970065951190676,5000.0,116.27750209795587,1.1031921781502136,35.40772314511861,True
0.1356216510955243,5000.0,98.74565870914469,1.087633286071884,17.875879756307427,True
0.001,851.08,-0.03484019363632085,0.9989212294966395,-80.90461914647359,False
0.3803829476921879,3138.7118050310546,241.6528865943164,1.1659722107846748,160.78310764147915,False
0.2839150776816236,4291.642382757752,199.38358589801481,1.1668730432725134,118.51380694517755,False
0.2788822781732441,4547.480363682345,198.71001409720893,1.1703829583115148,117.84023514437166,False
0.5556700143314096,851.08,-19.35965089720349,0.40055957893740457,-100.22942985004076,False
0.29199058247654003,2500.004083048107,166.89996198815342,1.0853550245507115,86.03018303531616,False
0.1459742828076961,5000.0,106.28337432854494,1.094322742579021,25.413595375707672,True
0.4270651629658371,1050.618046897609,59.696865040473334,0.7079040096330174,-21.17291391236393,False
0.25931748399364557,4607.758479327566,185.35339707742378,1.1597496583925715,104.48361812458651,False
0.3417658137486891,864.9042221000295,-6.884631109735763,0.6426686626028013,-87.75441006257303,False
0.17472066334217098,4999.968983742403,127.21334571297767,1.11289712031819,46.343566760140405,True
0.19528223296751515,5000.0,142.18432361502423,1.1261835676542895,61.31454466218696,True
0.35512352042652423,3349.1495993782955,231.16889026965686,1.1675282776057092,150.2991113168196,False
0.24128922215602283,5000.0,175.6818545471898,1.1559114437883358,94.81207559435254,True
0.20751914989190912,5000.0,151.0939808305766,1.134090573894156,70.22420187773935,True
0.6008528173230643,851.08,-20.933828502464475,0.35181770381086186,-101.80360745530174,False
0.2275968696701438,5000.0,165.71249969437503,1.1470639933060602,84.84272074153776,True
0.30910098323861834,3638.3085891768405,206.9501612261068,1.1587944751066377,126.08038227326952,False
0.22560078116789148,5000.0,164.25915450646085,1.1457742007594447,83.38937555362358,True
0.2043667708204241,5000.0,148.79874444759335,1.1320536326333253,67.92896549475608,True
0.20822760941129137,4999.995314537228,151.60977723689055,1.134548283052852,70.73999828405329,True
0.2261127887119626,5000.0,164.63194544208912,1.1461050395541217,83.76216648925185,True
0.23998175280345893,5000.0,174.72989059882283,1.155066609391483,93.86011164598557,True
0.2647037104255133,3440.7621822948227,173.9565208299728,1.1285961331873575,93.08674187713552,False
0.23086992587006885,5000.0,168.09560068041154,1.1491789113002038,87.22582172757427,True
0.3300666928634493,1682.3809003766173,138.45477627003268,0.9829669410276488,57.584997317195416,False
0.3974996577972169,1635.806447971132,161.47715361948204,0.9675854736056365,80.60737466664477,False
0.24918001509646773,5000.0,181.42711380592635,1.1610101585547337,100.55733485308909,True
0.27695444118463425,4148.072805719608,192.7475633457108,1.1588302374174702,111.87778439287354,False
0.21169153257943898,5000.0,154.13187834574973,1.1367866006915304,73.26209939291246,True
0.3448005115505402,2124.5696422445076,178.01431092986462,1.0576736257541504,97.14453197702736,False
0.1740671507639363,851.08,-6.064533238338195,0.8122214921518716,-86.93431219117547,False
0.3070348741581147,3928.7098921113566,210.44809949430646,1.1687691038981964,129.5783205414692,False
0.5978127362798401,1068.8887258847033,91.17554531790573,0.608326864258043,10.305766365068465,False
0.31443505172714903,3466.2113557010284,207.1637244014767,1.1539432534988894,126.29394544863945,False
0.2581417587984923,5000.0,187.9521286386661,1.1668008788652338,107.08234968582883,True
0.2131040635265287,5000.0,155.16033728051954,1.1376993216883018,74.29055832768228,True
0.21737332579920818,5000.0,158.26877248914934,1.1404579481984163,77.39899353631208,True
0.10365050836962814,5000.0,75.46757941538154,1.0669748124881189,-5.402199537455729,True
0.22090821037467562,5000.0,160.8425098168233,1.1427420492157003,79.97273086398604,True
0.2755813922571161,5000.0,200.64986590706803,1.1780696724208581,119.78008695423077,True
0.43646971516137856,1504.8007244141006,159.13082991903644,0.9233105921391787,78.26105096619918,False
0.1957873732745426,5000.0,142.5521145389294,1.1265099691150784,61.68233558609214,True
0.5843978452520735,851.08,-20.360534089230907,0.36956884231466647,-101.23031304206818,False
0.22668975128482335,5000.0,165.05202991125347,1.1464778496902015,84.1822509584162,True
0.23631517077253908,5000.0,172.0602648058196,1.1526974107463839,91.19048585298233,True
0.27161801477984526,5000.0,197.76414436817862,1.1755086964301449,116.89436541534135,True
0.15450781193558766,5000.0,112.49660759949083,1.0998367677602994,31.626828646653564,True
0.2502571152791959,4630.185998408342,179.08314170402696,1.1546335510197572,98.21336275118969,False
0.268910621790149,5000.0,195.79290082415355,1.1737592873759226,114.92312187131628,True
0.0061330145724901326,851.08,-0.21367541527993372,0.9933838847825179,-81.0834543681172,False
0.34975500758757516,3354.377117077624,227.80159050093317,1.1652836324778402,146.9318115480959,False
0.2517152526523822,3135.6113987187546,159.84973736096345,1.1096904388713877,78.97995840812618,False
0.267178991146544,1744.860977792656,116.5248718227656,0.9962731269243708,35.65509286992834,False
0.5687566252845151,866.360914737606,-10.591991073049368,0.4072958479846476,-91.46177002588664,False
0.15167228868913984,5000.0,110.43207285526793,1.0980045660593747,29.562293902430667,True
0.17513228706044184,939.7839652321599,9.096996484531674,0.845435193121633,-71.77278246830559,False
0.41174717266389654,1732.0577881450677,178.21048751879522,0.9911705020338091,97.34070856595795,False
0.4023822681395854,1567.7970215321918,155.11075031137685,0.9483090054561117,74.24097135853958,False
0.23810789373351998,2499.9973655152608,136.10075914678254,1.0696035219273041,55.23098019394527,False
0.34081156614500885,3404.2137893734407,223.14050416317497,1.1636887824038833,142.2707252103377,False
0.001,851.08,-0.03484019363632085,0.9989212294966395,-80.90461914647359,False
0.36974688971795755,2155.3871708048487,192.84083028733642,1.0662486569411798,111.97105133449915,False
0.0184954810139743,5000.0,13.466496249783848,1.0119510400119895,-67.40328270305342,True
0.23436068861507767,851.08,-8.165171772090801,0.7471786019748143,-89.03495072492807,False
0.29439057241226174,2285.7982916174133,159.63662166667552,1.0665332839446804,78.76684271383826,False
0.09947675410979818,5000.0,72.42868326312396,1.0642778994355873,-8.441095689713308,True
0.20176613200723145,5000.0,146.90522825310018,1.1303732038577927,66.03544930026291,True
0.29108809674149344,5000.0,211.9402442231334,1.1880894845904835,131.07046527029613,True
0.001,4999.817735088172,0.7280908627751808,1.0006461471010064,-80.14168809006209,True
0.18961440908672428,4999.985707322319,138.05751567123335,1.1225210547867404,57.18773671839608,True
0.3804979728968282,1394.4715989424176,123.0694983608287,0.8977509494654343,42.19971940799144,False
0.30580420010715575,4896.212044261653,221.6404839050998,1.1953047393120164,140.77070495226255,False
0.25166696795850474,5000.0,183.2378556495533,1.1626171280160675,102.36807669671603,True
0.4441020057550081,1312.5839730475573,128.0943807775094,0.8455077179110769,47.224601824672135,False
0.5022892230581124,1237.1749059058993,126.62547614740322,0.7839994410780016,45.755697194565954,False
0.18131710680067767,5000.0,132.01636318126288,1.117159861730326,51.14658422842561,True
0.22612455642171672,5000.0,164.6405134711743,1.1461126433774564,83.77073451833704,True
0.23504864631641872,4707.8339095908195,168.85519477946136,1.1467175639016716,87.98541582662409,False
0.20580391708050164,4999.987666604508,149.84504625775904,1.1329820794326322,68.97526730492177,True
0.001,4999.817371523358,0.728090851394522,1.0006461470752759,-80.14168810144274,True
0.31685737061981567,5000.0,230.7027640937918,1.2047405585997002,149.83298514095455,True
0.4090928889786936,861.04375239002,-9.900331948982231,0.568523362549721,-90.77011090181949,False
0.26240380184047907,5000.0,191.0553075502049,1.169554840597244,110.18552859736764,True
0.33668990034257706,1372.5239395506364,105.87885177993296,0.9026925364196499,25.009072827095693,False
0.3229355177833217,1952.517217772615,156.2447611586715,1.030319651013132,75.37498220583424,False
0.30170016827988844,3388.8008585450966,197.2175680571098,1.1441907836918723,116.34778910427252,False
0.3970975411984928,1565.3219890301364,152.76020289660784,0.9482793588616651,71.89042394377057,False
0.3444995309579434,1803.9026947487712,155.303411488783,1.0066273320056176,74.43363253594575,False
0.19910371884220493,2499.9536626522463,113.8051639080671,1.0581993874387516,32.935384955229836,False
0.15401758852893274,5000.0,112.1396776195521,1.0995200050038552,31.269898666714838,True
0.26634749262937724,5000.0,193.92669527885488,1.1721030958373984,113.05691632601761,True
0.23805837859706602,5000.0,173.32948844016846,1.1538238019142801,92.4597094873312,True
0.00444269212200314,1498.3937105989578,1.6098656924789652,0.9991970675263779,-79.2599132603583,False
0.243257749812592,1629.1093862379553,98.34075803721085,0.979081743827948,17.47097908437358,False
0.24598451497461343,5000.0,179.10048113416067,1.1589453541959962,98.23070218132341,True
0.16863980102812706,5000.0,122.78606035678219,1.1089682938323346,41.91628140394492,True
0.249921230262926,5000.0,181.96679002477418,1.1614891021466922,101.09701107193692,True
0.2730244716646318,5000.0,198.78818079903166,1.1764174926108184,117.9184018461944,True
0.24008704171922218,3984.4159970843443,165.22923630062942,1.1334812067560873,84.35945734779216,False
0.27881927956656194,3517.592214002027,184.61790537461246,1.1385849830936516,103.7481264217752,False
0.19307106213303357,5000.0,140.5743777191765,1.1247547975078809,59.704598766339245,True
0.3210883429962822,3241.676905292533,206.52636424807062,1.1458489489957382,125.65658529523336,False
0.31296107459876565,4315.719534779542,220.0999248828409,1.1846648012385415,139.23014593000363,False
0.10492887359465818,5000.0,76.39835274837645,1.0678008409619244,-4.471426204460812,True
0.21269015996941695,4999.994740815084,154.85894050884247,1.1374317946063064,73.9891615560052,True
0.09898042163683267,5000.0,72.06730529297081,1.0639571892448558,-8.80247365986645,True
0.18641238732225063,5000.0,135.7262194420174,1.1204522281921454,54.85644048918013,True
0.27339809323379205,4670.317502417455,196.03978298298176,1.1698299939988142,115.1700040301445,False
0.37871505493765056,2651.14660894626,223.22912674650252,1.1259856611973313,142.35934779366525,False
0.1326504618582702,5000.0,96.58234602262145,1.0857134224343399,15.712567069784185,True
0.3198986766559383,2812.6412536666844,193.9819667702485,1.118676875616837,113.11218781741124,False
0.45739923640473046,1298.5815741730985,128.98943652944848,0.8342341267638169,48.11965757661122,False
0.1945343843874445,4999.989232566574,141.63975206680433,1.1257001895822691,60.76997311396707,True
0.0982346451398455,3003.9234485945226,61.30840221846473,1.0403780661838369,-19.561376734372537,False
0.27148336412303276,4063.002054827846,187.8676262756377,1.1532682213972876,106.99784732280042,False
0.43558213284104075,1458.5698742722377,151.62780610083206,0.9072345212417811,70.7580271479948,False
0.03931670627109078,2499.5370324346713,22.4708800271462,1.0114879060444104,-58.398898925691064,False
0.26625713981334065,5000.0,193.8609097035895,1.1720447134617882,112.99113075075223,True
0.28365516092535387,3703.655187921106,190.99001194264483,1.1481558540930608,110.12023298980756,False
0.7520744687279262,851.08,-26.20242011941407,0.18868424680584261,-107.07219907225134,False
0.348887297847722,1604.9180283507358,138.5171419619321,0.9642873391903339,57.647363009094846,False
0.3075365184546572,4355.305971582529,216.7917648345004,1.1826099089351245,135.92198588166315,False
0.2117588406856135,5000.0,154.18088514685397,1.136830092497416,73.3111061940167,True
0.2078191557982695,4999.993848130957,151.31237408414452,1.1342843352352925,70.44259513130726,True
0.27170891910191824,2550.8504476015205,157.0023350353926,1.08325905520374,76.13255608255534,False
0.13376716178380965,5000.0,97.39541140589257,1.0864349892582266,16.52563245305531,True
0.2878228583234552,4535.620526093324,204.95087620060886,1.1755523987432617,124.0810972477716,False
0.2457139775552966,4936.686141784675,178.41031066966025,1.157655479079703,97.54053171682298,False
0.19041281344105132,5000.0,138.63891596965374,1.1230371435330697,57.76913701681647,True
0.24387399501589616,5000.0,177.5638187955231,1.1575816206194716,96.69403984268584,True
0.40088332168892765,1328.8697834862876,118.5575656082084,0.867164531822735,37.68778665537114,False
0.32533327075407864,851.08,-11.334674149409699,0.6490400637487256,-92.20445310224696,False
0.27969087801477305,2742.7805185510756,167.61855168220453,1.0992793948366955,86.74877272936726,False
0.2818028339641806,1586.4942540832608,110.2872924588204,0.9675466854995779,29.417513505983138,False
0.23192294172227715,5000.0,168.862297908454,1.1498593280232665,87.99251895561673,True
0.001,851.08,-0.03484019363632085,0.9989212294966395,-80.90461914647359,False
0.2916327446377171,4037.82284436353,201.46083222413807,1.1638518409922582,120.59105327130081,False
0.2715007845712366,5000.0,197.67878945562475,1.1754329469585503,116.80901050278749,True
0.15694437182148877,5000.0,114.2706584901419,1.1014111752961733,33.40087953730463,True
0.3864394858027571,1582.9175700858996,150.80755543904863,0.9545226562706063,69.93777648621136,False
0.09362732140725347,5000.0,68.16973138765418,1.0604982300005108,-12.700047565183084,True
0.37464391187630525,1292.7283788832221,104.6297351165027,0.8619143859227061,23.759956163665436,False
0.298375988033183,2070.6963326840128,151.1869667538615,1.0434439684530514,70.31718780102423,False
0.26848702167272787,2627.803869871159,157.55256057882463,1.0877249624530343,76.68278162598736,False
0.23153962241026677,5000.0,168.58320443293113,1.149611642416618,87.71342548009386,True
0.18642949189146754,5000.0,135.73867322016133,1.1204632804805907,54.868894267324066,True
0.19730852032398125,5000.0,143.659656485049,1.1274928734925438,62.78987753221173,True
0.29353549962566283,2593.929184657227,171.1099083899184,1.0933284126282787,90.24012943708112,False
0.2537636730391604,3954.8764008523567,174.26932376623876,1.1402433895116846,93.39954481340149,False
0.25894286588632703,4312.611751811112,182.07605095940016,1.1527144955412112,101.2062720065629,False
0.5894401134084968,1024.9385676564088,71.39467596363646,0.5719767438459379,-9.475102989200806,False
0.4445345379094018,1328.5735600804203,131.40864768765584,0.8525684412623274,50.53886873481858,False
0.08335650894877727,4999.901148727326,60.69133016653507,1.0538610586897827,-20.178448786302198,True
0.2611770396306863,3164.9531336450304,166.4626305261389,1.115179800808244,85.59285157330163,False
0.1698327144780698,5000.0,123.65461654560656,1.1097391067871496,42.78483759276929,True
0.07699776751095716,4999.8962394389955,56.061560191638705,1.0497523120541314,-24.80821876119856,True
0.9934942872255496,851.08,-34.61353334351671,-0.07175233231602363,-115.48331229635397,False
0.3107198754270243,1732.2682278043253,134.50137822407922,0.9933754856945656,53.63159927124195,False
0.231839228470161,5000.0,168.80134657689212,1.1498052358682793,87.93156762405485,True
0.33855719878813745,1951.2692219492346,163.71616292962983,1.0315901286584594,82.84638397679257,False
0.2630714966102431,3214.7887533188064,168.67836860205625,1.1182949257321857,87.80858964921899,False
0.18934527571752383,5000.0,137.86164541694285,1.1223473433576352,56.991866464105584,True
0.2901227470360575,2797.335456502521,175.48462596876047,1.106632003062881,94.6148470159232,False
0.2734595641934896,5000.0,199.10497017605547,1.1766986319992652,118.23519122321821,True
0.3619543989729056,2091.545261999454,184.76559334818992,1.0557837727390318,103.89581439535266,False
0.22747952183902287,5000.0,165.6270591412736,1.146988167831503,84.75728018843634,True
0.25112189479476765,4639.634325109194,179.7884023310589,1.155363301522345,98.91862337822164,False
0.001,1498.2613890273924,0.3623165281500201,0.9998191646578115,-80.50746242468725,False
0.2947142576544046,4223.041396973784,206.0945464969091,1.1712467337471533,125.22476754407182,False
0.23384066479377677,5000.0,170.2585854951873,1.1510984839631468,89.38880654235004,True
0.22989571121848992,5000.0,167.3862783361016,1.1485494127609395,86.51649938326435,True
0.2691241041242102,5000.0,195.9483365789121,1.1738972311208997,115.07855762607483,True
0.36292429582449737,2702.885017808927,215.97195878157194,1.1253686247759367,135.10217982873468,False
0.25575708785583334,5000.0,186.21585790950675,1.1652599998889253,105.34607895666949,True
0.26932048508826445,1500.003137425273,97.7425942303106,0.9516666146863468,16.872815277473336,False
0.02776757958395573,851.08,-0.9674278495169671,0.9700451541951151,-81.83720680235423,False
0.21659821695070686,5000.0,157.7044183967291,1.1399571038648688,76.83463944389183,True
0.24445980527647063,3850.2373454968456,166.5654553425303,1.1321295127034758,85.69567638969303,False
0.28329503174462817,5000.0,206.26614034471484,1.1830539177121089,125.39636139187758,True
0.4394745942172002,947.4166470697273,25.775936250508632,0.618802449080355,-55.09384270232863,False
0.23137798877815802,5000.0,168.46551954011937,1.1495072012288947,87.59574058728211,True
0.22920120193130158,5000.0,166.88060850765567,1.1481006486399299,86.0108295548184,True
0.18569453608232844,5000.0,135.20355441789553,1.1199883814349574,54.33377546505827,True
0.22970370947568802,5000.0,167.24648252611755,1.1484253489148106,86.37670357328028,True
0.18379549956407887,3995.1940076817714,126.58646305701957,1.1024049595293408,45.716684104182306,False
0.24149819707487485,5000.0,175.83400846840402,1.1560464750219013,94.96422951556676,True
0.5207251352682212,851.08,-18.142164544044192,0.43825708371426997,-99.01194349688146,False
0.12796683962286023,5000.0,93.17221674721095,1.0826870530907073,12.302437794373688,True
0.6076589555214873,949.7531233502461,36.87494212940576,0.4757119287864615,-43.994836823431505,False
0.208860547937842,5000.0,152.07064814414224,1.134957331655516,71.20086919130497,True
0.2636175745973062,5000.0,191.93905132878265,1.1703391320017955,111.06927237594539,True
0.08006125086136404,4999.898697939644,58.29206811666525,1.0517318038903096,-22.577710836172017,True
0.23760216056977024,5000.0,172.99731766023464,1.1535290120737627,92.12753870739738,True
0.35439499195751417,3106.4162913040655,224.22446831799394,1.1525561007804328,143.35468936515667,False
0.2899252188885229,2317.757801080963,158.58382520269151,1.0686183605885098,77.71404624985425,False
0.3209481945957978,1068.869919839642,48.945352844255105,0.7897127885474423,-31.92442610858216,False
0.24132452713955047,5000.0,175.70755998452958,1.1559342564564918,94.83778103169232,True
0.24497278476518963,5000.0,178.36384384093725,1.1582916146038749,97.49406488809998,True
0.27550123993933384,4260.060840454431,193.1024416943494,1.1610857862744337,112.23266274151214,False
0.23457321527697184,923.2293349064355,8.68226407928439,0.7850565927250277,-72.18751487355287,False
0.27245441382376917,4244.590202971683,190.78447300621266,1.158891896386976,109.9146940533754,False
0.18116411511535338,5000.0,131.90497046024575,1.1170610046229368,51.035191507408484,True
0.4483558934651758,1946.5441646072688,216.3750787043943,1.0408484445506376,135.50529975155703,False
0.31148893854659904,3012.315195696536,194.62680192768832,1.1285445272632322,113.75702297485105,False
0.22471915039107218,5000.0,163.61724216361551,1.1452045262166952,82.74746321077825,True
0.2580553796109009,5000.0,187.88923624863415,1.1667450640893797,107.01945729579688,True
0.28148395295233025,5000.0,204.94750009166515,1.1818836710396776,124.07772113882788,True
0.33011357797166857,3204.1880082822095,211.39912575313812,1.147840583803457,130.52934680030086,False
0.1233986444426807,878.846309471312,-0.7146458722241017,0.8749856063549135,-81.58442482506136,False
0.41216342890182617,851.08,-14.359853672749583,0.5553702503368136,-95.22963262558685,False
0.2785784515007773,4239.317870425496,195.00891921518723,1.1623189466796144,114.13914026234997,False
0.22620956142474977,5000.0,164.7024053221455,1.1461675702102163,83.83262636930823,True
0.29854522579321874,3391.5484252533165,195.21107029581304,1.1428092175615474,114.34129134297578,False
0.29929338521226323,1069.6564847140735,45.8040661557882,0.8042654349455215,-35.065712797049066,False
0.15146681130570408,4999.956307687796,110.28225832986203,1.0978713264511624,29.412479377024766,True
0.1625667804717598,1724.8535758024002,70.05463520325178,0.9958203667207607,-10.815143749585488,False
0.23829109140451318,5000.0,173.49892583660036,1.1539741716219403,92.6291468837631,True
0.42654001522965795,1195.5581515778035,98.13817021399664,0.7953414458013089,17.26839126115938,False
0.38873511220651397,1612.917976107936,155.27782949739708,0.9623339122054171,74.40805054455981,False
0.2823623164394624,3684.093906577207,189.8027523784019,1.1467644128809127,108.93297342556463,False
0.4725546122303646,1249.5448002733024,122.08836843568665,0.80347606476644,41.21858948284938,False
0.2770896573822657,5000.0,201.74802856832352,1.1790442530141247,120.87824961548625,True
0.1404468396447238,5000.0,102.25886193176973,1.0907511299048347,21.389082978932464,True
0.30814259785494746,4015.29200496973,212.53080382446234,1.1723701849270158,131.66102487162507,False
0.16952753006716073,915.0935987341213,4.9972414472364255,0.8417707775232449,-75.87253750560085,False
0.20455019438876745,5000.0,148.93229451819445,1.132172153606246,68.06251556535719,True
0.4458730691766986,910.142836362915,11.069238442399563,0.5791534703720229,-69.8005405104377,False
0.2149487224094031,5000.0,156.5034270822711,1.1388912664720598,75.63364812943382,True
0.2927990254076804,2627.4472010083914,171.80740473659495,1.0956418625339768,90.93762578375768,False
0.2385672495503149,5000.0,173.69999563478385,1.1541526139694316,92.83021668194658,True
0.2470414578929714,5000.0,179.870037645589,1.1596283084321224,99.00025869275174,True
0.027080992008698443,4999.83910584058,19.717440952660382,1.0174983454379676,-61.15233800017688,True
0.248498927226119,4939.766097328982,180.45699264128555,1.1594978908640585,99.58721368844829,False
0.30594990350700324,2760.6088394273593,183.9192815255638,1.1098748342853635,103.04950257272654,False
0.4073652714633534,1454.1974689506908,141.1482842499836,0.9117581385524359,60.278505297146324,False
0.2577874016175093,3443.872275794188,169.4642445365142,1.1253558146079354,88.59446558367694,False
0.4077500120036912,1383.2023708748568,130.0198115152816,0.8862129351255912,49.15003256244432,False
0.3804782961614963,1601.8228698651385,150.70111393691283,0.9602431913739159,69.83133498407557,False
0.2418451401092668,5000.0,176.0866165010363,1.1562706557330038,95.21683754819904,True
0.27010383801972626,2816.2953019089973,163.8845916031898,1.100424291311474,83.01481265035252,False
0.34614987378099654,2133.3528659105227,179.2358645277288,1.0590860849070631,98.36608557489154,False
0.3469513342093492,895.7341954292632,3.8150056255952522,0.6616740459073029,-77.05477332724202,False
0.19958923714405605,4999.992055319424,145.32018894160146,1.1289664692579369,64.45040998876419,True
0.48381501441322733,1214.9234417031355,116.3634958369646,0.7792722472575043,35.49371688412734,False
0.19828874748495634,4999.992155989327,144.37330783230703,1.128126147003642,63.50352887946977,True
0.4948630285797731,1271.5959944780502,133.22608396980402,0.8063490084308622,52.35630501696676,False
0.17923173193254194,5000.0,130.49800889677982,1.1158123759055314,49.62822994394256,True
0.1995479875743471,5000.0,145.29020490418878,1.1289399276510401,64.42042595135152,True
0.29800587903335424,4681.988368319466,213.80923137869928,1.1853973119652876,132.93945242586202,False
0.2063761757934232,2499.948884618183,117.9618847270543,1.0603248975211919,37.09210577421703,False
0.1741556426101205,5000.0,126.80212568226331,1.1125324100289555,45.932346729426044,True
0.22974717660654315,5000.0,167.27813079491395,1.148453435636084,86.40835184207668,True
0.1622565579193427,5000.0,118.13844295656665,1.1048436974651625,37.268664003729384,True
0.18705162624879704,5000.0,136.19164711056786,1.1208652788169227,55.32186815773059,True
0.256741206194949,4557.2039612259705,183.0282571986071,1.1570690067795186,102.15847824576983,False
0.14447721515397927,5000.0,105.1933645078099,1.0933553973438952,24.323585554972638,True
0.001,1498.3024960362948,0.3623308573735137,0.9998191970548802,-80.50744809546376,False
0.14612420657360597,5000.0,106.39253330796555,1.0944196173196012,25.522754355128285,True
0.22649376451911252,5000.0,164.90933261976602,1.1463512108816698,84.03955366692875,True
0.20933843100336064,5000.0,152.41859316405169,1.1352661205771315,71.54881421121442,True
0.5960019114207575,1022.9747144391536,71.31590965671208,0.5652368623904839,-9.553869296125185,False
0.27936256474229615,1500.003087920402,101.3870909389701,0.9498644100236322,20.51731198613284,False
0.4312105302009524,1350.7814449354769,131.6455520938079,0.8664280682476299,50.77577314097064,False
0.26675277014079124,3009.6668532205313,166.6134453638533,1.1099450489047735,85.74366641101602,False
0.1717127545288669,5000.0,125.02346725429445,1.1109539134663726,44.15368830145718,True
0.23121754501981742,5000.0,168.34870099031457,1.1494035288900053,87.4789220374773,True
0.19815559144256642,5000.0,144.2764060593428,1.1280402169665287,63.40662710650554,True
0.2986530937028656,1711.1020909804588,127.60920045211815,0.9898596814545347,46.73942149928088,False
0.2380581489652188,5000.0,173.32932124600856,1.1538236535353659,92.4595422931713,True
0.20589995607508552,5000.0,149.91505136962053,1.1330443156174772,69.04527241678326,True
0.37293471724676297,1260.697348319196,98.41678680115977,0.849576670501733,17.547007848322508,False
0.2961486787279328,3171.8309584082203,188.91077139445537,1.1309613628602548,108.0409924416181,False
0.23174769119770797,5000.0,168.734698602975,1.149746088144311,87.86491965013772,True
0.21062592550497214,1405.411488753132,69.04556981165693,0.9454798167777702,-11.824209141180333,False
0.2784083972503277,1966.3047254275684,135.48373764951376,1.0279079890248561,54.61395869667649,False
0.28080537427625474,2361.01243748557,155.33229920217974,1.070386801175203,74.46252024934248,False
0.2523507702997172,4769.413022008005,181.8263235146563,1.1587419801290784,100.95654456181904,False
0.31844368173890497,3635.1815609988184,213.1463951303042,1.163460896896194,132.27661617746693,False
0.001,1498.7434288290247,0.3624845098180785,0.9998195444490574,-80.50729444301919,False
0.34810179654650336,3000.2951424190937,217.14123810536583,1.1428347580665779,136.27145915252856,False
0.18420283203752214,5000.0,134.11744982240032,1.1190245019493652,53.24767086956305,True
0.39387483718200156,851.08,-13.72267559589528,0.5750994436321624,-94.59245454873255,False
0.10400054549378379,851.08,-3.6233991432864228,0.8878072791879109,-84.49317809612369,False
0.18177965076073035,5000.0,132.35313985112637,1.1174587391355535,51.483360898289106,True
0.39200025644383174,851.08,-13.657364839990528,0.5771216860386676,-94.52714379282779,False
0.4390672928842367,1500.2037351622655,159.3782396122652,0.9212723851900686,78.50846065942793,False
0.20304041952131693,4999.992700977363,147.83298623117196,1.1311964925998044,66.96320727833469,True
0.16573110149859666,5000.0,120.66824621198788,1.1070888085443333,39.79846725915061,True
0.20195242017516374,5000.0,147.0408640288307,1.1304935758203838,66.17108507599343,True
0.2676425648735368,5000.0,194.86963293513952,1.1729399197186845,113.99985398230226,True
0.3882195176805584,1466.5931022376108,136.28011773716,0.919897411410918,55.41033878432273,False
0.4682257931829961,1467.2086283947888,164.4702334751377,0.9036264190601367,83.60045452230042,False
0.4430872439438148,1359.92769543441,136.99776545336533,0.866652221245797,56.12798650052807,False
0.4253927560798739,1462.0506672769761,148.62418610797727,0.9106329868728217,67.75440715514,False
0.2838328375891975,5000.0,206.65771493439607,1.183401426336636,125.7879359815588,True
0.30870504208513927,3576.326347569397,205.53435346792887,1.1559894039196739,124.6645745150916,False
0.2623488517146408,4602.861208407037,187.47273651987385,1.1615099240481306,106.60295756703658,False
0.14093600681113513,2914.9877003417814,86.8382663649312,1.0553974012036313,5.9684874120939355,False
0.2580264877382603,5000.0,187.86820017532142,1.1667263953169542,106.99842122248415,True
0.19784468280994905,3534.48685774085,131.2116140900006,1.0988128213501247,50.34183513716334,False
0.4295363939676066,1179.1343832822429,94.9116665102886,0.7850502361709613,14.041887557451332,False
0.2316070781654687,5000.0,168.6323187367855,1.1496552296273992,87.76253978394823,True
0.149140227887792,5000.0,108.58848807583924,1.0963684496519757,27.71870912300197,True
0.38345025417955425,1133.7163720522938,74.53389499454025,0.7850640912749794,-6.335883958297018,False
0.1954214117860504,935.3992496613497,9.388135772282272,0.8258043077985806,-71.481643180555,False
0.23681155446826682,2499.9969554264653,135.35976878948998,1.0692245495097796,54.48998983665271,False
0.2149257251319939,5000.0,156.48668284351612,1.1388764065512893,75.61690389067886,True
0.2588464045978495,5000.0,188.4651788268337,1.1672561927949465,107.59539987399643,True
0.01261256864857813,1497.9395665065585,4.568326837710958,0.9977160020900856,-76.30145211512631,False
0.23704325684876465,4465.223724920847,168.14734017939557,1.1431225586144855,87.2775612265583,False
0.26843346589693784,5000.0,195.4454852559055,1.1734509683239653,114.57570630306824,True
0.43392448620478463,1500.35203314991,157.53380987089992,0.9222451042788236,76.66403091806265,False
0.366963008325196,1033.5853475217718,46.79144280852469,0.7388281804799695,-34.07833614431257,False
0.15395957124942036,5000.0,112.09743543745444,1.0994825165585254,31.22765648461717,True
0.19116503018068692,2499.9456721531883,109.26731876256481,1.0558784216903616,28.397539809727547,False
0.2634837772134358,5000.0,191.84163391277923,1.1702526774842337,110.97185495994196,True
0.33768038675168094,1709.487066945575,144.13898071965667,0.9882047154858427,63.26920176681941,False
0.2108204060916813,2499.972866634243,120.502780849807,1.0616254018436726,39.63300189696973,False
0.0018207503491926586,4999.803831834481,1.3256709002252636,1.0011764707682056,-79.544108052612,True
0.1365944943845143,5000.0,99.45398256906013,1.0882618984914978,18.584203616222865,True
0.18714226945308116,5000.0,136.25764411651963,1.120923848829803,55.38786516368236,True
0.25509286148245613,5000.0,185.7322369666757,1.164830803375504,104.86245801383845,True
0.27586644716739794,3111.924526023732,174.66273669961592,1.1190300861801397,93.79295774677865,False
0.21206026041297632,5000.0,154.4003478158743,1.1370248578684488,73.53056886303705,True
0.37484364055120645,2532.29270036982,215.75426861120104,1.1129571024087779,134.88448965836378,False
0.6350412750970542,851.08,-22.124960991437465,0.31493620400889766,-102.99473994427473,False
0.5859552418538541,851.08,-20.41479408840549,0.36788876879863186,-101.28457304124275,False
0.3822630811640915,1500.126559109056,138.74846521461532,0.9314345566713489,57.87868626177806,False
0.44423732232624136,1787.665473592829,198.51574769201446,1.0045886955168843,117.64596873917719,False
0.509487707615531,851.08,-17.750650388650318,0.450379689199639,-98.62042934148758,False
0.3843101665950635,1925.9428761214874,183.81424179232133,1.0312770859310982,102.94446283948406,False
0.24552655115104566,851.08,-8.554192584960466,0.7351331988264347,-89.42397153779773,False
0.16510423315258418,5000.0,120.21182552066837,1.1066837512938739,39.342046567831105,True
0.4992594276672854,1219.4278614489017,121.2658974080133,0.7749117172750914,40.39611845517604,False
0.16392548150865444,5000.0,119.35358049419875,1.1059220891316321,38.48380154136149,True
0.28944126471701737,3946.1859917677384,198.6443850927652,1.1596755905684566,117.77460613992793,False
0.254640291688509,4849.5698432842055,184.16653970484222,1.1617434743183692,103.29676075200496,False
0.2240964220738945,5000.0,163.16383581308204,1.1448021440872678,82.29405686024478,True
0.17481199726214067,5000.0,127.28001525179003,1.1129565201509048,46.41023629895277,True
0.24719433142098324,5000.0,179.9813443366725,1.1597270891909826,99.11156538383523,True
0.16424907357630053,5000.0,119.58918676808392,1.1061311813820625,38.719407815246655,True
0.2679587690021887,4490.538857874285,190.34207909642072,1.1623873288870736,109.47230014358345,False
0.3161169621218482,1594.6221590444559,124.51132156669942,0.9653917911377028,43.64154261386216,False
0.2120545578021055,5000.0,154.39619576447066,1.1370211730694084,73.5264168116334,True
0.4066023181886066,1488.279346514532,145.89440871811996,0.9232516468082732,65.0246297652827,False
0.25425496568897266,5000.0,185.12216791509877,1.1642893886295866,104.2523889622615,True
0.3542642724662885,1745.902102019907,154.60014975393398,0.9952725797922103,73.73037080109671,False
0.3591471737908044,851.08,-12.512757078809,0.612562622549216,-93.38253603164627,False
0.347147579381682,1745.1225625558745,151.42493805670279,0.9952104085376099,70.55515910386552,False
0.3612682900049855,851.08,-12.586657178436209,0.6102744249431578,-93.45643613127348,False
0.19530070712912986,5000.0,142.1977745886926,1.1261955049185586,61.32799563585533,True
0.18141656687848404,5000.0,132.08877972256673,1.1172241288542013,51.21900076972946,True
0.17538605179750888,4999.973672925965,127.6978378602369,1.1133271244634835,46.82805890739964,True
0.3119875088498198,2864.3790616910733,190.7525611699205,1.1192866516067042,109.88278221708325,False
0.15368268139349794,1060.5551402152623,22.554882534132172,0.8973118529364414,-58.31489641870509,False
0.21781930994138785,5000.0,158.5934920124528,1.1407461253117273,77.72371305961553,True
0.21850626806151316,5000.0,159.09366386207577,1.1411900101706274,78.2238849092385,True
0.21652894249243898,5000.0,157.6539799014142,1.1399123414809145,76.78420094857694,True
0.5396070874560179,958.6048682168714,36.85065738365704,0.5437088912544885,-44.01912156918023,False
0.2090373314857923,4999.993103532664,152.1993185149532,1.1350714600922163,71.32953956211594,True
0.21455073853348627,5000.0,156.21365638809672,1.1386341052107976,75.34387743525946,True
0.22082331415465337,5000.0,160.78069717038895,1.1426871926741708,79.91091821755168,True
0.22872260014565418,5000.0,166.53214019008712,1.147791395310116,85.66236123724985,True
0.2770210655133096,2957.4829704183308,171.7561361058171,1.111303908725481,90.88635715297983,False
0.27805246119766663,4693.099179644685,199.6033439505919,1.173232512690174,118.73356499775463,False
0.1527478757253647,5000.0,111.21520408492854,1.0986995673787017,30.34542513209128,True
0.001,851.0800000000002,-0.03484019363632085,0.9989212294966395,-80.90461914647359,False
0.001,1498.2641962609607,0.3623175067302317,0.9998191668702922,-80.50746144610703,False
0.09564854320635867,1499.4370252686485,34.69421591505279,0.982791917826996,-46.17556303778448,False
0.24672833368091776,5000.0,179.64205298143506,1.1594259800912619,98.77227402859779,True
0.10233707713836929,5000.0,74.51127464359794,1.0661261257637287,-6.358504309239322,True
0.21502195917272468,5000.0,156.55675051829698,1.1389385891390478,75.68697156545971,True
0.19373908437445972,5000.0,141.06076242050656,1.1251864467594008,60.1909834676693,True
0.2240943841853267,5000.0,163.16235203340986,1.1448008272851906,82.2925730805726,True
0.26155425040064567,5000.0,190.43675206252274,1.1690058944388813,109.56697310968548,True
0.3982043510622922,923.171478930672,14.717595029882863,0.6350707903120756,-66.1521839229544,False
0.21364616407870218,5000.0,155.55503883206796,1.1380496053810942,74.6852598792307,True
0.2529777898703101,5000.0,184.19226058479796,1.1634641287025995,103.3224816319607,True
0.30961500152093613,851.08,-10.787046605699189,0.6659964689613176,-91.65682555853645,False
0.2786732743401153,3406.8907077478466,182.50686021582604,1.1339581075631766,101.63708126298877,False
0.19795012933787945,5000.0,144.12680980606615,1.1279074555729642,63.25703085322888,True
0.23923726973831386,5000.0,174.1878350341566,1.1545855542141088,93.31805608131933,True
0.3440891835316503,851.08,-11.988133782406239,0.6288067382806801,-92.8579127352435,False
0.265831826742555,3926.7566905005515,182.18033551556005,1.1460613125646122,101.31055656272278,False
0.22866337628876857,5000.0,166.48901950314496,1.1477531272227508,85.6192405503077,True
0.27168463612804855,3351.3086924786367,176.89495449368167,1.1282587382641778,96.0251755408444,False
0.5675592183000183,851.08,-19.773873065651532,0.3877338563876337,-100.6436520184888,False
0.21511438587129833,5000.0,156.62404608032003,1.138998311574598,75.75426712748276,True
0.4412990367906211,1406.6095228054578,144.87211051166648,0.8862436051077883,64.00233155882921,False
0.22753856385441928,3771.539541054002,154.07102481167266,1.120801985120649,73.20124585883539,False
0.22786028424188834,4999.997719588366,165.90427467570217,1.1472341644935902,85.0344957228649,True
0.001,1498.6164617310483,0.3624402746916871,0.9998194444374671,-80.50733867814557,False
0.3854195212586631,851.08,-13.4280907518699,0.5842207890468538,-94.29786970470717,False
0.2265886135924881,5000.0,164.97839190456875,1.1464124985589221,84.10861295173149,True
0.3686389141228301,1728.6831410025404,159.22745100130723,0.9913598446411473,78.35767204846996,False
0.24319676091539288,5000.0,177.0707269712141,1.1571440190330904,96.20094801837683,True
0.26232738266211597,4286.945756839949,184.17090350883268,1.1540662495079783,103.30112455599541,False
0.34060156765839444,1815.5895932100077,154.4972377833259,1.0087026100113454,73.62745883048862,False
0.32702653721920355,2757.575786449307,196.48736869764886,1.117213500532659,115.6175897448116,False
0.31014757955026745,1724.6157792690883,133.63198514536603,0.9919821630347789,52.762206192528765,False
0.24661692961628162,3087.815380958316,155.65943513745984,1.1053148703779754,74.78965618462257,False
0.16185559789015838,5000.0,117.84650533541236,1.1045846131327048,36.976726382575094,True
0.2340206326961099,5000.0,170.3896195072262,1.1512147720229184,89.51984055438894,True
0.25582206715332245,5000.0,186.2631691129996,1.1653019869117909,105.39339016016234,True
0.1882199039391103,4999.963713934198,137.04205230963416,1.121619689797345,56.17227335679689,True
0.22778531605448846,4347.655420644494,160.50071999029635,1.135092187880163,79.63094103745908,False
0.26612874233850775,1500.0015943832188,96.58409460899578,0.952239095348573,15.714315656158519,False
0.2733802808955923,2441.216693331213,154.2018105375225,1.0752559626891296,73.33203158468524,False
0.2790004747940714,4416.179035281326,197.36681633285178,1.167227913930441,116.49703738001452,False
0.4495232929656557,1351.5660027784602,137.38747430452563,0.8610972684282525,56.51769535168836,False
0.360289387716456,851.08,-12.552552033152805,0.6113304358576954,-93.42233098599007,False
0.3864159789380361,2384.629356510586,215.02100349488882,1.0997269184051446,134.15122454205155,False
0.10958420173794449,5000.0,79.78788119241702,1.0708089277949902,-1.0818977604202473,True
0.21069840475652585,4999.993804255763,153.4087445252884,1.1361447888344496,72.53896557245113,True
0.08467785681657104,4999.897343342327,61.653384839245334,1.0547148287797332,-19.21639411359193,True
0.001,1497.6413381125167,0.3621002932369579,0.9998186757703752,-80.5076786596003,False
0.3561158748204197,1499.1404844103295,129.13573386052542,0.9358482532838657,48.265954907688155,False
0.260833221985418,5000.0,189.911773747965,1.1685399947180977,109.04199479512772,True
0.21246449428836361,5000.0,154.69466911321317,1.137286057629369,73.8248901603759,True
0.18420832091085668,5000.0,134.1214462522374,1.1190280486397592,53.25166729940014,True
0.31138595017907283,1959.0958534838262,151.07583617959853,1.030182750204374,70.20605722676126,False
0.18275277161643905,889.2008168260357,0.8364615784274683,0.8191383917984998,-80.03331737440979,False
0.2225359129575724,5000.0,162.02763448115522,1.143793805516665,81.15785552831795,True
0.19329138911606616,4999.986835995015,140.73471739490435,1.124896983922379,59.864938442067086,True
0.20818677101093078,5000.0,151.58007347606062,1.134521963956423,70.71029452322335,True
0.2980477558907388,851.08,-10.384041528104227,0.6784748723522993,-91.2538204809415,False
0.2901933591988314,3289.9658676646536,187.68266281590533,1.1341400407919109,106.81288386306807,False
0.17008737944932237,4999.97431359445,123.83990048584833,1.1099033519227064,42.97012153301107,True
0.310205782664173,2736.8790693886463,185.71527913896324,1.1096795420904353,104.84550018612597,False
0.24673071466847465,2499.99983761018,141.02957792843142,1.0721243111701675,60.15979897559416,False
0.39903992392877313,1715.7667580099958,170.9988541528785,0.9875729048138868,90.12907520004123,False
0.4635530725951528,986.2355969803839,42.25825580630806,0.6319889934376486,-38.61152314652921,False
0.4481827853421224,1132.6723070422047,86.83126126880205,0.7481347847885628,5.961482315964787,False
0.05007616465690398,4999.853658020693,36.4600542394807,1.03235669593428,-44.40972471335657,True
0.2632044723453363,4469.0587166321875,186.74445780494705,1.15900773159983,105.87467885210978,False
0.3090351038722898,3572.518744258887,205.68203916511678,1.155993246037538,124.81226021227951,False
0.1971503505990588,5000.0,143.54449365117145,1.1273906705430878,62.674714698334185,True
0.2612169372057029,4869.544949355305,189.09594468381354,1.166311764317728,108.22616573097628,False
0.16665385969411406,5000.0,121.34010328723798,1.1076850579799487,40.470324334400715,True
0.09926799912294311,5000.0,72.2766894736419,1.064143010313281,-8.59308947919537,True
0.23389348231590373,5000.0,170.2970417517782,1.1511326125332444,89.42726279894094,True
0.37610585960349874,851.08,-13.103600976340797,0.5942680925187243,-93.97337992917807,False
0.531431378863937,851.08,-18.51517214403655,0.4267075039214201,-99.38495109687382,False
0.5028101966851487,1215.144338979937,120.99094451811649,0.7707393048254018,40.12116556527923,False
0.33993175757128846,2163.1358034140567,177.73288208610813,1.061906094759953,96.86310313327087,False
0.22175319854727876,5000.0,161.45774280529625,1.1432880467733098,80.58796385245898,True
0.28649845888464004,2746.6798565344834,171.81437029542084,1.1019581775508582,90.94459134258358,False
0.29663496359943337,1474.3823927240373,104.96655432870601,0.9406848517492123,24.096775375868745,False
0.019783658669370426,4999.83417550292,14.404311290737272,1.0127831767155204,-66.4654676621,True
0.23113327520796353,5000.0,168.28734442951776,1.1493490771083776,87.4175654766805,True
0.16817517747698385,5000.0,122.44776954378284,1.1086680726785278,41.577990590945575,True
0.27095413969608184,4491.685563032042,192.4818675451541,1.164229824909738,111.61208859231684,False
0.26463902003685574,2153.560420451738,137.94051092810244,1.0472319067732334,57.070731975265176,False
0.509781250721048,1135.1556353515803,99.53585678119819,0.7152602522886699,18.666077828360926,False
0.2411514943437651,5000.0,175.5815753997668,1.1558224495851672,94.71179644692953,True
0.29818298105766466,5000.0,217.10600514409467,1.1926739150402206,136.2362261912574,True
0.28726171495916364,1283.1579708586316,78.9289012154866,0.8911893391115725,-1.940877737350661,False
0.2553400849790827,5000.0,185.9122395460985,1.164990549310084,105.04246059326124,True
0.2827826987246351,5000.0,205.8931124311848,1.18272286860791,125.02333347834752,True
0.400664201997884,1013.3577076194427,45.03373182989656,0.7011529624377854,-35.836047122940705,False
0.23130785669960552,5000.0,168.41445661441858,1.149461884685017,87.54467766158132,True
0.18158799312790402,5000.0,132.2135945864345,1.1173348976395265,51.343815633597245,True
0.2074500857622895,5000.0,151.04369547482864,1.134045947416161,70.17391652199137,True
0.276373513186055,5000.0,201.22660643686942,1.1785815092803014,120.35682748403215,True
0.0690484913211588,4999.902179398697,50.27375813611843,1.04461589514983,-30.596020816718834,True
0.14646176082754003,5000.0,106.63830540176875,1.0946377313763234,25.768526448931482,True
0.034567056737330376,1499.0910598474402,12.534207848802074,0.9937716451591246,-68.3355711040352,False
0.21359830755834308,4999.992452564746,155.52014420331824,1.1380185683252613,74.65036525048097,True
0.2319498844806277,5000.0,168.8819148383415,1.1498767373560024,88.01213588550422,True
0.2223262104673464,851.08,-7.745888223111772,0.7601610420239224,-88.61566717594904,False
0.2295769764659042,5000.0,167.1542086566416,1.1483434591132087,86.28442970380434,True
0.26206303146137494,851.08,-9.130326761035544,0.7172941316382508,-90.00010571387281,False
0.31099262471971023,4030.4894849931684,214.72504087789838,1.1744811281129788,133.85526192506111,False
0.24923623345807816,5000.0,181.46804620207348,1.1610464846112718,100.59826724923622,True
0.31400019939354945,1143.465317747473,62.88220045550622,0.8281707263480427,-17.987578497331043,False
0.20215853367464323,5000.0,147.19093456042017,1.1306267581192075,66.32115560758291,True
0.2579402221851356,4655.126954396964,184.81470562099722,1.1599089879007727,103.94492666815995,False
0.2458435700481625,4605.957394674016,175.70626771526574,1.151412291844819,94.83648876242847,False
0.29040337340042877,3499.9891070551575,191.96330117869098,1.1436081598997996,111.09352222585372,False
0.3763551897158654,1371.2133311374928,118.14730505783179,0.8907651020721332,37.27752610499452,False
0.2138657179682004,5000.0,155.71489526550266,1.1381914723223323,74.8451163126654,True
0.22716954783380097,886.1803639432644,0.3583703232709976,0.7736406948143361,-80.51140862956626,False
0.2999897521599291,1428.5672583319372,101.04746485041268,0.9284693589646756,20.177685897575415,False
0.23958872218423252,5000.0,174.44372635384516,1.1548126487265638,93.5739474010079,True
0.34675516820261815,3284.4969788188946,224.12670688084324,1.159974894833428,143.25692792800598,False
0.2600985155020298,4319.178895858521,182.9604050655791,1.1535582899819836,102.09062611274183,False
0.14942281464528748,5000.0,108.79423852413397,1.096551045911199,27.92445957129671,True
0.2809815019368669,4724.853810032071,202.02086097033776,1.175769257661455,121.1510820175005,False
0.38536536640116603,2237.215151822758,206.1038536820707,1.0806166676980218,125.23407472923344,False
0.439775255296181,1243.7510565247983,112.33663486770783,0.8142076406290006,31.466855914870564,False
0.28068507240587903,4239.317361899597,196.48357790593963,1.1635463947113256,115.61379895310236,False
0.35963750893592444,1955.3524098021157,174.21114509790215,1.0342380169467393,93.34136614506488,False
0.3478924155253501,2311.9876845593303,189.99769171654722,1.0816750538767463,109.12791276370996,False
0.30821415221299836,2681.3717819640087,182.69867389316394,1.1048509029377227,101.82889494032668,False
0.23026766327256526,867.5966930956989,-3.9920446914045313,0.7607066874138364,-84.8618236442418,False
0.2833294328265706,4257.5285064090995,198.558369853726,1.1655929498406825,117.68859090088873,False
0.18593109805728197,5000.0,135.3757943799785,1.1201412383206932,54.50601542714122,True
0.29553252899437626,5000.0,215.17622009316585,1.1909612989350062,134.3064411403286,True
0.29032079190949195,1040.5253464377402,38.484790677258964,0.7966898132844012,-42.3849882755783,False
0.4369975651173187,851.08,-15.225079787288111,0.5285799167111052,-96.09485874012537,False
0.1983443913466742,5000.0,144.41387062156238,1.128162211912567,63.544091668725116,True
0.30737748597868086,3354.597926210173,200.2050849061184,1.1452679693822019,119.33530595328114,False
0.30038986096521625,1404.4223596441898,98.35341093506449,0.9219782397245068,17.483631982227223,False
0.2968158363959192,4518.6545533040035,211.16226173386147,1.180602797413399,130.2924827810242,False
0.23361710026521804,5000.0,170.09580892921716,1.1509540255073734,89.22602997637989,True
0.21151234581707049,5000.0,154.0014130790382,1.1366708173731583,73.13163412620094,True
0.2769974690150623,5000.0,201.6809065345532,1.1789846845787726,120.81112758171594,True
0.5755914337353686,873.2894971745975,-6.594546462474795,0.40949889757262414,-87.46432541531206,False
0.5289741566841207,1141.1566616400569,105.2008904662121,0.7088754713199763,24.331111513374836,False
0.4582766300283883,1239.480548250773,116.06923596833573,0.8041453368907518,35.19945701549847,False
0.2651227025232683,5000.0,193.0349298060766,1.171311685462435,112.16515085323934,True
0.24571701816759514,5000.0,178.9057176270197,1.1587725084591733,98.03593867418243,True
0.41165333893585365,924.0515417503688,15.546991507478278,0.6234969923042057,-65.32278744535898,False
0.20109379535822208,5000.0,146.41570224641583,1.1299387668086687,65.54592329357857,True
0.3349886931682235,2570.7931298524213,194.3646445714426,1.1044520587455062,113.49486561860533,False
0.3538292324899645,2444.1464802290798,199.715484485738,1.0977092809301983,118.84570553290072,False
0.2609192644383957,4368.746505369399,184.07408201015204,1.1552554631450365,103.20430305731477,False
0.2591895793165262,2500.0001302497817,148.15098868682156,1.0757663073821433,67.2812097339843,False
0.29703398852668655,4595.028348302161,212.17242312572196,1.1826685281491487,131.3026441728847,False
0.490915215845717,1255.2736154696897,128.23503710411774,0.7990125189589805,47.36525815128047,False
0.001,1498.7186892916973,0.36247589119221435,0.9998195249631295,-80.50730306164505,False
0.23633626364420152,4325.276122024703,166.3057465430745,1.139665876403446,85.43596759023723,False
0.37661876898017477,1556.0142165718912,143.75596247937307,0.9484003639146321,62.8861835265358,False
0.2529746111831389,4771.338794309526,182.29257179328803,1.1591722841216046,101.42279284045077,False
0.2813404121172492,3497.7568631133013,185.9323324301826,1.1390356503520762,105.06255347734535,False
0.2930210171353309,5000.0,213.34759692810363,1.1893384604321655,132.47781797526636,True
0.10075815566687393,5000.0,73.36166733906067,1.0651058898657073,-7.508111613776592,True
0.2932739867415709,3391.4984136837497,191.7633443909288,1.1402854624805154,110.89356543809154,False
0.33832837144667255,1500.0394943114898,122.79142013605907,0.9392918413863799,41.92164118322181,False
0.2542370087009068,5000.0,185.1090934937164,1.164277785542178,104.23931454087912,True
0.12716095217574477,5000.0,92.5854528627719,1.0821663208578793,11.715673909934637,True
0.26994679250162923,2878.670789696579,165.41453841236833,1.104040407164589,84.54475945953106,False
0.32835064086859994,2016.2231222757032,163.02267874776877,1.0402287820293623,82.1528997949315,False
0.012430879097266196,4999.81742493613,9.050809366295073,1.0080321762187978,-71.8189695865422,True
0.15319458053336735,851.08,-5.3373288498174665,0.8347382052459285,-86.20710780265473,False
0.2738899559996405,5000.0,199.41833697300927,1.1769767339687278,118.54855802017201,True
0.0873080399016748,5000.0,63.56868421121648,1.056414963062866,-17.301094741620787,True
0.19339965762799388,5000.0,140.81362697131738,1.1249671227729046,59.94384801848011,True
0.23127577547336176,5000.0,168.39109838369328,1.1494411550798675,87.52131943085601,True
0.2244548940621711,5000.0,163.42483803747035,1.1450337743472125,82.55505908463309,True
0.4265551814131014,851.08,-14.86126511700842,0.5398448522359864,-95.73104406984568,False
0.22974450043457675,5000.0,167.27618228328987,1.1484517064008062,86.4064033304526,True
0.24393707771929724,5000.0,177.60974909536958,1.1576223821391012,96.73997014253231,True
0.45489522057556797,1064.3411364607216,67.95555197022426,0.6987460906842653,-12.914226982613002,False
0.038872389863822424,4999.86674136712,28.302691505378167,1.0251174168406274,-52.5670874474591,True
0.3921005591166592,1814.2866025372634,177.7358663933348,1.0097440404613076,96.86608744049752,False
0.18704752335814315,4999.977557783856,136.18852841657508,1.1208623306246177,55.31874946373782,True
0.18578400563178185,5000.0,135.26869688979303,1.1200461930790322,54.39891793695577,True
0.39051890477666196,2507.742269964277,223.59530758109122,1.1150097128608945,142.72552862825395,False
0.2271789153770557,930.9461979113022,10.004709574745961,0.795440821396053,-70.8650693780913,False
0.2690473560244849,3762.0394421616434,182.03651451807184,1.142520617111558,101.16673556523457,False
0.6096950556356666,851.08,-21.241893797454036,0.34227895793554286,-102.1116727502913,False
0.261121449986109,4823.497015023666,188.62623473915033,1.1653452801498854,107.75645578631307,False
0.1765217247514385,5000.0,128.52486196896305,1.1140612776653895,47.655083016125786,True
0.18267149160421223,5000.0,133.00248610846774,1.1180350110149777,52.13270715563047,True
0.2622045771304148,3858.6538054815865,178.77229239686955,1.1419832872079745,97.90251344403228,False
0.27008777294124986,4430.549253822508,191.21713463296518,1.1622367457857798,110.34735568012792,False
0.2623681079046618,5000.0,191.02931891803794,1.1695317766036764,110.15953996520068,True
0.36784839943574427,1890.6627689950196,173.15172045659446,1.023631863862005,92.2819415037572,False
0.001,851.08,-0.03484019363632085,0.9989212294966395,-80.90461914647359,False
0.6708682211027704,851.08,-23.37317872767463,0.2762871514324441,-104.24295768051189,False
0.2913581189833403,3924.3830650681994,199.63894121451733,1.160007337074804,118.76916226168007,False
0.11875234155194024,5000.0,86.4631723259315,1.0767330130172017,5.59339337309423,True
0.32697860725427147,3201.5957343933683,209.32688766198137,1.1462904130079519,128.4571087091441,False
0.2820831095191348,5000.0,205.3837439316502,1.1822708220468843,124.51396497881294,True
0.26815777151899334,5000.0,195.2447531255072,1.1732728256447127,114.37497417266994,True
0.21757883077474446,5000.0,158.41839995654422,1.140590737293409,77.54862100370696,True
0.23547462191619548,4984.963809781519,171.33710528729685,1.151902961821758,90.46732633445959,False
0.28027835888538416,3472.6946901665747,184.7779138828184,1.1374876684327673,103.90813492998114,False
0.3076584367157305,1496.6668475962456,111.29854373441114,0.9439774297423548,30.428764781573875,False
0.2636424855628365,2500.0002500167325,150.6962433584387,1.0770679900384266,69.82646440560143,False
0.30451161251089426,5000.0,221.71385998532799,1.1967632235400394,140.84408103249072,True
0.24462853842835952,5000.0,178.1131992645447,1.1580691763908688,97.24342031170744,True
0.1737204580197141,5000.0,126.48526927554192,1.1122512111540184,45.61549032270466,True
0.2544451324885687,5000.0,185.26062770923218,1.1644122668088135,104.39084875639492,True
0.39896511399929857,1500.1146627880653,144.80908327890074,0.9284350290685304,63.93930432606348,False
0.2687099095751641,4082.597141822263,186.19677814455972,1.152264040559495,105.32699919172245,False
0.24892297023454965,2638.684345908102,146.377707680817,1.082023689681383,65.50792872797973,False
0.2037731901875698,907.5060580814124,4.549826170255315,0.8065135522276581,-76.31995278258195,False
0.21879520310899744,5000.0,159.30403647852398,1.1413767084409099,78.43425752568672,True
0.2446016353103331,5000.0,178.09361119664118,1.1580517926721248,97.22383224380391,True
0.24392680634154879,2930.4851268711636,150.6427337611544,1.0966626889357616,69.77295480831714,False
0.25634272172658434,5000.0,186.64225592090511,1.1656384130708497,105.77247696806785,True
0.16338545783399983,5000.0,118.960391110044,1.1055731474340174,38.090612157206735,True
0.2628105199463321,5000.0,191.35143760721996,1.1698176455685219,110.4816586543827,True
0.2027080012008103,5000.0,147.59099998044988,1.1309818020559157,66.72122102761261,True
0.25643762250718183,4479.783613177232,182.0508519224305,1.155162766193769,101.18107296959323,False
0.2326438165005977,5000.0,169.38716436050697,1.1503251284700262,88.5173854076697,True
0.3037886711720648,3808.826321497752,206.31857115137956,1.1626788195613278,125.4487921985423,False
0.30654683844372854,3908.4541347410996,209.79715486374585,1.167785413113463,128.92737591090858,False
0.27412693374366787,4458.429790661767,194.37955165135156,1.1653475217194829,113.5097726985143,False
0.40802975895025023,1500.183033573242,148.10890319329036,0.9268309762821494,67.2391242404531,False
0.15019819934650022,5000.0,109.35879346396666,1.0970520684897347,28.489014511129398,True
0.32683488331925514,2021.056773759901,162.57349638449645,1.0407289791824326,81.70371743165919,False
0.2949223996456975,4087.649718372196,204.43003405544798,1.167275280787149,123.56025510261071,False
0.33609458447073043,4772.818679228279,242.20560900595342,1.2115102290177466,161.33583005311615,False
0.3099726450646501,2797.6627240355697,187.50124574579564,1.113950587460323,106.63146679295838,False
0.2344018179901498,5000.0,170.66715921158874,1.1514610787125152,89.79738025875147,True
0.20373900868369263,4999.993285915328,148.34163017339645,1.1316479010458946,67.47185122055919,True
0.2205787515095764,5000.0,160.6026319478474,1.142529166075428,79.73285299501015,True
0.23446279946623727,5000.0,170.71155961503962,1.1515004825031039,89.84178066220235,True
0.43775193815481994,1290.22364429617,121.73999479848715,0.8374910977902109,40.87021584564988,False
0.23054618216920428,4930.038437225325,167.34785920220895,1.1478120796490388,86.47808024937169,False
0.2494000357204271,5000.0,181.5873100671204,1.1611523270811113,100.71753111428313,True
0.4010313033079067,1081.3643016349993,64.55048189405686,0.7449114547614057,-16.319297058780407,False
0.3646721094917654,1852.5575799814444,168.5520713977352,1.0164087663792163,87.68229244489794,False
0.284060870185822,990.3913883232857,26.84119265500337,0.7766246207818546,-54.0285862978339,False
0.2153505312706668,4999.994102260495,156.7959429806847,1.139150809404632,75.92616402784745,True
0.4325742285449475,1602.6285290135845,171.441677547898,0.9550397835461626,90.57189859506073,False
0.21834273084373318,5000.0,158.97459297506987,1.1410843389619867,78.1048140222326,True
0.6311524529000773,997.7295189296598,63.30592053542554,0.511976465335115,-17.563858417411723,False
0.20949323382127655,5000.0,152.53130456449298,1.135366147965956,71.66152561165572,True
0.33381524192427053,3547.6612474889957,221.66243944362898,1.1673433369670452,140.79266049079172,False
0.09440778315371803,5000.0,68.73798290671031,1.0610025331626065,-12.13179604612695,True
0.2570094223895662,2773.531027901596,154.83853453875872,1.0930663961470801,73.96875558592146,False
0.19820336750835696,851.08,-6.90544370336202,0.7861840534652763,-87.77522265619929,False
0.2672425269391879,4322.526444539231,188.02319419752013,1.1578607834779953,107.15341524468286,False
0.21147146665767433,5000.0,153.97164910337912,1.136644402895523,73.10187015054186,True
0.6558802012621869,851.08,-22.85099321420368,0.2924557851402465,-103.72077216704095,False
0.3436357366626415,2067.556280336864,173.92283719488904,1.0495879513203767,93.05305824205178,False
0.27757787024226344,4917.58997627647,201.37548621094012,1.1777137558281416,120.50570725810286,False
0.197650703718924,4999.991478140141,143.90874631908238,1.127713859516623,63.03896736624512,True
0.09400456813415492,5000.0,68.44440343480036,1.0607419917455656,-12.425375518036901,True
0.5267556318336939,1231.0284078676552,131.1298442697306,0.7697169982131761,50.26006531689333,False
0.6054784323446233,882.1864573369594,-1.4653460782928758,0.3912085536868195,-82.33512503113015,False
0.2561191317433058,4001.769521212462,176.48073544204024,1.142887731114574,95.61095648920298,False
0.16427971701828625,5000.0,119.61149815302541,1.1061509819485358,38.74171920018814,True
0.36385635506575964,851.08,-12.676825866296978,0.6074824966948169,-93.54660481913425,False
0.6517785455318504,851.08,-22.708090734329232,0.29688053035707285,-103.5778696871665,False
0.20370849252207512,5000.0,148.31945427777657,1.131628279528064,67.4496753249393,True
0.2923210934206638,4596.8754228217995,208.82598821797694,1.179815438837932,127.95620926513968,False
0.38541153899422054,1282.4406579938473,105.76538005328709,0.8537143485329942,24.895601100449824,False
0.2673055637770803,2500.0005782206713,152.79004482112188,1.078138806155368,71.92026586828462,False
0.20717322562619522,2055.4262945796395,104.39293844142955,1.0288496964661167,23.523159488592285,False
0.032152869464070255,4999.852315192907,23.410245272744802,1.0207755620818144,-57.45953368009246,True
0.4499363568802501,1039.3232875914687,59.25200474793349,0.6840270271304518,-21.617774204903775,False
0.268207106542426,3958.4511446733895,184.2361116368517,1.1483339552637049,103.36633268401442,False
0.26766185540747506,4546.670740871382,190.70700414490454,1.1635093047663991,109.83722519206728,False
0.22348613150564003,5000.0,162.71948534485318,1.1444077987336843,81.84970639201592,True
0.3140345614643116,2889.8479978135792,192.76024689721285,1.121778793492082,111.89046794437559,False
0.22307993111623745,5000.0,162.42373223540892,1.144145328290068,81.55395328257165,True
0.2639579463054517,4650.32759371456,189.08062469713337,1.1635361181239703,108.21084574429611,False
0.39603452735053807,1039.538120284729,52.21530854538989,0.7220195276921703,-28.654470407447377,False
0.20720792403407495,5000.0,150.8673783516147,1.133889472193858,69.99759939877742,True
0.2478845994164756,5000.0,180.4839260951907,1.1601731127589499,99.61414714235343,True
0.2844865210449728,5000.0,207.13365961510448,1.1838238104384196,126.26388066226721,True
0.001,1498.2923089964515,0.3623273064131752,0.9998191890264824,-80.50745164642409,False
0.2534416193835297,5000.0,184.52997326151026,1.1637638367808616,103.660194308673,True
0.442739558733132,1500.2086362007688,160.71199990055862,0.9206156298279321,79.84222094772136,False
0.3009529073312189,3157.5198233557267,191.63882913123865,1.1323250242338696,110.76905017840139,False
0.13629868978692186,4999.934630433607,99.23832937068298,1.0880701308567204,18.36855041784571,True
0.24265309598100512,5000.0,176.67488639834443,1.1567927244990863,95.80510744550716,True
0.20197614676324283,5000.0,147.0581392761814,1.130508906992537,66.18836032334414,True
0.3896662386016659,1185.357065157329,87.45937309892639,0.8080714351467546,6.5895941460891265,False
0.2583819898332386,4658.704080646877,185.16458289708993,1.1602582608949774,104.29480394425266,False
0.25041172659241145,4072.6587863319887,173.40031934854707,1.141630596149047,92.5305403957098,False
0.09382265289861642,5000.0,68.31195157613787,1.06062444539697,-12.557827376699393,True
0.5463049291273621,1117.92115114441,100.86139984772151,0.6817335059794014,19.99162089488425,False
0.5932254544146024,851.08,-20.668089701799172,0.36004587793493603,-101.53786865463644,False
0.3742976946052767,851.08,-13.040604157676324,0.596218687584015,-93.91038311051359,False
0.3625872278942555,1591.3467025681646,142.44867678696815,0.9594762511628735,61.578897834130885,False
0.17892775418280588,5000.0,130.27668374044862,1.1156159576427618,49.40690478761135,True
0.020005919303422437,1498.4288122341163,7.2496426907189235,0.9963848622717956,-73.62013626211834,False
0.3048437519256722,3653.853402434092,204.37878465868786,1.1572380582906694,123.5090057058506,False
0.45684330054216105,994.7123413898277,44.73554027230753,0.6442996799514125,-36.134238680529734,False
0.31449835959854705,2288.655798505189,170.67472231909184,1.0713816366010727,89.80494336625458,False
0.15967823639936626,851.08,-5.563220675660136,0.827743828543749,-86.4329996284974,False
0.3069449735656024,1081.0519536585573,49.34205659415699,0.8046129206106513,-31.527722358680272,False
0.16207346886260693,5000.0,118.00513644271896,1.104725392640262,37.1353574898817,True
0.26793718279611195,4579.232099531019,191.23107413898802,1.1644188518839425,110.36129518615076,False
0.253303429015703,879.7423279070805,-1.237259255185582,0.7438992405407392,-82.10703820802284,False
0.4685434143010377,1352.9088871395347,143.46984293494475,0.8558288283734926,62.600063982107486,False
0.5567111249328442,851.08,-19.395923392154298,0.3994364595298411,-100.26570234499157,False
0.22043710977414424,1826.895368089133,100.57847000750004,1.0069616467429257,19.70869105466278,False
0.001,851.08,-0.03484019363632085,0.9989212294966395,-80.90461914647359,False
0.23692659506352928,5000.0,172.50544073368144,1.1530924886662501,91.63566178084417,True
0.287300956166278,3833.6542272570437,195.50317973168538,1.154713920007553,114.63340077884811,False
0.14509738311768625,5000.0,105.64490667376852,1.0937561250753243,24.775127720931252,True
0.4474919231098474,1636.404628603567,181.86387147994867,0.9636857198473053,100.9940925271114,False
0.2699706104722494,5000.0,196.56467494570967,1.1744442096627488,115.6948959928724,True
0.3881021253445082,1374.2664957301613,122.32701742804487,0.8884681152796041,41.4572384752076,False
0.17893503188902168,4999.9684358201075,130.28180582792962,1.1156202605096435,49.41202687509235,True
0.2850996086813564,3225.590179050692,183.03492256954314,1.1287256740894849,102.16514361670588,False
0.001,1498.6713947687322,0.3624594141908245,0.9998194877101307,-80.50731953864644,False
0.330351266687302,1805.3196153513504,149.037722774024,1.0066094449880856,68.16794382118673,False
0.2940967342799148,1871.08018579233,137.16177727616937,1.016013546697181,56.29199832333211,False
0.22657629827781273,5000.0,164.9694251662198,1.1464045408951915,84.09964621338253,True
0.005065694610088827,4999.81927979811,3.6882862041617117,1.003273184440695,-77.18149274867555,True
0.23121265859413198,5000.0,168.34514320054322,1.1494003714771843,87.47536424770595,True
0.36330287148409834,1831.2385112401523,166.1326608455992,1.0123079375721966,85.26288189276192,False
0.20032163524737054,4999.9913696297,145.85344100547664,1.1294397054839806,64.98366205263937,True
0.7639460024221778,963.6433478303953,55.43175083428731,0.36138013557078463,-25.43802811854996,False
0.2151144367556304,3113.9851006015997,136.23385839293772,1.0928979041734623,55.364079440100454,False
0.05825496192634688,4999.868049439247,42.41499723986382,1.0376414822062867,-38.45478171297344,True
0.2782698286344024,3570.776219424612,185.17609515140987,1.1403964502518962,104.3063161985726,False
0.40415337460199957,930.1147673554989,17.49479798506714,0.6354007696102255,-63.37498096777013,False
0.3072240866751466,1512.2494547318306,112.7965758762664,0.947798693963032,31.926796923429137,False
0.2704438639347915,2500.0008562844746,154.58388529249626,1.0790562158583268,73.714106339659,False
0.2901796267678611,1757.001394851346,127.45535819110344,0.9979853250546654,46.58557923826618,False
0.2855908290140293,2692.5981660644734,169.63584720664443,1.0979403652130664,88.76606825380716,False
0.34337366818495696,1061.303338093841,50.57305004801769,0.7709673900289651,-30.296728904819574,False
0.15097419768896184,4999.964480744112,109.92362734304012,1.0975531080832293,29.05384839020286,True
0.6763826053747002,965.6809939546525,50.23712129444501,0.4371989485354174,-30.632657658392255,False
0.06470443235603433,2499.6101453609313,36.981450631187165,1.0189072579699596,-43.8883283216501,False
0.2035074058303824,5000.0,148.17304374768463,1.1314983453513598,67.30326479484737,True
0.20942679774884546,5000.0,152.4829326881645,1.135323219633394,71.61315373532724,True
0.18194270488035538,2499.930892546082,103.99562696248854,1.0531819321589586,23.12584800965128,False
0.24569307754936032,5000.0,178.8882865450471,1.1587570389892947,98.01850759220983,True
0.3450419620331903,851.08,-12.021328769892415,0.6277789089369828,-92.89110772272969,False
0.04720180297788683,851.08,-1.644519955733043,0.9490800872420249,-82.51429890857031,False
0.2848623049234706,4765.628796864586,205.21474997928172,1.1791095467140644,124.34497102644445,False
0.11864105397282058,5000.0,86.38214422151344,1.0766611034350777,5.512365268676177,True
0.25729083000536407,5000.0,187.33257030477702,1.166251042716266,106.46279135193976,True
0.323707928812631,2172.5318425297883,169.75673052062302,1.060096571573132,88.88695156778576,False
0.04536393060990422,4999.87113767186,33.029139208869516,1.029311943703615,-47.84063974396775,True
0.27743471547011794,2514.5941850814543,159.08377449140457,1.0822392037960014,78.2139955385673,False
0.42065307744588915,1057.7883073094376,60.92433690447454,0.7170912971968297,-19.94544204836272,False
0.12680613688834746,5000.0,92.327113069744,1.0819370534117747,11.457334116906736,True
0.3350475579558804,878.735663217777,-1.9779442333121313,0.6604804903522541,-82.8477231861494,False
0.3106578407614451,3309.8214642197645,201.36133858767815,1.14460179882182,120.49155963484088,False
0.12625317820228238,5000.0,91.92450574817423,1.0815797536271867,11.054726795336961,True
0.23807760660171776,3771.7447731223,161.20991444366635,1.1264033213740143,80.34013549082908,False
0.31536737066115195,4210.993305130474,220.3701357659107,1.1828694273626117,139.50035681307344,False
0.2265460953383421,5000.0,164.9474345096477,1.1463850249638232,84.07765555681044,True
0.27393420155543813,5000.0,199.45055201033477,1.177005323677062,118.58077305749751,True
0.27426482228820137,4899.929763972007,198.81466053839142,1.1752370102652496,117.94488158555416,False
0.27843341207726335,4611.677440735936,199.05714814579767,1.1716166628623652,118.1873691929604,False
0.268293401142849,5000.0,195.34350458915563,1.1733604640824633,114.47372563631836,True
0.4833050506165516,851.08,-16.838441548892504,0.4786247672697417,-97.70822050172977,False
0.27865191583508,4834.420421423693,201.39185560500425,1.1766767199438128,120.52207665216699,False
0.2689326319007257,4772.350883365637,193.8012163666337,1.1692342601784822,112.93143741379643,False
0.2299355260295085,4999.99849320102,167.41525651871365,1.1485751149804704,86.54547756587638,True
0.25612755691314065,851.08,-8.923533678451609,0.7236971465043325,-89.79331263128887,False
0.1376628578524274,5000.0,100.23185434342425,1.0889522322299245,19.36207539058698,True
0.2335038640838352,4999.9987112179515,170.013352634686,1.1508808355197957,89.14357368184872,True
0.17142020851070036,4999.952124642705,124.81020862143578,1.1107643011466268,43.94042966859851,True
0.23024555836310534,5000.0,167.64100084142072,1.1487754699919042,86.77122188858345,True
0.2359041611794266,3397.384397048966,154.34518136236917,1.1130562307770941,73.47540240953191,False
0.18986097178709105,5000.0,138.23712195532582,1.1226805655299468,57.36734300248855,True
0.2450217613537073,5000.0,178.3995035269493,1.1583232613163115,97.52972457411204,True
0.25109760883356297,3946.325630429691,172.33078396429354,1.138526591854417,91.46100501145628,False
0.3563862937962578,2119.4358295124916,183.67788867986542,1.0588926767664042,102.80810972702815,False
0.24930408000036547,5000.0,181.51744503666353,1.1610903243330362,100.64766608382627,True
0.22107224765910566,2499.9775426485735,126.36275772273804,1.064622434056332,45.49297876990077,False
0.20271503168022126,4999.991396170907,147.59606425596152,1.130986221442007,66.72628530312426,True
0.2566485168388542,3548.0993822970136,170.4286164363411,1.1286750563837122,89.55883748350382,False
0.4167877780269754,1781.0260694800486,185.56929241204247,1.0027674840395913,104.6995134592052,False
0.23368836586664762,5000.0,170.1476971690345,1.151000074488393,89.27791821619724,True
0.17905453647305228,5000.0,130.3689934908602,1.1156978792874275,49.499214538022926,True
0.19789059948559773,5000.0,144.0834663249263,1.1278689897636138,63.213687372089026,True
0.2811586861739871,4665.882625662083,201.55973092734413,1.1745495004128186,120.68995197450687,False
0.2847072115121567,4758.648965975248,205.03445084043085,1.1788570002003254,124.16467188759358,False
0.09745169117008551,5000.0,70.95424188673516,1.0629693847664625,-9.915537066102104,True
0.2655081881101876,3134.403588943617,168.58329708731574,1.1156432861998185,87.71351813447848,False
0.23259300175190759,5000.0,169.35016631638192,1.1502922940120126,88.48038736354465,True
0.1727433523072463,5000.0,125.77384195972091,1.1116198445268504,44.904063006883646,True
0.25528064876090756,2408.3829544637947,142.8770241840708,1.0677512847323567,62.007245231233526,False
0.27064776140576674,5000.0,197.05770621642162,1.1748817575099502,116.18792726358436,True
0.26962788434542445,4569.454862848188,192.33916844136544,1.165233450588705,111.46938948852818,False
0.2519411803937932,5000.0,183.43750878258973,1.1627943131232534,102.56772982975247,True
0.23947110666472804,5000.0,174.3580908977504,1.1547366502824807,93.48831194491314,True
0.23627865231746853,5000.0,172.03367584401408,1.1526738139814554,91.16389689117682,True
0.21077026248081476,4999.9948718832775,153.4610709172177,1.136191236314613,72.59129196438045,True
0.3593716694989147,1834.0448665262977,164.5699613869865,1.0127060184662369,83.70018243414924,False
0.10213890341882732,5000.0,74.36698503853164,1.0659980738331094,-6.502793914305627,True
0.2813674499036014,2819.837012783526,170.8169426487194,1.104834093502954,89.94716369588213,False
0.24684697468692568,5000.0,179.72843509073346,1.159502641163704,98.85865613789619,True
0.17383772768397515,5000.0,126.57065291562091,1.1123269861202774,45.700873962783646,True
0.23071666753467765,1657.845260694005,95.19172128338545,0.9845031409287758,14.321942330548183,False
0.30707351303947666,3397.869575132012,200.91930240953064,1.147186723020959,120.04952345669338,False
0.2269685822007618,5000.0,165.25504574420054,1.1466580190748443,84.38526679136328,True
0.27672114646134327,4326.051226175771,194.73286098822987,1.1635521092208405,113.86308203539261,False
0.2674688211025531,2518.7949146021992,153.50804664922424,1.0795988855427652,72.63826769638698,False
0.15107063395359857,5000.0,109.9940101071994,1.0976158008354573,29.124231154362135,True
0.3279149465569505,1827.506832172219,149.66419734652843,1.010462167045872,68.79441839369116,False
0.2562157130871219,5000.0,186.54978136640614,1.1655563451683748,105.68000241356887,True
0.22947906523760067,5000.0,167.08291982734517,1.1482801927939281,86.2131408745079,True
0.6416798076811078,851.08,-22.356248752126916,0.30777475087162365,-103.22602770496418,False
0.2389511620819812,5000.0,173.97952103150226,1.154400682890893,93.109742078665,True
0.23409393133045933,5000.0,170.44298799133514,1.1512621346684897,89.57320903849788,True
0.6032744046947893,1010.4071044951004,66.44627060856996,0.5469545589239535,-14.423508344267304,False
0.26710257916088265,1776.9789485374026,118.65664113454832,1.0011692750886048,37.78686218171106,False
0.31377879700288436,4537.941925698434,223.461091532174,1.1914463703771156,142.59131257933674,False
0.40713862981852683,1894.4155176052168,191.98002478923178,1.0269107140413687,111.11024583639451,False
0.5464484537518679,1249.3238622197414,141.11893149381808,0.7726085923566967,60.249152540980816,False
0.31712400635378984,3351.3729280773982,206.4821296599235,1.149713275264848,125.61235070708622,False
0.24159671898196,4782.604390830355,174.18703745585626,1.1522243017185967,93.31725850301899,False
0.25221919395142023,5000.0,183.63992949975545,1.1629739543636497,102.77015054691819,True
0.463899202803509,1305.6735985153612,132.34085939955344,0.8353114221106972,51.47108044671617,False
0.17120532554300863,5000.0,124.65400995118733,1.1106260331528706,43.78423099835007,True
0.30999439172603765,3947.3497167687296,212.7681785373657,1.1710550736534915,131.89839958452845,False
0.1582935091943037,5000.0,115.25296078104897,1.1022829339009914,34.383181828211704,True
0.1802590476914178,5000.0,131.2459939750696,1.1164761862562864,50.376215022232344,True
0.07277129422879045,851.08,-2.535365982096737,0.9214964742946173,-83.405144934934,False
0.2809586097892261,4454.719226381778,199.1827223577584,1.169375377001998,118.31294340492113,False
0.24702904084719352,5000.0,179.86099683717342,1.1596202850338226,98.99121788433615,True
0.4158660070416322,926.9003427370645,16.78847317311187,0.6220912011272846,-64.0813057797254,False
0.35621222295563565,3336.4735658063964,231.56138353356857,1.1673269665844244,150.6916045807313,False
0.4145906561013173,1382.025419829163,132.0013548912566,0.8838523800534568,51.13157593841933,False
0.23402337023219918,5000.0,170.3916126978576,1.1512165409092379,89.52183374502033,True
0.1971016216116976,5000.0,143.50901424271166,1.1273591838206145,62.63923528987439,True
0.24051431579821403,5000.0,175.11764788754783,1.155410730296174,94.24786893471057,True
0.2890242841874162,4072.2245895316782,200.13208301994783,1.1634561205603744,119.26230406711056,False
0.223061795368201,4999.99716720492,162.41050788095495,1.1441335649776163,81.54072892811769,True
0.26607508203185637,4425.995679280462,188.3278754970933,1.1597170850427385,107.45809654425602,False
0.5334060577820247,1084.0116383929208,86.80034180295841,0.6628416062536037,5.930562850121149,False
0.23796744326945643,5000.0,173.26327874022593,1.153765043142992,92.39349978738866,True
0.32186948541280624,2472.8169052811004,182.87089653289786,1.0915849494343515,102.0011175800606,False
0.2876444883463528,1528.2646036943,107.1677380844793,0.954652002914057,26.29795913164203,False
0.24639564157424612,5000.0,179.39982100036673,1.159211007759615,98.53004204752946,True
0.3094056219782997,2008.2811918396387,153.14179260717242,1.03683401764904,72.27201365433515,False
0.22974593960095355,5000.0,167.27723013538957,1.1484526363325522,86.40745118255231,True
0.18420282218242787,5000.0,134.11744264694002,1.1190244955813977,53.247663694102755,True
0.2561825016148781,4441.61995133211,181.48523709074647,1.1541390834874201,100.6154581379092,False
0.48902364318680425,1154.4315841801097,101.11169127132443,0.7395806780235155,20.241912318487167,False
0.42699886681838645,903.9959405631998,8.104346890302887,0.5913243230760357,-72.76543206253437,False
0.23534104318418744,4720.651458459431,169.17145998924735,1.147140213856842,88.30168103641009,False
0.2745244879317189,5000.0,199.88033749504197,1.1773867431219596,119.0105585422047,True
0.2181729791099509,5000.0,158.85099732029096,1.140974652181686,77.98121836745369,True
0.4995715582414287,1140.8617311366847,99.26482544080625,0.7248571676025828,18.395046487968983,False
0.23370746633077286,5000.0,170.1616041514113,1.151012416444292,89.29182519857403,True
0.008413410457640762,4999.800219057207,6.125722665864589,1.0054362903469367,-74.74405628697268,True
0.2851106088420409,2594.603045167669,166.22114625823383,1.0907002576699054,85.35136730539656,False
0.2478921999790234,4096.3340171910295,171.9309276276896,1.1408279619646564,91.06114867485235,False
0.30090626447727664,4568.057703329723,214.63585381161792,1.1843658445247986,133.76607485878066,False
0.3854380619564157,851.08,-13.428736713369755,0.5842007878890065,-94.29851566620702,False
0.39687287066982313,1207.6035642124318,93.9033910899233,0.8154341406119388,13.033612137086038,False
0.25466463178403,5000.0,185.42044439293596,1.1645540984735687,104.5506654400987,True
0.13718083727267896,5000.0,99.88089681360404,1.0886407698121143,19.011117860766774,True
0.2600186012673237,5000.0,189.31865119889883,1.1680136193948938,108.44887224606157,True
0.3617009822884354,1404.2472619209225,118.40272040024148,0.9059967803166775,37.53294144740421,False
0.27528861398391075,5000.0,200.43669505116225,1.1778804908118439,119.56691609832498,True
0.28960163931381006,4189.914499140794,202.09500470061846,1.167316752503098,121.2252257477812,False
0.3563208759599638,1474.5697572917397,126.11090129225808,0.9288043813139636,45.24112233942081,False
0.2767854378042657,5000.0,201.5265273376633,1.1788476784916044,120.65674838482605,True
0.2680442836390117,5000.0,195.162122989583,1.1731994943161839,114.29234403674573,True
0.24055833517241537,5000.0,175.14969824282932,1.155439173855008,94.27991928999205,True
0.423037776566707,1283.5395782240491,116.3118451400475,0.8399327075844292,35.44206618721023,False
0.3559474104366062,851.08,-12.401276703958333,0.6160144328734586,-93.2710556567956,False
0.2713627012103081,4073.828779196744,187.92302353030075,1.153514132455305,107.05324457746349,False
0.2664082111396021,5000.0,193.9709042177637,1.1721423297099653,113.10112526492642,True
0.36376507816969555,1111.1248926234787,65.6025914026649,0.784556403636013,-15.267187550172366,False
0.34136401339987743,1732.7331247467362,147.80768613799566,0.9928156975157809,66.9379071851584,False
0.2602161688125194,5000.0,189.46249945050403,1.1681412796398976,108.59272049766676,True
0.14142677763944372,5000.0,102.97235142257813,1.091384326639503,22.102572469740863,True
0.2448464932139101,5000.0,178.27189139588327,1.1582100100551003,97.40211244304601,True
0.3178007445167767,1614.6933985244084,127.11306689499622,0.9695903178729954,46.24328794215896,False
0.30934402156401397,3253.433792544488,199.24217720425025,1.1411243872179218,118.37239825141299,False
0.2322057026619551,5000.0,169.06817517819798,1.150042036832049,88.19839622536071,True
0.4359815427398197,1448.9762464726928,150.21818131281267,0.9036480781347286,69.34840235997541,False
0.3729539934267481,1813.203056377393,168.9607634005705,1.0090508978248243,88.09098444773323,False
0.24356661430367418,5000.0,177.3400159538849,1.1573830034984622,96.47023700104762,True
0.28270295149161606,1812.7376822874955,128.04266959661325,1.0067898579061079,47.172890643775986,False
0.7203436100000858,851.08,-25.096910857089377,0.2229145612477338,-105.96668980992663,False
0.31496986252312725,3767.6781417332923,213.2055736060162,1.1670685132535317,132.33579465317894,False
0.260939410823979,5000.0,189.98908947688116,1.1686086096980222,109.1193105240439,True
0.2170898580982518,5000.0,158.06238062894414,1.1402747827087665,77.19260167610688,True
0.1942209793604112,5000.0,141.41162850591422,1.1254978280235233,60.54184955307696,True
0.29378176563756986,4302.353345825147,206.44597181571555,1.1729737663898223,125.57619286287829,False
0.1848205656684853,5000.0,134.56721955904277,1.1194236567123486,53.697440606205504,True
0.1828425806282728,5000.0,133.1270554397087,1.1181455618987648,52.25727648687143,True
0.3049687495110385,2516.7660040020924,174.95395431385037,1.0905862003280988,94.08417536101311,False
0.2562263062928357,2893.409296118938,157.36186280268254,1.0995545275364262,76.49208384984527,False
0.2728046616796415,3981.776681257011,187.71017051165657,1.1515909307048409,106.8403915588193,False
0.23644428978956752,5000.0,172.15427591898157,1.1527808422904269,91.2844969661443,True
0.16795131669997115,4999.9533077421875,122.28453181723567,1.108522867829162,41.41475286439841,True
0.22874344350391673,5000.0,166.54731616770368,1.1478048634544908,85.67753721486642,True
0.14372475205098015,5000.0,104.64549870496961,1.0928691857852613,23.775719752132346,True
0.6540702942872813,998.67413520425,66.0898465170757,0.49535282693604155,-14.779932435761566,False
0.23358437887534766,4548.484350485456,166.4430949303421,1.1427282933614646,85.57331597750485,False
0.3498546939486278,1629.0393268701046,141.42701630871017,0.9698989038553744,60.5572373558729,False
0.36213033880736184,1192.768215871479,82.76441167426171,0.8249924549395559,1.8946327214244434,False
0.26681503578815124,4930.5986700177655,193.67934876580242,1.1710763247494984,112.80956981296515,False
0.24106419411177168,5000.0,175.51801240046677,1.1557660396672624,94.64823344762951,True
0.3508474812746651,4012.7706991003424,241.9420734483067,1.196161502329917,161.07229449546944,False
0.2252028971454992,2499.982887877622,128.72394771861613,1.0658302200116705,47.854168765778866,False
0.21592288007475102,2015.022131808855,107.15351713262599,1.0263414589092554,26.283738179788728,False
0.001,1498.7597999025554,0.36249021292746386,0.9998195573432681,-80.5072887399098,False
0.2698371021974914,5000.0,196.46746802905878,1.1743579419559311,115.59768907622151,True
0.50793668117284,1075.9188339642883,79.89778276396511,0.6727049257997242,-0.9719961888721542,False
0.3338008097343404,1678.8641553305163,139.69592176248852,0.9820389410286904,58.82614280965126,False
0.2367617480356545,5000.0,172.38541617844078,1.1529859711107184,91.51563722560351,True
0.25594478943712773,5000.0,186.35252278665536,1.1653812851426946,105.48274383381809,True
0.6433471926117548,968.2848401850031,49.18537691926527,0.467856463095379,-31.684402033571992,False
0.22187169545827076,3708.6471265382966,149.45321579426377,1.116028408078387,68.5834368414265,False
0.11315333489613588,988.2490724190997,10.498162663666324,0.910582054350227,-70.37161628917094,False
0.4573037405653694,1423.108289001174,153.07565735899178,0.8887863732917225,72.20587840615451,False
0.1347722836756322,5000.0,98.12723720575025,1.0870844588198465,17.257458252912983,True
0.3406078869328743,2742.3370583756014,204.1103592503753,1.1208670378927539,123.24058029753803,False
0.17064567885545628,1499.850899493018,61.92220315142497,0.9693547804514056,-18.9475758014123,False
0.16893479958759666,5000.0,123.00084779549697,1.1091589101015216,42.1310688426597,True
0.2361727940467071,5000.0,171.95660080037828,1.1526054126012202,91.08682184754102,True
0.2719233877924573,2654.6795325001817,160.3888510295005,1.0907011906147335,79.51907207666324,False
0.2841691450921787,2569.768673347731,164.84402203807744,1.088528169034155,83.97424308524018,False
0.47913666684515954,851.08,-16.69321425114671,0.48312149672900573,-97.56299320398398,False
0.1216391956370069,5000.0,88.5650808775853,1.0785983826528085,7.695301924748037,True
0.3814635764243877,949.5747353733902,23.089545246693532,0.6707397815830587,-57.78023370614373,False
0.2379365576132547,5000.0,173.240790999945,1.1537450860673806,92.37101204710774,True
0.29672509360619165,4866.021573919143,214.76590968557866,1.1888410598769164,133.8961307327414,False
0.29689707746434074,2113.5397685618022,152.71195321936636,1.0483707344718256,71.8421742665291,False
0.368099201961962,1443.4520786012579,126.0684203978392,0.9169300098803153,45.19864144500194,False
0.25285529563840425,5000.0,184.10307295494752,1.1633849778297114,103.23329400211026,True
0.22330636695044612,5000.0,162.58859938916845,1.1442916420687004,81.71882043633119,True
0.23055629005117106,5000.0,167.86724351707022,1.1489762523794647,86.99746456423296,True
0.32732901882121496,1017.73679993623,37.87861399794831,0.7583110761323195,-42.99116495488896,False
0.25760900327047287,4168.440095574142,179.5214754326405,1.148272695650261,98.65169647980323,False
0.2279498071768416,5000.0,165.96947228172013,1.147292047405388,85.09969332888286,True
0.2313179331070923,5000.0,168.4217932121275,1.1494683956564788,87.55201425929025,True
0.2614589802546492,2896.4187724238955,160.64899045378706,1.1017537496883465,79.7792115009498,False
0.3668390031461994,1116.1117605741908,67.31127437549026,0.7853456551750537,-13.558504577347009,False
0.15145878428445245,5000.0,110.27662103096218,1.0978666080532418,29.40684207812491,True
0.21923097238169403,5000.0,159.62131859041423,1.1416582851141555,78.75153963757697,True
0.513903063541367,1007.6169077167664,55.50057740000292,0.6115786850455716,-25.369201552834348,False
0.4705912204528195,1500.3721140652267,170.84874356662033,0.915682221931581,89.97896461378306,False
0.26927317149449437,1832.5233027380561,123.21503769240441,1.0093048020356987,42.34525873956714,False
0.1316966765992125,5000.0,95.88789824889254,1.0850971245513472,15.018119296055275,True
0.4879635053720244,1259.7419702652408,128.54297107188492,0.8026604400765058,47.673192119047656,False
0.11135182918207581,5000.0,81.07488466799165,1.07195109794429,0.2051057151543887,True
0.2548936473126982,5000.0,185.587189813378,1.164702079147573,104.71741086054072,True
0.23048585578267158,5000.0,167.81596056790613,1.148930740572531,86.94618161506887,True
0.4720732823453067,964.3721117663363,34.543218761632644,0.6060257878822145,-46.32656019120462,False
0.22695074872360252,5000.0,165.2420612506854,1.1466464957952431,84.37228229784813,True
0.32964827596969,2410.1284860835963,184.57712181980918,1.0876637787890917,103.70734286697191,False
0.2548914252806709,5000.0,185.58557195948492,1.1647006433593583,104.71579300664766,True
0.02425998149033247,5000.0,17.6636092628546,1.0156758296397932,-63.206169689982666,True
0.24656470341753356,5000.0,179.52291434824406,1.1593202487602734,98.65313539540679,True
0.1638468304355955,5000.0,119.29631491783503,1.1058712679542644,38.42653596499777,True
0.4483588255056803,851.08,-15.62090829917129,0.5163237241231433,-96.49068725200856,False
0.33600813731273493,1585.0239536851072,131.3475239556614,0.9609566466702208,50.47774500282412,False
0.05012390669799965,1499.1672378424275,18.176538043785996,0.9909715896704968,-62.69324090905127,False
0.37961900313306896,1375.4721032272737,119.84266116929355,0.8913343343512031,38.972882216456284,False
0.4356086124982902,1683.7005144958791,182.88578821261126,0.9778794910798496,102.016009259774,False
0.24786974127771152,3182.7904906491876,158.32460747396738,1.1100877705332026,77.45482852113011,False
0.24928009044784122,3802.1577679553816,169.20915583428345,1.133286393464172,88.33937688144619,False
0.265430560728012,4531.713024940565,188.96644030189333,1.161805343187641,108.09666134905606,False
0.2648389439894262,5000.0,192.82832619144546,1.1711283320482075,111.95854723860819,True
0.07179880355204038,4999.901322953093,52.27624068632783,1.0463930135095192,-28.593538266509434,True
0.2619946718345065,5000.0,190.75742139699045,1.1692904771525847,109.88764244415319,True
0.13885000411122025,5000.0,101.09621146016536,1.0897193186565062,20.2264325073281,True
0.21540627457794426,5000.0,156.83656924586685,1.1391869183812844,75.96679029302959,True
0.2858595098838643,4026.593469263389,197.31816726611004,1.1602588877333864,116.44838831327277,False
0.265263125771946,5000.0,193.13717149150625,1.1714024213488006,112.26739253866899,True
0.2806329111522237,4608.1372562047,200.59302778117902,1.1728896477019002,119.72324882834175,False
0.4599100668501118,1184.350137592617,102.96725312581259,0.7728895106443774,22.097474172975325,False
0.09246544778871388,5000.0,67.32377519354577,1.0597474737431554,-13.546003759291494,True
0.31646326869201646,1350.1770009810748,96.53194507576752,0.9017866636520204,15.662166122930259,False
0.23454790331093928,5000.0,170.77352343229074,1.1515554732033966,89.90374447945348,True
0.32512681827388795,2072.6888097633564,164.8597100775928,1.0476059650803802,83.98993112475554,False
0.3441076729036795,921.7386826939165,12.264785946057945,0.6836218906189475,-68.60499300677932,False
0.291395093107674,3555.170940237846,193.63006928528858,1.1463848510146153,112.76029033245132,False
0.2067566717549871,4999.992134170359,150.53877221112296,1.1335977759301201,69.6689932582857,True
0.11653823406140827,967.5733233048246,8.840360326707373,0.9034490151511338,-72.0294186261299,False
0.23149370149524218,5000.0,168.5497695723023,1.1495819701581658,87.67999061946503,True
0.35225625064949695,1558.6460393495138,134.7558736840527,0.9524145015188338,53.88609473121542,False
0.4786138899445057,1498.214279208327,173.40186281072562,0.9134319224243065,92.53208385788835,False
0.27710891254463593,4465.757087008773,196.57383236855853,1.1673266116890482,115.70405341572126,False
0.20758762627127583,4999.988753200779,151.1437651696198,1.1341346553692844,70.27398621678253,True
0.3297364507362472,3264.993725661848,212.65732164926771,1.1510623773199764,131.78754269643045,False
0.27478665349981973,5000.0,200.07121934542397,1.1775561440254436,119.2014403925867,True
0.7850399792326755,851.08,-27.350944888719713,0.15312202644510042,-108.22072384155697,False
0.2716289785606367,2584.32815978576,158.03556928785272,1.085675044247079,77.16579033501546,False
0.6590715049514047,998.3614729756204,66.4334587409749,0.49112849220205435,-14.436320211862366,False
0.2541740262182816,3882.0739825855585,173.6079935946463,1.1383378290714454,92.73821464180904,False
0.32234595905404245,2259.1754623687893,173.4953302403436,1.069911174656886,92.62555128750634,False
0.1510996110779275,5000.0,110.0151082519738,1.0976345246941137,29.145329299136534,True
0.27107022759984517,4222.332900023947,189.55177857360314,1.1574890728152647,108.68199962076588,False
0.20412580378114945,5000.0,148.62329717329635,1.1318979293712275,67.75351822045909,True
0.3309047597401882,994.5654385269296,32.364790215883154,0.7422690820321002,-48.50498873695411,False
0.6495730050569485,970.8681040329421,51.05813216781482,0.4658647796317579,-29.811646785022447,False
0.4476533707812872,1075.9703011028755,70.43086952619227,0.7115844079349513,-10.438909426644997,False
0.242597413189275,5000.0,176.63434394878908,1.156756744506382,95.76456499595182,True
0.3259484748893604,2847.038510432122,198.74609506801428,1.1233983373828853,117.87631611517702,False
0.2214712939905482,5000.0,161.2524890650372,1.1431058913249326,80.38271011219993,True
0.12417948646050951,5000.0,90.41465790789944,1.0802398169713228,9.544878955062174,True
0.17884981965797142,4999.9814961766715,130.21983629334196,1.115565365269322,49.35005734050469,True
0.2907623680227668,1551.0985897514026,110.52104027541996,0.9591156339564779,29.651261322582698,False
0.27461739812197844,851.08,-9.567723326472342,0.7037508511964201,-90.43750227930961,False
0.20774552032260465,5000.0,151.25880036426273,1.1342368454116543,70.38902141142546,True
0.30564482929666464,2532.5425409985883,175.9338084006874,1.0921254813537704,95.06402944785015,False
0.183084881420805,5000.0,133.3034738151751,1.1183021269788673,52.43369486233783,True
0.5098370778089261,1079.793513455647,81.52729225163716,0.6744887016431136,0.6575132987998984,False
0.316150869461743,1995.525357064929,155.69294893634532,1.0358567021781966,74.82316998350805,False
0.6610861607133108,882.4340582216195,-1.435388681640644,0.33566855626240555,-82.30516763447791,False
0.2871070679590762,5000.0,209.04167082954618,1.1855171030324367,128.1718918767089,True
0.25151361406273687,4187.0509713234005,175.48361148478963,1.1452388423803779,94.61383253195237,False
0.2874038711106593,3141.860765222368,182.65616979500675,1.1255650861468736,101.78639084216948,False
0.23526779385655466,5000.0,171.29767326788894,1.1520206376783513,90.42789431505167,True
0.3872982178612609,1777.0334287860758,172.05712657083689,1.0017072683943051,91.18734761799962,False
0.22555030034615034,5000.0,164.2223995934013,1.1457415820716685,83.35262064056403,True
0.39836407882792013,1500.1919179204747,144.60163163170748,0.9285670349674845,63.73185267887021,False
0.3027899744638826,3748.8659664191023,204.6453381179862,1.159894488837013,123.77555916514893,False
0.23968674230974474,5000.0,174.51509447082555,1.1548759854108646,93.64531551798828,True
0.23816574804017368,5000.0,173.4076637632032,1.1538931797536387,92.53788481036594,True
0.15500420423739605,5000.0,112.85802913081913,1.100157516610036,31.988250177981868,True
0.11267583763047262,5000.0,82.03889067527237,1.0728066192433061,1.1691117224351046,True
0.26851716645903423,5000.0,195.50642734790753,1.1735050522791695,114.63664839507027,True
0.3024493610394577,1686.773222576257,127.23631101496339,0.985220345076218,46.366532062126126,False
0.3025682293233954,3042.3052062549477,189.82770079507011,1.1266149060939008,108.95792184223285,False
0.2842014423891758,4119.981875977037,197.42559499500518,1.1621598395348693,116.55581604216792,False
0.2669540223227779,5000.0,194.36830746700997,1.1724950110640862,113.4985285141727,True
0.2642606934038795,851.08,-9.206893728659576,0.714923358758319,-90.07667268149685,False
0.5198899415429731,1360.3890744834152,160.84578325330506,0.8437677189890302,79.97600430046779,False
0.2517221645538246,3867.834950789033,171.74650877999534,1.136581043178473,90.87672982715807,False
0.0914035675961951,4999.910325221716,66.55036730610524,1.0590607491709432,-14.319411646732021,True
0.4738627179758461,851.08,-16.509468851311773,0.48881087720545213,-97.37924780414903,False
0.2688021471780628,5000.0,195.7139208313784,1.173689195420577,114.84414187854114,True
0.1897845436226089,5000.0,138.18147487106785,1.122631180707185,57.31169591823058,True
0.23379046210681442,5000.0,170.22203309110566,1.1510660449949393,89.35225413826839,True
0.4815154553906077,851.08,-16.776091704689986,0.48055532981244453,-97.64587065752725,False
0.23581573078766446,5000.0,171.69662426691045,1.1523746926057572,90.82684531407318,True
0.20970599350033878,5000.0,152.686214156627,1.1355036247601789,71.81643520378972,True
0.4001118970356372,1500.1471177652913,145.22983709956858,0.9282395320838939,64.36005814673132,False
0.24787727447849126,4245.401157774746,173.58321642708336,1.1445785618929385,92.71343747424609,False
0.21243112369026182,1515.1003555589027,78.20040767401673,0.964372872859629,-2.6693712788205346,False
0.2551872089334044,5000.0,185.80093102191069,1.1648917669244085,104.93115206907342,True
0.13145466532582403,5000.0,95.71169067132108,1.0849407465469345,14.841911718483814,True
0.27726419638188304,5000.0,201.87510981492707,1.1791570331341177,121.0053308620898,True
0.3809539457194469,1691.46915089581,160.75276105530372,0.9824934000985583,79.88298210246646,False
0.37321411782102687,962.3596680495846,26.676078272097442,0.687098064571235,-54.19370068073982,False
0.2696692782926405,3881.021230409075,184.1769407592391,1.1467380035505408,103.30716180640184,False
0.1287597464249666,5000.0,93.74952946856845,1.0831993977499563,12.879750515731189,True
0.23799358894144682,5000.0,173.2823153142702,1.1537819374304052,92.41253636143293,True
0.23913439044559495,5000.0,174.1129289742097,1.1545190777303256,93.24315002137243,True
0.2798823985970918,1895.5576497956847,132.04394404045092,1.0186569277435162,51.17416508761366,False
0.23344047511984098,5000.0,169.9672087670456,1.1508398974034364,89.09742981420834,True
0.2752032864991983,4843.157710558451,198.97976806628319,1.174671839131105,118.10998911344592,False
0.17237555156928375,5000.0,125.50604750470252,1.1113821864020084,44.63626855186526,True
0.29266419620227857,851.08,-10.196477266105582,0.6842824977472906,-91.06625621894284,False
0.2900998074326814,4115.910464031849,201.46849575866656,1.1654021047506027,120.5987168058293,False
0.43950163579082613,1693.8681893976616,185.74634993856253,0.9804539372106718,104.87657098572527,False
0.18645099244628063,2741.0617447871027,111.70659660833978,1.0661074443801715,30.836817655502514,False
0.23834981098639466,5000.0,173.54167936264267,1.1540121138669688,92.6719004098054,True
0.2917072794332858,3080.7806251798766,183.95071634509478,1.1241885296218685,103.08093739225751,False
0.09696923713286573,5000.0,70.60296875801771,1.0626576422657725,-10.266810194819556,True
0.46657066714223855,1302.1809462270003,132.35297397140738,0.8326673477151147,51.483195018570115,False
0.3380777616854191,1944.493322055439,163.0118736752547,1.030477231928089,82.14209472241743,False
0.2566818001898259,4981.076743301915,186.73652476506388,1.1655124678749806,105.86674581222661,False
0.09064450012590466,5000.0,65.99794944974676,1.0585708502013547,-14.87182950309051,True
0.22850309426543527,3578.51385719365,152.16683984936907,1.115532266008969,71.2970608965318,False
0.26686252745929095,3548.6265624565835,177.2200201880644,1.1338157908496949,96.35024123522714,False
0.2390906373699122,5000.0,174.08107250996565,1.1544908062429424,93.21129355712839,True
0.2908674078117003,3224.234544399641,186.70820079911238,1.1312628223468175,105.83842184627511,False
0.2922708816542204,1768.924171757538,129.2512536721253,0.9999544262185476,48.381474719288036,False
0.26736046556673854,4877.047823851222,193.60936419502931,1.1703726662330112,112.73958524219205,False
0.35144668351459035,3668.231173151169,235.91816337427235,1.1819427882789262,155.0483844214351,False
0.14467511426911983,5000.0,105.33745417435398,1.0934832718361345,24.467675221516714,True
0.2428836860951316,5000.0,176.84277826905466,1.1569417226072303,95.9729993162174,True
0.2965427440333273,4595.767961100651,211.82965262486138,1.182384799771469,130.95987367202412,False
0.2911164072157905,3221.66295595787,186.81163696187096,1.1312476826821767,105.9418580090337,False
0.34650927825466965,1410.8497784005488,114.33335684597995,0.9119880241328048,33.463577893142684,False
0.031202267640817488,1498.9021496665005,11.312063787516768,0.9943732778882731,-69.5577151653205,False
0.2842803821002439,859.2799741378115,-7.41008653964813,0.6989660874008907,-88.2798654924854,False
0.16824391896255866,4999.961238612269,122.49761585863901,1.1087120291691144,41.62783690580174,True
0.2576556772733767,5000.0,187.59821434846117,1.166486792426965,106.7284353956239,True
0.26314463483165146,2337.346355578685,144.67989239512676,1.0639634194191439,63.81011344228949,False
0.3887381573089947,1602.3740730645077,154.0380330645084,0.9595278003317659,73.16825411167113,False
0.299076470168648,4383.997225490717,211.17969282601203,1.1783815737517953,130.30991387317476,False
0.5057274933266988,1070.4648121207274,77.67625528240711,0.669891442423713,-3.193523670430153,False
0.2544413418999731,5000.0,185.257867794685,1.1644098174820867,104.38808884184775,True
0.37869939527968643,1168.9341310718623,81.48553138721948,0.8055319666629305,0.615752434382216,False
0.08403479385754349,851.08,-2.927788490185121,0.9093457431305073,-83.79756744302239,False
0.3177010485767052,2534.076020156604,182.93295519764112,1.0958936952569849,102.06317624480386,False
0.25260862623629843,5000.0,183.92347380984364,1.1632255899288466,103.05369485700638,True
0.19995854121493054,5000.0,145.58912760087748,1.1292052109914394,64.71934864804021,True
0.44560966263847934,1367.7578968014852,139.24556952574943,0.869211882750961,58.375790572912166,False
0.27402662880327616,4522.465246351031,194.98943131461186,1.1668267090095474,114.1196523617746,False
0.3262254855238882,2400.1336808933647,182.21955523711537,1.0857563260002252,101.34977628427811,False
0.27479998174916176,2314.2956272986858,150.17180080321003,1.0647247770191177,69.30202185037277,False
0.16197758096044787,5000.0,117.93532079024425,1.104663433713403,37.06554183740698,True
0.3328336838038428,4809.862003867531,240.2759155032446,1.2104082684983155,159.40613655040733,False
0.2862253423377534,2757.086152984582,171.95836067108186,1.1025568432174848,91.0885817182446,False
0.22034767492756652,4122.404353270938,153.09303113857248,1.125781719462152,72.22325218573522,False
0.18390047516714475,5000.0,133.89730482276732,1.1188291310340022,53.02752586993006,True
0.16988429529104887,5000.0,123.69217235851124,1.1097724362452641,42.82239340567398,True
0.31143693069751716,3542.2127247622934,206.6969657458309,1.1558860757366471,125.82718679299364,False
0.3940299240252899,1592.247645487394,154.91111883839324,0.9562100009993387,74.04133988555597,False
0.24374683763537897,3000.5806691280545,152.05206187067105,1.100029020087142,71.18228291783379,False
0.3162497214011215,851.08,-11.018201531047595,0.6588391288565145,-91.88798048388486,False
0.3724397913013586,1748.6240215023734,162.7917479448472,0.9956175180923723,81.92196899200994,False
0.13658782913547915,5000.0,99.44912962411279,1.0882575916741812,18.57935067127552,True
0.6457337863595217,1077.5518855743414,102.28484258755634,0.5855229230855525,21.415063634719075,False
0.2606164924961568,4595.8962767370485,186.16765906601887,1.1602916220550954,105.2978801131816,False
0.4254765597428494,868.4663011053818,-6.992034301059951,0.5587150877790589,-87.86181325389721,False
0.2737715010833191,5000.0,199.33209035497293,1.1769001931399976,118.46231140213567,True
0.2328570101094391,5000.0,169.54238989542392,1.1504628856523151,88.67261094258666,True
0.31729463263304714,2791.6461631165307,191.7390164833526,1.1162098134066376,110.86923753051533,False
0.33301589539962634,3182.8883918954148,212.7134795674337,1.1479099005927629,131.84370061459643,False
0.20366407526242905,4999.9923560139705,148.28706549431786,1.131599468699402,67.41728654148059,True
0.2775081347051875,3706.8360793557135,186.90142450348327,1.1450589566434068,106.031645550646,False
0.2788363534892001,2980.5161565583103,173.45177747916364,1.113322311396994,92.58199852632637,False
0.508160456697915,851.08,-17.704408709676592,0.4518114883401212,-98.57418766251385,False
0.09600237533959648,5000.0,69.89900000460803,1.0620328948494338,-10.970778948229238,True
0.011357152358251393,5000.0,8.269103654295947,1.0073385375678077,-72.60067529854132,True
0.29939933594181134,3820.9943602173857,203.53343041458797,1.160771205352758,122.6636514617507,False
0.1935915851609203,5000.0,140.9533687493458,1.1250911386675804,60.083589796508534,True
0.0549626909322686,1499.1280799118879,19.930487216250928,0.9900983247047446,-60.93929173658634,False
0.26282579591897476,3317.643781883479,170.50420482924562,1.1226686757727404,89.63442587640836,False
0.2126397147635937,4627.619448424525,152.14432653215604,1.1313447449518845,71.27454757931878,False
0.11643462062651672,5000.0,84.77564767454884,1.07523539446403,3.9058687217115704,True
0.4636490436982421,1432.212704657014,156.82030593123065,0.89090737938842,75.95052697839338,False
0.2092717905355268,5000.0,152.37007246813195,1.135223060172436,71.50029351529469,True
0.26040555235706153,5000.0,189.60038895932084,1.168263651711039,108.73061000648357,True
0.3106546489864375,3317.1082923736108,201.5206112319747,1.1449650915335143,120.65083227913743,False
0.09962611658862071,5000.0,72.5374335713426,1.0643744114949032,-8.332345381494662,True
0.3917994558415465,1496.917338652611,141.77168528723422,0.9287334071185127,60.901906334396955,False
0.163948322904964,851.08,-5.711991316359002,0.8231373851747127,-86.58177026919627,False
0.24490531660866796,5000.0,178.31472050772453,1.158248019379857,97.44494155488727,True
0.33250253979058275,2516.88054454758,190.75419717882028,1.0987753195329992,109.88441822598301,False
0.31021274234715707,3886.0959745107434,211.94872635152092,1.168984016304258,131.07894739868365,False
0.43806001615355794,1251.859168892474,113.68357500858683,0.8189681887042011,32.81379605574956,False
0.37899284966380004,2207.5256425679418,200.9128105103104,1.0752527088040056,120.04303155747314,False
0.3169207920490884,1030.3737600915547,39.66269621123985,0.772752950232711,-41.20708274159742,False
0.21086329551142038,4488.221839203118,149.76585848727242,1.1277436646678074,68.89607953443516,False
0.3272677601347116,2344.445790357689,180.26729659577944,1.0803001724806613,99.39751764294218,False
0.001,1498.3841688370921,0.36235932482834643,0.9998192614172018,-80.50741962800892,False
0.26766995668677757,4263.5352761112545,187.65345977500272,1.1565974178893081,106.78368082216545,False
0.31210756752173147,3661.9843124713398,209.39713369356255,1.1613202726174556,128.5273547407253,False
0.6149470021606837,985.9607147056607,55.923542851628866,0.5114910327740414,-24.9462361012084,False
0.4891166932865173,1233.7067075424259,122.43502875585396,0.7876977511083594,41.5652498030167,False
0.26071035318237623,4966.698141852258,189.54873433962348,1.16784206449708,108.67895538678621,False
0.4470035259574645,1276.0106352046585,121.29313234244064,0.8272291946901517,40.42335338960338,False
0.2579506483189742,1500.0002226455058,93.6159576483357,0.9537065021407493,12.746178695498429,False
0.24426307168249042,5000.0,177.84710418115927,1.157833026398358,96.977325228322,True
0.2086310130692484,5000.0,151.9035245940829,1.1348090154048256,71.03374564124564,True
0.19152052853663254,2499.9449756858917,109.4705000632844,1.0559822977425544,28.60072111044714,False
0.3703348679425588,2006.7187059199034,183.18665904508836,1.0438334771740778,102.3168800922511,False
0.05906846775939053,4999.872793481723,43.0073134566036,1.03816714937062,-37.86246549623367,True
0.5118870913992598,968.8740150787447,39.386509081991726,0.5771622169479971,-41.48326987084554,False
0.24380006409552862,4110.718444311561,169.25570923240653,1.1388716728079453,88.38593027956927,False
0.261750837703336,4080.1198344218524,181.34417672216443,1.1482518227582612,100.47439776932717,False
0.1788539332686789,888.2293320255858,0.6464679826225038,0.8226076719373407,-80.22331097021475,False
0.30212907741773126,2528.366115668225,173.75588463115287,1.0907171460305005,92.8861056783156,False
0.2601395725102323,2706.764901496591,154.91393935897355,1.0901067294544378,74.04416040613629,False
0.3343029342954042,1238.1809937062421,84.4484927056567,0.8566274132190808,3.5787137528194393,False
0.04078722501360786,4999.8725349771985,29.696875815969555,1.026354705386504,-51.17290313686771,True
0.29055938317557156,5000.0,211.55528969033062,1.1877478510327273,130.68551073749336,True
0.07017722432570188,5000.0,51.09579618330966,1.0453457152702956,-29.773982769527606,True
0.01836055512749367,1498.5304331464863,6.654054259154184,0.9966836552707748,-74.21572469368309,False
0.39754161503825775,1544.0462347014752,150.19263095801332,0.9420302388121001,69.32285200517606,False
0.33902322696364795,2431.544599844145,190.79584346217874,1.0923487908120217,109.92606450934147,False
0.20568016242455334,5000.0,149.75502036699984,1.1329022937522495,68.88524141416258,True
0.4036152438673759,1127.677201490714,76.96157076046345,0.7703878552971356,-3.90820819237382,False
0.24132550382583076,5000.0,175.70827110645826,1.1559348875520987,94.83849215362099,True
0.25226188999614535,2873.412900643394,154.45233253849517,1.096940761006557,73.5825535856579,False
0.3339334124880087,953.3827361563597,21.311743233130414,0.7142504971505408,-59.55803571970685,False
0.12360765026492355,5000.0,89.99830593643514,1.079870319295183,9.12852698359788,True
0.2588624041236464,2599.3892728297756,151.06204198273988,1.0826751088375561,70.19226302990262,False
0.22625159526175886,5000.0,164.7330100146117,1.146194730794338,83.86323106177443,True
0.459734617957397,1317.2107836653342,133.56608785586644,0.8422461368602979,52.69630890302918,False
0.2599055893561703,4458.27060806022,184.29376768706757,1.1567658275261892,103.4239887342303,False
0.22588631808170492,5000.0,164.46705295344572,1.1459587032916745,83.59727400060845,True
0.4216788001640233,1241.6583872638828,107.26692107686367,0.8208419348051461,26.397142124026402,False
0.2819582764547881,5000.0,205.29285340592645,1.1821901599140259,124.42307445308919,True
0.20875069447781947,4999.990055913494,151.99059924172846,1.134886201840807,71.1208202888912,True
0.32523745536743753,2496.6085895231054,185.7652091162851,1.094760756516544,104.89543016344783,False
0.21984706539253773,5000.0,160.0698937971783,1.1420563797740422,79.20011484434104,True
0.24698051497036658,5000.0,179.82566531279656,1.159588929553252,98.9558863599593,True
0.27984095258048586,5000.0,203.7512371597025,1.1808220299194068,122.88145820686523,True
0.11848103141362863,5000.0,86.2656323453632,1.0765577032582303,5.395853392525936,True
0.28784101962766956,3510.3073442787604,190.45869122788022,1.1427687276657517,109.58891227504296,False
0.21028086990366532,5000.0,153.10477969291324,1.1358750868969525,72.23500074007598,True
0.27568209180041015,5000.0,200.7231848989396,1.1781347404377531,119.85340594610233,True
0.23508719270016698,2999.4441974584342,146.62684717345167,1.0964227489083604,65.7570682206144,False
0.2899765470136621,4470.712649186751,205.7581184927465,1.1752238113239968,124.88833953990923,False
0.08607525216583442,851.08,-2.998878452752816,0.9071445568941864,-83.86865740559008,False
0.5472277209354939,1047.2675282447,75.18968302665513,0.6227693015077689,-5.680095926182133,False
0.29530498839104447,2452.8980063990025,167.0193612571061,1.0823105695042892,86.14958230426885,False
0.19938701222518293,5000.0,145.17299930492976,1.1288359118194242,64.3032203520925,True
0.24880951845815832,4975.45273530652,180.9652414388608,1.1603364038544368,100.09546248602354,False
0.2679251635489301,4061.374161645715,185.3846535733063,1.1512126469265533,104.51487462046904,False
0.2825975945767069,4153.246022625603,196.74134196710122,1.1622166535967076,115.87156301426396,False
0.17982868471319136,1999.312938205336,88.69275969930662,1.0206975637591276,7.822980746469355,False
0.1764124190886683,5000.0,128.4452768910371,1.113990648718334,47.575497938199845,True
0.001,1498.6066393842734,0.362436852289998,0.9998194366997287,-80.50734210054726,False
0.16967216001797886,5000.0,123.53771739423722,1.1096353629172173,42.667938441399954,True
0.23314480920076225,5000.0,169.75193542608983,1.1506488499131646,88.88215647325256,True
0.6126406153418086,851.08,-21.344517667983368,0.3391013750086699,-102.21429662082063,False
0.2715004937028581,3869.591527599178,185.26592024342327,1.1473688715321029,104.396141290586,False
0.5479247163195877,957.388835560083,36.85057252139402,0.5353910705250744,-44.019206431443244,False
0.2812497220291351,5000.0,204.77695736036728,1.181732320386346,123.90717840753001,True
0.283803963314192,2690.1138997413877,168.4983136750415,1.0971553712438942,87.62853472220422,False
0.2816726932685078,4632.257092951341,201.58530632690702,1.1740933169664165,120.71552737406975,False
0.27935014563151,2500.002681611877,159.67471957393295,1.0816598466224645,78.80494062109568,False
0.341106882811935,2541.06706501684,196.69988034736286,1.103613624417011,115.8301013945256,False
0.2965011061547618,4253.444717995599,207.7368077270786,1.1731728882541883,126.86702877424133,False
0.29459223051784994,3982.506235442158,202.7122658604901,1.1637217325400069,121.84248690765284,False
0.02245347391040354,4999.836763185207,16.348182565770475,1.0145082773122291,-64.5215963870668,True
0.2867759054888241,5000.0,208.8005525715052,1.1853031190906587,127.93077361866793,True
0.19436736526020051,5000.0,141.51821157715443,1.1255924167365312,60.64843262431717,True
0.284031121513388,1068.625983566696,43.267946242167206,0.8137937625973224,-37.60183271067006,False
0.29135593666318094,2938.986021484283,180.1587407535134,1.1159665610838536,99.28896180067613,False
0.34013671541148693,2234.904060513331,181.7913177208476,1.0708768901070471,100.92153876801032,False
0.2097827467191282,5000.0,152.7420979118105,1.135553219620032,71.87231895897324,True
0.5964452346038143,920.4761046926619,20.564126746694814,0.4500483822777024,-60.305652206142454,False
0.31211781288838175,3129.750747266706,198.0620385089264,1.1356824098313252,117.19225955608914,False
0.37557052874702207,851.08,-13.084949945641656,0.5948455916562299,-93.95472889847892,False
0.37714935838519636,1305.3676340527452,107.53994099710006,0.8659886497475191,26.670162044262796,False
0.2503642282492477,4018.805644187888,172.72281099413996,1.140146309833818,91.8530320413027,False
0.3951114529077188,851.08,-13.765759527232989,0.573765419063267,-94.63553848007025,False
0.2528784068925736,4653.8981540288805,181.1766806725845,1.1567455602622636,100.30690171974723,False
0.17565052105941031,5000.0,127.89054155076838,1.1134983406877486,47.02076259793111,True
0.41189286928463176,851.08,-14.350427323296362,0.5556621220712435,-95.22020627613362,False
0.24123387335500426,5000.0,175.64155527512526,1.1558756796070695,94.77177632228799,True
0.1152952401175534,1877.2994101372994,53.931504193946296,1.0066389769160127,-26.93827475889097,False
0.4961306613441126,1004.5627708227224,52.40978907015597,0.6223630964450712,-28.459989882681292,False
0.3040939421568835,1068.165008868525,46.22812257405883,0.8004236309248683,-34.641656378778436,False
0.1721780616065644,5000.0,125.36225574063211,1.1112545762876977,44.49247678779484,True
0.3085210462195375,1901.9235081469128,145.98148064252146,1.0215297804648882,65.1117016896842,False
0.25599624465316395,5000.0,186.38998715285703,1.1654145334450885,105.52020820001977,True
0.3850576100832944,1268.9758000528077,103.17520563245681,0.8482121290812021,22.305426679619544,False
0.18354421318867511,935.7648178704329,8.877534141429448,0.8365270826318754,-71.99224481140782,False
0.28840299234842803,5000.0,209.98522892982072,1.1863544775358603,129.11544997698346,True
0.38619545612766304,2446.505630274812,218.10351538760358,1.1069167197430212,137.2337364347663,False
0.32601106606043656,2043.59345602553,163.55572763048633,1.0437735317927994,82.68594867764907,False
0.28944083698905293,2109.565143772895,148.67485735162666,1.0466994690286424,67.80507839878939,False
0.7340026306807306,851.08,-25.572793782485547,0.20817961263266405,-106.44257273532281,False
0.4051496339038166,891.4876340600241,2.768962839805825,0.6011107387839651,-78.10081611303144,False
0.27573711384026955,5000.0,200.76324625732556,1.1781702934790286,119.8934673044883,True
0.2793292840430666,5000.0,203.37869305365396,1.1804914101772679,122.5089141008167,True
0.19220957548220954,4999.987979379453,139.94705992560088,1.124197975785258,59.07728097276362,True
0.2611653454257229,4646.213677995224,187.04129296561817,1.1617179757716956,106.1715140127809,False
0.18662511530228826,5000.0,135.88110595420036,1.1205896845037266,55.0113270013631,True
0.22915508796126985,5000.0,166.8470330843387,1.1480708516370541,85.97725413150144,True
0.17796496952566404,4999.969268036459,129.5755123446888,1.1149934576610616,48.70573339185154,True
0.3646169155893077,1694.713501791378,154.18187715219014,0.9839742604274008,73.31209819935287,False
0.337896221455087,2190.704929098551,178.2068744952531,1.065013284525589,97.33709554241582,False
0.24354950596014285,4977.175263283369,177.15276243304726,1.1569767486929146,96.28298348020999,False
0.2866557861830859,3049.7128432726945,180.02351412674932,1.1203609764819589,99.15373517391205,False
0.001,851.08,-0.03484019363632085,0.9989212294966395,-80.90461914647359,False
0.26596475773527894,1338.4277275328961,79.77505819176584,0.9143993801615463,-1.0947207610714287,False
0.2594206771289534,5000.0,188.88330468582708,1.1676272647336445,108.01352573298982,True
0.5011610686358284,1280.608921827613,137.0921883302864,0.8087918780751967,56.22240937744914,False
0.2147271811398489,5000.0,156.3421236442383,1.1387481153653247,75.47234469140105,True
0.29939851603492595,3753.507048765809,202.43044053622899,1.1582782656431863,121.56066158339172,False
0.250725322547009,869.016814204003,-3.9771612827616223,0.7402826781702381,-84.8469402355989,False
0.1513161572321284,5000.0,110.17277476366108,1.0977744481571121,29.302995810823816,True
0.08775877862214708,5000.0,63.896865526657066,1.0567062123944866,-16.9729134261802,True
0.24243588067300448,3526.649416522528,160.66544409745967,1.1208140494591676,79.7956651446224,False
0.7834808279846946,851.08,-27.296623757331744,0.15480399282169977,-108.16640271016901,False
0.10454705652696579,5000.0,76.1203530517858,1.0675541260454642,-4.749425901051467,True
0.2733221435398883,4854.667357090651,197.7243474577933,1.1737145904818012,116.85456850495603,False
0.18495076388187692,5000.0,134.66201643137296,1.1195077855899136,53.7922374785357,True
0.19202486068876096,851.08,-6.6901833293839665,0.7928492443770677,-87.55996228222124,False
0.2765771384926745,4256.830871215804,193.81800473923613,1.1616277105673212,112.94822578639887,False
0.31845740495713887,3073.623392286576,200.63099943824355,1.1351510043538346,119.76122048540628,False
0.3242017471803729,2880.779943916973,198.7247178563406,1.1250967331640553,117.85493890350332,False
0.30591140180084175,3712.669596761218,206.13246204690537,1.1601353132045966,125.26268309406811,False
0.1782912206471482,5000.0,129.81322585771935,1.1152046551333612,48.94344690488208,True
0.1187675859991794,5000.0,86.47427175564738,1.0767428633692298,5.604492802810114,True
0.47815877525491174,1349.9098747040646,145.799676492069,0.8514810088103585,64.92989753923175,False
0.3053661779686624,2655.729070453404,180.15001901851906,1.1019366007302276,99.2802400656818,False
0.27417357079714627,1477.9207564379165,97.36680437517734,0.9459639023549616,16.497025422340073,False
0.14628005073357808,5000.0,106.50600290598408,1.0945203175820089,25.63622395314681,True
0.258449722218206,3201.0997125181907,165.44591670629254,1.1156084209115533,84.57613775345527,False
0.3015257073387436,2995.732084745808,187.9679111916624,1.1234526132392857,107.09813223882514,False
0.4866005686063091,851.08,-16.953258033787634,0.47506965966909753,-97.8230369866249,False
0.20852106555687422,5000.0,151.82347218766313,1.13473797172023,70.95369323482586,True
0.2862891698762644,1841.253623542107,131.58093272222615,1.0112033300609415,50.711153769388886,False
0.17156484479700296,5000.0,124.91577468615051,1.1108583401140315,44.04599573331325,True
0.33514198595546174,2959.6561230064212,207.8568622974522,1.1348034408983756,126.98708334461494,False
0.3292921771133547,2629.279949460632,193.28906663907887,1.1077167910961838,112.4192876862416,False
0.2807698992531502,2500.001937988953,160.48621533489955,1.0820748109772353,79.61643638206229,False
0.13020597107175336,851.08,-4.536401244745077,0.8595376390463902,-85.40618019758234,False
0.2369806716555036,5000.0,172.54481371470706,1.1531274307969201,91.6750347618698,True
0.05789025454544404,1499.2381876787033,20.994295130296265,0.9895759338567632,-59.875483822541,False
