r,g_Kstar,constructive,Fp
0.2877358240403154,209.49946597440555,94.64946597440556,1.1859233800618902
0.12148656270650042,88.45394936471976,0.0,1.0784997573584323
0.08810723151007542,64.15057287846737,0.0,1.0569313687125503
0.22135252077977066,161.1660106978997,46.31601069789971,1.1430291448270566
0.27986329447616903,203.76750421727206,88.91750421727207,1.1808364663587214
0.13411906459873638,97.65163063771026,0.0,1.0866623747811195
0.23665141365973918,172.30508209800445,57.45508209800445,1.1529146774503771
0.13419654898505406,97.70804675346174,0.0,1.0867124420921825
0.23428211639106233,170.58000488810904,55.73000488810905,1.1513837323272489
0.2536377080285685,184.67274473098678,69.82274473098678,1.1638905414197398
0.23638327057203778,172.10984803611612,57.259848036116125,1.152741414112828
0.20774037584826574,151.25505469015238,36.40505469015238,1.1342335212581154
0.2523498027062295,183.7350252858828,68.88502528588282,1.1630583485166572
0.20237667148045546,147.3497599481831,32.49975994818311,1.1307677100438112
0.21957037581714453,159.86843706693313,45.01843706693313,1.1418775940380061
0.2102246630945103,153.0638557080692,38.21385570806922,1.1358387683051487
0.19616906096512624,142.8300200364912,27.980020036491197,1.126756600433226
0.22478744002823425,163.66696361406318,48.816963614063184,1.1452486522486438
0.2358618820192814,171.73022682025973,56.880226820259736,1.152404513685579
0.12189454584680294,88.75100048897588,0.0,1.07876337974437
0.18410700199074023,134.04767629422716,19.197676294227165,1.1189625804063368
0.2080024293300633,151.44585493088164,36.59585493088164,1.1344028497359138
0.21480042542720637,156.3954525584889,41.545452558488904,1.1387954428940437
0.1864031716428576,135.71950953747955,20.86950953747956,1.1204462733887488
0.2388732055112561,173.92276111990427,59.07276111990427,1.1543503104731532
0.17113127435039788,124.60009353199113,9.75009353199114,1.110578184234253
0.13007519107993878,94.70730020724766,0.0,1.0840493854682132
0.14943083621288614,108.80007899997251,0.0,1.0965562291273185
0.24959898070016284,181.7321612240868,66.88216122408681,1.1612808773692171
0.18279000340808907,133.08877414613795,18.238774146137956,1.1181115886021709
0.20698206301378436,150.70292971789613,35.85292971789613,1.133743529836987
0.26830505163136753,195.35198726986152,80.50198726986153,1.1733679921621245
0.17809311923001936,129.6689888957919,14.818988895791904,1.1150766499216693
0.008334950503822568,6.068648856283083,0.0,1.00538571161755
0.007883706207671428,5.740099432925862,0.0,1.0050941356031489
0.18522598741718435,134.86240574286313,20.012405742863137,1.119685624029488
0.1578833322056945,114.95431232337005,0.1043123233700527,1.1020178939380316
0.19040826497621172,138.63560424801435,23.78560424801435,1.123034204497029
0.21255362569654862,154.75956538561366,39.90956538561366,1.1373436507800818
0.2622315478985764,190.9298900462811,76.0798900462811,1.1694435369901441
0.2577916706970229,187.69723069348856,72.84723069348857,1.1665746659375884
0.2283350108475106,166.24993775231525,51.39993775231525,1.1475409506092276
0.2818224293593839,205.19394360198987,90.34394360198988,1.1821023809548594
0.24710371273346413,179.91536518129314,65.06536518129315,1.1596685350198552
0.22270375240493231,162.14983780675297,47.299837806752976,1.1439022566539712
0.26609785450066825,193.74493461409992,78.89493461409992,1.1719417896641517
0.001,0.7280965680000001,0.0,1.00064616
0.2809740767930014,204.5762610099528,89.7262610099528,1.1815542094605658
0.1829206534699358,133.18390000777757,18.333900007777572,1.1181960094461338
0.2605030445838088,189.6713727150222,74.82137271502219,1.1683266472882738
0.13354351474687426,97.23257476585654,0.0,1.0862904774888402
0.17761316093057172,129.31953290518095,14.469532905180955,1.1147665200668981
0.2715524024038262,197.7163722223808,82.86637222238082,1.1754663003372563
0.17169057099766077,125.00731550135716,10.15731550135716,1.1109395793558485
0.19504316457345264,142.01025873779005,27.16025873779006,1.1260290912207822
0.1740443475002162,126.7210920947068,11.87109209470681,1.1124604955807398
0.2135612384036692,155.49320473954134,40.643204739541346,1.1379947298069149
0.2393378619573015,174.261075883569,59.411075883569,1.1546505528823299
0.25079075254756455,182.59988621601903,67.74988621601904,1.1620509526661342
0.17250697075464905,125.60173336253635,10.751733362536356,1.1114671042228241
0.2535958816165955,184.6422910639775,69.7922910639775,1.1638635148653793
0.1650284837430745,120.15667263557634,5.306672635576348,1.106634805055425
0.21641698694894895,157.57246545443053,42.722465454430534,1.1398400002869329
0.001,0.7280965680000001,0.0,1.00064616
0.001,0.7280965680000001,0.0,1.00064616
0.23196554928606697,168.89332032942022,54.043320329420226,1.149886859326685
0.23903035913448503,174.037184133626,59.187184133626005,1.1544518568583388
0.24902417080216713,181.31364411010372,66.46364411010373,1.1609094582055284
0.16059439912241402,116.92823084105187,2.0782308410518766,1.1037696769369392
0.21030726347616688,153.12399676246886,38.27399676246887,1.13589214136776
0.23341774004572063,169.95065543760535,55.100655437605354,1.1508252069079428
0.23383339609842113,170.25329318304503,55.40329318304504,1.1510937872229559
0.08696078993464994,63.315852701987566,0.0,1.0561905840241734
0.25720562409736325,187.2705321755883,72.4205321755883,1.1661959860667523
0.18424302843905305,134.14671668440093,19.296716684400934,1.1190504752561785
0.2630393541928063,191.51805103671867,76.66805103671868,1.1699655091052237
0.24021479986055735,174.8995713612787,60.04957136127871,1.1552171950778978
0.2555239059008526,186.04607892836574,71.19607892836575,1.1651093270368948
0.26143171606590604,190.34753523393667,75.49753523393667,1.168926717653146
0.1784291619153839,129.91366042170733,15.06366042170734,1.1152937872632445
0.1659720459470656,120.84367703799678,5.99367703799679,1.107244497209156
0.21100686286918457,153.63337267949993,38.783372679499934,1.1363441945115524
0.18569966559521542,135.20728919862404,20.357289198624045,1.1199916959210043
0.2727131129255904,198.56148156971884,83.71148156971884,1.1762163050479995
0.2741184988225865,199.58473821803727,84.73473821803728,1.1771244091992026
0.05954532991645895,43.35475035260149,0.0,1.0384758103788192
0.288169753821454,209.81540875880555,94.96540875880555,1.1862037681292708
0.17666453206748167,128.62883948565937,13.778839485659375,1.114153554040724
0.19223217714566448,139.96358843892637,25.11358843892637,1.1242127435844427
0.11402996382487614,83.02482531005647,0.0,1.073681601425082
0.23480341224975457,170.95955861373548,56.10955861373549,1.1517205728593014
0.12081185530010242,87.96269721771719,0.0,1.0780637884207143
0.21300168560836982,155.0857962696691,40.235796269669095,1.1376331691727042
0.23316520327541693,169.76678428185343,54.91678428185344,1.1506620277484434
0.2502698860030061,182.22064507253998,67.37064507253999,1.1617143895397024
0.17159146351156387,124.9351556808669,10.085155680866905,1.1108755400626322
0.16838101268082414,122.59763744927254,7.7476374492725455,1.1088010751538413
0.001,0.7280965680000001,0.0,1.00064616
0.10797767887614793,78.61817741032941,0.0,1.0697708569826117
0.20765883170506402,151.19568267934673,36.34568267934674,1.1341808306945442
0.21385889615660555,155.70992832789292,40.85992832789293,1.1381870643405523
0.24296082067068678,176.8989396887905,62.04893968879051,1.156991563884571
0.2801698117458827,203.99067838938328,89.14067838938328,1.1810345255577195
0.2305720697099541,167.87873263247434,53.028732632474345,1.148986448563784
0.2751838093596488,200.3603871639266,85.5103871639266,1.1778127702558308
0.25461648763096156,185.3853908003176,70.5353908003176,1.1645229896476221
0.2079398615433134,151.40029954008168,36.55029954008168,1.1343624209348273
0.1682118563812108,122.4744753280685,7.624475328068499,1.1086917731192831
0.23673722222454796,172.36755901954672,57.517559019546724,1.152970123512614
0.21462573108135594,156.2682582048262,41.4182582048262,1.138682562395529
0.21714578446978902,158.1031004281211,43.253100428121115,1.1403109200929988
0.24429752860601803,177.87219214892355,63.02219214892355,1.1578552910840647
0.19077280027183424,138.901021145672,24.051021145671996,1.1232697526236484
0.17576067487789895,127.97074416796207,13.120744167962073,1.1135695176791032
0.1505791584704621,109.63616849467161,0.0,1.097298229037274
0.2067582364176837,150.53996234144813,35.68996234144814,1.1335989020436505
0.21858942429549927,159.15420963064884,44.30420963064884,1.14124374240278
0.2891627622041003,210.53841475420558,95.68841475420558,1.1868454104258015
0.22368013304961257,162.8607372032063,48.010737203206304,1.1445331547713378
0.2031710524689735,147.92814601960754,33.078146019607544,1.131281007263352
0.21889417622524077,159.376098464785,44.52609846478501,1.1414406609097016
0.1477778359980308,107.59653521663307,0.0,1.0954881265084877
0.001,0.7280965680000001,0.0,1.00064616
0.26832456471829685,195.36619468148584,80.51619468148584,1.1733806007383747
0.2395620791209956,174.42432763094138,59.57432763094138,1.1547954330448225
0.19423823302680907,141.42419084120394,26.574190841203944,1.125508976652603
0.23862675266195005,173.7433196461507,58.8933196461507,1.1541910625000456
0.20986181892201294,152.7996701113551,37.94967011135512,1.1356043129146478
0.23803174643778088,173.3100976563945,58.46009765639451,1.1538065932782364
0.2717475841470074,197.8584833797273,83.0084833797273,1.1755924189724303
0.2098760607109999,152.8100395090387,37.960039509038694,1.1356135153890197
0.21189079665114544,154.27696183248491,39.42696183248492,1.1369153571641042
0.24676362958930137,179.6677518111936,64.8177518111936,1.159448786895423
0.2602400094301092,189.47985772235018,74.62985772235018,1.1681566844933593
0.12418815501601205,90.42096945341036,0.0,1.0802454182451464
0.08342856529983789,60.74405206797586,0.0,1.0539082017541432
0.08716259762592336,63.46278818939976,0.0,1.0563209840819667
0.14749525983937942,107.39079248532039,0.0,1.0953055370978135
0.173825994613617,126.56211010736104,11.712110107361042,1.1123194046795348
0.15345505056700928,111.73009566010592,0.0,1.0991565154743788
0.2696391249246138,196.32332145613458,81.47332145613458,1.1742300169612885
0.2503138626139866,182.25266429206715,67.40266429206716,1.1617428054666536
0.19382640584423974,141.1243408829661,26.2743408829661,1.125242870400314
0.1959653724351681,142.68171511688772,27.83171511688772,1.1266249850527081
0.235762848884718,171.6581211348658,56.808121134865814,1.1523405224353493
0.24324226789022907,177.1038604434124,62.25386044341241,1.1571734238199505
0.261153267212114,190.14479757912716,75.29479757912716,1.1687467951417796
0.001,0.7280965680000001,0.0,1.00064616
0.2235754689384088,162.78453162304606,47.93453162304607,1.1444655250092421
0.10416725176768311,75.84381851004201,0.0,1.0673087114022062
0.2566091052639161,186.83620886020807,71.98620886020808,1.1658105394573322
0.25723438250988667,187.29147107704773,72.44147107704774,1.1662145686025884
0.001,0.7280965680000001,0.0,1.00064616
0.26160025618677246,190.4702487175098,75.62024871750981,1.169035621537645
0.21263318794344924,154.81749438452437,39.96749438452437,1.137395060721539
0.2881400450531553,209.79377790656778,94.94377790656779,1.1861845715115469
0.04138744185491458,30.134054372862863,0.0,1.0267429094289715
0.001,0.7280965680000001,0.0,1.00064616
0.2544069327067331,185.23281457917932,70.38281457917932,1.1643875836377826
0.25556236973444074,186.07408431359337,71.22408431359338,1.1651341808276063
0.2660425365421114,193.7046577983259,78.85465779832592,1.1719060454120507
0.2266697365244421,165.03745723291055,50.18745723291056,1.1464649169526335
0.19566266481784042,142.46131473960398,27.611314739603984,1.1264293874986957
0.2678095259561279,194.99119672636365,80.14119672636366,1.1730478032918117
0.21699237390113085,157.99140271958618,43.14140271958618,1.1402117923199548
0.23675019791031776,172.37700657182316,57.527006571823165,1.152978507881731
0.021703741914654396,15.802420000817616,0.0,1.014024089875573
0.26413757298071505,192.31766036710818,77.46766036710818,1.1706751341572188
0.24544443422294607,178.7072501924288,63.85725019242881,1.1585963756174988
0.25113956235858975,182.8538534423112,68.0038534423112,1.1622763396136264
0.16622711626568457,121.02939286158193,6.179392861581931,1.1074093134462348
0.2640125288775445,192.22661618474106,77.37661618474107,1.170594335659514
0.001,0.7280965680000001,0.0,1.00064616
0.24160385370574242,175.91093669872515,61.06093669872516,1.1561147461105026
0.1990920061866577,144.95820642074025,30.10820642074026,1.1286452907175708
0.2620373791976166,190.78851648149927,75.93851648149928,1.169318072942332
0.1395450866196532,101.60229864903224,0.0,1.0901684531701552
0.23709305719668186,172.6266412415318,57.77664124153179,1.153200049838208
0.21912695173337812,159.5455815133743,44.69558151337429,1.1415910711320396
0.21593369781060126,157.2205842914479,42.3705842914479,1.139527718177298
0.2792250508102949,203.30280119460136,88.45280119460136,1.1804240588315802
0.17329494529062694,126.17545491785324,11.32545491785325,1.1119762618489915
0.27762526518025676,202.13800276783488,87.28800276783488,1.1793903413488747
0.27668858037085015,201.45600577280817,86.60600577280817,1.1787850930924286
0.2513169518995857,182.9830101583094,68.13301015830942,1.1623909616394363
0.21272772144203878,154.88632390040846,40.03632390040846,1.1374561444869877
0.001,0.7280965680000001,0.0,1.00064616
0.2521734922696468,183.60665426210437,68.75665426210438,1.162944423764955
0.23284119078248477,169.53087189776042,54.680871897760426,1.1504526638360104
0.19582244785096675,142.57765221764788,27.727652217647886,1.1265326329033807
0.22360249876103164,162.8042119441314,47.9542119441314,1.1444829905994283
0.25663649610577444,186.85615203815976,72.00615203815977,1.1658282383237073
0.2627121909853257,191.27984462817622,76.42984462817623,1.169754109327078
0.1250967992193717,91.08255017940962,0.0,1.0808325477835892
0.2657757295753937,193.51039656154026,78.66039656154027,1.1717336454224365
0.2231517063536882,162.4759915394642,47.625991539464195,1.1441917065774991
0.19971801295129754,145.4139997976193,30.563999797619317,1.1290497912486104
0.155699603637363,113.36434704732432,0.0,1.1006068558863185
0.005386942932545738,3.922214661198408,0.0,1.0034808270452937
0.18329828373538537,133.45885130802432,18.608851308024327,1.1184400190184567
0.1988388787103098,144.77390517394483,29.92390517394483,1.1284817298674539
0.14259322041754713,103.82163440608359,0.0,1.0921380353050023
0.21300067557847147,155.0850608703665,40.23506087036651,1.137632516531785
0.28561110006122253,207.95246173728074,93.10246173728075,1.1845504684155597
0.19907827661926583,144.94820996984208,30.098209969842088,1.1286364192203049
0.21397547074123224,155.79480588287564,40.94480588287564,1.1382623901741546
0.2341339513752808,170.47212644862086,55.62212644862086,1.1512879940206515
0.20947553668154076,152.51841933778795,37.66841933778795,1.1353547127821444
0.2605151645848417,189.6801972461784,74.83019724617841,1.1683344787481413
0.0935369398954588,68.10392491910584,0.0,1.0604398290828496
0.19074527167926686,138.8809776719018,24.03097767190181,1.123251964748275
0.21044849268345206,153.22682526359458,38.37682526359458,1.1359833980323395
0.23065918230169027,167.94215901154703,53.09215901154704,1.1490427372360603
0.21067954927011306,153.39505677135622,38.54505677135623,1.1361326975563764
0.26303650679959406,191.5159778594931,76.6659778594931,1.1699636692336257
0.15092161128229403,109.88550721166838,0.0,1.097519508346167
0.001,0.7280965680000001,0.0,1.00064616
0.2613597397237956,190.29512950626886,75.44512950626887,1.1688802094199278
0.21030837478960027,153.1248059059657,38.27480590596571,1.135892859454048
0.21754802169465948,158.39596797107112,43.54596797107112,1.140570829698221
0.14428610705819675,105.05421935915363,0.0,1.0932319109367243
0.08789610551877095,63.99685276878299,0.0,1.056794947542009
0.17388671216510795,126.60631834821895,11.756318348218954,1.1123586379326063
0.16620537283519096,121.01356154446299,6.163561544462993,1.107395263711187
0.17291476374532386,125.89864603950114,11.04864603950115,1.1117306037416785
0.254114495565763,185.01989210048328,70.16989210048328,1.1641986224547733
0.20617579844207493,150.1158912503345,35.265891250334505,1.1332225539213312
0.17950922528745522,130.70005085613496,15.85005085613497,1.115991681011742
0.16902125370151547,123.06379473913071,8.21379473913072,1.1092147732917712
0.15621597056141287,113.74031203255376,0.0,1.1009405115379625
0.2322257141478746,169.08274547241655,54.23274547241655,1.1500549674537908
0.1413953791221821,102.94949026991965,0.0,1.0913640381735892
0.22961201838040388,167.179722554325,52.329722554325,1.1483661017966817
0.22558475060023692,164.24748270516847,49.39748270516847,1.1457638424478491
0.19892447363419638,144.8362265442649,29.986226544264895,1.1285370378834723
0.20557048637860784,149.6751656143551,34.825165614355114,1.1328314254784013
0.2548506369485024,185.5558741148186,70.70587411481861,1.1646742875706444
0.31838597362829985,231.81573469810363,116.96573469810363,1.2057282807196623
0.1749810464776285,127.4030994054098,12.55309940540981,1.1130657529919845
0.26609607360912957,193.74363795308264,78.89363795308265,1.1719406389232752
0.20926559200854747,152.36555934191165,37.515559341911654,1.135219054932243
0.07950774505583504,57.88931630457246,0.0,1.0513747245452785
0.15999802463132834,116.49401262084963,1.6440126208496366,1.1033843235957792
0.2509818980074176,182.7390585693268,67.8890585693268,1.162174463216473
0.06812794470328423,49.603722723355034,0.0,1.044021552749474
0.27238228706469975,198.32060839579867,83.47060839579868,1.1760025386097264
0.27506256014970415,200.27210603029317,85.42210603029318,1.1777344238663328
0.2075101460664886,151.08742517618904,36.23742517618905,1.1340847559823222
0.09667879498628931,70.39149882789286,0.0,1.0624699701683407
0.21336449092448198,155.3499535751825,40.4999535751825,1.1378675994557632
0.16642135744462408,121.17081919733205,6.320819197332057,1.1075348243264183
0.14758713447895247,107.45768609507977,0.0,1.09536490281492
0.23171823294208327,168.7132501481554,53.8632501481554,1.1497270533978565
0.23861380378792646,173.73389161541468,58.88389161541468,1.1541826954556065
0.21838582357916816,159.00596864784583,44.15596864784584,1.1411121837639153
0.2291872829370613,166.8704741357193,52.0204741357193,1.1480916547426117
0.23798103131495596,173.27317214951998,58.423172149519985,1.1537738231944719
0.23415796000479636,170.4896070493735,55.639607049373495,1.1513035074366993
0.22600063634769696,164.5502876905742,49.700287690574214,1.146032571182428
0.07279236335612232,52.999869936201634,0.0,1.047035513506192
0.17578887303405882,127.99127514868599,13.141275148685992,1.1135877381996875
0.21767149046467882,158.4858651587774,43.63586515877739,1.1406506102786569
0.17117681720401187,124.6332531274044,9.783253127404407,1.1106076122045443
0.27378854533006003,199.34450021252914,84.49450021252915,1.1769112064504716
0.20167697455651684,146.84031301922323,31.990313019223237,1.130315593879439
0.2297846137363786,167.30538864066293,52.45538864066293,1.1484776260118985
0.2599490956232882,189.26804437801997,74.41804437801997,1.167968707627944
0.20071588255288464,146.1405452298464,31.2905452298464,1.129694574670372
0.2723074409977475,198.26611323132246,83.41611323132247,1.1759541760751047
0.1936762497076667,141.01501271526314,26.165012715263146,1.1251458455111059
0.2518613808079444,183.3794069780054,68.5294069780054,1.1627427498228613
0.2112656409030767,153.82178807785058,38.97178807785059,1.136511406525932
0.23762213060549336,173.0118577747075,58.1618577747075,1.1535419159120457
0.2818066710891187,205.18247005949218,90.33247005949218,1.182092198590945
0.2724898455229698,198.39892134012447,83.54892134012448,1.1760720385831223
0.06804907799606752,49.54630014450108,0.0,1.043970592237939
0.12990774241302314,94.5853814075502,0.0,1.083941186837599
0.19235568188527036,140.05351181596512,25.20351181596513,1.1242925474069863
0.23379951355563056,170.2286234199241,55.37862341992411,1.1510718936791062
0.07324048174378882,53.326143396319296,0.0,1.0473250696835665
0.23489358484355194,171.025212969807,56.175212969807006,1.1517788387825094
0.22993152357703692,167.41235319145167,52.56235319145168,1.148572553274538
0.23086580643576615,168.09260133443365,53.24260133443366,1.1491762494865347
0.23621274689699606,171.9856903335555,57.135690333555516,1.152631228534963
0.28119564454964036,204.73758373314107,89.88758373314107,1.1816973776821955
0.2459631005404437,179.08488935813602,64.23488935813603,1.1589315170452132
0.24412299384583763,177.7451139890395,62.895113989039515,1.1577425137034265
0.22907494158018735,166.7886787793349,51.93867877933491,1.1480190642514538
0.15513071343215404,112.95014004134286,0.0,1.1002392617913206
0.21424700637123628,155.99251004317128,41.142510043171285,1.138437845636838
0.10644486470337518,77.50214067175182,0.0,1.068780413776733
0.2161293008637035,157.36300220310196,42.51300220310196,1.1396541090460905
0.2160261398715874,157.28789103879075,42.43789103879075,1.139587450539425
0.25501195640439617,185.67333025700648,70.82333025700649,1.1647785257502647
0.27315537061632833,198.8834878765167,84.03348787651672,1.1765020742774468
0.19444702018069615,141.5762080513916,26.72620805139161,1.1256438865599587
0.17991014913757153,130.991962135434,16.141962135434,1.1162507419667331
0.023833565528930623,17.35313726481749,0.0,1.0154002967021738
0.24047015728700874,175.08549622709128,60.23549622709129,1.1553821968325737
0.2359216979493694,171.7737785936685,56.923778593668516,1.1524431643469646
0.13402931133625154,97.58628159532824,0.0,1.0866043798130323
0.2316522748858688,168.66522631379365,53.81522631379366,1.149684433940253
0.22819748027388712,166.1498022136649,51.29980221366492,1.147452083853775
0.1535709149001643,111.8144560834297,0.0,1.0992313823718902
0.07591202957416911,55.27128820286704,0.0,1.0490513170296452
0.15243970607453286,110.99082681979614,0.0,1.0985004404771201
0.2581268585088474,187.94127978891342,73.09127978891343,1.166791250894077
0.001,0.7280965680000001,0.0,1.00064616
0.0999186286102955,72.75041057042277,0.0,1.0645634210628285
0.1919340347807707,139.7465120062718,24.89651200627179,1.1240200959139428
0.1841721805372152,134.0951325702228,19.245132570222808,1.119004696175927
0.14698280177600578,107.01767352813411,0.0,1.0949744071955838
0.10431383994127144,75.95054885614107,0.0,1.067403430816452
0.24403654861984322,177.682173516673,62.83217351667301,1.1576866562561978
0.2572322090564268,187.2898885930429,72.4398885930429,1.1662131642039006
0.2578031522843137,187.7055903977902,72.8555903977902,1.1665820848800321
0.24330785112070658,177.15161136844142,62.30161136844143,1.1572158010801559
0.23997969024572133,174.72838885761277,59.87838885761278,1.1550652766491754
0.15137514495725704,110.21572352388138,0.0,1.097812563665581
0.1411878543733948,102.79839221255254,0.0,1.0912299439819129
0.272992111926428,198.7646197847041,83.91461978470412,1.1763965830423808
0.266050942182168,193.71077791600297,78.86077791600297,1.1719114768004297
0.1806293128704184,131.51558278114987,16.66558278114988,1.1167154368043495
0.27693147850742844,201.63285907242442,86.78285907242443,1.17894204415236
0.2477435047532652,180.3811955551441,65.53119555514411,1.1600819430313698
0.2624176748932216,191.06540847229442,76.21540847229443,1.169563804809004
0.20454305037221007,148.92709298425729,34.07709298425729,1.1321675374285074
0.2853937799215274,207.79423168941145,92.94423168941145,1.1844100448340942
0.22105930586074954,160.95252192167405,46.102521921674054,1.142839681074982
0.16403023775794462,119.4298531597835,4.579853159783511,1.1059897784296735
0.2664312241264426,193.98765989450166,79.13765989450167,1.172157199781542
0.24941308497307868,181.59681118319097,66.74681118319097,1.1611607589862045
0.04439066068186341,32.32068769371729,0.0,1.0286834693061928
0.001,0.7280965680000001,0.0,1.00064616
0.230416034520775,167.76512394674583,52.91512394674584,1.148885624865944
0.23684587518924663,172.44666887024684,57.596668870246845,1.1530403307122836
0.22201947503623032,161.65161780304098,46.80161780304098,1.1434601039894106
0.2505771169039861,182.44433883712708,67.59433883712708,1.1619129098586796
0.2565821382664488,186.8165742819029,71.9665742819029,1.1657931144622486
0.2083240589839993,151.68003237807946,36.830032378079466,1.134610673953101
0.13973784048636695,101.74264207785522,0.0,1.0902930030086708
0.1922011483974716,139.94099651385778,25.09099651385779,1.1241926940485103
0.25586806899140396,186.29666289342848,71.44666289342848,1.1653317114594857
0.21863572381854499,159.18792015447846,44.33792015447847,1.141273659302591
0.21898786792783317,159.44431507189262,44.59431507189262,1.1415012007402487
0.24318358117595906,177.0611308481652,62.2111308481652,1.1571355028126578
0.2532660094522573,184.40211227324411,69.55211227324412,1.1636503646676706
0.23627530871538563,172.03124137881278,57.181241378812786,1.1526716534795336
0.12435168977429911,90.54003854966788,0.0,1.080351087864561
0.23575171404371215,171.65001389534422,56.80001389534422,1.152333327546485
0.25697976357169894,187.10608390200542,72.25608390200543,1.166050044029489
0.001,0.7280965680000001,0.0,1.00064616
0.2073320038536188,150.95772044238262,36.10772044238263,1.1339696476100543
0.23027589647668484,167.66308991779752,52.81308991779753,1.1487950732673746
0.20882382878744074,152.04391305675523,37.193913056755235,1.1349336052092927
0.15539577008994454,113.14312688420567,0.0,1.1004105308013186
0.222616408238793,162.08624281915212,47.236242819152125,1.1438458183475786
0.18788252878048264,136.79662439223065,21.94662439223066,1.1214021747967966
0.26366925962683574,191.97668302140008,77.12668302140008,1.1703725288004763
0.2397165479430645,174.5367958501527,59.68679585015272,1.1548952446188905
0.2583615151087318,188.11213245394777,73.26213245394777,1.1669428766026582
0.25875392679182885,188.39784605365384,73.54784605365384,1.1671964373358081
0.24168011575697038,175.96646283649287,61.11646283649287,1.156164023597524
0.2727168840866646,198.56422733915434,83.71422733915435,1.1762187418214392
0.22893064754611236,166.68361878834205,51.83361878834205,1.1479258272183959
0.26960542229350004,196.2987826860881,81.4487826860881,1.174208239669168
0.2219021809999975,161.566216417813,46.716216417813,1.1433843132749584
0.2242610789044273,163.28372188629072,48.433721886290726,1.1449085387448847
0.13889372040627418,101.1280411445598,0.0,1.089747566377718
0.23843918400554584,173.60675155115842,58.75675155115843,1.1540698631370234
0.029252470881385318,21.298623654256588,0.0,1.018901776584716
0.15642195617093865,113.89028944790685,0.0,1.1010736111994137
0.1809775399363497,131.76912571273917,16.919125712739174,1.1169404472052717
0.18089234465207976,131.70709531865242,16.857095318652426,1.1168853974203878
0.1789403151484117,130.28582933639697,15.435829336396978,1.1156240740362977
0.2160789326734921,157.32632929667267,42.476329296672674,1.1396215631363036
0.20504291497912455,149.2910426890164,34.4410426890164,1.132490529942911
0.15832715478136242,115.27745801751477,0.4274580175147804,1.1023046743335252
0.23898277406771115,174.0025376098199,59.152537609819916,1.1544211092915924
0.13921608302433677,101.36275226042268,0.0,1.0899558642070055
0.24887606980231464,181.20581228039373,66.35581228039374,1.1608137612634637
0.26735322546154006,194.65896590227754,79.80896590227755,1.1727529601642288
0.24927427939781086,181.4957473202192,66.64574732021921,1.1610710683756895
0.2092410859931381,152.3477165961967,37.49771659619671,1.1352032201253262
0.09313852902279364,67.81384333006446,0.0,1.0601823919133684
0.20231197016285618,147.302651140894,32.452651140894005,1.1307259026404313
0.25168627558646295,183.25191346720587,68.40191346720587,1.1626296038329489
0.24715835365509853,179.9551490488075,65.1051490488075,1.1597038417977785
0.2640033033068301,192.21989907836604,77.36989907836605,1.1705883744647414
0.16100567046213107,117.22767609201662,2.377676092016628,1.1040354240258106
0.2620678666845025,190.81071431606782,75.96071431606782,1.1693377727368581
0.1558492561616592,113.47330853665692,0.0,1.1007035553614177
0.2785408397798601,202.804629491554,87.95462949155402,1.1799819490321544
0.21588035376368345,157.1817446739638,42.33174467396381,1.1394932493879417
0.10296847632946213,74.97099422767062,0.0,1.0665341106650452
0.24434868681991148,177.9094402688844,63.0594402688844,1.157888347475554
0.2303047855855838,167.68412397883944,52.83412397883944,1.1488137402539809
0.277895109742898,202.3344756677874,87.4844756677874,1.179564704111471
0.23573240560729375,171.63595548905454,56.785955489054544,1.152320851207209
0.19565050762788455,142.45246313132057,27.602463131320576,1.126421532008834
0.02008304452061291,14.622395790449467,0.0,1.0129768600474391
0.18054167529259746,131.45177416151063,16.601774161510633,1.1166588089070648
0.08970183946931913,65.3116014608982,0.0,1.0579617405914952
0.2071655359537041,150.8365157357726,35.9865157357726,1.1338620827118455
0.2369192355295442,172.50008228224482,57.650082282244824,1.1530877332297702
0.24691033859351819,179.77457013365856,64.92457013365856,1.1595435843855877
0.27253230652803134,198.42983705218364,83.57983705218365,1.1760994751861527
0.23128371070535858,168.39687599887645,53.54687599887646,1.1494462825093745
0.2781678341926654,202.53304540367273,87.68304540367274,1.1797409277419326
0.20471635288414058,149.05327394841967,34.20327394841968,1.1322795185796162
0.21992390649550028,160.12584154052666,45.27584154052667,1.1421060314211324
0.14424989198502636,105.0278512886684,0.0,1.0932085102050446
0.2214269294892988,161.22018742393647,46.37018742393647,1.1430772247588052
0.17796084564046183,129.57268094919803,14.722680949198036,1.1149911800190409
0.24285704765035324,176.82338290883467,61.97338290883468,1.1569245099097523
0.03603370165275711,26.23601450570838,0.0,1.0232835366599455
0.16474795828527344,119.95242301251477,5.102423012514777,1.1064535407256124
0.1833417336177039,133.49048701822042,18.640487018220426,1.1184680945944157
0.1086610456271056,79.115734396387,0.0,1.0702124212424104
0.1423968105355613,103.67862904508843,0.0,1.0920111230956584
0.2429703872676471,176.90590509520476,62.055905095204764,1.156997745436863
0.1787642843292642,130.15766190111344,15.307661901113448,1.1155103299621973
0.18128989241027238,131.99654847700856,17.146548477008565,1.1171422768798216
0.2177501220810902,158.5431165688228,43.6931165688228,1.1407014188839173
0.24267327528742522,176.6895788820935,61.83957888209352,1.1568057635597226
0.16852066500556154,122.69931782762707,7.849317827627075,1.1088913128999938
0.23452297926219579,170.75537631793995,55.905376317939954,1.1515393682800605
0.26929981313741547,196.07626970839354,81.22626970839354,1.1740107672568725
0.19708435054485654,143.49643923821898,28.64643923821899,1.1273480239480644
0.2070768273505096,150.7719273062346,35.92192730623461,1.1338047627608052
0.11726180622326798,85.37791866864247,0.0,1.0757698887092269
0.21402650144820762,155.831961165487,40.98196116548701,1.1382953641757738
0.19645218425209815,143.0361611300563,28.18616113005632,1.1269395433763358
0.22737432821729284,165.55046802631648,50.700468026316486,1.146920195920886
0.29136439921962765,212.14141910919278,97.29141910919279,1.1882680201997546
0.25546311288341755,186.0018157410129,71.15181574101291,1.1650700450207492
0.29090119312332535,211.8041603401984,96.9541603401984,1.187968714948568
0.2174757331764375,158.34333494904791,43.49333494904792,1.1405241197492868
0.1289632478740517,93.89769817523035,0.0,1.0833308922462972
0.1892481592692984,137.79093526429355,22.940935264293557,1.1222845905934498
0.001,0.7280965680000001,0.0,1.00064616
0.07714432906889603,56.168521235725834,0.0,1.049847579671158
0.21680732208594772,157.85666712804914,43.006667128049145,1.140092219239056
0.23873989510276025,173.82569826899976,58.975698268999764,1.1542641706195995
0.24567627731067226,178.87605434891674,64.02605434891674,1.158746183347064
0.22026224041208733,160.3721813040317,45.522181304031704,1.1423246492646744
0.2616215464664947,190.48575009710734,75.63575009710735,1.1690493784647902
0.2635984732895671,191.9251437321735,77.0751437321735,1.1703267895007867
0.245998143851911,179.1104042729467,64.26040427294672,1.158954160631351
0.25164938359046357,183.22505253153207,68.37505253153208,1.162605765700814
0.27715853527007733,201.79817832205026,86.94817832205027,1.1790887591501131
0.001,0.7280965680000001,0.0,1.00064616
0.09240924196043601,67.28285192287505,0.0,1.0597111557851553
0.1476232189588448,107.48395908104746,0.0,1.095388219162447
0.20717723390148185,150.8450329714022,35.995032971402196,1.1338696414577816
0.24275174432581076,176.74671191963628,61.89671191963629,1.156856467113566
0.22099995904274958,160.90931170716655,46.05931170716656,1.142801333535063
0.2625956001442368,191.1949552369191,76.3449552369191,1.1696787729892
0.15405916625931673,112.16995022234991,0.0,1.0995468708701202
0.20373373459734778,148.3378329461518,33.4878329461518,1.1316445899474223
0.24514355801404267,178.4881832573334,63.638183257333395,1.1584019614463539
0.19505095617692889,142.01593177754035,27.16593177754035,1.1260341258432844
0.25478555114792323,185.50848536679138,70.65848536679138,1.1646322317297422
0.001,0.7280965680000001,0.0,1.00064616
0.2160741153989186,157.3228218555886,42.47282185558859,1.1396184504061653
0.19297835133150182,140.5068753027647,25.656875302764718,1.1246948914963633
0.18959711718482913,138.04501032496793,23.19501032496794,1.1225100732401492
0.1917481616613821,139.61117842596147,24.761178425961475,1.1238999921391186
0.26550620384644846,193.31415580330753,78.46415580330753,1.1715594886774212
0.2364735038800396,172.1755465979915,57.32554659799152,1.1527997192671264
0.2290428331387975,166.76530073335513,51.91530073335514,1.1479983170609653
0.22805948359283862,166.04932730379812,51.19932730379813,1.1473629159183487
0.27204206313586415,198.07289252086204,83.22289252086205,1.17578269951587
0.20504172445105168,149.29017586961243,34.44017586961243,1.1324897606712916
0.11453455541274875,83.3922167134282,0.0,1.0740076483255017
0.24521472615023068,178.54000053304281,63.69000053304282,1.158447947449233
0.05659043070258128,41.20329837619126,0.0,1.03656647270278
0.2420814488867548,176.2586721109136,61.40867211091361,1.1564233490126654
0.19382782785665384,141.12537624532445,26.275376245324452,1.1252437892478555
0.22327001460664891,162.56213137241096,47.712131372410965,1.1442681526382323
0.23026755622854167,167.65701741174823,52.807017411748234,1.1487896841326344
0.009604129741674627,6.992733903540023,0.0,1.0062058044738804
0.2413441706668062,175.72186236930787,60.87186236930788,1.1559469493180634
0.19883242672924167,144.76920750867234,29.919207508672343,1.1284775608553668
0.11494103992309931,83.6881766903596,0.0,1.07427030235671
0.22748944345981287,165.6342830393198,50.7842830393198,1.1469945787859928
0.20337983206436724,148.08015772648216,33.23015772648216,1.1314159122867116
0.15406745153992937,112.1759827067289,0.0,1.0995522244870408
0.20093153299161193,146.29755957417143,31.447559574171436,1.12983391935786
0.19989353130082788,145.54179410553337,30.691794105533376,1.129163204185343
0.22433763941395718,163.33946533052378,48.489465330523785,1.1449580090837226
0.1456914342293852,106.07743324941312,0.0,1.0941399771416596
0.2452801281929695,178.58761953590115,63.73761953590116,1.1584902076331691
0.24641333341902935,179.412702371835,64.562702371835,1.15922243952204
0.21809155815766526,158.79171500436848,43.94171500436849,1.140922041219157
0.2702751117197966,196.7863812590005,81.93638125900051,1.1746409661888637
0.11622644895850799,84.62407859751684,0.0,1.0751008822590296
0.22295243921807614,162.33090582190985,47.48090582190986,1.144062948125152
0.291030606444379,211.89838573511105,97.04838573511105,1.1880523366601
0.26731032771024676,194.62773219678598,79.77773219678599,1.1727252413532532
0.11408981902887061,83.06840567866179,0.0,1.0737202774636951
0.23043648294771152,167.7800123762193,52.93001237621931,1.1488988378214933
0.23456775190791754,170.7879751276302,55.93797512763021,1.15156829857282
0.19959045611160883,145.32112610041702,30.471126100417024,1.128967369121077
0.10349987583478185,75.35790438373081,0.0,1.0668774797694027
0.23921443574010828,174.1712096784294,59.3212096784294,1.1545707997978285
0.15445903718535287,112.4610948712398,0.0,1.0998052514676877
0.2744748472431653,199.8441942800729,84.99419428007292,1.1773546672946438
0.001,0.7280965680000001,0.0,1.00064616
0.20594245984755735,149.9459982204843,35.09599822048432,1.1330717798550975
0.001,0.7280965680000001,0.0,1.00064616
0.2130728063266978,155.13757902059737,40.28757902059738,1.1376791245360591
0.2478037155957763,180.42503486293282,65.57503486293282,1.1601208488693668
0.23962035936430398,174.4667612760764,59.6167612760764,1.1548330914068388
0.1786361001412639,130.06433143375858,15.214331433758588,1.115427502467279
0.19397239598299235,141.23063580195372,26.38063580195373,1.1253372033883704
0.22321056012389123,162.51884276756286,47.668842767562865,1.1442297355296536
0.29787284646704343,216.88019721304525,102.03019721304526,1.1924735184731448
0.1558761198207125,113.49286787461756,0.0,1.1007209135833516
0.2621665244108184,190.88254666800512,76.03254666800512,1.1694015214132945
0.27031171798325365,196.81303415379088,81.96303415379089,1.1746646196920592
0.2129789717681009,155.06925840052315,40.21925840052316,1.1376184923976762
0.005967091039740561,4.344618506978655,0.0,1.0038556955462388
0.22236913929407867,161.90620714913263,47.05620714913263,1.1436860430462619
0.13281754185711758,96.70399639636366,0.0,1.0858213828463952
0.2505756993908292,182.44330675066243,67.59330675066244,1.1619119939183782
0.2710580298280094,197.3564212466153,82.5064212466153,1.1751468565536665
0.0695519757582446,50.64055484719709,0.0,1.0449417046559473
0.2464791234111962,179.46060383934042,64.61060383934043,1.1592649503833785
0.2853396958468368,207.75485326024577,92.90485326024577,1.184375097868392
0.2558350087277494,186.2725918289244,71.4225918289244,1.1653103492395225
0.19363268119432242,140.9832906302243,26.13329063022431,1.1251176932805234
0.11849509675433134,86.2758732716566,0.0,1.0765667917187787
0.28175890165267464,205.14768929676197,90.29768929676197,1.1820613318918922
0.19079170497567302,138.91478559565607,24.064785595656076,1.123281968087081
0.264873172978905,192.85324820121107,78.00324820121108,1.1711504494520493
0.2242758631620248,163.2944862535079,48.444486253507904,1.144918091740774
0.001,0.7280965680000001,0.0,1.00064616
0.23235525901588042,169.1770666462136,54.32706664621361,1.1501386741657014
0.2585082713182777,188.21898514645082,73.36898514645083,1.1670377045950184
0.25369887847916434,184.71728272612864,69.86728272612865,1.1639300673180968
0.25451051047640477,185.30822919779837,70.45822919779837,1.1644545114494338
0.242487323853167,176.55418828099545,61.70418828099545,1.1566856091809625
0.23280358960500885,169.50349460948743,54.65349460948744,1.1504283674591727
0.26202771441709727,190.78147958797265,75.93147958797266,1.1693118279477517
0.2417765756779886,176.0366949739358,61.1866949739358,1.156226352140089
0.13232424395372844,96.34482788590444,0.0,1.0855026334731412
0.23984529772811394,174.63053812677796,59.78053812677797,1.154978437579998
0.13484433009551955,98.1796939568069,0.0,1.0871310123345208
0.17949322288127179,130.68839955911307,15.838399559113071,1.1159813408969625
0.28276547991417783,205.88057547438584,91.03057547438584,1.1827117425013451
0.24245495612287354,176.53062144765482,61.68062144765483,1.156664694448356
0.14193218530335702,103.34033700811429,0.0,1.0917109008556172
0.12159591805530208,88.53357061887469,0.0,1.078570418410614
0.1357477622687416,98.83747982155066,0.0,1.0877147740675701
0.26499549421930224,192.9423098765378,78.0923098765378,1.1712294885447443
0.2702948186892686,196.80072983583872,81.95072983583873,1.1746537000442578
0.24422759111453538,177.8212709014005,62.971270901400516,1.1578101002745682
0.21949924759907344,159.81664885546763,44.96664885546764,1.1418316338286174
0.1671524712036218,121.70314061607588,6.8531406160758905,1.1080072407929322
0.19436659781451382,141.51765280258383,26.66765280258383,1.1255919208438263
0.16699256123015396,121.58671071320498,6.736710713204985,1.1079039133644764
0.23237191613066893,169.18919463432388,54.33919463432389,1.1501494373269932
0.2667317854382766,194.20649755412157,79.35649755412157,1.1723514104787969
0.17926163782231672,130.5197832724878,15.66978327248782,1.1158316998952682
0.1810524610662262,131.8236755302729,16.973675530272914,1.1169888582425527
0.17191211806095733,125.16862315779385,10.318623157793851,1.1110827342062681
0.26248553233185423,191.1148152404761,76.26481524047611,1.169607651571551
0.13186099055644615,96.00753467722886,0.0,1.0852032976579533
0.16792142928257028,122.26301635429414,7.413016354294143,1.1085041107452256
0.2599951290008622,189.30156112224503,74.45156112224504,1.1679984525551972
0.21941337372889103,159.75412438530694,44.90412438530694,1.1417761455686604
0.22995514090438435,167.42954888643868,52.57954888643869,1.148587813846777
0.13998629072517163,101.9235378440477,0.0,1.090453541614977
0.2419906796648128,176.1925833519376,61.342583351937606,1.1563646975722155
0.2355107364410955,171.47455892991417,56.62455892991417,1.1521776174587783
0.2483306742682155,180.80871166381365,65.95871166381366,1.1604613484851503
0.12924374360238766,94.10192615237042,0.0,1.0835121373661187
0.2564096436621652,186.69098155252544,71.84098155252545,1.1656816553487446
0.18347362011153737,133.58651312174615,18.736513121746157,1.118553314371271
0.1936658095580848,141.00741127818316,26.15741127818316,1.125139099504052
0.213398236896535,155.37452390161812,40.524523901618124,1.137889404753065
0.20533725215465584,149.50534857635552,34.65534857635552,1.1326807188522525
0.22520920810068243,163.97405150010468,49.124051500104684,1.145521181906337
0.24252715810231174,176.58319146108659,61.73319146108659,1.1567113484793898
0.16438404158811307,119.6874565142744,4.8374565142744075,1.1062183923125752
0.2699376982759152,196.54071168851337,81.69071168851337,1.1744229431179654
0.2031938062263586,147.94471295226876,33.094712952268765,1.131295709831224
0.23595635274370674,171.79901063049027,56.94901063049028,1.1524655568888735
0.2384420983584853,173.6088734815316,58.758873481531595,1.154071746275319
0.21436327928137705,156.07716794999615,41.22716794999616,1.1385129765404547
0.24981810780141522,181.89170691446446,67.04170691446447,1.1614224685369625
0.21967475399880756,159.9444344627761,45.09443446277609,1.1419450390438695
0.24098818305329353,175.46266900965878,60.61266900965879,1.1557169243617162
0.26740695551495447,194.69808656976704,79.84808656976705,1.1727876783755429
0.2113632118084845,153.89282911921464,39.042829119214645,1.1365744529421704
0.1972600080761495,143.62433488389675,28.774334883896756,1.1274615268184847
0.1290183500151013,93.93781785501803,0.0,1.083366497045758
0.18962666348135962,138.06652288206888,23.216522882068887,1.1225291648751154
0.1367370780119213,99.55779721882817,0.0,1.0883540303281831
0.001,0.7280965680000001,0.0,1.00064616
0.2602184830756756,189.4641844575655,74.6141844575655,1.1681427750241786
0.09574279773427899,69.71000244104671,0.0,1.0618651661839817
0.24791447359735858,180.5056773837634,65.65567738376342,1.1601924162596693
0.2746135241149181,199.9451644344571,85.0951644344571,1.1774442747420955
0.17150197608057438,124.8700001894843,10.020000189484307,1.110817716864224
0.1566600944852897,114.06367713729517,0.0,1.1012274866526148
0.20242300524503307,147.3834954031546,32.5334954031546,1.1307976490691305
0.001,0.7280965680000001,0.0,1.00064616
0.2516362042289264,183.21545668362842,68.36545668362842,1.1625972497245631
0.19242619576379263,140.10485272891356,25.254852728913562,1.1243381106547323
0.137785675802318,100.32127767122837,0.0,1.0890315922764258
0.14107027971169503,102.71278650488519,0.0,1.0911539719385088
0.21982786793607748,160.05591619501527,45.20591619501528,1.1420439751455758
0.27336953305704254,199.03941881459525,84.18941881459526,1.1766404574801386
0.27692919334538924,201.63119525378636,86.78119525378636,1.1789405675720568
0.24855425783103088,180.97150208856073,66.12150208856073,1.160605819240099
0.3017671686989121,219.715639864755,104.865639864755,1.194989873726489
0.20521586781190643,149.41696905299074,34.56696905299074,1.1326022851453414
0.2697504379435667,196.40436808320788,81.55436808320789,1.174301942981615
0.26056628262092685,189.71741611281487,74.86741611281488,1.168367509178338
0.23120026165319824,168.33611703039566,53.48611703039566,1.1493923610698307
0.2523783735935299,183.75582765087097,68.90582765087098,1.1630768098811952
0.25066269638438116,182.50664896309394,67.65664896309394,1.1619682078957316
0.24594286368604099,179.07015497389827,64.22015497389827,1.1589184407993722
0.2160737324003077,157.32254299561444,42.47254299561445,1.1396182029277828
0.2549991032730175,185.66397193616163,70.81397193616164,1.164770220570893
0.2494918892889197,181.65418833509838,66.80418833509839,1.1612116791829283
0.22482263852289272,163.69259151722278,48.842591517222786,1.1452713961079524
0.16261095167829404,118.39647583617973,3.546475836179738,1.1050726925364465
0.1593921170063824,116.05285335860147,1.2028533586014731,1.102992810324844
0.20939078066637656,152.45670877402955,37.606708774029556,1.135299946835386
0.20393259967086988,148.48262592367828,33.63262592367829,1.1317730886033293
0.232134777742778,169.01653498795946,54.166534987959466,1.1499962079862733
0.17525052492598925,127.59930573881124,12.749305738811245,1.1132398791861773
0.2613852469651623,190.31370124116708,75.46370124116709,1.1688966911790093
0.19421963828543276,141.410652073825,26.560652073824997,1.1254969614745152
0.20388484176533914,148.44785355656649,33.59785355656649,1.1317422293550916
0.2810258266931652,204.6139399346564,89.7639399346564,1.1815876481760557
0.218175156030837,158.85258232891692,44.00258232891693,1.1409760588208857
0.16544613567405278,120.46076357314021,5.610763573140218,1.1069046750271458
0.2566176035459856,186.84239643021678,71.99239643021679,1.165816030707274
0.27817735635094193,202.53997845443382,87.68997845443383,1.1797470805797245
0.24304351815106412,176.9591514404355,62.10915144043551,1.1570449996884915
0.21889356091920564,159.37565046257257,44.52565046257257,1.1414402633235539
0.23729399426853326,172.77294283393076,57.92294283393076,1.1533298873365554
0.2210272324920733,160.92916941201668,46.07916941201668,1.142818956547078
0.22669553876974183,165.05624375916,50.20624375916,1.1464815893314564
0.14153609363394504,103.05194402300204,0.0,1.0914549622625098
0.18541029342163345,134.9965983121643,20.146598312164315,1.1198047151973227
0.2233064800573829,162.58868174194095,47.73868174194095,1.1442917151538785
0.26074490495676445,189.8474704225064,74.99747042250641,1.168482927786863
0.21235429894462368,154.61443626162654,39.76443626162654,1.137214853806058
0.26100092950174697,190.03388101503194,75.18388101503194,1.168648360606849
0.2615486712798654,190.43268992383017,75.58268992383017,1.1690022894341978
0.26792140407395143,195.07265479998526,80.22265479998526,1.1731200944564244
0.19948512311547034,145.24443350743144,30.394433507431444,1.1288993071522924
0.21563120876396186,157.00034305473216,42.15034305473216,1.1393322618549215
0.25228559053333066,183.68827262317137,68.83827262317138,1.163016857179017
0.21088460941197065,153.54436035687633,38.69436035687633,1.136265199217639
0.2606445636334421,189.7744122493668,74.92441224936681,1.168418091237385
0.22878847983085807,166.58010696278498,51.73010696278499,1.1478339641275073
0.2604463584830933,189.63009975963791,74.78009975963792,1.1682900189974355
0.2555397335613454,186.05760299365002,71.20760299365003,1.1651195542379988
0.258417844740627,188.1531458656074,73.3031458656074,1.1669792745576035
0.23455837790712142,170.78114994982215,55.93114994982216,1.1515622414684656
0.17130326493370435,124.7253192854249,9.875319285424908,1.1106893176695625
0.28445254284420457,207.1089202037383,92.25892020373831,1.1838018550842113
0.14551635576556135,105.94995922077224,0.0,1.0940268484414752
0.17970241750377228,130.84071344579974,15.990713445799742,1.1161165140942375
0.2163770968656509,157.543421621684,42.693421621683996,1.139814224910709
0.26284545976702545,191.37687717075332,76.52687717075332,1.169840222283061
0.17408332214118075,126.74946939703212,11.89946939703212,1.1124856794347453
0.2605989597789913,189.7412082394536,74.89120823945362,1.168388623850793
0.25083302308869887,182.6306632519464,67.78066325194641,1.1620782661989937
0.16005420614787497,116.53491819023228,1.6849181902322812,1.103420625844511
0.2592793639540389,188.78041504815863,73.93041504815864,1.1675359538125418
0.27410967754044674,199.57831547278596,84.72831547278597,1.177118709239535
0.2523436154709159,183.73052038108557,68.88052038108557,1.1630543505726871
0.19636907275437138,142.9756479338001,28.12564793380011,1.1268858400509647
0.24459036265325224,178.08540361370834,63.23540361370834,1.1580445087320255
0.2651697980518722,193.06921989882122,78.21921989882122,1.1713421167091977
0.16854723461016882,122.71866306555475,7.868663065554756,1.1089084811157066
0.21543584870259147,156.8581020645241,42.00810206452411,1.1392060279976666
0.22011735977861213,160.26669421202874,45.416694212028744,1.142231033194548
0.001,0.7280965680000001,0.0,1.00064616
0.26189772636022185,190.68683572988067,75.83683572988068,1.169227834864921
0.27588264859780565,200.86920961481232,86.01920961481233,1.178264332217958
0.1175150875937791,85.56233196524994,0.0,1.0759335489995963
0.26534655925526757,193.19791912436895,78.34791912436896,1.1714563327283838
0.26439784100391245,192.50716062155834,77.65716062155835,1.170843308943088
0.181327872909555,132.02420194818717,17.174201948187175,1.117166818359238
0.17295947366901895,125.93119918149907,11.081199181499073,1.1117594935059734
0.06235058452313027,45.39724660408507,0.0,1.040288453695466
0.2173241047358637,158.23293480185492,43.38293480185493,1.1404261435161258
0.13265703667994772,96.58713312772005,0.0,1.085717670821115
0.2083442484287464,151.69473224350966,36.84473224350967,1.1346237195647189
0.2283452590191604,166.25739941092172,51.40739941092173,1.1475475725678206
0.24334093767046677,177.1757015717688,62.3257015717688,1.1572371802851489
0.24256584787291463,176.61136135027925,61.76136135027926,1.1567363482615625
0.23073655996838324,167.99849742510605,53.14849742510606,1.1490927355891705
0.001,0.7280965680000001,0.0,1.00064616
0.20763860345087443,151.18095455689462,36.330954556894625,1.134167760005817
0.2542470022404487,185.11636975555905,70.26636975555905,1.1642842429676883
0.05833186340825472,42.47122955259505,0.0,1.0376917168598778
0.1744411009274114,127.00996690338988,12.159966903389886,1.112716861775256
0.2235489543198639,162.7652264202817,47.9152264202817,1.1444483923233233
0.040273984960254944,29.323350229245243,0.0,1.0260234381219184
0.1665594569825264,121.2713689969211,6.421368996921103,1.1076240587238293
0.001,0.7280965680000001,0.0,1.00064616
0.20663351713824316,150.44915466212404,35.59915466212405,1.1335183134340472
0.2759031015655212,200.88410135041144,86.03410135041145,1.1782775481075771
0.15909922103481025,115.83959680691876,0.9895968069187688,1.102803552663853
0.2500843876490057,182.08558435762265,67.23558435762266,1.1615945279232816
0.22712939009966868,165.37212942350195,50.52212942350195,1.1467619267068019
0.15062708926262403,109.67106673994621,0.0,1.097329199997937
0.1776684652341704,129.3597997788268,14.509799778826817,1.1148022554957115
0.18348451224639123,133.59444364775143,18.74444364775144,1.1185603524331282
0.0731133584578379,53.23358536810555,0.0,1.0472429277011166
0.21976859841036508,160.01276225675707,45.16276225675708,1.1420056775488416
0.06567841914034381,47.820231567749836,0.0,1.0424387673117246
0.09264891406755464,67.45735636151346,0.0,1.0598660223138912
0.11684877720507948,85.077193658015,0.0,1.0755030058788342
0.21564075522923945,157.00729380333732,42.157293803337325,1.1393384303989254
0.2490644030483652,181.34293707048346,66.49293707048346,1.1609354546737316
0.11427420390418513,83.20265567356941,0.0,1.0738394195947283
0.18249477746867698,132.87382115286746,18.02382115286747,1.1179208254091604
0.2119385828468299,154.31175479756052,39.46175479756053,1.1369462346923076
0.18889746368730234,137.53559501462948,22.685595014629484,1.1220579851361874
0.10799502030228976,78.6308036431875,0.0,1.0697820623185275
0.26827716584307154,195.33168372310723,80.48168372310724,1.1733499734811592
0.23202165813497122,168.93417298974182,54.08417298974183,1.149923114620493
0.2650572560121533,192.9872784259462,78.13727842594619,1.171269396544813
0.26277710545954547,191.32710863406913,76.47710863406914,1.16979605446374
0.16797828657793806,122.30441395591718,7.45441395591719,1.1085408496552005
0.22970963523713903,167.2507970526928,52.40079705269281,1.1484291779048297
0.20145467920084417,146.67846053367563,31.82846053367564,1.1301719555124174
0.009121387784905744,6.641251141586996,0.0,1.0058938759310947
0.25964884076607064,189.04942984695455,74.19942984695456,1.1677746949494043
0.001,0.7280965680000001,0.0,1.00064616
0.04318592880133907,31.443526546147332,0.0,1.0279050197542732
0.2691559581233197,195.9715293663408,81.12152936634081,1.1739178139009643
0.20477135079262782,149.0933177368364,34.24331773683642,1.1323150560281645
0.23238483785816488,169.19860289976634,54.34860289976635,1.1501577868304318
0.2505785008158022,182.44534645857078,67.59534645857079,1.1619138040871388
0.1367855218838061,99.59306903568812,0.0,1.0883853328204403
0.11034015719092814,80.33828976329531,0.0,1.0712973959704901
0.23991227802537013,174.67930625133383,59.82930625133383,1.1550217175688733
0.17933099870959582,130.57028469646914,15.72028469646915,1.1158765181261925
0.21797117932541663,158.7040675897484,43.85406758974841,1.1408442572329112
0.2563861273924656,186.67385943726498,71.82385943726499,1.1656664600759155
0.001,0.7280965680000001,0.0,1.00064616
0.001,0.7280965680000001,0.0,1.00064616
0.22034193488396117,160.4302065754916,45.580206575491616,1.1423761446446203
0.23647835136269707,172.17907603347786,57.32907603347786,1.1528028515165203
0.2088305796524002,152.04882833836325,37.198828338363256,1.134937967348195
0.25222820991492184,183.64649399183816,68.79649399183816,1.162979780118626
0.23334008019234903,169.89411156489413,55.04411156489414,1.1507750262170884
0.001,0.7280965680000001,0.0,1.00064616
0.19339089743147914,140.8072487023,25.957248702300006,1.1249614622843245
0.2947056501197026,214.57417242236428,99.72417242236429,1.190427002881347
0.2009158640730678,146.28615108835518,31.43615108835519,1.1298237947294536
0.21288084201717497,154.9978104656553,40.14781046565531,1.1375550848778178
0.15551758852436293,113.23182246822483,0.0,1.1004892450009023
0.001,0.7280965680000001,0.0,1.00064616
0.21496548301389443,156.51563042087884,41.66563042087884,1.138902096504258
0.0027034954403423695,1.968405751716928,0.0,1.0017468906137317
0.001,0.7280965680000001,0.0,1.00064616
0.19418404504352071,141.38473675654484,26.534736756544845,1.1254739625453214
0.2496171444228094,181.7453861682079,66.89538616820789,1.1612926140402426
0.19410937776269901,141.33037176563667,26.480371765636676,1.1254257155351457
0.06203356843277754,45.16642827669847,0.0,1.0400836105785236
0.23509068203225353,171.16871875646305,56.318718756463056,1.151906195101961
0.24971975931964438,181.8200997224191,66.97009972241909,1.1613589196819813
0.25611417535622455,186.4758520930173,71.6258520930173,1.165490735548178
0.2480163784816777,180.5798739802986,65.7298739802986,1.160258263119721
0.22735090024071153,165.53341019697245,50.68341019697246,1.146905057699538
0.2823149065236615,205.55251453511875,90.70251453511875,1.1824205999993291
0.2805657276954654,204.27894343349092,89.42894343349093,1.181290350607702
0.2219667751883363,161.61324722465523,46.76324722465523,1.1434260514556953
0.10695595865576106,77.87426642440953,0.0,1.0691106622450066
0.1377365457389115,100.2855062406765,0.0,1.088999846394655
0.26214844301103946,190.86938166288144,76.01938166288144,1.1693898379360133
0.05323951326358487,38.76350688920663,0.0,1.034401243890398
0.23245809099096182,169.25193825435102,54.40193825435102,1.1502051200747199
0.22578707756713826,164.39479627538316,49.54479627538316,1.145894578040782
0.24480730483812968,178.24335847397202,63.39335847397203,1.158184688094206
0.21162928424449942,154.0865555467165,39.23655554671652,1.1367463783074259
0.23439629914939908,170.6631409625788,55.813140962578814,1.1514575126583757
0.20581345118393732,149.8520674552603,35.00206745526032,1.132988419617013
0.22215510281646417,161.75036792435472,46.900367924354725,1.1435477412358865
0.2414859530672726,175.82509364849028,60.97509364849029,1.156038563433949
0.19160724311751148,139.50857611780174,24.658576117801744,1.1238089362128112
0.001,0.7280965680000001,0.0,1.00064616
0.20110879552837704,146.42662381882508,31.576623818825084,1.1299484593186162
0.04073868316250138,29.661695395456643,0.0,1.026323707512282
0.19483520146578223,141.85884151282463,27.00884151282463,1.1258947137791298
0.16213443969868796,118.04952909921765,3.1995290992176564,1.1047647895557042
0.14878003700845602,108.32623433276983,0.0,1.0961357087133838
0.2401989896927689,174.88806003237244,60.03806003237244,1.1552069791798796
0.26844085720824734,195.45086684430296,80.60086684430297,1.173455744293681
0.2363179142043475,172.06226228910387,57.212262289103876,1.1526991834422813
0.21250103899203462,154.72127718653462,39.87127718653463,1.1373096713550932
0.29341461021231047,213.634170696641,98.78417069664101,1.1895927845347867
0.2746441153309526,199.9674377938628,85.11743779386282,1.1774640415622484
0.03448544313069981,25.10873278942171,0.0,1.022283113933333
0.13122331303507803,95.54324386242999,0.0,1.084791255950746
0.24022950857334993,174.91028072458266,60.06028072458267,1.1552266992597557
0.19689043859882166,143.3552526158168,28.5052526158168,1.1272227258050147
0.2556309069489987,186.12398602429332,71.27398602429332,1.165178466834165
0.22353456724168166,162.75475123803366,47.90475123803367,1.144439095968885
0.17000357513337958,123.77901960234382,8.929019602343828,1.1098495101081847
0.22803683039671688,166.03283358944765,51.182833589447654,1.1473482783291427
0.2573118189735145,187.3478523004532,72.49785230045322,1.1662646049479262
0.22199156500325792,161.631296603821,46.781296603821005,1.1434420696425052
0.27964878862329107,203.6113232419757,88.7613232419757,1.1806978612568257
0.26797957317729987,195.11500752449692,80.26500752449692,1.1731576810042441
0.23211875182961372,169.00486657558548,54.15486657558549,1.1499858526822233
0.22966232238509451,167.2163487274969,52.3663487274969,1.1483986062323526
0.27778110787608107,202.2514712998124,87.40147129981241,1.1794910406652086
0.25233328418283985,183.7229982056944,68.87299820569442,1.1630476749075838
0.2613232826474947,190.26858523413486,75.41858523413487,1.1688566523155053
0.1606526523984891,116.9706448514369,2.120644851436907,1.1038073178738077
0.19551775228922497,142.35580442485883,27.505804424858837,1.1263357508192056
0.19422546284384848,141.4148929148176,26.56489291481762,1.125500725071181
0.23360254717805826,170.08521287640232,55.23521287640233,1.150944621884574
0.23719091744199866,172.6978929502906,57.8478929502906,1.153263283214322
0.24420796005473022,177.80697759413016,62.956977594130166,1.1577974154689645
0.2532846592277164,184.41569111074986,69.56569111074987,1.1636624154065813
0.19479638972498262,141.8305828175503,26.9805828175503,1.1258696351846949
0.23061011583636062,167.90643388653663,53.05643388653664,1.1490110324488227
0.13567398979229917,98.78376633464006,0.0,1.087667105244192
0.20598837939621967,149.97943208626947,35.129432086269475,1.1331014512306612
0.27419917953471745,199.64348156764362,84.79348156764362,1.177176541848153
0.07909147712277909,57.58623305114597,0.0,1.051105748857655
0.2472857588792331,180.04791235524516,65.19791235524517,1.1597861659574054
0.18106746702781792,131.8346013194074,16.984601319407403,1.1169985544946948
0.19386534618881773,141.15269321421007,26.30269321421008,1.1252680320933666
0.2887185254506327,210.21496749862632,95.36496749862633,1.1865583624051808
0.18323563243917287,133.41323511427126,18.563235114271265,1.118399536256896
0.02302900061639902,16.76733631327001,0.0,1.0148804190382923
0.2019057767648997,147.00690312189764,32.15690312189764,1.1304634367144075
0.2165359434665018,157.65907728660198,42.80907728660199,1.1399168652303149
0.25137122518262867,183.02252634942712,68.17252634942713,1.1624260308640073
0.11469432791516343,83.5085465240971,0.0,1.074110886925662
0.15671579099439736,114.10422957442603,0.0,1.1012634755089399
0.27579991977301155,200.80897504140506,85.95897504140507,1.1782108761605292
0.26929846982366856,196.07529164626467,81.22529164626468,1.1740098992612618
0.24340198624077025,177.22015082628806,62.37015082628807,1.157276627429336
0.001,0.7280965680000001,0.0,1.00064616
0.0960098022455312,69.90440750932996,0.0,1.0620376938189724
0.001,0.7280965680000001,0.0,1.00064616
0.2020913862732348,147.1420447679046,32.2920447679046,1.1305833701543135
0.19631366759271093,142.93530762574565,28.085307625745656,1.126850039451706
0.18962304624094267,138.06388918173565,23.213889181735652,1.1225268275590476
0.190811717835065,138.92935688989522,24.079356889895223,1.1232948995963057
0.13225837334846077,96.29686772427696,0.0,1.0854600705228414
0.23987722407977088,174.65378359384815,59.80378359384815,1.1549990671113848
0.2605865212402068,189.7321517820537,74.88215178205371,1.168380586564572
0.22979342858608454,167.31180670248125,52.461806702481255,1.1484833218151844
0.15340652962752324,111.69476773059,0.0,1.0991251631841203
0.30238863330332527,220.16812611036164,105.31812611036165,1.1953914392952767
0.16271334978881283,118.47103154901815,3.6210315490181557,1.1051388580995394
0.20086125962767945,146.24639377907036,31.396393779070365,1.1297885115210213
0.001,0.7280965680000001,0.0,1.00064616
0.24763493379025825,180.3021454095943,65.4521454095943,1.1600117888179133
0.1971341886002774,143.5327261553267,28.68272615532672,1.1273802273059552
0.2428728617114045,176.83489707241222,61.984897072412224,1.1569347283234412
0.269686830901776,196.35805601437946,81.50805601437946,1.1742608426554915
0.2519130101415316,183.41699811859837,68.56699811859838,1.162776110633052
0.2546544881248581,185.41305882950593,70.56305882950593,1.1645475440467583
0.2398993348697811,174.66988238417036,59.81988238417037,1.1550133542194578
0.27527618783726115,200.4276476164332,85.57764761643321,1.1778724615329246
0.17293680679196988,125.91469550611238,11.064695506112386,1.1117448470766993
0.24304050470364194,176.95695735970958,62.10695735970958,1.1570430525193052
0.1998843429534051,145.53510410130923,30.685104101309236,1.1291572670427723
0.26285583449469646,191.3844309743645,76.53443097436451,1.1698469260170932
0.0543370372834159,39.56261036134316,0.0,1.0351104200110521
0.25069807742251493,182.53240977553142,67.68240977553143,1.1619910697073323
0.2108975650487013,153.55379331151616,38.703793311516165,1.136273570631869
0.26483063533955936,192.8222766919927,77.9722766919927,1.1711229633310096
0.2222201003639765,161.79769241562684,46.94769241562685,1.143589740051187
0.2202940354892894,160.39533119062185,45.54533119062185,1.1423451939717593
0.23268543260804095,169.41746490550992,54.56746490550992,1.1503520191340117
0.29305465858183083,213.37209114984282,98.52209114984282,1.1893601981892359
0.17951537986031554,130.70453197951207,15.854531979512075,1.1159956578505414
0.001,0.7280965680000001,0.0,1.00064616
0.219977114581533,160.16458216535693,45.31458216535694,1.1421404123580035
0.13970698038408866,101.72017294329828,0.0,1.0902730624449828
0.18626948745948463,135.6221745423698,20.77217454236981,1.1203598920168205
0.28344232692677024,206.37338546131542,91.52338546131543,1.183149093967002
0.1738314589582923,126.56608867796548,11.716088677965487,1.1123229355204902
0.001,0.7280965680000001,0.0,1.00064616
0.19467179052759917,141.73986256955988,26.88986256955988,1.1257891241673135
0.16435313127347115,119.66495082026782,4.814950820267825,1.106198419303666
0.24490090290584882,178.31150690584977,63.461506905849774,1.1582451674216432
0.001,0.7280965680000001,0.0,1.00064616
0.21727203869100678,158.19502569328526,43.345025693285265,1.1403925005205808
0.27341562648406953,199.07297928062096,84.22297928062096,1.1766702412089465
0.2695955564064378,196.2915993675778,81.4415993675778,1.1742018647275838
0.2599388102062259,189.26055560115645,74.41055560115646,1.167962061602855
0.23942419877883725,174.3239374270212,59.47393742702121,1.1547063402829334
0.2676634034791151,194.884805452343,80.034805452343,1.172953384792065
0.20022766849888235,145.78507825267795,30.935078252677954,1.129379110277238
0.2095693708911733,152.5867397037824,37.736739703782405,1.1354153446950406
0.12938008320756833,94.20119455098494,0.0,1.0836002345654023
0.21224323419202928,154.53357039643677,39.68357039643678,1.1371430882055216
0.2374717037084586,172.9023324672416,58.0523324672416,1.1534447160682577
0.22498720389483773,163.8124109997476,48.96241099974762,1.1453777316686884
0.21888833984356706,159.37184901531884,44.52184901531885,1.1414368896733194
0.2618038866705334,190.61851137387632,75.76851137387632,1.169167199411032
0.2614890426070096,190.3892744917695,75.5392744917695,1.1689637597709455
0.11453214133316485,83.39045903036828,0.0,1.0740060884438378
0.2425380841766269,176.59114669829717,61.74114669829717,1.1567184084715691
0.28433876749291276,207.02608076093975,92.17608076093975,1.1837283380032204
0.2266120982293278,164.99549098805247,50.14549098805247,1.1464276733918624
0.2839092885629898,206.71337862603454,91.86337862603455,1.1834508258978615
0.2451514672413172,178.49394193856747,63.64394193856748,1.1584070720726496
0.2004320440424476,145.93388338453096,31.083883384530964,1.1295111695784679
0.08264303315620573,60.172108810143605,0.0,1.0534006223042138
0.22968352191602454,167.23178403321026,52.381784033210266,1.1484123045212584
0.28419198763058595,206.9192108469281,92.06921084692812,1.1836334947273794
0.18454452596861873,134.3662360009382,19.516236000938193,1.1192452908998827
0.1803181281842737,131.28901027915376,16.439010279153763,1.1165143617075504
0.19608387362905214,142.76799542945858,27.917995429458585,1.1267015557841484
0.19264714296821647,140.26572363016376,25.415723630163768,1.1244808779003428
0.2223227175827795,161.87240766045502,47.02240766045503,1.1436560471932888
0.23132060701679033,168.42374007660175,53.57374007660175,1.1494701234299693
0.2715929612426299,197.74590297371586,82.89590297371586,1.1754925078365377
0.27142607724767914,197.62439530973808,82.77439530973808,1.1753846740743603
0.22633285001382783,164.7921713207268,49.9421713207268,1.146247234364935
0.09367028285673075,68.2010114715749,0.0,1.0605259899707051
0.2636569122562824,191.96769294327638,77.11769294327638,1.1703645504235194
0.2654543918172432,193.27643164266206,78.42643164266207,1.1715260098166298
0.2566169249963673,186.84190238056843,71.99190238056843,1.1658155922556528
0.11392375846182942,82.94749754971896,0.0,1.0736129757676958
0.08266933699530647,60.19126054511808,0.0,1.0534176187928872
0.21950260462292479,159.81909309301247,44.969093093012475,1.1418338030031492
0.21809088398474602,158.79122414137976,43.94122414137976,1.1409216055955835
0.25380159786535467,184.79207235868085,69.94207235868086,1.1639964404766776
0.2553813379731719,185.94227570951455,71.09227570951455,1.1650172053447447
0.1730564610275152,126.00181534435957,11.151815344359576,1.1118221628575393
0.21195763404812284,154.3256259118382,39.47562591183819,1.1369585448165351
0.26822717777189337,195.29528758004147,80.44528758004148,1.1733176731890866
0.22934700376205008,166.98676632023177,52.13676632023177,1.1481948599508862
0.2357833718757361,171.67306385419118,56.82306385419119,1.1523537835712256
0.2672274544364797,194.56739245057727,79.71739245057728,1.1726716919586757
0.1306176530824737,95.10226492956373,0.0,1.0843999027157711
0.23303547705888947,169.67233106882017,54.822331068820176,1.150578203856372
0.24561572214394864,178.8319643398506,63.981964339850606,1.1587070550205338
0.2887249324750764,210.2196324311349,95.3696324311349,1.1865625023680955
0.2554500960475253,185.9923382274735,71.14233822747352,1.165061634062069
0.2443336536395033,177.89849466182307,63.04849466182307,1.1578786336357014
0.2766396564404795,201.42038442701224,86.57038442701224,1.1787534804055801
0.16819972514805243,122.46564261884026,7.615642618840269,1.1086839344016655
0.07698901669894483,56.05543883219642,0.0,1.0497472230301903
0.2473104795530517,180.06591139301113,65.21591139301114,1.1598021394679998
0.22034813839146877,160.43472332801744,45.584723328017446,1.1423801531030315
0.0369168146541327,26.879006051166126,0.0,1.0238541689569143
0.2542158867428573,185.0937146685511,70.24371466855109,1.1642641373777647
0.23888009124173057,173.9277745966309,59.07777459663092,1.1543547597567567
0.10466465298863978,76.20597463193958,0.0,1.0676301121751395
0.273169684175753,198.89390953000967,84.04390953000967,1.1765113231270046
0.1887553752393256,137.43214090330514,22.582140903305145,1.1219661732646427
0.19890939379409225,144.8252469644391,29.975246964439094,1.1285272938939908
0.26156766080525884,190.4465161320971,75.5965161320971,1.169014559705926
0.23779199486549607,173.13553535944132,58.285535359441326,1.153651675402289
0.23970862920695887,174.53103024557134,59.68103024557135,1.1548901278483685
0.3098835251477436,225.62513113981385,110.77513113981385,1.200234338609466
0.14940462102790936,108.78099181376145,0.0,1.096539289923394
0.21049638680404875,153.26169680842838,38.41169680842839,1.1360143452973042
0.24263233811305773,176.65977266593296,61.80977266593297,1.1567793115951335
0.08614603597385284,62.7226331393668,0.0,1.0556641226048649
0.25058773266712203,182.45206813783307,67.60206813783307,1.1619197693401877
0.15097509072143198,109.92444540776329,0.0,1.0975540646205606
0.24843678909453656,180.8859735046719,66.03597350467192,1.1605299156413258
0.28289608658133825,205.97566974050324,91.12566974050324,1.1827961353053975
0.3074483511211723,223.85208928858452,109.00208928858453,1.1986608265604568
0.2185071445485791,159.0943020293004,44.2443020293004,1.14119057652151
0.21330105303152128,155.30376466303665,40.45376466303665,1.1378266084268478
0.14399444861444935,104.84186384723294,0.0,1.0930434529167126
0.1690966908927977,123.11872029920286,8.268720299202869,1.1092635177872903
0.15434464765616232,112.37780824762103,0.0,1.099731337529506
0.20650185928547626,150.35329503137422,35.50329503137422,1.1334332413959034
0.2475707877060959,180.255440865865,65.40544086586502,1.159970340184171
0.22360964017785234,162.8094115852092,47.95941158520921,1.1444876050973212
0.2475280599608305,180.2243309411789,65.3743309411789,1.1599427312242903
0.27328056025154646,198.9746380202682,84.12463802026821,1.1765829668121393
0.2667514367045539,194.22080557365496,79.37080557365496,1.1723641083410146
0.2699425805431642,196.54426645054147,81.69426645054148,1.174426097843771
0.19398384673945793,141.23897305843732,26.38897305843733,1.1253446024091682
0.16975824886653043,123.6003983894107,8.750398389410705,1.1096909900875973
0.0678614124081308,49.40966147399266,0.0,1.0438493302416378
0.24737253382779043,180.1110928974781,65.26109289747811,1.159842236458165
0.275089718034732,200.29187959317608,85.44187959317608,1.1777519722053225
0.21082973667618138,153.5044077062714,38.6544077062714,1.1362297426506813
0.25033983970441837,182.27157812245716,67.42157812245716,1.161759590823407
0.1850880012464459,134.761938485517,19.911938485517,1.1195964628854034
0.26567758113419876,193.43893501835169,78.58893501835169,1.171670225825674
0.2788788194949684,203.05071136217802,88.20071136217803,1.1802003380048687
0.2033004784059892,148.02238060015884,33.172380600158846,1.131364637126814
0.14719798568001505,107.17434819013212,0.0,1.0951134504269986
0.2437889940566487,177.50192988881832,62.65192988881833,1.1575266963996442
0.24821517353036102,180.7246159729803,65.87461597298031,1.160386716528378
0.22680917100961528,165.138979003026,50.288979003026014,1.146555013939573
0.1531168008137865,111.48381717565758,0.0,1.0989379520138363
0.2532403592240884,184.3834364301459,69.53343643014591,1.163633790516237
0.2447494419615147,178.20122871209406,63.35122871209407,1.1581472994178523
0.12907823663408166,93.98142109676674,0.0,1.0834051933834783
0.26012593397357003,189.39679977395096,74.54679977395097,1.168082973496362
0.2299286153931818,167.41023575276765,52.56023575276765,1.1485706741224584
0.20186702927869352,146.9786912101723,32.12869121017229,1.1304383996387206
0.07154771675598005,52.09364701826517,0.0,1.0462312726590441
0.19093849363317256,139.0216619134028,24.1716619134028,1.1233768170460108
0.23591509598946986,171.76897172932357,56.91897172932357,1.152438898424556
0.30504415784514755,222.1016044155022,107.25160441550221,1.1971073330332205
0.15932893434096956,116.00685027675729,1.1568502767572966,1.102951984213761
0.19315779692124618,140.63752902080034,25.78752902080035,1.1248108420586325
0.10497759698895381,76.43382808454442,0.0,1.0678323240703824
0.1932552499806231,140.70848425887374,25.858484258873744,1.1248738123274795
0.1830682735602054,133.2913816888707,18.441381688870706,1.1182913956436624
0.16346759060407992,119.02019169805965,4.170191698059654,1.1056262183447323
0.23967609192547645,174.50733996259194,59.65733996259195,1.1548691035585659
0.11808631775577223,85.97824268573522,0.0,1.0763026550810697
0.18241143094810708,132.81313683728575,17.96313683728576,1.1178669702214288
0.2659270145475824,193.62054663058083,78.77054663058084,1.1718313997200658
0.23675128215354266,172.37779600559406,57.52779600559407,1.152979208476333
0.22402674304581502,163.11310275187577,48.26310275187578,1.144757120286484
0.18773603112869727,136.68995995474566,21.839959954745666,1.121307513874119
0.15633215514124846,113.82490562638657,0.0,1.101015585366069
0.16671845608990596,121.38713570131924,6.537135701319244,1.1077267975870537
0.2531463058449155,184.31495648756132,69.46495648756132,1.1635730169847507
0.2694881350069811,196.21338621530361,81.36338621530362,1.174132453316111
0.26177240110082456,190.5955868386298,75.7455868386298,1.1691468546953088
0.28463127769935914,207.23905643835835,92.38905643835835,1.183917346398218
0.12792994038802152,93.14535054096307,0.0,1.082663210281124
0.1750773785426532,127.47323845134265,12.623238451342658,1.1131279989191207
0.1640828625587179,119.46816909661823,4.618169096618232,1.1060237824709411
0.21857798727200853,159.1458823730971,44.2958823730971,1.141236352255681
0.26308895515358516,191.55416532603127,76.70416532603127,1.1699975592620406
0.001,0.7280965680000001,0.0,1.00064616
0.23613387614847905,171.92826481224466,57.07826481224467,1.1525802654121011
0.17103371428996592,124.52906038681675,9.679060386816758,1.1105151448256043
0.25332121284626086,184.44230567496004,69.59230567496004,1.16368603489274
0.17410008199221894,126.76167218705322,11.911672187053227,1.1124965089800922
0.2615951674832311,190.46654364992574,75.61654364992575,1.1690323334209647
0.11959349410719174,87.07561261457452,0.0,1.077276532152303
0.12214839341603273,88.93582603292722,0.0,1.0789274058897038
0.26171237518259394,190.55188217357502,75.70188217357503,1.1691080683479849
0.2607168167498947,189.82701949548326,74.97701949548326,1.168464778311112
0.11093432264255713,80.77089958945054,0.0,1.0716813219187147
0.19218289851506445,139.9277088371107,25.07770883711072,1.1241809017044941
0.2634388967292313,191.80895658625977,76.95895658625977,1.1702236775105601
0.24572102632728765,178.90863595433578,64.05863595433578,1.1587750983716403
0.057764155686904683,42.057883509052985,0.0,1.0373248868386504
0.053398985438769406,38.87961803264998,0.0,1.0345042884311153
0.17662341456374114,128.59890197230115,13.748901972301155,1.114126985554507
0.22502433676270098,163.83944731339884,48.98944731339884,1.1454017254425868
0.14856939605009153,108.1728673739044,0.0,1.0959996009517272
0.17999396007623644,131.05298459223678,16.20298459223679,1.1163048972428609
0.21143313438349393,153.94373950610475,39.093739506104754,1.1366196341132384
0.17921618427128297,130.48668869797672,15.636688697976723,1.1158023296287323
0.3114461617698414,226.76288150139433,111.91288150139434,1.2012440518892007
0.16611804996602667,120.94998206311654,6.099982063116542,1.1073388391660477
0.27575906923336224,200.77923190368546,85.92923190368546,1.1781844801758294
0.2709642815042646,197.28816341384095,82.43816341384095,1.1750862801367956
0.12691391690265177,92.40558732825795,0.0,1.0820066965458175
0.06848919016102174,49.8667443013393,0.0,1.0442549751144459
0.22888351863880035,166.64930439267457,51.79930439267457,1.1478953744036473
0.2812410958600161,204.77067667623675,89.92067667623675,1.181726746500908
0.17143715446654603,124.82280379477805,9.97280379477806,1.1107758317301033
0.22970782592084285,167.24947969570712,52.39947969570713,1.1484280087970118
0.10010643696463394,72.8871531886583,0.0,1.0646847753090678
0.24449465381234983,178.01571833512006,63.16571833512006,1.157982665507388
0.24285969283224704,176.82530885669328,61.97530885669329,1.1569262191204848
0.20082230691270983,146.21803244098672,31.368032440986724,1.1297633418347166
0.17687906299739758,128.785038719461,13.935038719461005,1.1142921753463984
0.001,0.7280965680000001,0.0,1.00064616
0.001,0.7280965680000001,0.0,1.00064616
0.2059530694809972,149.9537230581796,35.10372305817961,1.133078635375841
0.27431523270257074,199.72797948086313,84.87797948086313,1.177251530763093
0.16572037916202664,120.66043931553031,5.810439315530317,1.1070818801993352
0.2610750666753666,190.08786003670562,75.23786003670563,1.1686962650829549
0.1677449299076365,122.13450776515072,7.284507765150721,1.1083900639091184
0.19747121804158818,143.77811613486003,28.928116134860034,1.1275980022497527
0.14466501793953992,105.33010307143746,0.0,1.093476747991813
0.06305350826211126,45.90904296600286,0.0,1.0407426548986458
0.22306092399372304,162.40989321473862,47.55989321473862,1.1441330466477841
0.22475782146889478,163.64539844265903,48.795398442659035,1.145229513920341
0.001,0.7280965680000001,0.0,1.00064616
0.25707351976727555,187.17434746623348,72.32434746623349,1.1661106255328229
0.24359888733373192,177.3635138363089,62.5135138363089,1.1574038570395642
0.21116772194538036,153.75049362080975,38.900493620809755,1.1364481352122269
0.21817183339784307,158.85016313123734,44.00016313123734,1.1409739118683504
0.25914599369161034,188.68330861781115,73.83330861781116,1.167449775283771
0.2526094212737512,183.92405267388446,69.07405267388447,1.1632261036502471
0.23160363293665148,168.62981027750772,53.77981027750772,1.1496530034583468
0.25324722334303373,184.38843417159237,69.53843417159237,1.1636382258353346
0.2551121532680602,185.74628324956464,70.89628324956465,1.1648432689556898
0.23378653195416213,170.2191715604478,55.369171560447796,1.1510635054875014
0.2181442513619228,158.83008074554533,43.98008074554534,1.1409560894600201
0.2496009124273201,181.73356770800032,66.88356770800033,1.161282125574037
0.22916105220655553,166.85137563086192,52.00137563086193,1.1480747054937879
0.2633930477337057,191.77557408997131,76.92557408997132,1.1701940517236114
0.14977557497415925,109.05108210891206,0.0,1.0967789855253027
0.04278548628759948,31.151965726212246,0.0,1.0276462698195954
0.20448436795714303,148.88436651924502,34.034366519245026,1.1321296191991876
0.19148769051662137,139.42153027939818,24.57153027939819,1.1237316861042201
0.001,0.7280965680000001,0.0,1.00064616
0.2773393123574294,201.92980149892438,87.07980149892438,1.1792055700728765
0.271727809444616,197.84408548678292,82.99408548678292,1.1755796413507331
0.1447437841004764,105.38745244288982,0.0,1.093527643534364
0.0969913493519756,70.61906858886246,0.0,1.0626719302972725
0.001,0.7280965680000001,0.0,1.00064616
0.2547262919617325,185.46533895670345,70.61533895670345,1.1645939408139931
0.001,0.7280965680000001,0.0,1.00064616
0.26919836489913607,196.00240559427266,81.15240559427266,1.1739452154632257
0.16744580116435345,121.91671315377616,7.066713153776163,1.1081967788803586
0.29871467406966246,217.49312900135985,102.64312900135985,1.193017473796853
0.2762697422768791,201.1510511940402,86.30105119404021,1.1785144566696282
0.23348299696468408,169.99816877634092,55.148168776340924,1.1508673733187003
0.23376305725613974,170.20207971338286,55.352079713382864,1.1510483370766273
0.16407302053654582,119.46100315405255,4.611003154052554,1.1060174229498945
0.23173657984466484,168.72660846495845,53.87660846495845,1.1497389084324285
0.2119674487230837,154.33277194299325,39.48277194299325,1.1369648866669078
0.22703054211622975,165.30015854600634,50.45015854600635,1.146698055093823
0.21190126665822837,154.28458500870892,39.43458500870892,1.1369221224638808
0.14604414752189676,106.33424258717875,0.0,1.0943678863627488
0.22436927839254095,163.36250156224563,48.51250156224563,1.1449784529261242
0.1556092341002904,113.29854929753002,0.0,1.1005484627062436
0.24320648595859648,177.0778077417943,62.227807741794294,1.1571503029670067
0.22125978730055093,161.09849176994112,46.248491769941126,1.142969224162124
0.26539992571555826,193.23677506095294,78.38677506095294,1.1714908160003652
0.2674079238106931,194.69879158257118,79.84879158257118,1.1727883040495175
0.2677424123748215,194.94233155814825,80.09233155814826,1.1730044371801147
0.20227954656047978,147.27904362728154,32.429043627281544,1.1307049518055197
0.2531643352536777,184.32808363820416,69.47808363820417,1.1635846668675165
0.001,0.7280965680000001,0.0,1.00064616
0.2781572935730439,202.52537081470174,87.67537081470175,1.179734116815158
0.14676991974352535,106.86267485089625,0.0,1.0948368513414763
0.20547147925119164,149.60307886467584,34.75307886467584,1.13276745103295
0.27051407377430586,196.96036871077092,82.11036871077093,1.1747953739100054
0.22759036258909432,165.70776191099517,50.85776191099518,1.1470597886905691
0.13960139951416184,101.64329987425812,0.0,1.0902048403100708
0.24678550223462567,179.6836772091873,64.8336772091873,1.1594629201239257
0.2334249101524122,169.9558759676797,55.10587596767971,1.1508298399440826
0.1961974361361158,142.8506799011051,28.000679901105116,1.1267749353337126
0.24486740807732138,178.2871194361532,63.43711943615321,1.158223524403242
0.23728008143734738,172.76281294929316,57.91281294929317,1.1533208974215565
0.28329833319446696,206.2685441190119,91.4185441190119,1.1830560509769368
0.2193246560865894,159.68952937442606,44.839529374426064,1.1417188197769106
0.2560370351443802,186.41968656951863,71.56968656951864,1.1654408906288927
0.19176681213518304,139.62475777192753,24.77475777192754,1.12391204332927
0.21428712522943422,156.02172044613727,41.17172044613727,1.1384637688382513
0.032678168714294006,23.79286248940244,0.0,1.0211153254964282
0.2081298809218201,151.53865199742592,36.68865199742592,1.1344852038564432
0.28245504291650086,205.654547361797,90.804547361797,1.1825111505309263
0.2413436593963464,175.72149011504078,60.871490115040785,1.1559466189555432
0.28211809743278526,205.4092185115006,90.5592185115006,1.1822934298371686
0.09179575812493213,66.8361764477212,0.0,1.0593147470700062
0.19997068128299536,145.59796674277075,30.747966742770757,1.1292130554178204
0.001,0.7280965680000001,0.0,1.00064616
0.2661942036977761,193.8150861338437,78.9650861338437,1.172004046661355
0.18566922061817678,135.18512231532935,20.335122315329357,1.119972023594641
0.155881784730356,113.49699247588701,0.0,1.100724574021367
0.19866388555189995,144.64649325588314,29.79649325588315,1.1283686562882158
0.23183474156360354,168.7980796756267,53.9480796756267,1.149802336608738
0.2168370454778009,157.87830862764676,43.028308627646766,1.140111425305936
0.020730385818210833,15.09372276755518,0.0,1.013395146100295
0.1704400692791113,124.09682949180318,9.246829491803183,1.1101315551653905
0.001,0.7280965680000001,0.0,1.00064616
0.2635059253284225,191.8577598792887,77.0077598792887,1.1702669887102135
0.2065671986212916,150.40086837753677,35.55086837753677,1.1334754610611337
0.26272174990621466,191.28680444566922,76.43680444566922,1.1697602859193996
0.2834460367799665,206.3760865926954,91.5260865926954,1.1831514911257432
0.2385091601408626,173.65770093512447,58.80770093512447,1.15411507891662
0.001,0.7280965680000001,0.0,1.00064616
0.17666319071000022,128.62786284788066,13.77786284788067,1.1141526873091738
0.26010582048517467,189.38215521207977,74.53215521207977,1.1680699769647005
0.2723472918152884,198.29512847480598,83.44512847480598,1.1759799260793669
0.2738873530752809,199.41644179271626,84.56644179271626,1.1769750520631235
0.2412901655944447,175.68254146146685,60.83254146146686,1.1559120534005065
0.2025761317822762,147.49498630939104,32.644986309391044,1.1308965933124355
0.24842290383104865,180.87586369198058,66.02586369198059,1.1605209435394703
0.001,0.7280965680000001,0.0,1.00064616
0.23050440645890105,167.8294672516029,52.9794672516029,1.1489427272774835
0.2571516025322783,187.23119925945196,72.38119925945196,1.166161079492257
0.20716608549162457,150.83691585244645,35.98691585244646,1.133862437801268
0.19475135870825927,141.7977958888205,26.947795888820508,1.1258405379429288
0.09438672542013744,68.72265084316044,0.0,1.0609889264974761
0.28349782848301347,206.41379595393477,91.56379595393477,1.183184956852584
0.12951569494109066,94.29993298874308,0.0,1.0836878614431351
0.21333838024782964,155.33094248112377,40.480942481123776,1.1378507277809375
0.26717078622752616,194.52613252212348,79.67613252212348,1.1726350752287784
0.26839415762528346,195.41686503821992,80.56686503821993,1.1734255688911532
0.270798238922936,197.1672683802337,82.31726838023371,1.1749789900624443
0.19431701577447819,141.48155228939945,26.63155228939945,1.1255598829128368
0.17084960247370737,124.39500920527065,9.54500920527066,1.1103961791344108
0.17882424925906532,130.201322160702,15.351322160702011,1.1155490769012377
0.23248226171060501,169.26953687236934,54.41953687236935,1.1502207382269245
0.2461853909452915,179.24673823900503,64.39673823900503,1.1590751522132097
0.13098135826928867,95.3670774278475,0.0,1.0846349144592835
0.2761495314924773,201.06352613448064,86.21352613448065,1.1784367812691792
0.2797628095695977,203.69434150166165,88.84434150166166,1.1807715370314913
0.23042551962934452,167.77203002174238,52.92203002174239,1.1488917537636973
0.20442457001052572,148.84082783953951,33.99082783953952,1.1320909801580012
0.19159215457131235,139.49759019909803,24.647590199098033,1.1237991865977992
0.26339136247420875,191.77434705831539,76.92434705831539,1.1701929627763348
0.1428673743851125,104.02124496897153,0.0,1.0923151826326842
0.2398325738908336,174.62127394452236,59.77127394452236,1.154970215945301
0.2045441305849495,148.92787948344557,34.07787948344557,1.132168235418771
0.20186972659449942,146.98065511655338,32.130655116553385,1.1304401425363018
0.2186880225720467,159.22599869741373,44.375998697413735,1.1413074526651537
0.24143079985325783,175.78493678265193,60.93493678265193,1.1560029256331812
0.1985402993908414,144.55651059616412,29.706510596164122,1.128288799854386
0.21873205849782013,159.25806110383806,44.408061103838065,1.1413359069189515
0.1763030730204941,128.36566239407517,13.515662394075179,1.1139199936629225
0.2201348248105192,160.2794104418203,45.429410441820295,1.1422423183995651
0.24480488277552054,178.24159497849882,63.39159497849883,1.1581831230542303
0.27892584400368514,203.08494974558656,88.23494974558656,1.1802307233614213
0.176927636178435,128.82040468587115,13.97040468587116,1.1143235613930575
0.14675599515654983,106.85253640690856,0.0,1.0948278538303562
0.001,0.7280965680000001,0.0,1.00064616
0.21433973605882517,156.06002621045647,41.210026210456476,1.1384977638517704
0.2644026452337444,192.51065856481088,77.66065856481089,1.1708464132442362
0.14935821745744973,108.74720553336684,0.0,1.0965093057923057
0.1812849375187129,131.99294083746932,17.142940837469325,1.1171390752270915
0.2650992445235684,193.01785011700298,78.16785011700298,1.171296527841349
0.22778169889994535,165.84707322225958,50.99707322225959,1.1471834225611888
0.1935757842523989,140.9418641620801,26.0918641620801,1.12508092875253
0.27476000608376266,200.05181745324674,85.20181745324675,1.1775389255310842
0.22906186464891862,166.77915751055818,51.929157510558184,1.1480106144615452
0.1662796434272923,121.06763770767527,6.21763770767528,1.1074432543969792
0.2943583976371479,214.3213390815867,99.4713390815867,1.1902026222172195
0.001,0.7280965680000001,0.0,1.00064616
0.21240629724434765,154.6522960451974,39.80229604519741,1.1372484530274076
0.23794484892545528,173.2468278759025,58.39682787590252,1.1537504435816721
0.28282221552226955,205.92188447592082,91.07188447592083,1.1827484027818698
0.27449844296672,199.86137424541258,85.01137424541258,1.1773699139073759
0.2649559899828723,192.91354697757168,78.06354697757169,1.1712039624873327
0.21114240989277508,153.7320640021788,38.882064002178794,1.1364317795763155
0.21097899118012875,153.61307939835402,38.76307939835402,1.136326184940952
0.0906580203948641,66.00779351117457,0.0,1.0585795864583454
0.001,0.7280965680000001,0.0,1.00064616
0.22559551322080099,164.25531893226383,49.40531893226384,1.1457707968227528
0.001,0.7280965680000001,0.0,1.00064616
0.24649379873416818,179.4712888916306,64.6212888916306,1.1592744329900702
0.15785301119752498,114.93223570138352,0.08223570138352443,1.1019983017153927
0.17093862880176874,124.4598289691938,9.6098289691938,1.110453704386551
0.15841857722280372,115.34402238336638,0.49402238336638504,1.1023637478582868
0.2516521239174784,183.22704775422673,68.37704775422674,1.1626075363905177
0.2542746723208956,185.13651624616872,70.28651624616873,1.16430212226687
0.25133397896179094,182.99540750386421,68.14540750386422,1.1624019638459508
0.2781304015955408,202.505790858175,87.65579085817501,1.1797167402949746
0.2054598201270256,149.5945898963847,34.744589896384696,1.132759917373279
0.18115034374655248,131.89494357388514,17.04494357388515,1.1170521061152723
0.23793546303004076,173.23999403766356,58.38999403766357,1.1537443787914912
0.23157915840671608,168.61199045625833,53.76199045625833,1.1496371889960837
0.26027341315095354,189.50417885685533,74.65417885685534,1.1681782686416202
0.2485672168568595,180.98093751079116,66.13093751079117,1.1606141928442284
0.15074819782200088,109.75924546638393,0.0,1.097407455504664
0.2521614210866228,183.59786527517292,68.74786527517293,1.1629366238493322
0.2689727124963577,195.83810885424873,80.98810885424874,1.1737994079066465
0.18167031072792356,132.27352974849475,17.423529748494758,1.1173880879799551
0.23496248339654918,171.07537776978447,56.22537776978447,1.1518233582715143
0.2745001474598729,199.8626152810274,85.0126152810274,1.1773710152826715
0.2461360838597545,179.21083791924747,64.36083791924747,1.159043291946819
0.19829817202594874,144.3802184927669,29.530218492766892,1.1281323468362872
0.22328627822587174,162.57397285775036,47.72397285775037,1.1442786615384293
0.21738730042380433,158.2789473653569,43.42894736535692,1.1404669780418455
0.26937399736315915,196.13028298855724,81.28028298855725,1.174058702136179
0.21708359869665633,158.05782318012476,43.20782318012476,1.1402707381338315
0.2662439936415285,193.85133802101075,79.00133802101075,1.1720362189314102
0.23455059860274635,170.77548586500524,55.92548586500524,1.1515572147931505
0.1761440729227796,128.24989496861755,13.39989496861756,1.1138172541597833
0.009116098635309025,6.637400129917986,0.0,1.0058904582941912
0.26176520984217166,190.590350907885,75.74035090788502,1.1691422079916176
0.2577544675005011,187.67014317378244,72.82014317378244,1.1665506267201238
0.1480117741681212,107.76686479540011,0.0,1.0956392879964731
0.1939425305491674,141.20889088208395,26.358890882083955,1.12531790553965
0.2531575427660347,184.3231380512631,69.4731380512631,1.163580277833701
0.19233162085908231,140.03599306537507,25.185993065375072,1.1242770001343045
0.23960928009815982,174.45869450042088,59.60869450042088,1.1548259324282268
0.23507832843883605,171.15972414749334,56.30972414749334,1.1518982127040382
0.001,0.7280965680000001,0.0,1.00064616
0.2853995182618864,207.79840975533284,92.94840975533285,1.1844137527201006
0.24320789097692605,177.07883073081803,62.22883073081803,1.1571512108336506
0.2887344829117914,210.22658607132996,95.37658607132997,1.1865686734782832
0.23152663938133342,168.57375153412252,53.72375153412253,1.1496032533026423
0.22474956666720577,163.63938814987975,48.789388149879755,1.1452241799976817
0.001,0.7280965680000001,0.0,1.00064616
0.2560935107225826,186.4608062441836,71.6108062441836,1.1654773828885039
0.12757039928667394,92.88356989901695,0.0,1.0824308892030772
0.16441279639365913,119.708392789506,4.858392789505999,1.1062369725177268
0.0716902381120565,52.197416328491144,0.0,1.0463233642584864
0.25247937082008126,183.82936338490055,68.97936338490055,1.1631420702491038
0.23473061149870195,170.90655263674623,56.05655263674623,1.1516735319260012
0.24434907096604128,177.9097199643631,63.0597199643631,1.1578885956954172
0.18676759878847043,135.9848476914863,21.1348476914863,1.120681751633158
0.22513053831583166,163.91677229974954,49.066772299749545,1.1454703486381579
0.23575895848738543,171.65528854991982,56.80528854991982,1.152338008616209
0.1806266637589165,131.5136539721571,16.663653972157107,1.1167137250544614
0.2266672481653289,165.03564546718027,50.18564546718028,1.1464633090745089
0.08074303916074375,58.78872970282713,0.0,1.0521729221841063
0.2575512211962019,187.52216023716346,72.67216023716347,1.1664192970881377
0.20502703236892394,149.27947861503844,34.42947861503845,1.1324802672355039
0.2055579682186356,149.66605118504165,34.81605118504166,1.1328233367441536
0.001,0.7280965680000001,0.0,1.00064616
0.24866128844641422,181.04943071229226,66.19943071229227,1.160674978142535
0.1762831444996226,128.3511525064233,13.501152506423296,1.1139071166498762
0.22840679144895945,166.30220096187912,51.45220096187913,1.1475873323626598
0.24640146760854142,179.40406291594218,64.55406291594218,1.159214772309935
0.24234283494359352,176.44898640182092,61.59898640182092,1.1565922462271523
0.2345195868667167,170.7529063264343,55.902906326434305,1.1515371762497977
0.23315670354880755,169.76059566008018,54.91059566008019,1.1506565355650975
0.2290313440281775,166.75693555134333,51.90693555134334,1.1479908932572471
0.2830719861904766,206.1037416422294,91.25374164222941,1.1829097945968383
0.1739522830248673,126.65406026617053,11.804060266170538,1.1124010071993482
0.12029530685905895,87.58660007058769,0.0,1.0777300154800495
0.2675448779468494,194.79850741907993,79.94850741907993,1.1728767983341362
0.255231200265899,185.8329609601218,70.9829609601218,1.1649201923638133
0.1373308705705624,99.99013554287869,0.0,1.0887377153278746
0.20575822562024915,149.8118579118731,34.961857911873096,1.1329527350667803
0.07498632602141043,54.59728662311804,0.0,1.0484531644219945
0.2200190415148644,160.1951090216223,45.34510902162231,1.1421675038652448
0.2822230272735911,205.4856175684721,90.6356175684721,1.1823612313031036
0.23262665526948845,169.37466932703367,54.52466932703368,1.1503140395689326
0.24870495437052992,181.08122372177945,66.23122372177946,1.1607031933160616
0.08766682733151548,63.82991610752503,0.0,1.056646797148532
0.22928800673993235,166.94381079090562,52.09381079090562,1.1481567384350746
0.22874851802072124,166.5510109059733,51.701010905973305,1.1478081424042692
0.20665898739884014,150.46769947145074,35.61769947145075,1.1335347712976345
0.23553228427862336,171.49024783646604,56.640247836466045,1.1521915408094752
0.2158574517227799,157.16506977658173,42.31506977658174,1.1394784510051914
0.001,0.7280965680000001,0.0,1.00064616
0.22934556121145702,166.9857160040958,52.1357160040958,1.1481939278323952
0.001,0.7280965680000001,0.0,1.00064616
0.15905564964557367,115.80787262795262,0.9578726279526251,1.102775398574984
0.13558398305630853,98.7182327390684,0.0,1.0876089464916643
0.27253162680951454,198.42934215146434,83.57934215146435,1.1760990359792358
0.22764249169970613,165.74571693752452,50.895716937524526,1.1470934724366821
0.18326069660001362,133.4314842437592,18.581484243759206,1.1184157317150647
0.28377145125660885,206.6130197563162,91.7630197563162,1.1833617609439704
0.1984828250879218,144.51466375346018,29.66466375346019,1.1282516622588115
0.27848885650762367,202.76678064944528,87.91678064944529,1.179948359520966
0.20422276503492653,148.69389432940042,33.84389432940043,1.131960581854968
0.2303893831789834,167.74571919625475,52.89571919625476,1.148868403834932
0.2508605191005708,182.65068300382404,67.80068300382405,1.162096033022025
0.25865705676465894,188.32731531932936,73.47731531932936,1.1671338437990522
0.08029613086287118,58.46333730493539,0.0,1.051884147918353
0.2120820159232068,154.41618792820825,39.56618792820825,1.1370389154089393
0.001,0.7280965680000001,0.0,1.00064616
0.001,0.7280965680000001,0.0,1.00064616
0.12528712117034646,91.22112293872941,0.0,1.0809555262154311
0.060988891379147425,44.40580249928203,0.0,1.03940858205355
0.295845793769064,215.4043071004913,100.55430710049131,1.1911637181018184
0.20919069244050573,152.31102522347578,37.46102522347579,1.1351706578273573
0.22801864752288256,166.0195947014125,51.16959470141251,1.1473365292833857
0.23201963504312204,168.9326999835097,54.08269998350971,1.1499218073794637
0.001,0.7280965680000001,0.0,1.00064616
0.15143986156770137,110.26284346583849,0.0,1.0978543809505859
0.2210870327451731,160.9727097710642,46.122709771064194,1.142857597078621
0.1495858477648893,108.91294237898639,0.0,1.0966563913917609
0.2418927382849622,176.1212725694032,61.27127256940321,1.1563014117702113
0.20430938240423943,148.75696013872633,33.90696013872633,1.1320165505343234
0.2544656474418825,185.27556457633264,70.42556457633265,1.1644255227510467
0.17944257081417916,130.65151996290084,15.80151996290084,1.11594861155729
0.25464833395050585,185.4085779962812,70.5585779962812,1.164543567465459
0.20908106510380578,152.23120593586557,37.38120593586558,1.1350998210274752
0.19381721283265393,141.11764748278088,26.267647482780887,1.1252369302439478
0.24124207741328518,175.64752862180327,60.79752862180328,1.1558809807413684
0.20194287080434078,147.03391116470794,32.18391116470795,1.1304874053989329
0.2507552329881587,182.57402454671876,67.72402454671877,1.1620280013476287
0.2030154496293877,147.81485212613404,32.96485212613405,1.1311804629325253
0.01958574938930903,14.260316912063999,0.0,1.012655527825396
0.25902732219244007,188.59690430654587,73.74690430654587,1.167373094507867
0.26008784597245344,189.36906803105597,74.51906803105598,1.1680583625535605
0.15769983290433326,114.82070711181854,0.0,1.101899324029464
0.001,0.7280965680000001,0.0,1.00064616
0.11150604813447926,81.18717095795715,0.0,1.0720507480625752
0.22863422989534174,166.4677981141213,51.617798114121314,1.1477342939891741
0.2086731432295382,151.93419941919922,37.08419941919922,1.1348362382291983
0.2137827283209639,155.65447078817024,40.80447078817025,1.138137847731874
0.2679963415993583,195.12721655504842,80.27721655504843,1.1731685160878413
0.22296068569254707,162.33691005167023,47.486910051670236,1.1440682766670962
0.15071149882031407,109.73252504920674,0.0,1.0973837420777341
0.001,0.7280965680000001,0.0,1.00064616
0.19800605020268744,144.16752559581244,29.31752559581244,1.1279435893989684
0.14103010207841524,102.68353330798381,0.0,1.0911280107589887
0.283976576131323,206.762370473607,91.91237047360701,1.1834943044330157
0.27641168356272444,201.2543981571217,86.4043981571217,1.1786061734508901
0.2130745636748782,155.1388585397763,40.2888585397763,1.1376802600641593
0.24467937863572423,178.15021584504333,63.30021584504334,1.1581020272992597
0.2289622534039719,166.70663090497828,51.85663090497829,1.1479462496595105
0.012372253771149285,9.00819550919885,0.0,1.007994455496766
0.2643670847591327,192.48476710528962,77.63476710528963,1.1708234354879612
0.22926507805203972,166.92711649194226,52.07711649194226,1.1481419228341059
0.20027792814548367,145.82167212887728,30.971672128877287,1.1294115860504856
0.1646227879810446,119.86128694359022,5.011286943590221,1.1063726606818318
0.21925703499519114,159.64029468985458,44.79029468985459,1.1416751257324926
0.1295245708573788,94.30639551293034,0.0,1.083693596705204
0.2728565835368926,198.66594202941684,83.81594202941685,1.1763090100181985
0.25935037180243903,188.83211561887984,73.98211561887985,1.1675818362438641
0.22625764602625242,164.73741555547323,49.88741555547324,1.1461986405563234
0.26743532744022147,194.7187440711815,79.86874407118151,1.1728060111787735
0.15671990619654966,114.10722583898975,0.0,1.1012661345879626
0.2169562853644376,157.96512677987565,43.11512677987565,1.140188473351085
0.05166159933832767,37.614633175627446,0.0,1.033381659028454
0.2754453403745347,200.55080699829057,85.70080699829057,1.1779817611364094
0.2300875809137905,167.5259780027532,52.6759780027532,1.148673391283255
0.25907209529172776,188.62950344647595,73.77950344647596,1.1674020250937027
0.238087325043021,173.35056424812404,58.50056424812405,1.1538425059497985
0.26192117867424036,190.7039112792292,75.85391127922921,1.1692429888121472
0.12433568414313732,90.52838490455031,0.0,1.0803407456659295
0.09719869456418659,70.77003592626451,0.0,1.0628059084795949
0.2377295957267988,173.09010276070967,58.240102760709675,1.1536113555748284
0.22196915945766219,161.6149832029686,46.76498320296861,1.143427592075163
0.02874129994717379,20.92644185139582,0.0,1.0185714783738657
0.2476488683906005,180.31229114427992,65.46229114427993,1.1600207927992705
0.22488170245239691,163.73559576158738,48.88559576158738,1.1453095608566408
0.21726158972698054,158.1874178384386,43.3374178384386,1.1403857488179858
0.14392608399214635,104.7920878003615,0.0,1.0929992784323652
0.1621276606345306,118.04459328587045,3.1945932858704538,1.1047604091956083
0.2761258264014777,201.04626653907974,86.19626653907974,1.1784214639875787
0.26512749798977125,193.03842136877935,78.18842136877936,1.1713147841010707
0.24718650854313068,179.97564852615614,65.12564852615614,1.1597220343602292
0.001,0.7280965680000001,0.0,1.00064616
0.2593107035547861,188.80323330390516,73.95323330390517,1.1675562042089607
0.1986038900894333,144.6028107655656,29.752810765565613,1.1283298896201883
0.25870227245002875,188.3602367046669,73.51023670466691,1.1671630603663106
0.13884874656972385,101.09529584851771,0.0,1.0897185060834929
0.08537013197515055,62.157700100814175,0.0,1.0551627644770634
0.20996871606114068,152.877501551483,38.027501551483,1.1356733855700667
0.185041756005945,134.72826748462194,19.878267484621944,1.1195665810608015
0.29081331370859687,211.74017563993675,96.89017563993676,1.187911930785947
0.10736906617815929,78.17504859368266,0.0,1.0693775958016793
0.20396511578119603,148.50630079201147,33.65630079201148,1.1317940992131776
0.223513502322224,162.73941394247134,47.88941394247135,1.1444254846605282
0.2555439287711716,186.06065751152653,71.21065751152653,1.1651222650147803
0.24069065464863537,175.24603959934467,60.396039599344675,1.1555246734077622
0.2645605467344987,192.62562610559212,77.77562610559212,1.1709484428779637
0.12483215560215956,90.88986406997435,0.0,1.0806615456638915
0.24508976245879688,178.44901489818525,63.59901489818526,1.1583672009103763
0.26512226990171783,193.03461481581047,78.18461481581048,1.171311405919694
0.19482946574849017,141.85466535674925,27.004665356749257,1.1258910075880444
0.2258754293093336,164.4591248756524,49.60912487565241,1.145951667402519
0.2618852659366004,190.67776333820606,75.82776333820607,1.1692197834375937
0.20879796270348153,152.0250800497969,37.17508004979692,1.1349168915804817
0.23735760217258586,172.8192555305691,57.969255530569114,1.1533709882198382
0.17373564262072178,126.49632513142205,11.64632513142206,1.1122610228358056
0.20860002527973212,151.8809624908862,37.030962490886196,1.1347889923347516
0.29754040318141883,216.63814639772735,101.78814639772736,1.1922587069197057
0.22794562560916806,165.96642769664817,51.116427696648174,1.1472893454436202
0.22190986246471767,161.57180926591298,46.72180926591298,1.143389276730202
0.001,0.7280965680000001,0.0,1.00064616
0.28271414662477135,205.8431998825448,90.99319988254481,1.1826785729830622
0.27569545930818085,200.73291773547015,85.88291773547016,1.1781433779865742
0.21916181367589133,159.57096437407193,44.72096437407194,1.141613597524814
0.2339257084417624,170.32050548341584,55.47050548341585,1.1511534357667292
0.27287830192076984,198.68175511018035,83.83175511018035,1.1763230435691248
0.20506979542797188,149.3106142515684,34.460614251568416,1.1325078990137383
0.2710696793864516,197.36490325013577,82.51490325013577,1.1751543840323495
0.11903347345665498,86.6678635009096,0.0,1.0769146692087521
0.21040889342090846,153.19799317644123,38.347993176441236,1.1359578105728543
0.26885934202682116,195.75556420446665,80.90556420446666,1.1737261524440508
0.23814167749022289,173.39013807839416,58.540138078394165,1.1538776263270825
0.2130261565513558,155.10361347927287,40.25361347927287,1.1376489813172241
0.058848810320405405,42.84761682517016,0.0,1.0380257472766332
0.17092035758358812,124.44652575794329,9.596525757943297,1.1104418982562114
0.19133809044567132,139.3126069811669,24.462606981166914,1.123635020522375
0.23129297818745542,168.40362362078517,53.553623620785174,1.1494522707856063
0.25295096175435433,184.17272712564466,69.32272712564466,1.1634467934471937
0.17138999288793041,124.78846561124655,9.938465611246556,1.110745357804465
0.02420128201719053,17.620870377916543,0.0,1.0156379003882279
0.18601910367645236,135.43987096926116,20.58987096926117,1.1201981040315765
0.20867932619608456,151.93870121592167,37.088701215921674,1.134840233414862
0.001,0.7280965680000001,0.0,1.00064616
0.024907303149326,18.134921941159853,0.0,1.0160941030029684
0.27717094979482937,201.80721729491557,86.95721729491558,1.179096780919427
0.21081342069835357,153.4925280988114,38.6425280988114,1.136219199918448
0.001,0.7280965680000001,0.0,1.00064616
0.19819918302292766,144.30814493939752,29.458144939397528,1.1280683841020949
0.16908184735332843,123.10791276905833,8.257912769058336,1.1092539264858268
0.0953192736192095,69.40163598639937,0.0,1.0615915018417885
0.19950101121472344,145.25600157796967,30.406001577969676,1.1289095734065058
0.23712929265863056,172.65302415701652,57.80302415701652,1.1532234637443008
0.24438607798370537,177.93666464691626,63.08666464691626,1.157912508149951
0.16423575653305234,119.57949067459899,4.729490674598992,1.106122576441397
0.18298191296334937,133.2285028346894,18.378502834689414,1.1182355928803978
0.2597598438014153,189.13025077602657,74.28025077602658,1.1678464206707226
0.2543629728827556,185.20080758221144,70.35080758221144,1.1643591785579215
0.23639498937873474,172.1183804590532,57.26838045905322,1.1527489863369633
0.1988779024360955,144.80231821475996,29.95231821475997,1.1285069454381076
0.3004548219193099,218.76012467850072,103.91012467850072,1.1941418877313814
0.2590078326531298,188.58271403986217,73.73271403986217,1.1673605011471464
0.037337431507487424,27.18525573853666,0.0,1.024125954742878
0.13561806393830528,98.74304691228464,0.0,1.0876309681943754
0.24381221231864839,177.51883502569524,62.668835025695245,1.157541699111818
0.23785776950842694,173.18342565122072,58.33342565122072,1.1536941763455653
0.25266345651869726,183.96339555028072,69.11339555028073,1.1632610190641215
0.32276099873118985,235.00117546043168,120.15117546043169,1.2085552469401457
0.23684232109099532,172.44408114350773,57.594081143507736,1.1530380341961575
0.24690360325775842,179.76966615880752,64.91966615880753,1.1595392322810332
0.2928524809989298,213.22488634560602,98.37488634560603,1.1892295591222686
0.13623426902537228,99.19170372136227,0.0,1.0880291352734346
0.23954838775219836,174.41435899230888,59.56435899230888,1.1547865862299604
0.2702040232509663,196.73462198882078,81.88462198882078,1.1745950316638445
0.268798490599855,195.7112584893347,80.86125848933472,1.1736868326860024
0.1748137294667785,127.2812764640419,12.4312764640419,1.1129576394322536
0.18744290313806072,136.47653447077846,21.626534470778466,1.1211181062916893
0.21441713936413379,156.1163832914035,41.266383291403514,1.1385477787715288
0.2501645913703731,182.14398041189108,67.29398041189108,1.1616463523598803
0.22893644278571404,166.68783828240674,51.83783828240675,1.147929571870417
0.12665565054359168,92.21754447859644,0.0,1.0818398151552473
0.2162336928804228,157.43900967220188,42.58900967220188,1.139721562991614
0.2108937506429529,153.55101605578182,38.70101605578182,1.1362711059154504
0.25410741076856763,185.01473368396037,70.16473368396038,1.1641940445422176
0.18425482680375124,134.1553070332457,19.305307033245697,1.1190580988875118
0.1865291020677505,135.81119904765086,20.961199047650865,1.1205276445920977
0.22942709273775294,167.04507882857564,52.195078828575646,1.1482466102434263
0.17521164445754148,127.57099700317217,12.720997003172172,1.113214756182685
0.20242156757152277,147.38244863800583,32.53244863800583,1.1307967201020153
0.2086414913995629,151.91115383042327,37.06115383042328,1.1348157860827417
0.1984499743181653,144.4907452207443,29.640745220744293,1.1282304354054258
0.24751558368844664,180.2152470100748,65.3652470100748,1.1599346695561268
0.20511674422805448,149.34479751178029,34.49479751178029,1.1325382354503997
0.2121232403856853,154.44620331785646,39.596203317856464,1.1370655530076144
0.2560705970663569,186.44412288972532,71.59412288972533,1.1654625770003972
0.2803711635594241,204.13728195378337,89.28728195378338,1.1811646310455575
0.28611132126759026,208.31667108087788,93.46667108087789,1.1848736913502662
0.21152742032325936,154.01238877525861,39.16238877525862,1.1366805579160772
0.025227656403183512,18.36817004584114,0.0,1.016301102461481
0.24868352157800697,181.06561857910083,66.21561857910083,1.160689344302845
0.20969404856181093,152.6775170878799,37.8275170878799,1.1354959064186998
0.2344446882223612,170.6983728805312,55.8483728805312,1.151488779741761
0.11274231030554352,82.08728920185727,0.0,1.07284957122703
0.21921317328826362,159.60835913157402,44.758359131574025,1.1416467840519444
0.05015523300183375,36.51785301587549,0.0,1.032408305356465
0.2634797205810649,191.8386802926723,76.98868029267231,1.1702500562506608
0.2415873118202354,175.89889260865922,61.04889260865923,1.1561040574057633
0.2468455092444455,179.72736810709307,64.87736810709308,1.159501694253391
0.24245071882899658,176.5275362885254,61.6775362885254,1.1566619564785445
0.149030826393773,108.50883322350994,0.0,1.0962977587826004
0.24548042909443626,178.7334579348264,63.883457934826396,1.158619634063661
0.08875584180636331,64.62282380916405,0.0,1.0573504747415998
0.1948276033760524,141.85330936976897,27.00330936976897,1.12588980419747
0.22758690489143918,165.7052443731993,50.8552443731993,1.1470575544646524
0.2711221429299636,197.40310177611198,82.55310177611199,1.1751882838756254
0.28526307894921865,207.69906876003915,92.84906876003916,1.184325591093827
0.2723062308684549,198.26523214033767,83.41523214033768,1.1759533941379607
0.20947952483412244,152.52132309799532,37.67132309799533,1.1353572897668165
0.2305866879586475,167.88937612917817,53.03937612917818,1.1489958942913596
0.22978533180113858,167.30591146115026,52.455911461150265,1.1484780899966238
0.185490986923501,135.05535097393397,20.205350973933975,1.1198568561104894
0.2684770025459896,195.4771841406623,80.62718414066231,1.1734790999651166
0.24259898149511314,176.63548582688742,61.785485826887424,1.1567577578828823
0.25916701283304294,188.69861258255054,73.84861258255054,1.167463357012199
0.2590097010272703,188.58407439666158,73.73407439666158,1.167361708415781
0.20479061538195079,149.10734421820638,34.257344218206384,1.1323275040352012
0.19083796030396247,138.9484639414353,24.098463941435313,1.1233118564300084
0.15333147815553738,111.64012301141375,0.0,1.0990766679249822
0.05995275434129249,43.651394678042166,0.0,1.0387390717451697
0.19736848906931467,143.70331952271354,28.853319522713548,1.1275316228970285
0.24588624091476655,179.02892812846272,64.17892812846273,1.1588818534294856
0.2521421692980238,183.58384811396613,68.73384811396613,1.162924184113611
0.24590082492452628,179.03954669591644,64.18954669591645,1.158891277033232
0.1013290500827409,73.77733360394377,0.0,1.0654747790014638
0.16736867481303294,121.86055772207733,7.010557722077337,1.1081469429171893
0.2408267443703314,175.34512605865163,60.495126058651636,1.1556126091423333
0.001,0.7280965680000001,0.0,1.00064616
0.2292598515282193,166.92331107788604,52.073311077886046,1.1481385456634743
0.2777032906703932,202.1948128594197,87.3448128594197,1.1794407582995814
0.22340806423232032,162.662644831076,47.812644831076,1.1443573547843562
0.25427513337340985,185.136851936922,70.286851936922,1.1643024201805625
0.17169129751771783,125.00784447811729,10.157844478117298,1.1109400488040486
0.2274747805870483,165.6236070519829,50.77360705198291,1.146985104224127
0.22170089599366075,161.41966149550936,46.569661495509365,1.143254250955264
0.2047912133927609,149.10777962782484,34.257779627824846,1.1323278904458665
0.24527760185730482,178.58578011957408,63.73578011957409,1.158488575216116
0.07777327591317573,56.626455274500316,0.0,1.0502539799640576
0.302621905983354,220.33797114809872,105.48797114809872,1.195542170770204
0.14638557877868327,106.58283751345293,0.0,1.094588505583634
0.001,0.7280965680000001,0.0,1.00064616
0.26377543606301723,192.05398972018628,77.20398972018629,1.1704411357664792
0.21918093890875515,159.5848893904823,44.734889390482294,1.1416259554852812
0.2083953690350211,151.73195298149233,36.88195298149233,1.1346567516556691
0.25242177342500255,183.78742691921798,68.93742691921798,1.1631048531162997
0.18724972251643418,136.33588032316806,21.48588032316806,1.120993280701219
0.01608957652803655,11.714765450636769,0.0,1.0103964407693562
0.16963746304668853,123.51245464852074,8.66245464852075,1.1096129431222483
0.20451364571290892,148.9056835527369,34.055683552736895,1.1321485373138533
0.23183759838755572,168.80015971934165,53.950159719341656,1.149804182574103
0.20559135936326015,149.6903631628444,34.8403631628444,1.1328449127661642
0.27540163114081734,200.51898245523105,85.66898245523106,1.1779535179779506
0.22733993207264422,165.5254243114454,50.6754243114454,1.1468979705080597
0.0723199455656549,52.655904164300146,0.0,1.0467302560267036
0.18752907224907567,136.53927390477605,21.68927390477606,1.1211737853244628
0.27247766847737004,198.39005527501493,83.54005527501494,1.1760641702633374
0.001,0.7280965680000001,0.0,1.00064616
0.2419473156230822,176.16101014197892,61.311010141978926,1.1563366774630108
0.2207702088587307,160.74203138668503,45.892031386685034,1.1426528781561573
0.010918272879799951,7.949557012269822,0.0,1.0070549512040115
0.20607120559614972,150.039737558179,35.18973755817902,1.1331549702080081
0.001,0.7280965680000001,0.0,1.00064616
0.2045275280301217,148.91579122025541,34.06579122025542,1.1321575075119434
0.18245574625749386,132.84540266196012,17.995402661960128,1.1178956050017423
0.20177725228464027,146.91332488891675,32.06332488891675,1.1303803893362432
0.24238833460433526,176.48211454865216,61.63211454865217,1.1566216462879373
0.24114709736966403,175.5783739780142,60.72837397801422,1.155819608436382
0.22560380589479662,164.2613567997396,49.41135679973959,1.1457761552169818
0.19924837758511826,145.07205989929273,30.22205989929273,1.1287463316604
0.2819465730053993,205.2843321645927,90.43433216459272,1.1821825976131688
0.001,0.7280965680000001,0.0,1.00064616
0.22641534994087953,164.8522392344734,50.00223923447339,1.1463005425177988
0.1713354026218754,124.7487186258857,9.898718625885707,1.110710083758151
0.05075933391407488,36.95769681680393,0.0,1.0327986512019187
0.28156312836597525,205.00514743861004,90.15514743861004,1.1819348310249587
0.14591885249929806,106.24301571123715,0.0,1.0942869257309464
0.15112103209900574,110.03070482390392,0.0,1.0976483661010936
0.1703417647917632,124.02525433194602,9.175254331946022,1.1100680347378458
0.14504809805440322,105.60902238833847,0.0,1.0937242790388333
0.1525715538464785,111.08682473004819,0.0,1.0985856352334404
0.08704276316135817,63.37553712702172,0.0,1.0562435518443432
0.09345512320723263,68.04435446920324,0.0,1.0603869624115854
0.18448388656164738,134.32208465683678,19.472084656836785,1.1192061081406741
0.08038193122277658,58.525808252515674,0.0,1.0519395886789094
0.2646884036508002,192.71871828754632,77.86871828754633,1.171031058903001
0.2377085097862294,173.07475015974805,58.224750159748055,1.15359773068347
0.27164512559808246,197.78388366189282,82.93388366189282,1.175526214356457
0.2728397487499315,198.65368467880742,83.80368467880743,1.1762981320522559
0.24926843458035014,181.49149172868547,66.64149172868548,1.161067291688439
0.001,0.7280965680000001,0.0,1.00064616
0.23184107372128024,168.80269009789913,53.952690097899136,1.1498064281957425
0.18584659543234194,135.31426830877265,20.46426830877266,1.120086636104562
0.12722903444072742,92.63502332624745,0.0,1.0822103128942204
0.22329949903936924,162.58359888668406,47.733598886684064,1.1442872042992789
0.23286464425279293,169.54794828899946,54.69794828899947,1.1504678185303847
0.2837784598680291,206.6181227022377,91.76812270223772,1.1833662896283257
0.1471837105827444,107.1639545408015,0.0,1.095104226430146
0.20279720590909742,147.65594962240317,32.805949622403176,1.1310394425702224
0.27374749963726674,199.31461498447518,84.46461498447519,1.1768846843656162
0.16041165344225844,116.79517433851376,1.945174338513766,1.1036515939882496
0.1455432162840031,105.96951627206438,0.0,1.0940442046340715
0.18029059933185695,131.26896661618815,16.418966616188158,1.1164965736642727
0.10623022381912205,77.34586138057462,0.0,1.068641721422964
0.2110675786425645,153.6775796257213,38.82757962572131,1.1363834266156796
0.10239982529295268,74.55696135959845,0.0,1.0661666711112943
0.001,0.7280965680000001,0.0,1.00064616
0.2755101777317946,200.59801485558967,85.74801485558967,1.1780236564431763
0.2707352204054995,197.12138481396778,82.27138481396779,1.1749382700172175
0.17362376126450438,126.414864699937,11.564864699937004,1.112188729578672
0.24419845987446565,177.80006054548417,62.95006054548418,1.1577912768324847
0.001,0.7280965680000001,0.0,1.00064616
0.22894752480763583,166.6959070645345,51.845907064534515,1.1479367326297019
0.24844011445383019,180.88839468736097,66.03839468736098,1.1605320643554868
0.1377259018325363,100.2777564489746,0.0,1.0889929687281117
0.1628629555104548,118.57995896149882,3.7299589614988236,1.1052355273326355
0.1920857052223357,139.85694273424232,25.00694273424233,1.1241180992864646
0.18699106777845695,136.1475546961499,21.297554696149916,1.1208261483557278
0.25003239989021436,182.04773224886867,67.19773224886868,1.161560935513061
0.23864370434468038,173.75566210816848,58.905662108168485,1.1542020159993587
0.23084551664286299,168.07782840585543,53.22782840585543,1.1491631390339523
0.001,0.7280965680000001,0.0,1.00064616
0.24074129719530496,175.28291226376956,60.432912263769566,1.1555573965957182
0.20200396193597156,147.07839140798353,32.22839140798354,1.1305268800445474
0.23561518710670323,171.5506091010685,56.700609101068494,1.1522451093008674
0.24136157968256353,175.73453781393306,60.884537813933065,1.1559581983276852
0.16897441209431333,123.02968952568723,8.179689525687238,1.1091845061188614
0.22712670719668349,165.37017601104617,50.520176011046175,1.146760193122209
0.149384516061514,108.76635345672923,0.0,1.096526298898308
0.2745816316296624,199.92194362539746,85.07194362539747,1.1774236670938227
0.14650196555825812,106.66757832822195,0.0,1.094663710065124
0.11685826291998427,85.08410017448222,0.0,1.075509135168377
0.035723032318036016,26.009817229315107,0.0,1.0230827945626222
0.2840926398839234,206.84687609354458,91.99687609354459,1.183569300187396
0.1904059114723576,138.6338906699354,23.783890669935403,1.1230326837569786
0.23274143010637738,169.45823649186525,54.608236491865256,1.150388202477537
0.24605761187007422,179.1537027328771,64.3037027328771,1.1589925864859671
0.1486543128908146,108.23469503420029,0.0,1.0960544708175288
0.21242625959210407,154.66683056208808,39.816830562088086,1.137261351898034
0.11763723851618048,85.65126963262843,0.0,1.0760124780396152
0.23023851790027844,167.6358747045993,52.78587470459931,1.1487709207264438
0.21643343504987148,157.58444126026234,42.734441260262344,1.139850628391825
0.21919540412756766,159.59542146665507,44.745421466655074,1.141635302331069
0.19682694484848004,143.3090230341036,28.45902303410361,1.1271816986832939
0.177213840082317,129.02878876603586,14.178788766035865,1.1145084949075899
0.24743134443449274,180.15391269838008,65.30391269838009,1.1598802375197919
0.24798508248782247,180.55708747458044,65.70708747458045,1.1602380409003314
0.08147321535381122,59.320368483034855,0.0,1.0526447328330186
0.001,0.7280965680000001,0.0,1.00064616
0.19625167038284394,142.89016767001593,28.040167670015933,1.1268099793345785
0.19868849243809159,144.66440944526843,29.81440944526844,1.1283845562737973
0.19512108913556966,142.06699534403037,27.21699534403038,1.1260794429558396
0.24247710303346576,176.54674653724882,61.69674653724883,1.1566790048961042
0.0966158710198582,70.34568410388943,0.0,1.0624293112181915
0.22519811255394342,163.96597287060393,49.11597287060394,1.145514012407856
0.25343317750070943,184.52382675560136,69.67382675560137,1.1637583819738584
0.2642477212775157,192.3978589639798,77.54785896397979,1.1707463075806797
0.17884823074320952,130.21878299700296,15.368782997002967,1.1155645727770322
0.2593213996203701,188.811021072548,73.961021072548,1.1675631155786983
0.23075142300072898,168.00931914794705,53.15931914794706,1.149102339486151
0.16973170233884982,123.58106995371413,8.73106995371414,1.1096738367832713
0.08591015641366026,62.55089004112922,0.0,1.0555117066682507
0.27564606633691574,200.6969548826087,85.84695488260871,1.1781114622242614
0.15352736634308037,111.78274852847552,0.0,1.0992032430362448
0.2064847734134752,150.34085486660896,35.49085486660897,1.133422201188851
0.001,0.7280965680000001,0.0,1.00064616
0.14851151398520598,108.1307236411125,0.0,1.0959621998766806
0.1038139507451927,75.58658124809585,0.0,1.0670804224135138
0.21939521671233012,159.74090432386382,44.89090432386382,1.1417644132308393
0.24789484426009167,180.49138533066727,65.64138533066728,1.1601797325671008
0.2076500989480068,151.18932438890417,36.339324388904174,1.134175187936244
0.001,0.7280965680000001,0.0,1.00064616
0.2055268266548608,149.64337711933507,34.79337711933508,1.132803214311305
0.23651926444135662,172.20886470563622,57.35886470563622,1.152829287911427
0.22398276403054246,163.08108178179182,48.23108178179183,1.1447287028059754
0.22792924735312603,165.95450274463414,51.104502744634146,1.1472787624696958
0.2016850261537864,146.84617535956212,31.99617535956213,1.1303207964995305
0.16983686045609694,123.65763521797912,8.807635217979126,1.1097417857523115
0.2590780602911781,188.63384654210384,73.78384654210384,1.1674058794377475
0.2497709955078582,181.85740461521496,67.00740461521497,1.1613920264573576
0.24860950690763572,181.01172875162186,66.16172875162187,1.160641518983438
0.24899152432966565,181.28987432551807,66.43987432551808,1.1608883633608569
0.2340795173344472,170.43249321030754,55.58249321030755,1.1512528209208264
0.11428423311054746,83.20995790430158,0.0,1.0738459000667113
0.16962386447262942,123.50255357341862,8.65255357341863,1.1096041562676342
0.2682684534782227,195.32534028016164,80.47534028016165,1.1733443438994884
0.24700225719227054,179.8414957499455,64.9914957499455,1.1596029785073576
0.14831000370502387,107.98400469769518,0.0,1.0958319919940382
0.26990441728233294,196.51647991130653,81.66647991130654,1.1744014382711523
0.25784753773389013,187.73790729129593,72.88790729129593,1.1666107649821305
0.14219099304707408,103.52877403808651,0.0,1.0918781320672974
0.12641112062359317,92.0395030830722,0.0,1.081681809702141
0.22701999077374538,165.2924761497557,50.44247614975569,1.1466912372383633
0.13448874963348842,97.92079704275419,0.0,1.086901250463175
0.2697507789495283,196.40461636847823,81.55461636847824,1.1743021633260273
0.22860693692013703,166.44792619254426,51.597926192544264,1.1477166583603158
0.20175150203303466,146.8945762190976,32.04457621909759,1.1303637505536657
0.25642296952340676,186.70068406636108,71.85068406636108,1.1656902659872446
0.13204379032014546,96.14063055780954,0.0,1.0853214155532651
0.2099179002991207,152.84050276955594,37.990502769555945,1.1356405504572797
0.2201107881181837,160.26190940862475,45.41190940862475,1.1422267868504457
0.2547938816837907,185.51455080136606,70.66455080136606,1.1646376145887982
0.23431554603855373,170.60434489971698,55.75434489971698,1.1514053332282719
0.03231448025762857,23.528062172283118,0.0,1.0208803245632694
0.05640622408896401,41.069178173013626,0.0,1.036447445757325
0.2769195059548456,201.62414189797866,86.77414189797867,1.178934307967783
0.2097065161823666,152.6865947196176,37.83659471961761,1.135503962496398
0.2784182637860798,202.7153823311634,87.8653823311634,1.1799027453280133
0.1139630072336008,82.97607444574392,0.0,1.0736383367540636
0.20895513964920176,152.13952004454455,37.28952004454456,1.1350184530357281
0.20047352042501995,145.96408219633494,31.114082196334948,1.129537969957831
0.24092617058269827,175.4175179426452,60.567517942645196,1.1556768543837164
0.186453116199969,135.75587399810263,20.905873998102635,1.120478545563772
0.07279594324594364,53.002476441694355,0.0,1.0470378266877989
0.2137326631211684,155.6180184880229,40.7680184880229,1.1381054976023741
0.26166415572381974,190.51677375113073,75.66677375113073,1.1690769108625034
0.20587791121462795,149.89900058237933,35.049000582379335,1.133030071110444
0.22443537358043336,163.41062524171141,48.56062524171142,1.1450211609927328
0.23777609490654472,173.12395865389752,58.27395865389752,1.1536414014848129
0.23808765531889076,173.35080472085133,58.500804720851335,1.1538427193608545
0.34398413599362665,250.45366886340483,135.60366886340483,1.222268789313642
0.27737099886199257,201.9528723341487,87.10287233414871,1.1792260446246652
0.2355842856347308,171.52810984537922,56.678109845379225,1.1522251420057377
0.1891876712812309,137.7468941677764,22.896894167776395,1.1222455056750802
0.1414080744336399,102.95873368262176,0.0,1.0913722413760407
0.21947304125101483,159.79756810338634,44.947568103386345,1.1418147003347558
0.2290843996258482,166.79556514992058,51.94556514992058,1.1480251756622382
0.18045035497324824,131.38528415040378,16.535284150403783,1.1165998013695142
0.2527756398952105,184.04507588170668,69.19507588170669,1.1633335074746893
0.21700869933661013,158.0032892131297,43.15328921312971,1.140222341163344
0.17657237219716296,128.561738200373,13.711738200372992,1.114094004018919
0.25254413651339147,183.8765190639238,69.02651906392381,1.163183919249493
0.001,0.7280965680000001,0.0,1.00064616
0.14765737268008333,107.50882628826564,0.0,1.0954102879309626
0.27735520498699234,201.94137286796564,87.09137286796565,1.179215839254395
0.20046703659842086,145.95936134444062,31.10936134444063,1.1295337803684355
0.2759237618803441,200.8991440547278,86.0491440547278,1.1782908979766031
0.2689802889190764,195.84362522162797,80.99362522162798,1.1738043034879504
0.23406406795009743,170.42124456658473,55.57124456658474,1.151242838146635
0.024905621262296413,18.133697364985846,0.0,1.0160930162348454
0.23371413514521047,170.16645969231595,55.31645969231596,1.1510167255654293
0.27878808032031094,202.98464448052675,88.13464448052676,1.180141705979772
0.1463382328652729,106.54836511639002,0.0,1.0945579125482248
0.2127754315168839,154.9210614421622,40.071061442162204,1.1374869728289498
0.2784937527226602,202.77034556680954,87.92034556680954,1.179951523259274
0.256854370032079,187.01478529615878,72.16478529615878,1.1659690197399282
0.2354878962190677,171.45792904264337,56.60792904264338,1.1521628590209128
0.2328541463384939,169.5403047936272,54.690304793627206,1.1504610351980813
0.17586301336570276,128.04525646970632,13.195256469706322,1.1136356447163824
0.27221600681656904,198.19954031780853,83.34954031780853,1.1758950949645943
0.25826689273977416,188.0432382318537,73.19323823185371,1.1668817354127325
0.2578411745477542,187.73327427730877,72.88327427730877,1.1666066533457768
0.0792732921958347,57.71861198184843,0.0,1.0512232304852605
0.2398098929455256,174.6047600260846,59.7547600260846,1.154955560425681
0.20595513154219675,149.95522443786203,35.105224437862034,1.1330799677973058
0.16948663986644683,123.40264080861192,8.552640808611926,1.1095154872161033
0.2334096975533527,169.9447997265141,55.09479972651411,1.1508200101710744
0.040937701003420715,29.806599602400784,0.0,1.0264523048803704
0.2513217569326544,182.9865086863959,68.1365086863959,1.162394066459604
0.09279040560672161,67.56037586558197,0.0,1.0599574484868393
0.1556597661550282,113.33534151315858,0.0,1.100581114498733
0.2467398211366138,179.65041695850238,64.80041695850238,1.1594334028256343
0.21630868396449457,157.49361042314513,42.643610423145134,1.1397700192304978
0.14979311630011655,109.06385388813972,0.0,1.0967903200284832
0.10332949993073691,75.2338542727258,0.0,1.066767389675245
0.09999457369331767,72.80570592472769,0.0,1.0646124937376742
0.20779378300880813,151.29394026044992,36.44394026044992,1.1342680308289714
0.13956660502719329,101.61796612771099,0.0,1.0901823575043712
0.1963866095113566,142.98841638637492,28.138416386374928,1.126897171601858
0.2579399707011502,187.80520741752804,72.95520741752804,1.1666704914682553
0.2053515062104504,149.51572690545962,34.66572690545962,1.1326899292529446
0.2235839926747315,162.79073772620916,47.940737726209164,1.1444710327067045
0.2503297831100884,182.26425595063975,67.41425595063976,1.1617530926544148
0.25458091659735416,185.3594916528278,70.50949165282782,1.1645000050685463
0.23923757308544102,174.1880559001588,59.33805590015879,1.1545857502248886
0.27851169152851984,202.78340674978998,87.93340674978998,1.1799631145980685
0.19210760596494283,139.8728885897712,25.022888589771213,1.1241322506703075
0.24542381907574598,178.6922403745036,63.842240374503604,1.158583054933984
0.24659813932421878,179.54725891714955,64.69725891714955,1.1593418537057372
0.2584781787620531,188.19707485954137,73.34707485954138,1.1670182599888883
0.20201512862894594,147.0865218388141,32.2365218388141,1.1305340955148797
0.09587093240627245,69.80329685596695,0.0,1.061947961683637
0.16939262104987038,123.33418603093519,8.484186030935192,1.1094547360175842
0.23957596673166198,174.43443915260528,59.584439152605285,1.1548044066633307
0.25916901338681747,188.70006917888787,73.85006917888788,1.167464649690026
0.1902877938223014,138.54788961430927,23.697889614309275,1.1229563608562183
0.20191095624995925,147.0106742871935,32.1606742871935,1.1304667834904736
0.22690651430303369,165.20985432088173,50.35985432088174,1.1466179132820482
0.21689451513195177,157.92015208559818,43.07015208559818,1.140148559897662
0.19834851305805198,144.41687162547083,29.56687162547084,1.1281648751975908
0.14848924332485577,108.1145084497444,0.0,1.0959478094667887
0.2543218409722508,185.1708595793376,70.3208595793376,1.1643326007626296
0.2651554618681256,193.05878177263713,78.20878177263714,1.1713328532407081
0.20649559115161006,150.34873122461846,35.49873122461847,1.1334291911785244
0.09195983693902368,66.95564166914278,0.0,1.0594207682365195
0.2384194724335603,173.59239962324585,58.74239962324586,1.1540571263076693
0.2592766690263131,188.77845288053047,73.92845288053047,1.1675342124580426
0.27299483726289203,198.76660409283022,83.91660409283023,1.1763983440457904
0.2517182241606894,183.27517511445265,68.42517511445266,1.162650247723671
0.001,0.7280965680000001,0.0,1.00064616
0.25319440470307947,184.34997710111523,69.49997710111523,1.163604096542942
0.2665568406330085,194.07912084181643,79.22912084181644,1.1722383681434247
0.22354351581545043,162.7612666638832,47.9112666638832,1.1444448781793115
0.2291658297084531,166.85485411359716,52.00485411359716,1.148077792524414
0.22369236039495524,162.86963989138604,48.01963989138605,1.1445410555928044
0.2294958830224715,167.095164798791,52.245164798790995,1.1482910597738
0.24006749267680422,174.7923175063463,59.94231750634631,1.1551220110680438
0.23526737525026226,171.2973684820841,56.4473684820841,1.1520203671917095
0.21717605299276055,158.12513883581508,43.275138835815085,1.1403304784018022
0.2373310470760535,172.799920855921,57.94992085592099,1.1533538293786627
0.3009353737133598,219.1100127904947,104.2600127904947,1.1944524010786246
0.2462234508257831,179.27444950736944,64.42444950736945,1.159099744985588
0.26142368215078077,190.34168576790634,75.49168576790635,1.1689215264585484
0.18702174256224816,136.16988890095243,21.319888900952435,1.1208459691740222
0.2397433278975889,174.55629424313315,59.70629424313316,1.154912548754306
0.19043377425239083,138.65417746445254,23.80417746445255,1.123050687570925
0.24059623824585108,175.17729534051452,60.327295340514524,1.1554636653049393
0.14451772559650528,105.22286002198125,0.0,1.0933815735714378
0.28306289845285304,206.0971248916548,91.2471248916548,1.1829039224642957
0.16431556924254764,119.6376020344653,4.7876020344653085,1.1061741482217646
0.20321534553893353,147.96039565183162,33.110395651831624,1.1313096276734373
0.16800135499767913,122.32120999315983,7.471209993159832,1.1085557555453003
0.19251552916492096,140.16989607168287,25.319896071682876,1.1243958343252054
0.17205405193224804,125.27196472236358,10.421964722363583,1.1111744461965414
0.24253519067305612,176.5890399482778,61.73903994827779,1.156716538805302
0.284855452497456,207.40227733948473,92.55227733948473,1.1840621991857563
0.20741932602642452,151.0212994167128,36.1712994167128,1.1340260717052344
0.2636070703423908,191.93140321682932,77.08140321682933,1.1703323445724392
0.20797727236267027,151.4275382292615,36.577538229261506,1.134386594309863
0.001,0.7280965680000001,0.0,1.00064616
0.2733104477512958,198.9963990062618,84.14639900626182,1.1766022789189774
0.18628610706415658,135.63427521949296,20.78427521949297,1.1203706309405754
0.09206324003319308,67.03092910712809,0.0,1.059487583179848
0.2308467661077132,168.07873813692473,53.22873813692473,1.14916394638816
0.2560353254706647,186.41844176195397,71.56844176195398,1.1654397859061247
0.1726883843506315,125.7338199791597,10.88381997915971,1.111584326432004
0.06243030089695172,45.455287822277874,0.0,1.0403399632275743
0.11090619228603209,80.75041797340803,0.0,1.0716631452075425
0.13383675523013205,97.4460821553152,0.0,1.0864799577595021
0.17450132858854353,127.05381845675885,12.203818456758853,1.1127557784807733
0.2267433312986887,165.09104133546225,50.241041335462256,1.1465124709519607
0.2845294900569305,207.16494520524125,92.31494520524126,1.1838515752951861
0.20912030517657434,152.25977649817642,37.40977649817643,1.1351251763928953
0.2719258797045051,197.98829976323103,83.13829976323103,1.1757076264298632
0.2535205844328438,184.58746744290784,69.73746744290784,1.1638148608371264
0.1819864537243708,132.5037123792052,17.653712379205217,1.1175923669385395
0.1944080488294998,141.54783314433524,26.69783314433525,1.1256187048316697
0.09826190222885033,71.54415377797748,0.0,1.063492910744194
0.19877100046679042,144.7244832577965,29.8744832577965,1.1284378696616213
0.231925663814306,168.864279854318,54.014279854318005,1.149861086930252
0.24529860286109983,178.60107087836178,63.75107087836179,1.1585021452247282
0.23982037611364967,174.61239278481753,59.762392784817536,1.1549623342295958
0.24845628731672526,180.9001700933296,66.0501700933296,1.1605425146125752
0.001,0.7280965680000001,0.0,1.00064616
0.15235809177036544,110.93140372503213,0.0,1.0984477045783394
0.23262553754890214,169.3738555185108,54.5238555185108,1.1503133173425986
0.11685505991669087,85.08176807877699,0.0,1.075507065515769
0.23531580348657977,171.33262891474118,56.482628914741184,1.1520516595808883
0.2543335492547295,185.17938433962755,70.32938433962755,1.164340166186436
0.12213815311943842,88.92837010812161,0.0,1.0789207890196564
0.1714962872978431,124.86585820630157,10.015858206301573,1.1108140410003744
0.21656533837291297,157.68047961707666,42.83047961707666,1.1399358590430415
0.23090723257079004,168.12276356117007,53.27276356117008,1.1492030173979417
0.17577850617749197,127.9837270759987,13.133727075998706,1.113581039551648
0.18412376749551576,134.059883200715,19.209883200715012,1.1189734136049025
0.09683900651302149,70.5081482906606,0.0,1.062573492448454
0.22945560558283545,167.06583893322414,52.21583893322415,1.1482650341034049
0.18208380323940115,132.57459222699526,17.72459222699527,1.1176552703011715
0.16836182515157255,122.58366707507605,7.733667075076056,1.1087886769399402
0.20595082079180477,149.95208579529609,35.10208579529609,1.1330771823628325
0.18519481892294737,134.83971206917946,19.98971206917946,1.1196654841952516
0.1692830221495534,123.25438744775784,8.404387447757841,1.1093839175921554
0.2557246386251591,186.19223173601858,71.34223173601859,1.165239032494033
0.23398387170707102,170.36285395727072,55.51285395727072,1.151191018542241
0.26476254601973154,192.7727010919086,77.9227010919086,1.1710789667361097
0.2368134310143636,172.4230463778629,57.57304637786291,1.1530193665842412
0.22642829566430409,164.86166497126908,50.011664971269084,1.1463089075264468
0.001,0.7280965680000001,0.0,1.00064616
0.2700747873782537,196.64052579343624,81.79052579343625,1.1745115246123323
0.24280797340197025,176.78765211700983,61.93765211700983,1.156892800093417
0.1794597185812688,130.66400519326766,15.814005193267661,1.1159596917584726
0.08185876774257261,59.60108785407623,0.0,1.0528938613645407
0.11580720572025588,84.31882903458828,0.0,1.0748299840482005
0.11492979366186688,83.67998832615343,0.0,1.074263035472552
0.18938023042812643,137.88709582176804,23.037095821768048,1.1223699296934382
0.1754168775419229,127.72042650755034,12.870426507550349,1.113347369592489
0.1380172189481578,100.48986344105828,0.0,1.0891812061955417
0.26654632785342974,194.07146652308504,79.22146652308504,1.1722315752057721
0.23035965719271964,167.7240758076757,52.874075807675695,1.1488491960916478
0.1029101055757681,74.92849468223443,0.0,1.0664963938188383
0.21577263897169954,157.10331790359749,42.25331790359749,1.1394236483979534
0.28149440576646023,204.95511074975911,90.10511074975912,1.181890425230056
0.21322040021840974,155.2450416266106,40.395041626610606,1.1377744938051277
0.21231306102584124,154.58441107448957,39.73441107448957,1.1371882075124575
0.24901899001023342,181.30987199327726,66.45987199327726,1.1609061105850125
0.1665613931548803,121.27277871736705,6.422778717367052,1.1076253098009574
0.22376889603843425,162.92536523073278,48.075365230732785,1.1445905098641946
0.253449353160609,184.5356041980594,69.6856041980594,1.163768834038259
0.001,0.7280965680000001,0.0,1.00064616
0.23298948239110362,169.63884250905897,54.78884250905898,1.1505484839418356
0.23801758397385162,173.29978601501318,58.44978601501319,1.153797442060544
0.24852177635148154,180.94785243477727,66.09785243477728,1.1605848310072733
0.17339528855338135,126.24851450308665,11.398514503086659,1.112041099651653
0.001,0.7280965680000001,0.0,1.00064616
0.1877629800223362,136.70958135171557,21.859581351715576,1.1213249271712327
0.18426773915780176,134.1647084739147,19.314708473914692,1.1190664423342052
0.30173891677361525,219.69506973490692,104.84506973490693,1.1949716184624393
0.25515955838016546,185.78079874899413,70.93079874899414,1.1648739002429278
0.1886977788917276,137.39020520028973,22.540205200289734,1.1219289568086788
0.24823510643597213,180.73912905314603,65.88912905314604,1.1603995963746678
0.25802354430412894,187.86605707103223,73.01605707103224,1.166724493387556
0.26714704684857044,194.50884796177937,79.65884796177937,1.1726197357916723
0.14637525376491053,106.57531990636046,0.0,1.0945818339727347
0.18114267068471634,131.8893568438962,17.0393568438962,1.1170471480896362
0.22187757280776518,161.54829927750396,46.69829927750396,1.1433684124454655
0.24181802343952366,176.06687294686074,61.21687294686075,1.1562531340256825
0.2260974216715707,164.62075675271947,49.77075675271948,1.1460951099873022
0.2026705253207815,147.56371392081812,32.71371392081812,1.1309575866412762
0.2465931703595444,179.5436410310236,64.69364103102362,1.1593386429595232
0.25027037294248267,182.2209996115017,67.3709996115017,1.1617147041805147
0.2612136815359658,190.18878504098168,75.33878504098169,1.1687858324612797
0.15225148009154776,110.85378012757626,0.0,1.0983788163759545
0.001,0.7280965680000001,0.0,1.00064616
0.18851408097762382,137.25645537948202,22.406455379482026,1.1218102585645013
0.24616561680901863,179.2323407582496,64.3823407582496,1.1590623749573155
0.2384205042585446,173.59315089147574,58.74315089147575,1.154057793031701
0.06372231669252158,46.39600008883408,0.0,1.0411748121540398
0.2404649331707283,175.08169256595667,60.23169256595668,1.1553788212175977
0.20603624340791157,150.01428170891305,35.16428170891305,1.1331323790404562
0.19540394641080205,142.2729427553609,27.422942755360907,1.1262622140128038
0.23388718871545458,170.2924594028908,55.44245940289082,1.1511285458603782
0.22122942179843222,161.0763827520629,46.226382752062904,1.142949603189275
0.20529962258598192,149.47795061654872,34.62795061654873,1.1326564041301581
0.27864610182721755,202.88127042697565,88.03127042697565,1.180049965156675
0.04403876676772,32.06447494252939,0.0,1.02845608953463
0.22831811705203545,166.2376374378093,51.3876374378093,1.1475300345143433
0.197404726850243,143.72970412663938,28.879704126639382,1.1275550383015531
0.027383037321862223,19.937495495463796,0.0,1.0176938233958945
0.0972714277910962,70.82299273915697,0.0,1.0628529057814948
0.001,0.7280965680000001,0.0,1.00064616
0.2266158005136858,164.99818660858728,50.14818660858728,1.1464300656599233
0.21914585622739408,159.55934581058705,44.70934581058705,1.141603286459893
0.23964457342391693,174.48439144977795,59.63439144977795,1.154848737563598
0.2152562058801275,156.72730474202228,41.87730474202229,1.1390899499915033
0.2758815052145977,200.86837712142272,86.01837712142273,1.1782635934094645
0.17446251600575918,127.02555914843835,12.175559148438353,1.1127306993422814
0.16712442364435368,121.68271928443197,6.832719284431974,1.1079891175820356
0.26571169179207177,193.46377087128124,78.61377087128125,1.1716922667683651
0.23013214303591648,167.5584235309359,52.7084235309359,1.1487021855440878
0.22524801797833613,164.00230883882884,49.152308838828844,1.1455462592968817
0.23043771116134362,167.7809066343496,52.93090663434961,1.1488996314440139
0.27362841796879195,199.22791203034697,84.37791203034698,1.1768077385547147
0.24455250451612548,178.05783923399548,63.207839233995486,1.1580200463181396
0.001,0.7280965680000001,0.0,1.00064616
0.22791363612374294,165.94313626209805,51.09313626209806,1.1472686751177177
0.17893536352614783,130.2822240772206,15.43222407722061,1.1156208744960556
0.2822121167110298,205.47767362531627,90.62767362531628,1.182354181333999
0.23509892642317404,171.17472146919755,56.324721469197556,1.1519115222975982
0.22777930800812327,165.84533242212947,50.99533242212948,1.1471818776625289
