id,verdict,confidence,draft_section,draft_sentence,dep_section,deposit_proposition,paired_via,overlap,char_ratio,block_overlap,flags,notes,adjudication
D0001,supported (reworded),low,,**Plain version.** Numbers that are supposed to tell us how soon a resource runs out are traded as if they were all the same kind of number.,1.1,"All three constructions return a number in years, and a number in years is not yet a time to any event—it is a quotient whose numerator and denominator were chosen for a question.",elsewhere in the deposit,0.129,0.174,0.111,,,
D0002,supported (reworded),low,,"A ""reserve life"" of 45 years, a groundwater trend index, and a fishing-pressure timescale are all read as ""years left"", but each one answers a different question.",,"Reserve-life ratios, trend-persistence indices, and removals-only pressure scales are read as ""time to depletion"" although each is constructed against a different question; compensatory aggregation hides a deficit behind a positive scalar.","aligned passage, weak",0.111,0.089,0.111,,the figure 45 is stated in the deposit but outside this passage,
D0003,supported (reworded),medium,,"A second problem is worse: when many different things are added together into a single score, one collapsing component can be hidden by another doing fine.",1.1,"The first is arithmetic and is the compensatory-aggregation failure above — a deficit in one component offset by a surplus in another, so that a positive aggregate reads as adequate.",elsewhere in the deposit,0.248,0.37,0.111,,,
D0004,not a claim (signposting),high,,This article builds a bookkeeping layer that refuses both.,1.1,This article builds the accounting layer that resists these failures.,elsewhere in the deposit,0.52,0.672,0.111,,"the sentence reports what the document does, not what the world does",
D0005,needs check: attribution,high,,"Each thing in the ledger has a material identity, a container with a boundary, and a unit.",1.2,"1. **A typed primitive-flux ledger.** Compartments carry a material identity, a boundary, and a unit.",elsewhere in the deposit,0.552,0.663,0.111,"needs check: attribution: the sentence this one restates cites Brunner & Rechberger, 2004; the draft dropped the source","polarity phrased differently (passage no negator, draft ['cannot', 'not'])",
D0006,supported (reworded),medium,,Nothing gets added to something else unless the conversion between them is written down.,,"Entries are added within a row only when their types and units agree; a conversion between types is represented by an explicit stoichiometric coefficient, never by an implicit sum.",elsewhere in the deposit,0.294,0.432,0.111,,,
D0007,supported (reworded),low,,"Because of how the containers and flows are wired together, mass cannot quietly appear or vanish.",,"Conservation follows from the incidence structure of the compartment–flux network; positivity from donor limitation (each primitive outflow vanishes when its donor is empty); services are readouts, not conserved mass.","aligned passage, weak",0.08,0.013,0.111,,,
D0008,supported (reworded),medium,,"Because every outflow is limited by how much its source holds, no stock goes negative.",2.1,A *compartment* is a spatial or functional location holding a stock.,elsewhere in the deposit,0.234,0.309,0.111,,,
D0009,not a claim (signposting),medium,,"Services — drinking water, crop yield, fish caught — are readings taken off the ledger, not substances flowing in it.",11,"For ecological-economics measurement, that is the closing statement: not rival doctrines but two readings of one ledger, and the vector reading is what carries the certificate.",elsewhere in the deposit,0.249,0.39,0.111,,"the sentence reports what the document does, not what the world does",
D0010,not a claim (signposting),medium,,"Three things are then proved, in full, inside the article.",,Three clarifications are part of the statement.,elsewhere in the deposit,0.344,0.535,0.0,,"the sentence reports what the document does, not what the world does",
D0011,supported (reworded),medium,,"First, an identity that lets you recover flows you did not measure from the stock changes you did measure.",5.4,"**Remark 16 (Exact specialization deficit identity).** *On every trajectory of the specialized system, and of every reduced system whose stock equation is ,*",elsewhere in the deposit,0.247,0.352,0.0,,,
D0012,supported (reworded),medium,,"Second, a reduction: conservation of a material can be checked once, on the wiring, instead of case by case.",6.2,; the second case reverses the inequality.,elsewhere in the deposit,0.259,0.322,0.0,,,
D0013,supported (reworded),medium,,"Third, an envelope theorem that bounds what any admissible flow can do, with a safety-barrier corollary.",3.5,"The envelope is the interval-arithmetic counterpart, at the level of declared flux bounds, of the data-reconciliation practice of material flow analysis (Brunner and Rechberger, 2004).",elsewhere in the deposit,0.283,0.399,0.0,,,
D0014,supported (reworded),medium,,"For the closed ledger with a finite geological donor, five more facts hold: a mass identity for the natural block, non-negativity of all stocks, no resting point at positive extraction effort, an exact description of where the system can rest when extraction stops, and the integrability of extraction against the donor budget.",1.2,"3. **The closed finite-donor theorem set.** For the closed ledger in which the geological donor is a state and no derived target appears: the natural-block mass identity, orthant invariance, absence of any interior rest point at positive effort, the vanishing-extraction rest set (extinction, carrying capacity, and the frozen-biomass face), and integrability of extraction on the finite donor budget (Section 4).",elsewhere in the deposit,0.292,0.037,0.0,,,
D0015,supported (reworded),medium,,"""Time to depletion"" is then split into **three quantities that cannot substitute for one another**: how hard the system is turning over, a ratio computed with rates frozen, and a hitting time conditional on a stated scenario.",,"Depletion time separates into three non-interchangeable quantities — gross turnover intensity, a frozen-rate ratio, and a scenario-conditioned hitting time — with uniform-drift bounds.",aligned passage,0.339,0.431,0.632,,,
D0016,supported (reworded),medium,,Bounds are proved for the case of uniform drift.,1.3,Section 4 proves the closed-ledger theorem set.,elsewhere in the deposit,0.325,0.5,0.632,,"polarity phrased differently (passage no negator, draft ['cannot', 'not'])",
D0017,supported (reworded),medium,,Three public data cases are then classified honestly for what they are.,,Three clarifications are part of the statement.,elsewhere in the deposit,0.301,0.466,0.632,,,
D0018,supported (reworded),medium,,"The groundwater anomaly index is a statistical index, not a stock ratio.",,"Three public-data applications are classified: G3P anomaly index is a statistical index, not a stock ratio; phosphate reserve-life ratio is arithmetic, not a forecast; fisheries removals-only time is a pressure scale, not a depletion diagnostic.",aligned passage,0.227,0.033,0.632,,,
D0019,supported (reworded),medium,,"The phosphate reserve-life figure is arithmetic, not a forecast.",,"Three public-data applications are classified: G3P anomaly index is a statistical index, not a stock ratio; phosphate reserve-life ratio is arithmetic, not a forecast; fisheries removals-only time is a pressure scale, not a depletion diagnostic.",aligned passage,0.182,0.176,0.632,,,
D0020,supported (reworded),medium,,"The fisheries removals-only time is a pressure scale, not a depletion diagnostic.",,"Three public-data applications are classified: G3P anomaly index is a statistical index, not a stock ratio; phosphate reserve-life ratio is arithmetic, not a forecast; fisheries removals-only time is a pressure scale, not a depletion diagnostic.",aligned passage,0.368,0.396,0.632,,,
D0021,supported (reworded),medium,,"No weighted average of components can certify that each component is safe, and five bookkeeping rules stop phantom mass.",,"No nonnegative weighting certifies componentwise nonnegativity, and five double-counting rules block phantom mass.",aligned passage,0.431,0.568,0.632,,,
D0022,supported (reworded),medium,,"Stochastic passage times are computed against a barrier defined by the record itself, and come with seven explicit statements of what they do not say.",,First-passage semantics on declared stochastic surrogates — stochastic passage times against a relative barrier — carry explicit non-claims.,aligned passage,0.348,0.41,0.632,,"polarity phrased differently (passage no negator, draft ['cannot', 'not'])",
D0023,supported (near-verbatim),high,,Weak and strong sustainability turn out to be two regimes of one system: the test is whether the material cycle can be closed as fast as we use things.,,"Weak and strong sustainability are two regimes of one system, distinguished by whether the material cycle closes at the rate of use.",aligned passage,0.706,0.767,0.632,,"polarity phrased differently (passage no negator, draft ['cannot', 'not'])",
D0024,not a claim (signposting),medium,,"Finally, an interface contract fixes the one object this article shares with work on delayed, reviewed institutions, so the two bodies of work cannot be confused.",,"The result is a grammar for material depletion claims: each claim carries the predicate it actually establishes and no claim is carried beyond it, with an interface contract fixing the shared object with delay-based institutional dynamics.",aligned passage,0.209,0.275,0.632,,"the sentence reports what the document does, not what the world does",
D0025,supported (reworded),low,,Every depletion claim here is stated with the exact thing it establishes.,,"The result is a grammar for material depletion claims: each claim carries the predicate it actually establishes and no claim is carried beyond it, with an interface contract fixing the shared object with delay-based institutional dynamics.",aligned passage,0.153,0.176,0.632,,,
D0026,supported (reworded),medium,,"**Author's abstract, kept as written.** Depletion numbers circulate under one label while answering different questions.",6.1,The three quantities answer different questions and must not share one depletion-horizon label:,elsewhere in the deposit,0.324,0.361,0.789,,,
D0027,supported (reworded),medium,,"Reserve-life ratios, trend-persistence indices, and removals-only pressure scales are read as ""time to depletion"" despite measuring different things; compensatory aggregation hides a deficit behind a positive scalar.",,"Three public-data applications are classified: G3P anomaly index is a statistical index, not a stock ratio; phosphate reserve-life ratio is arithmetic, not a forecast; fisheries removals-only time is a pressure scale, not a depletion diagnostic.",aligned passage,0.189,0.208,0.789,,,
D0028,excluded: shared verbatim,n/a,,"We separate them with a typed stock–flow accounting layer — a per-moiety ledger that keeps conservation laws typed, so biomass, money, and biodiversity are not summed into one scalar.",,,identical text,1.0,1.0,,,,
D0029,excluded: shared verbatim,n/a,,"Conservation follows from the incidence structure of the compartment–flux network; positivity from donor limitation (each primitive outflow vanishes when its donor is empty); services are readouts, not conserved mass.",,,identical text,1.0,1.0,,,,
D0030,excluded: shared verbatim,n/a,,"Three certification layers carry a flux-reconstruction identity (an algebraic relation reconstructing unobserved internal fluxes from observed stock changes), a conservation-law reduction, and a flux-bounding envelope theorem.",,,identical text,1.0,1.0,,,,
D0031,excluded: shared verbatim,n/a,,"The closed finite-donor ledger satisfies the natural-block mass identity, orthant invariance (state stays nonnegative), no interior rest at positive effort, the vanishing-extraction rest set, and extraction integrability.",,,identical text,1.0,1.0,,,,
D0032,excluded: shared verbatim,n/a,,"Depletion time separates into three non-interchangeable quantities — gross turnover intensity, a frozen-rate ratio, and a scenario-conditioned hitting time — with uniform-drift bounds.",,,identical text,1.0,1.0,,,,
D0033,excluded: shared verbatim,n/a,,"Three public-data applications are classified: G3P anomaly index is a statistical index, not a stock ratio; phosphate reserve-life ratio is arithmetic, not a forecast; fisheries removals-only time is a pressure scale, not a depletion diagnostic.",,,identical text,1.0,1.0,,,,
D0034,excluded: shared verbatim,n/a,,"No nonnegative weighting certifies componentwise nonnegativity, and five double-counting rules block phantom mass.",,,identical text,1.0,1.0,,,,
D0035,excluded: shared verbatim,n/a,,First-passage semantics on declared stochastic surrogates — stochastic passage times against a relative barrier — carry explicit non-claims.,,,identical text,1.0,1.0,,,,
D0036,excluded: shared verbatim,n/a,,"Weak and strong sustainability are two regimes of one system, distinguished by whether the material cycle closes at the rate of use.",,,identical text,1.0,1.0,,,,
D0037,supported (near-verbatim),high,,"Each depletion claim carries the predicate it actually establishes, with an interface contract fixing the shared object with delay-based institutional dynamics.",,"The result is a grammar for material depletion claims: each claim carries the predicate it actually establishes and no claim is carried beyond it, with an interface contract fixing the shared object with delay-based institutional dynamics.",aligned passage,0.789,0.781,0.789,,"polarity phrased differently (passage no negator, draft ['not'])",
D0038,excluded: shared verbatim,n/a,1.1,Sustainability accounting fails in two characteristic ways.,,,identical text,1.0,1.0,,,,
D0039,supported (reworded),medium,1.1,"The first is what we call **compensatory aggregation**: *adding different things together into one score, so that gains and losses can cancel.* Here ""compensatory"" means exactly that — a shortfall in one place is paid for by a surplus in another.",1.1,"The first is arithmetic and is the compensatory-aggregation failure above — a deficit in one component offset by a surplus in another, so that a positive aggregate reads as adequate.",elsewhere in the deposit,0.295,0.409,0.0,,,
D0040,supported (reworded),medium,1.1,"A single number is built from many unlike parts, and the trade between them is never written down as an equation.",,No single number is promoted across the four classes without a declared map.,elsewhere in the deposit,0.26,0.387,0.0,,,
D0041,supported (reworded),medium,1.1,So one component can be in serious deficit while the overall score looks fine.,10.1,"The most severe deficit an aggregate of that value can conceal in component is a linear programme, finite whenever the bounds are, and positive whenever any admissible has .",elsewhere in the deposit,0.237,0.356,0.0,,,
D0042,supported (near-verbatim),high,1.1,"The literatures on composite indicators and on weak versus strong sustainability document both the failure and the non-compensatory fixes that have been proposed (Munda and Nardo, 2009; Ekins et al., 2003; Neumayer, 2013).",1.1,"The composite-indicator and weak-versus-strong-sustainability literatures document the failure and its noncompensatory remedies (Munda and Nardo, 2009; Ekins et al., 2003; Neumayer, 2013).",elsewhere in the deposit,0.659,0.806,0.0,,,
D0043,needs check: attribution,high,1.1,"The second failure is **classification drift**: *a number that is described one way gets read as something else.* Several quantities have ""years"" in their units — reserve-life ratios, trend-persistence indices, removals-only pressure scales — and circulate as if they were one thing: ""time to depletion"".",1.1,"The second is *classification drift*: quantities with the units of time — reserve-life ratios, trend-persistence indices, removals-only pressure scales — circulate as if they were one thing, ""time to depletion,"" when they answer different questions under different assumptions.",elsewhere in the deposit,0.545,0.062,0.0,"needs check: attribution: the sentence this one restates cites Munda & Nardo, 2009; the draft dropped the source",,
D0044,supported (reworded),medium,1.1,They answer different questions from different assumptions.,6.1,The three quantities answer different questions and must not share one depletion-horizon label:,elsewhere in the deposit,0.421,0.543,0.0,,"polarity phrased differently (passage ['not'], draft no negator)",
D0045,supported (reworded),medium,1.1,The drift is easy to see in the numbers themselves.,1.1,The result is a number in units of years that is not a time to any physical event.,elsewhere in the deposit,0.264,0.412,0.0,,,
D0046,supported (near-verbatim),high,1.1,- A **reserve-life ratio** divides a reserve figure by a production figure.,1.1,A reserve-life ratio divides a reserve figure by a production figure and calls the quotient a horizon.,elsewhere in the deposit,0.739,0.798,0.0,,,
D0047,supported (reworded),medium,1.1,"It then calls the answer a horizon: the number of years left at this rate, for as long as the rate and the reserve definition hold. - A **groundwater anomaly index** fits a trend line to a satellite product, then reports the fitted distance from the fitted curve to the series' own historical minimum, divided by the fitted rate. - A **fisheries pressure indicator** divides a log biomass margin by a fishing mortality, and presents the result as a timescale.",1.1,A groundwater anomaly index fits a trend to a satellite product and reports the fitted distance to the series' own minimum divided by the fitted rate.,elsewhere in the deposit,0.446,0.497,0.0,,"polarity phrased differently (passage ['not'], draft no negator)",
D0048,supported (reworded),medium,1.1,This first failure has a well-known public object. **Earth Overshoot Day** collapses every component into one calendar date.,1.1,The first failure mode has a public flagship object.,aligned passage,0.342,0.429,0.833,,"attribution moved: Meadows, 1972 are cited elsewhere in the deposit ; polarity phrased differently (passage no negator, draft ['never'])",
D0049,supported (near-verbatim),high,1.1,"A severe deficit in one component can therefore coexist with a date that still falls late in the year (Lin et al., 2018; Wackernagel and Beyers, 2019; Blomqvist et al., 2013).",1.1,"Earth Overshoot Day aggregates component flows into a single calendar date, so a severe deficit in one component can coexist with a date that still falls late in the year (Lin et al., 2018; Wackernagel and Beyers, 2019; Blomqvist et al., 2013).",aligned passage,0.662,0.668,0.833,,"polarity phrased differently (passage no negator, draft ['never'])",
D0050,supported (near-verbatim),high,1.1,"The systems-dynamics overshoot models raise the same aggregation question in a moving form (Meadows et al., 1972).",1.1,"The systems-dynamics overshoot models raise the same aggregation question in dynamic form (Meadows et al., 1972).",aligned passage,0.902,0.958,0.833,,,
D0051,not a claim (signposting),medium,1.1,What this article builds in their place is resolved by component from the start.,1.1,This article formalises this sense as the aggregation obstruction of Section 10.1.,aligned passage,0.273,0.428,0.833,,"the sentence reports what the document does, not what the world does",
D0052,supported (reworded),high,1.1,"The per-asset, per-pool depletion horizons of Section 6.5.2 are each reported next to the pool they draw on, and are never added into a single date.",1.1,"The replacements built in this article are component-resolved by construction: the per-asset, per-pool depletion horizons of Section 6.5.2 are each reported beside the pool it draws on and never summed into a scalar date.",aligned passage,0.52,0.48,0.833,,"attribution moved: Lin, 2018 are cited elsewhere in the deposit",
D0053,supported (near-verbatim),high,1.1,"A third failure mode is what we call the **productivity illusion**: the appearance that a system is producing enough, while the base that lets it produce is being reduced.",1.1,A further failure mode is what we call the *productivity illusion*: the appearance that a system is delivering adequately while the base that sustains the delivery is being reduced.,elsewhere in the deposit,0.697,0.839,0.0,,,
D0054,supported (reworded),medium,1.1,"The word ""illusion"" is doing real work here.",1.2,None of these sources is used as a premise here.,elsewhere in the deposit,0.295,0.455,0.0,,,
D0055,supported (reworded),medium,1.1,"The bookkeeping is simply silent, and everyone reads the number that is present.",10.1,The reading is the algebraic form of the weak-comparability thesis stated in Section 1.1.,elsewhere in the deposit,0.269,0.427,0.0,,,
D0056,supported (near-verbatim),high,1.1,"The illusion has two senses, and they are distinct.",1.1,"It has two senses, and they are distinct.",elsewhere in the deposit,0.835,0.864,0.0,,,
D0057,supported (near-verbatim),high,1.1,"It is the compensatory-aggregation failure above: a deficit in one component is offset by a surplus in another, and a positive aggregate reads as adequacy.",1.1,"The first is arithmetic and is the compensatory-aggregation failure above — a deficit in one component offset by a surplus in another, so that a positive aggregate reads as adequate.",aligned passage,0.819,0.875,0.857,,,
D0058,supported (near-verbatim),high,1.1,Section 10.1 formalises this sense as an aggregation obstruction.,1.1,This article formalises this sense as the aggregation obstruction of Section 10.1.,aligned passage,0.857,0.741,0.857,,,
D0059,supported (near-verbatim),high,1.1,The second sense is dynamical: inflated yield.,1.1,The second sense is dynamical and is yield inflation.,elsewhere in the deposit,0.724,0.771,0.0,,"polarity phrased differently (passage no negator, draft ['not'])",
D0060,supported (near-verbatim),high,1.1,"A measured yield can exceed the true sustainable yield when it is held up by drawing down the support pool — groundwater, soil carbon, available nutrients — instead of by the pool's own regrowth.",1.1,"A measured yield can exceed the true sustainable yield when it is maintained by drawing down the support pool — groundwater, soil carbon, bioavailable nutrients — rather than by that pool's regeneration.",elsewhere in the deposit,0.742,0.865,0.0,,"polarity phrased differently (passage no negator, draft ['not'])",
D0061,supported (near-verbatim),high,1.1,The resource looks productive while what sustains it is being sold off.,1.1,The resource appears productive while what sustains it is liquidated silently.,elsewhere in the deposit,0.583,0.762,0.0,,,
D0062,supported (reworded),medium,1.1,"""Support pool"" means exactly one thing here: a stock that receives the current draw and is not renewed as fast.",2.1,"A *stock* is a compartment's current amount of a species, with a physical unit.",elsewhere in the deposit,0.263,0.387,0.0,,,
D0063,supported (reworded),medium,1.1,The diagnosis does not need a superficially non-renewable reserve.,1.1,"The support pool need not be a superficially non-renewable reserve for this diagnosis to run, and it can be read in more than one way at once — as natural capital, as a stock, or as a slowly regenerating flow of services.",elsewhere in the deposit,0.25,0.143,0.0,,,
D0064,supported (reworded),high,1.1,"The same pool can also be read as natural capital, as a stock, or as a slowly regenerating flow of services.",1.1,"The support pool need not be a superficially non-renewable reserve for this diagnosis to run, and it can be read in more than one way at once — as natural capital, as a stock, or as a slowly regenerating flow of services.",elsewhere in the deposit,0.471,0.506,0.0,,,
D0065,supported (reworded),high,1.1,"These are overlapping readings of one pool, not rival claims about it.",1.1,"These are overlapping readings of the same pool, not mutually exclusive ones.",elsewhere in the deposit,0.5,0.685,0.0,,,
D0066,supported (reworded),medium,1.1,Every such pool regrows on some timescale.,1.1,"Every such pool is regenerative on some timescale — a crop within a season, an aquifer within years to decades, a mineral deposit over geological time — and the failure is the same in each case.",aligned passage,0.267,0.33,1.0,,,
D0067,supported (reworded),medium,1.1,An aquifer within years to decades.,1.1,"Every such pool is regenerative on some timescale — a crop within a season, an aquifer within years to decades, a mineral deposit over geological time — and the failure is the same in each case.",aligned passage,0.258,0.305,1.0,,,
D0068,supported (reworded),medium,1.1,A mineral deposit over geological time.,1.1,"Every such pool is regenerative on some timescale — a crop within a season, an aquifer within years to decades, a mineral deposit over geological time — and the failure is the same in each case.",aligned passage,0.297,0.335,1.0,,,
D0069,supported (reworded),medium,1.1,The failure is identical in all three cases.,6,"The distinction matters because ""time to depletion"" is publicly used as if all three were one quantity.",elsewhere in the deposit,0.287,0.406,1.0,,,
D0070,supported (reworded),high,1.1,What decides it is the ratio between the pool's renewal rate and the rate at which it is used.,1.1,What decides is the renewal rate of the pool relative to the rate of use.,aligned passage,0.522,0.585,1.0,,,
D0071,supported (near-verbatim),high,1.1,A draw that falls on the pool's regrowth is sustained use.,1.1,A use that falls on the pool's regeneration is sustained.,aligned passage,0.703,0.811,1.0,,,
D0072,supported (near-verbatim),high,1.1,A draw that falls on the pool itself is liquidation.,1.1,One that falls on the pool itself is liquidation.,aligned passage,0.8,0.909,1.0,,,
D0073,needs check: inference,high,1.1,So a drawdown is recoverable only insofar as the pool regrows faster than it is taken.,1.1,"A drawdown is recoverable only insofar as the pool regenerates faster than it is taken; if a pool regenerates too slowly for the rate at which it is taken, drawdown is still liquidation.",aligned passage,0.553,0.597,1.0,needs check: inference: the sentence opens on an inferential connective and the passage states no consequence,,
D0074,supported (reworded),high,1.1,"If a pool regrows too slowly for the rate at which it is taken, the drawdown is liquidation however large the pool is.",1.1,"A drawdown is recoverable only insofar as the pool regenerates faster than it is taken; if a pool regenerates too slowly for the rate at which it is taken, drawdown is still liquidation.",aligned passage,0.506,0.562,1.0,,,
D0075,supported (near-verbatim),high,1.1,The size of a pool is a property of the resource.,1.1,The size of the pool is a property of the resource.,aligned passage,1.0,0.959,1.0,,,
D0076,supported (near-verbatim),high,1.1,Whether its drawdown is recoverable is a property of the rate.,1.1,Whether a drawdown is recoverable is a property of the rate.,aligned passage,1.0,0.967,1.0,,,
D0077,not a claim (signposting),medium,1.1,"It is a **non-example** in our terms, not a result: the intuition that a huge deposit is therefore safe is not a claim the ledger can even state, because size and recoverability are quantities of different kinds.",2.6,Two results control what the ledger's stock equation becomes when its support pool saturates.,elsewhere in the deposit,0.207,0.313,0.0,,"the sentence reports what the document does, not what the world does",
D0078,supported (reworded),medium,1.1,"Two design choices follow from this reading, and both are load-bearing.",2.1,Two readings follow from the definition.,elsewhere in the deposit,0.388,0.523,0.0,,,
D0079,supported (reworded),medium,1.1,"The first is that a measured yield is booked against its own generating flux, never against a stock level.",1.1,The yield-inflation sense is the wear phase: measured yield stays up while nothing in the yield series records the drawdown.,elsewhere in the deposit,0.273,0.418,0.0,,,
D0080,supported (reworded),medium,1.1,A revenue or an extraction rate is recorded from the flow that produced it.,1.1,Whether a drawdown is recoverable is a property of the rate.,elsewhere in the deposit,0.301,0.466,0.0,,"polarity phrased differently (passage no negator, draft ['cannot', 'never'])",
D0081,unsupported: no partner located,medium,1.1,That is why support drawdowns cannot be traded against revenue anywhere in the ledger.,1.3,"Section 10 states what the ledger does not support, and Section 11 concludes.",elsewhere in the deposit,0.212,0.237,0.0,,nothing in the deposit shares enough content words with this sentence to be its original,
D0082,supported (reworded),medium,1.1,The second is that the two-pool architecture exists to detect the wear phase of the productivity illusion.,1.1,The two-pool architecture of this article exists to detect exactly this yield-inflation sense.,elsewhere in the deposit,0.432,0.533,0.0,,,
D0083,supported (reworded),medium,1.1,In plain terms: it is built to make a hidden drawdown visible while the yield line still looks normal.,1.1,The yield-inflation sense is the wear phase: measured yield stays up while nothing in the yield series records the drawdown.,elsewhere in the deposit,0.28,0.398,0.0,,,
D0084,supported (reworded),medium,1.1,"It is built to detect this phase, and no more.",1.1,The two-pool architecture of this article exists to detect exactly this yield-inflation sense.,elsewhere in the deposit,0.285,0.444,0.0,,,
D0085,needs check: scope,medium,1.1,"That distinction has teeth, because the article does not oversell it.",6,"The distinction matters because ""time to depletion"" is publicly used as if all three were one quantity.",elsewhere in the deposit,0.354,0.527,0.0,needs check: scope: the sentence this one restates is conditioned by ['if']; the draft states it unconditionally,,
D0086,supported (reworded),medium,1.1,No two-pool model is claimed as established.,1.2,**What is not claimed.** The article is equally explicit about what it does not establish.,elsewhere in the deposit,0.331,0.397,0.0,,,
D0087,supported (reworded),high,1.1,"The groundwater two-pool model is a **registered open gap**, and the applied object actually admitted is a one-pool affine approximation (Section 8.2).",1.1,"The groundwater two-pool model is a registered open gap whose admitted applied object is the one-pool affine approximation (Section 8.2), and spawning biomass is explicitly not an abiotic support pool (Section 6.5.4).",elsewhere in the deposit,0.635,0.647,0.0,,,
D0088,needs check: attribution,high,1.1,Spawning biomass is explicitly not an abiotic support pool (Section 6.5.4).,6.5.4,Spawning biomass is not an abiotic support pool.,elsewhere in the deposit,0.723,0.803,0.0,"needs check: strength: the passage hedges with ['would']; this sentence asserts without a hedge | needs check: attribution: the sentence this one restates cites Ricard, 2012; the draft dropped the source",,
D0089,not a claim (signposting),medium,1.1,"And ""the stock is large"" is not an available argument at all: size and recoverability are different kinds of quantity, and every depletion horizon in this article is stated against a rate and a barrier.",6,"The distinction matters because ""time to depletion"" is publicly used as if all three were one quantity.",elsewhere in the deposit,0.241,0.343,0.0,,"the sentence reports what the document does, not what the world does",
D0090,supported (near-verbatim),high,1.1,The asymmetry that makes this second sense dangerous has a mechanical picture.,1.1,The temporal asymmetry that makes the yield-inflation sense dangerous has a mechanical picture.,aligned passage,0.766,0.847,0.667,,,
D0091,supported (reworded),medium,1.1,An elevator rated for ten people will carry fourteen for a long time.,1.1,An elevator rated for ten people will hold fourteen for a long time: the cable does not part on the fourteenth passenger but only after the accumulated wear it never shows.,aligned passage,0.449,0.529,0.667,,,
D0092,supported (reworded),medium,1.1,The cable does not part on the fourteenth passenger.,1.1,An elevator rated for ten people will hold fourteen for a long time: the cable does not part on the fourteenth passenger but only after the accumulated wear it never shows.,aligned passage,0.349,0.462,0.667,,,
D0093,supported (reworded),medium,1.1,"It parts later, under accumulated wear that the passenger count never shows.",1.1,An elevator rated for ten people will hold fourteen for a long time: the cable does not part on the fourteenth passenger but only after the accumulated wear it never shows.,aligned passage,0.335,0.385,0.667,,,
D0094,supported (reworded),medium,1.1,During the overshoot nothing announces the damage.,1.1,"During the overshoot nothing announces the damage — the wear is diffuse, gradual, and invisible to everyone riding the car — while the snap, when it comes, is sudden and total.",aligned passage,0.38,0.45,0.667,,,
D0095,supported (reworded),medium,1.1,"The wear is diffuse, gradual, and invisible to everyone riding.",1.1,"During the overshoot nothing announces the damage — the wear is diffuse, gradual, and invisible to everyone riding the car — while the snap, when it comes, is sudden and total.",aligned passage,0.447,0.524,0.667,,,
D0096,supported (reworded),medium,1.1,"The snap, when it comes, is sudden and total.",1.1,"During the overshoot nothing announces the damage — the wear is diffuse, gradual, and invisible to everyone riding the car — while the snap, when it comes, is sudden and total.",aligned passage,0.325,0.398,0.667,,,
D0097,supported (near-verbatim),high,1.1,"The productivity illusion is the wear phase: measured yield stays up, and nothing in the yield record registers the drawdown.",1.1,The yield-inflation sense is the wear phase: measured yield stays up while nothing in the yield series records the drawdown.,aligned passage,0.666,0.774,0.667,,,
D0098,supported (reworded),high,1.1,The two-pool architecture exists to make the wear measurable while the cable still holds.,1.1,"The two-pool architecture exists for exactly this reason: to make the wear measurable while the cable still holds, not to predict the snap (Section 7 states what the passage-time results do and do not condition on).",aligned passage,0.561,0.59,0.667,,,
D0099,not a claim (signposting),medium,1.1,"Section 7 states what the passage-time results do and do not condition on, and it is not a snapping-time calculation.",1.1,"The two-pool architecture exists for exactly this reason: to make the wear measurable while the cable still holds, not to predict the snap (Section 7 states what the passage-time results do and do not condition on).",aligned passage,0.354,0.449,0.667,,"the sentence reports what the document does, not what the world does",
D0100,supported (reworded),high,1.1,"What Section 6.5.2 actually reports is per-resource, per-pool horizons for each component, at each object's own status.",1.1,"What Section 6.5.2 actually reports is per-resource, per-pool component-resolved horizons at each object's own status — not a supporting-pool column that the applied data do not carry.",elsewhere in the deposit,0.634,0.653,0.0,,,
D0101,supported (reworded),medium,1.1,"There is no ""supporting pool"" column, because the applied data do not carry one.",1.1,"What Section 6.5.2 actually reports is per-resource, per-pool component-resolved horizons at each object's own status — not a supporting-pool column that the applied data do not carry.",elsewhere in the deposit,0.367,0.512,0.0,,,
D0102,supported (near-verbatim),high,1.1,**Why reserve-life arithmetic is not a forecast.** The classification-drift failure is well documented on the data side.,1.1,The classification-drift failure is well documented on the data side.,aligned passage,0.712,0.749,1.0,,"attribution moved: Tilton, 2003, Lagos & Tilton, 2007, Srivastava & Vegi, 2024 are cited elsewhere in the deposit ; polarity phrased differently (passage no negator, draft ['not'])",
D0103,supported (near-verbatim),high,1.1,"A reserve-life ratio is arithmetic: reserves left, divided by current production.",1.1,Reserve-life ratios are arithmetic: remaining reserves divided by current production.,aligned passage,0.82,0.855,1.0,,"attribution moved: Tilton, 2003, Lagos & Tilton, 2007, Srivastava & Vegi, 2024 are cited elsewhere in the deposit",
D0104,supported (near-verbatim),high,1.1,"Because reserves are an *economic* classification — they move with price, technology, exploration, and regulation — the quotient is not an exhaustion forecast.",1.1,"Because reserves are an economic classification that changes with prices, technology, exploration, and regulation — not a fixed physical stock — the ratio is not an exhaustion forecast.",aligned passage,0.673,0.836,1.0,,"attribution moved: Tilton, 2003, Lagos & Tilton, 2007, Srivastava & Vegi, 2024 are cited elsewhere in the deposit",
D0105,not a claim (signposting),medium,1.1,"""Reserves"" in this article means exactly one thing: the economically extractable portion as classified by the publishing agency, at the vintage of the report, in the report's own units.",1.1,The two-pool architecture of this article exists to detect exactly this yield-inflation sense.,aligned passage,0.213,0.312,1.0,,"the sentence reports what the document does, not what the world does",
D0106,supported (reworded),medium,1.1,This is the USGS/industry definition and not any other.,2.1,Two readings follow from the definition.,elsewhere in the deposit,0.291,0.413,1.0,,,
D0107,excluded: shared verbatim,n/a,1.1,The critique has been made forcefully for phosphate.,,,identical text,1.0,1.0,,,,
D0108,supported (reworded),high,1.1,"Illakwahhi, Vegi and Srivastava (2024) show that influential ""depletion within a century"" estimates rest on single-source US Geological Survey data of questionable credibility, ignore recovery and recycling, and that timeframes estimated from inadequate reserve data ""are somewhat misleading"".",1.1,"Illakwahhi, Vegi, and Srivastava (2024) show that the influential ""depletion within a century"" estimates rest on single-source U.S. Geological Survey (USGS) data whose credibility is questionable, ignore recovery and recycling, and that timeframes estimated from inadequate reserve data ""are somewhat misleading."" The same point is standard in mineral economics, where the distinction between reserves and resources has been central at least since Tilton (2003).",aligned passage,0.625,0.392,1.0,,"attribution moved: Lagos & Tilton, 2007 are cited elsewhere in the deposit ; polarity phrased differently (passage no negator, draft ['not'])",
D0109,supported (reworded),medium,1.1,"The same point is standard in mineral economics, where the reserves-versus-resources distinction has been central at least since Tilton (2003).",1.1,"Illakwahhi, Vegi, and Srivastava (2024) show that the influential ""depletion within a century"" estimates rest on single-source U.S. Geological Survey (USGS) data whose credibility is questionable, ignore recovery and recycling, and that timeframes estimated from inadequate reserve data ""are somewhat misleading."" The same point is standard in mineral economics, where the distinction between reserves and resources has been central at least since Tilton (2003).",aligned passage,0.268,0.155,1.0,,,
D0110,supported (near-verbatim),high,1.1,"The United States' phosphate reserves have stayed near 1,000,000 kt for decades, while cumulative production since 1996 is of the order of 600,000 kt.",1.1,The United States' phosphate reserves have remained near kt for decades while cumulative production since 1996 is of order kt.,aligned passage,0.826,0.888,1.0,,"attribution moved: Lagos & Tilton, 2007 are cited elsewhere in the deposit ; polarity phrased differently (passage no negator, draft ['not'])",
D0111,supported (near-verbatim),high,1.1,"The classification refills itself, and any ratio built on it inherits that behaviour.",1.1,"The classification replenishes itself, and a ratio built on it inherits that behaviour.",aligned passage,0.811,0.929,1.0,,"attribution moved: Tilton, 2003, Srivastava & Vegi, 2024 are cited elsewhere in the deposit ; polarity phrased differently (passage no negator, draft ['not'])",
D0112,supported (near-verbatim),high,1.1,"For copper, Tilton and Lagos (2007) document reserves growing through a century of rising production.",1.1,"For copper, Tilton and Lagos (2007) document reserves growing through a century of rising production — the same replenishment under the same classification.",aligned passage,0.76,0.782,1.0,,"attribution moved: Tilton, 2003, Srivastava & Vegi, 2024 are cited elsewhere in the deposit ; polarity phrased differently (passage no negator, draft ['not'])",
D0113,supported (near-verbatim),high,1.1,"**The same conflation runs through accounting itself.** Material flow analysis supplies the bookkeeping of a society's material throughput (Brunner and Rechberger, 2004; Eurostat, 2001; Fischer-Kowalski et al., 2011).",1.1,"Material flow analysis supplies the bookkeeping of society's material throughput (Brunner and Rechberger, 2004; Eurostat, 2001; Fischer-Kowalski et al., 2011).",elsewhere in the deposit,0.781,0.848,0.0,,"polarity phrased differently (passage no negator, draft ['not'])",
D0114,supported (near-verbatim),high,1.1,"Its wiring is shared with reaction-network theory, where the signs in the stoichiometric matrix are themselves a conservation object (Feinberg, 2019).",1.1,"Its incidence structure is shared with reaction-network theory, where the sign pattern of the stoichiometric matrix is a conservation object (Feinberg, 2019).",elsewhere in the deposit,0.765,0.845,0.0,,"polarity phrased differently (passage no negator, draft ['not'])",
D0115,supported (reworded),medium,1.1,But four things look alike and are not the same thing:,1.1,Same dimension does not imply same quantity.,elsewhere in the deposit,0.279,0.417,0.0,,,
D0116,needs check: attribution,medium,,1. **bookkeeping balance** — the accounts add up; 2. **stoichiometric conservation** — the declared materials are conserved by construction; 3. **thermodynamic admissibility** — the flows are physically possible; 4. **sustainability safety** — the declared limits hold.,1.1,"But bookkeeping balance, stoichiometric conservation, thermodynamic admissibility, and sustainability safety are four different predicates, and the literature routinely slides between them.",elsewhere in the deposit,0.426,0.522,0.0,"needs check: attribution: the sentence this one restates cites Feinberg, 2019; the draft dropped the source",,
D0117,excluded: shared verbatim,n/a,1.1,A mass-balanced ledger can be chemically impossible.,,,identical text,1.0,1.0,,,,
D0118,supported (near-verbatim),high,1.1,A chemically consistent ledger can break every declared barrier.,1.1,A chemically consistent ledger can violate every declared barrier.,aligned passage,0.845,0.922,1.0,,,
D0119,supported (near-verbatim),high,1.1,A ledger that satisfies all declared barriers can fail conservation.,1.1,A ledger satisfying all declared barriers can fail conservation.,aligned passage,0.845,0.923,1.0,,,
D0120,not a claim (signposting),high,1.1,"Separating these layers, and proving what each one buys, is this article's first task (Section 3).",1.1,"Separating these layers and proving their relationships, so that each claim about a material system carries the predicate it actually establishes, is this article's first task (Section 3).",aligned passage,0.543,0.642,1.0,,"the sentence reports what the document does, not what the world does",
D0121,supported (reworded),medium,1.1,"""Each claim carries the predicate it actually establishes"" is the exact discipline that sentence names.",1.1,"Separating these layers and proving their relationships, so that each claim about a material system carries the predicate it actually establishes, is this article's first task (Section 3).",aligned passage,0.409,0.511,1.0,,,
D0122,supported (near-verbatim),high,1.2,"**Task two is non-compensation.** Ecological economics has a thesis called weak comparability: the values that matter in environmental decisions may not be commensurable in one metric (Martinez-Alier, Munda and O'Neill, 1998).",1.1,"The weak-comparability thesis of ecological economics holds that values relevant to environmental decisions may not be commensurable in a single metric (Martinez-Alier, Munda, and O'Neill, 1998).",aligned passage,0.64,0.754,0.577,,,
D0123,needs check: scope,high,1.2,"In material accounting the thesis has a precise algebraic form, stated in Section 10.1: **no non-negative weighting of component balances can certify that every component clears its floor.** A positive weighted sum never proves that the individual parts are non-negative.",1.1,"At the level of material accounting this thesis has a precise algebraic form, which Section 10.1 states: no nonnegative weighting of component balances certifies that every component satisfies its floor.",aligned passage,0.645,0.702,0.577,needs check: scope: the sentence this one restates is conditioned by ['at the level of']; the draft states it unconditionally,,
D0124,not a claim (signposting),medium,1.2,"**Task three is to put substitution inside the ledger, not beside it.** Weak and strong sustainability are not rival hypotheses.",1.1,"The third task is to locate substitution within the ledger, rather than alongside it.",elsewhere in the deposit,0.344,0.48,0.0,,"the sentence reports what the document does, not what the world does",
D0125,supported (reworded),medium,1.2,They are two regimes of one dynamic system.,6.2,"The comparison is the standard one for one-dimensional monotone dynamics (Smith, 1995). □",elsewhere in the deposit,0.365,0.528,0.0,,"attribution moved: Neumayer, 2013 are cited elsewhere in the deposit ; polarity phrased differently (passage no negator, draft ['not'])",
D0126,supported (reworded),medium,1.2,"What separates them is not whether substitution alone keeps up with depletion, but whether the material cycle can be closed at the rate of use.",,"Weak and strong sustainability are two regimes of one system, distinguished by whether the material cycle closes at the rate of use.",elsewhere in the deposit,0.439,0.554,0.0,,"attribution moved: Neumayer, 2013 are cited elsewhere in the deposit ; polarity phrased differently (passage no negator, draft ['not'])",
D0127,supported (reworded),medium,1.2,"It is not the received distinction in the literature, which turns on whether natural capital can be substituted (Neumayer, 2013; Ekins et al., 2003).",1.1,"Weak and strong sustainability are not competing hypotheses but two regimes of one dynamic system, distinguished not by whether substitution alone keeps pace with depletion but by whether the material cycle can be closed at the rate of use — a reading of the two regimes developed for the ledger, not the received distinction of the literature, which turns on the substitutability of natural capital (Neumayer, 2013; Ekins et al., 2003).",elsewhere in the deposit,0.324,0.116,0.0,,,
D0128,supported (reworded),medium,1.2,*Weak sustainability* is the idealised regime.,1.1,Sustainability accounting fails in two characteristic ways.,elsewhere in the deposit,0.268,0.396,0.0,,,
D0129,supported (reworded),high,1.2,People consume and multiply slowly enough that technological substitution and natural regeneration together move matter so that it is used as it appears.,1.1,Weak sustainability is the idealized regime: humans consume and populate slowly enough that technological substitution and natural regeneration together redistribute matter so that it is used as it arises.,elsewhere in the deposit,0.455,0.31,0.0,,"polarity phrased differently (passage ['not'], draft no negator)",
D0130,supported (reworded),medium,1.2,"On timescales people care about, substitution is the dominant term.",1.1,Each of these quantities is informative about something.,elsewhere in the deposit,0.27,0.417,0.0,,,
D0131,supported (reworded),high,1.2,"Natural regeneration is far slower, sometimes on geological timescales, and it is included for physical completeness rather than as a co-equal mechanism (Daly, 1990).",1.1,"On human-relevant timescales substitution is the dominant term; natural regeneration acts far more slowly — often on deep-time scales — and is included for physical completeness rather than as a co-equal mechanism (Daly, 1990).",elsewhere in the deposit,0.55,0.606,0.0,,,
D0132,not a claim (signposting),medium,1.2,"That ""deep time"" clause needs a scope, because read too widely it would sit badly against the article's own recoverability rule.",1.1,"The deep-time clause is scoped to the slow compartments — geological donors and mineral stocks, whose renewal runs on deep time.",aligned passage,0.266,0.389,0.6,,"the sentence reports what the document does, not what the world does",
D0133,needs check: attribution,high,1.2,"It applies only to the slow compartments: geological donors and mineral stocks, which renew on deep time.",1.1,"The deep-time clause is scoped to the slow compartments — geological donors and mineral stocks, whose renewal runs on deep time.",aligned passage,0.713,0.805,0.6,"needs check: attribution: the sentence this one restates cites Daly, 1990; the draft dropped the source",,
D0134,supported (reworded),low,1.2,It does not apply to the compartments the applied record actually tabulates.,1.1,"The regenerative compartments this article's applied record tabulates renew on human timescales — a crop within a season, an aquifer within years to decades, a fish stock within years — so for them regeneration is a co-equal or dominant term, and the regime question is decided by the rate of use relative to that renewal, not by any deep-time regeneration.","aligned passage, weak",0.129,0.047,0.6,,,
D0135,supported (reworded),medium,1.2,"Those renew on human timescales — a crop within a season, an aquifer within years to decades, a fish stock within years.",1.1,"The regenerative compartments this article's applied record tabulates renew on human timescales — a crop within a season, an aquifer within years to decades, a fish stock within years — so for them regeneration is a co-equal or dominant term, and the regime question is decided by the rate of use relative to that renewal, not by any deep-time regeneration.",aligned passage,0.439,0.488,0.6,,,
D0136,supported (reworded),medium,1.2,"For them, regeneration is a co-equal or dominant term, and the regime is decided by the rate of use against that renewal rate, not by any deep-time regrowth.",1.1,"The regenerative compartments this article's applied record tabulates renew on human timescales — a crop within a season, an aquifer within years to decades, a fish stock within years — so for them regeneration is a co-equal or dominant term, and the regime question is decided by the rate of use relative to that renewal, not by any deep-time regeneration.",aligned passage,0.376,0.394,0.6,,,
D0137,needs check: strength,high,1.2,"In this idealised closure, the by-products of use — carbon taken from the atmosphere, chemicals released to air, water and soil — come back into use in time.",1.1,"In this idealized closure the byproducts of use — carbon drawn from the atmosphere, chemical substances released to air, water, and soil — are returned to use in time and are therefore not waste.",elsewhere in the deposit,0.64,0.808,0.0,"needs check: strength: the passage hedges with ['relative', 'relative to']; this sentence asserts without a hedge",,
D0138,supported (reworded),high,1.2,"So they are not waste. **Waste is a relationship, not a property of a substance.** Waste is matter that, under the present relation and the present circumstances, accumulates because there is not yet the knowledge, the technology, or the timely redistribution to use it.",1.1,"It is the matter that, under the present relation and circumstances, accumulates because it cannot be put to immediate use for lack of knowledge, technology, or timely redistribution.",elsewhere in the deposit,0.599,0.642,0.0,,,
D0139,supported (near-verbatim),high,1.2,A chemical that is a product in one setting is waste-in-waiting in another.,1.1,"So a chemical substance that is a product in one context is waste-in-waiting in another, and no substance is waste by its nature.",elsewhere in the deposit,0.599,0.68,0.0,,,
D0140,needs check: attribution,high,1.2,"*Strong sustainability* is the regime where the closure fails: either because no identified physical pathway re-routes the extracted matter, or because depletion outruns the rate at which such a pathway could be built.",1.1,"Strong sustainability is the regime in which that closure fails — either because no identified physical pathway re-routes the extracted matter, or because depletion outruns the rate at which such a pathway could be deployed (Neumayer, 2013; Ekins et al., 2003).",aligned passage,0.798,0.855,0.917,"needs check: attribution: the sentence this one restates cites Neumayer, 2013; the draft dropped the source",,
D0141,needs check: attribution,high,1.2,Substitution is admissible only where a physical pathway has been identified and does not draw a different critical stock down.,1.1,Substitution is admissible only where an identified physical pathway exists and does not draw down a different critical stock.,aligned passage,0.917,0.829,0.917,"needs check: attribution: the sentence this one restates cites Neumayer, 2013; the draft dropped the source",,
D0142,supported (near-verbatim),high,1.2,No substitute counts just because an aggregate production function or a weighted index allows it.,1.1,No substitute is admitted merely because an aggregate production function or a weighted index permits it.,aligned passage,0.699,0.83,0.917,,,
D0143,supported (near-verbatim),high,1.2,"In ledger terms a substitute is one of two things: a recycled or recovered flux returned to the regenerating pool, or a non-renewable drawdown taken from a second compartment.",1.1,"In ledger terms, a substitute is either a recycled or recovered flux returned to the regenerating pool, or a non-renewable drawdown on a second compartment.",aligned passage,0.829,0.916,0.917,,"polarity phrased differently (passage no negator, draft ['not'])",
D0144,supported (near-verbatim),high,1.2,"They are different entries, and they carry different statuses (Sections 2.3 and 6).",1.1,"The two are different ledger entries and carry different statuses (Section 2.3, Section 6).",aligned passage,0.744,0.841,0.917,,"polarity phrased differently (passage no negator, draft ['not'])",
D0145,supported (reworded),medium,1.2,"**The two regimes are two readings of one object.** The scalar reading is : total regeneration flow, with the regrowth rate per unit mass and the mass of the natural block.",1.1,The two regimes correspond to two readings of the same object.,elsewhere in the deposit,0.305,0.382,0.0,,,
D0146,supported (reworded),medium,1.2,"These two letters are local to the introduction, because from Section 2.2 onwards means something else (gross turnover ) while keeps its natural-block meaning.",1.1,"The scalar reading — the aggregate regeneration flow, with the per-unit-mass regeneration rate and the natural-block mass; letters local to the introduction, since from Section 2.2 on names the gross turnover while keeps the natural-block-mass reading — against consumption is the weak-sustainability flow check: does the cycle close in aggregate?",elsewhere in the deposit,0.29,0.272,0.0,,,
D0147,supported (reworded),medium,1.2,"Against consumption, is the weak-sustainability flow check: does the cycle close in total?",1.1,"The scalar reading — the aggregate regeneration flow, with the per-unit-mass regeneration rate and the natural-block mass; letters local to the introduction, since from Section 2.2 on names the gross turnover while keeps the natural-block-mass reading — against consumption is the weak-sustainability flow check: does the cycle close in aggregate?",elsewhere in the deposit,0.269,0.205,0.0,,,
D0148,supported (reworded),high,1.2,The multi-compartment ledger is the vector reading: does the cycle close only by emptying a critical compartment or by over-filling the waste one?,1.1,"The multi-compartment ledger is the vector reading: does it close only by drawing down a critical compartment or by over-filling the waste compartment — that is, are local depletions or waste accumulation merely being pushed off-book?",elsewhere in the deposit,0.524,0.58,0.0,,"polarity phrased differently (passage ['neither'], draft no negator)",
D0149,supported (reworded),medium,1.2,"That is, is a local depletion or a waste pile-up just being moved off the books?",,Depletion indicators can carry similar units while being built to inform distinct questions.,elsewhere in the deposit,0.253,0.369,0.0,,,
D0150,supported (near-verbatim),high,1.2,"Both readings are needed, and neither demotes stocks.",1.1,"Both readings are required, and neither demotes stocks.",aligned passage,0.829,0.923,1.0,,,
D0151,not a claim (signposting),high,1.2,"The ledger keeps stock compartments first-class, and it supplies the thresholds, hitting times and sink constraints from which is derived.",1.1,"The ledger keeps the stock compartments first-class and supplies the thresholds, hitting times, and sink constraints from which is derived.",aligned passage,1.0,0.974,1.0,,"the sentence reports what the document does, not what the world does",
D0152,supported (near-verbatim),high,1.2,"The scalar reading is the operational overshoot test, run on top of that.",1.1,The scalar reading is the operational overshoot test on top of it.,aligned passage,0.903,0.941,1.0,,,
D0153,supported (near-verbatim),high,1.2,"A one-period check says nothing about what has to hold over time, namely that the checks do not drift into overshoot as the system moves.",1.1,"Both readings are instantaneous; a single-period check has no view of what must also hold over time, namely that the checks do not drift into overshoot.",elsewhere in the deposit,0.58,0.709,0.0,,,
D0154,supported (reworded),high,1.2,"The balance has to hold while neither consumption nor population grows faster than the productivity supporting them, and the drawdown must not be recoverable only on a timescale longer than the time it takes to draw it down.",1.1,"The balance must be maintained as neither consumption nor population grows faster than the productivity that supports them, and the drawdown must not be recoverable only on a timescale longer than it is taken.",elsewhere in the deposit,0.636,0.089,0.0,,,
D0155,supported (near-verbatim),high,1.2,The scenario-conditioned hitting time of Section 6.5.2 exists to give that drift a horizon.,1.1,The scenario-conditioned hitting time of Section 6.5.2 exists to give the drift a horizon.,elsewhere in the deposit,1.0,0.983,0.0,,,
D0156,supported (reworded),high,1.2,"The reserve classification carries the same point: a horizon estimate built on reserves inherits the substitution and technology assumptions inside the classification, which is why it is read as a ratio, never as a forecast.",11,"An exhaustion-horizon estimate built on a reserve figure carries the substitution and technology premises of the reserve classification, not a physical forecast.",elsewhere in the deposit,0.498,0.608,0.0,,,
D0157,needs check: inference,high,1.2,So this article builds the accounting layer that resists these failures.,1.1,This article builds the accounting layer that resists these failures.,aligned passage,1.0,0.978,1.0,needs check: inference: the sentence opens on an inferential connective and the passage states no consequence,,
D0158,supported (reworded),high,1.2,"Its objects are typed ledgers in which conservation follows from the wiring, positivity follows from donor limitation, services are readings rather than conserved mass, and every depletion quantity carries its own classification, stated at its actual strength.",1.1,"Its objects are typed ledgers in which conservation follows from the incidence structure, positivity follows from donor limitation, services are readouts rather than conserved mass, and each depletion quantity carries its own classification, stated at its actual strength.",aligned passage,0.731,0.272,1.0,,,
D0159,supported (near-verbatim),high,1.2,"1. **A typed primitive-flux ledger.** *(definitions; §2)* Every compartment has a material identity, a boundary and a unit.",1.2,"1. **A typed primitive-flux ledger.** Compartments carry a material identity, a boundary, and a unit.",aligned passage,0.738,0.864,1.0,,"attribution moved: Aubin, 1991, Jacquez & Simon, 1993, Feinberg, 2019 are cited elsewhere in the deposit ; polarity phrased differently (passage no negator, draft ['cannot'])",
D0160,supported (near-verbatim),high,1.2,"Non-negative primitive fluxes connect compartments through a signed incidence matrix — the compartment-and-flow bookkeeping of material flow analysis (Brunner and Rechberger, 2004; Fischer-Kowalski et al., 2011) and the incidence formalism of reaction-network theory (Feinberg, 2019).",1.2,"Non-negative primitive fluxes connect them through a signed incidence matrix (the compartment–flux bookkeeping of material flow analysis: Brunner and Rechberger, 2004; Fischer-Kowalski et al., 2011; the incidence formalism of reaction-network theory: Feinberg, 2019).",aligned passage,1.0,0.792,1.0,,"attribution moved: Aubin, 1991, Jacquez & Simon, 1993, Feinberg, 2019 are cited elsewhere in the deposit ; polarity phrased differently (passage no negator, draft ['cannot'])",
D0161,excluded: shared verbatim,n/a,1.2,Conversions between types appear only as explicit stoichiometric coefficients.,,,identical text,1.0,1.0,,,,
D0162,supported (reworded),high,1.2,"Every one-way transfer is donor-limited: it cannot exceed what its source holds. 2. **Three certification layers, separated and proved.** *(theorems; §3)* Accounting consistency (the balance law holds), conservation consistency (the declared moieties are invariant up to boundary flows) and barrier safety (the declared lower and upper barriers hold) are different predicates with different proof obligations.",1.2,"2. **Three certification layers, separated and proved.** Accounting consistency (the balance law holds), conservation consistency (declared moieties are invariant up to boundary flows), and barrier safety (declared lower and upper barriers hold) are distinct predicates with distinct proof obligations.",aligned passage,0.697,0.015,1.0,,"attribution moved: Aubin, 1991, Jacquez & Simon, 1993, Brunner & Rechberger, 2004 are cited elsewhere in the deposit ; polarity phrased differently (passage no negator, draft ['cannot'])",
D0163,supported (reworded),medium,1.2,"The flux-reconstruction identity, the conservation-law reduction and the flux-bounding envelope theorem — with a barrier-certificate corollary — are proved in full. 3. **The closed finite-donor theorem set.** *(theorems; §4)* For the closed ledger in which the geological donor is a state and no derived target appears: the natural-block mass identity, orthant invariance, no interior rest point at positive effort, the vanishing-extraction rest set (extinction, carrying capacity, and the frozen-biomass face), and integrability of extraction against the finite donor budget.",1.2,"The flux-reconstruction identity, the conservation-law reduction, and a flux-bounding envelope theorem — with a barrier certificate corollary — are proved in full (Section 3).",aligned passage,0.354,0.458,1.0,,"attribution moved: Aubin, 1991, Jacquez & Simon, 1993, Brunner & Rechberger, 2004 are cited elsewhere in the deposit ; polarity phrased differently (passage no negator, draft ['cannot'])",
D0164,supported (reworded),medium,1.2,"Positivity is proved face by face using the tangent cone (Aubin, 1991); the classical compartmental-systems non-negativity theory (Jacquez and Simon, 1993) is the lineage. 4. **Depletion arithmetic.** *(taxonomy and bounds; §6.1–6.5)* Depletion time is split into three non-interchangeable quantities — gross turnover intensity, a frozen-rate ratio, and a scenario-conditioned hitting time — extended to upper barriers, infimum exit times and infinite-horizon maintainability, with uniform-drift bounds proved and the failure of ""positive extraction implies finite exhaustion"" shown by counterexample. 5. **Application classifications at exact status.** *(classification; §6.5)* The G3P anomaly-persistence index, the phosphate reserve-life ratio and the fisheries removals-only pressure time are classified as what they are — statistical index, arithmetic ratio, pressure scale — against the published critiques they corroborate. 6. **First-passage semantics on declared surrogates.** *(derivations with stated non-claims; §7)* The inverse-Gaussian groundwater passage and the geometric-Brownian fisheries passage are stated with complete derivations, the record-relative-barrier discipline, and seven explicit non-claims separating them from the ledger. 7. **The interface with institutional dynamics.** *(interface contract; §9)* The exact shared object with delay-based institutional models is the single-resource deficit identity .",1.2,"4. **Depletion arithmetic.** Depletion time is separated into three non-interchangeable quantities — gross turnover intensity, a frozen-rate ratio, and a scenario-conditioned hitting time — extended to upper barriers, infimum exit times, and infinite-horizon maintainability, with uniform-drift bounds proved and the failure of ""positive extraction implies finite exhaustion"" exhibited by counterexample (Sections 6.1–6.5).",elsewhere in the deposit,0.324,0.028,1.0,,"the figure 1991, 1993 is stated in the deposit but outside this passage ; attribution moved: Aubin, 1991, Jacquez & Simon, 1993, Brunner & Rechberger, 2004 are cited elsewhere in the deposit ; polarity phrased differently (passage no negator, draft ['cannot'])",
D0165,supported (near-verbatim),high,1.2,"The boundary is the non-reduction theorem: there is no exact dynamic reduction from the closed ledger to the open working system, for five stated mathematical reasons.",1.2,"The boundary is the non-reduction theorem: no exact dynamic reduction from the closed ledger to the open working system, for five stated mathematical reasons (Section 9).",elsewhere in the deposit,0.94,0.942,1.0,,"attribution moved: Aubin, 1991, Jacquez & Simon, 1993, Brunner & Rechberger, 2004 are cited elsewhere in the deposit ; polarity phrased differently (passage no negator, draft ['cannot'])",
D0166,not a claim (signposting),high,1.2,**What is not claimed.** The article is as explicit about what it does not establish.,1.2,**What is not claimed.** The article is equally explicit about what it does not establish.,aligned passage,0.901,0.957,1.0,,"the sentence reports what the document does, not what the world does",
D0167,not a claim (signposting),high,1.2,No stochastic completion of the ledger is claimed: the surrogate processes of Section 7 do not conserve the ledger's mass and are not small perturbations of its dynamics.,1.2,No stochastic completion of the ledger is claimed: the surrogate processes of Section 7 do not conserve the ledger's mass and are not perturbations of its dynamics.,aligned passage,0.952,0.982,1.0,,"the sentence reports what the document does, not what the world does",
D0168,supported (near-verbatim),high,1.2,"No identification of the two-pool groundwater hypothesis is claimed — its identification requirements are registered in Section 8, not discharged.",1.2,"No identification of the two-pool groundwater hypothesis is claimed (its identification requirements are registered in Section 8, not discharged).",aligned passage,1.0,0.996,1.0,,,
D0169,excluded: shared verbatim,n/a,1.2,"And no empirical finding about any basin, aquifer or fishery is claimed beyond the descriptive status of the tabulated indicators.",,,identical text,1.0,1.0,,,,
D0170,supported (reworded),medium,1.2,"That is the standing rule of this article, and it is stated in the abstract, here, and again in Sections 7.7, 8, 10.4 and 11, because it is the rule that would otherwise be lost in the middle.",10.1,The reading is the algebraic form of the weak-comparability thesis stated in Section 1.1.,elsewhere in the deposit,0.263,0.387,1.0,,"the figure 10.4, 11 is stated in the deposit but outside this passage",
D0171,excluded: shared verbatim,n/a,1.3,Section 2 defines the typed ledger.,,,identical text,1.0,1.0,,,,
D0172,excluded: shared verbatim,n/a,1.3,Section 3 develops the certification layers and the accounting theorems.,,,identical text,1.0,1.0,,,,
D0173,excluded: shared verbatim,n/a,1.3,Section 4 proves the closed-ledger theorem set.,,,identical text,1.0,1.0,,,,
D0174,excluded: shared verbatim,n/a,1.3,Section 5 adds the service layer and the componentwise deficit.,,,identical text,1.0,1.0,,,,
D0175,excluded: shared verbatim,n/a,1.3,"Section 6 develops the depletion taxonomy, the uniform-drift bounds and the application classifications.",,,identical text,1.0,1.0,,,,
D0176,excluded: shared verbatim,n/a,1.3,Section 8 records the domain templates at registered status.,,,identical text,1.0,1.0,,,,
D0177,excluded: shared verbatim,n/a,1.3,Section 9 fixes the interface with delay dynamics.,,,identical text,1.0,1.0,,,,
D0178,excluded: shared verbatim,n/a,1.3,"Section 10 states what the ledger does not support, and Section 11 concludes.",,,identical text,1.0,1.0,,,,
D0179,supported (reworded),medium,2,**Notation discipline.** One letter carries one kind of thing wherever a computation is displayed.,2,"**Notation.** One letter carries one sort wherever a computation is displayed; section-local aliases are declared where they occur, and the incidence operator is never written (which is reserved for the living stock).",aligned passage,0.304,0.302,0.727,,,
D0180,supported (reworded),medium,2,Section-local aliases are declared where they occur.,2,"**Notation.** One letter carries one sort wherever a computation is displayed; section-local aliases are declared where they occur, and the incidence operator is never written (which is reserved for the living stock).",aligned passage,0.25,0.055,0.727,,,
D0181,supported (reworded),medium,2,The incidence operator is never written — that letter is reserved for the living stock.,2,"**Notation.** One letter carries one sort wherever a computation is displayed; section-local aliases are declared where they occur, and the incidence operator is never written (which is reserved for the living stock).",aligned passage,0.4,0.234,0.727,,,
D0182,not a claim (signposting),high,2,The table below sits at the head of Section 2 so that every alias is declared before it is used.,2,The table sits at the head of Section 2 so that every alias is declared before use:,aligned passage,0.837,0.927,0.727,,"the sentence reports what the document does, not what the world does",
D0183,supported (near-verbatim),high,2.1,Material flow accounting starts from a few distinctions.,2.1,Material flow accounting begins with a small set of distinctions.,aligned passage,0.607,0.739,0.909,,,
D0184,supported (near-verbatim),high,2.1,Unlike substances must be tracked separately.,2.1,Heterogeneous substances must be tracked separately.,aligned passage,0.722,0.821,0.909,,,
D0185,supported (near-verbatim),high,2.1,Conversions between chemical forms must be written out.,2.1,Conversions between chemical forms must be made explicit.,aligned passage,0.675,0.818,0.909,,,
D0186,not a claim (signposting),high,2.1,This section sets out the discipline that makes conservation a property of the structure rather than an assumption.,2.1,This section sets out the incidence discipline that makes conservation a property of the structure rather than an assumption.,aligned passage,0.936,0.958,0.909,,"the sentence reports what the document does, not what the world does",
D0187,not a claim (signposting),high,2.1,The ledger separates four ideas that accounting practice tends to merge.,2.1,The ledger separates four concepts that accounting practice often merges.,elsewhere in the deposit,0.689,0.881,0.0,,"the sentence reports what the document does, not what the world does",
D0188,supported (near-verbatim),high,2.1,"- A **moiety** is a conserved substance class — an element, or a declared conserved combination.",2.1,"A *moiety* is a conserved substance class (an element, or a declared conserved combination) — the only object to which a conservation law attaches.",elsewhere in the deposit,0.701,0.754,0.0,,,
D0189,supported (reworded),medium,2.1,"It is the only kind of object a conservation law attaches to. - A **species** is a chemical or biological form of a moiety. - A **compartment** is a place, spatial or functional, that holds a stock. - A **stock** is the amount of a species currently in a compartment, with a physical unit.",2.1,"A *stock* is a compartment's current amount of a species, with a physical unit.",elsewhere in the deposit,0.304,0.375,0.0,,"polarity phrased differently (passage ['not'], draft no negator)",
D0190,supported (reworded),high,2.1,"""Carbon in the atmosphere"" is a place-specific stock, not a moiety.",2.1,"""Carbon in the atmosphere"" is a location-specific stock, not a moiety: carbon is the moiety, and the atmosphere is a compartment.",aligned passage,0.61,0.641,1.0,,,
D0191,supported (reworded),high,2.1,Carbon is the moiety; the atmosphere is a compartment.,2.1,"""Carbon in the atmosphere"" is a location-specific stock, not a moiety: carbon is the moiety, and the atmosphere is a compartment.",aligned passage,0.667,0.598,1.0,,,
D0192,excluded: shared verbatim,n/a,2.1,Conservation laws are stated per moiety. **Nothing is conserved merely by being a compartment.**,,,identical text,1.0,1.0,,,,
D0193,supported (near-verbatim),high,,"A ledger state collects compartments, and each entry carries a material identity, a spatial support and a physical unit.",,"A ledger state collects compartments, each entry carrying a material identity, spatial support, and physical unit.",elsewhere in the deposit,0.904,0.943,0.0,,,
D0194,supported (reworded),medium,,Internal dynamics use non-negative primitive fluxes:,10.1,"The construction never uses the dynamics: the failure is a property of nonnegative weightings over mixed-sign balances, not of the donor-limited positivity mechanism.",elsewhere in the deposit,0.253,0.37,0.0,,,
D0195,not a claim (signposting),high,2.1,"Read this line in words: *what changes in each box equals the wiring applied to the flows, plus what crosses the boundary, plus a stated disturbance.* Here is the typed stoichiometric (incidence) operator; collects declared boundary states — environmental or companion variables that live outside the ledger; is the declared constitutive parameter vector; collects declared boundary transfers; and belongs to a stated disturbance class.",,"Internal dynamics use non-negative primitive fluxes: where is the typed stoichiometric (incidence) operator, collects the declared boundary states — environmental or companion variables external to the ledger — the declared constitutive parameter vector, collects declared boundary transfers, and belongs to a stated disturbance class.",elsewhere in the deposit,0.463,0.016,0.0,,"polarity phrased differently (passage ['never'], draft no negator) ; the sentence reports what the document does, not what the world does",
D0196,supported (reworded),high,2.1,Entries are added within a row only when their types and units agree.,,"Entries are added within a row only when their types and units agree; a conversion between types is represented by an explicit stoichiometric coefficient, never by an implicit sum.",elsewhere in the deposit,0.517,0.555,0.0,,,
D0197,needs check: attribution,high,2.1,"A conversion between types is an explicit stoichiometric coefficient, never an implicit sum.",1.2,Conversions between types appear only as explicit stoichiometric coefficients.,elsewhere in the deposit,0.609,0.766,0.0,"needs check: attribution: the sentence this one restates cites Brunner & Rechberger, 2004; the draft dropped the source","polarity phrased differently (passage no negator, draft ['never'])",
D0198,supported (reworded),medium,,"If , then : one conservation law per conserved moiety and boundary.",2.1,Conservation laws are stated per moiety; nothing is conserved merely by being a compartment.,elsewhere in the deposit,0.398,0.519,0.0,,,
D0199,supported (reworded),medium,,That identity does **not** create a single scalar sustainability mass across incommensurable systems.,,"If , then one conservation law per conserved moiety and boundary; the identity does not create a scalar sustainability mass across incommensurable systems, and Proposition 42 states exactly in what sense it cannot.",elsewhere in the deposit,0.4,0.333,0.0,,,
D0200,excluded: shared verbatim,n/a,2.1,Three clarifications are part of the statement.,,,identical text,1.0,1.0,,,,
D0201,supported (near-verbatim),high,,A physical disturbance on represented material is a different object from a structural discrepancy term. 2. may contain signed entries even though .,,"First, must itself be typed: a physical disturbance on represented material is a different object from a structural discrepancy term.",aligned passage,0.65,0.749,0.083,,,
D0202,supported (near-verbatim),high,,The sign pattern of the incidence matrix and the non-negativity of the primitives are separate declarations. 3.,,"Second, may contain signed entries even though : the sign pattern of the incidence matrix and the nonnegativity of the primitives are separate declarations.",aligned passage,0.724,0.812,0.083,,,
D0203,supported (reworded),medium,,Forward invariance is a separate requirement.,,"Third, forward invariance is a separate requirement: every primitive outflow must vanish or be limited when its donor compartment is empty, and a target-relaxation flux from a finite donor is admissible only after donor limitation is made explicit.",aligned passage,0.254,0.307,0.083,,,
D0204,supported (near-verbatim),high,,"Every primitive outflow must vanish or be limited when its donor compartment is empty, and a target-relaxation flux from a finite donor is admissible **only after** donor limitation is made explicit.",,"Third, forward invariance is a separate requirement: every primitive outflow must vanish or be limited when its donor compartment is empty, and a target-relaxation flux from a finite donor is admissible only after donor limitation is made explicit.",aligned passage,0.828,0.883,0.083,,,
D0205,excluded: shared verbatim,n/a,2.2,The closed ledger of this article is the finite-donor primitive system.,,,identical text,1.0,1.0,,,,
D0206,supported (near-verbatim),high,2.2,"Let , with the living stock, the active abiotic pool, the geological donor and the detritus compartment.",2.2,"Let with the living stock, the active abiotic pool, the geological donor, and the detritus compartment.",aligned passage,1.0,0.995,1.0,,,
D0207,supported (reworded),medium,2.2,Two saturation factors and three constitutive laws do the work:,2.2,Net regeneration and gross uptake are the constitutive laws and the four geo-interface and closure primitives are,aligned passage,0.332,0.494,1.0,,,
D0208,supported (reworded),medium,,"is net regeneration — how much new living stock appears. is gross uptake — how much mineral the living stock pulls in. is gross turnover: everything the biota moves, whether or not it stays.",2.2,Net regeneration and gross uptake are the constitutive laws and the four geo-interface and closure primitives are,elsewhere in the deposit,0.295,0.393,0.0,,,
D0209,supported (reworded),high,,The four geo-interface and closure primitives are,2.2,Net regeneration and gross uptake are the constitutive laws and the four geo-interface and closure primitives are,elsewhere in the deposit,0.51,0.6,0.0,,"polarity phrased differently (passage no negator, draft ['not'])",
D0210,needs check: attribution,high,2.2,"These donor primitives instantiate one of **three recharge laws** that appear across this article and the companion delay-dynamics analysis (Author, D., et al., *in review*).",2.2,"These donor primitives instantiate one of three recharge laws that appear across this article and the companion delay-dynamics analysis (Abaee, 2026a, doi:10.5281/zenodo.22554217); the three are distinct objects, tabulated once so that none is silently substituted for another:",aligned passage,0.58,0.646,0.5,"needs check: attribution: the sentence this one restates cites Abaee, 2026; the draft dropped the source",,
D0211,supported (reworded),medium,2.2,They are tabulated once so that none is silently substituted for another.,2.2,"These donor primitives instantiate one of three recharge laws that appear across this article and the companion delay-dynamics analysis (Abaee, 2026a, doi:10.5281/zenodo.22554217); the three are distinct objects, tabulated once so that none is silently substituted for another:",aligned passage,0.327,0.398,0.5,,,
D0212,needs check: strength,medium,2.2,"In the closed block, recharge is donor-limited and cannot run backward: at .",2.2,In the closed block no derived target appears.,aligned passage,0.381,0.53,1.0,needs check: strength: the passage hedges with ['appears']; this sentence asserts ['cannot'],,
D0213,needs check: strength,high,2.2,"The positive-part convention — read as a one-way valve at a non-positive target — never binds here, because the registered intrinsic target is positive.",2.2,"Recharge is donor-limited and cannot run backward ( at ; the positive-part convention , read as a one-way valve at a nonpositive target, never binds here because the registered intrinsic target is positive), and mining is donor-limited the same way extraction is.",aligned passage,0.609,0.514,1.0,"needs check: strength: the passage hedges with ['appears']; this sentence asserts ['never', 'never binds']",,
D0214,supported (reworded),medium,2.2,Mining is donor-limited in the same way extraction is.,2.2,"Recharge is donor-limited and cannot run backward ( at ; the positive-part convention , read as a one-way valve at a nonpositive target, never binds here because the registered intrinsic target is positive), and mining is donor-limited the same way extraction is.",aligned passage,0.221,0.224,1.0,,,
D0215,excluded: shared verbatim,n/a,2.2,With the donor fraction is smooth and strictly increasing in the donor level.,,,identical text,1.0,1.0,,,,
D0216,supported (reworded),medium,,"Under the **institutional-failure specialization** ( and — the product, waste and price parameters of the unreduced ledger, its macroeconomic-feedback, recycling and price-response channels, set to zero together with the mining intensity ; the parameters are glossed at their §5.4 site) the closed natural block is",9,"**The exact shared object.** Under the single-resource specialization of Section 5.4 ( — the product, waste, and price parameters of the unreduced ledger: its macroeconomic-feedback, recycling, and price-response channels, per the Section 2.2 gloss — and the mining intensity ) — with the local stock equation , the deficit identity holds for every trajectory of either the specialized ledger or the reduced core (Remark 16).",elsewhere in the deposit,0.333,0.072,0.0,,"polarity phrased differently (passage ['without'], draft no negator)",
D0217,supported (reworded),medium,,This comes with a **memory–effort pair** driven by — never by mining; is the per-effort extraction coefficient of the harvest law.,,"Then , so* *in particular , and no trajectory maintains extraction at the working value for all time; with mining restored, .*",elsewhere in the deposit,0.25,0.368,0.0,,,
D0218,not a claim (signposting),high,,"The pair is the registered object of the companion delay-dynamics analysis (Author, D., et al., *in review*; eq.",,"The pair is the registered object of the companion delay-dynamics analysis (Abaee, 2026a, doi:10.5281/zenodo.22554217; its eq.",elsewhere in the deposit,0.666,0.765,0.0,,"the sentence reports what the document does, not what the world does",
D0219,supported (near-verbatim),high,2.2,Net regeneration is the difference of two non-negative primitives — gross regeneration (support → stock) and density-dependent return (stock → support) — so (2) stays inside the primitive-flux discipline of §2.1 despite the signed entry.,,Net regeneration is the difference of two non-negative primitives — gross regeneration (support stock) and density-dependent return (stock support) — so (2) stays within the primitive-flux discipline of Section 2.1 despite the signed entry.,elsewhere in the deposit,0.905,0.951,0.0,,"polarity phrased differently (passage ['not'], draft no negator)",
D0220,supported (reworded),medium,,The block's harvest routing is the corner of §2.3: harvest leaves the natural block entirely as product.,,"The block's harvest routing is the corner of Section 2.3: harvest exits the natural block entirely as product, and a positive detritus-routed fraction would add to and reduce the block export to ; the mass identity of Theorem 7 is stated for the declared routing.",elsewhere in the deposit,0.358,0.377,0.0,,"polarity phrased differently (passage ['not'], draft no negator)",
D0221,supported (reworded),medium,,A positive detritus-routed fraction would add to and reduce the block export to .,,"The block's harvest routing is the corner of Section 2.3: harvest exits the natural block entirely as product, and a positive detritus-routed fraction would add to and reduce the block export to ; the mass identity of Theorem 7 is stated for the declared routing.",elsewhere in the deposit,0.417,0.472,0.0,,"polarity phrased differently (passage ['not'], draft no negator)",
D0222,supported (reworded),medium,,The mass identity of Theorem 7 is stated **for the declared routing**.,,The identity is stated for the declared harvest routing of Section 2.2; with a detritus-routed harvest fraction the block export is and the identity reads .*,elsewhere in the deposit,0.377,0.433,0.0,,,
D0223,needs check: strength,medium,,"The geological half-saturation is declared positive (for smoothness of ) under the separation-of-scale condition , a regime in which .",,"The registered parameterization is , , , , , , , ; the geological half-saturation is declared positive (smoothness of the donor fraction ) under the separation-of-scale condition , in which regime ; the scale separation is registered rather than a numerical value, and the corner is the discontinuous-perturbation limit, not the registered regime.",elsewhere in the deposit,0.442,0.453,0.0,needs check: strength: the passage hedges with ['would']; this sentence asserts without a hedge,,
D0224,needs check: strength,high,,"The scale separation is **registered rather than a numerical value**, and the corner is the discontinuous-perturbation limit, not the registered regime.",,"The registered parameterization is , , , , , , , ; the geological half-saturation is declared positive (smoothness of the donor fraction ) under the separation-of-scale condition , in which regime ; the scale separation is registered rather than a numerical value, and the corner is the discontinuous-perturbation limit, not the registered regime.",elsewhere in the deposit,0.476,0.377,0.0,needs check: strength: the passage hedges with ['would']; this sentence asserts without a hedge,,
D0225,supported (near-verbatim),high,,"With and the right-hand side of (2) is locally Lipschitz on the closed orthant, and the comparison , with once , bounds the stock by .",,"With and the right-hand side of (2) is locally Lipschitz on the closed orthant, and the comparison (with once ) bounds the stock by .",aligned passage,1.0,0.996,1.0,,"polarity phrased differently (passage ['not'], draft no negator)",
D0226,excluded: shared verbatim,n/a,,"Classical solutions therefore exist globally and stay in the orthant by Theorem 10 — the existence clause behind every ""classical solution"" statement below.",,,identical text,1.0,1.0,,,,
D0227,supported (reworded),medium,2.2,"Written out for the closed block, the incidence discipline of §2.1 is the four-row block incidence.",3.5,"**Worked envelope on the closed block.** On (2) with declared boxes and , the mass row of the incidence gives , hence .",elsewhere in the deposit,0.345,0.463,0.0,,"polarity phrased differently (passage ['cannot'], draft no negator)",
D0228,supported (reworded),medium,2.2,"Rows are ; the eight columns are gross regeneration , density-dependent return , harvest , uptake , detritus return , geological recharge , geological return , and mining :",2.2,Net regeneration and gross uptake are the constitutive laws and the four geo-interface and closure primitives are,elsewhere in the deposit,0.268,0.365,0.0,,,
D0229,supported (reworded),medium,2.2,Every column is a two-compartment transfer or a boundary export.,1.2,Every one-way transfer is donor-limited.,elsewhere in the deposit,0.357,0.444,0.0,,,
D0230,supported (reworded),medium,2.2,The six internal columns sum to zero.,2.3,The zero column sums are the incidence statement of mass conservation (proved for the full system in Section 4.2).,elsewhere in the deposit,0.245,0.329,0.0,,,
D0231,supported (reworded),medium,2.2,The two exports — harvest and mining — each carry the column sum .,3.1,"(Numbering: the two layering propositions of this section carry their own counter, Propositions 1–2.",elsewhere in the deposit,0.308,0.443,0.0,,,
D0232,supported (reworded),medium,2.2,So summing the four rows reads off,3.7,Two dependencies belong with this reading.,elsewhere in the deposit,0.276,0.4,0.0,,,
D0233,supported (reworded),medium,2.2,"the mass identity proved as Theorem 7, directly from the display.",2.2,"Every column is a two-compartment transfer or a block-boundary export: the six internal columns sum to zero, and the two exports — harvest and mining — carry the column sums each, so summing the four rows reads off , the mass identity proved as Theorem 7, directly from the display (under the institutional-failure specialization the mining column is inactive, ).",aligned passage,0.199,0.204,0.842,,,
D0234,supported (reworded),medium,2.2,Under the institutional-failure specialization the mining column is inactive ( ).,2.2,"Every column is a two-compartment transfer or a block-boundary export: the six internal columns sum to zero, and the two exports — harvest and mining — carry the column sums each, so summing the four rows reads off , the mass identity proved as Theorem 7, directly from the display (under the institutional-failure specialization the mining column is inactive, ).",aligned passage,0.194,0.052,0.842,,,
D0235,supported (near-verbatim),high,2.2,"The harvest column is written at the declared routing, under which harvest leaves the block; a detritus-routed fraction moves into the entry of that column and reduces the block export to — the full-ledger routing displayed in §4.2.",2.2,"The harvest column is written at the declared routing, under which harvest exits the block; a detritus-routed fraction moves into the entry of that column and reduces the block export to — the full-ledger routing displayed in Section 4.2.",aligned passage,0.908,0.963,0.842,,,
D0236,supported (near-verbatim),high,2.2,"When product, waste and the inert sink are restored with the same donor-limited routing, the full ledger is closed (§4.2).",2.2,"When product, waste, and the inert sink are restored with the same donor-limited routing, the full ledger is closed (Section 4.2).",aligned passage,0.944,0.966,1.0,,,
D0237,excluded: shared verbatim,n/a,2.2,"The geological donor is an internal state throughout — **no infinite reservoir is declared** — and the block boundary is crossed only by harvest (to product) and, when restored, mining (to product or waste).",,,identical text,1.0,1.0,,,,
D0238,supported (near-verbatim),high,2.2,The full seven-compartment incidence is the nested completion of this four-block routing.,2.2,The full seven-compartment incidence is the nested completion of the four-block routing.,aligned passage,1.0,0.982,1.0,,"polarity phrased differently (passage ['never', 'not'], draft no negator)",
D0239,supported (reworded),medium,2.2,"One routing point is easy to misread, so it is stated where it is first used.",3.7,Everything above is stated for one ledger.,elsewhere in the deposit,0.29,0.379,0.0,,,
D0240,supported (reworded),high,2.2,"It is an throughput in which the living stock appears as a catalytic factor, not as stored biomass.",2.2,"Uptake never enters : it is an throughput with the living stock entering as a catalytic factor, not stored biomass — legitimate in a monomaterial projection; the masses below are defined on this routing.",elsewhere in the deposit,0.484,0.563,0.0,,,
D0241,supported (reworded),high,2.2,"That is legitimate in a monomaterial projection, and the masses below are defined on this routing.",2.2,"Uptake never enters : it is an throughput with the living stock entering as a catalytic factor, not stored biomass — legitimate in a monomaterial projection; the masses below are defined on this routing.",elsewhere in the deposit,0.526,0.619,0.0,,,
D0242,supported (near-verbatim),high,2.3,"For one conserved limiting material, the scaffold is instantiated by six compartments — living biomass , detritus or recoverable residual , active abiotic pool , geological or slowly available pool , product or in-use stock , and absorbing or currently unavailable stock — with eight non-negative primitive fluxes: assimilation , mortality , harvest , decomposition , geological-to-active transfer , active-to-geological transfer , direct mining , and product retirement .",2.3,"For one conserved limiting material, the accounting scaffold is instantiated by six compartments — living biomass , detritus or recoverable residual , active abiotic pool , geological or slowly available pool , product or in-use stock , and absorbing or currently unavailable stock — with eight non-negative primitive fluxes: assimilation , mortality , harvest , decomposition , geological-to-active transfer , active-to-geological transfer , direct mining , and product retirement .",elsewhere in the deposit,0.982,0.988,0.0,,,
D0243,supported (reworded),medium,2.3,"With harvest fraction routed to and retirement fraction returning to rather than ,",2.5,Literally harvesting pre-recruit stages is a harvest of existing units and routes to the product and waste fractions.,elsewhere in the deposit,0.328,0.408,0.0,,"polarity phrased differently (passage ['never'], draft no negator)",
D0244,supported (reworded),medium,,"In words: each column is one flow, and each column has a where the flow arrives and a where it leaves.",,"*(H2) with , separate reverse columns, and donor-limited negative boundary flows.*",elsewhere in the deposit,0.228,0.277,0.0,,,
D0245,supported (near-verbatim),high,,"So every column sums to zero, which is the incidence statement of mass conservation (proved for the full system in §4.2).",2.3,The zero column sums are the incidence statement of mass conservation (proved for the full system in Section 4.2).,elsewhere in the deposit,0.839,0.844,0.0,,"polarity phrased differently (passage ['not'], draft no negator)",
D0246,supported (reworded),medium,,The matrix is what makes the routing choices visible.,,"Under the unit-sum routing constraints with ,*",elsewhere in the deposit,0.288,0.421,0.0,,,
D0247,supported (reworded),high,2.3,"The constitutive choices belong to this example, not to every typed ledger: the constant splits and , the compartment set, and the absorbing-sink convention are declared choices.",2.3,"The matrix makes the routing choices visible, and the constitutive choices are features of this example, not properties of every typed ledger: the constant splits and , the compartment set, and the absorbing-sink convention are declared choices.",aligned passage,0.65,0.224,1.0,,,
D0248,supported (near-verbatim),high,2.3,Coupled multi-element accounts need additional typed rows and a conservation matrix.,2.3,Coupled multi-element accounts require additional typed rows and a conservation matrix.,aligned passage,0.887,0.958,1.0,,,
D0249,supported (near-verbatim),high,2.3,"If an application makes recovery claims, and must be split by material, location and quality grade, with declared yields, residual routes and exergy or capacity inputs; the conservation argument then applies to that expanded typed incidence system, not automatically to an undifferentiated quality-neutral loop.",2.3,"If an application makes recovery claims, and must be split by material, location, and quality grade, with declared yields, residual routes, and exergy or capacity inputs — the conservation argument then applies to the expanded typed incidence system, not automatically to an undifferentiated quality-neutral loop.",aligned passage,1.0,0.993,1.0,,,
D0250,supported (reworded),medium,2.3,The four-block system (2) is **not** a specialization of this scaffold.,2.4,A second exact specialization closes a resource–sink system with a nutrient stock and product stock.,elsewhere in the deposit,0.287,0.373,0.0,,,
D0251,needs check: scope,medium,2.3,"In the scaffold, assimilation is a slow flux and mortality a slow flux.",2.1,Write for the admissible stationary flux patterns.,elsewhere in the deposit,0.302,0.458,0.0,needs check: scope: the sentence this one restates is conditioned by ['admissible']; the draft states it unconditionally,"polarity phrased differently (passage no negator, draft ['not'])",
D0252,supported (reworded),medium,2.3,"In (2), the uptake transfers with the living stock catalytic and no separate mortality primitive.",2.3,"The four-block system (2) is not a specialization of this scaffold: in the scaffold assimilation is a slow flux and mortality a slow flux, while in (2) the uptake transfers with the living stock catalytic and no separate mortality primitive — two different timescale lumpings of the same physical story, and no incidence specialization maps one onto the other.",elsewhere in the deposit,0.355,0.411,0.0,,,
D0253,supported (reworded),high,2.3,"These are two different timescale lumpings of the same physical story, and no incidence specialization maps one onto the other.",2.3,"The four-block system (2) is not a specialization of this scaffold: in the scaffold assimilation is a slow flux and mortality a slow flux, while in (2) the uptake transfers with the living stock catalytic and no separate mortality primitive — two different timescale lumpings of the same physical story, and no incidence specialization maps one onto the other.",elsewhere in the deposit,0.464,0.379,0.0,,,
D0254,supported (near-verbatim),high,2.4,A second exact specialization closes a resource–sink system by adding a nutrient stock and a product stock.,2.4,A second exact specialization closes a resource–sink system with a nutrient stock and product stock.,aligned passage,0.92,0.936,0.9,,,
D0255,supported (reworded),high,2.4,"The state is — in this block's local notation, resource stock, sink stock, nutrient stock and input flux; the carrying capacity and living stock of §2.2 do not enter — with",2.4,"The state is (in this block's local notation, is the resource stock, the sink stock, the nutrient stock, and the input flux; the carrying capacity and living stock of Section 2.2 do not enter), with where is the sink-generation fraction, the assimilation rate, external nutrient input, and product disposal.",aligned passage,0.636,0.514,0.9,,,
D0256,supported (reworded),high,,"where is the sink-generation fraction, the assimilation rate, external nutrient input and product disposal.",2.4,"The state is (in this block's local notation, is the resource stock, the sink stock, the nutrient stock, and the input flux; the carrying capacity and living stock of Section 2.2 do not enter), with where is the sink-generation fraction, the assimilation rate, external nutrient input, and product disposal.",elsewhere in the deposit,0.471,0.522,0.0,,"polarity phrased differently (passage ['not'], draft no negator)",
D0257,needs check: scope,high,,Adding the four equations gives the mass balance,2.4,Adding the four equations gives the mass balance so total mass is conserved exactly when both boundary transfers vanish.,elsewhere in the deposit,0.524,0.575,0.0,needs check: scope: the sentence this one restates is conditioned by ['when']; the draft states it unconditionally,"polarity phrased differently (passage ['not'], draft no negator)",
D0258,supported (near-verbatim),high,2.4,so total mass is conserved exactly when both boundary transfers vanish.,2.4,Adding the four equations gives the mass balance so total mass is conserved exactly when both boundary transfers vanish.,elsewhere in the deposit,0.684,0.741,0.0,,"polarity phrased differently (passage ['not'], draft no negator)",
D0259,supported (near-verbatim),high,2.4,"This balance is an exact specialization of the incidence discipline of §2.1: every internal transfer cancels in the column sum, and the boundary terms survive as the ledger's declared inputs and outputs.",2.4,"This mass balance is an exact specialization of the incidence discipline of Section 2.1: every internal transfer cancels in the column sum, and the boundary terms survive as the ledger's declared inputs and outputs.",elsewhere in the deposit,0.937,0.968,0.0,,,
D0260,supported (near-verbatim),high,2.4,**Sink obstructions that do not care what the stock does.** The mass balance has a sink-side physical reading with two empty-kernel mechanisms that operate whatever the resource stock does.,2.4,**Sink obstructions independent of the stock.** The mass balance has a sink-side physical reading with two empty-kernel mechanisms that operate whatever the resource stock does.,aligned passage,0.89,0.903,0.875,,"polarity phrased differently (passage no negator, draft ['not'])",
D0261,supported (reworded),medium,2.4,"With sink loading , assimilation and a harvest floor — in this specialization and — two cases close off every option:",2.4,"With sink loading , assimilation , and a harvest floor (in the four-stock specialization, and ): under *no assimilation* ( ), , and the sink exceeds any finite ceiling in finite time; under *weak assimilation* ( ), the sink load at the ceiling is still positive — at — so exits above in finite time, the explicit negation of the ceiling condition with .",aligned passage,0.291,0.348,0.875,,,
D0262,needs check: attribution,medium,,"Then , and the sink exceeds any finite ceiling in finite time. 2. **Weak assimilation** ( ).",2.4,"With sink loading , assimilation , and a harvest floor (in the four-stock specialization, and ): under *no assimilation* ( ), , and the sink exceeds any finite ceiling in finite time; under *weak assimilation* ( ), the sink load at the ceiling is still positive — at — so exits above in finite time, the explicit negation of the ceiling condition with .",elsewhere in the deposit,0.381,0.374,0.0,"needs check: attribution: the sentence this one restates cites Aubin, 1991; the draft dropped the source",,
D0263,needs check: attribution,medium,,"The sink load at the ceiling is still positive: at , so exits above in finite time.",2.4,"With sink loading , assimilation , and a harvest floor (in the four-stock specialization, and ): under *no assimilation* ( ), , and the sink exceeds any finite ceiling in finite time; under *weak assimilation* ( ), the sink load at the ceiling is still positive — at — so exits above in finite time, the explicit negation of the ceiling condition with .",elsewhere in the deposit,0.429,0.205,0.0,"needs check: attribution: the sentence this one restates cites Aubin, 1991; the draft dropped the source",,
D0264,supported (reworded),medium,,This is the explicit negation of the ceiling condition with .,1.2,**What is not claimed.** The article is equally explicit about what it does not establish.,elsewhere in the deposit,0.264,0.389,0.0,,,
D0265,supported (near-verbatim),high,2.4,"In both cases the viability kernel (Aubin, 1991) of the constraint set — the states from which *some* admissible harvest keeps both constraints forever — **is empty**.",2.4,"In both cases the viability kernel (Aubin, 1991) of the constraint set — the states from which some admissible harvest keeps both constraints for all time — is empty.",elsewhere in the deposit,0.901,0.965,0.0,,"polarity phrased differently (passage ['never', 'not'], draft no negator)",
D0266,supported (reworded),medium,,The obstruction needs a sink-generation fraction .,10.3,The sink obstructions of Section 2.4 are empty-kernel mechanisms.,elsewhere in the deposit,0.316,0.473,0.0,,"polarity phrased differently (passage no negator, draft ['never', 'not'])",
D0267,needs check: attribution,high,,"If , harvest never loads the sink and the loading argument does not apply; emptiness would then have to come from the resource constraint or from an undeclared ceiling on the product stock.",2.4,"The obstruction needs the sink-generation fraction : if , harvest never loads the sink and the loading argument does not apply — emptiness would then have to come from the resource constraint or an undeclared ceiling on the product stock.",elsewhere in the deposit,0.823,0.859,0.0,"needs check: attribution: the sentence this one restates cites Aubin, 1991; the draft dropped the source",,
D0268,excluded: shared verbatim,n/a,2.4,The closed-ledger corollary is the same mechanism in ledger language.,,,identical text,1.0,1.0,,,,
D0269,excluded: shared verbatim,n/a,2.4,"In a closed ledger without recycling, where enters the sink irreversibly and , the sink rises monotonically against the finite total mass, and any positive output floor forces an empty viability kernel.",,,identical text,1.0,1.0,,,,
D0270,needs check: strength,medium,2.4,"Which constraint fails first depends on the total mass , the ceiling and the remaining stock.",2.4,"Which constraint fails first depends on the total mass , the ceiling , and the remaining stock: a ceiling below the sink's reachable mass share is crossed in finite time, while a ceiling at or above the total mass is unreachable and the violated constraint is the resource floor (the finite-budget bound of Theorem 14).",aligned passage,0.412,0.454,1.0,needs check: strength: the passage hedges with ['can']; this sentence asserts without a hedge,,
D0271,needs check: strength,high,2.4,"A ceiling below the sink's reachable mass share is crossed in finite time; a ceiling at or above the total mass is unreachable, and the constraint violated is the resource floor (the finite-budget bound of Theorem 14).",2.4,"Which constraint fails first depends on the total mass , the ceiling , and the remaining stock: a ceiling below the sink's reachable mass share is crossed in finite time, while a ceiling at or above the total mass is unreachable and the violated constraint is the resource floor (the finite-budget bound of Theorem 14).",aligned passage,0.76,0.503,1.0,needs check: strength: the passage hedges with ['can']; this sentence asserts without a hedge,,
D0272,supported (near-verbatim),high,2.4,"For material-flow accounting this is the precise sense in which a ""balanced"" mass ledger can still be **physically inadmissible**: the bookkeeping is exact, but no harvest schedule respects the resource floor and the sink ceiling at the same time.",2.4,"For material-flows accounting this is the precise sense in which a ""balanced"" mass ledger can still be physically inadmissible: the bookkeeping is exact, but no harvest schedule respects both the resource floor and the sink ceiling simultaneously.",elsewhere in the deposit,0.884,0.925,0.0,,,
D0273,supported (reworded),medium,2.5,Extraction has at least three different physical meanings.,6.1,The three quantities answer different questions and must not share one depletion-horizon label:,elsewhere in the deposit,0.253,0.333,0.0,,,
D0274,needs check: strength,high,2.5,"- **Standing-stock culling** — present extraction removes reproductive stock directly. - **Recruitment suppression** — present use prevents future recruits, without removing adults now. - **Weak viability coupling** — use has limited or indirect effect on reproduction.",2.5,"Extraction has at least three distinct physical meanings — standing-stock culling (present extraction removes reproductive stock directly), recruitment suppression (present use prevents future recruits without immediate adult removal), and weak viability coupling (use has limited or indirect effect on reproduction).",elsewhere in the deposit,0.767,0.623,0.0,needs check: strength: the passage hedges with ['at least']; this sentence asserts without a hedge,,
D0275,excluded: shared verbatim,n/a,2.5,"In the ledger, standing-stock culling enters as an outflow from the standing-stock compartment.",,,identical text,1.0,1.0,,,,
D0276,supported (reworded),medium,2.5,"The typing belongs to the physical module, not to the diagnostic.",2.5,"The typing is the physical module's, not the diagnostic's: a diagnostic label such as ""unsustainable portion"" never determines physical destination.",aligned passage,0.388,0.5,1.0,,,
D0277,supported (near-verbatim),high,2.5,"A diagnostic label such as ""unsustainable portion"" **never** determines physical destination.",2.5,"The typing is the physical module's, not the diagnostic's: a diagnostic label such as ""unsustainable portion"" never determines physical destination.",aligned passage,0.8,0.758,1.0,,,
D0278,excluded: shared verbatim,n/a,2.5,"Material routing is determined by the typed physical module alone, and the diagnostic threshold that flags a flow has no standing in the incidence matrix.",,,identical text,1.0,1.0,,,,
D0279,excluded: shared verbatim,n/a,2.5,**The split-assignment evidence requirement.** Where an application splits extraction between standing-stock removal and recruitment suppression — and for — the assignment requires evidence per channel.,,,identical text,1.0,1.0,,,,
D0280,excluded: shared verbatim,n/a,2.5,"The dominant physical mechanism sets it, never a diagnostic label.",,,identical text,1.0,1.0,,,,
D0281,supported (reworded),medium,2.5,The illustrative assignments below run through a logistic two-channel proxy.,,**Theorem 1 (Support-saturated logistic stock limit).** *Fix and non-negative parameters .,elsewhere in the deposit,0.253,0.405,0.0,,,
D0282,supported (reworded),medium,2.5,"They are stated as **illustrative, calibrated examples — not constitutive claims for the named domains**.",2.5,"Illustrative assignments through a logistic two-channel proxy (stated as illustrative, calibrated examples, not constitutive claims for the named domains): soil zinc under crop export, an existing-unit removal, at , against impaired mineralisation, a replenishment degradation, at ; pollinators under adult mortality at against brood failure at — and across such mechanism pairs the trough depth varies by a factor of about from mechanism alone.",elsewhere in the deposit,0.278,0.341,0.0,,,
D0283,supported (near-verbatim),high,2.5,**The mass-routing discipline** is the same typing made explicit.,2.5,The mass-routing discipline is the typing made explicit.,elsewhere in the deposit,0.901,0.956,0.0,,"polarity phrased differently (passage ['not'], draft no negator)",
D0284,supported (near-verbatim),high,2.5,"Literally harvesting pre-recruit stages *is* a harvest of existing units, and routes to the product and waste fractions. 2.",2.5,Literally harvesting pre-recruit stages is a harvest of existing units and routes to the product and waste fractions.,elsewhere in the deposit,1.0,0.991,0.0,,,
D0285,supported (reworded),high,2.5,Habitat-induced failed recruitment is a **prevented inflow**.,2.5,Habitat-induced failed recruitment is a prevented inflow — routing it into product or waste would create mass that was never in the stock.,elsewhere in the deposit,0.491,0.579,0.0,,,
D0286,supported (near-verbatim),high,2.5,Routing it into product or waste would create mass that was never in the stock. 3.,2.5,Habitat-induced failed recruitment is a prevented inflow — routing it into product or waste would create mass that was never in the stock.,elsewhere in the deposit,0.676,0.726,0.0,,,
D0287,supported (near-verbatim),high,2.5,"Damage to the capital stock itself — aquifer compaction, severe soil loss — is not a split-assignment channel at all.",2.5,"Damage to the capital stock itself (aquifer compaction, severe soil loss) is not a split-assignment channel at all, but a slow drift in capacity or a transfer to the inert sink.",elsewhere in the deposit,0.712,0.777,0.0,,,
D0288,supported (reworded),medium,2.5,"It is a slow drift in capacity, or a transfer to the inert sink.",2.5,"Damage to the capital stock itself (aquifer compaction, severe soil loss) is not a split-assignment channel at all, but a slow drift in capacity or a transfer to the inert sink.",elsewhere in the deposit,0.435,0.532,0.0,,,
D0289,excluded: shared verbatim,n/a,2.6,Two results control what the ledger's stock equation becomes when its support pool saturates.,,,identical text,1.0,1.0,,,,
D0290,excluded: shared verbatim,n/a,2.6,"Both are singular reductions with explicit scope, and neither is a full-system reduction.",,,identical text,1.0,1.0,,,,
D0291,excluded: shared verbatim,n/a,2.6,**Theorem 1 (Support-saturated logistic stock limit).** *Fix and non-negative parameters .,,,identical text,1.0,1.0,,,,
D0292,supported (reworded),medium,2.6,Assume (H1) is measurable with and ; (H2) common effort .,,**Theorem 12 (No interior rest at positive effort).** *Assume:*,elsewhere in the deposit,0.313,0.365,1.0,,,
D0293,supported (near-verbatim),high,,*and let solve the limiting equation with the same initial value.,,*Let solve and solve the limiting equation with the same initial value.,aligned passage,1.0,0.894,1.0,,,
D0294,supported (near-verbatim),high,2.6,"**Remark 2 (Registered-family support-saturated identity).** *In the primitive-flux core with , , , the support-saturated stock equation is, for each fixed interior in the limit ,*",2.6,"**Remark 2 (Registered-family support-saturated identity).** *In the primitive-flux core with , , , the support-saturated stock equation is, for each fixed interior in the limit ,* *requiring and .",elsewhere in the deposit,0.941,0.956,0.0,,"polarity phrased differently (passage ['not'], draft no negator)",
D0295,excluded: shared verbatim,n/a,,"The identity is pointwise on the interior support region and not uniform through the depleted-pool boundary: for every , at .*",,,identical text,1.0,1.0,,,,
D0296,supported (reworded),medium,2.6,"The limit does not eliminate the detritus compartment , does not make constant near its boundary, and does not transform the memory or effort laws.",2.2,"Let with the living stock, the active abiotic pool, the geological donor, and the detritus compartment.",elsewhere in the deposit,0.226,0.329,0.0,,,
D0297,supported (reworded),medium,2.6,It is an ecological stock-equation identity — **not a full-system reduction and not a transfer principle for bifurcation thresholds**.,1.2,"The flux-reconstruction identity, the conservation-law reduction, and a flux-bounding envelope theorem — with a barrier certificate corollary — are proved in full (Section 3).",elsewhere in the deposit,0.287,0.44,0.0,,,
D0298,supported (reworded),medium,2.6,"In the correspondence, the logistic law of (2) is this saturated, mortality-folded readout of the Theorem 1 and Remark 2 family — not the vector field of the closed four-tuple of §2.2 — and bifurcation numbers of the two families do not transfer between them.",11,"For ecological-economics measurement, that is the closing statement: not rival doctrines but two readings of one ledger, and the vector reading is what carries the certificate.",elsewhere in the deposit,0.227,0.334,0.0,,,
D0299,supported (reworded),medium,2.6,"**What this means for material-flow accounting.** A logistic stock equation is a saturated support-pool readout, not a primitive physical law.",2.6,"The implication for material-flows accounting is that a logistic stock equation is a saturated support-pool readout, not a primitive physical law: substituting it for the underlying stock-support dynamics is legitimate only where the support pool is at interior saturation and only on the timescales over which the saturated approximation holds.",aligned passage,0.407,0.042,0.577,,,
D0300,supported (near-verbatim),high,2.6,"Substituting it for the underlying stock-support dynamics is legitimate only where the support pool is at interior saturation, and only on the timescales over which the saturated approximation holds.",2.6,"The implication for material-flows accounting is that a logistic stock equation is a saturated support-pool readout, not a primitive physical law: substituting it for the underlying stock-support dynamics is legitimate only where the support pool is at interior saturation and only on the timescales over which the saturated approximation holds.",aligned passage,0.663,0.733,0.577,,,
D0301,supported (reworded),medium,3.1,"The four predicates of §1.1 — bookkeeping balance, stoichiometric conservation, thermodynamic admissibility, sustainability safety — are this section's working layer.",3.1,"The four predicates of Section 1.1 — bookkeeping balance, stoichiometric conservation, thermodynamic admissibility, and sustainability safety — are this section's working layer: it separates the first, second, and fourth and proves their relationships (the third, thermodynamic admissibility, is out of scope here, per Proposition 2's layering), for the reasons Section 1.1 states — a point at which the Daly/Ayres tradition of throughput accounting meets the formalism of reaction-network theory (Feinberg, 2019; Brunner and Rechberger, 2004).",aligned passage,0.399,0.466,0.341,,,
D0302,supported (reworded),low,3.1,"It separates the first, second and fourth and proves their relationships.",3.1,"The four predicates of Section 1.1 — bookkeeping balance, stoichiometric conservation, thermodynamic admissibility, and sustainability safety — are this section's working layer: it separates the first, second, and fourth and proves their relationships (the third, thermodynamic admissibility, is out of scope here, per Proposition 2's layering), for the reasons Section 1.1 states — a point at which the Daly/Ayres tradition of throughput accounting meets the formalism of reaction-network theory (Feinberg, 2019; Brunner and Rechberger, 2004).",aligned passage,0.146,0.003,0.341,,,
D0303,supported (reworded),medium,3.1,"The third, thermodynamic admissibility, is out of scope here, per Proposition 2's layering.",3.1,"The four predicates of Section 1.1 — bookkeeping balance, stoichiometric conservation, thermodynamic admissibility, and sustainability safety — are this section's working layer: it separates the first, second, and fourth and proves their relationships (the third, thermodynamic admissibility, is out of scope here, per Proposition 2's layering), for the reasons Section 1.1 states — a point at which the Daly/Ayres tradition of throughput accounting meets the formalism of reaction-network theory (Feinberg, 2019; Brunner and Rechberger, 2004).",aligned passage,0.256,0.285,0.341,,,
D0304,supported (reworded),medium,3.1,"This is the point at which the Daly/Ayres tradition of throughput accounting meets the formalism of reaction-network theory (Feinberg, 2019; Brunner and Rechberger, 2004).",3.1,"The four predicates of Section 1.1 — bookkeeping balance, stoichiometric conservation, thermodynamic admissibility, and sustainability safety — are this section's working layer: it separates the first, second, and fourth and proves their relationships (the third, thermodynamic admissibility, is out of scope here, per Proposition 2's layering), for the reasons Section 1.1 states — a point at which the Daly/Ayres tradition of throughput accounting meets the formalism of reaction-network theory (Feinberg, 2019; Brunner and Rechberger, 2004).",aligned passage,0.403,0.453,0.341,,,
D0305,excluded: shared verbatim,n/a,3.1,The ledger supports three distinct predicates that are related but not identical.,,,identical text,1.0,1.0,,,,
D0306,supported (reworded),high,,"Layer 1 Accounting consistency the balance law (1) holds almost everywhere on [0,T] Layer 2 Conservation consistency ℓᵀSᵀ = 0 for every declared conserved quantity ℓ Layer 3 Barrier safety for declared lower and upper barriers, B_m(t) ≤ S_m(t) ≤ B̄_m(t) for every component m and every t ∈ [0,T], where S = Cx is the moiety-composition readout",3.1,"**Layer 3: Barrier safety.** For declared lower and upper barriers for every component and every , where is the moiety-composition readout.",aligned passage,0.537,0.587,0.476,,,
D0307,excluded: shared verbatim,n/a,3.1,Layer 2 is a structural predicate on the incidence operator alone.,,,identical text,1.0,1.0,,,,
D0308,excluded: shared verbatim,n/a,3.1,Layers 1 and 3 are properties of a trajectory triple .,,,identical text,1.0,1.0,,,,
D0309,supported (near-verbatim),high,3.1,The logical relations between them are the content of the next two propositions.,3.1,The logical relations are the content of the next two propositions.,aligned passage,0.886,0.91,1.0,,,
D0310,supported (near-verbatim),high,3.1,"**Proposition 1 (Layer 2 ⇒ Layer 1, for the conserved quantities).** *If , then , and in a closed system ( ) is invariant.*",3.1,"**Proposition 1.** *Conservation consistency implies accounting consistency for the conserved quantities: if , then , and in a closed system ( ), is invariant.*",aligned passage,0.696,0.775,0.6,,,
D0311,supported (reworded),medium,3.1,"In words: if a quantity is invisible to the wiring, it can only change through the boundary.",,"In a closed system is constant, and in an open system changes only through boundary flows.",elsewhere in the deposit,0.364,0.486,0.0,,,
D0312,supported (reworded),medium,3.1,Close the boundary and it cannot change at all.,,Three boundary facts complete the discipline.,elsewhere in the deposit,0.343,0.533,0.0,,,
D0313,supported (reworded),high,3.1,**Proposition 2 (The layers do not collapse).** *Barrier safety does not follow from accounting consistency: a trajectory can be perfectly mass-balanced while violating a declared barrier; and a trajectory can satisfy declared barriers while violating a conservation law or a stoichiometric constraint.,3.1,**Proposition 2.** *Barrier safety does not follow from accounting consistency: a trajectory can be perfectly mass-balanced while violating a declared barrier; and a trajectory can satisfy declared barriers while violating a conservation law or a stoichiometric constraint.,aligned passage,0.895,0.061,1.0,,,
D0314,excluded: shared verbatim,n/a,3.1,"Conversely, thermodynamic admissibility (energy conservation, entropy-production non-negativity, reaction feasibility) implies accounting consistency, but the converse does not hold; this article establishes Layers 1–3 only.*",,,identical text,1.0,1.0,,,,
D0315,supported (near-verbatim),high,3.1,"**The implication for industrial-ecology measurement.** Mass-balance closure, stoichiometric consistency and barrier compliance must each be audited separately.",3.1,"The implication for industrial-ecology measurement is that mass-balance closure, stoichiometric consistency, and barrier compliance must each be audited separately.",aligned passage,1.0,0.974,1.0,,,
D0316,excluded: shared verbatim,n/a,3.1,A single integrated assessment that reports only one of them declares less than it appears to.,,,identical text,1.0,1.0,,,,
D0317,supported (reworded),medium,,The typed safety set at time is,3.6,*Then the first hitting time satisfies*,elsewhere in the deposit,0.323,0.471,0.0,,,
D0318,supported (near-verbatim),high,,"This is a **conjunctive** criterion: all moiety barriers must be satisfied simultaneously, and no weighted aggregate is used as the decision criterion.",,"The typed safety set at time is and the non-compensatory assessment reads This is a conjunctive criterion: all moiety barriers must be satisfied simultaneously, and no weighted aggregate is used as the decision criterion.",aligned passage,0.714,0.798,0.8,,,
D0319,supported (near-verbatim),high,,The force of that conjunction is the subject of §10.1.,,The force of the conjunction is the subject of Section 10.1.,aligned passage,0.854,0.899,0.8,,,
D0320,supported (reworded),medium,3.2,"In plain words: the test is ""every box clears its own limit"", not ""the average looks fine"".",,"It prices no recovery, it bounds no exit time on its own, and it inherits every conservatism of the envelope that produced the family.",elsewhere in the deposit,0.273,0.419,0.0,,,
D0321,supported (reworded),medium,3.2,An average can always be rescued by a component with room to spare.,10.1,No function of the aggregate trajectory determines the component event time.,elsewhere in the deposit,0.225,0.34,0.0,,,
D0322,excluded: shared verbatim,n/a,3.3,"**Lemma 3 (Flux reconstruction under a typed balance law).** *Let be absolutely continuous with almost everywhere, , , and with the moiety-composition matrix.",,,identical text,1.0,1.0,,,,
D0323,supported (near-verbatim),high,,*and for continuous barriers the trajectory satisfies for all if and only if the corresponding integrated inequalities hold for all .*,3.3,Then* *and for continuous barriers the trajectory satisfies for all if and only if the corresponding integrated inequalities hold for all .*,elsewhere in the deposit,1.0,0.981,0.0,,,
D0324,supported (reworded),medium,3.3,"**What the lemma buys, in words.** The readout at any date equals the readout you started with plus the recorded flows in between.",5,"Internal physical transfers are not services merely because they appear in a ledger: a typed readout identifies the delivered flow, its boundary, and any unit conversion.",elsewhere in the deposit,0.237,0.339,0.0,,,
D0325,supported (reworded),high,,"- **Prescribed or observed fluxes.** If and are known and integrable, stock balances are reconstructed by integration without solving the internal constitutive dynamics.",3.3,"Two cases are distinguished. **Prescribed or observed fluxes:** if and are known and integrable, stock balances are reconstructed by integration without solving the internal constitutive dynamics — the computationally simple auditing case. **Endogenous fluxes:** if , flux-only auditing is not generally possible without solving, estimating, or bounding the coupled system; the identity still holds, but the integral cannot be evaluated without determining .",elsewhere in the deposit,0.476,0.538,0.0,,,
D0326,supported (reworded),medium,,"This is the computationally simple auditing case. - **Endogenous fluxes.** If , flux-only auditing is not generally possible without solving, estimating or bounding the coupled system.",3.3,"Two cases are distinguished. **Prescribed or observed fluxes:** if and are known and integrable, stock balances are reconstructed by integration without solving the internal constitutive dynamics — the computationally simple auditing case. **Endogenous fluxes:** if , flux-only auditing is not generally possible without solving, estimating, or bounding the coupled system; the identity still holds, but the integral cannot be evaluated without determining .",elsewhere in the deposit,0.429,0.42,0.0,,,
D0327,supported (reworded),medium,,"The identity still holds, but the integral cannot be evaluated without determining .",3.3,"Two cases are distinguished. **Prescribed or observed fluxes:** if and are known and integrable, stock balances are reconstructed by integration without solving the internal constitutive dynamics — the computationally simple auditing case. **Endogenous fluxes:** if , flux-only auditing is not generally possible without solving, estimating, or bounding the coupled system; the identity still holds, but the integral cannot be evaluated without determining .",elsewhere in the deposit,0.257,0.012,0.0,,,
D0328,needs check: strength,high,3.3,"In both cases the barriers are **declared, not computed**: the flux data do not compute ecological threshold values, aquifer collapse thresholds, or concentration boundaries.",3.3,"In both cases the barriers are declared, not computed: the flux data do not compute ecological threshold values, aquifer collapse thresholds, or concentration boundaries — the theorem establishes trajectory compliance with declared barriers, not derivation of the barriers themselves.",aligned passage,0.732,0.747,0.714,needs check: strength: the passage hedges with ['generally']; this sentence asserts without a hedge,,
D0329,needs check: strength,high,3.3,"The theorem establishes trajectory *compliance with declared barriers*, not derivation of the barriers themselves.",3.3,"In both cases the barriers are declared, not computed: the flux data do not compute ecological threshold values, aquifer collapse thresholds, or concentration boundaries — the theorem establishes trajectory compliance with declared barriers, not derivation of the barriers themselves.",aligned passage,0.484,0.568,0.714,needs check: strength: the passage hedges with ['generally']; this sentence asserts without a hedge,,
D0330,supported (near-verbatim),high,,"With the net outflow of moiety across the system boundary and the net inflow, the sign convention reads",,"With the net outflow of moiety across the system boundary and the net inflow, the sign convention reads and the barrier-safety (non-depletion) condition is",aligned passage,0.791,0.81,0.769,,,
D0331,supported (near-verbatim),high,,"**Proposition 4 (Conservation-law reduction).** *If for some vector , then ; in a closed system ( ), is invariant.*",,"**Proposition 4 (Conservation-law reduction).** *If for some vector , then* *in a closed system ( ), is invariant.*",aligned passage,1.0,0.995,1.0,,,
D0332,excluded: shared verbatim,n/a,,A conserved moiety is a row of with ; then satisfies .,,,identical text,1.0,1.0,,,,
D0333,excluded: shared verbatim,n/a,,"In a closed system is constant, and in an open system changes only through boundary flows.",,,identical text,1.0,1.0,,,,
D0334,excluded: shared verbatim,n/a,3.4,"**Conservation does not imply barrier safety.** If a closed conserved moiety has fixed total stock , a time-varying barrier can become infeasible solely because the barrier moves.",,,identical text,1.0,1.0,,,,
D0335,excluded: shared verbatim,n/a,3.4,"The three objects are distinct: the conservation invariant ( constant), the barrier tube ( ), and the intersection of the invariant manifold with the barrier tube.",,,identical text,1.0,1.0,,,,
D0336,excluded: shared verbatim,n/a,3.4,A conservation law alone does not imply that the trajectory satisfies the barrier.,,,identical text,1.0,1.0,,,,
D0337,excluded: shared verbatim,n/a,3.4,The precise sense is linear: the set **may be empty even though each of the three objects is separately well-defined**.,,,identical text,1.0,1.0,,,,
D0338,excluded: shared verbatim,n/a,3.4,"Barrier–conservation compatibility is a linear feasibility programme, not a slogan.",,,identical text,1.0,1.0,,,,
D0339,excluded: shared verbatim,n/a,3.5,**(H1)** *the primitive fluxes and boundary transfers satisfy componentwise bounds and for all .*,,,identical text,1.0,1.0,,,,
D0340,supported (near-verbatim),high,,"*For any matrix write and entrywise, and define for each moiety the envelope integrands*",,"*For any matrix write and entrywise, and define for each moiety the envelope integrands* *and the envelopes* *Then for all and all .*",aligned passage,0.818,0.81,0.818,,,
D0341,supported (reworded),medium,,"*(The lower/upper bars on , , , and are lost in the PDF text layer; the arrangement above is the one the sandwich relation requires, and it is stated here so the theorem can be checked.)*",1.3,Section 3 develops the certification layers and the accounting theorems.,elsewhere in the deposit,0.219,0.316,0.0,,,
D0342,excluded: shared verbatim,n/a,,"**Corollary (Flux-derived barrier certificate).** *If and for all and all , then every trajectory compatible with the flux bounds is barrier-safe on .*",,,identical text,1.0,1.0,,,,
D0343,excluded: shared verbatim,n/a,3.5,**Two qualifications are part of the theorem.**,,,identical text,1.0,1.0,,,,
D0344,supported (near-verbatim),high,3.5,"1. **The bounds are conservative.** They hold for *all* flux selections in the declared boxes, including selections that are not jointly realizable by the coupled dynamics.",3.5,"The bounds are conservative: they hold for *all* flux selections in the declared boxes, including selections that are not jointly realizable by the coupled dynamics, so the certificate may fail when a trajectory with jointly realizable fluxes would pass; attainability requires solving or bounding the coupled system.",elsewhere in the deposit,0.659,0.678,0.0,,,
D0345,needs check: inference,medium,3.5,So the certificate may fail when a trajectory with jointly realizable fluxes would pass.,,"**Corollary (Flux-derived barrier certificate).** *If and for all and all , then every trajectory compatible with the flux bounds is barrier-safe on .*",elsewhere in the deposit,0.354,0.48,0.0,needs check: inference: the sentence opens on an inferential connective and the passage states no consequence,"polarity phrased differently (passage no negator, draft ['not', 'without'])",
D0346,supported (reworded),high,3.5,"Attainability requires solving or bounding the coupled system. 2. **State-dependence needs one more condition.** When , the declared box must additionally be forward-invariant under the coupled dynamics for the envelopes to bound the system's reachable set.",3.5,"When the fluxes are state-dependent, , the declared box must additionally be forward-invariant under the coupled dynamics for the envelopes to bound the system's reachable set; without that condition the corollary is a certificate for flux-admissible paths only, not for the ODE's trajectories.",elsewhere in the deposit,0.483,0.015,0.0,,,
D0347,supported (reworded),medium,3.5,"Without that condition the corollary is a certificate for flux-admissible paths only, not for the ODE's trajectories.",3.5,"When the fluxes are state-dependent, , the declared box must additionally be forward-invariant under the coupled dynamics for the envelopes to bound the system's reachable set; without that condition the corollary is a certificate for flux-admissible paths only, not for the ODE's trajectories.",elsewhere in the deposit,0.391,0.287,0.0,,,
D0348,supported (reworded),high,3.5,"And the envelope is an interval computation on the flux data, **not a forecast**.",3.5,"And the envelope is an interval computation on the flux data, not a forecast: it says nothing about what the fluxes will be, only about what every admissible flux path implies for the stock.",elsewhere in the deposit,0.496,0.575,0.0,,"attribution moved: Brunner & Rechberger, 2004 are cited elsewhere in the deposit",
D0349,supported (near-verbatim),high,3.5,"It says nothing about what the fluxes *will* be, only about what every admissible flux path implies for the stock.",3.5,"And the envelope is an interval computation on the flux data, not a forecast: it says nothing about what the fluxes will be, only about what every admissible flux path implies for the stock.",elsewhere in the deposit,0.709,0.743,0.0,,"attribution moved: Brunner & Rechberger, 2004 are cited elsewhere in the deposit",
D0350,excluded: shared verbatim,n/a,3.5,"Stoichiometric and donor-limit constraints make the jointly admissible flux selections a *polytope* rather than a box; the tight certificate is the linear programme over that polytope, and the box envelope above is its auditing relaxation — the box is what is audited, the polytope what is realizable.",,,identical text,1.0,1.0,,,,
D0351,excluded: shared verbatim,n/a,3.5,"The envelope is the interval-arithmetic counterpart, at the level of declared flux bounds, of the data-reconciliation practice of material flow analysis (Brunner and Rechberger, 2004).",,,identical text,1.0,1.0,,,,
D0352,supported (near-verbatim),high,3.5,"**Worked envelope on the closed block.** On (2), with declared boxes and , the mass row of the incidence gives",3.5,"**Worked envelope on the closed block.** On (2) with declared boxes and , the mass row of the incidence gives , hence .",elsewhere in the deposit,0.938,0.962,0.0,,"polarity phrased differently (passage ['cannot'], draft no negator)",
D0353,supported (near-verbatim),high,3.5,"The conservatism is visible in the extremes: maximal extraction is realizable only at , where regeneration vanishes, and maximal recharge coincides with minimal extraction — box extremes the coupled dynamics cannot realize jointly.",3.5,"The conservatism is visible in the extremes: the maximal extraction is realizable only at , where regeneration vanishes, and maximal recharge coincides with minimal extraction — box extremes the coupled dynamics cannot realize jointly.",aligned passage,1.0,0.991,1.0,,,
D0354,supported (near-verbatim),high,3.6,"**Proposition 6 (Finite exhaustion under uniform negative drift).** *Assume (H1) is absolutely continuous with whenever , where is a constant lower barrier and a uniform drift bound; (H2) .",,"*(H1) is absolutely continuous with whenever , where is a constant lower barrier and a uniform drift bound.*",aligned passage,0.677,0.739,1.0,,,
D0355,supported (near-verbatim),high,3.6,Then the first hitting time satisfies .*,3.6,*Then the first hitting time satisfies*,aligned passage,1.0,0.987,1.0,,,
D0356,supported (reworded),medium,,"In words: if you can promise the stock falls by at least per year until it hits the line, then the distance to the line divided by is a hard deadline.",1.1,A groundwater anomaly index fits a trend to a satellite product and reports the fitted distance to the series' own minimum divided by the fitted rate.,elsewhere in the deposit,0.261,0.414,0.6,,,
D0357,supported (near-verbatim),high,,"The uniform-margin assumption is doing all the work, and its absence is the classical failure mode.",3.6,"The uniform-margin assumption is essential, and its absence is the classical failure mode.",aligned passage,0.757,0.885,0.6,,,
D0358,supported (near-verbatim),high,3.6,"**Counterexample (proportional extraction).** For donor-controlled proportional extraction with and , the stock satisfies for every finite : it approaches zero asymptotically and is never exhausted in finite time, .",3.6,"**Counterexample (proportional extraction).** *For donor-controlled proportional extraction with and , the stock satisfies for every finite : the stock approaches zero asymptotically and is never exhausted in finite time, .",aligned passage,1.0,0.973,1.0,,,
D0359,excluded: shared verbatim,n/a,3.6,"The time to a positive barrier is , finite for but diverging as .",,,identical text,1.0,1.0,,,,
D0360,excluded: shared verbatim,n/a,3.6,"In particular, the claim that **positive extraction implies finite exhaustion is false**, and every exhaustion statement must name its referent.",,,identical text,1.0,1.0,,,,
D0361,excluded: shared verbatim,n/a,3.6,"Internal transfers do not exhaust a total moiety: in a closed system, internal conversion redistributes a conserved moiety but does not exhaust it.",,,identical text,1.0,1.0,,,,
D0362,supported (near-verbatim),high,3.6,Exhaustion of a compartment requires one of: a boundary outflow; an irreversible conversion into an uncounted or unavailable form; destruction of the relevant function; or a barrier defined on a particular compartment rather than on the total moiety.,3.6,"Exhaustion of a compartment requires a boundary outflow, an irreversible conversion into an uncounted or unavailable form, destruction of the relevant function, or a barrier defined on a particular compartment rather than on the total moiety.",aligned passage,0.971,0.986,1.0,,,
D0363,supported (near-verbatim),high,3.6,"Whether ""exhaustion"" refers to the total conserved moiety, a compartment stock, an accessible or functional stock, a stock above a lower barrier, or an economically recoverable reserve — these are different quantities, and the theorem must specify which (§6.4).",3.6,"Whether ""exhaustion"" refers to the total conserved moiety, a compartment stock, an accessible or functional stock, a stock above a lower barrier, or an economically recoverable reserve — these are different quantities, and the theorem must specify which (Section 6.4).",aligned passage,0.97,0.984,1.0,,"polarity phrased differently (passage no negator, draft ['not'])",
D0364,excluded: shared verbatim,n/a,3.6,"The counterexample and this taxonomy are the content of the following named statement, which the rest of the article uses as its boundary discipline.",,,identical text,1.0,1.0,,,,
D0365,supported (reworded),medium,3.6,"**Proposition (Depletion is compartmental).** *On a closed typed ledger, the total mass of each conserved moiety is invariant along trajectories.",3.6,"**Proposition (Depletion is compartmental).** *On a closed typed ledger, the total mass of each conserved moiety is invariant along trajectories; consequently every finite hitting time of a zero readout is the hitting time of a compartment or of a barrier on a readout, never of total mass, and ""exhaustion of the natural block"" (Theorems 7 and 14) is transfer across the block boundary into the product, waste, and inert compartments.*",aligned passage,0.45,0.49,0.686,,,
D0366,needs check: inference,high,3.6,"Consequently every finite hitting time of a zero readout is the hitting time of a **compartment** or of a **barrier on a readout**, never of total mass, and ""exhaustion of the natural block"" (Theorems 7 and 14) is transfer across the block boundary into the product, waste and inert compartments.*",3.6,"**Proposition (Depletion is compartmental).** *On a closed typed ledger, the total mass of each conserved moiety is invariant along trajectories; consequently every finite hitting time of a zero readout is the hitting time of a compartment or of a barrier on a readout, never of total mass, and ""exhaustion of the natural block"" (Theorems 7 and 14) is transfer across the block boundary into the product, waste, and inert compartments.*",aligned passage,0.751,0.805,0.686,needs check: inference: the sentence opens on an inferential connective and the passage states no consequence,,
D0367,supported (near-verbatim),high,3.6,The boundary discipline this proposition fixes is the ecological-economics one of Daly (1990): depletion is not loss of matter.,3.6,"The boundary discipline this proposition fixes is the ecological-economics one of Daly (1990): depletion is not loss of matter, it is loss of access to matter in the form and place that supports the service in question.",aligned passage,0.692,0.728,1.0,,,
D0368,supported (reworded),high,3.6,It is loss of access to matter in the form and place that supports the service in question.,3.6,"The boundary discipline this proposition fixes is the ecological-economics one of Daly (1990): depletion is not loss of matter, it is loss of access to matter in the form and place that supports the service in question.",aligned passage,0.538,0.594,1.0,,,
D0369,excluded: shared verbatim,n/a,3.6,The remainder of the article keeps that distinction in force.,,,identical text,1.0,1.0,,,,
D0370,excluded: shared verbatim,n/a,,**Theorem 7 (Natural-block mass identity).** *Let .,,,identical text,1.0,1.0,,,,
D0371,needs check: scope,medium,,"Along every trajectory of the closed natural block (2) with optional mining restored,*",3.6,"Then obeys along every admissible trajectory, and for every trajectory that remains inside the declared barriers If additionally and , then .",aligned passage,0.319,0.427,0.188,"needs check: scope: the sentence this one restates is conditioned by ['admissible', 'if']; the draft states it unconditionally",,
D0372,supported (reworded),high,4.1,"*i.e. mass leaves the natural block exactly at the extraction rate, plus the donor-limited mining rate.",,"Along every trajectory of the closed natural block (2) with optional mining restored,* *i.e. mass leaves the natural block exactly at the extraction rate, plus the donor-limited mining rate; under the institutional-failure specialization ( ), .",aligned passage,0.526,0.497,0.909,,,
D0373,supported (near-verbatim),high,4.1,The identity is stated for the declared harvest routing of §2.2; with a detritus-routed harvest fraction the block export is and the identity reads .*,,The identity is stated for the declared harvest routing of Section 2.2; with a detritus-routed harvest fraction the block export is and the identity reads .*,aligned passage,0.944,0.973,0.909,,,
D0374,supported (near-verbatim),high,,"The mined fraction routes out of the four-coordinate natural block; the full-ledger theorems of §4.2–4.3 record the mining column as an internal transfer between compartments outside the block — consistent because the **block** boundary, not the **ledger** boundary, is crossed.",,"The mined fraction routes out of the four-coordinate natural block; the full-ledger theorems of Sections 4.2–4.3 record the mining column as an internal transfer between compartments outside the block — consistent because the block boundary, not the ledger boundary, is crossed. □",aligned passage,0.971,0.981,0.958,,,
D0375,excluded: shared verbatim,n/a,,**Theorem 8 (Stoichiometric conservation).** *Let be the mass compartments of one resource system and the incidence matrix of its flux ledger.,,,identical text,1.0,1.0,,,,
D0376,excluded: shared verbatim,n/a,,One-way transfers are non-negative and donor-limited; net regeneration is the difference of two such primitives and is signed when .,,,identical text,1.0,1.0,,,,
D0377,excluded: shared verbatim,n/a,,"Under the unit-sum routing constraints with ,*",,,identical text,1.0,1.0,,,,
D0378,supported (near-verbatim),high,4.2,"The seven-compartment incidence claimed by Theorem 8 is displayed here — in the compartment order of its statement, with the closed block's primitive fluxes, the pattern of the six-compartment of Theorem 9 with the inert column (no outflow from the inert compartment) appended, and the harvest column split by .",4.2,"The seven-compartment incidence claimed by Theorem 8 — in the compartment order of its statement, with the closed block's primitive fluxes, the pattern of the displayed six-compartment of Theorem 9 with the inert column (no outflow from the inert compartment) appended and the harvest column split by — is displayed here.",aligned passage,1.0,0.925,1.0,,,
D0379,supported (reworded),low,4.2,"Rows ; columns gross regeneration, density-dependent return, harvest, uptake, detritus return, , , mining (to product), product retirement, inert-bound transfer (waste → inert):",4.2,"The retirement split and the inert-bound source (the absorbing stock ) are declared routing choices of this displayed instance; the incidence pattern — every primitive a two-compartment transfer, column sums zero — is the theorem's content, and no classification depends on the declared choices.","aligned passage, weak",0.111,0.05,1.0,,,
D0380,supported (reworded),high,4.2,"Every column is a two-compartment transfer under the unit-sum routing constraints, so column by column — Theorem 8's conservation, at sight.",4.2,"Every column is a two-compartment transfer under the unit-sum routing constraints, so column by column — Theorem 8's conservation, at sight — and the natural-block rows reproduce the four-row display of Section 2.2, with the harvest column now carrying its full routing ( to , to ) instead of the block-export convention of the corner.",elsewhere in the deposit,0.522,0.588,0.0,,,
D0381,supported (reworded),high,4.2,"The natural-block rows reproduce the four-row display of §2.2, with the harvest column now carrying its full routing ( to , to ) instead of the block-export convention of the corner.",4.2,"Every column is a two-compartment transfer under the unit-sum routing constraints, so column by column — Theorem 8's conservation, at sight — and the natural-block rows reproduce the four-row display of Section 2.2, with the harvest column now carrying its full routing ( to , to ) instead of the block-export convention of the corner.",elsewhere in the deposit,0.631,0.656,0.0,,,
D0382,excluded: shared verbatim,n/a,4.2,The waste-routed mining variant appends a column with in the row and in the row under the same pattern.,,,identical text,1.0,1.0,,,,
D0383,excluded: shared verbatim,n/a,4.2,"The retirement split and the inert-bound source (the absorbing stock ) are **declared routing choices of this displayed instance**; the incidence pattern — every primitive a two-compartment transfer, column sums zero — is the theorem's content, and no classification depends on the declared choices.",,,identical text,1.0,1.0,,,,
D0384,supported (near-verbatim),high,4.3,"**Theorem 9 (Six-compartment conservation).** *For the system of §2.3, ; the total mass is constant along every trajectory on which the classical solution is defined.*",4.3,"**Theorem 9 (Six-compartment conservation).** *For the system of Section 2.3, ; the total mass is constant along every trajectory on which the classical solution is defined.*",aligned passage,0.954,0.974,0.929,,,
D0385,supported (near-verbatim),high,4.3,**Two scope notes are part of the theorem.** The conservation argument applies to the *expanded typed incidence system* when quality grades are split — not automatically to an undifferentiated quality-neutral loop.,4.3,The conservation argument applies to the expanded typed incidence system when quality grades are split — not automatically to an undifferentiated quality-neutral loop.,aligned passage,0.822,0.891,0.737,,,
D0386,supported (reworded),high,4.3,"And open systems are explicit: imports, exports, atmospheric losses and cross-boundary transport enter as typed boundary fluxes, giving .",4.3,"And open systems are explicit: imports, exports, atmospheric losses, and cross-boundary transport enter as typed boundary fluxes, giving ; writing these flows explicitly is preferable to preserving a nominal invariant by allowing an unobserved or finite donor compartment to become negative.",aligned passage,0.581,0.633,0.737,,,
D0387,supported (near-verbatim),high,4.3,Writing these flows explicitly is preferable to preserving a nominal invariant by allowing an unobserved or finite donor compartment to become negative.,4.3,"And open systems are explicit: imports, exports, atmospheric losses, and cross-boundary transport enter as typed boundary fluxes, giving ; writing these flows explicitly is preferable to preserving a nominal invariant by allowing an unobserved or finite donor compartment to become negative.",aligned passage,0.616,0.696,0.737,,,
D0388,supported (reworded),high,4.3,Theorems 7–9 are three instances of the conservation lemma of Proposition 1.,4.3,Theorems 7–9 are three instances of the conservation lemma of Proposition 1 — each is the identity for a declared ledger and boundary with — differentiated only by which compartments the declaration includes.,elsewhere in the deposit,0.473,0.532,0.0,,,
D0389,supported (near-verbatim),high,4.3,"Each is the identity for a declared ledger and boundary with , differentiated only by which compartments the declaration includes.",4.3,Theorems 7–9 are three instances of the conservation lemma of Proposition 1 — each is the identity for a declared ledger and boundary with — differentiated only by which compartments the declaration includes.,elsewhere in the deposit,0.694,0.771,0.0,,,
D0390,excluded: shared verbatim,n/a,4.4,**Theorem 10 (Orthant invariance of the closed ledger).** *The non-negative orthant in is forward invariant for the closed natural block (2).*,,,identical text,1.0,1.0,,,,
D0391,supported (near-verbatim),high,4.4,"**Theorem 11 (Forward invariance of the six-compartment cone).** *Under the donor boundary assumptions of §2.3 — each primitive flux vanishes when its donor is empty, fluxes continuous in effort and locally Lipschitz in the state — is forward invariant for the six-compartment system.*",4.4,"**Theorem 11 (Forward invariance of the six-compartment cone).** *Under the donor boundary assumptions of Section 2.3 (each primitive flux vanishes when its donor is empty, fluxes continuous in effort and locally Lipschitz in the state), is forward invariant for the six-compartment system.*",aligned passage,0.969,0.982,0.955,,,
D0392,supported (reworded),medium,4.4,"Conservation and boundary admissibility are separate obligations, and the finite-donor condition carries a discipline: a target-relaxation law **does not satisfy it** unless also limited by .",3.7,"Neither construction carries certificates across on its own: the descent of a part's conservation law to the composition is exactly the agreement condition of Proposition 36, and it can fail.",elsewhere in the deposit,0.224,0.282,0.0,,,
D0393,supported (reworded),medium,4.4,"It may be used only with the source declared an effectively infinite external reservoir, in which case the system is open rather than closed.",2.2,"The geological donor is an internal state throughout — no infinite reservoir is declared — and the block boundary is crossed only by harvest (to product) and, when restored, mining (to product or waste).",elsewhere in the deposit,0.267,0.36,0.0,,,
D0394,supported (reworded),high,4.4,"The classical lineage of these statements is the compartmental-systems non-negativity theory (Jacquez and Simon, 1993).",4.4,"The classical lineage of these statements is the compartmental-systems nonnegativity theory (Jacquez and Simon, 1993); the donor-limitation condition is the exact sufficiency requirement — algebraic cancellation alone does not establish invariance.",aligned passage,0.565,0.64,0.526,,,
D0395,supported (near-verbatim),high,4.4,The donor-limitation condition is the exact sufficiency requirement — **algebraic cancellation alone does not establish invariance**.,4.4,"The classical lineage of these statements is the compartmental-systems nonnegativity theory (Jacquez and Simon, 1993); the donor-limitation condition is the exact sufficiency requirement — algebraic cancellation alone does not establish invariance.",aligned passage,0.616,0.689,0.526,,,
D0396,supported (near-verbatim),high,4.5,**Theorem 12 (No interior rest at positive effort).** *Assume (H1) is constant.,,**Theorem 12 (No interior rest at positive effort).** *Assume:*,aligned passage,0.868,0.876,0.857,,"polarity phrased differently (passage no negator, draft ['not'])",
D0397,excluded: shared verbatim,n/a,4.5,"Then a rest point of the closed natural block satisfies after restoring optional mining; with this is , hence or or .",,,identical text,1.0,1.0,,,,
D0398,excluded: shared verbatim,n/a,4.5,None of these is compatible with and : (i) and give ; (ii) and give ; (iii) forces and reduces to the extinction family of Theorem 13.,,,identical text,1.0,1.0,,,,
D0399,not a claim (signposting),high,4.5,"In particular the working point **is not** a rest point at : holds there by construction ( ), and the rest condition of the proof fails on the abiotic pair.*",,"In particular the working point is not a rest point at : holds there by construction ( ), and the rest condition of the proof below fails on the abiotic pair.*",aligned passage,0.952,0.98,0.857,,"the sentence reports what the document does, not what the world does",
D0400,supported (reworded),medium,4.5,In words: you cannot have a steady state with living stock in it while effort stays positive.,,*(H4) for almost every while stays above .*,elsewhere in the deposit,0.282,0.388,0.0,,,
D0401,supported (reworded),medium,4.5,The bookkeeping forces one pool or another to keep moving.,1.1,The size of the pool is a property of the resource.,elsewhere in the deposit,0.281,0.43,0.0,,,
D0402,supported (near-verbatim),high,4.6,"**Theorem 13 (Vanishing-extraction rest set).** *With vanishing extraction ( ), the rest points of the closed natural block (2) are **exactly** the three sets — the extinction family , the carrying-capacity family , and the frozen-biomass face ; the union symbol is retained for the two geochemical families:*",4.6,"**Theorem 13 (Vanishing-extraction rest set).** *With vanishing extraction ( ), the rest points of the closed natural block (2) are exactly the three sets — the extinction family , the carrying-capacity family , and the frozen-biomass face ; the union symbol is retained for the two geochemical families:* *where in the second family is evaluated at the solution — together with the frozen-biomass face , on which identically and the biomass is frozen at its initial value.",aligned passage,0.754,0.776,0.167,,,
D0403,supported (reworded),medium,,"*where in the second family is evaluated at the solution — together with the frozen-biomass face , on which identically and the biomass is frozen at its initial value.",4.6,"**Theorem 13 (Vanishing-extraction rest set).** *With vanishing extraction ( ), the rest points of the closed natural block (2) are exactly the three sets — the extinction family , the carrying-capacity family , and the frozen-biomass face ; the union symbol is retained for the two geochemical families:* *where in the second family is evaluated at the solution — together with the frozen-biomass face , on which identically and the biomass is frozen at its initial value.",aligned passage,0.364,0.342,1.0,,"polarity phrased differently (passage no negator, draft ['not'])",
D0404,supported (near-verbatim),high,,"With constant, no interior rest point (with ) exists (Theorem 12); the extinction face of this set persists at positive effort, because extraction vanishes identically at , and it is a boundary rest rather than an interior one.",4.6,"With constant, no interior rest point (with ) exists (Theorem 12); the extinction face of this set persists at positive effort, because extraction vanishes identically at , and it is a boundary rest rather than an interior one (Section 4.6).",aligned passage,0.964,0.975,1.0,,"polarity phrased differently (passage no negator, draft ['not'])",
D0405,excluded: shared verbatim,n/a,,"If and is imposed for , the shared active-pool ray of and is , — the endpoint is excluded, because there the donor-limited recharge vanishes and .",,,identical text,1.0,1.0,,,,
D0406,supported (near-verbatim),high,,"The constitutive laws carry no basal mortality independent of the support factor; adding one ( , stock → detritus) collapses the frozen-biomass face and does not touch Theorems 7–12 or 14.*",4.6,"The constitutive laws carry no basal mortality independent of the support factor; adding one ( , stock detritus) collapses the frozen-biomass face and does not touch Theorems 7–12 or 14.*",aligned passage,1.0,0.997,1.0,,,
D0407,excluded: shared verbatim,n/a,,**Theorem 14 (Integrable extraction).** *Assume along the trajectory (effort is non-negative; along classical solutions is Theorem 10's).,,,identical text,1.0,1.0,,,,
D0408,supported (near-verbatim),high,,"*in particular , and **no trajectory maintains extraction at the working value for all time**; with mining restored, .*",,"Then , so* *in particular , and no trajectory maintains extraction at the working value for all time; with mining restored, .*",elsewhere in the deposit,1.0,0.96,0.0,,,
D0409,excluded: shared verbatim,n/a,4.7,"This is the depletion-horizon semantics of the closed ledger in its strongest form: the donor budget is finite, and extraction is integrable against it.",,,identical text,1.0,1.0,,,,
D0410,not a claim (signposting),high,4.7,"A constant extraction flux — a comparison flux only, not a donor-limited primitive the ledger's own discipline admits as a sustained law — exhausts the budget in finite time ( reaches its lower bound no later than ), while proportional extraction need not drive to zero in finite time.",4.7,"A constant extraction flux — a comparison flux only, not a donor-limited primitive the ledger's own discipline admits as a sustained law — exhausts the budget in finite time ( reaches its lower bound no later than ), while proportional extraction need not drive to zero in finite time — the integral bound of the theorem is the whole statement, and the hitting time of may be infinite.",aligned passage,0.833,0.849,1.0,,"the sentence reports what the document does, not what the world does",
D0411,supported (reworded),medium,4.7,"The integral bound of the theorem **is** the whole statement, and the hitting time of may be infinite.",4.7,"A constant extraction flux — a comparison flux only, not a donor-limited primitive the ledger's own discipline admits as a sustained law — exhausts the budget in finite time ( reaches its lower bound no later than ), while proportional extraction need not drive to zero in finite time — the integral bound of the theorem is the whole statement, and the hitting time of may be infinite.",aligned passage,0.25,0.119,1.0,,,
D0412,supported (near-verbatim),high,4.7,This is the finite-budget fact that §9 turns into the non-reduction boundary with the open working system.,4.7,This is the finite-budget fact that Section 9 turns into the non-reduction boundary with the open working system.,aligned passage,0.934,0.962,1.0,,,
D0413,excluded: shared verbatim,n/a,4.7,"The theorem does not select among the vanishing-extraction rests of Theorem 13: integrable extraction is compatible with approach to either the extinction family or the carrying-capacity–geochemical family, and the bound alone decides nothing between them.",,,identical text,1.0,1.0,,,,
D0414,supported (near-verbatim),high,,"**Conditional Theorem 15 (Hybrid moiety balance).** *Let denote the hybrid state and its primitive-flux vector — letters local to this statement, chosen so that stays the growth rate of §2.2 and a macro parameter of §5.4.",,"**Conditional Theorem 15 (Hybrid moiety balance).** *Let denote the hybrid state and its primitive-flux vector — letters local to this statement, chosen so that stays the growth rate of Section 2.2 and a macro parameter of Section 5.4.",aligned passage,0.957,0.962,0.95,,,
D0415,supported (near-verbatim),high,,"Assume (H1) is absolutely continuous between locally finite event times, with left and right limits at events; (H2) with , separate reverse columns, and donor-limited negative boundary flows; (H3) .",,*(H1) is absolutely continuous between locally finite event times with left and right limits at events.*,aligned passage,0.633,0.697,0.95,,,
D0416,excluded: shared verbatim,n/a,4.8,"The theorem is conditional, and its jump interpretation is part of the content: an internal-transformation jump requires or a jump incidence factorization with left-kernel conservation; a boundary-crossing jump is a boundary impulse and belongs in the boundary term.",,,identical text,1.0,1.0,,,,
D0417,excluded: shared verbatim,n/a,4.8,"The **yield-routing obligation**: if a transformation is represented with a yield below one for a declared moiety, the omitted fraction must be routed to another represented compartment or a declared boundary flow — otherwise the claimed moiety balance holds only after silently dropping that moiety from .",,,identical text,1.0,1.0,,,,
D0418,excluded: shared verbatim,n/a,4.8,"And the **separation obligation**: this is the hybrid variant of Proposition 4, retained at its own conditional status; the two statements are not merged.",,,identical text,1.0,1.0,,,,
D0419,supported (reworded),high,4.9,Summing the six material equations of a ten-state admissibility template gives the exact identity,4.9,Summing the six material equations of a ten-state admissibility template gives the exact identity This is an algebraic cancellation only: it does not prove forward invariance of the six material states or physical admissibility of every term.,elsewhere in the deposit,0.54,0.573,0.0,,"polarity phrased differently (passage ['not'], draft no negator)",
D0420,supported (reworded),high,4.9,"It does **not** prove forward invariance of the six material states, or physical admissibility of every term.",4.9,Summing the six material equations of a ten-state admissibility template gives the exact identity This is an algebraic cancellation only: it does not prove forward invariance of the six material states or physical admissibility of every term.,aligned passage,0.518,0.532,1.0,,,
D0421,excluded: shared verbatim,n/a,4.9,"The ghost-sink check is part of the discipline: the same birth-transfer rate enters and with opposite signs, so material not transferred to juveniles remains in — there is no unmatched sink in the six-state ledger.",,,identical text,1.0,1.0,,,,
D0422,supported (reworded),medium,4.9,The identity is retained precisely for its discipline.,4.9,"The identity is retained precisely for its discipline: formal cancellation coexists with boundary failure elsewhere in the same template (its geological exchange is not donor-limited), and the cancellation by itself establishes nothing about admissibility.",elsewhere in the deposit,0.282,0.35,0.0,,,
D0423,supported (near-verbatim),high,4.9,"Formal cancellation coexists with boundary failure elsewhere in the same template (its geological exchange is **not** donor-limited), and the cancellation by itself establishes nothing about admissibility.",4.9,"The identity is retained precisely for its discipline: formal cancellation coexists with boundary failure elsewhere in the same template (its geological exchange is not donor-limited), and the cancellation by itself establishes nothing about admissibility.",elsewhere in the deposit,0.843,0.879,0.0,,,
D0424,excluded: shared verbatim,n/a,4.9,"Conservation (Theorems 7–9) and positivity (Theorems 10–11) are proved separately in every well-posed ledger of this article, exactly because **cancellation is cheap and admissibility is not**.",,,identical text,1.0,1.0,,,,
D0425,excluded: shared verbatim,n/a,4.9,"The template's remaining negative witnesses — a variance closure that is not realizable by a non-negative spatial distribution, and an output functional without a displayed state equation — are recorded in the supplementary material as audited admissibility failures.",,,identical text,1.0,1.0,,,,
D0426,excluded: shared verbatim,n/a,4.9,"**The closed-ledger portrait.** Theorems 7–14 assemble into a complete qualitative portrait of the closed orthant: conservation (Theorems 7–9), positivity (Theorems 10–11), no interior rest at positive effort (Theorem 12), the two-family vanishing-extraction rest set with the frozen-biomass face (Theorem 13), and the finite donor budget (Theorem 14).",,,identical text,1.0,1.0,,,,
D0427,supported (near-verbatim),high,4.9,"The portrait is the source object handed to the interface of §9: the closed system's candidate long-time set is the rest set of Theorem 13, and the budget of Theorem 14 bounds how long any positive-flux configuration can persist.",4.9,"The portrait is the source object handed to the interface of Section 9: the closed system's candidate long-time set is the rest set of Theorem 13, and the budget of Theorem 14 bounds how long any positive-flux configuration can persist.",aligned passage,0.968,0.982,1.0,,,
D0428,excluded: shared verbatim,n/a,4.9,"For industrial-ecology measurement the message is direct: a ""balanced"" closed ledger is a **finite-budget** object, and any sustained extraction against it must integrate to a quantity no greater than the initial budget.",,,identical text,1.0,1.0,,,,
D0429,excluded: shared verbatim,n/a,5,"Services are observations or feasible outputs of the physical state, not additional conserved mass.",,,identical text,1.0,1.0,,,,
D0430,supported (near-verbatim),high,5,Internal physical transfers are not services merely because they appear in a ledger.,5,"Internal physical transfers are not services merely because they appear in a ledger: a typed readout identifies the delivered flow, its boundary, and any unit conversion.",aligned passage,0.592,0.667,1.0,,,
D0431,supported (near-verbatim),high,5,"A typed readout identifies the delivered flow, its boundary, and any unit conversion.",5,"Internal physical transfers are not services merely because they appear in a ledger: a typed readout identifies the delivered flow, its boundary, and any unit conversion.",aligned passage,0.589,0.661,1.0,,,
D0432,supported (near-verbatim),high,5,"This distinction is the accounting counterpart of the ecological-economics point that a service flow — Ayres' useful-work reading, Daly's throughput-of-services reading — is not the same object as the mass that delivers it.",5,"This distinction is the accounting counterpart of the ecological-economics point that a service flow (Ayres' useful-work reading, Daly's throughput-of-services reading) is not the same object as the mass that delivers it.",aligned passage,1.0,0.995,1.0,,,
D0433,excluded: shared verbatim,n/a,,"For services indexed by , write , where denotes admissible operating or extraction choices and and the demand share service-specific units.",,,identical text,1.0,1.0,,,,
D0434,supported (reworded),high,,"Where delivered services are selected or converted ledger fluxes, the readout is linear in the primitives,",,"Where delivered services are selected or converted ledger fluxes, the readout is linear in the primitives, with every row of declaring the delivery boundary and the conversion into one service-specific unit; more general state-dependent readouts are possible.",aligned passage,0.497,0.583,1.0,,,
D0435,supported (reworded),high,,with every row of declaring the delivery boundary and the conversion into one service-specific unit.,,"Where delivered services are selected or converted ledger fluxes, the readout is linear in the primitives, with every row of declaring the delivery boundary and the conversion into one service-specific unit; more general state-dependent readouts are possible.",elsewhere in the deposit,0.503,0.558,0.0,,,
D0436,supported (reworded),medium,,More general state-dependent readouts are possible.,9,The readout of Section 6.4 inherits the consequence.,elsewhere in the deposit,0.234,0.323,0.0,,,
D0437,supported (near-verbatim),high,,and means measured supply meets measured demand for component at that instant.,,The contemporaneous component balance is and means measured supply meets measured demand for component at that instant.,elsewhere in the deposit,0.784,0.79,0.0,,,
D0438,supported (reworded),medium,,It does not by itself imply that the underlying trajectory is sustainable.,,A conservation law alone does not imply that the trajectory satisfies the barrier.,elsewhere in the deposit,0.404,0.571,0.0,,,
D0439,supported (near-verbatim),high,,"A stock can meet current demand while declining toward a threshold, and a stock below a desired level can have a positive current balance while recovering.",,"It does not by itself imply that the underlying trajectory is sustainable: a stock can meet current demand while declining toward a threshold, and a stock below a desired level can have a positive current balance while recovering.",elsewhere in the deposit,0.774,0.805,0.0,,,
D0440,excluded: shared verbatim,n/a,5.2,"**Definition 1 (Feasible balance domain).** *For an admissible operating set and a declared demand set ,*",,,identical text,1.0,1.0,,,,
D0441,supported (near-verbatim),high,5.2,The geometry of the balance domain is state dependent and inherited partly from the stock–flow model. **No unrestricted argument can replace an application-specific analysis of .** This domain is the object against which any scalar certificate claim must be checked (§10.1): a weighted sum certifies componentwise non-negativity on only through an implication proved from the physical restrictions that define the domain.,5.2,This domain is the object against which any scalar certificate claim must be checked (Section 10.1): a weighted sum certifies componentwise nonnegativity on only through an implication proved from the physical restrictions that define the domain.,aligned passage,0.666,0.72,0.6,,,
D0442,excluded: shared verbatim,n/a,5.3,Current service adequacy and regenerative feasibility are different claims.,,,identical text,1.0,1.0,,,,
D0443,excluded: shared verbatim,n/a,5.3,"Let contain the service vectors feasible through all pathways admitted by an application, and the feasible set after imposing the declared regenerative-flow, system-boundary, material-quality, and exergy or capacity restrictions.",,,identical text,1.0,1.0,,,,
D0444,excluded: shared verbatim,n/a,5.3,These correspondences are **application inputs** obtained from a typed pathway or technology model; the stock ledger alone does not construct them.,,,identical text,1.0,1.0,,,,
D0445,supported (near-verbatim),high,5.3,**Definition 2 (Directional regenerative-support fraction and gap).** *Assume (H1) ; (H2) a nonzero service direction is chosen.,5.3,**Definition 2 (Directional regenerative-support fraction and gap).** *Assume:*,aligned passage,0.683,0.751,0.6,,,
D0446,supported (near-verbatim),high,,"*The vector is the directional support gap, measured in the same service units as .",,"*Define* *The vector is the directional support gap, measured in the same service units as .",aligned passage,0.927,0.958,1.0,,,
D0447,excluded: shared verbatim,n/a,,A realized service is **support-dependent under that declaration** even when .*,,,identical text,1.0,1.0,,,,
D0448,supported (near-verbatim),high,,"Attainment requires closedness: if is not closed the supremum may not be attained, and the gap is relative to a supremal fraction, not necessarily to an achievable boundary service.",,"Attainment requires closedness: if is not closed the supremum may not be attained, and the gap is relative to a supremal fraction, not necessarily an achievable boundary service.",aligned passage,1.0,0.991,1.0,,,
D0449,supported (near-verbatim),high,,The **non-interpretation discipline** is equally part of the definition: the statement neither subtracts raw material from service nor proves that a physical stock is declining.,,The non-interpretation discipline is equally part of the definition: the statement neither subtracts raw material from service nor proves that a physical stock is declining; net depletion still requires a negative stock balance or a trajectory argument.,aligned passage,0.746,0.811,1.0,,,
D0450,supported (reworded),medium,,Net depletion still requires a negative stock balance or a trajectory argument.,,The non-interpretation discipline is equally part of the definition: the statement neither subtracts raw material from service nor proves that a physical stock is declining; net depletion still requires a negative stock balance or a trajectory argument.,aligned passage,0.375,0.294,1.0,,,
D0451,supported (near-verbatim),high,,"The provenance partition behind — renewable flow, recovered or recycled material, imports, non-renewable drawdown — never adds unlike physical units.",,"The provenance partition behind (renewable flow, recovered or recycled material, imports, non-renewable drawdown) never adds unlike physical units.",aligned passage,1.0,0.993,1.0,,,
D0452,supported (reworded),medium,5.4,On the unreduced ledger the physical deficit is the diagnostic,10.1,"On the unreduced ledger, no scalar weighting of components is authorized by the accounting itself.",elsewhere in the deposit,0.402,0.582,0.0,,,
D0453,supported (near-verbatim),high,,"with the operative extraction-law readout and the declared demand-coverage matrix mapping the moiety readout — the composition matrix of Lemma 3, **a different object from the coverage vector despite the shared letter** — into the units of that coverage vector: rows indexed by covered services, columns by moieties, entries the declared stoichiometric coefficients of the coverage convention.",5.4,"On the unreduced ledger the physical deficit is the diagnostic with the operative extraction-law readout and the declared demand-coverage matrix mapping the moiety readout — the composition matrix of Lemma 3, a different object from the coverage vector despite the shared letter — into the units of that coverage vector — rows indexed by covered services, columns by moieties, entries the declared stoichiometric coefficients of the coverage convention (the hat distinguishes the matrix from the scalar natural-block mass of Section 4.1).",aligned passage,0.788,0.84,1.0,,,
D0454,supported (reworded),low,,The hat distinguishes the matrix from the scalar natural-block mass of §4.1.,5.4,"On the unreduced ledger the physical deficit is the diagnostic with the operative extraction-law readout and the declared demand-coverage matrix mapping the moiety readout — the composition matrix of Lemma 3, a different object from the coverage vector despite the shared letter — into the units of that coverage vector — rows indexed by covered services, columns by moieties, entries the declared stoichiometric coefficients of the coverage convention (the hat distinguishes the matrix from the scalar natural-block mass of Section 4.1).",aligned passage,0.15,0.057,1.0,,,
D0455,excluded: shared verbatim,n/a,,"It does not drive the physical equations, and it is not equal to unless waste–product feedback vanishes and the service is identified with regeneration.",,,identical text,1.0,1.0,,,,
D0456,excluded: shared verbatim,n/a,,"The single-resource specialization (the omitted product, waste and price parameters of the unreduced ledger set to zero, together with ) makes that identification, and **on that class — and only on that class — the deficit collapses to the stock-decline rate.**",,,identical text,1.0,1.0,,,,
D0457,excluded: shared verbatim,n/a,5.4,"**Remark 16 (Exact specialization deficit identity).** *On every trajectory of the specialized system, and of every reduced system whose stock equation is ,*",,,identical text,1.0,1.0,,,,
D0458,supported (near-verbatim),high,5.4,"The collapse is a **property of the specialization**, not a definition of liquidation on the unreduced ledger.",5.4,"The collapse is a property of the specialization, not a definition of liquidation on the unreduced ledger; the general diagnostic remains .",aligned passage,0.792,0.867,0.7,,,
D0459,supported (reworded),high,5.4,**Decline pressure.** In the registered delay family the depletion-pressure classification is,5.4,"**Decline pressure.** In the registered delay family the depletion-pressure classification is : the memory input of the institutional dynamics is a smoothed stock-decline rate, exactly the positive part of the decline.",elsewhere in the deposit,0.51,0.59,0.0,,"polarity phrased differently (passage ['not'], draft no negator)",
D0460,supported (near-verbatim),high,5.4,"the memory input of the institutional dynamics is a smoothed stock-decline rate, exactly the positive part of the decline.",5.4,"**Decline pressure.** In the registered delay family the depletion-pressure classification is : the memory input of the institutional dynamics is a smoothed stock-decline rate, exactly the positive part of the decline.",aligned passage,0.691,0.728,1.0,,,
D0461,excluded: shared verbatim,n/a,5.4,"It is **not** a stock-level scarcity measure, **not** an unmet-consumption measure, and **not** an independently observed service deficit.",,,identical text,1.0,1.0,,,,
D0462,supported (reworded),high,,"Since as , the raw decline input vanishes near extinction while the positive baseline source of the effort law can still sustain commanded effort.",5.4,"Since as , the raw decline input vanishes near extinction while the positive baseline source of the effort law can still sustain commanded effort — the incremental decline amplification disappears, but the effort command need not; a controller intended to respond to low stock irrespective of its current rate of change requires a separately registered level-dependent channel.",elsewhere in the deposit,0.513,0.559,0.083,,,
D0463,supported (reworded),medium,,"The incremental decline amplification disappears, but the effort command need not.",6,The ledger supplies the net active-pool derivative needed to distinguish gross throughput from net decline and from a model-conditioned threshold time.,aligned passage,0.216,0.307,0.083,,,
D0464,supported (reworded),low,,A controller intended to respond to low stock *irrespective of its current rate of change* requires a separately registered level-dependent channel.,5.4,"The statement is falsifiable against the record rather than self-sealing: a stock change smaller than the certified lower bound exposes a wrong coefficient, a missing flux, or a measurement inconsistency, and each of the three is a registered obligation, not a licence to reconcile.","aligned passage, weak",0.083,0.033,0.083,,,
D0465,not a claim (signposting),high,6,The ledger supplies the net active-pool derivative needed to tell gross throughput apart from net decline and from a model-conditioned threshold time.,6,The ledger supplies the net active-pool derivative needed to distinguish gross throughput from net decline and from a model-conditioned threshold time.,aligned passage,0.875,0.936,1.0,,"polarity phrased differently (passage no negator, draft ['not']) ; the sentence reports what the document does, not what the world does",
D0466,excluded: shared verbatim,n/a,6,"The distinction matters because ""time to depletion"" is publicly used as if all three were one quantity.",,,identical text,1.0,1.0,,,,
D0467,supported (near-verbatim),high,6,"They are not, and the worked instances below make the differences explicit.",6,"They are not, and the worked instances of this section make the differences explicit.",aligned passage,0.831,0.897,1.0,,,
D0468,excluded: shared verbatim,n/a,6,"Let be a declared threshold for the active abiotic pool, with .",,,identical text,1.0,1.0,,,,
D0469,supported (near-verbatim),high,6.1,"**Definition 3 (Gross turnover intensity and support coverage).** *With assimilation , the gross turnover intensity is and the gross support-coverage ratio is . **Neither is a time to depletion.***",6.1,"**Definition 3 (Gross turnover intensity and support coverage).** *With assimilation , the gross turnover intensity is and the gross support-coverage ratio is .*",aligned passage,0.836,0.906,0.75,,"polarity phrased differently (passage no negator, draft ['neither'])",
D0470,supported (near-verbatim),high,,"At an interior steady state, can be positive while decomposition and geological transfer balance it exactly, so that .",,"The implication is false in general: at an interior steady state, can be positive while decomposition and geological transfer balance it exactly, so that .",elsewhere in the deposit,0.822,0.865,0.0,,,
D0471,supported (near-verbatim),high,,Gross uptake measures throughput or dependency.,,Gross uptake measures throughput or dependency; net depletion is a balance property.,elsewhere in the deposit,0.645,0.719,0.0,,,
D0472,supported (reworded),high,,Net depletion is a balance property.,,Gross uptake measures throughput or dependency; net depletion is a balance property.,elsewhere in the deposit,0.529,0.598,0.0,,,
D0473,supported (near-verbatim),high,6.1,"This false-implication record is the first rung of the taxonomy, and it governs every application below.",,This false-implication record is the first rung of the taxonomy and governs every application below.,aligned passage,1.0,0.985,1.0,,,
D0474,supported (near-verbatim),high,6.1,It correctly reports *no current net decline* at a stationary or replenishing state.,,**Definition 4 (Local net-depletion ratio).** *with the extended-real convention when — correctly reporting no current net decline at a stationary or replenishing state.,aligned passage,0.627,0.672,1.0,,,
D0475,excluded: shared verbatim,n/a,6.1,The ratio is still not a trajectory forecast: it freezes the current net rate.,,,identical text,1.0,1.0,,,,
D0476,excluded: shared verbatim,n/a,6.1,"If the fluxes change with , policy, climate, prices or other states, the realized threshold time can differ substantially.",,,identical text,1.0,1.0,,,,
D0477,needs check: scope,high,6.1,"**Definition 5 (Scenario-conditioned hitting time).** *For a fully specified dynamical model, policy or scenario , disturbance history , and initial state ,*",6.1,"**Definition 5 (Scenario-conditioned hitting time).** *For a fully specified dynamical model, policy or scenario , disturbance history , and initial state ,* *with if the threshold is never reached.",elsewhere in the deposit,0.855,0.88,0.0,needs check: scope: the sentence this one restates is conditioned by ['if']; the draft states it unconditionally,"polarity phrased differently (passage ['never', 'not'], draft no negator)",
D0478,excluded: shared verbatim,n/a,6.1,"Under parameter, observation and scenario uncertainty, the appropriate output is a **distribution or robust interval** of , not a single universal date.",,,identical text,1.0,1.0,,,,
D0479,excluded: shared verbatim,n/a,6.1,The three quantities answer different questions and must not share one depletion-horizon label.,,,identical text,1.0,1.0,,,,
D0480,supported (reworded),medium,6.2,"**Proposition 17 (Local threshold-horizon bracket).** *Assume (H1) is absolutely continuous with ; (H2) constants and are given, and ; (H3) ; (H4) for almost every while stays above .",,*(H4) for almost every while stays above .*,aligned passage,0.371,0.382,1.0,,the figure 17 is stated in the deposit but outside this passage,
D0481,excluded: shared verbatim,n/a,6.2,"Then a first crossing time exists no later than , and*",,,identical text,1.0,1.0,,,,
D0482,needs check: scope,medium,6.2,"In words: promise that the decline stays within 10% of a fixed rate, and the frozen-rate ratio is guaranteed to be within about 11% of the true crossing time.",,"**Proposition 26 (Sign of the frozen-rate error).** Let with on , and write the true horizon and the frozen-rate ratio as If is nondecreasing in then , and the frozen-rate number is conservative.",elsewhere in the deposit,0.316,0.467,0.0,needs check: scope: the sentence this one restates is conditioned by ['if']; the draft states it unconditionally,"the figure 10, 11 is stated in the deposit but outside this passage",
D0483,supported (near-verbatim),high,6.2,"It fails when depletion reverses, when the rate approaches zero, or when feedback moves the trajectory outside the declared rate bounds.",6.2,"This is a local diagnostic only: it fails when depletion reverses, the rate approaches zero, or feedback moves the trajectory outside the declared rate bounds.",aligned passage,0.83,0.854,1.0,,,
D0484,supported (near-verbatim),high,6.2,"Its companion is the one-sided exhaustion proposition of §3.6, whose counterexample — proportional extraction never exhausts in finite time — shows that the uniform margin is load-bearing in both directions.",6.2,"Its companion is the one-sided exhaustion proposition of Section 3.6, whose counterexample — proportional extraction never exhausts in finite time — shows that the uniform margin is load-bearing in both directions.",aligned passage,0.963,0.98,1.0,,,
D0485,excluded: shared verbatim,n/a,6.2,"The bracket bounds the frozen-rate ratio's error under declared rate bounds, and nothing more.",,,identical text,1.0,1.0,,,,
D0486,supported (near-verbatim),high,6.2,"**When the clocks coincide.** Under the rate bracket the frozen-rate ratio and the true hitting time agree within the bracket: gives , hence",6.2,"**When the clocks coincide.** Under the rate bracket the frozen-rate ratio and the true hitting time agree within the bracket: gives , hence — the only regime in which the frozen-rate ratio is a horizon.",aligned passage,0.824,0.815,0.824,,,
D0487,needs check: scope,medium,6.2,— the only regime in which the frozen-rate ratio *is* a horizon.,6.2,"**When the clocks coincide.** Under the rate bracket the frozen-rate ratio and the true hitting time agree within the bracket: gives , hence — the only regime in which the frozen-rate ratio is a horizon.",aligned passage,0.391,0.47,0.214,needs check: scope: the sentence this one restates is conditioned by ['when']; the draft states it unconditionally,,
D0488,supported (near-verbatim),high,6.2,"The three quantities of §6.1 coincide only under a declared rate bracket, and the false implication is the reason.",6.2,"At a stationary state ( ) with , while : the three quantities of Section 6.1 coincide only under a declared rate bracket, and the false implication is the reason.",aligned passage,0.787,0.83,0.214,,,
D0489,supported (near-verbatim),high,6.3,The lower-barrier setting of §6.1 is one half of the story.,6.3,The lower-barrier setting of Section 6.1 is one half of the story.,aligned passage,0.888,0.932,0.833,,,
D0490,supported (reworded),high,6.3,For each moiety define the lower and upper exit times,6.3,"For each moiety , define the lower and upper exit times and the overall admissibility exit time horizon safety on is .",aligned passage,0.636,0.627,0.833,,"polarity phrased differently (passage ['without'], draft no negator)",
D0491,supported (near-verbatim),high,,and the overall admissibility exit time ; **horizon safety on is **.,6.3,"For each moiety , define the lower and upper exit times and the overall admissibility exit time horizon safety on is .",elsewhere in the deposit,0.622,0.685,0.0,,"polarity phrased differently (passage ['without'], draft no negator)",
D0492,supported (reworded),medium,,"Note the minimum is taken over all moieties — both signs, every component.",,"**Corollary (Flux-derived barrier certificate).** *If and for all and all , then every trajectory compatible with the flux bounds is barrier-safe on .*",elsewhere in the deposit,0.216,0.306,0.0,,,
D0493,supported (near-verbatim),high,,1. **Equality at the hitting time** — — requires continuity of both and and appropriate initial separation.,6.3,"First, equality at the hitting time — — requires continuity of both and and appropriate initial separation; if fluxes or barriers can jump, the stock can cross the barrier without satisfying equality.",elsewhere in the deposit,0.606,0.669,0.0,,,
D0494,supported (near-verbatim),high,,"If fluxes or barriers can jump, the stock can cross the barrier *without* satisfying equality. 2. **Lower barriers need not be exhaustion thresholds.** The diagnostic distinguishes physical exhaustion ( ), functional failure ( ), a resilience or regime-shift threshold, an economically recoverable reserve, and a minimum service-supporting stock.",6.3,"Second, lower barriers need not be exhaustion thresholds: the diagnostic distinguishes physical exhaustion ( ), functional failure ( ), a resilience or regime-shift threshold, an economically recoverable reserve, and a minimum service-supporting stock — the term ""exhaustion"" is reserved for , and all other thresholds are barrier violations.",elsewhere in the deposit,0.664,0.717,0.0,,,
D0495,supported (reworded),medium,,"The term ""exhaustion"" is reserved for ; all other thresholds are barrier violations.",6.3,"Second, lower barriers need not be exhaustion thresholds: the diagnostic distinguishes physical exhaustion ( ), functional failure ( ), a resilience or regime-shift threshold, an economically recoverable reserve, and a minimum service-supporting stock — the term ""exhaustion"" is reserved for , and all other thresholds are barrier violations.",elsewhere in the deposit,0.333,0.074,0.0,,,
D0496,excluded: shared verbatim,n/a,6.3,"Upper-barrier violations matter symmetrically: a system may satisfy every lower-barrier condition while violating an upper barrier, .",,,identical text,1.0,1.0,,,,
D0497,needs check: attribution,high,6.3,Atmospheric CO₂ accumulation violates an upper concentration barrier while fossil carbon stocks decline.,6.3,Atmospheric CO₂ accumulation violates an upper concentration barrier while fossil carbon stocks decline; the depletion diagnostic must check both barriers.,aligned passage,0.772,0.803,1.0,"needs check: attribution: the sentence this one restates cites Aubin, 1991; the draft dropped the source",,
D0498,needs check: attribution,medium,6.3,The depletion diagnostic must check both barriers.,6.3,Atmospheric CO₂ accumulation violates an upper concentration barrier while fossil carbon stocks decline; the depletion diagnostic must check both barriers.,aligned passage,0.418,0.488,1.0,"needs check: attribution: the sentence this one restates cites Aubin, 1991; the draft dropped the source",,
D0499,needs check: attribution,medium,6.3,And a stock can remain above a barrier until an assessment horizon and still be unsustainable thereafter.,6.3,"And a stock can remain above a barrier until an assessment horizon and still be unsustainable thereafter: if the assessment claims sustainability rather than finite-horizon admissibility, it requires a terminal condition where — the set from which barrier safety is indefinitely maintainable, the viability kernel of the barrier set under the admissible controls (Aubin, 1991).",elsewhere in the deposit,0.398,0.441,0.0,"needs check: attribution: the sentence this one restates cites Aubin, 1991; the draft dropped the source","polarity phrased differently (passage ['not'], draft no negator)",
D0500,supported (reworded),medium,6.3,"If the assessment claims *sustainability* rather than *finite-horizon admissibility*, it needs a terminal condition , where",6.3,The finite-horizon diagnostic is a necessary but not sufficient condition for sustainability; the full certificate requires the terminal state to lie in the maintainability set.,elsewhere in the deposit,0.302,0.386,0.0,,"polarity phrased differently (passage ['not'], draft no negator)",
D0501,needs check: strength,high,6.3,"— the set from which barrier safety is indefinitely maintainable: the viability kernel of the barrier set under the admissible controls (Aubin, 1991).",6.3,"And a stock can remain above a barrier until an assessment horizon and still be unsustainable thereafter: if the assessment claims sustainability rather than finite-horizon admissibility, it requires a terminal condition where — the set from which barrier safety is indefinitely maintainable, the viability kernel of the barrier set under the admissible controls (Aubin, 1991).",elsewhere in the deposit,0.496,0.562,0.0,needs check: strength: the passage hedges with ['can']; this sentence asserts without a hedge,,
D0502,needs check: strength,high,6.3,The finite-horizon diagnostic is a **necessary but not sufficient** condition for sustainability.,6.3,The finite-horizon diagnostic is a necessary but not sufficient condition for sustainability; the full certificate requires the terminal state to lie in the maintainability set.,elsewhere in the deposit,0.588,0.687,0.0,needs check: strength: the passage hedges with ['can']; this sentence asserts without a hedge,,
D0503,needs check: strength,high,6.3,The full certificate requires the terminal state to lie in the maintainability set.,6.3,The finite-horizon diagnostic is a necessary but not sufficient condition for sustainability; the full certificate requires the terminal state to lie in the maintainability set.,elsewhere in the deposit,0.592,0.641,0.0,needs check: strength: the passage hedges with ['can']; this sentence asserts without a hedge,,
D0504,supported (reworded),high,,"For uncertain parameters and admissible disturbances , robust barrier safety is",,"For uncertain parameters and admissible disturbances , robust barrier safety is and the depletion-horizon classification is fourfold: nominal ( , ); worst-case ( ); probabilistic ( ); and scenario-conditioned ( ).",elsewhere in the deposit,0.539,0.571,0.0,,,
D0505,needs check: scope,high,6.4,"and the depletion-horizon classification is fourfold: **nominal** ( , ); **worst-case** ( ); **probabilistic** ( ); and **scenario-conditioned** ( ).",,"For uncertain parameters and admissible disturbances , robust barrier safety is and the depletion-horizon classification is fourfold: nominal ( , ); worst-case ( ); probabilistic ( ); and scenario-conditioned ( ).",aligned passage,0.635,0.746,0.529,needs check: scope: the sentence this one restates is conditioned by ['admissible']; the draft states it unconditionally,"polarity phrased differently (passage no negator, draft ['without'])",
D0506,supported (near-verbatim),high,6.4,"The componentwise diagnostic applies to each scenario, and the conjunctive criterion applies within each scenario and across scenarios. **No single number is promoted across the four classes without a declared map.**",,"The componentwise diagnostic applies to each scenario, and the conjunctive criterion applies within each scenario and across scenarios.",aligned passage,0.666,0.778,0.529,,,
D0507,supported (reworded),high,6.5,"The classification matrix records, quantity by quantity, what each application computes and what each object is.",6.5,"The classification matrix records, quantity by quantity, what each application computes and what each object is; the numerical exhibits that follow are worked instances of the constructions, and the classification of each row does not depend on the magnitudes.",aligned passage,0.541,0.599,0.647,,,
D0508,supported (reworded),high,6.5,"The numerical exhibits that follow are worked instances of the constructions, and **the classification of each row does not depend on the magnitudes**.",6.5,"The classification matrix records, quantity by quantity, what each application computes and what each object is; the numerical exhibits that follow are worked instances of the constructions, and the classification of each row does not depend on the magnitudes.",aligned passage,0.654,0.66,0.647,,,
D0509,supported (near-verbatim),high,6.5.1,The G3P column of the matrix is the groundwater case.,6.5.1,The G3P column of the classification matrix is the groundwater case.,elsewhere in the deposit,0.856,0.874,0.0,,"polarity phrased differently (passage no negator, draft ['not'])",
D0510,supported (near-verbatim),high,6.5.1,"The Global Gravity-based Groundwater Product (G3P v1.12; Güntner et al., 2024; the GRACE line it descends from is Tapley et al., 2004) provides monthly **groundwater-storage anomalies relative to a reference period**, not absolute aquifer volumes.",6.5.1,"The Global Gravity-based Groundwater Product (G3P v1.12; Güntner et al., 2024; the GRACE line it descends from is Tapley et al., 2004) provides monthly groundwater-storage anomalies relative to a reference period rather than absolute aquifer volumes.",elsewhere in the deposit,0.964,0.97,0.0,,"polarity phrased differently (passage no negator, draft ['not'])",
D0511,supported (near-verbatim),high,6.5.1,"For a basin-mean anomaly series over the reported April 2002 – September 2023 window, the linear-trend anomaly persistence index is",6.5.1,"For a basin-mean anomaly series over the reported April 2002–September 2023 window, the linear-trend anomaly persistence index is the fitted distance to the series' own historical minimum divided by the fitted decline rate.",elsewhere in the deposit,0.625,0.727,0.0,,"polarity phrased differently (passage no negator, draft ['not'])",
D0512,supported (reworded),high,6.5.1,the fitted distance to the series' own historical minimum divided by the fitted decline rate.,6.5.1,"For a basin-mean anomaly series over the reported April 2002–September 2023 window, the linear-trend anomaly persistence index is the fitted distance to the series' own historical minimum divided by the fitted decline rate.",aligned passage,0.528,0.591,1.0,,,
D0513,excluded: shared verbatim,n/a,6.5.1,The four-basin record: Indo-Gangetic cm/yr with index yr; North China Plain with ; Central Valley with ; La Mancha with .,,,identical text,1.0,1.0,,,,
D0514,needs check: strength,high,6.5.1,"Classification, stated at the product's own status: a **statistical anomaly index with units of time** — not the physical stock ratio , and not a forecast of aquifer exhaustion.",6.5.1,"Classification, stated at the product's own status: a statistical anomaly index with units of time — not the physical stock ratio and not a forecast of aquifer exhaustion.",aligned passage,1.0,0.997,1.0,needs check: strength: the passage hedges with ['can']; this sentence asserts without a hedge,,
D0515,supported (reworded),medium,6.5.1,"Its value depends on the product window, the basin mask, the anomaly reference and the linear-trend convention.",6.5.1,"Classification, stated at the product's own status: a statistical anomaly index with units of time — not the physical stock ratio and not a forecast of aquifer exhaustion.",aligned passage,0.247,0.381,1.0,,,
D0516,needs check: strength,medium,6.5.1,A physical requires an absolute stock estimate and a net stock derivative — aquifer geometry or saturated thickness together with storage parameters — not an anomaly series alone.,6.5.1,"Its value depends on the product window, basin mask, anomaly reference, and linear-trend convention --- the reference period is the product's declared long-term mean over April 2002 to December 2020, the coverage ends September 2023, and the producer documents a faulty snow-water-equivalent entry for June 2005 that propagates into groundwater storage, recommending that the month be excluded; the window above spans it, so a re-derivation must declare whether June 2005 is retained, since it can move both the fitted trend and the series' own historical minimum; a physical requires an absolute stock estimate and a net stock derivative (aquifer geometry or saturated thickness together with storage parameters), not an anomaly series alone.",aligned passage,0.308,0.349,1.0,needs check: strength: the passage hedges with ['can']; this sentence asserts without a hedge,,
D0517,excluded: shared verbatim,n/a,6.5.1,A structural point sharpens the boundary.,,,identical text,1.0,1.0,,,,
D0518,supported (near-verbatim),high,6.5.1,"The **access structure** — a well, or an index well — is infrastructure rather than the resource.",6.5.1,"The access structure — a well or an index well — is infrastructure rather than the resource: it draws on stored water, the stock, which is replenished by recharge, the flow.",aligned passage,0.609,0.698,1.0,,,
D0519,supported (reworded),high,6.5.1,"It draws on stored water (the stock), which is replenished by recharge (the flow).",6.5.1,"The access structure — a well or an index well — is infrastructure rather than the resource: it draws on stored water, the stock, which is replenished by recharge, the flow.",aligned passage,0.57,0.628,1.0,,,
D0520,supported (near-verbatim),high,6.5.1,The anomaly series measures the stored stock as observed at the access point; it measures neither the access infrastructure nor the recharge.,6.5.1,The anomaly series is a measure of the stored stock as observed at the access point; it measures neither the access infrastructure nor the recharge.,aligned passage,0.948,0.968,1.0,,,
D0521,supported (near-verbatim),high,6.5.1,"An index built on it therefore cannot distinguish a drawdown of stored water that is recoverable on the recharge timescale from one that is not — although heavy over-extraction can make the loss permanent through compaction, subsidence or saline intrusion, in which case it is not recoverable at all.",6.5.1,"An index built on it therefore cannot distinguish a drawdown of stored water that is recoverable on the recharge time scale from one that is not — although heavy over-extraction can make the loss permanent through compaction, subsidence, or saline intrusion, in which case it is not recoverable at all.",aligned passage,0.949,0.998,1.0,,,
D0522,supported (near-verbatim),high,6.5.1,"The index is exactly the record-relative object analysed in §7.3, and its interpretive boundary is that record-relativity (§7.7).",6.5.1,"The index is exactly the record-relative object analysed in Section 7.3, and its interpretive boundary is that record-relativity (Section 7.7).",aligned passage,0.909,0.937,1.0,,,
D0523,excluded: shared verbatim,n/a,6.5.2,"Component-resolved depletion horizons on public data products are tabulated below, computed **without fitting any dynamical parameter** of the reduced systems.",,,identical text,1.0,1.0,,,,
D0524,supported (near-verbatim),high,6.5.2,"Rows marked with a dagger (†) are quarantined and must not be taken at face value: the Australia phosphate row dates to a pre-2026 reserve vintage (§6.5.3), and the Indo-Gangetic groundwater magnitude sits an order of magnitude beyond published basin-mean trends (the quarantine note below).",6.5.2,"Rows marked with a dagger (†) are quarantined and must not be taken at face value: the Australia phosphate row dates to a pre-2026 reserve vintage (§6.5.3), and the Indo-Gangetic groundwater magnitude sits an order of magnitude beyond published basin-mean trends (the quarantine note below); both are retained only as worked instances of the constructions, and neither enters any classification below.",aligned passage,0.788,0.836,1.0,,,
D0525,supported (reworded),medium,6.5.2,"Both are retained only as worked instances of the constructions, and neither enters any classification below.",6.5.2,"Rows marked with a dagger (†) are quarantined and must not be taken at face value: the Australia phosphate row dates to a pre-2026 reserve vintage (§6.5.3), and the Indo-Gangetic groundwater magnitude sits an order of magnitude beyond published basin-mean trends (the quarantine note below); both are retained only as worked instances of the constructions, and neither enters any classification below.",aligned passage,0.327,0.351,1.0,,,
D0526,supported (reworded),medium,6.5.2,"*How to read the last two rows.* They answer different questions, and they are kept apart on purpose.",6.1,The three quantities answer different questions and must not share one depletion-horizon label:,elsewhere in the deposit,0.388,0.561,0.0,,"polarity phrased differently (passage ['not'], draft no negator)",
D0527,supported (reworded),medium,6.5.2,The reserve horizon is reserves ÷ production.,1.1,Reserve-life ratios are arithmetic: remaining reserves divided by current production.,elsewhere in the deposit,0.389,0.544,0.0,,"polarity phrased differently (passage ['not'], draft no negator)",
D0528,supported (reworded),medium,6.5.2,"The resources row applies the article's declared threshold convention of §6.5.3, — the horizon runs to the point where 10% of the resource base remains, which is why it is 0.9 × (resources ÷ production) rather than 0.1 × (resources ÷ production).",10.2,"The zero row is therefore a published convention, and it is what makes identically, so the premium above equals the whole aggregate date by construction rather than by dispersion.",elsewhere in the deposit,0.298,0.457,0.0,,the figure 10 is stated in the deposit but outside this passage,
D0529,supported (reworded),medium,6.5.2,**Fisheries.** The column reports the **archived-depletion-horizon (ADH)** pure-decay proxy,6.5.4,The fisheries column of the classification matrix is the removals-only pressure time.,elsewhere in the deposit,0.295,0.4,0.0,,,
D0530,supported (reworded),high,,"under current fishing mortality , with median **≈ 1.8 yr** across the **43** assessed stocks with finite spawning-stock-biomass (SSB) and series — the archived pull, kept in place as the headline cohort by the recorded data-vintage decision — computed with entered for the **eight** stocks already at or below the reference: the zero convention of the source table's caption, **which the median includes**.",6.5.2,"The fisheries column reports the archived-depletion-horizon (ADH) pure-decay proxy under current fishing mortality , with median yr across the 43 assessed stocks with finite spawning-stock-biomass (SSB) and series — the archived pull, designated the headline cohort under the data-vintage rule recorded in S5 — computed with entered for the eight stocks already at or below the reference, the zero convention of the source table's caption, which the median includes.",elsewhere in the deposit,0.714,0.365,0.0,,"polarity phrased differently (passage ['neither'], draft no negator)",
D0531,supported (reworded),medium,6.5.2,Two disclosures accompany the headline value (both recorded).,6.5.2,"Two disclosures accompany the headline value: the archived 43-stock cohort is reproduced by neither public RAM Legacy release — S5's version-sensitivity record, cross-referenced here, is the retraction and the row-by-row re-verification — and the v4.66 public-release broad-cohort reading (454 stocks, median yr) is the primary public-release comparison, executed in S5 and detailed below.",aligned passage,0.193,0.211,1.0,,,
D0532,supported (near-verbatim),high,6.5.2,"The archived 43-stock cohort is reproduced by **neither** public RAM Legacy release — S5's version-sensitivity record, cross-referenced here, is the retraction and the row-by-row re-verification — and the v4.66 public-release broad-cohort reading (454 stocks, median 3.39 yr) is the primary public-release comparison, executed in S5 and detailed below.",6.5.2,"Two disclosures accompany the headline value: the archived 43-stock cohort is reproduced by neither public RAM Legacy release — S5's version-sensitivity record, cross-referenced here, is the retraction and the row-by-row re-verification — and the v4.66 public-release broad-cohort reading (454 stocks, median yr) is the primary public-release comparison, executed in S5 and detailed below.",aligned passage,0.884,0.929,1.0,,,
D0533,needs check: attribution,high,6.5.2,The qualifying positive sub-cohort ( and ; 35 stocks) has median 2.9 yr; both medians come from the archived pull alone.,6.5.2,The qualifying positive sub-cohort ( and ; 35 stocks) has median yr; both medians come from the archived pull alone.,aligned passage,1.0,0.987,1.0,"needs check: attribution: the sentence this one restates cites Abaee, 2026; the draft dropped the source",,
D0534,needs check: attribution,high,6.5.2,"The cohort is a **selected class, not a random sample** of assessed stocks: all 43 stocks are small pelagics (18 anchovy, 20 herring, 4 sprat, 1 sardine), the fast-maturing class the companion review screen (Author, E., et al., *in review*) selects by its annual-review eligibility criterion (42 of the 43 are that screen's annual-managed spectral-null stocks, per the source caption).",6.5.2,"The cohort is a selected class, not a random sample of assessed stocks: all 43 stocks are small pelagics (18 anchovy, 20 herring, 4 sprat, 1 sardine), the fast-maturing class the companion review screen (Abaee, 2026b, doi:10.5281/zenodo.22554297) selects by its annual-review eligibility criterion (42 of the 43 are that screen's annual-managed spectral-null stocks, per the source caption).",elsewhere in the deposit,0.897,0.921,0.0,"needs check: attribution: the sentence this one restates cites Abaee, 2026; the draft dropped the source",,
D0535,supported (reworded),medium,6.5.2,"The ≈ 1.8 yr median is therefore a class-specific diagnostic for fast-maturing, annually managed pelagics — not a statistic of assessed fisheries in general.",6.5.2,"The yr median is therefore a class-specific diagnostic for fast-maturing, annually managed pelagics, not a statistic of assessed fisheries in general; the executed broad-cohort comparison (S5) runs the same protocol on the full public release — 454 stocks, median yr, the upper end carried by the long-lived groups (elasmobranchs , sebastids , pleuronectids yr) — and only of random 43-stock draws from that broad cohort have medians at or below the class cohort's yr.",elsewhere in the deposit,0.308,0.013,0.0,,,
D0536,needs check: attribution,high,6.5.2,"The executed broad-cohort comparison (§5) runs the same protocol on the full public release — 454 stocks, median 3.39 yr, the upper end carried by the long-lived groups: elasmobranchs 11.5, sebastids 9.0, pleuronectids 6.0 yr — and only **2%** of random 43-stock draws from that broad cohort have medians at or below the class cohort's 1.79 yr.",6.5.2,"The yr median is therefore a class-specific diagnostic for fast-maturing, annually managed pelagics, not a statistic of assessed fisheries in general; the executed broad-cohort comparison (S5) runs the same protocol on the full public release — 454 stocks, median yr, the upper end carried by the long-lived groups (elasmobranchs , sebastids , pleuronectids yr) — and only of random 43-stock draws from that broad cohort have medians at or below the class cohort's yr.",elsewhere in the deposit,0.674,0.681,0.0,"needs check: attribution: the sentence this one restates cites Abaee, 2026; the draft dropped the source",,
D0537,needs check: attribution,medium,6.5.2,"The extract is the RAM Legacy cohort of Ricard et al. (2012), and the pull date is archived in the analysis repository; the archived pull has been re-verified row by row against the formula — all 43 rows reproduce with .",6.5.2,"The extract is the RAM Legacy cohort of Ricard et al. (2012) at release v4.66 (Zenodo 14043031, 6 November 2024), recorded as the cohort file of the supplementary's S5 record; its vintage is verified from the extract's own contents, four of six published values reproducing that release exactly, and the pull has been re-verified row by row against the formula — all 43 rows reproduce with .",aligned passage,0.448,0.504,1.0,"needs check: attribution: the sentence this one restates cites November & Zenodo, 2024; the draft dropped the source",,
D0538,excluded: shared verbatim,n/a,6.5.2,The value is reported with its cohort conditions and is **not promoted to a forecast**.,,,identical text,1.0,1.0,,,,
D0539,excluded: shared verbatim,n/a,6.5.2,"Because cohort composition is database-version-dependent, every cohort statistic is pinned to the archived pull: the quartile summary of and over the cohort belongs to that pull alone, and no cohort statistic is quoted from a different database version.",,,identical text,1.0,1.0,,,,
D0540,supported (reworded),high,6.5.2,"The cohort protocol is fully specified in the accompanying supplementary material (S5) — including the zero entries for stocks at or below the reference, which enter the median — together with the version-sensitivity record: on the public RAM Legacy releases the same protocol qualifies **415** stocks (v4.44, median **2.57** yr) and **454** (v4.66, median **3.39** yr) — both reproduced to printed precision under the recovered micro-specification (S5) — **neither reproducing the archived 43-stock cohort**: the archived pull's 43-stock list and extract-time series state — supplied and re-verified — differ from both public releases.",6.5.2,"The cohort protocol is fully specified in the accompanying supplementary material (S5) — including the zero entries for stocks at or below the reference, which enter the median — together with the version-sensitivity record: on the public RAM Legacy releases the same protocol qualifies 415 stocks (v4.44, median yr) and 454 (v4.66, median yr) — both reproduced to printed precision under the recovered micro-specification (S5) — neither reproducing the archived 43-stock cohort — the archived pull's 43-stock list and extract-time series state — supplied and re-verified — differ from both public releases.",aligned passage,0.958,0.576,1.0,,,
D0541,supported (reworded),high,6.5.2,**The scope discipline is the tables' load-bearing content.** None of the reported numbers is a computed instance of any model's first-hitting time.,6.5.2,"The scope discipline is the tables' load-bearing content: none of the reported numbers is a computed instance of any model's first-hitting time — the groundwater column is a trend-to-window-minimum extrapolation, the phosphate column a reserve-life ratio, and the fisheries column a pure-decay proxy with recruitment omitted.",aligned passage,0.58,0.615,1.0,,,
D0542,supported (near-verbatim),high,6.5.2,"The groundwater column is a trend-to-window-minimum extrapolation, the phosphate column a reserve-life ratio, and the fisheries column a pure-decay proxy with recruitment omitted.",6.5.2,"The scope discipline is the tables' load-bearing content: none of the reported numbers is a computed instance of any model's first-hitting time — the groundwater column is a trend-to-window-minimum extrapolation, the phosphate column a reserve-life ratio, and the fisheries column a pure-decay proxy with recruitment omitted.",aligned passage,0.598,0.71,1.0,,,
D0543,supported (near-verbatim),high,6.5.2,"They are descriptive, component-resolved diagnostics in the two-pool logic of the taxonomy — not dynamical predictions.",6.5.2,"They are descriptive, component-resolved diagnostics in the two-pool logic of the taxonomy, not dynamical predictions.",aligned passage,1.0,0.996,1.0,,,
D0544,supported (reworded),high,6.5.2,"**Non-example 1 — a deliberate boundary of aggregation, not a score of the framework.** The equal-weight inverse-horizon score of the four basins still above their window minimum and world phosphate reserves,",6.5.2,"The equal-weight inverse-horizon score of the four basins still above their window minimum and world phosphate reserves, displayed as **Non-example 1** — a deliberate boundary of aggregation, not a score of the framework, is a ranking device, not a componentwise certificate: it mixes basins and reserves, incommensurable objects under the type structure of Definition 47, and is retained only to mark the boundary of legitimate aggregation.",elsewhere in the deposit,0.515,0.267,0.0,,,
D0545,supported (reworded),high,6.5.2,"is a **ranking device, not a componentwise certificate**: it mixes basins and reserves, incommensurable objects under the typing of §2.1, and is retained only to mark the boundary of legitimate aggregation.",6.5.2,"The equal-weight inverse-horizon score of the four basins still above their window minimum and world phosphate reserves, displayed as **Non-example 1** — a deliberate boundary of aggregation, not a score of the framework, is a ranking device, not a componentwise certificate: it mixes basins and reserves, incommensurable objects under the type structure of Definition 47, and is retained only to mark the boundary of legitimate aggregation.",elsewhere in the deposit,0.528,0.574,0.0,,,
D0546,supported (near-verbatim),high,6.5.2,"It is exhibited as the worked instance of the non-compensation boundary of §10.1: a positive aggregate coexisting with componentwise deficits by construction — admissible as communication, **inadmissible as certification**.",6.5.2,"The score is exhibited here as the worked instance of the noncompensation boundary of Section 10.1: a positive aggregate coexisting with componentwise deficits by construction — admissible as communication, inadmissible as certification.",elsewhere in the deposit,0.899,0.946,0.0,,,
D0547,supported (reworded),medium,6.5.2,"It is not turned back into a horizon, and no reciprocal of it is reported here as a ""blended years-left"" figure — doing so would be exactly the move the non-example blocks.",3.7,"Where energies are not declared the predicate is reported as not established, exactly as the conservation residual of Definition 23 is.",elsewhere in the deposit,0.266,0.409,0.0,,,
D0548,excluded: shared verbatim,n/a,6.5.3,The phosphate column of the classification matrix is the reserve-life ratio.,,,identical text,1.0,1.0,,,,
D0549,supported (near-verbatim),high,6.5.3,"at approximately 74,000,000 kt (74,000 Mt) of world reserves and 240,000 kt/yr of production (U.S. Geological Survey, 2026) this is approximately **309 years**.",6.5.3,"At constant current production , the reserve-life ratio is ; at approximately kt ( Mt) of world reserves and kt/yr of production (U.S. Geological Survey, 2026) this is approximately years.",elsewhere in the deposit,0.645,0.74,0.0,,,
D0550,supported (reworded),medium,6.5.3,The arithmetic is internally consistent as a reserve-life ratio to zero.,6.5.3,The phosphate column of the classification matrix is the reserve-life ratio.,elsewhere in the deposit,0.327,0.431,0.0,,"attribution moved: Tilton, 2003, Srivastava & Vegi, 2024 are cited elsewhere in the deposit ; polarity phrased differently (passage no negator, draft ['not'])",
D0551,supported (near-verbatim),high,6.5.3,"It is **not a physical exhaustion forecast**, because reserve classification changes with prices, technology, exploration and regulation — the point made independently, and forcefully, by Illakwahhi, Vegi and Srivastava (2024) for the single-source USGS data behind the influential phosphate depletion estimates, and standard in mineral economics, where reserves have grown through a century of rising production for copper (Tilton, 2003; Tilton and Lagos, 2007).",6.5.3,"The arithmetic is internally consistent as a reserve-life ratio to zero; it is not a physical exhaustion forecast, because reserve classification changes with prices, technology, exploration, and regulation — the point made independently, and forcefully, by Illakwahhi, Vegi, and Srivastava (2024) for the single-source USGS data behind the influential phosphate depletion estimates, and standard in mineral economics, where reserves have grown through a century of rising production for copper (Tilton, 2003; Tilton and Lagos, 2007).",elsewhere in the deposit,0.902,0.925,0.0,,,
D0552,needs check: attribution,high,6.5.3,The reserves/resources split discipline is part of the classification: a resource-threshold calculation answers a different question and **must not share a column with the reserve-life ratio without an explicit convention label**.,6.5.3,The reserves/resources split discipline is part of the classification: a resource-threshold calculation answers a different question and must not share a column with the reserve-life ratio without an explicit convention label; the reserve classification is economic — US reserves have remained near kt while cumulative production since 1996 is of order kt — and the resource-based world horizon ( yr at ) is more than three times the reserve-based figure ( yr); the two-compartment split is what prevents these from being collapsed into one number.,elsewhere in the deposit,0.507,0.587,0.0,"needs check: attribution: the sentence this one restates cites Tilton, 2003, Srivastava & Vegi, 2024; the draft dropped the source",,
D0553,needs check: attribution,medium,6.5.3,"The reserve classification is economic — US reserves have remained near 1,000,000 kt while cumulative production since 1996 is of order 600,000 kt — and the resource-based world horizon (≈ 1,125 yr at ) is more than three times the reserve-based figure (≈ 309 yr).",1.1,The United States' phosphate reserves have remained near kt for decades while cumulative production since 1996 is of order kt.,elsewhere in the deposit,0.428,0.515,0.0,"needs check: strength: the passage hedges with ['at least', 'somewhat']; this sentence asserts without a hedge | needs check: attribution: the sentence this one restates cites Tilton, 2003, Srivastava & Vegi, 2024; the draft dropped the source","the figure 309, 1125 is stated in the deposit but outside this passage ; polarity phrased differently (passage no negator, draft ['not', 'without'])",
D0554,supported (reworded),medium,6.5.3,The two-compartment split is what prevents these from being collapsed into one number.,11,"Stating them with those questions — against the published critiques they corroborate — is what makes them usable; collapsing them into one ""time to depletion"" is what makes them false.",elsewhere in the deposit,0.286,0.397,0.0,,,
D0555,needs check: attribution,high,6.5.3,The implied-production column of the §6.5.2 table reproduces the production figure each horizon assumes (production = reserves ÷ horizon) and thereby exposes the source arithmetic; the country horizons reproduce the recorded MCS-vintage ratios.,6.5.3,The implied-production column of the Section 6.5.2 table reproduces the production figure each horizon assumes (production = reserves/horizon) and thereby exposes the source arithmetic; the country horizons reproduce the recorded MCS-vintage ratios.,elsewhere in the deposit,0.927,0.979,0.0,"needs check: attribution: the sentence this one restates cites Geological & Survey, 2026; the draft dropped the source","polarity phrased differently (passage ['not', 'without'], draft no negator)",
D0556,supported (near-verbatim),high,6.5.3,"**The vintage is pinned once.** The single pinned source of record is the *Mineral Commodity Summaries* (MCS) 2026 (U.S. Geological Survey, 2026), and every figure this article quotes at pin status is that vintage's — the pinned source's 2025 world-production column ≈ 250,000 kt and Australia's reserves 120,000 kt (JORC-compliant).",6.5.3,"The vintage is pinned once: the single pinned source of record is the Mineral Commodity Summaries (MCS) 2026 (U.S. Geological Survey, 2026), and every figure this article quotes at pin status is that vintage's — the pinned source's 2025 world-production column kt and Australia's reserves kt (JORC-compliant).",elsewhere in the deposit,0.955,0.975,0.0,,,
D0557,supported (reworded),medium,6.5.3,"The displayed country rows remain at their recorded **pre-2026** vintage under the quarantine dagger (the Australian 5,800,000 kt among them, retained rather than blanked), kept in place as worked instances of the reserve-life construction.",6.5.3,"The displayed country rows remain at their recorded pre-2026 vintage under the quarantine dagger (the Australian kt among them, retained at the quoted vintage), kept as worked instances of the reserve-life construction; completing the re-pin — replacing the displayed rows row by row with the pinned vintage's per-country reserve figures — is the registered open data action, it requires the per-country MCS 2026 reserve table, and no displayed classification depends on it.",elsewhere in the deposit,0.429,0.336,0.0,,,
D0558,supported (reworded),high,6.5.3,"Completing the re-pin — replacing the displayed rows row by row with the pinned vintage's per-country reserve figures — is the **registered open data action**; it requires the per-country MCS 2026 reserve table, and no displayed classification depends on it.",6.5.3,"The displayed country rows remain at their recorded pre-2026 vintage under the quarantine dagger (the Australian kt among them, retained at the quoted vintage), kept as worked instances of the reserve-life construction; completing the re-pin — replacing the displayed rows row by row with the pinned vintage's per-country reserve figures — is the registered open data action, it requires the per-country MCS 2026 reserve table, and no displayed classification depends on it.",elsewhere in the deposit,0.553,0.026,0.0,,,
D0559,excluded: shared verbatim,n/a,6.5.4,The fisheries column of the classification matrix is the removals-only pressure time.,,,identical text,1.0,1.0,,,,
D0560,needs check: scope,high,6.5.4,the **fishing-only time-to-reference**: the crossing time of the deliberately incomplete comparison process .,6.5.4,"When and , define and the fishing-only time-to-reference: the crossing time of the deliberately incomplete comparison process .",elsewhere in the deposit,0.898,0.905,0.0,needs check: scope: the sentence this one restates is conditioned by ['when']; the draft states it unconditionally,,
D0561,supported (near-verbatim),high,6.5.4,"With this is the construction tabled as ADH in §6.5.2; the two notations are kept because the boundary hypotheses stated here ( , ) are exactly the conditions of the positive sub-cohort of §6.5.2 (35 stocks, median 2.9 yr).",6.5.4,"With this is the construction tabled as ADH in Section 6.5.2; the two notations are kept because the boundary hypotheses stated here ( , ) are exactly the conditions of the positive sub-cohort of Section 6.5.2 (35 stocks, median yr); the reported Section 6.5.2 median ( yr) additionally carries the eight zero entries for stocks at or below the reference, per the zero convention of the source caption.",elsewhere in the deposit,0.64,0.688,0.0,,,
D0562,supported (reworded),high,6.5.4,"The reported §6.5.2 median (≈ 1.8 yr) additionally carries the eight zero entries for stocks at or below the reference, per the zero convention of the source caption.",6.5.4,"With this is the construction tabled as ADH in Section 6.5.2; the two notations are kept because the boundary hypotheses stated here ( , ) are exactly the conditions of the positive sub-cohort of Section 6.5.2 (35 stocks, median yr); the reported Section 6.5.2 median ( yr) additionally carries the eight zero entries for stocks at or below the reference, per the zero convention of the source caption.",elsewhere in the deposit,0.507,0.526,0.0,,,
D0563,supported (near-verbatim),high,6.5.4,It is a **removals-only pressure timescale**: the time unit comes from rescaling a stock-reference margin by one isolated gross-loss rate.,6.5.4,It is a removals-only pressure time scale — the time unit comes from rescaling a stock-reference margin by one isolated gross-loss rate.,elsewhere in the deposit,0.931,0.992,0.0,,"attribution moved: Ricard, 2012 are cited elsewhere in the deposit",
D0564,excluded: shared verbatim,n/a,6.5.4,"Because recruitment, somatic growth, maturation, natural mortality, density dependence, environmental forcing and future policy are omitted, is not a net biomass depletion diagnostic, not a demographic hitting-time estimate, and **not a member of the – – hierarchy**.",,,identical text,1.0,1.0,,,,
D0565,supported (near-verbatim),high,6.5.4,"A genuinely local biomass-decline ratio would require a compatible net estimate, and a demographic hitting time would require a fully specified population model; RAM Legacy SSB and data (Ricard et al., 2012) do not by themselves supply these quantities or models.",6.5.4,"A genuinely local biomass-decline ratio would require a compatible net estimate, and a demographic hitting time a fully specified population model; RAM Legacy SSB and data (Ricard et al., 2012) do not by themselves supply these quantities or models.",elsewhere in the deposit,1.0,0.972,0.0,,,
D0566,excluded: shared verbatim,n/a,6.5.4,Spawning biomass is **not** an abiotic support pool.,,,identical text,1.0,1.0,,,,
D0567,supported (near-verbatim),high,6.5.4,The construction is retained specifically to show why an isolated gross-removal timescale must not be promoted to a net depletion diagnostic.,6.5.4,The construction is retained specifically to show why an isolated gross-removal time scale must not be promoted to a net depletion diagnostic.,elsewhere in the deposit,0.894,0.996,0.0,,,
D0568,supported (near-verbatim),high,6.5.4,"**The collective implication for material-flow measurement.** The three published ""depletion time"" numbers — G3P index, phosphate reserve-life, fisheries removals-only time — answer three distinct questions at three distinct evidentiary levels.",6.5.4,"The collective implication for material-flows measurement is that the three published ""depletion time"" numbers — G3P index, phosphate reserve-life, fisheries removals-only time — answer three distinct questions at three distinct evidentiary levels.",aligned passage,1.0,0.934,1.0,,,
D0569,excluded: shared verbatim,n/a,7.1,"The ledger's own first-passage object is the model hitting time of Definition 5 — a quantity on trajectories of the mass-conserved ledger, or of a named reduced system.",,,identical text,1.0,1.0,,,,
D0570,supported (near-verbatim),high,7.1,The public-data quantities of §6.5 are constructed proxies on observed series.,7.1,The public-data quantities of Section 6.5 are constructed proxies on observed series.,aligned passage,0.908,0.949,1.0,,,
D0571,not a claim (signposting),high,7.1,"That distinction is the entry discipline of this section: the surrogates below **do not compute the ledger's hitting time**, **do not complete the ledger stochastically**, and **do not identify physical failure thresholds**.",7.1,"The distinction is the entry discipline of this section: the surrogates below do not compute the ledger's hitting time, do not complete the ledger stochastically, and do not identify physical failure thresholds.",aligned passage,1.0,0.993,1.0,,"the sentence reports what the document does, not what the world does",
D0572,supported (near-verbatim),high,,**Definition 6 (Observed-drift Brownian surrogate).** *Let (local to §7.2–7.4; **not** the half-saturation constant of §2.2) be the latest observed anomaly and the fitted drawdown rate.,,**Definition 6 (Observed-drift Brownian surrogate).** *Let (local to Sections 7.2–7.4; not the half-saturation constant of Section 2.2) be the latest observed anomaly and the fitted drawdown rate.,aligned passage,0.944,0.95,0.938,,,
D0573,supported (reworded),medium,,"On the scale of the tabulated series, define*",,"On the scale of the tabulated series define* *where is a standard Wiener process, a chosen noise scale, and the process is stopped at first reaching the record-relative barrier .*",aligned passage,0.349,0.4,0.938,,,
D0574,supported (near-verbatim),high,,"*where is a standard Wiener process, a chosen noise scale, and the process is stopped at first reaching the record-relative barrier .",,"On the scale of the tabulated series define* *where is a standard Wiener process, a chosen noise scale, and the process is stopped at first reaching the record-relative barrier .*",aligned passage,0.823,0.853,1.0,,,
D0575,excluded: shared verbatim,n/a,,This is a statistical surrogate for the empirical trend extrapolation.,,,identical text,1.0,1.0,,,,
D0576,supported (near-verbatim),high,,"It is not a hydrological constitutive law, is not mass-conserving, and is not a perturbation or stochastic completion of the ledger's active-pool equation or of the finite-donor primitive system of §2.2. **The non-completion non-claim is part of the definition.***",7.2,"It is not a hydrological constitutive law, is not mass-conserving, and is not a perturbation or stochastic completion of the ledger's active-pool equation or of the finite-donor primitive system of Section 2.2.",aligned passage,0.8,0.864,1.0,,,
D0577,supported (reworded),medium,7.2,"In words: take the straight line that was fitted to the observations, then allow it to wobble.",5,"Services are observations or feasible outputs of the physical state, not additional conserved mass.",elsewhere in the deposit,0.21,0.33,0.0,,,
D0578,supported (reworded),medium,7.2,Anything computed from that wobble is about the line.,1.1,Each of these quantities is informative about something.,elsewhere in the deposit,0.307,0.467,0.0,,,
D0579,excluded: shared verbatim,n/a,7.3,"**Proposition 18 (Inverse-Gaussian first passage — a standard fact, stated for notation).** *Let for the process of Definition 6, and .",,,identical text,1.0,1.0,,,,
D0580,supported (reworded),medium,7.3,"Conditional on treating and the barrier as fixed,*",7.3,"Conditional on treating and the barrier as fixed,* *in the mean–shape parameterization; in particular — the deterministic horizon to the window minimum, — and .*",aligned passage,0.429,0.482,1.0,,,
D0581,needs check: scope,high,,"In particular — the deterministic horizon to the window minimum, — and .*",7.3,"Conditional on treating and the barrier as fixed,* *in the mean–shape parameterization; in particular — the deterministic horizon to the window minimum, — and .*",elsewhere in the deposit,0.546,0.621,0.0,needs check: scope: the sentence this one restates is conditioned by ['conditional']; the draft states it unconditionally,,
D0582,supported (reworded),high,7.3,The mean of the stochastic surrogate equals the deterministic trend-to-window-minimum ratio of §6.5.1.,7.3,The mean of the stochastic surrogate equals the deterministic trend-to-window-minimum ratio of Section 6.5.1; that equality is the precise sense in which the tabled groundwater numbers are first-passage means of a declared surrogate.,aligned passage,0.552,0.594,0.625,,,
D0583,supported (near-verbatim),high,7.3,That equality is the precise sense in which the tabled groundwater numbers are first-passage means of a declared surrogate.,7.3,The mean of the stochastic surrogate equals the deterministic trend-to-window-minimum ratio of Section 6.5.1; that equality is the precise sense in which the tabled groundwater numbers are first-passage means of a declared surrogate.,aligned passage,0.66,0.688,0.625,,,
D0584,excluded: shared verbatim,n/a,,"**Corollary 19 (Zero-noise limit and median).** *As , in probability, and at the deterministic trajectory reaches the barrier exactly there.",,,identical text,1.0,1.0,,,,
D0585,supported (reworded),high,,"For every finite the inverse-Gaussian median satisfies ,*",,For every finite the inverse-Gaussian median satisfies* *The variance scales as and the standard deviation and small-noise quantile widths as .,aligned passage,0.497,0.562,1.0,,"polarity phrased differently (passage ['not'], draft no negator)",
D0586,supported (near-verbatim),high,,*The variance scales as and the standard deviation and small-noise quantile widths as .,,For every finite the inverse-Gaussian median satisfies* *The variance scales as and the standard deviation and small-noise quantile widths as .,elsewhere in the deposit,0.679,0.757,0.0,,,
D0587,excluded: shared verbatim,n/a,,The median below the mean is the inverse Gaussian's right skew toward short passage times; **the inequality must not be inverted.***,,,identical text,1.0,1.0,,,,
D0588,supported (near-verbatim),high,7.3,"These are conditional distributional statements about the surrogate. **They are not corrections to the tabled years, and they do not show that physical water mass is depleted faster.**",7.3,"They are not corrections to the tabled years, and they do not show that physical water mass is depleted faster.",aligned passage,0.719,0.762,0.667,,,
D0589,excluded: shared verbatim,n/a,,The barrier is selected from the *same finite observation window* used to estimate .,,,identical text,1.0,1.0,,,,
D0590,supported (near-verbatim),high,,"It is therefore a path-dependent, record-relative threshold, not an independently identified hydrological failure floor.",,"It is therefore a path-dependent, record-relative threshold, not an independently identified hydrological failure floor; future passage below it represents a record-breaking stress event under the surrogate, not physical exhaustion.",aligned passage,0.576,0.678,1.0,,,
D0591,supported (reworded),high,,"Future passage below it represents a record-breaking stress event under the surrogate, not physical exhaustion.",,"It is therefore a path-dependent, record-relative threshold, not an independently identified hydrological failure floor; future passage below it represents a record-breaking stress event under the surrogate, not physical exhaustion.",aligned passage,0.605,0.651,1.0,,,
D0592,excluded: shared verbatim,n/a,7.4,Three boundary facts complete the discipline.,,,identical text,1.0,1.0,,,,
D0593,supported (reworded),medium,,"1. **Already at minimum.** If , the stopping-time convention gives deterministically for every .",,"1. **Already-at-minimum.** If , the stopping-time convention gives deterministically for every ; the inverse-Gaussian family has a degenerate boundary limit concentrated at zero, and is not an ordinary inverse-Gaussian distribution.",aligned passage,0.433,0.546,1.0,,,
D0594,supported (reworded),high,,"The inverse-Gaussian family has a degenerate boundary limit concentrated at zero, and is not an ordinary inverse-Gaussian distribution. **Zero cells report zero relative to the selected observational barrier** — not zero physical uncertainty, and no confirmation of collapse. 2. **Independent physical thresholds.** If an independent physical threshold is specified, the same constant-drift surrogate gives the conditional mean , longer than the record-relative proxy because the barrier is lower.",,"Zero cells report zero relative to the selected observational barrier — not zero physical uncertainty and no confirmation of collapse. 2. **Independent physical thresholds.** If an independent physical threshold is specified, the same constant-drift surrogate gives the conditional mean , longer than the record-relative proxy because the barrier is lower.",aligned passage,0.758,0.059,1.0,,,
D0595,excluded: shared verbatim,n/a,,"This is a statement *within the surrogate*, not a general lower-bound theorem for the physical ledger, whose drift and state coupling may differ. 3. **Classification.** The load-bearing content is the interpretation boundary itself: a record-relative barrier makes the passage time a property of the observation window, and no reading of the tabled numbers escapes that qualification.",,,identical text,1.0,1.0,,,,
D0596,excluded: shared verbatim,n/a,7.5,"**Proposition 20 (Geometric-Brownian correction — a standard fact, stated for notation).** *Let under the Itô convention, with and , and .",,,identical text,1.0,1.0,,,,
D0597,supported (near-verbatim),high,,*so ; as this converges to the deterministic pure-decay horizon when and .*,7.5,Then* *so ; as this converges to the deterministic pure-decay horizon when and .*,elsewhere in the deposit,1.0,0.966,0.0,,,
D0598,excluded: shared verbatim,n/a,7.5,"For fixed arithmetic drift and the Itô parameterization, the finite-noise mean is strictly shorter than the deterministic horizon.",,,identical text,1.0,1.0,,,,
D0599,excluded: shared verbatim,n/a,7.5,This is a property of the chosen surrogate parameterization; it is **not** a universal claim that environmental variability accelerates physical biomass loss.,,,identical text,1.0,1.0,,,,
D0600,supported (near-verbatim),high,7.5,"The construction joins the removals-only classification of §6.5.4 — the same pure-decay process, now under a declared stochastic surrogate.",7.5,"The construction joins the removals-only classification of Section 6.5.4 — the same pure-decay process, now under a declared stochastic surrogate.",aligned passage,0.952,0.97,1.0,,,
D0601,supported (near-verbatim),high,,"Under the deterministic surrogate with constant production , the first-passage time to a fixed threshold is",,"Under the deterministic surrogate with constant production , the first-passage time to a fixed threshold is the reserve-life ratio being the special case and a threshold fraction giving .",elsewhere in the deposit,0.654,0.729,0.0,,"polarity phrased differently (passage ['not', 'without'], draft no negator)",
D0602,supported (reworded),high,,"the reserve-life ratio being the special case, and a threshold fraction giving .",,"Under the deterministic surrogate with constant production , the first-passage time to a fixed threshold is the reserve-life ratio being the special case and a threshold fraction giving .",aligned passage,0.551,0.592,0.615,,,
D0603,supported (reworded),medium,,This is a conditional reserve-classification proxy under constant production.,,"This is a conditional reserve-classification proxy under constant production; because reserves are an economic classification rather than a fixed physical stock, it is not a forecast of geological exhaustion without an explicit resource and production model.",aligned passage,0.379,0.456,0.615,,,
D0604,supported (near-verbatim),high,,"Because reserves are an economic classification rather than a fixed physical stock, it is not a forecast of geological exhaustion without an explicit resource and production model. **No stochastic phosphate extension is required for the interpretation.**",,"This is a conditional reserve-classification proxy under constant production; because reserves are an economic classification rather than a fixed physical stock, it is not a forecast of geological exhaustion without an explicit resource and production model.",aligned passage,0.668,0.711,0.615,,,
D0605,excluded: shared verbatim,n/a,7.7,"The first-passage semantics close with seven explicit non-claims, all of which hold in this article.",,,identical text,1.0,1.0,,,,
D0606,excluded: shared verbatim,n/a,7.7,The Brownian and geometric-Brownian processes are **not** stochastic completions of the ledger and do not conserve its mass compartments. 2.,,,identical text,1.0,1.0,,,,
D0607,excluded: shared verbatim,n/a,7.7,"No theorem relates to of the reduced systems, to the finite-donor primitive system, or to the institutional delay equations. 3.",,,identical text,1.0,1.0,,,,
D0608,excluded: shared verbatim,n/a,7.7,"The model hitting time of Definition 5 is **not shown to be inverse Gaussian**: it would be inverse Gaussian only if the active-pool residual were Brownian with constant drift, which the coupled balance (2) does not supply — the tabled groundwater numbers inherit inverse-Gaussian means from Definition 6's surrogate and from nothing else. 4.",,,identical text,1.0,1.0,,,,
D0609,excluded: shared verbatim,n/a,7.7,The historical groundwater minimum is not an independently identified physical failure barrier. 5.,,,identical text,1.0,1.0,,,,
D0610,excluded: shared verbatim,n/a,7.7,A shorter surrogate median or Itô mean is not evidence of faster physical depletion. 6.,,,identical text,1.0,1.0,,,,
D0611,supported (near-verbatim),high,7.7,"The gross active-pool horizon of Definition 3 and its productivity-illusion interpretation — the misreading of a large gross-turnover horizon as evidence of slow net depletion, the false implication recorded in §6.1 — are not first-passage results treated here. 7.",7.7,"The gross active-pool horizon of Definition 3 and its productivity-illusion interpretation — the misreading of a large gross-turnover horizon as evidence of slow net depletion, the false implication recorded in Section 6.1 — are not first-passage results treated here. 7.",aligned passage,0.97,0.984,1.0,,,
D0612,excluded: shared verbatim,n/a,7.7,"The fisheries calculation is not a stage-structured fisheries model, and the phosphate calculation is not a geological-reserve model.",,,identical text,1.0,1.0,,,,
D0613,supported (near-verbatim),high,7.8,"The inverse-Gaussian results condition on the drift, the barrier and the noise scale.",7.8,"The inverse-Gaussian results condition on the drift, barrier, and noise scale.",aligned passage,1.0,0.949,1.0,,"polarity phrased differently (passage no negator, draft ['not'])",
D0614,supported (reworded),medium,7.8,"In the groundwater application, is estimated from a finite, potentially autocorrelated record, and the barrier is selected from that same record.",7.8,"In the groundwater application is estimated from a finite, potentially autocorrelated record and the barrier is selected from that same record; measurement error, serial dependence, seasonal forcing, spatial aggregation, trend breaks, and common climatic drivers are separate uncertainties, and integrating any of them out yields a predictive mixture rather than a single inverse-Gaussian law.",aligned passage,0.425,0.538,1.0,,,
D0615,supported (reworded),high,7.8,"Measurement error, serial dependence, seasonal forcing, spatial aggregation, trend breaks and common climatic drivers are **separate** uncertainties, and integrating any of them out yields a predictive mixture rather than a single inverse-Gaussian law.",7.8,"In the groundwater application is estimated from a finite, potentially autocorrelated record and the barrier is selected from that same record; measurement error, serial dependence, seasonal forcing, spatial aggregation, trend breaks, and common climatic drivers are separate uncertainties, and integrating any of them out yields a predictive mixture rather than a single inverse-Gaussian law.",aligned passage,0.714,0.522,1.0,,,
D0616,not a claim (signposting),high,7.8,"A residual scale estimated from the same window does not by itself identify process noise. **No calibrated predictive distribution is claimed**; the full uncertainty treatment belongs to an empirical identification study, not to this article.",7.8,"No calibrated predictive distribution is claimed; the full uncertainty treatment belongs to an empirical identification study, not to this article.",aligned passage,0.676,0.762,1.0,,"the sentence reports what the document does, not what the world does",
D0617,excluded: shared verbatim,n/a,7.8,"For industrial-ecology measurement this discipline is the practical message: first-passage distributions on declared surrogates are usable as descriptive statistics, but their drift, barrier and noise inputs each carry their own identification story, and a calibrated forecast requires that story to be discharged.",,,identical text,1.0,1.0,,,,
D0618,supported (reworded),high,8.1,"The phosphorus domain enters at **registered template status**: an identification ladder for the resource–product–waste–detritus structure of §2.3 (phosphate rock → fertilizer → soil pool → runoff, with the mining flux and the recycling routes ), whose constitutive content — the yield and loss functions, the recovery fractions, the price response of the reserve classification — is **declared, not established**.",8.1,"The phosphorus domain enters at registered template status: an identification ladder for the resource-product-waste-detritus structure of Section 2.3, whose constitutive content --- yield and loss functions, recovery fractions, the price response of the reserve classification --- is declared and not established, and whose reserve and production quantities carry their source vintage (U.S. Geological Survey, 2026).",aligned passage,0.548,0.358,0.548,,,
D0619,supported (reworded),medium,8.1,"The reserve and production quantities used in §6.5.3 carry their source vintage (U.S. Geological Survey, 2026).",8.1,"The phosphorus domain enters at registered template status: an identification ladder for the resource-product-waste-detritus structure of Section 2.3, whose constitutive content --- yield and loss functions, recovery fractions, the price response of the reserve classification --- is declared and not established, and whose reserve and production quantities carry their source vintage (U.S. Geological Survey, 2026).",aligned passage,0.318,0.362,0.548,,,
D0620,supported (reworded),high,8.1,"The template's competing-model ladder is an identification object, and its falsification protocols — *which observation would reject which routing assumption* — are recorded obligations, not results.",8.1,The ladder's competing-model structure and its falsification protocols are recorded obligations rather than results.,aligned passage,0.538,0.62,0.548,,,
D0621,supported (reworded),medium,8.2,The groundwater template enters at registered status with an admitted object and a declared gap.,8.2,"The groundwater template enters at registered status with one admitted object and one declared gap: the admitted object is the one-pool affine approximation behind the anomaly-persistence index of Section 6.5.1, and the two-pool model --- active storage with a slow donor pool, the two-compartment structure of Section 2.2 --- is not established.",elsewhere in the deposit,0.383,0.434,0.0,,"polarity phrased differently (passage ['not'], draft no negator)",
D0622,needs check: strength,high,8.2,"- **Admitted object.** The one-pool affine approximation behind the anomaly-persistence index of §6.5.1. - **Not established.** The two-pool model — active storage with a slow donor pool, the two-compartment structure of §2.2.",8.2,"The groundwater template enters at registered status with one admitted object and one declared gap: the admitted object is the one-pool affine approximation behind the anomaly-persistence index of Section 6.5.1, and the two-pool model --- active storage with a slow donor pool, the two-compartment structure of Section 2.2 --- is not established.",aligned passage,0.691,0.702,0.679,needs check: strength: the passage hedges with ['may']; this sentence asserts without a hedge,,
D0623,supported (reworded),medium,8.2,"The registered identification requirements for closing the gap are: geological geometry (aquitard depth and extent); multi-depth heads; pumping tests; tracer, isotope or water-age evidence; recharge estimates; prior ranges for the storage and fast–slow coupling parameters; and the discipline that **leakage terms may not absorb unexplained residuals**.",8.2,"The registered identification requirements for closing that gap, and the discipline that leakage terms may not absorb unexplained residuals, are the subject of the supplementary's S2.1, and none of them is met by the record used in Section 6.5; the registration as this article previously stated it is the supplementary's S14.",elsewhere in the deposit,0.244,0.19,0.0,,,
D0624,excluded: shared verbatim,n/a,8.3,"On the extractor side, the same discipline applies to economic steady states.",,,identical text,1.0,1.0,,,,
D0625,supported (reworded),medium,8.3,"In the open-access equilibrium of a single-species fishery (Clark, 1990), the bioeconomic equilibrium stock",8.3,"In the open-access equilibrium of a single-species fishery (Clark, 1990), the bioeconomic equilibrium stock is set by cost, price, and catchability — and is infeasible as a management target under a conservation floor : the unregulated equilibrium lies below the floor, and no open-access trajectory is viable against it.",elsewhere in the deposit,0.422,0.494,0.0,,"polarity phrased differently (passage ['not'], draft no negator)",
D0626,needs check: attribution,high,8.3,"is set by cost, price and catchability — and is **infeasible as a management target** under a conservation floor : the unregulated equilibrium lies below the floor, and no open-access trajectory is viable against it.",8.3,"In the open-access equilibrium of a single-species fishery (Clark, 1990), the bioeconomic equilibrium stock is set by cost, price, and catchability — and is infeasible as a management target under a conservation floor : the unregulated equilibrium lies below the floor, and no open-access trajectory is viable against it.",elsewhere in the deposit,0.763,0.774,0.0,"needs check: attribution: the sentence this one restates cites Clark, 1990; the draft dropped the source","polarity phrased differently (passage ['not'], draft no negator)",
D0627,needs check: attribution,high,8.3,"The modified golden rule in its constant-unit-cost form, , sets the optimal steady stock for the discount rate (Clark's general form carries an additional marginal-stock-effect term).",8.3,"The modified golden rule in its constant-unit-cost form, , sets the optimal steady stock for the discount rate (Clark's general form carries an additional marginal-stock-effect term); a harvest tax shifts the open-access equilibrium to — the tax moves the economic equilibrium, but it does not move the physical floor.",elsewhere in the deposit,0.682,0.725,0.0,"needs check: attribution: the sentence this one restates cites Clark, 1990; the draft dropped the source","polarity phrased differently (passage ['not'], draft no negator)",
D0628,supported (reworded),medium,8.3,A harvest tax shifts the open-access equilibrium to,8.3,"The modified golden rule in its constant-unit-cost form, , sets the optimal steady stock for the discount rate (Clark's general form carries an additional marginal-stock-effect term); a harvest tax shifts the open-access equilibrium to — the tax moves the economic equilibrium, but it does not move the physical floor.",elsewhere in the deposit,0.239,0.282,0.0,,,
D0629,supported (reworded),medium,8.3,"The tax moves the economic equilibrium, but it does not move the physical floor.",8.3,"The modified golden rule in its constant-unit-cost form, , sets the optimal steady stock for the discount rate (Clark's general form carries an additional marginal-stock-effect term); a harvest tax shifts the open-access equilibrium to — the tax moves the economic equilibrium, but it does not move the physical floor.",elsewhere in the deposit,0.341,0.408,0.0,,,
D0630,not a claim (signposting),high,8.3,"That distinction is the extractor-side counterpart of the accounting discipline of §6: **instrument parameters and constraint thresholds are different objects, and no tax schedule substitutes for a constraint the ledger must satisfy.**",8.3,"The distinction is the extractor-side counterpart of the accounting discipline of Section 6: instrument parameters and constraint thresholds are different objects, and no tax schedule substitutes for a constraint the ledger must satisfy.",elsewhere in the deposit,0.96,0.976,0.0,,"the sentence reports what the document does, not what the world does",
D0631,not a claim (signposting),high,,The growth function of this paragraph is a declared constitutive readout on the stock **for this extractor-side remark only**.,8.3,"The growth function of this paragraph is a declared constitutive readout on the stock for this extractor-side remark only; it is not a primitive of the closed natural block of Section 2, and nothing in this section is promoted into the typed ledger.",elsewhere in the deposit,0.587,0.658,0.0,,"the sentence reports what the document does, not what the world does",
D0632,not a claim (signposting),high,,"It is not a primitive of the closed natural block of §2, and nothing in this section is promoted into the typed ledger.",8.3,"The growth function of this paragraph is a declared constitutive readout on the stock for this extractor-side remark only; it is not a primitive of the closed natural block of Section 2, and nothing in this section is promoted into the typed ledger.",elsewhere in the deposit,0.533,0.56,0.0,,"the sentence reports what the document does, not what the world does",
D0633,needs check: attribution,high,9,"The partition between this article and the companion delay-dynamics analysis (Author, D., et al., *in review*) is fixed by an **interface contract**.",9,"The partition between this article and the companion delay-dynamics analysis (Abaee, 2026a, doi:10.5281/zenodo.22554217) is fixed by an interface contract.",aligned passage,0.743,0.824,1.0,"needs check: attribution: the sentence this one restates cites Abaee, 2026; the draft dropped the source","polarity phrased differently (passage no negator, draft ['not'])",
D0634,needs check: attribution,high,9,"This article owns the closed material accounting: the primitive ledger equations and full routing, the conservation and positivity theorems of §4, the componentwise deficit and depletion diagnostics of §§5–6, and the closed-donor no-rest and extraction-integrability limitations.",9,"This article owns the closed material accounting: the primitive ledger equations and full routing, the conservation and positivity theorems of Section 4, the componentwise deficit and depletion diagnostics of Sections 5–6, and the closed-donor no-rest and extraction-integrability limitations.",aligned passage,0.963,0.969,1.0,"needs check: attribution: the sentence this one restates cites Abaee, 2026; the draft dropped the source","polarity phrased differently (passage no negator, draft ['not'])",
D0635,excluded: shared verbatim,n/a,9,The companion owns the open frozen-donor retarded systems and their bifurcation results.,,,identical text,1.0,1.0,,,,
D0636,supported (near-verbatim),high,9,The interface is viable — but **not** because the closed primitive ledger dynamically reduces to the open working system.,9,"The interface is viable, but not because the closed primitive ledger dynamically reduces to the open working system: the two are different completions, and the contract records both the exact shared object and the rejected mapping.",aligned passage,0.601,0.667,1.0,,,
D0637,supported (near-verbatim),high,9,"The two are different completions, and the contract records both the exact shared object and the rejected mapping.",9,"The interface is viable, but not because the closed primitive ledger dynamically reduces to the open working system: the two are different completions, and the contract records both the exact shared object and the rejected mapping.",aligned passage,0.579,0.661,1.0,,,
D0638,supported (near-verbatim),high,9,"**The exact shared object.** Under the single-resource specialization of §5.4 ( — the product, waste and price parameters of the unreduced ledger: its macroeconomic-feedback, recycling and price-response channels, per the §2.2 gloss — and the mining intensity ), with the local stock equation , the deficit identity",9,"**The exact shared object.** Under the single-resource specialization of Section 5.4 ( — the product, waste, and price parameters of the unreduced ledger: its macroeconomic-feedback, recycling, and price-response channels, per the Section 2.2 gloss — and the mining intensity ) — with the local stock equation , the deficit identity holds for every trajectory of either the specialized ledger or the reduced core (Remark 16).",elsewhere in the deposit,0.806,0.846,0.0,,"polarity phrased differently (passage ['without'], draft no negator)",
D0639,supported (reworded),medium,9,holds for every trajectory of either the specialized ledger or the reduced core (Remark 16).,5.4,"**Remark 16 (Exact specialization deficit identity).** *On every trajectory of the specialized system, and of every reduced system whose stock equation is ,*",elsewhere in the deposit,0.426,0.502,0.0,,"polarity phrased differently (passage no negator, draft ['without'])",
D0640,supported (reworded),medium,9,The identity is the **one** object both analyses may use without substantive duplication.,9,The identity is the one object both analyses may use without substantive duplication; the reduced core's constitutive replacement is separately an approximation and carries its own finite-time scope (Theorem 1 and Remark 2: the replacement is pointwise on the interior support region and non-uniform through the depleted-pool boundary).,elsewhere in the deposit,0.364,0.409,0.0,,,
D0641,supported (near-verbatim),high,9,The reduced core's constitutive replacement is separately an approximation and carries its own finite-time scope (Theorem 1 and Remark 2: the replacement is pointwise on the interior support region and non-uniform through the depleted-pool boundary).,9,The identity is the one object both analyses may use without substantive duplication; the reduced core's constitutive replacement is separately an approximation and carries its own finite-time scope (Theorem 1 and Remark 2: the replacement is pointwise on the interior support region and non-uniform through the depleted-pool boundary).,elsewhere in the deposit,0.736,0.773,0.0,,,
D0642,supported (reworded),medium,9,The contract fixes more than the deficit identity.,9,"The contract fixes more than the deficit identity: the shared object includes the nonnegative orthant and the sign pattern of harvest as an outflow from the living stock — a companion model that routes the ""unsustainable portion"" of a flow into a different compartment changes the incidence and thereby leaves the interface (Section 2.5).",aligned passage,0.215,0.259,0.806,,,
D0643,supported (near-verbatim),high,9,"The shared object includes the non-negative orthant and the sign pattern of harvest as an outflow from the living stock. **A companion model that routes the ""unsustainable portion"" of a flow into a different compartment changes the incidence and thereby leaves the interface** (§2.5).",9,"The contract fixes more than the deficit identity: the shared object includes the nonnegative orthant and the sign pattern of harvest as an outflow from the living stock — a companion model that routes the ""unsustainable portion"" of a flow into a different compartment changes the incidence and thereby leaves the interface (Section 2.5).",aligned passage,0.859,0.902,0.806,,"polarity phrased differently (passage ['without'], draft no negator)",
D0644,supported (reworded),low,9,"**The hand-off projection.** Under the institutional-failure specialization, the macroeconomic block, prices and demand do not appear in — the closed block's six right-hand sides, geological donor included: each depends only on the block's own variables and the delayed memory, and none contains the macroeconomic states, prices or demand.",9,"**Proposition 43 (The institutional-failure subsystem is exactly closed).** *Under the institutional-failure specialization of Section 5.4, the ecological-institutional subsystem on is an exact closed projection of the ledger for every parameter value: no singular limit, no small parameter and no timescale separation is required, and no macroeconomic variable enters its vector field.* subsystem whose vector field involves no excluded variable is invariant, and invariance is the projection.","aligned passage, weak",0.12,0.045,0.579,,,
D0645,supported (reworded),medium,9,"The ecological–institutional subsystem is an exact closed projection **for every parameter value**, with no singular limit required.",9,"**Proposition 43 (The institutional-failure subsystem is exactly closed).** *Under the institutional-failure specialization of Section 5.4, the ecological-institutional subsystem on is an exact closed projection of the ledger for every parameter value: no singular limit, no small parameter and no timescale separation is required, and no macroeconomic variable enters its vector field.* subsystem whose vector field involves no excluded variable is invariant, and invariance is the projection.",aligned passage,0.379,0.317,0.579,,,
D0646,needs check: strength,high,9,The memory–effort pair is the gated three-state core and working four-state core of the companion delay-dynamics analysis (*in review*; eq.,9,"What the proposition does not claim is the next step, and the distinction is the point of stating it: the memory-effort pair is the gated three-state core and working four-state core of the companion delay-dynamics analysis (under review; its eq.",aligned passage,0.579,0.54,0.579,needs check: strength: the passage hedges with ['would']; this sentence asserts without a hedge,,
D0647,needs check: strength,medium,9,"(1) and §2.4 of that analysis), not an object of this article; the projection claim — the semiconjugacy condition on the history phase space — is made under that citation and is **not re-proved here**.",9,"(1), the gated three-state core, and its Section 2.4, which relates that core to the working four-state model), not an object of this article, and the semiconjugacy condition on the history phase space --- which would carry closed-block results across to that system --- is made under the citation and is not re-proved here.",aligned passage,0.429,0.224,0.579,needs check: strength: the passage hedges with ['would']; this sentence asserts without a hedge,,
D0648,excluded: shared verbatim,n/a,9,**The non-reduction boundary.** There is no exact dynamic reduction from the closed primitive finite-donor ledger to the open working system — not as a projectable reduction and not as a regular perturbation.,,,identical text,1.0,1.0,,,,
D0649,supported (near-verbatim),high,9,1. **Different targets.** The primitive ledger uses the intrinsic donor-limited target ; the working system uses the derived target .,9,The primitive ledger uses the intrinsic donor-limited target ; the working system uses the derived target .,elsewhere in the deposit,0.907,0.912,0.0,,,
D0650,supported (near-verbatim),high,9,"The three registered numbers display the separation: , the working active pool , and — the two equilibria differ by a factor of eight and the two targets by two orders of magnitude. 2. **Same state, different fields.** At the working equilibrium the two vector fields, written at the same state , differ by",9,"The three registered numbers display the separation: , the working active pool , and — the two equilibria differ by a factor of eight and the two targets by two orders of magnitude. 2.",elsewhere in the deposit,0.744,0.757,0.0,,"polarity phrased differently (passage ['not'], draft no negator)",
D0651,supported (near-verbatim),high,,"under the registered scale separation ( ): approximately **0.535** stock units per year at the working point's quasi-rest detritus level (where , the gross uptake at the working point) and stock units per year at — an to discrepancy, not a small residual.",9,"At the working equilibrium the two vector fields, written at the same state , differ by under the registered scale separation ( ): approximately stock units per year at the working point's quasi-rest detritus level (where , the gross uptake at the working point) and stock units per year at — an to discrepancy, not a small residual.",aligned passage,0.766,0.837,0.95,,,
D0652,supported (reworded),high,,"The two same-state flux readings behind it are the working recharge and the closed donor flow , whose signed difference is .",9,"The two same-state flux readings behind it are the working recharge and the closed donor flow , whose signed difference is ; the difference is -dependent because the working field omits the detritus return that the closed field carries — the U-handling split is part of this obstruction, and is the working system's turnover balance, not the field difference. 3.",aligned passage,0.49,0.513,0.95,,,
D0653,supported (reworded),high,,"The difference is -dependent because the working field omits the detritus return that the closed field carries — the -handling split is part of this obstruction, and is the working system's turnover balance, **not** the field difference. 3. **The working point is not at rest in the closed system.** It requires continuing geological support — the flux stock units per year, supplied every year by a donor the working system treats as a parameter — and is not a rest point of the closed finite-donor system (Theorem 12).",9,"The working point requires continuing geological support — the flux stock units per year, supplied every year by a donor the working system treats as a parameter — and is not a rest point of the closed finite-donor system (Theorem 12).",aligned passage,0.61,0.619,0.95,,,
D0654,supported (near-verbatim),high,,"At the same state the closed primitive donor flow is : **the donor gains in the closed ledger where the working completion has it losing 4.652** — the two fields have opposite signs on the donor coordinate, not merely different magnitudes.",9,"At the same state the closed primitive donor flow is : the donor gains in the closed ledger where the working completion has it losing — the two fields have opposite signs on the donor coordinate, not merely different magnitudes.",aligned passage,0.971,0.989,0.95,,,
D0655,not a claim (signposting),medium,,"The working-point figures , , and the recharge are imported at the companion's registered precision; the reverse check is consistent to the quoted digits. 4. **The draw diagnostic is not an error measure.** The cumulative donor-draw quantity is a diagnostic of the *derived-target completion*, not a trajectory-tracking error between the two fields; **no finite-time tracking theorem between the completions holds**. 5. **Integrability forbids indefinite persistence.** The closed primitive system makes sustained extraction integrable (Theorem 14) and therefore cannot possess the working positive-flux rest indefinitely.",9,"The cumulative donor-draw quantity is a diagnostic of the derived-target completion, not a trajectory-tracking error between the two fields; no finite-time tracking theorem between the completions holds. 5.",aligned passage,0.424,0.504,0.95,,"the sentence reports what the document does, not what the world does",
D0656,supported (near-verbatim),high,9,"The five reasons form a trichotomy: **(1)–(3)** are short-time obstructions — the two fields differ by at the same state, which is at the working point's quasi-rest detritus level ( ) and at most (at ), and trajectories of the two systems diverge on timescales; **(5)** is the long-time obstruction — extraction on the closed ledger is in time (Theorem 14); **(4)** is neither — is not a tracking error between the two fields at any timescale.",9,"The five reasons form a trichotomy: (1)–(3) are short-time obstructions — the two fields differ by at the same state, which is at the working point's quasi-rest detritus level ( ) and at most (at ), and trajectories of the two systems diverge on time scales; (5) is the long-time obstruction — extraction on the closed ledger is in time (Theorem 14); (4) is neither — is not a tracking error between the two fields at any time scale.",aligned passage,0.94,0.985,0.886,,,
D0657,excluded: shared verbatim,n/a,9,"**Theorem (Non-reduction of the open working completion).** *There is no exact dynamic reduction, no regular perturbation, and no finite-time tracking correspondence from the closed primitive ledger (2) to the open working system, because (i) the targets differ by stock units (structural); (ii) the fields differ by at the working point (short-time); (iii) the working point is not a rest point of (2) (Theorem 12; equilibrium); (iv) is not a tracking metric (diagnostic misuse); and (v) extraction on (2) is in time (Theorem 14; long-time).*",,,identical text,1.0,1.0,,,,
D0658,supported (reworded),medium,9,The mapping type for exact dynamic reduction is **rejected**.,9,The mapping type for exact dynamic reduction is rejected; the permitted relation is analogy for shared mechanism language plus diagnostic reconstruction of omitted mass flows.,aligned passage,0.419,0.489,1.0,,,
D0659,supported (near-verbatim),high,9,"The permitted relation is analogy for shared mechanism language, plus diagnostic reconstruction of omitted mass flows.",9,The mapping type for exact dynamic reduction is rejected; the permitted relation is analogy for shared mechanism language plus diagnostic reconstruction of omitted mass flows.,aligned passage,0.742,0.803,1.0,,,
D0660,excluded: shared verbatim,n/a,9,"The companion's global periodic results are properties of its reduced systems and do not transfer to the closed primitive ledger; in particular, Hopf or periodic orbits of the frozen-donor working system are not properties of (2).",,,identical text,1.0,1.0,,,,
D0661,excluded: shared verbatim,n/a,9,"In the other direction, the working system is an open projection: omitted turnover is routed to a diagnostic detritus or inert sink, imposed recharge corresponds to geological draw, and the reduced trajectory's mass discrepancy is reconstructible from the omitted flows.",,,identical text,1.0,1.0,,,,
D0662,excluded: shared verbatim,n/a,9,**The frozen-donor limit is a corollary of the structural clause (i).** Rescaling the donor as with gives .,,,identical text,1.0,1.0,,,,
D0663,excluded: shared verbatim,n/a,9,"The limit freezes but does not restore the working completion's derived target: the limiting recharge field still uses , not , so the scaling is **not** a regular perturbation of the working vector field.",,,identical text,1.0,1.0,,,,
D0664,excluded: shared verbatim,n/a,9,Local Hopf persistence of the working system under this primitive scaling is not claimed; a different derived-target completion would be required before a regular-perturbation theorem could be formulated.,,,identical text,1.0,1.0,,,,
D0665,excluded: shared verbatim,n/a,9,"**The long-time finite-budget interpretation.** With the donor included as a state, the closed system is an autonomous retarded equation with a slow donor coordinate.",,,identical text,1.0,1.0,,,,
D0666,excluded: shared verbatim,n/a,9,The companion's yr upper cycle is a frozen-donor object; on the closed system it can persist only as a *transient* on the finite donor budget.,,,identical text,1.0,1.0,,,,
D0667,excluded: shared verbatim,n/a,9,"The transient-duration statement is an order/budget bound, not an asymptotic estimate: under a sustained lower extraction flux the duration is bounded above by .",,,identical text,1.0,1.0,,,,
D0668,supported (reworded),high,9,"At the closed-block extraction rate stock units per year, the budget bound is years; at the working completion's recharge flux stock units per year, the draw scale is years.",9,"The scale must name its flux: at the closed-block extraction rate stock units per year the budget bound is years, while at the working completion's recharge flux stock units per year the draw scale is years — the ""tens of thousands of years"" heuristic uses the working flux (at ), and both scales sit far above the institutional delays of the companion family.",elsewhere in the deposit,0.523,0.543,0.0,,,
D0669,not a claim (signposting),high,9,"The ""tens of thousands of years"" heuristic uses the working flux (at ), and both scales sit far above the institutional delays of the companion family.",9,"The scale must name its flux: at the closed-block extraction rate stock units per year the budget bound is years, while at the working completion's recharge flux stock units per year the draw scale is years — the ""tens of thousands of years"" heuristic uses the working flux (at ), and both scales sit far above the institutional delays of the companion family.",elsewhere in the deposit,0.533,0.405,0.0,,"the sentence reports what the document does, not what the world does",
D0670,excluded: shared verbatim,n/a,9,Whether the frozen-donor local Hopf structure persists as a slowly drifting transient in the closed donor system is an **open slow-passage problem**; the mass budget alone does not establish it.,,,identical text,1.0,1.0,,,,
D0671,excluded: shared verbatim,n/a,9,"**The implication for industrial-ecology coupling** is concrete: a closed physical ledger and an open working system can share one diagnostic identity without sharing a dynamics, and the temptation to import one system's theorems into the other must be resisted.",,,identical text,1.0,1.0,,,,
D0672,excluded: shared verbatim,n/a,10.1,"On the unreduced ledger, **no scalar weighting of components is authorized by the accounting itself**.",,,identical text,1.0,1.0,,,,
D0673,excluded: shared verbatim,n/a,10.1,"The precise statement is on the feasible balance domain (Definition 1): a weighted sum certifies componentwise adequacy for all on **only through an implication proved from the physical restrictions defining the domain** — and, in general, no such implication holds.",,,identical text,1.0,1.0,,,,
D0674,excluded: shared verbatim,n/a,10.1,"The feasible domain can admit vectors with a positive aggregate and a negative component, exactly the geometry documented in the composite-indicator literature (Munda and Nardo, 2009).",,,identical text,1.0,1.0,,,,
D0675,supported (reworded),high,10.1,In short: a positive weighted sum never certifies componentwise non-negativity.,10.1,"In short, a positive weighted sum never certifies componentwise nonnegativity; scalar summaries may rank and communicate, but certification requires the vector.",aligned passage,0.585,0.655,1.0,,,
D0676,excluded: shared verbatim,n/a,10.1,Scalar summaries may rank and communicate; certification requires the vector.,,,identical text,1.0,1.0,,,,
D0677,excluded: shared verbatim,n/a,,**Proposition (No weighted certification).** *Let be the feasible balance domain (Definition 1).,,,identical text,1.0,1.0,,,,
D0678,excluded: shared verbatim,n/a,,"If contains a vector with and for a fixed , then the certificate does not imply ; if is not known to exclude that pattern, no non-negative weighting is authorized as a componentwise certificate.*",,,identical text,1.0,1.0,,,,
D0679,supported (reworded),medium,10.1,The conditional form is not an accident of a particular domain.,10.1,"The conditional form is not an accident of a particular domain: the compensating pattern is constructible against *any* weight, so the failure is universal to the method of weighted certification.",aligned passage,0.42,0.49,0.667,,,
D0680,supported (near-verbatim),high,10.1,"The compensating pattern is constructible against **any** weight, so the failure is universal to the method of weighted certification.",10.1,"The conditional form is not an accident of a particular domain: the compensating pattern is constructible against *any* weight, so the failure is universal to the method of weighted certification.",aligned passage,0.741,0.803,0.667,,,
D0681,excluded: shared verbatim,n/a,10.1,**Theorem (Universal failure of weighted certification).** *Let the ledger have components.,,,identical text,1.0,1.0,,,,
D0682,supported (near-verbatim),high,10.1,"For every weight vector , , there exist a typed ledger as in §2, a demand vector , and an admissible state–operation pair with whose attainable balance satisfies while for some component .",10.1,"For every weight vector , , there exist a typed ledger as in Section 2, a demand vector , and an admissible state–operation pair with whose attainable balance satisfies while for some component .",aligned passage,0.962,0.978,1.0,,,
D0683,excluded: shared verbatim,n/a,10.1,No non-negative weighting is therefore a valid componentwise certificate in general.*,,,identical text,1.0,1.0,,,,
D0684,excluded: shared verbatim,n/a,10.1,"The construction **never uses the dynamics**: the failure is a property of non-negative weightings over mixed-sign balances, not of the donor-limited positivity mechanism.",,,identical text,1.0,1.0,,,,
D0685,needs check: inference,high,10.1,"Consequently, on any feasible balance domain containing a compensating pair — and Definition 1's domain is exactly that whenever the operating set admits states with mixed balances — no non-negative weighting can stand in for the conjunctive criterion of §3.2.",10.1,"Consequently, on any feasible balance domain containing a compensating pair — and Definition 1's domain is exactly that whenever the operating set admits states with mixed balances — no nonnegative weighting can stand in for the conjunctive criterion of Section 3.2.",aligned passage,0.972,0.984,1.0,needs check: inference: the sentence opens on an inferential connective and the passage states no consequence,,
D0686,supported (near-verbatim),high,10.1,The reading is the algebraic form of the weak-comparability thesis stated in §1.1.,10.1,The reading is the algebraic form of the weak-comparability thesis stated in Section 1.1.,aligned passage,0.909,0.951,1.0,,"polarity phrased differently (passage no negator, draft ['never', 'not'])",
D0687,needs check: attribution,high,10.1,"The companion assessment analysis (Author, F., et al., *in review*) proves the *dynamic* form of the same separation for transition operators; the ledger side contributes the *static prerequisite*: the aggregation question is only well posed after the balance domain is declared, and the burden of proof sits on the aggregation, not on the componentwise report.",10.1,"The companion assessment analysis (Abaee, 2026c, doi:10.5281/zenodo.22545740) proves the dynamic form of the same separation for transition operators; the ledger side contributes the static prerequisite: the aggregation question is only well posed after the balance domain is declared, and the burden of proof sits on the aggregation, not on the componentwise report.",elsewhere in the deposit,0.889,0.918,0.0,"needs check: attribution: the sentence this one restates cites Abaee, 2026; the draft dropped the source",,
D0688,excluded: shared verbatim,n/a,10.1,The same separation holds at the service layer: a weighted sum on cannot see the directional support gap of Definition 2 — an aggregate that mixes regenerative and non-regenerative provenance never reports which component carries the gap.,,,identical text,1.0,1.0,,,,
D0689,supported (near-verbatim),high,10.1,In the terms of the ecological-economics literature of §1.1: componentwise adequacy on the typed ledger is **strong sustainability as a conjunctive predicate**; a positive weighted sum is **weak sustainability as a ranking device**.,10.1,"In the terms of the ecological-economics literature of Section 1.1, componentwise adequacy on the typed ledger is strong sustainability as a conjunctive predicate; a positive weighted sum is weak sustainability as a ranking device.",elsewhere in the deposit,0.965,0.982,0.0,,,
D0690,excluded: shared verbatim,n/a,10.1,The ledger authorizes the first and does not authorize the second.,,,identical text,1.0,1.0,,,,
D0691,needs check: attribution,high,10.2,"Five rules, each carried by a proved or defined statement of this article, jointly prevent double counting and phantom mass.",10.2,"Five rules, each carried by a proved or defined statement of this article and specified as a checkable procedure in the companion methods study (Abaee, 2026d), jointly prevent double counting and phantom mass:",aligned passage,0.697,0.747,0.636,"needs check: attribution: the sentence this one restates cites Abaee, 2026; the draft dropped the source",,
D0692,supported (reworded),medium,10.2,1. **One balance per moiety.** Conservation laws attach to declared moieties (Theorems 7–8).,2.1,Conservation laws are stated per moiety; nothing is conserved merely by being a compartment.,elsewhere in the deposit,0.357,0.43,0.642,,,
D0693,supported (near-verbatim),high,10.2,"Adding unlike units — biomass, money, biodiversity indices, exergy — into one conserved scalar is not authorized by any conservation theorem. 2. **Explicit stoichiometry.** Entries are added within an incidence row only when their types and units agree; every conversion is an explicit coefficient in , never an implicit sum (§2.1). 3. **Yield routing.** A transformation represented with yield below one must route the omitted fraction to a represented compartment or a declared boundary flow; otherwise the moiety balance holds only after silently dropping the moiety (Theorem 15). 4. **No ghost sinks.** Every primitive with an outflow from some compartment must have its routed inflow represented, and every inflow its source — opposite-sign incidence of the same primitive is checkable column by column.",10.2,"1. **One balance per moiety.** Conservation laws attach to declared moieties (Theorems 7–8); adding unlike units — biomass, money, biodiversity indices, exergy — into one conserved scalar is not authorized by any conservation theorem. 2. **Explicit stoichiometry.** Entries are added within an incidence row only when their types and units agree; every conversion is an explicit coefficient in , never an implicit sum (Section 2.1). 3. **Yield routing.** A transformation represented with yield below one must route the omitted fraction to a represented compartment or a declared boundary flow; otherwise the moiety balance holds only after silently dropping the moiety (Theorem 15). 4. **No ghost sinks.** Every primitive with an outflow from some compartment must have its routed inflow represented, and every inflow its source — opposite-sign incidence of the same primitive is checkable column by column — and the six-state cancellation of Section 4.9 shows the check passing, while the same template shows that cancellation without donor-limited admissibility establishes nothing. 5. **Classification labels stay out of the columns.** Reserve-life and resource-threshold quantities answer different questions and share a column only under an explicit convention label (Section 6.5.3); diagnostic labels never determine material routing (Section 2.5).",aligned passage,0.701,0.749,0.642,,,
D0694,supported (reworded),medium,10.2,"The six-state cancellation of §4.9 shows the check passing, while the same template shows that cancellation without donor-limited admissibility establishes nothing. 5. **Classification labels stay out of the columns.** Reserve-life and resource-threshold quantities answer different questions and share a column only under an explicit convention label (§6.5.3); diagnostic labels never determine material routing (§2.5).",10.2,"1. **One balance per moiety.** Conservation laws attach to declared moieties (Theorems 7–8); adding unlike units — biomass, money, biodiversity indices, exergy — into one conserved scalar is not authorized by any conservation theorem. 2. **Explicit stoichiometry.** Entries are added within an incidence row only when their types and units agree; every conversion is an explicit coefficient in , never an implicit sum (Section 2.1). 3. **Yield routing.** A transformation represented with yield below one must route the omitted fraction to a represented compartment or a declared boundary flow; otherwise the moiety balance holds only after silently dropping the moiety (Theorem 15). 4. **No ghost sinks.** Every primitive with an outflow from some compartment must have its routed inflow represented, and every inflow its source — opposite-sign incidence of the same primitive is checkable column by column — and the six-state cancellation of Section 4.9 shows the check passing, while the same template shows that cancellation without donor-limited admissibility establishes nothing. 5. **Classification labels stay out of the columns.** Reserve-life and resource-threshold quantities answer different questions and share a column only under an explicit convention label (Section 6.5.3); diagnostic labels never determine material routing (Section 2.5).",aligned passage,0.407,0.438,0.642,,,
D0695,excluded: shared verbatim,n/a,10.2,"Every unit of mass is routed once: the unit-sum split routing of Theorem 8 and the column-sum-zero incidence of Theorem 9 are the mechanism, and the yield-routing obligation of Theorem 15 is its enforcement.",,,identical text,1.0,1.0,,,,
D0696,not a claim (signposting),medium,10.2,A flux omitted from the ledger is not thereby conserved.,10.2,A flux omitted from the ledger is not thereby conserved; a recovery claimed in a quality-neutral loop is not thereby real; and a diagnostic index that mixes basins and reserves (the ranking device of Section 6.5.2) is identified as such in the text that reports it.,aligned passage,0.296,0.353,1.0,,"the sentence reports what the document does, not what the world does",
D0697,supported (reworded),medium,10.2,A recovery claimed in a quality-neutral loop is not thereby real.,10.2,A flux omitted from the ledger is not thereby conserved; a recovery claimed in a quality-neutral loop is not thereby real; and a diagnostic index that mixes basins and reserves (the ranking device of Section 6.5.2) is identified as such in the text that reports it.,aligned passage,0.339,0.394,1.0,,,
D0698,supported (reworded),high,10.2,"A diagnostic index that mixes basins and reserves (the ranking device of §6.5.2) is identified as such in the text that reports it. **Double counting is a representation error, and the representation that prevents it is the contribution.**",10.2,"Double counting is a representation error, and the representation that prevents it is the contribution.",aligned passage,0.498,0.616,1.0,,,
D0699,supported (near-verbatim),high,10.3,The classification results of §6.5 are negative results stated as such: the anomaly index is not a stock ratio; the reserve-life ratio is not a forecast; the removals-only time is not a depletion diagnostic.,10.3,The classification results of Section 6.5 are negative results stated as such: the anomaly index is not a stock ratio; the reserve-life ratio is not a forecast; the removals-only time is not a depletion diagnostic.,aligned passage,0.959,0.98,0.933,,,
D0700,supported (near-verbatim),high,10.3,The non-reduction boundary of §9 is a rejected mapping with five mathematical reasons.,10.3,The non-reduction boundary of Section 9 is a rejected mapping with five mathematical reasons.,aligned passage,0.918,0.954,0.933,,,
D0701,supported (near-verbatim),high,10.3,The sink obstructions of §2.4 are empty-kernel mechanisms.,10.3,The sink obstructions of Section 2.4 are empty-kernel mechanisms.,aligned passage,0.872,0.931,0.933,,"polarity phrased differently (passage no negator, draft ['not'])",
D0702,supported (near-verbatim),high,10.3,"A quantity that answers exactly one question, stated with that question, **is** the framework working — and the framework's claim about itself is limited to the accounting layer it establishes.",10.3,"None of these is a failure of the framework: a quantity that answers exactly one question, stated with that question, is the framework working — and the framework's claim about itself is limited to the accounting layer it establishes.",elsewhere in the deposit,0.888,0.893,0.0,,,
D0703,supported (reworded),medium,10.4,"These are stated as limitations of what follows, not as future work.",1.3,"Section 10 states what the ledger does not support, and Section 11 concludes.",elsewhere in the deposit,0.261,0.383,0.0,,,
D0704,supported (reworded),high,10.4,1. **(i)** The two-pool exact specialization of the groundwater template remains **open**.,10.4,"(i) The two-pool exact specialization of the groundwater template remains open; the admitted object is the one-pool affine approximation, and no two-pool model is claimed as established (Section 8.2).",aligned passage,0.507,0.564,0.438,,"polarity phrased differently (passage no negator, draft ['neither', 'not'])",
D0705,supported (reworded),medium,10.4,"The admitted object is the one-pool affine approximation, and **no two-pool model is claimed as established** (§8.2). 2. **(ii)** The phosphorus and groundwater rows are **registered template obligations**: no constitutive content exists behind their identification ladders. 3. **(iii)** The first-passage propositions of §7 concern **declared stochastic surrogates, not the ledger**: they do not compute the ledger's hitting time, do not conserve its mass, and carry the record-relative-barrier and non-claim disciplines. 4. **(iv)** The applied records of §6.5 are classified diagnostics at their stated evidentiary levels — statistical index, arithmetic ratio, removals-only pressure scale — and **none is a calibrated early-warning system or a forecast**. 5. **(v)** The non-reduction boundary of §9 is **permanent mathematics, not a gap**: the closed primitive ledger and the open working system are different completions. 6. **(vi)** The conditional hybrid balance of Theorem 15 stays **conditional**, with its jump-interpretation and yield-routing obligations open per application. 7. **(vii)** The support-saturation limits of §2.6 are **local and finite-time**; neither is a full-system reduction. 8. **(viii)** The article asserts **nothing empirical** about any named resource system beyond the classifications of public data products stated at their source status.",10.4,"(iv) The applied records of Section 6.5 are classified diagnostics at their stated evidentiary levels — statistical index, arithmetic ratio, removals-only pressure scale — and none is a calibrated early-warning system or a forecast.",aligned passage,0.23,0.268,0.438,,,
D0706,excluded: shared verbatim,n/a,11,"The two failure modes of the introduction — compensatory aggregation and classification drift — are **representation errors**, and the representation that prevents them is the article's content.",,,identical text,1.0,1.0,,,,
D0707,supported (reworded),medium,11,"Conservation is proved from the incidence structure, not assumed.",11,"Conservation is proved from the incidence structure, not assumed; positivity is proved from donor limitation, not asserted; services are readouts, not mass; and depletion time is three quantities, not one.",elsewhere in the deposit,0.399,0.485,0.0,,,
D0708,supported (reworded),medium,11,"Positivity is proved from donor limitation, not asserted.",11,"Conservation is proved from the incidence structure, not assumed; positivity is proved from donor limitation, not asserted; services are readouts, not mass; and depletion time is three quantities, not one.",elsewhere in the deposit,0.372,0.437,0.0,,,
D0709,needs check: scope,medium,11,"And depletion time is three quantities, not one.",6,"The distinction matters because ""time to depletion"" is publicly used as if all three were one quantity.",elsewhere in the deposit,0.376,0.411,0.0,needs check: scope: the sentence this one restates is conditioned by ['if']; the draft states it unconditionally,,
D0710,excluded: shared verbatim,n/a,11,"The closed finite-donor ledger carries its complete theorem set — the natural-block mass identity, orthant invariance, no interior rest at positive effort, the vanishing-extraction rest set (extinction, carrying capacity, and the frozen-biomass face), extraction integrability — and the non-reduction boundary records, with reasons, why the closed ledger and the open working systems of institutional dynamics are **different completions sharing one exact object**.",,,identical text,1.0,1.0,,,,
D0711,excluded: shared verbatim,n/a,11,"The depletion numbers of the applied record answer, each, exactly the question their construction poses: a statistical index of record-relative stress, an arithmetic ratio of an economic classification, a pressure scale of one gross loss rate.",,,identical text,1.0,1.0,,,,
D0712,supported (near-verbatim),high,11,Stating them with those questions — against the published critiques they corroborate — is what makes them usable.,11,"Stating them with those questions — against the published critiques they corroborate — is what makes them usable; collapsing them into one ""time to depletion"" is what makes them false.",elsewhere in the deposit,0.69,0.764,0.0,,,
D0713,supported (reworded),high,11,"Collapsing them into one ""time to depletion"" is what makes them false.",11,"Stating them with those questions — against the published critiques they corroborate — is what makes them usable; collapsing them into one ""time to depletion"" is what makes them false.",elsewhere in the deposit,0.511,0.547,0.0,,,
D0714,excluded: shared verbatim,n/a,11,The article likewise locates substitution **within** the ledger rather than alongside it.,,,identical text,1.0,1.0,,,,
D0715,supported (near-verbatim),high,11,"The weak and strong regimes of §1.1 are two readings of one typed stock–flow ledger, distinguished by whether the material cycle closes at the rate of use; that reading is developed once, in the introduction, and is not re-argued here.",11,"The weak and strong regimes of Section 1.1 are two readings of one typed stock–flow ledger — distinguished by whether the material cycle closes at the rate of use; the reading is developed once, in the introduction, and is not re-argued here.",aligned passage,0.966,0.974,1.0,,,
D0716,supported (reworded),medium,11,The vector reading is the one that carries the certificate; the scalar check of §1.1 is the operational reading on top of it.,11,"They are not rival doctrines: the vector reading is the one that carries the certificate, the scalar check of Section 1.1 is the operational reading on top of it, and a substitute is either a recycled flux returned to the regenerating pool or a non-renewable drawdown on a second compartment — different ledger entries with different statuses.",aligned passage,0.433,0.525,1.0,,,
D0717,supported (near-verbatim),high,11,"A substitute is either a recycled flux returned to the regenerating pool, or a non-renewable drawdown on a second compartment — different ledger entries with different statuses.",11,"They are not rival doctrines: the vector reading is the one that carries the certificate, the scalar check of Section 1.1 is the operational reading on top of it, and a substitute is either a recycled flux returned to the regenerating pool or a non-renewable drawdown on a second compartment — different ledger entries with different statuses.",aligned passage,0.615,0.68,1.0,,,
D0718,excluded: shared verbatim,n/a,11,"An exhaustion-horizon estimate built on a reserve figure carries the substitution and technology premises of the reserve classification, not a physical forecast.",,,identical text,1.0,1.0,,,,
D0719,supported (near-verbatim),high,11,"For ecological-economics measurement, that is the closing statement: not rival doctrines but two readings of one ledger — and the vector reading is what carries the certificate.",11,"For ecological-economics measurement, that is the closing statement: not rival doctrines but two readings of one ledger, and the vector reading is what carries the certificate.",elsewhere in the deposit,1.0,0.997,0.0,,,
