concordance_id,source_id,source_item,source_inventory,item_type,canonical_module,canonical_object,primary_mapping,mapping_status,assumptions_model_class,proof_evidence_status,publication_artifact_status,destination_paper,monograph_chapter,interface_dependency,review_state,notes
CC-A001-001,A001,"If $\mathcal V_1 \subseteq \mathcal V_2$ are closed, then",research_program/article_001_topdown/formal_result_inventory.md,Theorem 2.1 (Constraint monotonicity).,formal_foundations,theorem record pending classification,EXACT_SPECIALIZATION,accepted_mapping,retain exact source assumptions; model-class extraction pending row review,proof_inventory_present_line_check_required,see source evaluation and action register; do not infer completeness,Paper 2,Formal viability and theorem atlas,TCS-1.0 interface contract; local producer/consumer fields required before theorem transfer,row_verified,Row-closed 2026-08-27 (A001 scientific pass; source read in full): theorem + proof verified in source §2.5; module formal_foundations classified (intake: unclassified); mapping EXACT_SPECIALIZATION confirmed. Content-level acceptance only: the TCS-1.0 §7 mapping type and the exact source assumptions are verified; the §8 interface contract for cross-module theorem transfer and all theorem statuses remain unchanged.
CC-A001-002,A001,"If $U_1(x) \subseteq U_2(x)$ for every $x$, then",research_program/article_001_topdown/formal_result_inventory.md,Theorem 2.2 (Control-set monotonicity).,formal_foundations,theorem record pending classification,EXACT_SPECIALIZATION,accepted_mapping,retain exact source assumptions; model-class extraction pending row review,proof_inventory_present_line_check_required,see source evaluation and action register; do not infer completeness,Paper 2,Formal viability and theorem atlas,TCS-1.0 interface contract; local producer/consumer fields required before theorem transfer,row_verified,Row-closed 2026-08-27 (A001 scientific pass; source read in full): theorem + proof verified in source §2.5; module formal_foundations classified (intake: unclassified); mapping EXACT_SPECIALIZATION confirmed. Content-level acceptance only: the TCS-1.0 §7 mapping type and the exact source assumptions are verified; the §8 interface contract for cross-module theorem transfer and all theorem statuses remain unchanged.
CC-A001-003,A001,"If $\mathcal P = \prod_\ell \mathcal P_\ell$ is a product of uncoupled systems with constraint sets $\mathcal V_\ell$, then",research_program/article_001_topdown/formal_result_inventory.md,Theorem 2.3 (Product structure).,formal_foundations,theorem record pending classification,EXACT_SPECIALIZATION,accepted_mapping,retain exact source assumptions; model-class extraction pending row review,proof_inventory_present_line_check_required,see source evaluation and action register; do not infer completeness,Paper 2,Formal viability and theorem atlas,TCS-1.0 interface contract; local producer/consumer fields required before theorem transfer,row_verified,Row-closed 2026-08-27 (A001 scientific pass; source read in full): theorem + proof verified in source §2.5 (uncoupled product identity; coupling failure cross-references §10.3–10.4); module formal_foundations classified (intake: unclassified); mapping EXACT_SPECIALIZATION confirmed. Content-level acceptance only: the TCS-1.0 §7 mapping type and the exact source assumptions are verified; the §8 interface contract for cross-module theorem transfer and all theorem statuses remain unchanged.
CC-A001-004,A001,"Let $\mathcal V$ be a closed product of intervals and let $\Gamma$ be a face. The Nagumo condition $F(x, U(x)) \cap T_{\mathcal V}(x) \neq \varnothing$ is necessary for $\Gamma \subset \operatorname{Viab}(\mathcal V)$ but not necessary for $\operatorname{Viab}(\mathcal V) \neq \varnothing$.",research_program/article_001_topdown/formal_result_inventory.md,Theorem 2.4 (Face necessity is not kernel necessity).,formal_foundations,"operator I, theorem record, mapping",EXACT_SPECIALIZATION,accepted_mapping,retain exact source assumptions; model-class extraction pending row review,proof_inventory_present_line_check_required,see source evaluation and action register; do not infer completeness,Paper 2,Formal viability and theorem atlas,TCS-1.0 interface contract; local producer/consumer fields required before theorem transfer,row_verified,Row-closed 2026-08-27 (A001 scientific pass; source read in full): theorem + proof verified in source §2.5 (Nagumo face/kernel distinction; logistic counterexample inside the proof); module formal_foundations confirmed; mapping EXACT_SPECIALIZATION confirmed. Content-level acceptance only: the TCS-1.0 §7 mapping type and the exact source assumptions are verified; the §8 interface contract for cross-module theorem transfer and all theorem statuses remain unchanged.
CC-A001-005,A001,"Let $U_{\mathrm{phys}}$ be the maximal correspondence compatible with the physical actuators, and let $U_{\mathrm{soc}}(x) \subseteq U_{\mathrm{phys}}(x)$ be any socially available restriction. Then",research_program/article_001_topdown/formal_result_inventory.md,Theorem 2.5 (Physical primacy).,formal_foundations,theorem record pending classification,EXACT_SPECIALIZATION,accepted_mapping,retain exact source assumptions; model-class extraction pending row review,proof_inventory_present_line_check_required,see source evaluation and action register; do not infer completeness,Paper 2,Formal viability and theorem atlas,TCS-1.0 interface contract; local producer/consumer fields required before theorem transfer,row_verified,Row-closed 2026-08-27 (A001 scientific pass; source read in full): theorem + proof verified in source §2.6; module formal_foundations classified (intake: unclassified); mapping EXACT_SPECIALIZATION confirmed. Content-level acceptance only: the TCS-1.0 §7 mapping type and the exact source assumptions are verified; the §8 interface contract for cross-module theorem transfer and all theorem statuses remain unchanged.
CC-A001-006,A001,Let $\pi_{\mathrm{perf}}$ be perfect information and $\pi_{\mathrm{obs}}$ any causal observation-based class. Then,research_program/article_001_topdown/formal_result_inventory.md,Theorem 2.6 (Information contraction).,observation_governance_empirics,"observation, assessment, policy, implementation, evidence",EXACT_SPECIALIZATION,accepted_mapping,retain exact source assumptions; model-class extraction pending row review,proof_inventory_present_line_check_required,see source evaluation and action register; do not infer completeness,Paper 2,"Observation, governance, and identification",TCS-1.0 interface contract; local producer/consumer fields required before theorem transfer,row_verified,Row-closed 2026-08-27 (A001 scientific pass; source read in full): theorem + proof verified in source §2.6; module observation_governance_empirics confirmed; mapping EXACT_SPECIALIZATION confirmed. Content-level acceptance only: the TCS-1.0 §7 mapping type and the exact source assumptions are verified; the §8 interface contract for cross-module theorem transfer and all theorem statuses remain unchanged.
CC-A001-007,A001,Let $K = \operatorname{Viab}(\mathcal V)$. Then,research_program/article_001_topdown/formal_result_inventory.md,Proposition 3.1.,formal_foundations,"operator I, theorem record, mapping",EXACT_SPECIALIZATION,accepted_mapping,retain exact source assumptions; model-class extraction pending row review,proof_inventory_present_line_check_required,see source evaluation and action register; do not infer completeness,Paper 2,Formal viability and theorem atlas,TCS-1.0 interface contract; local producer/consumer fields required before theorem transfer,row_verified,Row-closed 2026-08-27 (A001 scientific pass; source read in full): proposition + proof verified in source §3.1; module formal_foundations confirmed; mapping EXACT_SPECIALIZATION confirmed. Content-level acceptance only: the TCS-1.0 §7 mapping type and the exact source assumptions are verified; the §8 interface contract for cross-module theorem transfer and all theorem statuses remain unchanged.
CC-A001-008,A001,"Every state in $\mathcal V \setminus K$ has infinite recovery time to $K$ if recovery is required to remain in $\mathcal V$. Any definition of ""recovery resilience"" based on reaching $K$ while staying in $\mathcal V$ is identically zero on $\partial K$.",research_program/article_001_topdown/formal_result_inventory.md,Corollary 3.1.,formal_foundations,"operator I, theorem record, mapping",COUNTEREXAMPLE_OR_LIMIT,accepted_mapping,retain exact source assumptions; model-class extraction pending row review,proof_inventory_present_line_check_required,see source evaluation and action register; do not infer completeness,Paper 2,Formal viability and theorem atlas,TCS-1.0 interface contract; local producer/consumer fields required before theorem transfer,row_verified,"Row-closed 2026-08-27 (A001 scientific pass; source read in full): corollary verified in source §3.1 (impossibility/triviality of recovery-resilience definitions on the kernel boundary); module formal_foundations confirmed; mapping COUNTEREXAMPLE_OR_LIMIT corrected (intake: EXACT_SPECIALIZATION). Content-level acceptance only: the TCS-1.0 §7 mapping type and the exact source assumptions are verified; the §8 interface contract for cross-module theorem transfer and all theorem statuses remain unchanged. mapping corrected to COUNTEREXAMPLE_OR_LIMIT: the corollary establishes that recovery-into-the-while-staying-in-V is identically impossible outside the kernel — a boundary result, not a positive specialization"
CC-A001-009,A001,Let $\mathcal E \supseteq \mathcal V$ be a closed emergency envelope. Define the capture basin,research_program/article_001_topdown/formal_result_inventory.md,Definition 3.1.,formal_foundations,"operator I, theorem record, mapping",EXACT_SPECIALIZATION,accepted_mapping,retain exact source assumptions; model-class extraction pending row review,defined_source_object,see source evaluation and action register; do not infer completeness,Paper 2,Formal viability and theorem atlas,TCS-1.0 interface contract; local producer/consumer fields required before theorem transfer,row_verified,Row-closed 2026-08-27 (A001 scientific pass; source read in full): definition verified in source §3.2; module formal_foundations confirmed; mapping EXACT_SPECIALIZATION confirmed. Content-level acceptance only: the TCS-1.0 §7 mapping type and the exact source assumptions are verified; the §8 interface contract for cross-module theorem transfer and all theorem statuses remain unchanged. Citation anchor locked at the source section named above; the paper-time citation match rides the Part III paper-support discipline.
CC-A001-010,A001,"For $x \in \operatorname{Capt}_{\mathcal E}(K)$, define the envelope-relative recovery time",research_program/article_001_topdown/formal_result_inventory.md,Definition 3.2.,formal_foundations,"operator I, theorem record, mapping",EXACT_SPECIALIZATION,accepted_mapping,retain exact source assumptions; model-class extraction pending row review,defined_source_object,see source evaluation and action register; do not infer completeness,Paper 2,Formal viability and theorem atlas,TCS-1.0 interface contract; local producer/consumer fields required before theorem transfer,row_verified,Row-closed 2026-08-27 (A001 scientific pass; source read in full): definition verified in source §3.3; module formal_foundations confirmed; mapping EXACT_SPECIALIZATION confirmed. Content-level acceptance only: the TCS-1.0 §7 mapping type and the exact source assumptions are verified; the §8 interface contract for cross-module theorem transfer and all theorem statuses remain unchanged. Citation anchor locked at the source section named above; the paper-time citation match rides the Part III paper-support discipline.
CC-A001-011,A001,"An initial belief $B_0 \subseteq \mathcal E$ belongs to $\operatorname{ERCapt}_{\mathcal E}(K_{\mathcal I})$ if there exists an observation-based policy and a finite $T$ such that, for every compatible initial state, disturbance, and observation error:",research_program/article_001_topdown/formal_result_inventory.md,Definition 3.3 (Robust informational capture basin).,observation_governance_empirics,"observation, assessment, policy, implementation, evidence",EXACT_SPECIALIZATION,accepted_mapping,retain exact source assumptions; model-class extraction pending row review,defined_source_object,see source evaluation and action register; do not infer completeness,Paper 2,"Observation, governance, and identification",TCS-1.0 interface contract; local producer/consumer fields required before theorem transfer,row_verified,Row-closed 2026-08-27 (A001 scientific pass; source read in full): definition verified in source §3.4; module observation_governance_empirics confirmed; mapping EXACT_SPECIALIZATION confirmed. Content-level acceptance only: the TCS-1.0 §7 mapping type and the exact source assumptions are verified; the §8 interface contract for cross-module theorem transfer and all theorem statuses remain unchanged. Citation anchor locked at the source section named above; the paper-time citation match rides the Part III paper-support discipline.
CC-A001-012,A001,"For an initial belief $B_0$,",research_program/article_001_topdown/formal_result_inventory.md,Definition 3.4 (Worst-case informational recovery time).,observation_governance_empirics,"observation, assessment, policy, implementation, evidence",EXACT_SPECIALIZATION,accepted_mapping,retain exact source assumptions; model-class extraction pending row review,defined_source_object,see source evaluation and action register; do not infer completeness,Paper 2,"Observation, governance, and identification",TCS-1.0 interface contract; local producer/consumer fields required before theorem transfer,row_verified,"Row-closed 2026-08-27 (A001 scientific pass; source read in full): definition verified in source §3.4; module observation_governance_empirics confirmed; mapping EXACT_SPECIALIZATION confirmed. Evidence status now defined_source_object (see extra note where corrected). Content-level acceptance only: the TCS-1.0 §7 mapping type and the exact source assumptions are verified; the §8 interface contract for cross-module theorem transfer and all theorem statuses remain unchanged. Citation anchor locked at the source section named above; the paper-time citation match rides the Part III paper-support discipline. evidence corrected to defined_source_object (intake had source_specific_empirical_status_check_required — this is a definition, not an empirical object)"
CC-A001-013,A001,"If $\mathcal I_1 \succeq \mathcal I_2$, then $\tau_{\mathcal E}^{\mathcal I_1}(B) \le \tau_{\mathcal E}^{\mathcal I_2}(B)$ whenever both are compared from corresponding initial information states.",research_program/article_001_topdown/formal_result_inventory.md,Proposition 3.2 (Information monotonicity of recovery time).,observation_governance_empirics,"observation, assessment, policy, implementation, evidence",EXACT_SPECIALIZATION,accepted_mapping,retain exact source assumptions; model-class extraction pending row review,proof_inventory_present_line_check_required,see source evaluation and action register; do not infer completeness,Paper 5,"Observation, governance, and identification",TCS-1.0 interface contract; local producer/consumer fields required before theorem transfer,row_verified,Row-closed 2026-08-27 (A001 scientific pass; source read in full): proposition + proof verified in source §3.4; module observation_governance_empirics confirmed; mapping EXACT_SPECIALIZATION confirmed. Content-level acceptance only: the TCS-1.0 §7 mapping type and the exact source assumptions are verified; the §8 interface contract for cross-module theorem transfer and all theorem statuses remain unchanged.
CC-A001-014,A001,"Given an observation history $y_{[0,t]}$, define the compatible-state set",research_program/article_001_topdown/formal_result_inventory.md,Definition 4.1: Information set.,observation_governance_empirics,"observation, assessment, policy, implementation, evidence",EXACT_SPECIALIZATION,accepted_mapping,retain exact source assumptions; model-class extraction pending row review,defined_source_object,see source evaluation and action register; do not infer completeness,Paper 2,"Observation, governance, and identification",TCS-1.0 interface contract; local producer/consumer fields required before theorem transfer,row_verified,Row-closed 2026-08-27 (A001 scientific pass; source read in full): definition verified in source §4.1; module observation_governance_empirics confirmed; mapping EXACT_SPECIALIZATION confirmed. Content-level acceptance only: the TCS-1.0 §7 mapping type and the exact source assumptions are verified; the §8 interface contract for cross-module theorem transfer and all theorem statuses remain unchanged. Citation anchor locked at the source section named above; the paper-time citation match rides the Part III paper-support discipline.
CC-A001-015,A001,A control selected from information state $B$ is robustly admissible if,research_program/article_001_topdown/formal_result_inventory.md,Definition 4.2.,observation_governance_empirics,"observation, assessment, policy, implementation, evidence",EXACT_SPECIALIZATION,accepted_mapping,retain exact source assumptions; model-class extraction pending row review,defined_source_object,see source evaluation and action register; do not infer completeness,Paper 2,"Observation, governance, and identification",TCS-1.0 interface contract; local producer/consumer fields required before theorem transfer,row_verified,Row-closed 2026-08-27 (A001 scientific pass; source read in full): definition verified in source §4.2; module observation_governance_empirics confirmed; mapping EXACT_SPECIALIZATION confirmed. Content-level acceptance only: the TCS-1.0 §7 mapping type and the exact source assumptions are verified; the §8 interface contract for cross-module theorem transfer and all theorem statuses remain unchanged. Citation anchor locked at the source section named above; the paper-time citation match rides the Part III paper-support discipline.
CC-A001-016,A001,Let $\mathfrak B$ be a suitable hyperspace of closed information sets. Define,research_program/article_001_topdown/formal_result_inventory.md,Definition 4.3.,observation_governance_empirics,"observation, assessment, policy, implementation, evidence",EXACT_SPECIALIZATION,accepted_mapping,retain exact source assumptions; model-class extraction pending row review,defined_source_object,see source evaluation and action register; do not infer completeness,Paper 2,"Observation, governance, and identification",TCS-1.0 interface contract; local producer/consumer fields required before theorem transfer,row_verified,Row-closed 2026-08-27 (A001 scientific pass; source read in full): definition verified in source §4.3; module observation_governance_empirics confirmed; mapping EXACT_SPECIALIZATION confirmed. Content-level acceptance only: the TCS-1.0 §7 mapping type and the exact source assumptions are verified; the §8 interface contract for cross-module theorem transfer and all theorem statuses remain unchanged. Citation anchor locked at the source section named above; the paper-time citation match rides the Part III paper-support discipline.
CC-A001-017,A001,"Suppose observation structure $\mathcal I_1$ is more informative than $\mathcal I_2$, meaning every $\mathcal I_2$-history is a causal function of the corresponding $\mathcal I_1$-history. Then",research_program/article_001_topdown/formal_result_inventory.md,Theorem 4.1.,observation_governance_empirics,"observation, assessment, policy, implementation, evidence",EXACT_SPECIALIZATION,accepted_mapping,retain exact source assumptions; model-class extraction pending row review,proof_inventory_present_line_check_required,see source evaluation and action register; do not infer completeness,Paper 2,"Observation, governance, and identification",TCS-1.0 interface contract; local producer/consumer fields required before theorem transfer,row_verified,Row-closed 2026-08-27 (A001 scientific pass; source read in full): theorem + proof verified in source §4.4; module observation_governance_empirics confirmed; mapping EXACT_SPECIALIZATION confirmed. Content-level acceptance only: the TCS-1.0 §7 mapping type and the exact source assumptions are verified; the §8 interface contract for cross-module theorem transfer and all theorem statuses remain unchanged.
CC-A001-018,A001,"If the observation history has a causal inverse, then epistemic and perfect-information kernels coincide, under either admissibility semantics.",research_program/article_001_topdown/formal_result_inventory.md,Corollary 4.1.,observation_governance_empirics,"observation, assessment, policy, implementation, evidence",EXACT_SPECIALIZATION,accepted_mapping,retain exact source assumptions; model-class extraction pending row review,proof_inventory_present_line_check_required,see source evaluation and action register; do not infer completeness,Paper 2,"Observation, governance, and identification",TCS-1.0 interface contract; local producer/consumer fields required before theorem transfer,row_verified,Row-closed 2026-08-27 (A001 scientific pass; source read in full): corollary verified in source §4.4 (no separate proof; follows from Theorem 4.1 via the causal inverse); module observation_governance_empirics confirmed; mapping EXACT_SPECIALIZATION confirmed. Content-level acceptance only: the TCS-1.0 §7 mapping type and the exact source assumptions are verified; the §8 interface contract for cross-module theorem transfer and all theorem statuses remain unchanged.
CC-A001-019,A001,"If $B \in \operatorname{EViab}_{\mathcal I}(\mathcal V)$ and $C \subseteq B$ is a possible initial information set under the same observation model, then $C \in \operatorname{EViab}_{\mathcal I}(\mathcal V)$.",research_program/article_001_topdown/formal_result_inventory.md,Proposition 4.2 (Downward closure of the epistemic kernel).,observation_governance_empirics,"observation, assessment, policy, implementation, evidence",EXACT_SPECIALIZATION,accepted_mapping,retain exact source assumptions; model-class extraction pending row review,proof_inventory_present_line_check_required,see source evaluation and action register; do not infer completeness,Paper 2,"Observation, governance, and identification",TCS-1.0 interface contract; local producer/consumer fields required before theorem transfer,row_verified,Row-closed 2026-08-27 (A001 scientific pass; source read in full): proposition + proof verified in source §4.4; module observation_governance_empirics confirmed; mapping EXACT_SPECIALIZATION confirmed. Content-level acceptance only: the TCS-1.0 §7 mapping type and the exact source assumptions are verified; the §8 interface contract for cross-module theorem transfer and all theorem statuses remain unchanged.
CC-A001-020,A001,"There exist systems with $\operatorname{Viab}(\mathcal V; U, \pi_{\mathrm{perf}}) = \mathcal V \neq \varnothing$ and $\operatorname{EViab}_{\mathcal I}(\mathcal V) = \varnothing$ for a non-injective observation $\mathcal I$.",research_program/article_001_topdown/formal_result_inventory.md,Theorem 4.2.,observation_governance_empirics,"observation, assessment, policy, implementation, evidence",COUNTEREXAMPLE_OR_LIMIT,accepted_mapping,retain exact source assumptions; model-class extraction pending row review,proof_inventory_present_line_check_required,see source evaluation and action register; do not infer completeness,Paper 2,"Observation, governance, and identification",TCS-1.0 interface contract; local producer/consumer fields required before theorem transfer,row_verified,"Row-closed 2026-08-27 (A001 scientific pass; source read in full): theorem + proof verified in source §4.5 (explicit constant-observation construction emptying a nonempty physical kernel); module observation_governance_empirics confirmed; mapping COUNTEREXAMPLE_OR_LIMIT corrected (intake: EXACT_SPECIALIZATION). Content-level acceptance only: the TCS-1.0 §7 mapping type and the exact source assumptions are verified; the §8 interface contract for cross-module theorem transfer and all theorem statuses remain unchanged. mapping corrected to COUNTEREXAMPLE_OR_LIMIT: the theorem is an impossibility witness (EViab = ∅ despite Viab = V ≠ ∅), the canonical epistemic-contraction boundary"
CC-A001-021,A001,"For the scalar delayed controlled system $\dot x = -a x - B x(t-\tau)$ ($a > 0$, $B \ge 0$):",research_program/article_001_topdown/formal_result_inventory.md,Theorem 4.3 (Delay margin in feedback).,nonlinear_dynamics,"state, model, admissible set, theorem record",EXACT_SPECIALIZATION,accepted_mapping,retain exact source assumptions; model-class extraction pending row review,proof_inventory_present_line_check_required,see source evaluation and action register; do not infer completeness,Paper 4,Delay and nonlinear transitions,TCS-1.0 interface contract; local producer/consumer fields required before theorem transfer,row_verified,Row-closed 2026-08-27 (A001 scientific pass; source read in full): theorem + proof + numerical check verified in source §4.5 (Hayes characteristic equation; complete delay-margin classification); module nonlinear_dynamics confirmed; mapping EXACT_SPECIALIZATION confirmed. Content-level acceptance only: the TCS-1.0 §7 mapping type and the exact source assumptions are verified; the §8 interface contract for cross-module theorem transfer and all theorem statuses remain unchanged.
CC-A001-022,A001,Consider the output-feedback system,research_program/article_001_topdown/formal_result_inventory.md,Theorem 4.4 (Observer-to-viability transfer with safety buffer).,observation_governance_empirics,"operator I, theorem record, mapping",EXACT_SPECIALIZATION,accepted_mapping,retain exact source assumptions; model-class extraction pending row review,proof_inventory_present_line_check_required,see source evaluation and action register; do not infer completeness,Paper 2,Formal viability and theorem atlas,TCS-1.0 interface contract; local producer/consumer fields required before theorem transfer,row_verified,"Row-closed 2026-08-27 (A001 scientific pass; source read in full): theorem + proof verified in source §4.6 (six hypotheses; observer convergence absorbing Lipschitz error); module observation_governance_empirics corrected (intake: formal_foundations); mapping EXACT_SPECIALIZATION confirmed. Content-level acceptance only: the TCS-1.0 §7 mapping type and the exact source assumptions are verified; the §8 interface contract for cross-module theorem transfer and all theorem statuses remain unchanged. module corrected to observation_governance_empirics (intake: formal_foundations) — the observer/estimation channel is the assessment operator of the canonical execution chain, same family as Prop 4.1"
CC-A001-023,A001,"If $K \subseteq \mathcal V$ is closed, $\mathcal R_K(x) \neq \varnothing$ for every $x \in K$, and $\mathcal R_K$ admits a measurable feedback selection $k(x)$ with well-posed closed-loop, then $K$ is robustly controlled invariant, $K \subseteq \operatorname{RViab}(\mathcal V)$. Under the usual regularity and convexity assumptions of discriminating-kernel theory the converse holds, so $\operatorname{RViab}(\mathcal V)$ is the largest closed subset of $\mathcal V$ satisfying the robust tangency condition.",research_program/article_001_topdown/formal_result_inventory.md,Theorem 4.5 (Robust invariance / tangency).,formal_foundations,"operator I, theorem record, mapping",EXACT_SPECIALIZATION,accepted_mapping,retain exact source assumptions; model-class extraction pending row review,proof_inventory_present_line_check_required,see source evaluation and action register; do not infer completeness,Paper 2,Formal viability and theorem atlas,TCS-1.0 interface contract; local producer/consumer fields required before theorem transfer,row_verified,Row-closed 2026-08-27 (A001 scientific pass; source read in full): theorem + proof verified in source §4.7 (regulation map; measurable selection; discriminating-kernel converse); module formal_foundations confirmed; mapping EXACT_SPECIALIZATION confirmed. Content-level acceptance only: the TCS-1.0 §7 mapping type and the exact source assumptions are verified; the §8 interface contract for cross-module theorem transfer and all theorem statuses remain unchanged.
CC-A001-024,A001,"Let $\mathfrak S = \{B \neq \varnothing : B \subseteq \mathcal V\}$ and define $\mathfrak K_0 = \mathfrak S$, $\mathfrak K_{n+1} = \mathfrak K_n \cap \operatorname{Pre}(\mathfrak K_n)$. Then $B \in \mathfrak K_n$ iff an observation-based policy keeps every compatible physical trajectory in $\mathcal V$ for $n$ sampling periods; and under compactness and closed-graph hypotheses,",research_program/article_001_topdown/formal_result_inventory.md,Theorem 4.6 (Belief viability fixed point).,observation_governance_empirics,"observation, assessment, policy, implementation, evidence",EXACT_SPECIALIZATION,accepted_mapping,retain exact source assumptions; model-class extraction pending row review,proof_inventory_present_line_check_required,see source evaluation and action register; do not infer completeness,Paper 2,"Observation, governance, and identification",TCS-1.0 interface contract; local producer/consumer fields required before theorem transfer,row_verified,Row-closed 2026-08-27 (A001 scientific pass; source read in full): theorem + proof verified in source §4.8 (finite-horizon induction + Knaster–Tarski greatest fixed point); module observation_governance_empirics confirmed; mapping EXACT_SPECIALIZATION confirmed. Content-level acceptance only: the TCS-1.0 §7 mapping type and the exact source assumptions are verified; the §8 interface contract for cross-module theorem transfer and all theorem statuses remain unchanged.
CC-A001-025,A001,An action $u \in \mathcal A_\Delta(B)$ is *safely informative* relative to a belief-size functional $r$ if,research_program/article_001_topdown/formal_result_inventory.md,Definition 4.4 (Safely informative action).,observation_governance_empirics,"operator I, theorem record, mapping",EXACT_SPECIALIZATION,accepted_mapping,retain exact source assumptions; model-class extraction pending row review,defined_source_object,see source evaluation and action register; do not infer completeness,Paper 2,Formal viability and theorem atlas,TCS-1.0 interface contract; local producer/consumer fields required before theorem transfer,row_verified,Row-closed 2026-08-27 (A001 scientific pass; source read in full): definition verified in source §4.8; module observation_governance_empirics corrected (intake: formal_foundations); mapping EXACT_SPECIALIZATION confirmed. Content-level acceptance only: the TCS-1.0 §7 mapping type and the exact source assumptions are verified; the §8 interface contract for cross-module theorem transfer and all theorem statuses remain unchanged. Citation anchor locked at the source section named above; the paper-time citation match rides the Part III paper-support discipline. module corrected to observation_governance_empirics (intake: formal_foundations) — belief-size reduction through actions is the information channel
CC-A001-026,A001,"Suppose $B$ is a possible information set containing a state on $\partial \mathcal V$, and",research_program/article_001_topdown/formal_result_inventory.md,Theorem 4.7 (Instantaneous common-action obstruction).,observation_governance_empirics,"observation, assessment, policy, implementation, evidence",COUNTEREXAMPLE_OR_LIMIT,accepted_mapping,retain exact source assumptions; model-class extraction pending row review,proof_inventory_present_line_check_required,see source evaluation and action register; do not infer completeness,Paper 2,"Observation, governance, and identification",TCS-1.0 interface contract; local producer/consumer fields required before theorem transfer,row_verified,Row-closed 2026-08-27 (A001 scientific pass; source read in full): theorem verified in source §4.9 (no separate proof block; the argument is inline and Example 4.1 is the witness); module observation_governance_empirics confirmed; mapping COUNTEREXAMPLE_OR_LIMIT confirmed. Content-level acceptance only: the TCS-1.0 §7 mapping type and the exact source assumptions are verified; the §8 interface contract for cross-module theorem transfer and all theorem statuses remain unchanged.
CC-A001-027,A001,"Let an unobserved parameter satisfy $\theta \in \{-1,+1\}$, with $\dot z = \theta u$, $u \in \{-1,+1\}$, $z \ge 0$. At $z=0$: if $\theta=+1$ only $u=+1$ is safe; if $\theta=-1$ only $u=-1$ is safe. Both states are individually robustly viable, but $B = \{(0,+1),(0,-1)\}$ admits **no common safe action**, so $B \notin \operatorname{ERViab}$. This is a purely informational failure: no stochasticity or estimation quality is involved, and each state is individually robustly viable while the joint belief is not.",research_program/article_001_topdown/formal_result_inventory.md,Example 4.1 (Hidden-mode conflict).,observation_governance_empirics,"observation, assessment, policy, implementation, evidence",COUNTEREXAMPLE_OR_LIMIT,accepted_mapping,retain exact source assumptions; model-class extraction pending row review,status_crosswalk_required,see source evaluation and action register; do not infer completeness,Paper 5,"Observation, governance, and identification",TCS-1.0 interface contract; local producer/consumer fields required before theorem transfer,row_verified,"Row-closed 2026-08-27 (A001 scientific pass; source read in full): explicit example verified in source §4.9 (hidden-mode conflict: two individually viable states, no common safe action); module observation_governance_empirics confirmed; mapping COUNTEREXAMPLE_OR_LIMIT corrected (intake: EXACT_SPECIALIZATION). Content-level acceptance only: the TCS-1.0 §7 mapping type and the exact source assumptions are verified; the §8 interface contract for cross-module theorem transfer and all theorem statuses remain unchanged. mapping corrected to COUNTEREXAMPLE_OR_LIMIT: the example is an impossibility witness for common-action viability, not a positive specialization"
CC-A001-028,A001,"If every possible action at belief $B_0$ allows a disturbance and a compatible state to reach a locally nonviable boundary point before the next informative observation time $T_{\mathrm{obs}}$, then $B_0 \notin \operatorname{ERViab}$. A sufficient condition is the existence of $q$ and $\varepsilon > 0$ with $\inf_{x \in B_t} \inf_{d} D^+ q(x;f(x,u,d)) \le -\varepsilon$ throughout an uncertainty branch and $T_{\mathrm{obs}} > \frac{\inf_{x \in B_0} q(x)}{\varepsilon}$. Information may be accurate but arrive too late.",research_program/article_001_topdown/formal_result_inventory.md,Theorem 4.8 (Delayed-information obstruction).,observation_governance_empirics,"state, model, admissible set, theorem record",COUNTEREXAMPLE_OR_LIMIT,accepted_mapping,retain exact source assumptions; model-class extraction pending row review,proof_inventory_present_line_check_required,see source evaluation and action register; do not infer completeness,Paper 5,Delay and nonlinear transitions,TCS-1.0 interface contract; local producer/consumer fields required before theorem transfer,row_verified,"Row-closed 2026-08-27 (A001 scientific pass; source read in full): theorem + proof verified in source §4.9 (Dini-inequality exit bound before the next informative observation); module observation_governance_empirics corrected (intake: nonlinear_dynamics); mapping COUNTEREXAMPLE_OR_LIMIT confirmed. Content-level acceptance only: the TCS-1.0 §7 mapping type and the exact source assumptions are verified; the §8 interface contract for cross-module theorem transfer and all theorem statuses remain unchanged. module corrected to observation_governance_empirics (intake: nonlinear_dynamics) and destination corrected Paper 4 → Paper 5: the delay here is the observation interval T_obs (information timing — Paper 5's review-interval spectrum), not an RFDE; the source itself calls it ""information may be accurate but arrive too late"""
CC-A001-029,A001,"Let $Q = \{x : b_j(x) \ge 0\}$ with each $b_j \in C^1$, and let a nominal feedback $k$ satisfy, on active boundaries,",research_program/article_001_topdown/formal_result_inventory.md,Theorem 4.9 (Observer safety buffer).,observation_governance_empirics,"operator I, theorem record, mapping",EXACT_SPECIALIZATION,accepted_mapping,retain exact source assumptions; model-class extraction pending row review,proof_inventory_present_line_check_required,see source evaluation and action register; do not infer completeness,Paper 2,Formal viability and theorem atlas,TCS-1.0 interface contract; local producer/consumer fields required before theorem transfer,row_verified,"Row-closed 2026-08-27 (A001 scientific pass; source read in full): theorem + proof verified in source §4.10 (strict barrier margins absorbing observer error); module observation_governance_empirics corrected (intake: formal_foundations); mapping EXACT_SPECIALIZATION confirmed. Content-level acceptance only: the TCS-1.0 §7 mapping type and the exact source assumptions are verified; the §8 interface contract for cross-module theorem transfer and all theorem statuses remain unchanged. module corrected to observation_governance_empirics (intake: formal_foundations) — output-feedback/observer-error family, consistent with Theorem 4.4 and Prop 4.1"
CC-A001-030,A001,"Suppose: (i) $K$ is robustly invariant under full-state feedback; (ii) the feedback has a strict inward margin on $\partial K$; and (iii) estimation and implementation errors are bounded by $\varepsilon$ in a compatible norm. Then, for sufficiently small $\varepsilon$, an eroded set $K^{-c\varepsilon}$ is invariant under output feedback for some sensitivity constant $c > 0$.",research_program/article_001_topdown/formal_result_inventory.md,Proposition 4.1 (Eroded kernels under output feedback).,observation_governance_empirics,"observation, assessment, policy, implementation, evidence",EXACT_SPECIALIZATION,accepted_mapping,retain exact source assumptions; model-class extraction pending row review,proof_inventory_present_line_check_required,see source evaluation and action register; do not infer completeness,Paper 2,"Observation, governance, and identification",TCS-1.0 interface contract; local producer/consumer fields required before theorem transfer,row_verified,Row-closed 2026-08-27 (A001 scientific pass; source read in full): proposition + proof verified in source §4.10 (conditional tubular erosion — the corrected Operator-I erosion record governs this row); module observation_governance_empirics confirmed; mapping EXACT_SPECIALIZATION confirmed. Content-level acceptance only: the TCS-1.0 §7 mapping type and the exact source assumptions are verified; the §8 interface contract for cross-module theorem transfer and all theorem statuses remain unchanged.
CC-A001-031,A001,"For smooth $q_j$, define the safe-control correspondence",research_program/article_001_topdown/formal_result_inventory.md,Definition 5.1.,formal_foundations,"operator I, theorem record, mapping",EXACT_SPECIALIZATION,accepted_mapping,retain exact source assumptions; model-class extraction pending row review,defined_source_object,see source evaluation and action register; do not infer completeness,Paper 2,Formal viability and theorem atlas,TCS-1.0 interface contract; local producer/consumer fields required before theorem transfer,row_verified,Row-closed 2026-08-27 (A001 scientific pass; source read in full): definition verified in source §5.1; module formal_foundations confirmed; mapping EXACT_SPECIALIZATION confirmed. Content-level acceptance only: the TCS-1.0 §7 mapping type and the exact source assumptions are verified; the §8 interface contract for cross-module theorem transfer and all theorem statuses remain unchanged. Citation anchor locked at the source section named above; the paper-time citation match rides the Part III paper-support discipline.
CC-A001-032,A001,"If $\mathcal R_{\mathcal V}(x) \neq \varnothing$ for all $x \in \mathcal V$, and the correspondence admits a measurable feedback selection, then $\mathcal V$ is robustly controlled invariant: $\mathcal V \subseteq \operatorname{RViab}(\mathcal V)$.",research_program/article_001_topdown/formal_result_inventory.md,Theorem 5.1.,formal_foundations,"operator I, theorem record, mapping",EXACT_SPECIALIZATION,accepted_mapping,retain exact source assumptions; model-class extraction pending row review,proof_inventory_present_line_check_required,see source evaluation and action register; do not infer completeness,Paper 2,Formal viability and theorem atlas,TCS-1.0 interface contract; local producer/consumer fields required before theorem transfer,row_verified,Row-closed 2026-08-27 (A001 scientific pass; source read in full): theorem + proof verified in source §5.2; module formal_foundations confirmed; mapping EXACT_SPECIALIZATION confirmed. Content-level acceptance only: the TCS-1.0 §7 mapping type and the exact source assumptions are verified; the §8 interface contract for cross-module theorem transfer and all theorem statuses remain unchanged.
CC-A001-033,A001,"Suppose there is a constraint function $q$, constants $a, \varepsilon > 0$, and a strip $\mathcal S_a = \{x : 0 \leq q(x) \leq a\}$ such that",research_program/article_001_topdown/formal_result_inventory.md,Theorem 5.2.,formal_foundations,theorem record pending classification,EXACT_SPECIALIZATION,accepted_mapping,retain exact source assumptions; model-class extraction pending row review,proof_inventory_present_line_check_required,see source evaluation and action register; do not infer completeness,Paper 2,Formal viability and theorem atlas,TCS-1.0 interface contract; local producer/consumer fields required before theorem transfer,row_verified,Row-closed 2026-08-27 (A001 scientific pass; source read in full): theorem + proof verified in source §5.3 (finite-time exit certificate; the engine behind the §5.6 harvest-floor obstruction); module formal_foundations classified (intake: unclassified); mapping EXACT_SPECIALIZATION confirmed. Content-level acceptance only: the TCS-1.0 §7 mapping type and the exact source assumptions are verified; the §8 interface contract for cross-module theorem transfer and all theorem statuses remain unchanged.
CC-A001-034,A001,A parameter path $\lambda \mapsto P(\lambda)$ undergoes a *viability crisis* at $\lambda^*$ if $\operatorname{Viab}(\mathcal V; P(\lambda)) \neq \varnothing$ for $\lambda < \lambda^*$ and $= \varnothing$ for $\lambda > \lambda^*$. The map $\lambda \mapsto \operatorname{Viab}(\mathcal V; P(\lambda))$ is then discontinuous at $\lambda^*$ in the sense of set-valued (kernel) convergence.,research_program/article_001_topdown/formal_result_inventory.md,Definition 5.2 (Viability crisis).,formal_foundations,"operator I, theorem record, mapping",EXACT_SPECIALIZATION,accepted_mapping,retain exact source assumptions; model-class extraction pending row review,defined_source_object,see source evaluation and action register; do not infer completeness,Paper 2,Formal viability and theorem atlas,TCS-1.0 interface contract; local producer/consumer fields required before theorem transfer,row_verified,Row-closed 2026-08-27 (A001 scientific pass; source read in full): definition verified in source §5.4; module formal_foundations confirmed; mapping EXACT_SPECIALIZATION confirmed. Content-level acceptance only: the TCS-1.0 §7 mapping type and the exact source assumptions are verified; the §8 interface contract for cross-module theorem transfer and all theorem statuses remain unchanged. Citation anchor locked at the source section named above; the paper-time citation match rides the Part III paper-support discipline.
CC-A001-035,A001,"Under $g(0) = 0$, $h_{\max}(0) = 0$, $w \ge 0$, and $\delta(0) = 0$, the nonnegative orthant $\mathbb R_+^2$ is invariant for the resource–sink system: no admissible trajectory exits $\{S \ge 0, K \ge 0\}$.",research_program/article_001_topdown/formal_result_inventory.md,Proposition 6.2 (Quasi-positivity: orthant invariance).,formal_foundations,"operator I, theorem record, mapping",EXACT_SPECIALIZATION,accepted_mapping,retain exact source assumptions; model-class extraction pending row review,proof_inventory_present_line_check_required,see source evaluation and action register; do not infer completeness,Paper 2,Formal viability and theorem atlas,TCS-1.0 interface contract; local producer/consumer fields required before theorem transfer,row_verified,Row-closed 2026-08-27 (A001 scientific pass; source read in full): proposition + proof verified in source §6.1; module formal_foundations confirmed; mapping EXACT_SPECIALIZATION confirmed. Content-level acceptance only: the TCS-1.0 §7 mapping type and the exact source assumptions are verified; the §8 interface contract for cross-module theorem transfer and all theorem statuses remain unchanged.
CC-A001-036,A001,"Suppose the pointwise minimum control $\underline H(S) := \min U(S)$ is measurable. If $H_1(t) \leq H_2(t)$ for all $t$ (where both are admissible), and both trajectories start from $(S_0, K_0)$, then",research_program/article_001_topdown/formal_result_inventory.md,Theorem 6.1.,formal_foundations,theorem record pending classification,EXACT_SPECIALIZATION,accepted_mapping,retain exact source assumptions; model-class extraction pending row review,proof_inventory_present_line_check_required,see source evaluation and action register; do not infer completeness,Paper 2,Formal viability and theorem atlas,TCS-1.0 interface contract; local producer/consumer fields required before theorem transfer,row_verified,Row-closed 2026-08-27 (A001 scientific pass; source read in full): theorem + proof verified in source §6.2 (Gronwall comparison + order-upper-set equivalence); module formal_foundations classified (intake: unclassified); mapping EXACT_SPECIALIZATION confirmed. Content-level acceptance only: the TCS-1.0 §7 mapping type and the exact source assumptions are verified; the §8 interface contract for cross-module theorem transfer and all theorem statuses remain unchanged.
CC-A001-037,A001,Assume (U) and $H_{\min} > 0$. Then $\operatorname{Viab}(\mathcal V_{\mathrm{RS}}) = \varnothing$ unless:,research_program/article_001_topdown/formal_result_inventory.md,Theorem 6.2 (Unimodal resource–sink kernel).,formal_foundations,"operator I, theorem record, mapping",EXACT_SPECIALIZATION,accepted_mapping,retain exact source assumptions; model-class extraction pending row review,proof_inventory_present_line_check_required,see source evaluation and action register; do not infer completeness,Paper 2,Formal viability and theorem atlas,TCS-1.0 interface contract; local producer/consumer fields required before theorem transfer,row_verified,"Row-closed 2026-08-27 (A001 scientific pass; source read in full): theorem + proof verified in source §6.3 (necessity of (i)–(iv), sufficiency, maximality; the central scalar kernel theorem); module formal_foundations confirmed; mapping EXACT_SPECIALIZATION confirmed. Content-level acceptance only: the TCS-1.0 §7 mapping type and the exact source assumptions are verified; the §8 interface contract for cross-module theorem transfer and all theorem statuses remain unchanged."
CC-A001-038,A001,Among constant-harvest equilibria in $\mathcal V_{\mathrm{RS}}$:,research_program/article_001_topdown/formal_result_inventory.md,Corollary 6.1 (Constrained MSY).,formal_foundations,theorem record pending classification,EXACT_SPECIALIZATION,accepted_mapping,retain exact source assumptions; model-class extraction pending row review,proof_inventory_present_line_check_required,see source evaluation and action register; do not infer completeness,Paper 2,Formal viability and theorem atlas,TCS-1.0 interface contract; local producer/consumer fields required before theorem transfer,row_verified,Row-closed 2026-08-27 (A001 scientific pass; source read in full): corollary + inline derivation verified in source §6.3 (constrained-MSY formula with the floor-above-MSY correction and the exact overstatement identity); module formal_foundations classified (intake: unclassified); mapping EXACT_SPECIALIZATION confirmed. Content-level acceptance only: the TCS-1.0 §7 mapping type and the exact source assumptions are verified; the §8 interface contract for cross-module theorem transfer and all theorem statuses remain unchanged.
CC-A001-039,A001,"Let $g(S) = R - aS$, $R > 0$, $a \geq 0$. Then $\operatorname{Viab}(\mathcal V_{\mathrm{RS}}) = \varnothing$ unless: (i) $H_{\min} \leq R - aS_{\min}$; (ii) $K^\dagger \leq K_{\max}$; (iii)–(iv) $S_\sharp, S_{\min} \leq (R - H_{\min})/a$ if $a > 0$. When satisfied:",research_program/article_001_topdown/formal_result_inventory.md,Theorem 6.3.,formal_foundations,"operator I, theorem record, mapping",EXACT_SPECIALIZATION,accepted_mapping,retain exact source assumptions; model-class extraction pending row review,proof_inventory_present_line_check_required,see source evaluation and action register; do not infer completeness,Paper 2,Formal viability and theorem atlas,TCS-1.0 interface contract; local producer/consumer fields required before theorem transfer,row_verified,Row-closed 2026-08-27 (A001 scientific pass; source read in full): theorem + proof verified in source §6.4; module formal_foundations confirmed; mapping EXACT_SPECIALIZATION confirmed. Content-level acceptance only: the TCS-1.0 §7 mapping type and the exact source assumptions are verified; the §8 interface contract for cross-module theorem transfer and all theorem statuses remain unchanged.
CC-A001-040,A001,"Under (A), $H_{\min} = 0$, shutdown admissible:",research_program/article_001_topdown/formal_result_inventory.md,Theorem 6.4 (Allee shutdown kernel).,formal_foundations,"operator I, theorem record, mapping",EXACT_SPECIALIZATION,accepted_mapping,retain exact source assumptions; model-class extraction pending row review,proof_inventory_present_line_check_required,see source evaluation and action register; do not infer completeness,Paper 2,Formal viability and theorem atlas,TCS-1.0 interface contract; local producer/consumer fields required before theorem transfer,row_verified,Row-closed 2026-08-27 (A001 scientific pass; source read in full): theorem + proof verified in source §6.5; module formal_foundations confirmed; mapping EXACT_SPECIALIZATION confirmed. Content-level acceptance only: the TCS-1.0 §7 mapping type and the exact source assumptions are verified; the §8 interface contract for cross-module theorem transfer and all theorem statuses remain unchanged.
CC-A001-041,A001,"Under (A), $0 < H_{\min} < H_*$: no point with $S \leq A$ is viable. The kernel is $[\max(S_{\min}, S_\sharp, S_-), \infty) \times [0, K_{\max}]$ where $S_\pm$ are the roots of $g = H_{\min}$ in $(A, C)$.",research_program/article_001_topdown/formal_result_inventory.md,Theorem 6.5 (Allee kernel with output floor).,formal_foundations,"operator I, theorem record, mapping",EXACT_SPECIALIZATION,accepted_mapping,retain exact source assumptions; model-class extraction pending row review,proof_inventory_present_line_check_required,see source evaluation and action register; do not infer completeness,Paper 2,Formal viability and theorem atlas,TCS-1.0 interface contract; local producer/consumer fields required before theorem transfer,row_verified,Row-closed 2026-08-27 (A001 scientific pass; source read in full): theorem + proof verified in source §6.5; module formal_foundations confirmed; mapping EXACT_SPECIALIZATION confirmed. Content-level acceptance only: the TCS-1.0 §7 mapping type and the exact source assumptions are verified; the §8 interface contract for cross-module theorem transfer and all theorem statuses remain unchanged.
CC-A001-042,A001,In the four-stock system:,research_program/article_001_topdown/formal_result_inventory.md,Proposition 6.1 (Mass balance).,ledger_diagnostics,"ledger, services, admissible set, theorem record",EXACT_SPECIALIZATION,accepted_mapping,retain exact source assumptions; model-class extraction pending row review,proof_inventory_present_line_check_required,see source evaluation and action register; do not infer completeness,Paper 3,Material ledgers and diagnostics,TCS-1.0 interface contract; local producer/consumer fields required before theorem transfer,row_verified,Row-closed 2026-08-27 (A001 scientific pass; source read in full): proposition + proof verified in source §6.6 (four-stock mass balance under the declared closure); module ledger_diagnostics confirmed; mapping EXACT_SPECIALIZATION confirmed. Content-level acceptance only: the TCS-1.0 §7 mapping type and the exact source assumptions are verified; the §8 interface contract for cross-module theorem transfer and all theorem statuses remain unchanged.
CC-A001-043,A001,Untitled Theorem 6.6 (Pollution-suppressed growth).,research_program/article_001_topdown/formal_result_inventory.md,Theorem 6.6 (Pollution-suppressed growth).,formal_foundations,theorem record pending classification,EXACT_SPECIALIZATION,accepted_mapping,retain exact source assumptions; model-class extraction pending row review,proof_inventory_present_line_check_required,see source evaluation and action register; do not infer completeness,Paper 2,Formal viability and theorem atlas,TCS-1.0 interface contract; local producer/consumer fields required before theorem transfer,row_verified,Row-closed 2026-08-27 (A001 scientific pass; source read in full): theorem + proof verified in source §6.7 (Kamke comparison dominance; frozen-slice inner bound; curve frontier where g_K < 0); module formal_foundations classified (intake: unclassified); mapping EXACT_SPECIALIZATION confirmed. Content-level acceptance only: the TCS-1.0 §7 mapping type and the exact source assumptions are verified; the §8 interface contract for cross-module theorem transfer and all theorem statuses remain unchanged.
CC-A001-044,A001,"If $\mathcal K_{\mathrm{eco}}(h) \neq \varnothing$ and $c_{\min} \leq c_{\max}(h)$, then",research_program/article_001_topdown/formal_result_inventory.md,Theorem 7.1 (Constant-harvest joint kernel).,formal_foundations,"operator I, theorem record, mapping",EXACT_SPECIALIZATION,accepted_mapping,retain exact source assumptions; model-class extraction pending row review,proof_inventory_present_line_check_required,see source evaluation and action register; do not infer completeness,Paper 2,Formal viability and theorem atlas,TCS-1.0 interface contract; local producer/consumer fields required before theorem transfer,row_verified,Row-closed 2026-08-27 (A001 scientific pass; source read in full): theorem + proof verified in source §7.2; module formal_foundations confirmed; mapping EXACT_SPECIALIZATION confirmed. Content-level acceptance only: the TCS-1.0 §7 mapping type and the exact source assumptions are verified; the §8 interface contract for cross-module theorem transfer and all theorem statuses remain unchanged.
CC-A001-045,A001,"Let $\Phi: \mathbb R_+ \to \mathbb R$ be continuous and concave. The system $\dot A = \Phi(A) - c$ with $c \geq c_{\min}$ and $A \geq 0$ has viability kernel $[A_-, \infty)$ where $A_- = \inf\{A \geq 0 : \Phi(A) \geq c_{\min}\}$, provided $\sup_A \Phi(A) \geq c_{\min}$. Otherwise the kernel is empty.",research_program/article_001_topdown/formal_result_inventory.md,Lemma 7.1 (Scalar concave capital viability).,formal_foundations,"operator I, theorem record, mapping",EXACT_SPECIALIZATION,accepted_mapping,retain exact source assumptions; model-class extraction pending row review,proof_inventory_present_line_check_required,see source evaluation and action register; do not infer completeness,Paper 2,Formal viability and theorem atlas,TCS-1.0 interface contract; local producer/consumer fields required before theorem transfer,row_verified,Row-closed 2026-08-27 (A001 scientific pass; source read in full): lemma + proof verified in source §7.2 (scalar concave capital kernel); module formal_foundations confirmed; mapping EXACT_SPECIALIZATION confirmed. Content-level acceptance only: the TCS-1.0 §7 mapping type and the exact source assumptions are verified; the §8 interface contract for cross-module theorem transfer and all theorem statuses remain unchanged.
CC-A001-046,A001,Define the maximal stationary sustainable consumption,research_program/article_001_topdown/formal_result_inventory.md,Definition 7.1.,formal_foundations,theorem record pending classification,EXACT_SPECIALIZATION,accepted_mapping,retain exact source assumptions; model-class extraction pending row review,defined_source_object,see source evaluation and action register; do not infer completeness,Paper 2,Formal viability and theorem atlas,TCS-1.0 interface contract; local producer/consumer fields required before theorem transfer,row_verified,Row-closed 2026-08-27 (A001 scientific pass; source read in full): definition verified in source §7.3; module formal_foundations classified (intake: unclassified); mapping EXACT_SPECIALIZATION confirmed. Content-level acceptance only: the TCS-1.0 §7 mapping type and the exact source assumptions are verified; the §8 interface contract for cross-module theorem transfer and all theorem statuses remain unchanged. Citation anchor locked at the source section named above; the paper-time citation match rides the Part III paper-support discipline.
CC-A001-047,A001,"A stationary sustainable state with $c \geq c_{\min}$ exists if and only if there are $h, S, A, K$ such that",research_program/article_001_topdown/formal_result_inventory.md,Theorem 7.2 (Stationary joint viability).,formal_foundations,"operator I, theorem record, mapping",EXACT_SPECIALIZATION,accepted_mapping,retain exact source assumptions; model-class extraction pending row review,proof_inventory_present_line_check_required,see source evaluation and action register; do not infer completeness,Paper 2,Formal viability and theorem atlas,TCS-1.0 interface contract; local producer/consumer fields required before theorem transfer,row_verified,Row-closed 2026-08-27 (A001 scientific pass; source read in full): theorem + proof verified in source §7.3; module formal_foundations confirmed; mapping EXACT_SPECIALIZATION confirmed. Content-level acceptance only: the TCS-1.0 §7 mapping type and the exact source assumptions are verified; the §8 interface contract for cross-module theorem transfer and all theorem statuses remain unchanged.
CC-A001-048,A001,"Let $G$ be the set of groups with consumption floors $c_{\min,g}$, and let $C_{\min} = \sum_g c_{\min,g}$. Let $Y = (1 - \beta)H$ denote the output available for distribution, where $\beta \in [0, 1)$ is the fraction of harvest lost to non-consumption uses.",research_program/article_001_topdown/formal_result_inventory.md,Theorem 7.3 (Distributional feasibility and physical side effects).,formal_foundations,theorem record pending classification,EXACT_SPECIALIZATION,accepted_mapping,retain exact source assumptions; model-class extraction pending row review,proof_inventory_present_line_check_required,see source evaluation and action register; do not infer completeness,Paper 2,Formal viability and theorem atlas,TCS-1.0 interface contract; local producer/consumer fields required before theorem transfer,row_verified,Row-closed 2026-08-27 (A001 scientific pass; source read in full): theorem + proof verified in source §7.4 (distributional floors raising the effective harvest floor; restricted sharing as control-set restriction); module formal_foundations classified (intake: unclassified); mapping EXACT_SPECIALIZATION confirmed. Content-level acceptance only: the TCS-1.0 §7 mapping type and the exact source assumptions are verified; the §8 interface contract for cross-module theorem transfer and all theorem statuses remain unchanged.
CC-A001-049,A001,"For fixed $R > 0$, let $c_{\max}(R) = \sup_{A \geq 0} [F(A, R) - \delta_A A]$. Then:",research_program/article_001_topdown/formal_result_inventory.md,Theorem 8.1.,formal_foundations,theorem record pending classification,EXACT_SPECIALIZATION,accepted_mapping,retain exact source assumptions; model-class extraction pending row review,proof_inventory_present_line_check_required,see source evaluation and action register; do not infer completeness,Paper 2,Formal viability and theorem atlas,TCS-1.0 interface contract; local producer/consumer fields required before theorem transfer,row_verified,Row-closed 2026-08-27 (A001 scientific pass; source read in full): theorem + five-case proof verified in source §8.2 (dimensionally correct CES net-surplus classification); module formal_foundations classified (intake: unclassified); mapping EXACT_SPECIALIZATION confirmed. Content-level acceptance only: the TCS-1.0 §7 mapping type and the exact source assumptions are verified; the §8 interface contract for cross-module theorem transfer and all theorem statuses remain unchanged.
CC-A001-050,A001,"In the dimensionally correct CES specification, $\sigma = 1$ is the sharp threshold for two distinct properties:",research_program/article_001_topdown/formal_result_inventory.md,Corollary 8.1 (Essentiality and unbounded-substitution thresholds).,formal_foundations,"operator I, theorem record, mapping",EXACT_SPECIALIZATION,accepted_mapping,retain exact source assumptions; model-class extraction pending row review,proof_inventory_present_line_check_required,see source evaluation and action register; do not infer completeness,Paper 2,Formal viability and theorem atlas,TCS-1.0 interface contract; local producer/consumer fields required before theorem transfer,row_verified,Row-closed 2026-08-27 (A001 scientific pass; source read in full): corollary + proof verified in source §8.2 (σ = 1 essentiality and unbounded-substitution thresholds); module formal_foundations confirmed; mapping EXACT_SPECIALIZATION confirmed. Content-level acceptance only: the TCS-1.0 §7 mapping type and the exact source assumptions are verified; the §8 interface contract for cross-module theorem transfer and all theorem statuses remain unchanged.
CC-A001-051,A001,For $\dot S = -H(t)$ with $H(t) \geq 0$ and $S(0) = S_0$:,research_program/article_001_topdown/formal_result_inventory.md,Theorem 9.1.,formal_foundations,theorem record pending classification,EXACT_SPECIALIZATION,accepted_mapping,retain exact source assumptions; model-class extraction pending row review,proof_inventory_present_line_check_required,see source evaluation and action register; do not infer completeness,Paper 2,Formal viability and theorem atlas,TCS-1.0 interface contract; local producer/consumer fields required before theorem transfer,row_verified,Row-closed 2026-08-27 (A001 scientific pass; source read in full): theorem + proof verified in source §9 (cumulative-extraction budget identity); module formal_foundations classified (intake: unclassified); mapping EXACT_SPECIALIZATION confirmed. Content-level acceptance only: the TCS-1.0 §7 mapping type and the exact source assumptions are verified; the §8 interface contract for cross-module theorem transfer and all theorem statuses remain unchanged.
CC-A001-052,A001,"Strong sustainability (permanent $S \geq S_{\min} > 0$) under an exhaustible resource requires $\int_0^\infty H(s)\, ds \leq S_0 - S_{\min}$. If $S_{\min} > 0$, this bounds total cumulative extraction. The Hartwick rule maintains weak sustainability (constant consumption) but not strong sustainability.",research_program/article_001_topdown/formal_result_inventory.md,Corollary 9.1.,formal_foundations,theorem record pending classification,EXACT_SPECIALIZATION,accepted_mapping,retain exact source assumptions; model-class extraction pending row review,proof_inventory_present_line_check_required,see source evaluation and action register; do not infer completeness,Paper 2,Formal viability and theorem atlas,TCS-1.0 interface contract; local producer/consumer fields required before theorem transfer,row_verified,Row-closed 2026-08-27 (A001 scientific pass; source read in full): corollary verified in source §9 (strong-sustainability budget; Hartwick contrast — follows from Theorem 9.1 by direct integration); module formal_foundations classified (intake: unclassified); mapping EXACT_SPECIALIZATION confirmed. Content-level acceptance only: the TCS-1.0 §7 mapping type and the exact source assumptions are verified; the §8 interface contract for cross-module theorem transfer and all theorem statuses remain unchanged.
CC-A001-053,A001,The viability kernel of $\Omega$ under the minimal-harvest field is an upper set:,research_program/article_001_topdown/formal_result_inventory.md,Theorem 10.1.,formal_foundations,"operator I, theorem record, mapping",EXACT_SPECIALIZATION,accepted_mapping,retain exact source assumptions; model-class extraction pending row review,proof_inventory_present_line_check_required,see source evaluation and action register; do not infer completeness,Paper 2,Formal viability and theorem atlas,TCS-1.0 interface contract; local producer/consumer fields required before theorem transfer,row_verified,Row-closed 2026-08-27 (A001 scientific pass; source read in full): theorem + proof verified in source §10.1 (Kamke comparison; upper-set structure for cooperative minimal-harvest fields); module formal_foundations confirmed; mapping EXACT_SPECIALIZATION confirmed. Content-level acceptance only: the TCS-1.0 §7 mapping type and the exact source assumptions are verified; the §8 interface contract for cross-module theorem transfer and all theorem statuses remain unchanged.
CC-A001-054,A001,For the planar two-patch logistic system with $d > 0$:,research_program/article_001_topdown/formal_result_inventory.md,Theorem 10.2.,formal_foundations,theorem record pending classification,EXACT_SPECIALIZATION,accepted_mapping,retain exact source assumptions; model-class extraction pending row review,proof_inventory_present_line_check_required,see source evaluation and action register; do not infer completeness,Paper 2,Formal viability and theorem atlas,TCS-1.0 interface contract; local producer/consumer fields required before theorem transfer,row_verified,Row-closed 2026-08-27 (A001 scientific pass; source read in full): theorem + proof verified in source §10.2 (planar equilibrium criterion via strong monotonicity + Poincaré–Bendixson); module formal_foundations classified (intake: unclassified); mapping EXACT_SPECIALIZATION confirmed. Content-level acceptance only: the TCS-1.0 §7 mapping type and the exact source assumptions are verified; the §8 interface contract for cross-module theorem transfer and all theorem statuses remain unchanged.
CC-A001-055,A001,"Take $d > 0$, $C_1 \neq C_2$, $H_{\min,i} = r_i C_i / 4$ (MSY level). Each isolated system has kernel $[C_i/2, \infty) \times [0, K_{\max,i}]$.",research_program/article_001_topdown/formal_result_inventory.md,Counterexample 10.1 (Emptiness despite factorwise viability at MSY).,formal_foundations,"operator I, theorem record, mapping",COUNTEREXAMPLE_OR_LIMIT,accepted_mapping,retain exact source assumptions; model-class extraction pending row review,status_crosswalk_required,see source evaluation and action register; do not infer completeness,Paper 2,Formal viability and theorem atlas,TCS-1.0 interface contract; local producer/consumer fields required before theorem transfer,row_verified,Row-closed 2026-08-27 (A001 scientific pass; source read in full): explicit counterexample verified in source §10.3 (emptiness despite factorwise viability at MSY); module formal_foundations confirmed; mapping COUNTEREXAMPLE_OR_LIMIT confirmed. Content-level acceptance only: the TCS-1.0 §7 mapping type and the exact source assumptions are verified; the §8 interface contract for cross-module theorem transfer and all theorem statuses remain unchanged.
CC-A001-056,A001,"Take $g_i(s) = s(1-s)$, $d = 0.2$. Choose $(S_1^*, S_2^*) = (0.5, 0.8)$. Define harvest floors by the equilibrium equations:",research_program/article_001_topdown/formal_result_inventory.md,Example 10.1 (Coupling creates viability absent in a factor).,architecture_transformation_composition,"specification, architecture, operator II, composition",EXACT_SPECIALIZATION,accepted_mapping,retain exact source assumptions; model-class extraction pending row review,status_crosswalk_required,see source evaluation and action register; do not infer completeness,Paper 1 or monograph introduction,"Canonical architecture, transformation, and composition",TCS-1.0 interface contract; local producer/consumer fields required before theorem transfer,row_verified,Row-closed 2026-08-27 (A001 scientific pass; source read in full): explicit example verified in source §10.4 (coupling creates viability absent in a factor; equilibrium-defined floors); module architecture_transformation_composition confirmed; mapping EXACT_SPECIALIZATION confirmed. Content-level acceptance only: the TCS-1.0 §7 mapping type and the exact source assumptions are verified; the §8 interface contract for cross-module theorem transfer and all theorem statuses remain unchanged.
CC-A001-057,A001,"For an open dense set of logistic parameters satisfying transversality and nondegeneracy conditions, the interior viability barrier has nonzero curvature and hence is not polyhedral.",research_program/article_001_topdown/formal_result_inventory.md,Proposition 10.1 (Generic non-polyhedrality).,formal_foundations,"operator I, theorem record, mapping",EXACT_SPECIALIZATION,accepted_mapping,retain exact source assumptions; model-class extraction pending row review,conditional_or_open,see source evaluation and action register; do not infer completeness,Paper 2,Formal viability and theorem atlas,TCS-1.0 interface contract; local producer/consumer fields required before theorem transfer,row_verified,"Row-closed 2026-08-27 (A001 scientific pass; source read in full): proposition + proof verified in source §10.5 (genericity via proper algebraic hypersurfaces; transversality/nondegenerarity conditions stated); module formal_foundations confirmed; mapping EXACT_SPECIALIZATION confirmed. Content-level acceptance only: the TCS-1.0 §7 mapping type and the exact source assumptions are verified; the §8 interface contract for cross-module theorem transfer and all theorem statuses remain unchanged. the intake conditional_or_open flag reflects the genericity qualification, retained: the proposition is proved for an open dense parameter set, not universally"
CC-A001-058,A001,"Take two identical Schaefer patches $g(s) = s(1-s)$ (so $r = C = 1$), harvest floor $H_{\min} = 0.15 < H_* = 0.25$, floor level $a = 0.1$, and diffusion $d = 0.2$. The roots of $g(S) = H_{\min}$ are $S_- = \tfrac12(1 - \sqrt{0.4}) \approx 0.1838$ and $S_+ = \tfrac12(1 + \sqrt{0.4}) \approx 0.8162$. The corner Nagumo condition (Theorem 10.4) fails, since $\varphi(a) = a(1-a) - H_{\min} = -0.06 < 0$. The tangency height on the face $\{S_1 = a\}$ is $s^* = a - \varphi(a)/d = 0.1 + 0.3 = 0.4$, giving the two tangency points $(0.1, 0.4)$ and $(0.4, 0.1)$; at $(0.1, 0.4)$ the field is $f = \bigl(0,\; \varphi(0.4) + d(0.1 - 0.4)\bigr) = (0, 0.03)$, vertical and upward. The diagonal equilibrium $(S_+, S_+) \in \Omega$ exists, so by Theorem 10.2 the kernel is nonempty. It is the proper unbounded upper set",research_program/article_001_topdown/formal_result_inventory.md,Example 10.2 (Identical-patch orbital barrier; explicit).,formal_foundations,"operator I, theorem record, mapping",EXACT_SPECIALIZATION,accepted_mapping,retain exact source assumptions; model-class extraction pending row review,proof_inventory_present_line_check_required,see source evaluation and action register; do not infer completeness,Paper 2,Formal viability and theorem atlas,TCS-1.0 interface contract; local producer/consumer fields required before theorem transfer,row_verified,"Row-closed 2026-08-27 (A001 scientific pass; source read in full): explicit example verified in source §10.5 (identical-patch orbital barrier; Cauchy problem for the frontier with a numerical bracket Γ(0.12) ∈ (0.25, 0.38)); module formal_foundations confirmed; mapping EXACT_SPECIALIZATION confirmed. Content-level acceptance only: the TCS-1.0 §7 mapping type and the exact source assumptions are verified; the §8 interface contract for cross-module theorem transfer and all theorem statuses remain unchanged. the numerical bracket is a source-stated sample check, not a validated computation — no artifact status is created"
CC-A001-059,A001,"For $d > 0$ and logistic growth, define $b_i = r_i / C_i$ and $Q_i(s) = b_i s^2 + (d - r_i)s + H_{\min,i}$. Then $S = (S_1, S_2) \in \Omega$ is an equilibrium of $f_{\min}$ iff $S_2 = Q_1(S_1)/d$ and $S_1$ is a real root of the quartic",research_program/article_001_topdown/formal_result_inventory.md,Theorem 10.3.,formal_foundations,theorem record pending classification,EXACT_SPECIALIZATION,accepted_mapping,retain exact source assumptions; model-class extraction pending row review,proof_inventory_present_line_check_required,see source evaluation and action register; do not infer completeness,Paper 2,Formal viability and theorem atlas,TCS-1.0 interface contract; local producer/consumer fields required before theorem transfer,row_verified,Row-closed 2026-08-27 (A001 scientific pass; source read in full): theorem + proof verified in source §10.6 (quartic equilibrium criterion; Sturm decidability); module formal_foundations classified (intake: unclassified); mapping EXACT_SPECIALIZATION confirmed. Content-level acceptance only: the TCS-1.0 §7 mapping type and the exact source assumptions are verified; the §8 interface contract for cross-module theorem transfer and all theorem statuses remain unchanged.
CC-A001-060,A001,$\Omega$ is invariant under $f_{\min}$ iff the corner Nagumo condition holds:,research_program/article_001_topdown/formal_result_inventory.md,Theorem 10.4.,formal_foundations,theorem record pending classification,EXACT_SPECIALIZATION,accepted_mapping,retain exact source assumptions; model-class extraction pending row review,proof_inventory_present_line_check_required,see source evaluation and action register; do not infer completeness,Paper 2,Formal viability and theorem atlas,TCS-1.0 interface contract; local producer/consumer fields required before theorem transfer,row_verified,Row-closed 2026-08-27 (A001 scientific pass; source read in full): theorem + proof verified in source §10.7 (corner Nagumo condition); module formal_foundations classified (intake: unclassified); mapping EXACT_SPECIALIZATION confirmed. Content-level acceptance only: the TCS-1.0 §7 mapping type and the exact source assumptions are verified; the §8 interface contract for cross-module theorem transfer and all theorem statuses remain unchanged.
CC-A001-061,A001,"For finite $V$, monotone loads, irreversible failures: the cascade terminates in at most $\|V\| - \|F_0\|$ strict rounds.",research_program/article_001_topdown/formal_result_inventory.md,Theorem 11.1.,formal_foundations,theorem record pending classification,EXACT_SPECIALIZATION,accepted_mapping,retain exact source assumptions; model-class extraction pending row review,proof_inventory_present_line_check_required,see source evaluation and action register; do not infer completeness,Paper 2,"Observation, governance, and identification",TCS-1.0 interface contract; local producer/consumer fields required before theorem transfer,row_verified,"Row-closed 2026-08-27 (A001 scientific pass; source read in full): theorem + proof verified in source §11.2 (finite cascade termination); module formal_foundations classified (intake: unclassified); mapping EXACT_SPECIALIZATION confirmed. Evidence status now proof_inventory_present_line_check_required (see extra note where corrected). Content-level acceptance only: the TCS-1.0 §7 mapping type and the exact source assumptions are verified; the §8 interface contract for cross-module theorem transfer and all theorem statuses remain unchanged. item_type/source_item REPAIRED — the intake builder's naive pipe-split corrupted this row to the fragments ""F_0\ / $ strict rounds.""; the true label and description restored from the source §11.2"
CC-A001-062,A001,If every node is $k$-redundant and $\|F_0\| \leq k$: $F_\infty = F_0$.,research_program/article_001_topdown/formal_result_inventory.md,Theorem 11.2 ($k$-redundancy).,formal_foundations,theorem record pending classification,EXACT_SPECIALIZATION,accepted_mapping,retain exact source assumptions; model-class extraction pending row review,proof_inventory_present_line_check_required,see source evaluation and action register; do not infer completeness,Paper 2,"Observation, governance, and identification",TCS-1.0 interface contract; local producer/consumer fields required before theorem transfer,row_verified,Row-closed 2026-08-27 (A001 scientific pass; source read in full): theorem + proof verified in source §11.3 (k-redundancy containment); module formal_foundations classified (intake: unclassified); mapping EXACT_SPECIALIZATION confirmed. Evidence status now proof_inventory_present_line_check_required (see extra note where corrected). Content-level acceptance only: the TCS-1.0 §7 mapping type and the exact source assumptions are verified; the §8 interface contract for cross-module theorem transfer and all theorem statuses remain unchanged. item_type/source_item REPAIRED — same intake pipe-split corruption; true label and description restored from the source §11.3
CC-A001-063,A001,If $\|M\|_\infty < 1$ with $M_{ij} = a_{ji}/\theta_i$: $F_\infty = F_0$ for every seed.,research_program/article_001_topdown/formal_result_inventory.md,Theorem 11.3 (Row-sum containment).,formal_foundations,theorem record pending classification,EXACT_SPECIALIZATION,accepted_mapping,retain exact source assumptions; model-class extraction pending row review,proof_inventory_present_line_check_required,see source evaluation and action register; do not infer completeness,Paper 2,"Observation, governance, and identification",TCS-1.0 interface contract; local producer/consumer fields required before theorem transfer,row_verified,Row-closed 2026-08-27 (A001 scientific pass; source read in full): theorem + proof verified in source §11.3 (row-sum containment); module formal_foundations classified (intake: unclassified); mapping EXACT_SPECIALIZATION confirmed. Evidence status now proof_inventory_present_line_check_required (see extra note where corrected). Content-level acceptance only: the TCS-1.0 §7 mapping type and the exact source assumptions are verified; the §8 interface contract for cross-module theorem transfer and all theorem statuses remain unchanged. item_type/source_item REPAIRED — same intake pipe-split corruption; true label and description restored from the source §11.3 (inventory line 72 also repaired to the source-faithful single-backslash norm notation)
CC-A001-064,A001,There is no finite uniform bound on $\|F_\infty \setminus F_0\|$ in terms of $\rho(M) < 1$ alone.,research_program/article_001_topdown/formal_result_inventory.md,Theorem 11.4.,formal_foundations,theorem record pending classification,COUNTEREXAMPLE_OR_LIMIT,accepted_mapping,retain exact source assumptions; model-class extraction pending row review,proof_inventory_present_line_check_required,see source evaluation and action register; do not infer completeness,Paper 2,"Observation, governance, and identification",TCS-1.0 interface contract; local producer/consumer fields required before theorem transfer,row_verified,"Row-closed 2026-08-27 (A001 scientific pass; source read in full): theorem + proof verified in source §11.4 (nilpotent-chain construction refuting finite spectral-radius bounds); module formal_foundations classified (intake: unclassified); mapping COUNTEREXAMPLE_OR_LIMIT confirmed. Evidence status now proof_inventory_present_line_check_required (see extra note where corrected). Content-level acceptance only: the TCS-1.0 §7 mapping type and the exact source assumptions are verified; the §8 interface contract for cross-module theorem transfer and all theorem statuses remain unchanged. item_type/source_item REPAIRED — same intake pipe-split corruption; true label and description restored from the source §11.4; the refutation role (abstract: ""a nilpotent-chain construction refutes spectral-radius cascade bounds"") makes COUNTEREXAMPLE_OR_LIMIT the correct mapping type"
CC-A001-065,A001,"Suppose dynamic loads have the form $L_i(x_c, F)$, where $x_c$ is the continuous state. Assume:",research_program/article_001_topdown/formal_result_inventory.md,Theorem 11.5 (Dynamic cascade safety).,formal_foundations,"operator I, theorem record, mapping",EXACT_SPECIALIZATION,accepted_mapping,retain exact source assumptions; model-class extraction pending row review,proof_inventory_present_line_check_required,see source evaluation and action register; do not infer completeness,Paper 2,Formal viability and theorem atlas,TCS-1.0 interface contract; local producer/consumer fields required before theorem transfer,row_verified,Row-closed 2026-08-27 (A001 scientific pass; source read in full): theorem + proof verified in source §11.5 (dynamic cascade safety under a protection set); module formal_foundations confirmed; mapping EXACT_SPECIALIZATION confirmed. Content-level acceptance only: the TCS-1.0 §7 mapping type and the exact source assumptions are verified; the §8 interface contract for cross-module theorem transfer and all theorem statuses remain unchanged.
CC-A001-066,A001,"$n$ agents choose $h_i \in [0, h_i^{\max}]$, $H = \sum_i h_i$, with payoff",research_program/article_001_topdown/formal_result_inventory.md,Definition 12.1.,architecture_transformation_composition,theorem record pending classification,EXACT_SPECIALIZATION,accepted_mapping,retain exact source assumptions; model-class extraction pending row review,defined_source_object,see source evaluation and action register; do not infer completeness,Paper 2,"Observation, governance, and identification",TCS-1.0 interface contract; local producer/consumer fields required before theorem transfer,row_verified,Row-closed 2026-08-27 (A001 scientific pass; source read in full): definition verified in source §12.1; module architecture_transformation_composition classified (intake: unclassified); mapping EXACT_SPECIALIZATION confirmed. Content-level acceptance only: the TCS-1.0 §7 mapping type and the exact source assumptions are verified; the §8 interface contract for cross-module theorem transfer and all theorem statuses remain unchanged. Citation anchor locked at the source section named above; the paper-time citation match rides the Part III paper-support discipline.
CC-A001-067,A001,"If the payoff functions satisfy Rosen's diagonal strict concavity condition (Rosen, 1965, Theorem 2), the game has a unique Nash equilibrium. For the specific payoff structure of Definition 12.1, this condition holds when $\pi_i''(h_i) < 0$ and $d_i''(H) \geq 0$ for all $i$.",research_program/article_001_topdown/formal_result_inventory.md,Lemma 12.1.,architecture_transformation_composition,theorem record pending classification,EXACT_SPECIALIZATION,accepted_mapping,retain exact source assumptions; model-class extraction pending row review,proof_inventory_present_line_check_required,see source evaluation and action register; do not infer completeness,Paper 2,"Observation, governance, and identification",TCS-1.0 interface contract; local producer/consumer fields required before theorem transfer,row_verified,Row-closed 2026-08-27 (A001 scientific pass; source read in full): lemma + proof verified in source §12.1 (Rosen diagonal strict concavity; negative-definite Hessian computation); module architecture_transformation_composition classified (intake: unclassified); mapping EXACT_SPECIALIZATION confirmed. Content-level acceptance only: the TCS-1.0 §7 mapping type and the exact source assumptions are verified; the §8 interface contract for cross-module theorem transfer and all theorem statuses remain unchanged.
CC-A001-068,A001,Let $H^{\mathrm{Nash}}$ denote the Nash equilibrium aggregate harvest and $H^{\mathrm{soc}}$ the social optimum. Then,research_program/article_001_topdown/formal_result_inventory.md,Theorem 12.1 (Over-extraction).,architecture_transformation_composition,theorem record pending classification,EXACT_SPECIALIZATION,accepted_mapping,retain exact source assumptions; model-class extraction pending row review,proof_inventory_present_line_check_required,see source evaluation and action register; do not infer completeness,Paper 2,"Observation, governance, and identification",TCS-1.0 interface contract; local producer/consumer fields required before theorem transfer,row_verified,Row-closed 2026-08-27 (A001 scientific pass; source read in full): theorem + proof verified in source §12.2 (Nash over-extraction with the strictness and corner cases; the decoupled-equality caveat is in the source); module architecture_transformation_composition classified (intake: unclassified); mapping EXACT_SPECIALIZATION confirmed. Content-level acceptance only: the TCS-1.0 §7 mapping type and the exact source assumptions are verified; the §8 interface contract for cross-module theorem transfer and all theorem statuses remain unchanged.
CC-A001-069,A001,"If $H^{\mathrm{Nash}} > H_{\mathrm{safe}}$ at every state in $\mathcal V_{\mathrm{RS}}$, then $\operatorname{Viab}(\mathcal V_{\mathrm{RS}}) = \varnothing$ under non-cooperative play.",research_program/article_001_topdown/formal_result_inventory.md,Theorem 12.2 (Commons obstruction).,architecture_transformation_composition,"specification, architecture, operator II, composition",COUNTEREXAMPLE_OR_LIMIT,accepted_mapping,retain exact source assumptions; model-class extraction pending row review,proof_inventory_present_line_check_required,see source evaluation and action register; do not infer completeness,Paper 1 if independent-result gate; otherwise Paper 2,"Canonical architecture, transformation, and composition",TCS-1.0 interface contract; local producer/consumer fields required before theorem transfer,row_verified,Row-closed 2026-08-27 (A001 scientific pass; source read in full): theorem + proof verified in source §12.3 (commons obstruction via the Theorem 5.2 mechanism); module architecture_transformation_composition confirmed; mapping COUNTEREXAMPLE_OR_LIMIT confirmed. Content-level acceptance only: the TCS-1.0 §7 mapping type and the exact source assumptions are verified; the §8 interface contract for cross-module theorem transfer and all theorem statuses remain unchanged.
CC-A001-070,A001,"Quotas $h_i^{\mathrm{quota}}$ with $\sum_i h_i^{\mathrm{quota}} \leq H_{\min}$, enforced by sanctions satisfying $\gamma > \max_i \pi_i'(h_i^{\mathrm{quota}})$, restore viability.",research_program/article_001_topdown/formal_result_inventory.md,Corollary 12.1 (Quota rescue).,observation_governance_empirics,"operator I, theorem record, mapping",EXACT_SPECIALIZATION,accepted_mapping,retain exact source assumptions; model-class extraction pending row review,proof_inventory_present_line_check_required,see source evaluation and action register; do not infer completeness,Paper 2,Formal viability and theorem atlas,TCS-1.0 interface contract; local producer/consumer fields required before theorem transfer,row_verified,Row-closed 2026-08-27 (A001 scientific pass; source read in full): corollary + proof verified in source §12.4 (quota rescue via sanctions and Theorem 6.2); module observation_governance_empirics corrected (intake: formal_foundations); mapping EXACT_SPECIALIZATION confirmed. Content-level acceptance only: the TCS-1.0 §7 mapping type and the exact source assumptions are verified; the §8 interface contract for cross-module theorem transfer and all theorem statuses remain unchanged. module corrected to observation_governance_empirics (intake: formal_foundations) — quotas and sanctions are institutional implementation operators (§13 family)
CC-A001-071,A001,"If two institutions induce the same belief dynamics, effective control correspondence, allocation correspondence, and physical actuator map, then they have the same viability kernel.",research_program/article_001_topdown/formal_result_inventory.md,Theorem 13.1.,observation_governance_empirics,"observation, assessment, policy, implementation, evidence",EXACT_SPECIALIZATION,accepted_mapping,retain exact source assumptions; model-class extraction pending row review,proof_inventory_present_line_check_required,see source evaluation and action register; do not infer completeness,Paper 2,"Observation, governance, and identification",TCS-1.0 interface contract; local producer/consumer fields required before theorem transfer,row_verified,Row-closed 2026-08-27 (A001 scientific pass; source read in full): theorem + proof verified in source §13.2 (institutional equivalence through induced objects); module observation_governance_empirics confirmed; mapping EXACT_SPECIALIZATION confirmed. Content-level acceptance only: the TCS-1.0 §7 mapping type and the exact source assumptions are verified; the §8 interface contract for cross-module theorem transfer and all theorem statuses remain unchanged.
CC-A001-072,A001,A prescribed action $u \in \Gamma(B)$ is institutionally robustly safe for $Q$ if,research_program/article_001_topdown/formal_result_inventory.md,Definition 13.3 (Institutionally robust safe prescription).,observation_governance_empirics,"observation, assessment, policy, implementation, evidence",EXACT_SPECIALIZATION,accepted_mapping,retain exact source assumptions; model-class extraction pending row review,defined_source_object,see source evaluation and action register; do not infer completeness,Paper 2,"Observation, governance, and identification",TCS-1.0 interface contract; local producer/consumer fields required before theorem transfer,row_verified,Row-closed 2026-08-27 (A001 scientific pass; source read in full): definition verified in source §13.3; module observation_governance_empirics confirmed; mapping EXACT_SPECIALIZATION confirmed. Content-level acceptance only: the TCS-1.0 §7 mapping type and the exact source assumptions are verified; the §8 interface contract for cross-module theorem transfer and all theorem statuses remain unchanged. Citation anchor locked at the source section named above; the paper-time citation match rides the Part III paper-support discipline.
CC-A001-073,A001,"Let $Q \subseteq \mathcal V$ be closed. For every reachable information set $B$ intersecting $Q$, suppose",research_program/article_001_topdown/formal_result_inventory.md,Theorem 13.2.,observation_governance_empirics,"observation, assessment, policy, implementation, evidence",EXACT_SPECIALIZATION,accepted_mapping,retain exact source assumptions; model-class extraction pending row review,proof_inventory_present_line_check_required,see source evaluation and action register; do not infer completeness,Paper 2,"Observation, governance, and identification",TCS-1.0 interface contract; local producer/consumer fields required before theorem transfer,row_verified,Row-closed 2026-08-27 (A001 scientific pass; source read in full): theorem + proof verified in source §13.3 (institutionally robust safe prescriptions); module observation_governance_empirics confirmed; mapping EXACT_SPECIALIZATION confirmed. Content-level acceptance only: the TCS-1.0 §7 mapping type and the exact source assumptions are verified; the §8 interface contract for cross-module theorem transfer and all theorem statuses remain unchanged.
CC-A001-074,A001,Let quota be $q_i = h_i^{\mathrm{quota}}$. Let sanction cost $C_i(h_i)$ satisfy $C_i'(h_i) = 0$ for $h_i \leq q_i$ and $C_i'(h_i) \geq \gamma$ for $h_i > q_i$. If,research_program/article_001_topdown/formal_result_inventory.md,Theorem 13.3 (Sanction sufficiency).,observation_governance_empirics,theorem record pending classification,EXACT_SPECIALIZATION,accepted_mapping,retain exact source assumptions; model-class extraction pending row review,proof_inventory_present_line_check_required,see source evaluation and action register; do not infer completeness,Paper 2,"Observation, governance, and identification",TCS-1.0 interface contract; local producer/consumer fields required before theorem transfer,row_verified,Row-closed 2026-08-27 (A001 scientific pass; source read in full): theorem + proof verified in source §13.4 (sanction sufficiency); module observation_governance_empirics classified (intake: unclassified); mapping EXACT_SPECIALIZATION confirmed. Content-level acceptance only: the TCS-1.0 §7 mapping type and the exact source assumptions are verified; the §8 interface contract for cross-module theorem transfer and all theorem statuses remain unchanged.
CC-A001-075,A001,"If all eight translations hold and the Theorem 6.2 conditions are satisfied, then $\operatorname{Viab}(\mathcal V_{\mathrm{str}}; U_{\mathrm{inst}}, \pi_{\mathrm{coop}}) \neq \varnothing$.",research_program/article_001_topdown/formal_result_inventory.md,Theorem 13.5 (Ostrom sufficiency).,observation_governance_empirics,"operator I, theorem record, mapping",EXACT_SPECIALIZATION,accepted_mapping,retain exact source assumptions; model-class extraction pending row review,proof_inventory_present_line_check_required,see source evaluation and action register; do not infer completeness,Paper 2,Formal viability and theorem atlas,TCS-1.0 interface contract; local producer/consumer fields required before theorem transfer,row_verified,Row-closed 2026-08-27 (A001 scientific pass; source read in full): theorem + proof verified in source §13.5 (Ostrom sufficiency: eight translations + Theorem 6.2 conditions ⇒ nonempty kernel); module observation_governance_empirics corrected (intake: formal_foundations); mapping EXACT_SPECIALIZATION confirmed. Content-level acceptance only: the TCS-1.0 §7 mapping type and the exact source assumptions are verified; the §8 interface contract for cross-module theorem transfer and all theorem statuses remain unchanged. module corrected to observation_governance_empirics (intake: formal_foundations) — the Ostrom principles are mechanisms on the institutional implementation operator
CC-A001-076,A001,"For each $k = 1, \ldots, 8$ there is a configuration satisfying all $\mathcal T(j)$ for $j \neq k$ and the Theorem 6.2 conditions, yet with empty kernel because $\mathcal T(k)$ is violated.",research_program/article_001_topdown/formal_result_inventory.md,Theorem 13.6 (Ostrom obstruction: each principle can be necessary).,observation_governance_empirics,"operator I, theorem record, mapping",COUNTEREXAMPLE_OR_LIMIT,accepted_mapping,retain exact source assumptions; model-class extraction pending row review,proof_inventory_present_line_check_required,see source evaluation and action register; do not infer completeness,Paper 2,Formal viability and theorem atlas,TCS-1.0 interface contract; local producer/consumer fields required before theorem transfer,row_verified,"Row-closed 2026-08-27 (A001 scientific pass; source read in full): theorem + proof verified in source §13.5 (eight constructions, one per principle, each emptying the kernel); module observation_governance_empirics corrected (intake: formal_foundations); mapping COUNTEREXAMPLE_OR_LIMIT confirmed. Content-level acceptance only: the TCS-1.0 §7 mapping type and the exact source assumptions are verified; the §8 interface contract for cross-module theorem transfer and all theorem statuses remain unchanged. module corrected to observation_governance_empirics (intake: formal_foundations) — same Ostrom family as Theorem 13.5"
CC-A001-077,A001,"A *constructor* is a map on the data $(X, U, F, \mathcal I, \pi)$ that changes exactly one named component and introduces no new state space. The following are the primitive constructors:",research_program/article_001_topdown/formal_result_inventory.md,Definition 13.1 (Constructors).,architecture_transformation_composition,theorem record pending classification,EXACT_SPECIALIZATION,accepted_mapping,retain exact source assumptions; model-class extraction pending row review,defined_source_object,see source evaluation and action register; do not infer completeness,Paper 1 or monograph introduction,"Canonical architecture, transformation, and composition",TCS-1.0 interface contract; local producer/consumer fields required before theorem transfer,row_verified,"Row-closed 2026-08-27 (A001 scientific pass; source read in full): definition verified in source §13.6 (primitive constructors); module architecture_transformation_composition classified (intake: unclassified); mapping EXACT_SPECIALIZATION confirmed. Evidence status now defined_source_object (see extra note where corrected). Content-level acceptance only: the TCS-1.0 §7 mapping type and the exact source assumptions are verified; the §8 interface contract for cross-module theorem transfer and all theorem statuses remain unchanged. Citation anchor locked at the source section named above; the paper-time citation match rides the Part III paper-support discipline. evidence corrected to defined_source_object (intake had source_specific_empirical_status_check_required — this is a definition, not an empirical object); module classified architecture_transformation_composition (the constructor algebra operates on the architecture tuple)"
CC-A001-078,A001,Untitled Definition 13.2 (Implementation lattices).,research_program/article_001_topdown/formal_result_inventory.md,Definition 13.2 (Implementation lattices).,observation_governance_empirics,"observation, assessment, policy, implementation, evidence",EXACT_SPECIALIZATION,accepted_mapping,retain exact source assumptions; model-class extraction pending row review,defined_source_object,see source evaluation and action register; do not infer completeness,Paper 2,"Observation, governance, and identification",TCS-1.0 interface contract; local producer/consumer fields required before theorem transfer,row_verified,Row-closed 2026-08-27 (A001 scientific pass; source read in full): definition verified in source §13.6 (implementation lattices); module observation_governance_empirics confirmed; mapping EXACT_SPECIALIZATION confirmed. Content-level acceptance only: the TCS-1.0 §7 mapping type and the exact source assumptions are verified; the §8 interface contract for cross-module theorem transfer and all theorem statuses remain unchanged. Citation anchor locked at the source section named above; the paper-time citation match rides the Part III paper-support discipline.
CC-A001-079,A001,"Both $\operatorname{Inst}$ and $\operatorname{InvLat}$ are downward closed under inclusion: if $U'' \subseteq U'$ and $U''$ still contains a viable (resp. invariant-generating) selection, then $U''$ remains in the lattice. Moreover $\operatorname{InvLat} \subseteq \operatorname{Inst}$.",research_program/article_001_topdown/formal_result_inventory.md,Proposition 13.1 (Lattice structure).,formal_foundations,"operator I, theorem record, mapping",EXACT_SPECIALIZATION,accepted_mapping,retain exact source assumptions; model-class extraction pending row review,proof_inventory_present_line_check_required,see source evaluation and action register; do not infer completeness,Paper 2,Formal viability and theorem atlas,TCS-1.0 interface contract; local producer/consumer fields required before theorem transfer,row_verified,Row-closed 2026-08-27 (A001 scientific pass; source read in full): proposition + proof verified in source §13.6 (downward closure; InvLat ⊆ Inst); module formal_foundations confirmed; mapping EXACT_SPECIALIZATION confirmed. Content-level acceptance only: the TCS-1.0 §7 mapping type and the exact source assumptions are verified; the §8 interface contract for cross-module theorem transfer and all theorem statuses remain unchanged.
CC-A001-080,A001,"Let a proposed additional structure induce no change in $X$, $U$, $F$, $\mathcal V$, $\mathcal I$, or $\pi$. Then it does not change $\operatorname{Viab}(\mathcal V)$.",research_program/article_001_topdown/formal_result_inventory.md,Theorem 13.4 (Invariance under irrelevant structure).,formal_foundations,"operator I, theorem record, mapping",EXACT_SPECIALIZATION,accepted_mapping,retain exact source assumptions; model-class extraction pending row review,proof_inventory_present_line_check_required,see source evaluation and action register; do not infer completeness,Paper 2,Formal viability and theorem atlas,TCS-1.0 interface contract; local producer/consumer fields required before theorem transfer,row_verified,Row-closed 2026-08-27 (A001 scientific pass; source read in full): theorem + proof verified in source §13.6 (invariance under irrelevant structure); module formal_foundations confirmed; mapping EXACT_SPECIALIZATION confirmed. Content-level acceptance only: the TCS-1.0 §7 mapping type and the exact source assumptions are verified; the §8 interface contract for cross-module theorem transfer and all theorem statuses remain unchanged.
CC-A001-081,A001,The following common instruments are each a word in the constructor algebra and introduce no new mathematical content beyond the constructor they reduce to: a total allowable catch is Cap; a harvest control rule is Obs; a landing subsidy is Tax$(-\sigma)$; unreported harvest is Leak; a closed season is a periodic Cap$(\cdot)$; an open-access rent dynamic is a restriction of the effort law entering $F$.,research_program/article_001_topdown/formal_result_inventory.md,"Corollary 13.1 (Management vocabularies are rewrites, not theorems).",architecture_transformation_composition,theorem record pending classification,EXACT_SPECIALIZATION,accepted_mapping,retain exact source assumptions; model-class extraction pending row review,proof_inventory_present_line_check_required,see source evaluation and action register; do not infer completeness,Paper 1 or monograph introduction,"Canonical architecture, transformation, and composition",TCS-1.0 interface contract; local producer/consumer fields required before theorem transfer,row_verified,Row-closed 2026-08-27 (A001 scientific pass; source read in full): corollary + proof verified in source §13.6 (management vocabularies as constructor rewrites — the formal completion rule); module architecture_transformation_composition classified (intake: unclassified); mapping EXACT_SPECIALIZATION confirmed. Evidence status now proof_inventory_present_line_check_required (see extra note where corrected). Content-level acceptance only: the TCS-1.0 §7 mapping type and the exact source assumptions are verified; the §8 interface contract for cross-module theorem transfer and all theorem statuses remain unchanged. Citation anchor locked at the source section named above; the paper-time citation match rides the Part III paper-support discipline. module classified architecture_transformation_composition; evidence corrected to proof_inventory_present_line_check_required (intake had conditional_or_open — the corollary carries a proof on the line in §13.6)
CC-A001-082,A001,"A generation structure is a sequence $0 = t_0 < t_1 < \cdots \to \infty$ with closed sets $\mathcal V^{(k)}$. Intergenerational viability: $x(t) \in \mathcal V^{(k)}$ for $t \in [t_k, t_{k+1})$.",research_program/article_001_topdown/formal_result_inventory.md,Definition 14.1.,architecture_transformation_composition,"specification, architecture, operator II, composition",EXACT_SPECIALIZATION,accepted_mapping,retain exact source assumptions; model-class extraction pending row review,defined_source_object,see source evaluation and action register; do not infer completeness,Paper 1 or monograph introduction,"Canonical architecture, transformation, and composition",TCS-1.0 interface contract; local producer/consumer fields required before theorem transfer,row_verified,Row-closed 2026-08-27 (A001 scientific pass; source read in full): definition verified in source §14.1; module architecture_transformation_composition confirmed; mapping EXACT_SPECIALIZATION confirmed. Content-level acceptance only: the TCS-1.0 §7 mapping type and the exact source assumptions are verified; the §8 interface contract for cross-module theorem transfer and all theorem statuses remain unchanged. Citation anchor locked at the source section named above; the paper-time citation match rides the Part III paper-support discipline.
CC-A001-083,A001,If $\mathcal V^{(k)} = \mathcal V$ for all $k$: intergenerational viability equals ordinary viability.,research_program/article_001_topdown/formal_result_inventory.md,Theorem 14.1.,architecture_transformation_composition,"specification, architecture, operator II, composition",EXACT_SPECIALIZATION,accepted_mapping,retain exact source assumptions; model-class extraction pending row review,proof_inventory_present_line_check_required,see source evaluation and action register; do not infer completeness,Paper 1 if independent-result gate; otherwise Paper 2,"Canonical architecture, transformation, and composition",TCS-1.0 interface contract; local producer/consumer fields required before theorem transfer,row_verified,Row-closed 2026-08-27 (A001 scientific pass; source read in full): theorem verified in source §14.1 (immediate equivalence when V^(k) ≡ V; no separate proof); module architecture_transformation_composition confirmed; mapping EXACT_SPECIALIZATION confirmed. Content-level acceptance only: the TCS-1.0 §7 mapping type and the exact source assumptions are verified; the §8 interface contract for cross-module theorem transfer and all theorem statuses remain unchanged.
CC-A001-084,A001,Assume the trajectory $x(\cdot)$ is confined to a compact set $\mathcal K$ (verified per instance via dissipativity). If $\mathcal V^{(k+1)} \subseteq \mathcal V^{(k)}$ and $\bigcap_k \mathcal V^{(k)} = \varnothing$: no intergenerationally viable path exists.,research_program/article_001_topdown/formal_result_inventory.md,Theorem 14.2.,architecture_transformation_composition,"specification, architecture, operator II, composition",COUNTEREXAMPLE_OR_LIMIT,accepted_mapping,retain exact source assumptions; model-class extraction pending row review,proof_inventory_present_line_check_required,see source evaluation and action register; do not infer completeness,Paper 1 if independent-result gate; otherwise Paper 2,"Canonical architecture, transformation, and composition",TCS-1.0 interface contract; local producer/consumer fields required before theorem transfer,row_verified,Row-closed 2026-08-27 (A001 scientific pass; source read in full): theorem + proof verified in source §14.2 (nested-empty-intersection impossibility under compactness); module architecture_transformation_composition confirmed; mapping COUNTEREXAMPLE_OR_LIMIT corrected (intake: EXACT_SPECIALIZATION). Content-level acceptance only: the TCS-1.0 §7 mapping type and the exact source assumptions are verified; the §8 interface contract for cross-module theorem transfer and all theorem statuses remain unchanged. mapping corrected to COUNTEREXAMPLE_OR_LIMIT: the theorem establishes nonexistence of intergenerationally viable paths — an impossibility result; the compactness hypothesis is essential and stated
CC-A001-085,A001,"Let $x^{\mathrm{stay}}$ be a viable path with constant positive consumption $c_v > 0$. Suppose there exists an admissible exiting pulse yielding constant consumption $C > c_v$ over a duration $T > 0$, after which the trajectory exits the constraint set. With linear welfare and discount rate $\rho > 0$, the discounted welfare of the exiting path exceeds that of the viable path whenever",research_program/article_001_topdown/formal_result_inventory.md,Theorem 14.3 (Discounting can prefer an exiting pulse over a positive viable path).,formal_foundations,"operator I, theorem record, mapping",EXACT_SPECIALIZATION,accepted_mapping,retain exact source assumptions; model-class extraction pending row review,proof_inventory_present_line_check_required,see source evaluation and action register; do not infer completeness,Paper 2,Formal viability and theorem atlas,TCS-1.0 interface contract; local producer/consumer fields required before theorem transfer,row_verified,Row-closed 2026-08-27 (A001 scientific pass; source read in full): theorem + proof verified in source §14.3 (explicit discount-rate threshold preferring an exiting pulse); module formal_foundations confirmed; mapping EXACT_SPECIALIZATION confirmed. Content-level acceptance only: the TCS-1.0 §7 mapping type and the exact source assumptions are verified; the §8 interface contract for cross-module theorem transfer and all theorem statuses remain unchanged.
CC-A001-086,A001,Define,research_program/article_001_topdown/formal_result_inventory.md,Definition 15.1.,formal_foundations,theorem record pending classification,EXACT_SPECIALIZATION,accepted_mapping,retain exact source assumptions; model-class extraction pending row review,defined_source_object,see source evaluation and action register; do not infer completeness,Paper 2,Formal viability and theorem atlas,TCS-1.0 interface contract; local producer/consumer fields required before theorem transfer,row_verified,Row-closed 2026-08-27 (A001 scientific pass; source read in full): definition verified in source §15.1; module formal_foundations classified (intake: unclassified); mapping EXACT_SPECIALIZATION confirmed. Content-level acceptance only: the TCS-1.0 §7 mapping type and the exact source assumptions are verified; the §8 interface contract for cross-module theorem transfer and all theorem statuses remain unchanged. Citation anchor locked at the source section named above; the paper-time citation match rides the Part III paper-support discipline.
CC-A001-087,A001,"Given running intervention cost $\ell(x, u)$, define",research_program/article_001_topdown/formal_result_inventory.md,Definition 15.2.,formal_foundations,theorem record pending classification,EXACT_SPECIALIZATION,accepted_mapping,retain exact source assumptions; model-class extraction pending row review,defined_source_object,see source evaluation and action register; do not infer completeness,Paper 2,Formal viability and theorem atlas,TCS-1.0 interface contract; local producer/consumer fields required before theorem transfer,row_verified,Row-closed 2026-08-27 (A001 scientific pass; source read in full): definition verified in source §15.2; module formal_foundations classified (intake: unclassified); mapping EXACT_SPECIALIZATION confirmed. Content-level acceptance only: the TCS-1.0 §7 mapping type and the exact source assumptions are verified; the §8 interface contract for cross-module theorem transfer and all theorem statuses remain unchanged. Citation anchor locked at the source section named above; the paper-time citation match rides the Part III paper-support discipline.
CC-A001-088,A001,"Suppose each subsystem has an input tolerance $\bar z_i$ such that $\|z_i\| \leq \bar z_i$ implies $\exists\, u_i : D^+ b_i(x_i) \geq 0$ on $\partial Q_i$. If",research_program/article_001_topdown/formal_result_inventory.md,Theorem 16.1 (Compositional viability).,architecture_transformation_composition,theorem record pending classification,EXACT_SPECIALIZATION,accepted_mapping,retain exact source assumptions; model-class extraction pending row review,proof_inventory_present_line_check_required,see source evaluation and action register; do not infer completeness,Paper 2,Formal viability and theorem atlas,TCS-1.0 interface contract; local producer/consumer fields required before theorem transfer,row_verified,"Row-closed 2026-08-27 (A001 scientific pass; source read in full): theorem + proof verified in source §16 (input-tolerance compositional viability — the small-gain-style composition theorem); module architecture_transformation_composition classified (intake: unclassified); mapping EXACT_SPECIALIZATION confirmed. Evidence status now proof_inventory_present_line_check_required (see extra note where corrected). Content-level acceptance only: the TCS-1.0 §7 mapping type and the exact source assumptions are verified; the §8 interface contract for cross-module theorem transfer and all theorem statuses remain unchanged. item_type/source_item REPAIRED — the intake pipe-split corrupted this row to the fragments ""z_i\\ / \leq \bar z_i$ implies ...""; true label and description restored from the source §16 (inventory line 97 also repaired to the source-faithful norm notation); module classified architecture_transformation_composition — this is THE composition theorem of the source"
CC-A001-089,A001,Untitled Definition 17.1: $p$-viability kernel.,research_program/article_001_topdown/formal_result_inventory.md,Definition 17.1: $p$-viability kernel.,formal_foundations,"operator I, theorem record, mapping",EXACT_SPECIALIZATION,accepted_mapping,retain exact source assumptions; model-class extraction pending row review,defined_source_object,see source evaluation and action register; do not infer completeness,Paper 2,Formal viability and theorem atlas,TCS-1.0 interface contract; local producer/consumer fields required before theorem transfer,row_verified,Row-closed 2026-08-27 (A001 scientific pass; source read in full): definition verified in source §17; module formal_foundations confirmed; mapping EXACT_SPECIALIZATION confirmed. Content-level acceptance only: the TCS-1.0 §7 mapping type and the exact source assumptions are verified; the §8 interface contract for cross-module theorem transfer and all theorem statuses remain unchanged. Citation anchor locked at the source section named above; the paper-time citation match rides the Part III paper-support discipline.
CC-A001-090,A001,Let $\tau_{\mathcal V} = \inf\{t \geq 0 : X_t \notin \mathcal V\}$. Define $L(x) = \sup_\pi \mathbb E_x^\pi[\tau_{\mathcal V}]$.,research_program/article_001_topdown/formal_result_inventory.md,Definition 17.2: Expected-lifetime value.,formal_foundations,theorem record pending classification,EXACT_SPECIALIZATION,accepted_mapping,retain exact source assumptions; model-class extraction pending row review,defined_source_object,see source evaluation and action register; do not infer completeness,Paper 2,Formal viability and theorem atlas,TCS-1.0 interface contract; local producer/consumer fields required before theorem transfer,row_verified,Row-closed 2026-08-27 (A001 scientific pass; source read in full): definition verified in source §17; module formal_foundations classified (intake: unclassified); mapping EXACT_SPECIALIZATION confirmed. Content-level acceptance only: the TCS-1.0 §7 mapping type and the exact source assumptions are verified; the §8 interface contract for cross-module theorem transfer and all theorem statuses remain unchanged. Citation anchor locked at the source section named above; the paper-time citation match rides the Part III paper-support discipline.
CC-A001-091,A001,"Consider the deterministic system $\dot x = f(x)$ under a viable feedback, and the stochastic perturbation $dX_t^\varepsilon = f(X_t^\varepsilon)\, dt + \varepsilon \Sigma(X_t^\varepsilon)\, dW_t$. Let $K_0$ be a compact subset of the kernel interior, and suppose deterministic trajectories from $K_0$ remain at distance at least $2\delta$ from $\partial \mathcal V$ on $[0, T]$. Assume $f$ is Lipschitz and $\Sigma$ is bounded on a neighborhood of these trajectories.",research_program/article_001_topdown/formal_result_inventory.md,Theorem 17.1 (Finite-horizon small-noise viability).,formal_foundations,"operator I, theorem record, mapping",EXACT_SPECIALIZATION,accepted_mapping,retain exact source assumptions; model-class extraction pending row review,proof_inventory_present_line_check_required,see source evaluation and action register; do not infer completeness,Paper 2,Formal viability and theorem atlas,TCS-1.0 interface contract; local producer/consumer fields required before theorem transfer,row_verified,Row-closed 2026-08-27 (A001 scientific pass; source read in full): theorem + proof verified in source §17 (stopping-time localization; Markov bound; Remark 17.1's horizon split governs the reading); module formal_foundations confirmed; mapping EXACT_SPECIALIZATION confirmed. Content-level acceptance only: the TCS-1.0 §7 mapping type and the exact source assumptions are verified; the §8 interface contract for cross-module theorem transfer and all theorem statuses remain unchanged.
CC-A001-092,A001,"In a standard OLG economy whose resource block satisfies Theorem 6.2, competitive equilibrium without a harvest floor leaves $\mathcal V_{\mathrm{str}}$ whenever $S_{\mathrm{bio}} < S_{\min}$.",research_program/article_001_topdown/formal_result_inventory.md,Conjecture 17.1 (Competitive OLG).,architecture_transformation_composition,theorem record pending classification,EXACT_SPECIALIZATION,accepted_mapping,retain exact source assumptions; model-class extraction pending row review,conditional_or_open,see source evaluation and action register; do not infer completeness,conditional docket (open problem),Conditional docket,TCS-1.0 interface contract; local producer/consumer fields required before theorem transfer,row_verified,Row-closed 2026-08-27 (A001 scientific pass; source read in full): conjecture + falsification criterion verified in source §17 (competitive OLG; the myopic common-property special case is Remark 17.2); module architecture_transformation_composition classified (intake: unclassified); mapping EXACT_SPECIALIZATION confirmed. Content-level acceptance only: the TCS-1.0 §7 mapping type and the exact source assumptions are verified; the §8 interface contract for cross-module theorem transfer and all theorem statuses remain unchanged.
CC-A001-093,A001,"For small-noise resource–sink systems, the probability of remaining in a *shrunken* constraint set is governed entirely by the horizon: it tends to one over any finite $T$ from compact interior data (Theorem 17.1), and tends to zero as $T \to \infty$ for any fixed positive noise, by absorption. There is no infinite-horizon analogue with positive survival probability under nondegenerate noise.",research_program/article_001_topdown/formal_result_inventory.md,Conjecture 17.2 (Stochastic survival: finite horizon only).,formal_foundations,"operator I, theorem record, mapping",EXACT_SPECIALIZATION,accepted_mapping,retain exact source assumptions; model-class extraction pending row review,conditional_or_open,see source evaluation and action register; do not infer completeness,Paper 2,Formal viability and theorem atlas,TCS-1.0 interface contract; local producer/consumer fields required before theorem transfer,row_verified,"Row-closed 2026-08-27 (A001 scientific pass; source read in full): conjecture + falsification criterion verified in source §17 — the source itself DEMOTED the infinite-horizon claim (Remark 17.1: only the finite-horizon part stands, as Theorem 17.1); the row title already carries the corrected finite-horizon-only form; module formal_foundations confirmed; mapping EXACT_SPECIALIZATION confirmed. Content-level acceptance only: the TCS-1.0 §7 mapping type and the exact source assumptions are verified; the §8 interface contract for cross-module theorem transfer and all theorem statuses remain unchanged."
CC-A001-094,A001,"Under persistent excitation and possibly non-globally-Lipschitz dynamics, an adaptive observer can recover unknown parameters sufficiently to implement the Theorem 6.2 feedback after finite time.",research_program/article_001_topdown/formal_result_inventory.md,Conjecture 17.3 (Adaptive management beyond high gain).,observation_governance_empirics,"operator I, theorem record, mapping",EXACT_SPECIALIZATION,accepted_mapping,retain exact source assumptions; model-class extraction pending row review,conditional_or_open,see source evaluation and action register; do not infer completeness,Paper 2,Formal viability and theorem atlas,TCS-1.0 interface contract; local producer/consumer fields required before theorem transfer,row_verified,Row-closed 2026-08-27 (A001 scientific pass; source read in full): conjecture + falsification criterion verified in source §17 (adaptive management beyond high gain); module observation_governance_empirics corrected (intake: formal_foundations); mapping EXACT_SPECIALIZATION confirmed. Content-level acceptance only: the TCS-1.0 §7 mapping type and the exact source assumptions are verified; the §8 interface contract for cross-module theorem transfer and all theorem statuses remain unchanged. module corrected to observation_governance_empirics (intake: formal_foundations) — adaptive observers/parameter learning are the assessment channel
CC-A001-095,A001,The viability kernel of the fully coupled hybrid system outside the protection set of Theorem 11.5 is not computed.,research_program/article_001_topdown/formal_result_inventory.md,Open Problem 18.1.,formal_foundations,"operator I, theorem record, mapping",EXACT_SPECIALIZATION,accepted_mapping,retain exact source assumptions; model-class extraction pending row review,conditional_or_open,see source evaluation and action register; do not infer completeness,Paper 2,Formal viability and theorem atlas,TCS-1.0 interface contract; local producer/consumer fields required before theorem transfer,row_verified,Row-closed 2026-08-27 (A001 scientific pass; source read in full): open problem verified in source §18 (hybrid kernel off the Theorem 11.5 protection set); module formal_foundations confirmed; mapping EXACT_SPECIALIZATION confirmed. Content-level acceptance only: the TCS-1.0 §7 mapping type and the exact source assumptions are verified; the §8 interface contract for cross-module theorem transfer and all theorem statuses remain unchanged.
CC-A001-096,A001,Conditions under which the binary-sensor observation model is a threshold discretization of the continuous observation model.,research_program/article_001_topdown/formal_result_inventory.md,Open Problem 18.2.,observation_governance_empirics,"observation, assessment, policy, implementation, evidence",EXACT_SPECIALIZATION,accepted_mapping,retain exact source assumptions; model-class extraction pending row review,conditional_or_open,see source evaluation and action register; do not infer completeness,Paper 5,"Observation, governance, and identification",TCS-1.0 interface contract; local producer/consumer fields required before theorem transfer,row_verified,Row-closed 2026-08-27 (A001 scientific pass; source read in full): open problem verified in source §18 (binary-sensor threshold discretization); module observation_governance_empirics confirmed; mapping EXACT_SPECIALIZATION confirmed. Content-level acceptance only: the TCS-1.0 §7 mapping type and the exact source assumptions are verified; the §8 interface contract for cross-module theorem transfer and all theorem statuses remain unchanged.
CC-A001-097,A001,"For $n$ coupled patches with *cooperative* diffusion, the kernel is nonempty iff the minimal-harvest field has a super-equilibrium $f_{\min}(x) \ge 0$ in $\Omega$, which in turn is equivalent (for type-(U) patches with product controls) to the existence of an equilibrium in $\Omega$. The equivalence holds for cooperative transport; it fails in general for competitive or predator–prey couplings, where super-equilibria need not exist and equilibrium-in-$\Omega$ is not a viability certificate (an unstable focus can sit in $\Omega$ with a cycle that leaves it).",research_program/article_001_topdown/formal_result_inventory.md,Conjecture 18.1 ($n$-patch super-equilibrium equivalence).,nonlinear_dynamics,"state, model, admissible set, theorem record",EXACT_SPECIALIZATION,accepted_mapping,retain exact source assumptions; model-class extraction pending row review,conditional_or_open,see source evaluation and action register; do not infer completeness,Paper 4,Delay and nonlinear transitions,TCS-1.0 interface contract; local producer/consumer fields required before theorem transfer,row_verified,Row-closed 2026-08-27 (A001 scientific pass; source read in full): conjecture + falsification criterion verified in source §18 (n-patch super-equilibrium equivalence; cooperative scope with competitive failure noted in the source); module nonlinear_dynamics confirmed; mapping EXACT_SPECIALIZATION confirmed. Content-level acceptance only: the TCS-1.0 §7 mapping type and the exact source assumptions are verified; the §8 interface contract for cross-module theorem transfer and all theorem statuses remain unchanged.
CC-A001-098,A001,"For $m$ resources with pairwise CES elasticities, strong plus weak sustainability is jointly achievable iff the effective elasticity satisfies an appropriate threshold condition.",research_program/article_001_topdown/formal_result_inventory.md,Conjecture 18.2 (Multi-resource Hartwick).,formal_foundations,theorem record pending classification,EXACT_SPECIALIZATION,accepted_mapping,retain exact source assumptions; model-class extraction pending row review,conditional_or_open,see source evaluation and action register; do not infer completeness,conditional docket (open problem),Conditional docket,TCS-1.0 interface contract; local producer/consumer fields required before theorem transfer,row_verified,Row-closed 2026-08-27 (A001 scientific pass; source read in full): conjecture + falsification criterion verified in source §18 (multi-resource Hartwick); module formal_foundations classified (intake: unclassified); mapping EXACT_SPECIALIZATION confirmed. Content-level acceptance only: the TCS-1.0 §7 mapping type and the exact source assumptions are verified; the §8 interface contract for cross-module theorem transfer and all theorem statuses remain unchanged.
CC-A001-099,A001,The eight Ostrom mechanisms are jointly sufficient for viability when physical conditions hold (Theorem 13.2). The open question is whether each is individually necessary.,research_program/article_001_topdown/formal_result_inventory.md,Conjecture 18.3 (Ostrom individual necessity).,observation_governance_empirics,"operator I, theorem record, mapping",EXACT_SPECIALIZATION,accepted_mapping,retain exact source assumptions; model-class extraction pending row review,conditional_or_open,see source evaluation and action register; do not infer completeness,Paper 2,Formal viability and theorem atlas,TCS-1.0 interface contract; local producer/consumer fields required before theorem transfer,row_verified,Row-closed 2026-08-27 (A001 scientific pass; source read in full): conjecture + falsification criterion verified in source §18 (Ostrom individual necessity); module observation_governance_empirics corrected (intake: formal_foundations); mapping EXACT_SPECIALIZATION confirmed. Content-level acceptance only: the TCS-1.0 §7 mapping type and the exact source assumptions are verified; the §8 interface contract for cross-module theorem transfer and all theorem statuses remain unchanged. module corrected to observation_governance_empirics (intake: formal_foundations) — same Ostrom family as Theorems 13.5–13.6
CC-A002-001,A002,Type system and physical state,research_program/article_002_general_theory/formal_result_inventory.md,Definition,architecture_transformation_composition,"specification, architecture, operator II, composition",EXACT_SPECIALIZATION,accepted_mapping,retain exact source assumptions; model-class extraction pending row review,defined_source_object,see source evaluation and action register; do not infer completeness,Paper 1 or monograph introduction,"Canonical architecture, transformation, and composition",TCS-1.0 interface contract; local producer/consumer fields required before theorem transfer,row_verified,Row-closed 2026-08-27 (A002 scientific pass; source read in full): definition verified in source §2.1 (the typed physical state and moiety/unit typing); module architecture_transformation_composition confirmed; mapping EXACT_SPECIALIZATION confirmed. Content-level acceptance only: the TCS-1.0 §7 mapping type and the exact source assumptions are verified; the §8 interface contract for cross-module theorem transfer and all theorem statuses remain unchanged. Citation anchor locked at the source section named above; the paper-time citation match rides the Part III paper-support discipline.
CC-A002-002,A002,Hybrid specialization data,research_program/article_002_general_theory/formal_result_inventory.md,Definition,architecture_transformation_composition,theorem record pending classification,EXACT_SPECIALIZATION,accepted_mapping,retain exact source assumptions; model-class extraction pending row review,defined_source_object,see source evaluation and action register; do not infer completeness,Paper 2,Formal viability and theorem atlas,TCS-1.0 interface contract; local producer/consumer fields required before theorem transfer,row_verified,"Row-closed 2026-08-27 (A002 scientific pass; source read in full): definition verified in source §2.1 (hybrid specialization data: mode sets, phase spaces, jump rules, execution rule, observation map); module architecture_transformation_composition classified (intake: unclassified); mapping EXACT_SPECIALIZATION confirmed. Evidence status now defined_source_object. Content-level acceptance only: the TCS-1.0 §7 mapping type and the exact source assumptions are verified; the §8 interface contract for cross-module theorem transfer and all theorem statuses remain unchanged. Citation anchor locked at the source section named above; the paper-time citation match rides the Part III paper-support discipline. evidence corrected to defined_source_object (intake had source_specific_empirical_status_check_required — this is a definition, not an empirical object)"
CC-A002-003,A002,Canonical system,research_program/article_002_general_theory/formal_result_inventory.md,Definition,architecture_transformation_composition,theorem record pending classification,EXACT_SPECIALIZATION,accepted_mapping,retain exact source assumptions; model-class extraction pending row review,defined_source_object,see source evaluation and action register; do not infer completeness,Paper 1 or monograph introduction,"Canonical architecture, transformation, and composition",TCS-1.0 interface contract; local producer/consumer fields required before theorem transfer,row_verified,Row-closed 2026-08-27 (A002 scientific pass; source read in full): definition verified in source §2.1 (the canonical tuple S with its 13 slots); module architecture_transformation_composition classified (intake: unclassified); mapping EXACT_SPECIALIZATION confirmed. Content-level acceptance only: the TCS-1.0 §7 mapping type and the exact source assumptions are verified; the §8 interface contract for cross-module theorem transfer and all theorem statuses remain unchanged. Citation anchor locked at the source section named above; the paper-time citation match rides the Part III paper-support discipline.
CC-A002-004,A002,Four uncertainty levels,research_program/article_002_general_theory/formal_result_inventory.md,Definition,architecture_transformation_composition,theorem record pending classification,EXACT_SPECIALIZATION,accepted_mapping,retain exact source assumptions; model-class extraction pending row review,defined_source_object,see source evaluation and action register; do not infer completeness,Paper 1 or monograph introduction,"Canonical architecture, transformation, and composition",TCS-1.0 interface contract; local producer/consumer fields required before theorem transfer,row_verified,Row-closed 2026-08-27 (A002 scientific pass; source read in full): definition verified in source §2.1 (four uncertainty levels with quantifier discipline); module architecture_transformation_composition classified (intake: unclassified); mapping EXACT_SPECIALIZATION confirmed. Content-level acceptance only: the TCS-1.0 §7 mapping type and the exact source assumptions are verified; the §8 interface contract for cross-module theorem transfer and all theorem statuses remain unchanged. Citation anchor locked at the source section named above; the paper-time citation match rides the Part III paper-support discipline.
CC-A002-005,A002,Diagnostic types,research_program/article_002_general_theory/formal_result_inventory.md,Definition,ledger_diagnostics,theorem record pending classification,EXACT_SPECIALIZATION,accepted_mapping,retain exact source assumptions; model-class extraction pending row review,defined_source_object,see source evaluation and action register; do not infer completeness,Paper 1 or monograph introduction,"Canonical architecture, transformation, and composition",TCS-1.0 interface contract; local producer/consumer fields required before theorem transfer,row_verified,Row-closed 2026-08-27 (A002 scientific pass; source read in full): definition verified in source §2.3 (five diagnostic claim types; the no-transfer rule); module ledger_diagnostics classified (intake: unclassified); mapping EXACT_SPECIALIZATION confirmed. Content-level acceptance only: the TCS-1.0 §7 mapping type and the exact source assumptions are verified; the §8 interface contract for cross-module theorem transfer and all theorem statuses remain unchanged. Citation anchor locked at the source section named above; the paper-time citation match rides the Part III paper-support discipline.
CC-A002-006,A002,Threshold and intergenerational types,research_program/article_002_general_theory/formal_result_inventory.md,Definition,architecture_transformation_composition,"specification, architecture, operator II, composition",EXACT_SPECIALIZATION,accepted_mapping,retain exact source assumptions; model-class extraction pending row review,defined_source_object,see source evaluation and action register; do not infer completeness,Paper 1 or monograph introduction,"Canonical architecture, transformation, and composition",TCS-1.0 interface contract; local producer/consumer fields required before theorem transfer,row_verified,Row-closed 2026-08-27 (A002 scientific pass; source read in full): definition verified in source §2.3 (threshold typing + the intergenerational recursive safety criterion); module architecture_transformation_composition confirmed; mapping EXACT_SPECIALIZATION confirmed. Content-level acceptance only: the TCS-1.0 §7 mapping type and the exact source assumptions are verified; the §8 interface contract for cross-module theorem transfer and all theorem statuses remain unchanged. Citation anchor locked at the source section named above; the paper-time citation match rides the Part III paper-support discipline.
CC-A002-007,A002,Domain-qualified non-compensation,research_program/article_002_general_theory/formal_result_inventory.md,Proposition,formal_foundations,"operator I, theorem record, mapping",EXACT_SPECIALIZATION,accepted_mapping,retain exact source assumptions; model-class extraction pending row review,proof_inventory_present_line_check_required,see source evaluation and action register; do not infer completeness,Paper 2,Formal viability and theorem atlas,TCS-1.0 interface contract; local producer/consumer fields required before theorem transfer,row_verified,"Row-closed 2026-08-27 (A002 scientific pass; source read in full): proposition + proof verified in source §2 (unrestricted-compensation counterexample construction + the domain-certificate biconditional); module formal_foundations confirmed; mapping EXACT_SPECIALIZATION confirmed. Content-level acceptance only: the TCS-1.0 §7 mapping type and the exact source assumptions are verified; the §8 interface contract for cross-module theorem transfer and all theorem statuses remain unchanged. the item is a rejection-within-characterization: the first half is an explicit deficit construction, the second the exact domain-certificate iff; both halves verified"
CC-A002-008,A002,Typed hybrid conservation,research_program/article_002_general_theory/formal_result_inventory.md,Theorem,ledger_diagnostics,"ledger, services, admissible set, theorem record",EXACT_SPECIALIZATION,accepted_mapping,retain exact source assumptions; model-class extraction pending row review,proof_inventory_present_line_check_required,see source evaluation and action register; do not infer completeness,Paper 3,Material ledgers and diagnostics,TCS-1.0 interface contract; local producer/consumer fields required before theorem transfer,row_verified,"Row-closed 2026-08-27 (A002 scientific pass; source read in full): theorem + proof verified in source §3 (typed hybrid conservation under L^T S = 0, L^T S^J = 0); module ledger_diagnostics confirmed; mapping EXACT_SPECIALIZATION confirmed. Content-level acceptance only: the TCS-1.0 §7 mapping type and the exact source assumptions are verified; the §8 interface contract for cross-module theorem transfer and all theorem statuses remain unchanged."
CC-A002-009,A002,Untitled Remark,research_program/article_002_general_theory/formal_result_inventory.md,Remark,ledger_diagnostics,theorem record pending classification,EXACT_SPECIALIZATION,accepted_mapping,retain exact source assumptions; model-class extraction pending row review,status_crosswalk_required,see source evaluation and action register; do not infer completeness,Paper 2,Formal viability and theorem atlas,TCS-1.0 interface contract; local producer/consumer fields required before theorem transfer,row_verified,Row-closed 2026-08-27 (A002 scientific pass; source read in full): remark verified in source §3 (the moiety-scope note: one balance per moiety; no biomass+money+biodiversity+exergy scalar); module ledger_diagnostics classified (intake: unclassified); mapping EXACT_SPECIALIZATION confirmed. Content-level acceptance only: the TCS-1.0 §7 mapping type and the exact source assumptions are verified; the §8 interface contract for cross-module theorem transfer and all theorem statuses remain unchanged. interpretive scope note on the conservation theorem; no proof status to promote; the remark-to-§6-vocabulary crosswalk is a paper-time decision
CC-A002-010,A002,Closed positive-moiety bound,research_program/article_002_general_theory/formal_result_inventory.md,Corollary,ledger_diagnostics,"ledger, services, admissible set, theorem record",EXACT_SPECIALIZATION,accepted_mapping,retain exact source assumptions; model-class extraction pending row review,proof_inventory_present_line_check_required,see source evaluation and action register; do not infer completeness,Paper 3,Material ledgers and diagnostics,TCS-1.0 interface contract; local producer/consumer fields required before theorem transfer,row_verified,Row-closed 2026-08-27 (A002 scientific pass; source read in full): corollary + proof verified in source §3 (closed positive-moiety component bound); module ledger_diagnostics confirmed; mapping EXACT_SPECIALIZATION confirmed. Content-level acceptance only: the TCS-1.0 §7 mapping type and the exact source assumptions are verified; the §8 interface contract for cross-module theorem transfer and all theorem statuses remain unchanged.
CC-A002-011,A002,"Non-negative invariance for ordinary, hybrid, and RFDE modes",research_program/article_002_general_theory/formal_result_inventory.md,Theorem,formal_foundations,"state, model, admissible set, theorem record",EXACT_SPECIALIZATION,accepted_mapping,retain exact source assumptions; model-class extraction pending row review,proof_inventory_present_line_check_required,see source evaluation and action register; do not infer completeness,Paper 4,Delay and nonlinear transitions,TCS-1.0 interface contract; local producer/consumer fields required before theorem transfer,row_verified,"Row-closed 2026-08-27 (A002 scientific pass; source read in full): theorem + proof verified in source §3 (non-negative invariance across ordinary, hybrid, and RFDE modes; quasipositivity on C_τ; reset preservation); module formal_foundations corrected (intake: nonlinear_dynamics); mapping EXACT_SPECIALIZATION confirmed. Content-level acceptance only: the TCS-1.0 §7 mapping type and the exact source assumptions are verified; the §8 interface contract for cross-module theorem transfer and all theorem statuses remain unchanged. module corrected to formal_foundations (intake: nonlinear_dynamics) — the theorem is positive-cone invariance theory (the TCS §2.4 positivity principle); the RFDE case is one of three modes, not the subject"
CC-A002-012,A002,Donor limitation is sufficient,research_program/article_002_general_theory/formal_result_inventory.md,Corollary,formal_foundations,"ledger, services, admissible set, theorem record",EXACT_SPECIALIZATION,accepted_mapping,retain exact source assumptions; model-class extraction pending row review,proof_inventory_present_line_check_required,see source evaluation and action register; do not infer completeness,Paper 3,Material ledgers and diagnostics,TCS-1.0 interface contract; local producer/consumer fields required before theorem transfer,row_verified,"Row-closed 2026-08-27 (A002 scientific pass; source read in full): corollary + proof verified in source §3 (donor-limited outflows and boundary flows suffice for the tangency condition); module formal_foundations corrected (intake: ledger_diagnostics); mapping EXACT_SPECIALIZATION corrected (intake: APPROXIMATION). Content-level acceptance only: the TCS-1.0 §7 mapping type and the exact source assumptions are verified; the §8 interface contract for cross-module theorem transfer and all theorem statuses remain unchanged. module corrected to formal_foundations (intake: ledger_diagnostics — kept with the invariance theorem, its parent); mapping corrected from APPROXIMATION: the intake keyword read ""limit"" inside ""donor limitation"" — the corollary is an EXACT sufficiency result, not an approximation"
CC-A002-013,A002,Bounded-input bounded-state criterion,research_program/article_002_general_theory/formal_result_inventory.md,Conditional theorem,formal_foundations,theorem record pending classification,EXACT_SPECIALIZATION,accepted_mapping,retain exact source assumptions; model-class extraction pending row review,conditional_or_open,see source evaluation and action register; do not infer completeness,Paper 2,Formal viability and theorem atlas,TCS-1.0 interface contract; local producer/consumer fields required before theorem transfer,row_verified,"Row-closed 2026-08-27 (A002 scientific pass; source read in full): conditional theorem + proof verified in source §3 (BIBS via coercive V, Dini dissipativity, non-expansive resets; the dot-x=u counterexample to weaker premises is in the status note); module formal_foundations classified (intake: unclassified); mapping EXACT_SPECIALIZATION confirmed. Content-level acceptance only: the TCS-1.0 §7 mapping type and the exact source assumptions are verified; the §8 interface contract for cross-module theorem transfer and all theorem statuses remain unchanged."
CC-A002-014,A002,Support provenance and directional support gap,research_program/article_002_general_theory/formal_result_inventory.md,Definition,ledger_diagnostics,"ledger, services, admissible set, theorem record",EXACT_SPECIALIZATION,accepted_mapping,retain exact source assumptions; model-class extraction pending row review,defined_source_object,see source evaluation and action register; do not infer completeness,Paper 3,Material ledgers and diagnostics,TCS-1.0 interface contract; local producer/consumer fields required before theorem transfer,row_verified,Row-closed 2026-08-27 (A002 scientific pass; source read in full): definition verified in source §4 (support provenance partition + directional support gap); module ledger_diagnostics confirmed; mapping EXACT_SPECIALIZATION confirmed. Content-level acceptance only: the TCS-1.0 §7 mapping type and the exact source assumptions are verified; the §8 interface contract for cross-module theorem transfer and all theorem statuses remain unchanged. Citation anchor locked at the source section named above; the paper-time citation match rides the Part III paper-support discipline.
CC-A002-015,A002,Linear substitution alternative,research_program/article_002_general_theory/formal_result_inventory.md,Theorem,formal_foundations,"operator I, theorem record, mapping",EXACT_SPECIALIZATION,accepted_mapping,retain exact source assumptions; model-class extraction pending row review,proof_inventory_present_line_check_required,see source evaluation and action register; do not infer completeness,Paper 2,Formal viability and theorem atlas,TCS-1.0 interface contract; local producer/consumer fields required before theorem transfer,row_verified,Row-closed 2026-08-27 (A002 scientific pass; source read in full): theorem + proof verified in source §4 (Farkas linear substitution alternative; dual certificate); module formal_foundations confirmed; mapping EXACT_SPECIALIZATION confirmed. Content-level acceptance only: the TCS-1.0 §7 mapping type and the exact source assumptions are verified; the §8 interface contract for cross-module theorem transfer and all theorem statuses remain unchanged.
CC-A002-016,A002,Exact safety certifier,research_program/article_002_general_theory/formal_result_inventory.md,Definition,observation_governance_empirics,"operator I, theorem record, mapping",EXACT_SPECIALIZATION,accepted_mapping,retain exact source assumptions; model-class extraction pending row review,defined_source_object,see source evaluation and action register; do not infer completeness,Paper 2,Formal viability and theorem atlas,TCS-1.0 interface contract; local producer/consumer fields required before theorem transfer,row_verified,Row-closed 2026-08-27 (A002 scientific pass; source read in full): definition verified in source §5 (exact safety certifier); module observation_governance_empirics corrected (intake: formal_foundations); mapping EXACT_SPECIALIZATION confirmed. Content-level acceptance only: the TCS-1.0 §7 mapping type and the exact source assumptions are verified; the §8 interface contract for cross-module theorem transfer and all theorem statuses remain unchanged. Citation anchor locked at the source section named above; the paper-time citation match rides the Part III paper-support discipline. module corrected to observation_governance_empirics (intake: formal_foundations) — the certifier definition heads the observation-fibre family (with the criterion theorem and the safety-crossing corollary)
CC-A002-017,A002,Observation-fibre criterion,research_program/article_002_general_theory/formal_result_inventory.md,Theorem,observation_governance_empirics,"observation, assessment, policy, implementation, evidence",EXACT_SPECIALIZATION,accepted_mapping,retain exact source assumptions; model-class extraction pending row review,proof_inventory_present_line_check_required,see source evaluation and action register; do not infer completeness,Paper 2,"Observation, governance, and identification",TCS-1.0 interface contract; local producer/consumer fields required before theorem transfer,row_verified,Row-closed 2026-08-27 (A002 scientific pass; source read in full): theorem + proof verified in source §5 (observation-fibre criterion; the saturation identity); module observation_governance_empirics confirmed; mapping EXACT_SPECIALIZATION confirmed. Content-level acceptance only: the TCS-1.0 §7 mapping type and the exact source assumptions are verified; the §8 interface contract for cross-module theorem transfer and all theorem statuses remain unchanged.
CC-A002-018,A002,Safety-crossing fibres,research_program/article_002_general_theory/formal_result_inventory.md,Corollary,observation_governance_empirics,"operator I, theorem record, mapping",EXACT_SPECIALIZATION,accepted_mapping,retain exact source assumptions; model-class extraction pending row review,proof_inventory_present_line_check_required,see source evaluation and action register; do not infer completeness,Paper 2,Formal viability and theorem atlas,TCS-1.0 interface contract; local producer/consumer fields required before theorem transfer,row_verified,Row-closed 2026-08-27 (A002 scientific pass; source read in full): corollary + proof verified in source §5 (safety-crossing fibres obstruct exact certification; largest certainly-safe set); module observation_governance_empirics corrected (intake: formal_foundations); mapping EXACT_SPECIALIZATION confirmed. Content-level acceptance only: the TCS-1.0 §7 mapping type and the exact source assumptions are verified; the §8 interface contract for cross-module theorem transfer and all theorem statuses remain unchanged. module corrected to observation_governance_empirics (intake: formal_foundations) — same family as the observation-fibre criterion
CC-A002-019,A002,Three policy questions,research_program/article_002_general_theory/formal_result_inventory.md,Definition,formal_foundations,theorem record pending classification,EXACT_SPECIALIZATION,accepted_mapping,retain exact source assumptions; model-class extraction pending row review,defined_source_object,see source evaluation and action register; do not infer completeness,Paper 1 or monograph introduction,"Canonical architecture, transformation, and composition",TCS-1.0 interface contract; local producer/consumer fields required before theorem transfer,row_verified,"Row-closed 2026-08-27 (A002 scientific pass; source read in full): definition verified in source §6 (three policy questions: actual-policy safety, viability, robust viability with the fixed quantifier order); module formal_foundations classified (intake: unclassified); mapping EXACT_SPECIALIZATION confirmed. Content-level acceptance only: the TCS-1.0 §7 mapping type and the exact source assumptions are verified; the §8 interface contract for cross-module theorem transfer and all theorem statuses remain unchanged. Citation anchor locked at the source section named above; the paper-time citation match rides the Part III paper-support discipline."
CC-A002-020,A002,"Capture basin, recoverability, and relative irreversibility",research_program/article_002_general_theory/formal_result_inventory.md,Definition,formal_foundations,"operator I, theorem record, mapping",EXACT_SPECIALIZATION,accepted_mapping,retain exact source assumptions; model-class extraction pending row review,defined_source_object,see source evaluation and action register; do not infer completeness,Paper 2,Formal viability and theorem atlas,TCS-1.0 interface contract; local producer/consumer fields required before theorem transfer,row_verified,"Row-closed 2026-08-27 (A002 scientific pass; source read in full): definition verified in source §6 (capture basin, recoverability, policy-relative irreversibility — all five indices declared); module formal_foundations confirmed; mapping EXACT_SPECIALIZATION confirmed. Content-level acceptance only: the TCS-1.0 §7 mapping type and the exact source assumptions are verified; the §8 interface contract for cross-module theorem transfer and all theorem statuses remain unchanged. Citation anchor locked at the source section named above; the paper-time citation match rides the Part III paper-support discipline."
CC-A002-021,A002,Sampled robust-viability kernel,research_program/article_002_general_theory/formal_result_inventory.md,Theorem,observation_governance_empirics,"observation, assessment, policy, implementation, evidence",EXACT_SPECIALIZATION,accepted_mapping,retain exact source assumptions; model-class extraction pending row review,proof_inventory_present_line_check_required,see source evaluation and action register; do not infer completeness,Paper 2,"Observation, governance, and identification",TCS-1.0 interface contract; local producer/consumer fields required before theorem transfer,row_verified,"Row-closed 2026-08-27 (A002 scientific pass; source read in full): theorem + proof verified in source §6.1 (sampled robust-viability kernel; compactness, finite-horizon iff, greatest invariant set); module observation_governance_empirics confirmed; mapping EXACT_SPECIALIZATION confirmed. Content-level acceptance only: the TCS-1.0 §7 mapping type and the exact source assumptions are verified; the §8 interface contract for cross-module theorem transfer and all theorem statuses remain unchanged."
CC-A002-022,A002,Monotonicity under policy-set expansion,research_program/article_002_general_theory/formal_result_inventory.md,Corollary,observation_governance_empirics,theorem record pending classification,EXACT_SPECIALIZATION,accepted_mapping,retain exact source assumptions; model-class extraction pending row review,proof_inventory_present_line_check_required,see source evaluation and action register; do not infer completeness,Paper 2,Formal viability and theorem atlas,TCS-1.0 interface contract; local producer/consumer fields required before theorem transfer,row_verified,"Row-closed 2026-08-27 (A002 scientific pass; source read in full): corollary + proof verified in source §6.1 (monotonicity under policy-set expansion, with the rebound caveat); module observation_governance_empirics classified (intake: unclassified); mapping EXACT_SPECIALIZATION confirmed. Content-level acceptance only: the TCS-1.0 §7 mapping type and the exact source assumptions are verified; the §8 interface contract for cross-module theorem transfer and all theorem statuses remain unchanged."
CC-A002-023,A002,Finite-clopen observation knowledge kernel,research_program/article_002_general_theory/formal_result_inventory.md,Theorem,observation_governance_empirics,"observation, assessment, policy, implementation, evidence",EXACT_SPECIALIZATION,accepted_mapping,retain exact source assumptions; model-class extraction pending row review,proof_inventory_present_line_check_required,see source evaluation and action register; do not infer completeness,Paper 2,"Observation, governance, and identification",TCS-1.0 interface contract; local producer/consumer fields required before theorem transfer,row_verified,"Row-closed 2026-08-27 (A002 scientific pass; source read in full): theorem + proof verified in source §6.2 (finite-clopen observation knowledge kernel — parts 1–4 incl. the injective-observation reduction; source status line: ""Theorem, finite-clopen sampled observation model""); module observation_governance_empirics confirmed; mapping EXACT_SPECIALIZATION confirmed. Evidence status now proof_inventory_present_line_check_required. Content-level acceptance only: the TCS-1.0 §7 mapping type and the exact source assumptions are verified; the §8 interface contract for cross-module theorem transfer and all theorem statuses remain unchanged. evidence corrected to proof_inventory_present_line_check_required (intake had conditional_or_open — the keyword heuristic read ""open"" inside ""clopen""; the source declares a complete theorem with proof on the line)"
CC-A002-024,A002,Held-control tube predecessor,research_program/article_002_general_theory/formal_result_inventory.md,Definition,observation_governance_empirics,theorem record pending classification,EXACT_SPECIALIZATION,accepted_mapping,retain exact source assumptions; model-class extraction pending row review,defined_source_object,see source evaluation and action register; do not infer completeness,Paper 2,Formal viability and theorem atlas,TCS-1.0 interface contract; local producer/consumer fields required before theorem transfer,row_verified,Row-closed 2026-08-27 (A002 scientific pass; source read in full): definition verified in source §6.3 (held-control tube predecessor with the exact W_h encoding caveat); module observation_governance_empirics classified (intake: unclassified); mapping EXACT_SPECIALIZATION confirmed. Content-level acceptance only: the TCS-1.0 §7 mapping type and the exact source assumptions are verified; the §8 interface contract for cross-module theorem transfer and all theorem statuses remain unchanged. Citation anchor locked at the source section named above; the paper-time citation match rides the Part III paper-support discipline.
CC-A002-025,A002,Inter-sample-safe sampled kernel,research_program/article_002_general_theory/formal_result_inventory.md,Theorem,observation_governance_empirics,"observation, assessment, policy, implementation, evidence",EXACT_SPECIALIZATION,accepted_mapping,retain exact source assumptions; model-class extraction pending row review,proof_inventory_present_line_check_required,see source evaluation and action register; do not infer completeness,Paper 2,"Observation, governance, and identification",TCS-1.0 interface contract; local producer/consumer fields required before theorem transfer,row_verified,"Row-closed 2026-08-27 (A002 scientific pass; source read in full): theorem + proof verified in source §6.3 (inter-sample-safe sampled kernel; source status line: ""Theorem, restricted fixed-period full-state model""); module observation_governance_empirics confirmed; mapping EXACT_SPECIALIZATION confirmed. Content-level acceptance only: the TCS-1.0 §7 mapping type and the exact source assumptions are verified; the §8 interface contract for cross-module theorem transfer and all theorem statuses remain unchanged."
CC-A002-026,A002,Finite-clopen inter-sample-safe knowledge kernel,research_program/article_002_general_theory/formal_result_inventory.md,Theorem,observation_governance_empirics,"operator I, theorem record, mapping",EXACT_SPECIALIZATION,accepted_mapping,retain exact source assumptions; model-class extraction pending row review,proof_inventory_present_line_check_required,see source evaluation and action register; do not infer completeness,Paper 2,Formal viability and theorem atlas,TCS-1.0 interface contract; local producer/consumer fields required before theorem transfer,row_verified,"Row-closed 2026-08-27 (A002 scientific pass; source read in full): theorem + proof verified in source §6.4 (finite-clopen inter-sample-safe knowledge kernel; source status line: ""Theorem, finite-clopen fixed-period held model""); module observation_governance_empirics confirmed; mapping EXACT_SPECIALIZATION confirmed. Evidence status now proof_inventory_present_line_check_required. Content-level acceptance only: the TCS-1.0 §7 mapping type and the exact source assumptions are verified; the §8 interface contract for cross-module theorem transfer and all theorem statuses remain unchanged. evidence corrected to proof_inventory_present_line_check_required (intake had conditional_or_open — the same ""open""-in-""clopen"" keyword false positive; the source declares a complete theorem with proof on the line)"
CC-A002-027,A002,Sampled RFDE finite-clopen knowledge kernel,research_program/article_002_general_theory/formal_result_inventory.md,Theorem,nonlinear_dynamics,"state, model, admissible set, theorem record",EXACT_SPECIALIZATION,accepted_mapping,retain exact source assumptions; model-class extraction pending row review,conditional_or_open,see source evaluation and action register; do not infer completeness,Paper 4,Delay and nonlinear transitions,TCS-1.0 interface contract; local producer/consumer fields required before theorem transfer,row_verified,"Row-closed 2026-08-27 (A002 scientific pass; source read in full): theorem + proof verified in source §6.5 (sampled RFDE finite-clopen knowledge kernel on the compact equi-Lipschitz history class; source status line: ""Conditional theorem, compact single-delay history model""); module nonlinear_dynamics confirmed; mapping EXACT_SPECIALIZATION confirmed. Content-level acceptance only: the TCS-1.0 §7 mapping type and the exact source assumptions are verified; the §8 interface contract for cross-module theorem transfer and all theorem statuses remain unchanged. conditional_or_open CONFIRMED as the source-declared status: the theorem environment carries a complete proof, but the source's own status line demotes it to conditional (the total jointly-continuous held-solution map and the compact history class are substantive hypotheses)"
CC-A002-028,A002,Review-synchronised hybrid RFDE knowledge kernel,research_program/article_002_general_theory/formal_result_inventory.md,Conditional theorem,nonlinear_dynamics,"state, model, admissible set, theorem record",EXACT_SPECIALIZATION,accepted_mapping,retain exact source assumptions; model-class extraction pending row review,conditional_or_open,see source evaluation and action register; do not infer completeness,Paper 4,Delay and nonlinear transitions,TCS-1.0 interface contract; local producer/consumer fields required before theorem transfer,row_verified,"Row-closed 2026-08-27 (A002 scientific pass; source read in full): conditional theorem + proof verified in source §6.6 (review-synchronised hybrid RFDE knowledge kernel with continuous phase-space reset; source status line: ""Conditional theorem, review-clock hybrid RFDE""); module nonlinear_dynamics confirmed; mapping EXACT_SPECIALIZATION confirmed. Content-level acceptance only: the TCS-1.0 §7 mapping type and the exact source assumptions are verified; the §8 interface contract for cross-module theorem transfer and all theorem statuses remain unchanged."
CC-A002-029,A002,Outer semicontinuity does not close universal tube constraints,research_program/article_002_general_theory/formal_result_inventory.md,Proposition,formal_foundations,theorem record pending classification,COUNTEREXAMPLE_OR_LIMIT,accepted_mapping,retain exact source assumptions; model-class extraction pending row review,proof_inventory_present_line_check_required,see source evaluation and action register; do not infer completeness,Paper 2,Formal viability and theorem atlas,TCS-1.0 interface contract; local producer/consumer fields required before theorem transfer,row_verified,"Row-closed 2026-08-27 (A002 scientific pass; source read in full): proposition + proof verified in source §6.6 (outer semicontinuity does not close universal tube constraints — the explicit [0,1]-space counterexample at the grazing guard); module formal_foundations classified (intake: unclassified); mapping COUNTEREXAMPLE_OR_LIMIT classified (intake: UNRESOLVED). Content-level acceptance only: the TCS-1.0 §7 mapping type and the exact source assumptions are verified; the §8 interface contract for cross-module theorem transfer and all theorem statuses remain unchanged. the explicit construction is a counterexample establishing the OSC obstruction; classified COUNTEREXAMPLE_OR_LIMIT (intake: UNRESOLVED)"
CC-A002-030,A002,Bounded-jump hybrid ODE kernel with continuous exact tubes,research_program/article_002_general_theory/formal_result_inventory.md,Conditional theorem,formal_foundations,"operator I, theorem record, mapping",EXACT_SPECIALIZATION,accepted_mapping,retain exact source assumptions; model-class extraction pending row review,conditional_or_open,see source evaluation and action register; do not infer completeness,Paper 2,Formal viability and theorem atlas,TCS-1.0 interface contract; local producer/consumer fields required before theorem transfer,row_verified,"Row-closed 2026-08-27 (A002 scientific pass; source read in full): conditional theorem + proof verified in source §6.6 (bounded-jump hybrid ODE kernel with Hausdorff-continuous exact tubes, full-state and finite-clopen versions; source status line: ""Conditional theorem, continuous exact hybrid tubes""); module formal_foundations confirmed; mapping EXACT_SPECIALIZATION confirmed. Content-level acceptance only: the TCS-1.0 §7 mapping type and the exact source assumptions are verified; the §8 interface contract for cross-module theorem transfer and all theorem statuses remain unchanged."
CC-A002-031,A002,Accounting and boundedness on the restricted hybrids,research_program/article_002_general_theory/formal_result_inventory.md,Remark,formal_foundations,theorem record pending classification,EXACT_SPECIALIZATION,accepted_mapping,retain exact source assumptions; model-class extraction pending row review,status_crosswalk_required,see source evaluation and action register; do not infer completeness,Paper 2,Formal viability and theorem atlas,TCS-1.0 interface contract; local producer/consumer fields required before theorem transfer,row_verified,Row-closed 2026-08-27 (A002 scientific pass; source read in full): remark verified in source §6.6 (accounting and boundedness on the restricted hybrids — the scope note gating the conservation/BIBS application); module formal_foundations classified (intake: unclassified); mapping EXACT_SPECIALIZATION confirmed. Content-level acceptance only: the TCS-1.0 §7 mapping type and the exact source assumptions are verified; the §8 interface contract for cross-module theorem transfer and all theorem statuses remain unchanged. interpretive scope note riding the hybrid-kernel family; no proof status to promote
CC-A002-032,A002,Compact sampled information model,research_program/article_002_general_theory/formal_result_inventory.md,Definition,observation_governance_empirics,"observation, assessment, policy, implementation, evidence",EXACT_SPECIALIZATION,accepted_mapping,retain exact source assumptions; model-class extraction pending row review,defined_source_object,see source evaluation and action register; do not infer completeness,Paper 2,"Observation, governance, and identification",TCS-1.0 interface contract; local producer/consumer fields required before theorem transfer,row_verified,Row-closed 2026-08-27 (A002 scientific pass; source read in full): definition verified in source §6.7 (compact sampled information model with exact latent tubes); module observation_governance_empirics confirmed; mapping EXACT_SPECIALIZATION confirmed. Content-level acceptance only: the TCS-1.0 §7 mapping type and the exact source assumptions are verified; the §8 interface contract for cross-module theorem transfer and all theorem statuses remain unchanged. Citation anchor locked at the source section named above; the paper-time citation match rides the Part III paper-support discipline.
CC-A002-033,A002,Restricted sampled information-state tube kernel,research_program/article_002_general_theory/formal_result_inventory.md,Theorem,observation_governance_empirics,"observation, assessment, policy, implementation, evidence",EXACT_SPECIALIZATION,accepted_mapping,retain exact source assumptions; model-class extraction pending row review,proof_inventory_present_line_check_required,see source evaluation and action register; do not infer completeness,Paper 2,"Observation, governance, and identification",TCS-1.0 interface contract; local producer/consumer fields required before theorem transfer,row_verified,"Row-closed 2026-08-27 (A002 scientific pass; source read in full): theorem + proof verified in source §6.7 (restricted sampled information-state tube kernel; source status line: ""Theorem, restricted compact information model""); module observation_governance_empirics confirmed; mapping EXACT_SPECIALIZATION confirmed. Content-level acceptance only: the TCS-1.0 §7 mapping type and the exact source assumptions are verified; the §8 interface contract for cross-module theorem transfer and all theorem statuses remain unchanged."
CC-A002-034,A002,Finite-time sample-and-hold convergence,research_program/article_002_general_theory/formal_result_inventory.md,Conditional theorem,observation_governance_empirics,theorem record pending classification,EXACT_SPECIALIZATION,accepted_mapping,retain exact source assumptions; model-class extraction pending row review,conditional_or_open,see source evaluation and action register; do not infer completeness,Paper 2,Formal viability and theorem atlas,TCS-1.0 interface contract; local producer/consumer fields required before theorem transfer,row_verified,"Row-closed 2026-08-27 (A002 scientific pass; source read in full): conditional theorem + proof verified in source §7 (finite-time sample-and-hold convergence, O(h) global error; source status line: ""Conditional theorem, finite-horizon consistency""); module observation_governance_empirics classified (intake: unclassified); mapping EXACT_SPECIALIZATION confirmed. Content-level acceptance only: the TCS-1.0 §7 mapping type and the exact source assumptions are verified; the §8 interface contract for cross-module theorem transfer and all theorem statuses remain unchanged."
CC-A002-035,A002,Four model maps,research_program/article_002_general_theory/formal_result_inventory.md,Definition,architecture_transformation_composition,theorem record pending classification,EXACT_SPECIALIZATION,accepted_mapping,retain exact source assumptions; model-class extraction pending row review,defined_source_object,see source evaluation and action register; do not infer completeness,Paper 1 or monograph introduction,"Canonical architecture, transformation, and composition",TCS-1.0 interface contract; local producer/consumer fields required before theorem transfer,row_verified,"Row-closed 2026-08-27 (A002 scientific pass; source read in full): definition verified in source §8 (four model maps: specialisation, exact projection, approximation, singular reduction); module architecture_transformation_composition classified (intake: unclassified); mapping EXACT_SPECIALIZATION confirmed. Content-level acceptance only: the TCS-1.0 §7 mapping type and the exact source assumptions are verified; the §8 interface contract for cross-module theorem transfer and all theorem statuses remain unchanged. Citation anchor locked at the source section named above; the paper-time citation match rides the Part III paper-support discipline."
CC-A002-036,A002,Projectability criterion,research_program/article_002_general_theory/formal_result_inventory.md,Theorem,formal_foundations,"operator I, theorem record, mapping",PROJECTABLE_REDUCTION,accepted_mapping,retain exact source assumptions; model-class extraction pending row review,proof_inventory_present_line_check_required,see source evaluation and action register; do not infer completeness,Paper 2,Formal viability and theorem atlas,TCS-1.0 interface contract; local producer/consumer fields required before theorem transfer,row_verified,Row-closed 2026-08-27 (A002 scientific pass; source read in full): theorem + proof verified in source §8 (projectability criterion: the Dp·F = G∘p semiconjugacy iff); module formal_foundations confirmed; mapping PROJECTABLE_REDUCTION confirmed. Content-level acceptance only: the TCS-1.0 §7 mapping type and the exact source assumptions are verified; the §8 interface contract for cross-module theorem transfer and all theorem statuses remain unchanged.
CC-A002-037,A002,Fibre obstruction,research_program/article_002_general_theory/formal_result_inventory.md,Corollary,formal_foundations,theorem record pending classification,COUNTEREXAMPLE_OR_LIMIT,accepted_mapping,retain exact source assumptions; model-class extraction pending row review,proof_inventory_present_line_check_required,see source evaluation and action register; do not infer completeness,Paper 2,"Observation, governance, and identification",TCS-1.0 interface contract; local producer/consumer fields required before theorem transfer,row_verified,Row-closed 2026-08-27 (A002 scientific pass; source read in full): corollary + proof verified in source §8 (fibre obstruction: unequal Dp·F on a fibre defeats any exact autonomous reduction); module formal_foundations classified (intake: unclassified); mapping COUNTEREXAMPLE_OR_LIMIT confirmed. Content-level acceptance only: the TCS-1.0 §7 mapping type and the exact source assumptions are verified; the §8 interface contract for cross-module theorem transfer and all theorem statuses remain unchanged.
CC-A002-038,A002,Support-saturated logistic stock limit,research_program/article_002_general_theory/formal_result_inventory.md,Theorem,ledger_diagnostics,"ledger, services, admissible set, theorem record",APPROXIMATION,accepted_mapping,retain exact source assumptions; model-class extraction pending row review,proof_inventory_present_line_check_required,see source evaluation and action register; do not infer completeness,Paper 3,Material ledgers and diagnostics,TCS-1.0 interface contract; local producer/consumer fields required before theorem transfer,row_verified,"Row-closed 2026-08-27 (A002 scientific pass; source read in full): theorem + proof verified in source §9 (support-saturated logistic stock limit: O(κ) Gronwall bound; source status line: ""Theorem, partial reduction""); module ledger_diagnostics confirmed; mapping APPROXIMATION confirmed. Content-level acceptance only: the TCS-1.0 §7 mapping type and the exact source assumptions are verified; the §8 interface contract for cross-module theorem transfer and all theorem statuses remain unchanged. APPROXIMATION confirmed as correct here — the result is a singular reduction with an explicit error bound, unlike the donor-limitation corollary"
CC-A002-039,A002,Logistic variance correction and curvature bound,research_program/article_002_general_theory/formal_result_inventory.md,Theorem,ledger_diagnostics,theorem record pending classification,APPROXIMATION,accepted_mapping,retain exact source assumptions; model-class extraction pending row review,proof_inventory_present_line_check_required,see source evaluation and action register; do not infer completeness,Paper 2,Formal viability and theorem atlas,TCS-1.0 interface contract; local producer/consumer fields required before theorem transfer,row_verified,"Row-closed 2026-08-27 (A002 scientific pass; source read in full): theorem + proof verified in source §10 (logistic variance correction — an exact identity — plus the general C² curvature bound; source status line: ""Theorem, static spatial aggregation""); module ledger_diagnostics confirmed; mapping APPROXIMATION confirmed. Content-level acceptance only: the TCS-1.0 §7 mapping type and the exact source assumptions are verified; the §8 interface contract for cross-module theorem transfer and all theorem statuses remain unchanged. the variance/covariance correction is exact; the curvature bound is an explicit error bound — APPROXIMATION retained for the bound half, noted"
CC-A002-040,A002,Local-horizon bracket,research_program/article_002_general_theory/formal_result_inventory.md,Conditional theorem,ledger_diagnostics,theorem record pending classification,EXACT_SPECIALIZATION,accepted_mapping,retain exact source assumptions; model-class extraction pending row review,conditional_or_open,see source evaluation and action register; do not infer completeness,Paper 2,Formal viability and theorem atlas,TCS-1.0 interface contract; local producer/consumer fields required before theorem transfer,row_verified,"Row-closed 2026-08-27 (A002 scientific pass; source read in full): conditional theorem + proof verified in source §11 (local-horizon bracket under slow rate variation; source status line: ""Conditional theorem, local diagnostic""); module ledger_diagnostics classified (intake: unclassified); mapping EXACT_SPECIALIZATION confirmed. Content-level acceptance only: the TCS-1.0 §7 mapping type and the exact source assumptions are verified; the §8 interface contract for cross-module theorem transfer and all theorem statuses remain unchanged."
CC-A002-041,A002,Small-gain delay-independent stability,research_program/article_002_general_theory/formal_result_inventory.md,Conditional theorem,nonlinear_dynamics,"state, model, admissible set, theorem record",EXACT_SPECIALIZATION,accepted_mapping,retain exact source assumptions; model-class extraction pending row review,conditional_or_open,see source evaluation and action register; do not infer completeness,Paper 4,Delay and nonlinear transitions,TCS-1.0 interface contract; local producer/consumer fields required before theorem transfer,row_verified,"Row-closed 2026-08-27 (A002 scientific pass; source read in full): conditional theorem + proof verified in source §12 (small-gain delay-independent stability via Halanay; the unique decay rate; source status line: ""Conditional theorem, sufficient certificate""); module nonlinear_dynamics confirmed; mapping EXACT_SPECIALIZATION confirmed. Content-level acceptance only: the TCS-1.0 §7 mapping type and the exact source assumptions are verified; the §8 interface contract for cross-module theorem transfer and all theorem statuses remain unchanged."
CC-A002-042,A002,Periodic-orbit-fold persistence under typed coupling,research_program/article_002_general_theory/formal_result_inventory.md,Conjecture,nonlinear_dynamics,"state, model, admissible set, theorem record",EXACT_SPECIALIZATION,accepted_mapping,retain exact source assumptions; model-class extraction pending row review,conditional_or_open,see source evaluation and action register; do not infer completeness,Paper 4,Delay and nonlinear transitions,TCS-1.0 interface contract; local producer/consumer fields required before theorem transfer,row_verified,Row-closed 2026-08-27 (A002 scientific pass; source read in full): conjecture with declared missing-proof and disproof route verified in source §13 (periodic-orbit-fold persistence under typed coupling); module nonlinear_dynamics confirmed; mapping EXACT_SPECIALIZATION confirmed. Content-level acceptance only: the TCS-1.0 §7 mapping type and the exact source assumptions are verified; the §8 interface contract for cross-module theorem transfer and all theorem statuses remain unchanged.
CC-A002-043,A002,Variable-time delayed-hybrid information kernel,research_program/article_002_general_theory/formal_result_inventory.md,Conjecture,nonlinear_dynamics,"state, model, admissible set, theorem record",EXACT_SPECIALIZATION,accepted_mapping,retain exact source assumptions; model-class extraction pending row review,conditional_or_open,see source evaluation and action register; do not infer completeness,Paper 4,Delay and nonlinear transitions,TCS-1.0 interface contract; local producer/consumer fields required before theorem transfer,row_verified,Row-closed 2026-08-27 (A002 scientific pass; source read in full): conjecture with declared missing-proof and disproof route verified in source §13 (variable-time delayed-hybrid information kernel; two independent gaps documented); module nonlinear_dynamics confirmed; mapping EXACT_SPECIALIZATION confirmed. Content-level acceptance only: the TCS-1.0 §7 mapping type and the exact source assumptions are verified; the §8 interface contract for cross-module theorem transfer and all theorem statuses remain unchanged.
CC-A002-044,A002,Restricted delay-separation principle,research_program/article_002_general_theory/formal_result_inventory.md,Conjecture,nonlinear_dynamics,"state, model, admissible set, theorem record",EXACT_SPECIALIZATION,accepted_mapping,retain exact source assumptions; model-class extraction pending row review,conditional_or_open,see source evaluation and action register; do not infer completeness,Paper 4,Delay and nonlinear transitions,TCS-1.0 interface contract; local producer/consumer fields required before theorem transfer,row_verified,Row-closed 2026-08-27 (A002 scientific pass; source read in full): conjecture with declared missing-proof and disproof route verified in source §13 (restricted delay-separation principle); module nonlinear_dynamics confirmed; mapping EXACT_SPECIALIZATION confirmed. Content-level acceptance only: the TCS-1.0 §7 mapping type and the exact source assumptions are verified; the §8 interface contract for cross-module theorem transfer and all theorem statuses remain unchanged.
CC-A002-045,A002,Observation aggregation,research_program/article_002_general_theory/formal_result_inventory.md,Empirical hypothesis,observation_governance_empirics,"observation, assessment, policy, implementation, evidence",EXACT_SPECIALIZATION,accepted_mapping,retain exact source assumptions; model-class extraction pending row review,conditional_or_open,see source evaluation and action register; do not infer completeness,Paper 5,"Observation, governance, and identification",TCS-1.0 interface contract; local producer/consumer fields required before theorem transfer,row_verified,Row-closed 2026-08-27 (A002 scientific pass; source read in full): empirical hypothesis with test requirements verified in source §14 (observation aggregation); module observation_governance_empirics confirmed; mapping EXACT_SPECIALIZATION confirmed. Content-level acceptance only: the TCS-1.0 §7 mapping type and the exact source assumptions are verified; the §8 interface contract for cross-module theorem transfer and all theorem statuses remain unchanged.
CC-A002-046,A002,Governance phase ordering,research_program/article_002_general_theory/formal_result_inventory.md,Empirical hypothesis,observation_governance_empirics,"observation, assessment, policy, implementation, evidence",EXACT_SPECIALIZATION,accepted_mapping,retain exact source assumptions; model-class extraction pending row review,conditional_or_open,see source evaluation and action register; do not infer completeness,Paper 5,"Observation, governance, and identification",TCS-1.0 interface contract; local producer/consumer fields required before theorem transfer,row_verified,"Row-closed 2026-08-27 (A002 scientific pass; source read in full): empirical hypothesis with test requirements verified in source §14 (governance phase ordering, with the frequency-domain identification caveat); module observation_governance_empirics confirmed; mapping EXACT_SPECIALIZATION confirmed. Content-level acceptance only: the TCS-1.0 §7 mapping type and the exact source assumptions are verified; the §8 interface contract for cross-module theorem transfer and all theorem statuses remain unchanged."
CC-A002-047,A002,Substitution certificate,research_program/article_002_general_theory/formal_result_inventory.md,Empirical hypothesis,observation_governance_empirics,"observation, assessment, policy, implementation, evidence",EXACT_SPECIALIZATION,accepted_mapping,retain exact source assumptions; model-class extraction pending row review,conditional_or_open,see source evaluation and action register; do not infer completeness,Paper 5,"Observation, governance, and identification",TCS-1.0 interface contract; local producer/consumer fields required before theorem transfer,row_verified,Row-closed 2026-08-27 (A002 scientific pass; source read in full): empirical hypothesis with test requirements verified in source §14 (substitution certificate); module observation_governance_empirics confirmed; mapping EXACT_SPECIALIZATION confirmed. Content-level acceptance only: the TCS-1.0 §7 mapping type and the exact source assumptions are verified; the §8 interface contract for cross-module theorem transfer and all theorem statuses remain unchanged.
CC-A002-048,A002,"Spatial, stage, and polycentric-agent closure",research_program/article_002_general_theory/formal_result_inventory.md,Research programme,stage_spatial_extension,theorem record pending classification,EXACT_SPECIALIZATION,accepted_mapping,retain exact source assumptions; model-class extraction pending row review,status_crosswalk_required,see source evaluation and action register; do not infer completeness,conditional docket (open problem),Conditional docket,TCS-1.0 interface contract; local producer/consumer fields required before theorem transfer,row_verified,"Row-closed 2026-08-27 (A002 scientific pass; source read in full): research programme verified in source §15 (spatial, stage, and polycentric-agent closure — moment closures, agent-specific observation maps, network+delay stability, Erlang cascades); module stage_spatial_extension classified (intake: unclassified); mapping EXACT_SPECIALIZATION classified (intake: UNRESOLVED). Content-level acceptance only: the TCS-1.0 §7 mapping type and the exact source assumptions are verified; the §8 interface contract for cross-module theorem transfer and all theorem statuses remain unchanged. module classified stage_spatial_extension (the A022/A023 module this programme proposes to close); the Part VII crosswalk maps research-programme items to OPEN/SPECIFIED via the open-problems register"
CC-A002-049,A002,"Exergy, quality grades, and nonsmooth transformation feasibility",research_program/article_002_general_theory/formal_result_inventory.md,Research programme,architecture_transformation_composition,"specification, architecture, operator II, composition",TRANSFORMATION,accepted_mapping,retain exact source assumptions; model-class extraction pending row review,status_crosswalk_required,see source evaluation and action register; do not infer completeness,Paper 1 or monograph introduction,"Canonical architecture, transformation, and composition",TCS-1.0 interface contract; local producer/consumer fields required before theorem transfer,row_verified,"Row-closed 2026-08-27 (A002 scientific pass; source read in full): research programme verified in source §15 (exergy, quality grades, and nonsmooth transformation feasibility); module architecture_transformation_composition confirmed; mapping TRANSFORMATION confirmed. Content-level acceptance only: the TCS-1.0 §7 mapping type and the exact source assumptions are verified; the §8 interface contract for cross-module theorem transfer and all theorem statuses remain unchanged."
CC-A002-050,A002,Justice and multiscale viability,research_program/article_002_general_theory/formal_result_inventory.md,Research programme,architecture_transformation_composition,"operator I, theorem record, mapping",EXACT_SPECIALIZATION,accepted_mapping,retain exact source assumptions; model-class extraction pending row review,status_crosswalk_required,see source evaluation and action register; do not infer completeness,Paper 2,Formal viability and theorem atlas,TCS-1.0 interface contract; local producer/consumer fields required before theorem transfer,row_verified,"Row-closed 2026-08-27 (A002 scientific pass; source read in full): research programme verified in source §15 (justice and multiscale viability: group-indexed K, recursive intergenerational criterion, local-global kernel composition); module architecture_transformation_composition corrected (intake: formal_foundations); mapping EXACT_SPECIALIZATION confirmed. Content-level acceptance only: the TCS-1.0 §7 mapping type and the exact source assumptions are verified; the §8 interface contract for cross-module theorem transfer and all theorem statuses remain unchanged. module corrected to architecture_transformation_composition (intake: formal_foundations) — the programme is the normative/multiscale-composition extension (K's justice module + kernel composition), Paper 1 territory"
CC-A002-051,A002,"Model selection, minimality, and limit lattice",research_program/article_002_general_theory/formal_result_inventory.md,Research programme,formal_foundations,theorem record pending classification,EXACT_SPECIALIZATION,accepted_mapping,retain exact source assumptions; model-class extraction pending row review,status_crosswalk_required,see source evaluation and action register; do not infer completeness,conditional docket (open problem),Conditional docket,TCS-1.0 interface contract; local producer/consumer fields required before theorem transfer,row_verified,"Row-closed 2026-08-27 (A002 scientific pass; source read in full): research programme verified in source §15 (model selection, minimality, and the limit lattice — commutation proofs or path-dependent counterexamples); module formal_foundations confirmed; mapping EXACT_SPECIALIZATION confirmed. Content-level acceptance only: the TCS-1.0 §7 mapping type and the exact source assumptions are verified; the §8 interface contract for cross-module theorem transfer and all theorem statuses remain unchanged."
CC-A002-052,A002,"Structural uncertainty, robustness, and quantitative detection risk",research_program/article_002_general_theory/formal_result_inventory.md,Research programme,observation_governance_empirics,theorem record pending classification,APPROXIMATION,accepted_mapping,retain exact source assumptions; model-class extraction pending row review,status_crosswalk_required,see source evaluation and action register; do not infer completeness,conditional docket (open problem),Conditional docket,TCS-1.0 interface contract; local producer/consumer fields required before theorem transfer,row_verified,"Row-closed 2026-08-27 (A002 scientific pass; source read in full): research programme verified in source §15 (structural uncertainty, robustness, and quantitative detection risk); module observation_governance_empirics classified (intake: unclassified); mapping APPROXIMATION confirmed. Content-level acceptance only: the TCS-1.0 §7 mapping type and the exact source assumptions are verified; the §8 interface contract for cross-module theorem transfer and all theorem statuses remain unchanged. module classified observation_governance_empirics (the epistemic/robustness channel); the intake APPROXIMATION label is nominal for this prospective object — the substantive content is the module assignment; the Part VII crosswalk maps programme items to OPEN/SPECIFIED"
CC-A003-001,A003,H1: scarcity-amplifying extraction;,research_program/article_003_institutional_feedback/formal_content_inventory.md,inventory_item,observation_governance_empirics,theorem record pending classification,EXACT_SPECIALIZATION,accepted_mapping,retain exact source assumptions; model-class extraction pending row review,defined_source_object,see source evaluation and action register; do not infer completeness,Paper 4,Delay and nonlinear transitions,TCS-1.0 interface contract; local producer/consumer fields required before theorem transfer,row_verified,"Row-closed 2026-08-28 (A003 scientific pass; source read in full): policy hypothesis (response-sign taxonomy) verified in source §1 (H1: scarcity-amplifying extraction — the sign condition dG_H1/dZ > 0 over the relevant range; the abstract's own non-claim ""does not claim that institutions generally behave this way""); module observation_governance_empirics classified (intake: unclassified_canonical_review); mapping EXACT_SPECIALIZATION classified (intake: UNRESOLVED). Evidence status now defined_source_object. Content-level acceptance only: the TCS-1.0 §7 mapping type and the exact source assumptions are verified; the §8 interface contract for cross-module theorem transfer and all theorem statuses remain unchanged. Citation anchor locked at the source section named above; the paper-time citation match rides the Part III paper-support discipline. module classified observation_governance_empirics (the response taxonomy types the implementation/deployment operator; A002's command-deployment distinction is the bridge per the evaluation record §1.4/§8); destination Paper 4 confirmed — H1's named instantiation is A012's registered delay-amplified extractive mobilisation family (Paper 4's named content); §1's non-transfer discipline preserved verbatim: ""No result for H1 is generalized to H2 or H3""; the E-interpretation discipline (endogenous industry response / legal quota-utilization state / actual institutional control are not interchangeable) rides §3"
CC-A003-002,A003,H2: protective restraint/restoration;,research_program/article_003_institutional_feedback/formal_content_inventory.md,inventory_item,observation_governance_empirics,theorem record pending classification,EXACT_SPECIALIZATION,accepted_mapping,retain exact source assumptions; model-class extraction pending row review,defined_source_object,see source evaluation and action register; do not infer completeness,Paper 4,Delay and nonlinear transitions,TCS-1.0 interface contract; local producer/consumer fields required before theorem transfer,row_verified,Row-closed 2026-08-28 (A003 scientific pass; source read in full): policy hypothesis (response-sign taxonomy) verified in source §1 (H2: protective restraint/restoration — the reversed or restoration-including effect on extraction); module observation_governance_empirics classified (intake: unclassified_canonical_review); mapping EXACT_SPECIALIZATION classified (intake: UNRESOLVED). Evidence status now defined_source_object. Content-level acceptance only: the TCS-1.0 §7 mapping type and the exact source assumptions are verified; the §8 interface contract for cross-module theorem transfer and all theorem statuses remain unchanged. Citation anchor locked at the source section named above; the paper-time citation match rides the Part III paper-support discipline. module classified observation_governance_empirics (same response-operator family as H1); destination Paper 4 confirmed — H2's named instantiation is A020's protective channel (Paper 4's two-delay identity content); the source's three-hypothesis comparison frame is the interpretive context for both named families
CC-A003-003,A003,"H3: inertia, capture, or state-dependent response.",research_program/article_003_institutional_feedback/formal_content_inventory.md,inventory_item,observation_governance_empirics,"operator I, theorem record, mapping",EXACT_SPECIALIZATION,accepted_mapping,retain exact source assumptions; model-class extraction pending row review,defined_source_object,see source evaluation and action register; do not infer completeness,Paper 2,Formal viability and theorem atlas,TCS-1.0 interface contract; local producer/consumer fields required before theorem transfer,row_verified,"Row-closed 2026-08-28 (A003 scientific pass; source read in full): policy hypothesis (response-sign taxonomy) verified in source §1 (H3: inertia, capture, or state-dependent response); module observation_governance_empirics corrected (intake: formal_foundations); mapping EXACT_SPECIALIZATION confirmed. Evidence status now defined_source_object. Content-level acceptance only: the TCS-1.0 §7 mapping type and the exact source assumptions are verified; the §8 interface contract for cross-module theorem transfer and all theorem statuses remain unchanged. Citation anchor locked at the source section named above; the paper-time citation match rides the Part III paper-support discipline. module corrected formal_foundations → observation_governance_empirics (the A001-closure precedent: the institutional implementation-operator family — quota rescue, Ostrom sufficiency/obstruction/necessity — is observation_governance_empirics, not a viability-kernel result; a state-dependent response law of the implementation operator); destination Paper 2 confirmed — H3 has NO named instantiation in any source, so it is stated as the response-class taxonomy entry in the atlas's institutional-implementation family, joining the A001 implementation-operator rows; the taxonomy split (H1/H2 to P4 with their named families, H3 to the atlas) is recorded as the architecture's intent, not an accident"
CC-A003-004,A003,standing-stock culling;,research_program/article_003_institutional_feedback/formal_content_inventory.md,inventory_item,ledger_diagnostics,"ledger, services, admissible set, theorem record",EXACT_SPECIALIZATION,accepted_mapping,retain exact source assumptions; model-class extraction pending row review,defined_source_object,see source evaluation and action register; do not infer completeness,Paper 3,Material ledgers and diagnostics,TCS-1.0 interface contract; local producer/consumer fields required before theorem transfer,row_verified,"Row-closed 2026-08-28 (A003 scientific pass; source read in full): physical mechanism type (typed-flux incidence taxonomy) verified in source §2 (standing-stock culling: present extraction removes reproductive stock directly; ""A diagnostic label such as ""unsustainable portion"" never determines physical destination. Material routing is determined by the typed physical module""); module ledger_diagnostics confirmed; mapping EXACT_SPECIALIZATION confirmed. Evidence status now defined_source_object. Content-level acceptance only: the TCS-1.0 §7 mapping type and the exact source assumptions are verified; the §8 interface contract for cross-module theorem transfer and all theorem statuses remain unchanged. Citation anchor locked at the source section named above; the paper-time citation match rides the Part III paper-support discipline. module ledger_diagnostics confirmed (the evaluation record §3 typed-flux reading: culling enters as an outflow from the standing-stock compartment); destination Paper 3 confirmed (the ledger outflow typing is Paper 3's primitive-flux content); the diagnostic-threshold-is-not-material-routing discipline preserved verbatim"
CC-A003-005,A003,recruitment suppression;,research_program/article_003_institutional_feedback/formal_content_inventory.md,inventory_item,ledger_diagnostics,theorem record pending classification,EXACT_SPECIALIZATION,accepted_mapping,retain exact source assumptions; model-class extraction pending row review,defined_source_object,see source evaluation and action register; do not infer completeness,Paper 4,Delay and nonlinear transitions,TCS-1.0 interface contract; local producer/consumer fields required before theorem transfer,row_verified,Row-closed 2026-08-28 (A003 scientific pass; source read in full): physical mechanism type (typed-flux incidence taxonomy) verified in source §2 (recruitment suppression: present use prevents future recruits without immediate adult removal); module ledger_diagnostics classified (intake: unclassified_canonical_review); mapping EXACT_SPECIALIZATION classified (intake: UNRESOLVED). Evidence status now defined_source_object. Content-level acceptance only: the TCS-1.0 §7 mapping type and the exact source assumptions are verified; the §8 interface contract for cross-module theorem transfer and all theorem statuses remain unchanged. Citation anchor locked at the source section named above; the paper-time citation match rides the Part III paper-support discipline. module classified ledger_diagnostics (the evaluation record §3: recruitment suppression modifies or diverts a recruitment flux — one typed-flux incidence family with culling and weak coupling); destination Paper 4 confirmed (the mechanism's named treatment is the recruitment channel of the P4 cores — A018's four-state support-pool recruitment suppression; the three-way distinction as one conceptual object is stated in the source §2 and cross-cited at the seam)
CC-A003-006,A003,weak viability coupling.,research_program/article_003_institutional_feedback/formal_content_inventory.md,inventory_item,architecture_transformation_composition,"specification, architecture, operator II, composition",EXACT_SPECIALIZATION,accepted_mapping,retain exact source assumptions; model-class extraction pending row review,defined_source_object,see source evaluation and action register; do not infer completeness,Paper 1 or monograph introduction,"Canonical architecture, transformation, and composition",TCS-1.0 interface contract; local producer/consumer fields required before theorem transfer,row_verified,Row-closed 2026-08-28 (A003 scientific pass; source read in full): physical mechanism type (typed-flux incidence taxonomy) verified in source §2 (weak viability coupling: use has limited or indirect effect on reproduction); module architecture_transformation_composition confirmed; mapping EXACT_SPECIALIZATION confirmed. Evidence status now defined_source_object. Content-level acceptance only: the TCS-1.0 §7 mapping type and the exact source assumptions are verified; the §8 interface contract for cross-module theorem transfer and all theorem statuses remain unchanged. Citation anchor locked at the source section named above; the paper-time citation match rides the Part III paper-support discipline. module architecture_transformation_composition confirmed (the weak-coupling concept is the composition-interface family — the A018 weak-coupling theorem precedent); destination Paper 1 or monograph introduction confirmed (matches the A018 closure's weak-coupling composition-result routing); the source's §5 alternative-mechanism discipline (an institutional mechanism must be compared with these alternatives rather than identified from periodicity alone) recorded
CC-A003-007,A003,ungated variant;,research_program/article_003_institutional_feedback/formal_content_inventory.md,inventory_item,nonlinear_dynamics,theorem record pending classification,EXACT_SPECIALIZATION,accepted_mapping,retain exact source assumptions; model-class extraction pending row review,defined_source_object,see source evaluation and action register; do not infer completeness,Paper 4,Delay and nonlinear transitions,TCS-1.0 interface contract; local producer/consumer fields required before theorem transfer,row_verified,"Row-closed 2026-08-28 (A003 scientific pass; source read in full): variant registry entry verified in source §7 (ungated variant — one of the nine archived numerical-programme objects; no equations, parameter files, code, or outputs included in the submitted source); module nonlinear_dynamics classified (intake: unclassified_canonical_review); mapping EXACT_SPECIALIZATION classified (intake: UNRESOLVED). Evidence status now defined_source_object. Content-level acceptance only: the TCS-1.0 §7 mapping type and the exact source assumptions are verified; the §8 interface contract for cross-module theorem transfer and all theorem statuses remain unchanged. Citation anchor locked at the source section named above; the paper-time citation match rides the Part III paper-support discipline. module classified nonlinear_dynamics (the archived stress-test variant family of the named delay dynamics); REGISTERED OBLIGATION, not a discharged artifact: the inventory's own closing line and the evaluation record §6 (""Their results cannot be verified from this file"") — each variant requires source equations, parameters, scripts or software settings, and outputs in the research-program registry before any numerical claim; the §7 tabulation discipline (governing equations, units/identifiability, equilibrium/boundary conditions, method/mesh/horizon, branch identity, six-status label) is the reproduction obligation's content"
CC-A003-008,A003,gated variant;,research_program/article_003_institutional_feedback/formal_content_inventory.md,inventory_item,nonlinear_dynamics,theorem record pending classification,EXACT_SPECIALIZATION,accepted_mapping,retain exact source assumptions; model-class extraction pending row review,defined_source_object,see source evaluation and action register; do not infer completeness,Paper 4,Delay and nonlinear transitions,TCS-1.0 interface contract; local producer/consumer fields required before theorem transfer,row_verified,"Row-closed 2026-08-28 (A003 scientific pass; source read in full): variant registry entry verified in source §7 (gated variant; same no-artifact status); module nonlinear_dynamics classified (intake: unclassified_canonical_review); mapping EXACT_SPECIALIZATION classified (intake: UNRESOLVED). Evidence status now defined_source_object. Content-level acceptance only: the TCS-1.0 §7 mapping type and the exact source assumptions are verified; the §8 interface contract for cross-module theorem transfer and all theorem statuses remain unchanged. Citation anchor locked at the source section named above; the paper-time citation match rides the Part III paper-support discipline. module classified nonlinear_dynamics; REGISTERED OBLIGATION (same §7 status as the ungated variant); the §3 non-negativity/effort-bounds discipline applies (""Gating, damping, or saturation is not accepted merely because it preserves a desired bifurcation; it must have a constitutive interpretation"")"
CC-A003-009,A003,hybrid-effort variant;,research_program/article_003_institutional_feedback/formal_content_inventory.md,inventory_item,nonlinear_dynamics,theorem record pending classification,EXACT_SPECIALIZATION,accepted_mapping,retain exact source assumptions; model-class extraction pending row review,defined_source_object,see source evaluation and action register; do not infer completeness,Paper 4,Delay and nonlinear transitions,TCS-1.0 interface contract; local producer/consumer fields required before theorem transfer,row_verified,Row-closed 2026-08-28 (A003 scientific pass; source read in full): variant registry entry verified in source §7 (hybrid-effort variant; same no-artifact status); module nonlinear_dynamics classified (intake: unclassified_canonical_review); mapping EXACT_SPECIALIZATION classified (intake: UNRESOLVED). Evidence status now defined_source_object. Content-level acceptance only: the TCS-1.0 §7 mapping type and the exact source assumptions are verified; the §8 interface contract for cross-module theorem transfer and all theorem statuses remain unchanged. Citation anchor locked at the source section named above; the paper-time citation match rides the Part III paper-support discipline. module classified nonlinear_dynamics; REGISTERED OBLIGATION (same §7 status)
CC-A003-010,A003,four-state support-pool variant;,research_program/article_003_institutional_feedback/formal_content_inventory.md,inventory_item,nonlinear_dynamics,theorem record pending classification,EXACT_SPECIALIZATION,accepted_mapping,retain exact source assumptions; model-class extraction pending row review,defined_source_object,see source evaluation and action register; do not infer completeness,Paper 4,Delay and nonlinear transitions,TCS-1.0 interface contract; local producer/consumer fields required before theorem transfer,row_verified,"Row-closed 2026-08-28 (A003 scientific pass; source read in full): variant registry entry verified in source §7 (four-state support-pool variant; same no-artifact status); module nonlinear_dynamics classified (intake: unclassified_canonical_review); mapping EXACT_SPECIALIZATION classified (intake: UNRESOLVED). Evidence status now defined_source_object. Content-level acceptance only: the TCS-1.0 §7 mapping type and the exact source assumptions are verified; the §8 interface contract for cross-module theorem transfer and all theorem statuses remain unchanged. Citation anchor locked at the source section named above; the paper-time citation match rides the Part III paper-support discipline. module classified nonlinear_dynamics; REGISTERED OBLIGATION (same §7 status); the named four-state treatment that IS verified lives in the A018 rows (closed) — this row is the registry entry, not a duplicate of A018's content; the §3 frozen-A discipline (""a frozen A is a formal limiting case, not a default physical assertion"") recorded"
CC-A003-011,A003,two-channel liquidation variant;,research_program/article_003_institutional_feedback/formal_content_inventory.md,inventory_item,nonlinear_dynamics,theorem record pending classification,EXACT_SPECIALIZATION,accepted_mapping,retain exact source assumptions; model-class extraction pending row review,defined_source_object,see source evaluation and action register; do not infer completeness,Paper 4,Delay and nonlinear transitions,TCS-1.0 interface contract; local producer/consumer fields required before theorem transfer,row_verified,Row-closed 2026-08-28 (A003 scientific pass; source read in full): variant registry entry verified in source §7 (two-channel liquidation variant; same no-artifact status); module nonlinear_dynamics classified (intake: unclassified_canonical_review); mapping EXACT_SPECIALIZATION classified (intake: UNRESOLVED). Evidence status now defined_source_object. Content-level acceptance only: the TCS-1.0 §7 mapping type and the exact source assumptions are verified; the §8 interface contract for cross-module theorem transfer and all theorem statuses remain unchanged. Citation anchor locked at the source section named above; the paper-time citation match rides the Part III paper-support discipline. module classified nonlinear_dynamics; REGISTERED OBLIGATION (same §7 status); the verified two-channel treatment lives in the A020 rows — this row is the registry entry; cite together at the Paper 4 two-channel section
CC-A003-012,A003,stage-structured variant;,research_program/article_003_institutional_feedback/formal_content_inventory.md,inventory_item,nonlinear_dynamics,theorem record pending classification,EXACT_SPECIALIZATION,accepted_mapping,retain exact source assumptions; model-class extraction pending row review,defined_source_object,see source evaluation and action register; do not infer completeness,Paper 4,Delay and nonlinear transitions,TCS-1.0 interface contract; local producer/consumer fields required before theorem transfer,row_verified,Row-closed 2026-08-28 (A003 scientific pass; source read in full): variant registry entry verified in source §7 (stage-structured variant; same no-artifact status); module nonlinear_dynamics classified (intake: unclassified_canonical_review); mapping EXACT_SPECIALIZATION classified (intake: UNRESOLVED). Evidence status now defined_source_object. Content-level acceptance only: the TCS-1.0 §7 mapping type and the exact source assumptions are verified; the §8 interface contract for cross-module theorem transfer and all theorem statuses remain unchanged. Citation anchor locked at the source section named above; the paper-time citation match rides the Part III paper-support discipline. module classified nonlinear_dynamics; REGISTERED OBLIGATION (same §7 status); the stage-structured THEOREM content is A022/A023's Paper 7 conditional rows — this row is the A003 registry entry riding Paper 4's variant registry; cite at the seam if Paper 7 is triggered
CC-A003-013,A003,sampled-review variant;,research_program/article_003_institutional_feedback/formal_content_inventory.md,inventory_item,observation_governance_empirics,"observation, assessment, policy, implementation, evidence",EXACT_SPECIALIZATION,accepted_mapping,retain exact source assumptions; model-class extraction pending row review,defined_source_object,see source evaluation and action register; do not infer completeness,Paper 5,"Observation, governance, and identification",TCS-1.0 interface contract; local producer/consumer fields required before theorem transfer,row_verified,"Row-closed 2026-08-28 (A003 scientific pass; source read in full): variant registry entry verified in source §7 (sampled-review variant; same no-artifact status); module observation_governance_empirics confirmed; mapping EXACT_SPECIALIZATION confirmed. Evidence status now defined_source_object. Content-level acceptance only: the TCS-1.0 §7 mapping type and the exact source assumptions are verified; the §8 interface contract for cross-module theorem transfer and all theorem statuses remain unchanged. Citation anchor locked at the source section named above; the paper-time citation match rides the Part III paper-support discipline. module observation_governance_empirics confirmed (the sampled-review variant instantiates §4's sampled-governance representation — the primary institutional representation per the source); destination Paper 5 confirmed; REGISTERED OBLIGATION (same §7 no-artifact status); §4's bridge discipline recorded: a continuous-delay approximation to the effort equation is admissible only after specifying the review interval, hold rule, implementation lag, and approximation error, and a sampled map can exhibit flip, Neimark-Sacker, or border-collision behavior not captured by continuous-delay Hopf terminology"
CC-A003-014,A003,thermodynamic-tether variant;,research_program/article_003_institutional_feedback/formal_content_inventory.md,inventory_item,nonlinear_dynamics,theorem record pending classification,EXACT_SPECIALIZATION,accepted_mapping,retain exact source assumptions; model-class extraction pending row review,defined_source_object,see source evaluation and action register; do not infer completeness,Paper 4,Delay and nonlinear transitions,TCS-1.0 interface contract; local producer/consumer fields required before theorem transfer,row_verified,Row-closed 2026-08-28 (A003 scientific pass; source read in full): variant registry entry verified in source §7 (thermodynamic-tether variant; same no-artifact status); module nonlinear_dynamics classified (intake: unclassified_canonical_review); mapping EXACT_SPECIALIZATION classified (intake: UNRESOLVED). Evidence status now defined_source_object. Content-level acceptance only: the TCS-1.0 §7 mapping type and the exact source assumptions are verified; the §8 interface contract for cross-module theorem transfer and all theorem statuses remain unchanged. Citation anchor locked at the source section named above; the paper-time citation match rides the Part III paper-support discipline. module classified nonlinear_dynamics; REGISTERED OBLIGATION (same §7 status)
CC-A003-015,A003,unified-core variant.,research_program/article_003_institutional_feedback/formal_content_inventory.md,inventory_item,nonlinear_dynamics,theorem record pending classification,EXACT_SPECIALIZATION,accepted_mapping,retain exact source assumptions; model-class extraction pending row review,defined_source_object,see source evaluation and action register; do not infer completeness,Paper 4,Delay and nonlinear transitions,TCS-1.0 interface contract; local producer/consumer fields required before theorem transfer,row_verified,Row-closed 2026-08-28 (A003 scientific pass; source read in full): variant registry entry verified in source §7 (unified-core variant; same no-artifact status); module nonlinear_dynamics classified (intake: unclassified_canonical_review); mapping EXACT_SPECIALIZATION classified (intake: UNRESOLVED). Evidence status now defined_source_object. Content-level acceptance only: the TCS-1.0 §7 mapping type and the exact source assumptions are verified; the §8 interface contract for cross-module theorem transfer and all theorem statuses remain unchanged. Citation anchor locked at the source section named above; the paper-time citation match rides the Part III paper-support discipline. module classified nonlinear_dynamics; REGISTERED OBLIGATION (same §7 status); the verified unified-core treatments live in the A018 rows — this row is the registry entry; the §6 safety-relevance ladder (bifurcation existence / persistence under coupling / safety relevance via attractor-basin-tube intersection with the unsafe set) and the structured-persistence conjecture's fold caution (transverse normal hyperbolicity does not imply normal hyperbolicity of the fold orbit itself) are the interpretive frame for every variant row
CC-A004-001,A004,H0: aggregate regional phosphorus balance,research_program/article_004_phosphorus/formal_content_inventory.md,inventory_item,observation_governance_empirics,theorem record pending classification,EXACT_SPECIALIZATION,accepted_mapping,retain exact source assumptions; model-class extraction pending row review,defined_source_object,see source evaluation and action register; do not infer completeness,Paper 3,Material ledgers and diagnostics,TCS-1.0 interface contract; local producer/consumer fields required before theorem transfer,row_verified,"Row-closed 2026-08-28 (A004 scientific pass; source read in full): competing-model-class definition verified in source §7 (H0: the aggregate regional phosphorus balance — the null comparator of the identification ladder; supported over H1/H2 only if the more complex models fail to improve held-out prediction, calibrated uncertainty, safety-boundary relevance, or decision advantage); module observation_governance_empirics classified (intake: unclassified_canonical_review); mapping EXACT_SPECIALIZATION classified (intake: UNRESOLVED). Evidence status now defined_source_object. Content-level acceptance only: the TCS-1.0 §7 mapping type and the exact source assumptions are verified; the §8 interface contract for cross-module theorem transfer and all theorem statuses remain unchanged. Citation anchor locked at the source section named above; the paper-time citation match rides the Part III paper-support discipline. module classified observation_governance_empirics (the competing-model ladder is the identification discipline); destination Paper 3 confirmed (the domain template rides Paper 3 per the architecture's domain-paper rule); REGISTERED TEMPLATE OBLIGATION — no constitutive content supplied in the source"
CC-A004-002,A004,H1: multi-compartment regional/catchment model,research_program/article_004_phosphorus/formal_content_inventory.md,inventory_item,observation_governance_empirics,theorem record pending classification,EXACT_SPECIALIZATION,accepted_mapping,retain exact source assumptions; model-class extraction pending row review,defined_source_object,see source evaluation and action register; do not infer completeness,Paper 3,Material ledgers and diagnostics,TCS-1.0 interface contract; local producer/consumer fields required before theorem transfer,row_verified,"Row-closed 2026-08-28 (A004 scientific pass; source read in full): competing-model-class definition verified in source §7 (H1: the multi-compartment regional/catchment model — the typed moiety ledger r_P with the extraction, regional, and catchment layers linked by the trade and land-routing interfaces); module observation_governance_empirics classified (intake: unclassified_canonical_review); mapping EXACT_SPECIALIZATION classified (intake: UNRESOLVED). Evidence status now defined_source_object. Content-level acceptance only: the TCS-1.0 §7 mapping type and the exact source assumptions are verified; the §8 interface contract for cross-module theorem transfer and all theorem statuses remain unchanged. Citation anchor locked at the source section named above; the paper-time citation match rides the Part III paper-support discipline. module classified observation_governance_empirics; the displacement discipline recorded (a regional safety claim must check exported phosphorus burden through imports, trade, waste shipment, or feed supply); cite with the A005 physical-hypothesis ladder at the Paper 3 identification seam"
CC-A004-003,A004,H2: spatial trade-network/catchment model,research_program/article_004_phosphorus/formal_content_inventory.md,inventory_item,observation_governance_empirics,theorem record pending classification,EXACT_SPECIALIZATION,accepted_mapping,retain exact source assumptions; model-class extraction pending row review,defined_source_object,see source evaluation and action register; do not infer completeness,Paper 3,Material ledgers and diagnostics,TCS-1.0 interface contract; local producer/consumer fields required before theorem transfer,row_verified,"Row-closed 2026-08-28 (A004 scientific pass; source read in full): competing-model-class definition verified in source §7 (H2: the spatial trade-network/catchment model — trade and transport as explicit matrices/correspondences with sign, units, delay, ownership, and boundary status declared at every interface); module observation_governance_empirics classified (intake: unclassified_canonical_review); mapping EXACT_SPECIALIZATION classified (intake: UNRESOLVED). Evidence status now defined_source_object. Content-level acceptance only: the TCS-1.0 §7 mapping type and the exact source assumptions are verified; the §8 interface contract for cross-module theorem transfer and all theorem statuses remain unchanged. Citation anchor locked at the source section named above; the paper-time citation match rides the Part III paper-support discipline. module classified observation_governance_empirics; the compositional-certificate conditions recorded (interface assumptions, shared-control compatibility, and nonblocking institutional events); the falsification protocol recorded (the module is falsified as a necessary architecture if simpler models predict held-out outcomes equally well with equal or better calibrated uncertainty — ""the architecture must be narrowed"")"
CC-A005-001,A005,H0: one-pool storage;,research_program/article_005_groundwater/formal_content_inventory.md,inventory_item,observation_governance_empirics,theorem record pending classification,EXACT_SPECIALIZATION,accepted_mapping,retain exact source assumptions; model-class extraction pending row review,defined_source_object,see source evaluation and action register; do not infer completeness,Paper 3,Material ledgers and diagnostics,TCS-1.0 interface contract; local producer/consumer fields required before theorem transfer,row_verified,Row-closed 2026-08-28 (A005 scientific pass; source read in full): competing-physical-hypothesis definition verified in source §7 (H0: one-pool storage — the null comparator of the physical identification ladder); module observation_governance_empirics classified (intake: unclassified_canonical_review); mapping EXACT_SPECIALIZATION classified (intake: UNRESOLVED). Evidence status now defined_source_object. Content-level acceptance only: the TCS-1.0 §7 mapping type and the exact source assumptions are verified; the §8 interface contract for cross-module theorem transfer and all theorem statuses remain unchanged. Citation anchor locked at the source section named above; the paper-time citation match rides the Part III paper-support discipline. module classified observation_governance_empirics (the hypothesis ladder is the identification discipline); destination Paper 3 confirmed (the domain template rides Paper 3); REGISTERED TEMPLATE OBLIGATION — no constitutive content supplied
CC-A005-002,A005,H1: fast/slow two-pool storage with bidirectional leakage;,research_program/article_005_groundwater/formal_content_inventory.md,inventory_item,observation_governance_empirics,theorem record pending classification,EXACT_SPECIALIZATION,accepted_mapping,retain exact source assumptions; model-class extraction pending row review,defined_source_object,see source evaluation and action register; do not infer completeness,Paper 3,Material ledgers and diagnostics,TCS-1.0 interface contract; local producer/consumer fields required before theorem transfer,row_verified,"Row-closed 2026-08-28 (A005 scientific pass; source read in full): competing-physical-hypothesis definition verified in source §7 (H1: fast/slow two-pool storage with bidirectional leakage — ""a falsifiable competing physical hypothesis, not a universal ontology""; supported only by improved held-out state/service/safety prediction or demonstrably better calibrated uncertainty); module observation_governance_empirics classified (intake: unclassified_canonical_review); mapping EXACT_SPECIALIZATION classified (intake: UNRESOLVED). Evidence status now defined_source_object. Content-level acceptance only: the TCS-1.0 §7 mapping type and the exact source assumptions are verified; the §8 interface contract for cross-module theorem transfer and all theorem statuses remain unchanged. Citation anchor locked at the source section named above; the paper-time citation match rides the Part III paper-support discipline. module classified observation_governance_empirics; the two-pool logic joins the A018 diagnostics at the Paper 3 seam; cite with the A004 physical-hypothesis ladder"
CC-A005-003,A005,H2: distributed or higher-dimensional groundwater model.,research_program/article_005_groundwater/formal_content_inventory.md,inventory_item,observation_governance_empirics,"ledger, services, admissible set, theorem record",EXACT_SPECIALIZATION,accepted_mapping,retain exact source assumptions; model-class extraction pending row review,defined_source_object,see source evaluation and action register; do not infer completeness,Paper 3,Material ledgers and diagnostics,TCS-1.0 interface contract; local producer/consumer fields required before theorem transfer,row_verified,"Row-closed 2026-08-28 (A005 scientific pass; source read in full): competing-physical-hypothesis definition verified in source §7 (H2: a justified distributed or higher-dimensional groundwater model); module observation_governance_empirics corrected (intake: ledger_diagnostics); mapping EXACT_SPECIALIZATION confirmed. Evidence status now defined_source_object. Content-level acceptance only: the TCS-1.0 §7 mapping type and the exact source assumptions are verified; the §8 interface contract for cross-module theorem transfer and all theorem statuses remain unchanged. Citation anchor locked at the source section named above; the paper-time citation match rides the Part III paper-support discipline. module corrected ledger_diagnostics → observation_governance_empirics (the competing-model ladder is ONE identification object — the same H0/H1/H2 family as -001/-002 and the A004 ladder; splitting its modules would split the ladder); evidence kind-corrected to defined_source_object (a hypothesis-class definition, not an empirical record); destination Paper 3 confirmed"
CC-A005-004,A005,scarcity-amplifying extraction;,research_program/article_005_groundwater/formal_content_inventory.md,inventory_item,observation_governance_empirics,theorem record pending classification,EXACT_SPECIALIZATION,accepted_mapping,retain exact source assumptions; model-class extraction pending row review,defined_source_object,see source evaluation and action register; do not infer completeness,Paper 3,Material ledgers and diagnostics,TCS-1.0 interface contract; local producer/consumer fields required before theorem transfer,row_verified,"Row-closed 2026-08-28 (A005 scientific pass; source read in full): competing-institutional-hypothesis definition verified in source §7 (scarcity-amplifying extraction — the groundwater-module restatement of the A003 H1 response-sign taxonomy; ""No generic delay parameter is interpreted as an institutional lag without dated evidence of observation, assessment, authorization, implementation, and enforcement""); module observation_governance_empirics classified (intake: unclassified_canonical_review); mapping EXACT_SPECIALIZATION classified (intake: UNRESOLVED). Evidence status now defined_source_object. Content-level acceptance only: the TCS-1.0 §7 mapping type and the exact source assumptions are verified; the §8 interface contract for cross-module theorem transfer and all theorem statuses remain unchanged. Citation anchor locked at the source section named above; the paper-time citation match rides the Part III paper-support discipline. module classified observation_governance_empirics; destination Paper 3 confirmed (the domain template's institutional ladder); cite with CC-A003-001 (the H1 statement whose named instantiation rides Paper 4) at the seam"
CC-A005-005,A005,protective restraint/restoration;,research_program/article_005_groundwater/formal_content_inventory.md,inventory_item,observation_governance_empirics,theorem record pending classification,EXACT_SPECIALIZATION,accepted_mapping,retain exact source assumptions; model-class extraction pending row review,defined_source_object,see source evaluation and action register; do not infer completeness,Paper 3,Material ledgers and diagnostics,TCS-1.0 interface contract; local producer/consumer fields required before theorem transfer,row_verified,Row-closed 2026-08-28 (A005 scientific pass; source read in full): competing-institutional-hypothesis definition verified in source §7 (protective restraint/restoration — the groundwater-module restatement of the A003 H2 response-sign taxonomy); module observation_governance_empirics classified (intake: unclassified_canonical_review); mapping EXACT_SPECIALIZATION classified (intake: UNRESOLVED). Evidence status now defined_source_object. Content-level acceptance only: the TCS-1.0 §7 mapping type and the exact source assumptions are verified; the §8 interface contract for cross-module theorem transfer and all theorem statuses remain unchanged. Citation anchor locked at the source section named above; the paper-time citation match rides the Part III paper-support discipline. module classified observation_governance_empirics; destination Paper 3 confirmed; cite with CC-A003-002 at the seam
CC-A005-006,A005,inertia/capture/state-dependent action.,research_program/article_005_groundwater/formal_content_inventory.md,inventory_item,observation_governance_empirics,"operator I, theorem record, mapping",EXACT_SPECIALIZATION,accepted_mapping,retain exact source assumptions; model-class extraction pending row review,defined_source_object,see source evaluation and action register; do not infer completeness,Paper 2,Formal viability and theorem atlas,TCS-1.0 interface contract; local producer/consumer fields required before theorem transfer,row_verified,"Row-closed 2026-08-28 (A005 scientific pass; source read in full): competing-institutional-hypothesis definition verified in source §7 (inertia/capture/state-dependent action — the groundwater-module restatement of the A003 H3 response-sign taxonomy); module observation_governance_empirics corrected (intake: formal_foundations); mapping EXACT_SPECIALIZATION confirmed. Evidence status now defined_source_object. Content-level acceptance only: the TCS-1.0 §7 mapping type and the exact source assumptions are verified; the §8 interface contract for cross-module theorem transfer and all theorem statuses remain unchanged. Citation anchor locked at the source section named above; the paper-time citation match rides the Part III paper-support discipline. module corrected formal_foundations → observation_governance_empirics (the same A001-closure precedent applied to CC-A003-003 this campaign: the implementation-operator response family is the governance chain, not a viability-kernel result); destination Paper 2 CONFIRMED (the H3 twin joins CC-A003-003 in the atlas's institutional-implementation family); cite at the seam"
CC-A006-001,A006,Sound; jump interpretation clarification needed,research_program/article_006_robust_epistemic/formal_result_inventory.md,Conditional hybrid moiety balance,ledger_diagnostics,"ledger, services, admissible set, theorem record",EXACT_SPECIALIZATION,accepted_mapping,retain exact source assumptions; model-class extraction pending row review,proof_inventory_present_line_check_required,see source evaluation and action register; do not infer completeness,Paper 3,Material ledgers and diagnostics,TCS-1.0 interface contract; local producer/consumer fields required before theorem transfer,row_verified,"Row-closed 2026-08-28 (A006 scientific pass; source read in full): theorem + proof verified in source §2 (conditional hybrid moiety balance; integrate between locally finite events and telescope the left/right jump differences); module ledger_diagnostics confirmed; mapping EXACT_SPECIALIZATION confirmed. Evidence status now proof_inventory_present_line_check_required. Content-level acceptance only: the TCS-1.0 §7 mapping type and the exact source assumptions are verified; the §8 interface contract for cross-module theorem transfer and all theorem statuses remain unchanged. Citation anchor locked at the source section named above; the paper-time citation match rides the Part III paper-support discipline. jump-interpretation clarification recorded: an internal-transformation jump requires L^T(r+−r−)=0 or a jump incidence factorization with left-kernel conservation, a boundary-crossing jump is a boundary impulse; the yield-routing obligation of the same section rides this theorem; superseded-but-preserved versus CC-A002-008 (typed hybrid conservation) — canonical source selection at paper time"
CC-A006-002,A006,Sound under stated RFDE/reset assumptions; phase-space detail needed,research_program/article_006_robust_epistemic/formal_result_inventory.md,Conditional hybrid history-cone invariance,formal_foundations,"state, model, admissible set, theorem record",EXACT_SPECIALIZATION,accepted_mapping,retain exact source assumptions; model-class extraction pending row review,proof_inventory_present_line_check_required,see source evaluation and action register; do not infer completeness,Paper 4,Delay and nonlinear transitions,TCS-1.0 interface contract; local producer/consumer fields required before theorem transfer,row_verified,"Row-closed 2026-08-28 (A006 scientific pass; source read in full): theorem + proof verified in source §2 (conditional hybrid history-cone invariance: quasipositivity at zero material components + reset positivity + induction over the locally finite event sequence); module formal_foundations corrected (intake: nonlinear_dynamics); mapping EXACT_SPECIALIZATION confirmed. Evidence status now proof_inventory_present_line_check_required. Content-level acceptance only: the TCS-1.0 §7 mapping type and the exact source assumptions are verified; the §8 interface contract for cross-module theorem transfer and all theorem statuses remain unchanged. module corrected to formal_foundations (intake: nonlinear_dynamics) by cross-source family consistency: the same nonnegative-invariance family for ordinary/hybrid/RFDE modes is classified formal_foundations (CC-A002-011); destination Paper 4 unchanged, matching CC-A002-011; the interval-of-existence limitation and the positivity-only scope (the source's own remark: positivity, boundedness, persistence, and viability are distinct) preserved; superseded-but-preserved versus CC-A002-011"
CC-A006-003,A006,Conditional invocation of established theory,research_program/article_006_robust_epistemic/formal_result_inventory.md,Conditional full-information viability benchmark,observation_governance_empirics,"observation, assessment, policy, implementation, evidence",EXACT_SPECIALIZATION,accepted_mapping,retain exact source assumptions; model-class extraction pending row review,conditional_or_open,see source evaluation and action register; do not infer completeness,Paper 5,"Observation, governance, and identification",TCS-1.0 interface contract; local producer/consumer fields required before theorem transfer,row_verified,"Row-closed 2026-08-28 (A006 scientific pass; source read in full): proposition verified in source §3 (conditional full-information viability benchmark — a conditional invocation of established controlled-invariance theory; no proof on the line); module observation_governance_empirics confirmed; mapping EXACT_SPECIALIZATION confirmed. Evidence status now conditional_or_open. Content-level acceptance only: the TCS-1.0 §7 mapping type and the exact source assumptions are verified; the §8 interface contract for cross-module theorem transfer and all theorem statuses remain unchanged. the source's own claim-status table: ""conditional benchmark / finite-dimensional ODE"" and the source's own remark: ""an ideal ODE benchmark. It is not a theorem for delayed, sampled, partially observed institutions""; the canonical theorem of the invoked family is CC-A001-023 (formal_foundations, Paper 2) — at paper time the benchmark is cited as the ideal limit of the sampled-governance comparison, with the A001 robust-tangency family as the formal source"
CC-A006-004,A006,Correct; second counterexample should be explicit,research_program/article_006_robust_epistemic/formal_result_inventory.md,Stability and safety are independent,formal_foundations,"state, model, admissible set, theorem record",COUNTEREXAMPLE_OR_LIMIT,accepted_mapping,retain exact source assumptions; model-class extraction pending row review,proof_inventory_present_line_check_required,see source evaluation and action register; do not infer completeness,Paper 2,Delay and nonlinear transitions,TCS-1.0 interface contract; local producer/consumer fields required before theorem transfer,row_verified,"Row-closed 2026-08-28 (A006 scientific pass; source read in full): lemma + proof verified in source §3 (stability and safety are independent: xdot=−(x+1) with safe set [0,∞) for the first statement; a nominally safe stable system with a disturbance class driving the state outside the set for the second); module formal_foundations corrected (intake: nonlinear_dynamics); mapping COUNTEREXAMPLE_OR_LIMIT confirmed. Evidence status now proof_inventory_present_line_check_required. Content-level acceptance only: the TCS-1.0 §7 mapping type and the exact source assumptions are verified; the §8 interface contract for cross-module theorem transfer and all theorem statuses remain unchanged. module corrected to formal_foundations (intake: nonlinear_dynamics) and destination corrected Paper 4 → Paper 2: the lemma is not delay-specific — it is an explicit failure boundary of viability theory, the CC-A001-008 counterexample family's module and destination; the architecture lists repaired A006 fragments among Paper 2's sources; the second counterexample remains verbal in both the upload and the corrected article — the evaluation record supplies the explicit example (xdot=−x+w, w∈[−2,2], C=[−1,1]) as a paper-time obligation"
CC-A006-005,A006,Coherent recursion,research_program/article_006_robust_epistemic/formal_result_inventory.md,Finite-horizon epistemic-institutional kernel,observation_governance_empirics,"observation, assessment, policy, implementation, evidence",EXACT_SPECIALIZATION,accepted_mapping,retain exact source assumptions; model-class extraction pending row review,defined_source_object,see source evaluation and action register; do not infer completeness,Paper 2,"Observation, governance, and identification",TCS-1.0 interface contract; local producer/consumer fields required before theorem transfer,row_verified,"Row-closed 2026-08-28 (A006 scientific pass; source read in full): definition verified in source §5 (finite-horizon epistemic-institutional kernel: K_0=S, K_{n+1}=K_n ∩ Pre_I(K_n)); module observation_governance_empirics confirmed; mapping EXACT_SPECIALIZATION confirmed. Evidence status now defined_source_object. Content-level acceptance only: the TCS-1.0 §7 mapping type and the exact source assumptions are verified; the §8 interface contract for cross-module theorem transfer and all theorem statuses remain unchanged. Citation anchor locked at the source section named above; the paper-time citation match rides the Part III paper-support discipline. module confirmed by the CC-A002-032 compact-sampled-information-model precedent; the institutional information state Z=(B,h) with prescription authority Gamma and implementation correspondence E is the source's unique preserved architectural object (evaluation §14)"
CC-A006-006,A006,Critical operator mismatch; not verified as written,research_program/article_006_robust_epistemic/formal_result_inventory.md,Conditional sampled epistemic-institutional viability,observation_governance_empirics,"observation, assessment, policy, implementation, evidence",EXACT_SPECIALIZATION,accepted_mapping,retain exact source assumptions; model-class extraction pending row review,conditional_or_open,see source evaluation and action register; do not infer completeness,Paper 2,"Observation, governance, and identification",TCS-1.0 interface contract; local producer/consumer fields required before theorem transfer,row_verified,"Row-closed 2026-08-28 (A006 scientific pass; source read in full): theorem + proof verified in source §5 (conditional sampled epistemic-institutional viability) — NOT VERIFIED AS WRITTEN: the critical operator mismatch is real (the recursion K_{n+1}=K_n∩Pre_I(K_n) and the Tarski operator T(Q)=S∩Pre_I(Q) are not the same operator, so the fixed-point claim does not follow from the displayed recursion; evaluation record §6.2); module observation_governance_empirics confirmed; mapping EXACT_SPECIALIZATION confirmed. Evidence status now conditional_or_open. Content-level acceptance only: the TCS-1.0 §7 mapping type and the exact source assumptions are verified; the §8 interface contract for cross-module theorem transfer and all theorem statuses remain unchanged. destination corrected Paper 5 → Paper 2: the kernel definition CC-A006-005 is already Paper 2 and the whole A002 sampled-kernel family (CC-A002-021/-025/-026/-033) is Paper 2; routing the kernel's fixed-point theorem to Paper 5 would split the kernel object across papers (the A011 seam pattern); the architecture's Paper 2 content explicitly includes ""robust/epistemic kernels ... sampled/hybrid restrictions""; the repair IS committed in revised_articles/A006_robust_epistemic_corrected.tex (safe-base form: K_{n+1}=T(K_n):=S∩Pre_I(K_n) with the deflationary-orbit equivalence remark) — the corrected statement is the citable one at paper time; the ω-continuity-from-above condition for the countable limit and the transfinite fallback preserved; abstract-characterization status preserved (no nonemptiness, tractability, or calibration claim)"
CC-A006-007,A006,Sound after common-space/projection clarification,research_program/article_006_robust_epistemic/formal_result_inventory.md,Information-refinement monotonicity,observation_governance_empirics,"observation, assessment, policy, implementation, evidence",EXACT_SPECIALIZATION,accepted_mapping,retain exact source assumptions; model-class extraction pending row review,proof_inventory_present_line_check_required,see source evaluation and action register; do not infer completeness,Paper 5,"Observation, governance, and identification",TCS-1.0 interface contract; local producer/consumer fields required before theorem transfer,row_verified,Row-closed 2026-08-28 (A006 scientific pass; source read in full): theorem + proof verified in source §6 (information-refinement monotonicity: a controller with finer information can ignore it and implement a coarser-information strategy); module observation_governance_empirics confirmed; mapping EXACT_SPECIALIZATION confirmed. Evidence status now proof_inventory_present_line_check_required. Content-level acceptance only: the TCS-1.0 §7 mapping type and the exact source assumptions are verified; the §8 interface contract for cross-module theorem transfer and all theorem statuses remain unchanged. common-space/projection clarification recorded: the inclusion IViab^{I2}_T ⊆ IViab^{I1}_T requires the two kernels represented in a common physical initial-state space or a declared map between belief-state spaces; A001's fuller information-refinement theorem is the canonical source at paper time
CC-A006-008,A006,Sound after reformulation in terms of common safe prescriptions,research_program/article_006_robust_epistemic/formal_result_inventory.md,Common-action obstruction,observation_governance_empirics,"operator I, theorem record, mapping",COUNTEREXAMPLE_OR_LIMIT,accepted_mapping,retain exact source assumptions; model-class extraction pending row review,proof_inventory_present_line_check_required,see source evaluation and action register; do not infer completeness,Paper 2,Formal viability and theorem atlas,TCS-1.0 interface contract; local producer/consumer fields required before theorem transfer,row_verified,"Row-closed 2026-08-28 (A006 scientific pass; source read in full): proposition + proof verified in source §6 (common-action obstruction: output feedback must choose one action/prescription before the uncertainty within B is resolved; no such action is robustly safe for all compatible states); module observation_governance_empirics corrected (intake: formal_foundations); mapping COUNTEREXAMPLE_OR_LIMIT confirmed. Evidence status now proof_inventory_present_line_check_required. Content-level acceptance only: the TCS-1.0 §7 mapping type and the exact source assumptions are verified; the §8 interface contract for cross-module theorem transfer and all theorem statuses remain unchanged. module corrected to observation_governance_empirics (intake: formal_foundations) by cross-source family consistency: the instantaneous common-action obstruction family is CC-A001-026 (observation_governance_empirics, Paper 2); prescription-level reformulation recorded: the robust object is A_com(B,h)={a∈Γ(B,h): E(x,h,a)⊆U_safe(x) ∀x∈B} — an empty raw-action intersection does not preclude a common prescription under state-dependent implementation; A001's common-action and hidden-mode results are the stronger sources"
CC-A006-009,A006,Sound local inequality; notation and scope corrections needed,research_program/article_006_robust_epistemic/formal_result_inventory.md,Conditional observer-to-safety transfer,observation_governance_empirics,"operator I, theorem record, mapping",EXACT_SPECIALIZATION,accepted_mapping,retain exact source assumptions; model-class extraction pending row review,proof_inventory_present_line_check_required,see source evaluation and action register; do not infer completeness,Paper 2,Formal viability and theorem atlas,TCS-1.0 interface contract; local producer/consumer fields required before theorem transfer,row_verified,"Row-closed 2026-08-28 (A006 scientific pass; source read in full): proposition + proof verified in source §6 (conditional observer-to-safety transfer: full-state inward margin η_i preserved whenever L_i·||X̂−X|| ≤ η_i); module observation_governance_empirics corrected (intake: formal_foundations); mapping EXACT_SPECIALIZATION confirmed. Evidence status now proof_inventory_present_line_check_required. Content-level acceptance only: the TCS-1.0 §7 mapping type and the exact source assumptions are verified; the §8 interface contract for cross-module theorem transfer and all theorem statuses remain unchanged. module corrected to observation_governance_empirics (intake: formal_foundations) by cross-source family consistency: the observer/eroded-set transfer family is CC-A001-030 (observation_governance_empirics, Paper 2); dot-product notation and region/admissibility conditions recorded as required corrections; local sufficient condition only — eroded-set motivation without observer existence or estimator bounds; CC-A001-030 is the stronger source"
CC-A006-010,A006,Conditional interface result; assumptions carry substantive content,research_program/article_006_robust_epistemic/formal_result_inventory.md,Conditional compositional safety,architecture_transformation_composition,"specification, architecture, operator II, composition",EXACT_SPECIALIZATION,accepted_mapping,retain exact source assumptions; model-class extraction pending row review,conditional_or_open,see source evaluation and action register; do not infer completeness,Paper 1 or monograph introduction,"Canonical architecture, transformation, and composition",TCS-1.0 interface contract; local producer/consumer fields required before theorem transfer,row_verified,"Row-closed 2026-08-28 (A006 scientific pass; source read in full): proposition verified in source §6 (conditional compositional safety — stated WITHOUT proof on the line; the source's own remark: ""conditional on the interface contracts; separate subsystem certificates alone do not imply network safety""); module architecture_transformation_composition confirmed; mapping EXACT_SPECIALIZATION confirmed. Evidence status now conditional_or_open. Content-level acceptance only: the TCS-1.0 §7 mapping type and the exact source assumptions are verified; the §8 interface contract for cross-module theorem transfer and all theorem statuses remain unchanged. nearly all substantive work is in the hypotheses (consistently signed and routed interfaces, subsystem-assumption satisfaction, joint shared-control feasibility, nonblocking hybrid event composition); the paper-time formal sources are A001 Theorem 16.1 (restricted composition) and the A002 contract framework"
CC-A006-011,A006,Valid non-universality statement; explicit examples desirable,research_program/article_006_robust_epistemic/formal_result_inventory.md,No sign-free delay conclusion,nonlinear_dynamics,"state, model, admissible set, theorem record",COUNTEREXAMPLE_OR_LIMIT,accepted_mapping,retain exact source assumptions; model-class extraction pending row review,status_crosswalk_required,see source evaluation and action register; do not infer completeness,Paper 4,Delay and nonlinear transitions,TCS-1.0 interface contract; local producer/consumer fields required before theorem transfer,row_verified,"Row-closed 2026-08-28 (A006 scientific pass; source read in full): proposition verified in source §8 (no sign-free delay conclusion: the scalar systems xdot=−ax−bx(t−τ) and xdot=−ax+bx(t−τ), a,b>0, have different feedback signs and different stability properties); module nonlinear_dynamics confirmed; mapping COUNTEREXAMPLE_OR_LIMIT confirmed. Evidence status now status_crosswalk_required. Content-level acceptance only: the TCS-1.0 §7 mapping type and the exact source assumptions are verified; the §8 interface contract for cross-module theorem transfer and all theorem statuses remain unchanged. valid non-universality statement; no proof environment — the two sign-contrast systems are named in the statement; explicit parameter examples desirable (the evaluation's note); non-universality only — not an analysis of a particular sampled institution, distributed delay, non-minimum-phase plant, or ecological system (the source's own remark)"
CC-A006-012,A006,Sound with attainment/closure caveat,research_program/article_006_robust_epistemic/formal_result_inventory.md,Information value,observation_governance_empirics,"observation, assessment, policy, implementation, evidence",EXACT_SPECIALIZATION,accepted_mapping,retain exact source assumptions; model-class extraction pending row review,status_crosswalk_required,see source evaluation and action register; do not infer completeness,Paper 5,"Observation, governance, and identification",TCS-1.0 interface contract; local producer/consumer fields required before theorem transfer,row_verified,"Row-closed 2026-08-28 (A006 scientific pass; source read in full): remark/template verified in source §7 (robust information value V_T^I = sup inf min q under well-posedness; the refinement difference is a safety-margin value of information); module observation_governance_empirics confirmed; mapping EXACT_SPECIALIZATION confirmed. Evidence status now status_crosswalk_required. Content-level acceptance only: the TCS-1.0 §7 mapping type and the exact source assumptions are verified; the §8 interface contract for cross-module theorem transfer and all theorem statuses remain unchanged. attainment/closure caveat preserved: a nonnegative value is equivalent to finite-horizon robust safety only when the supremum is attained or the relevant viability closure is used; safety-margin value of information, not an entropy metric"
CC-A006-013,A006,Sound and aligned with Article 001,research_program/article_006_robust_epistemic/formal_result_inventory.md,Informational recovery,observation_governance_empirics,"observation, assessment, policy, implementation, evidence",EXACT_SPECIALIZATION,accepted_mapping,retain exact source assumptions; model-class extraction pending row review,status_crosswalk_required,see source evaluation and action register; do not infer completeness,Paper 5,"Observation, governance, and identification",TCS-1.0 interface contract; local producer/consumer fields required before theorem transfer,row_verified,"Row-closed 2026-08-28 (A006 scientific pass; source read in full): remark/template verified in source §7 (informational recovery: a strategy keeps the trajectory in the emergency envelope E_X until T and reaches (B_T,h_T) ∈ K_∞); module observation_governance_empirics confirmed; mapping EXACT_SPECIALIZATION confirmed. Evidence status now status_crosswalk_required. Content-level acceptance only: the TCS-1.0 §7 mapping type and the exact source assumptions are verified; the §8 interface contract for cross-module theorem transfer and all theorem statuses remain unchanged. physical recoverability does not imply institutional recoverability (the viable-information-state requirement) — the template's preserved content; destination Paper 5 consistent with the CC-A001-013 information-monotonicity-of-recovery precedent"
CC-A006-014,A006,Sound conditional dual-control template,research_program/article_006_robust_epistemic/formal_result_inventory.md,Safe learning,observation_governance_empirics,"operator I, theorem record, mapping",EXACT_SPECIALIZATION,accepted_mapping,retain exact source assumptions; model-class extraction pending row review,conditional_or_open,see source evaluation and action register; do not infer completeness,Paper 2,Formal viability and theorem atlas,TCS-1.0 interface contract; local producer/consumer fields required before theorem transfer,row_verified,Row-closed 2026-08-28 (A006 scientific pass; source read in full): remark/template verified in source §7 (safe learning: an action is safely informative only if tube-safe and contracting a declared belief-size functional for every compatible observation branch); module observation_governance_empirics corrected (intake: formal_foundations); mapping EXACT_SPECIALIZATION confirmed. Evidence status now conditional_or_open. Content-level acceptance only: the TCS-1.0 §7 mapping type and the exact source assumptions are verified; the §8 interface contract for cross-module theorem transfer and all theorem statuses remain unchanged. module corrected to observation_governance_empirics (intake: formal_foundations) by cross-source family consistency: belief/learning objects are the CC-A001-006 information-contraction and CC-A001-094 adaptive-learning families (observation_governance_empirics); a domain-specific dual-control problem — learning is not presumed harmless; destination Paper 2 unchanged
CC-A006-015,A006,Sound under aligned dynamics/information/uncertainty,research_program/article_006_robust_epistemic/formal_result_inventory.md,Normative monotonicity,observation_governance_empirics,"observation, assessment, policy, implementation, evidence",EXACT_SPECIALIZATION,accepted_mapping,retain exact source assumptions; model-class extraction pending row review,status_crosswalk_required,see source evaluation and action register; do not infer completeness,Paper 5,"Observation, governance, and identification",TCS-1.0 interface contract; local producer/consumer fields required before theorem transfer,row_verified,Row-closed 2026-08-28 (A006 scientific pass; source read in full): remark verified in source §7 (normative monotonicity: C_X(λ1)⊆C_X(λ2) and A(·;λ1)⊆A(·;λ2) give nested viability kernels in the same direction under aligned dynamics/information/uncertainty); module observation_governance_empirics confirmed; mapping EXACT_SPECIALIZATION confirmed. Evidence status now status_crosswalk_required. Content-level acceptance only: the TCS-1.0 §7 mapping type and the exact source assumptions are verified; the §8 interface contract for cross-module theorem transfer and all theorem statuses remain unchanged. valid monotonicity result; exposes feasibility consequences of normative choices without purporting to derive or justify them (the source's own scope discipline)
CC-A006-016,A006,Merge with Articles 002–003; class-specific conditions required,research_program/article_006_robust_epistemic/formal_result_inventory.md,RFDE/hybrid transition persistence,nonlinear_dynamics,"state, model, admissible set, theorem record",EXACT_SPECIALIZATION,accepted_mapping,retain exact source assumptions; model-class extraction pending row review,conditional_or_open,see source evaluation and action register; do not infer completeness,Paper 4,Delay and nonlinear transitions,TCS-1.0 interface contract; local producer/consumer fields required before theorem transfer,row_verified,"Row-closed 2026-08-28 (A006 scientific pass; source read in full): conjecture verified in source §8 (unnumbered paragraph: persistence of a reduced hybrid/RFDE nonlinear transition requires well-posed semiflow, fast difference-operator contractivity, spectral separation, center-manifold reduction, transverse Poincaré-map conditions, regular coupling, and preservation of material feasibility and safety); module nonlinear_dynamics confirmed; mapping EXACT_SPECIALIZATION confirmed. Evidence status now conditional_or_open. Content-level acceptance only: the TCS-1.0 §7 mapping type and the exact source assumptions are verified; the §8 interface contract for cross-module theorem transfer and all theorem statuses remain unchanged. merge with the A002–A003 conjecture programme with class-specific conditions (the evaluation's instruction); fast difference-operator contractivity applies to particular neutral/difference formulations and is not a universal RFDE condition; the fold-orbit normal-hyperbolicity caveat (transversely but not on the fold orbit itself) preserved; module/destination consistent with the A002 conjecture rows CC-A002-042/-043/-044 (nonlinear_dynamics, Paper 4)"
CC-A007-001,A007,Compensatory reporting limit,research_program/article_007_hybrid_architecture/formal_content_inventory.md,inventory_item,formal_foundations,theorem record pending classification,COUNTEREXAMPLE_OR_LIMIT,accepted_mapping,retain exact source assumptions; model-class extraction pending row review,proof_inventory_present_line_check_required,see source evaluation and action register; do not infer completeness,Paper 2,"Observation, governance, and identification",TCS-1.0 interface contract; local producer/consumer fields required before theorem transfer,row_verified,"Row-closed 2026-08-28 (A007 scientific pass; source read in full): lemma verified in source §7 (the compensatory reporting limit: for unrestricted margins b in R^n, n >= 2, and w in R_{++}^n, w^T b > 0 does not imply b in R_+^n — the two-coordinate witness-construction family; §4's noncompensatory margin discipline: safety requires m in R_+^{q+p}, a scalar certificate only in noncompensatory form min_i m_i, weighted summaries report preferences but do not certify without a restricted-domain proof); module formal_foundations classified (intake: unclassified_canonical_review); mapping COUNTEREXAMPLE_OR_LIMIT corrected (intake: APPROXIMATION). Evidence status now proof_inventory_present_line_check_required. Content-level acceptance only: the TCS-1.0 §7 mapping type and the exact source assumptions are verified; the §8 interface contract for cross-module theorem transfer and all theorem statuses remain unchanged. Citation anchor locked at the source section named above; the paper-time citation match rides the Part III paper-support discipline. mapping corrected APPROXIMATION → COUNTEREXAMPLE_OR_LIMIT (intake: APPROXIMATION): the witness-construction family — the same logical content as CC-A018-001 / CC-A013-001 / CC-A016-004, all classified COUNTEREXAMPLE_OR_LIMIT; module classified formal_foundations (the noncompensation family); destination Paper 2 confirmed (the atlas's noncompensation family); cite the A018/A013 twins at the seam"
CC-A007-002,A007,Static diagnostic aliasing,research_program/article_007_hybrid_architecture/formal_content_inventory.md,inventory_item,observation_governance_empirics,theorem record pending classification,COUNTEREXAMPLE_OR_LIMIT,accepted_mapping,retain exact source assumptions; model-class extraction pending row review,proof_inventory_present_line_check_required,see source evaluation and action register; do not infer completeness,Paper 2,"Observation, governance, and identification",TCS-1.0 interface contract; local producer/consumer fields required before theorem transfer,row_verified,"Row-closed 2026-08-28 (A007 scientific pass; source read in full): lemma verified in source §7 (the static diagnostic aliasing: if a safe and an unsafe point state have the same instantaneous observation, no memoryless deterministic classifier of that observation correctly classifies both; the remark preserves the scope — ""The latter lemma does not establish dynamic unobservability. Observer/filter/set-membership claims require dynamic observability/detectability, error, and structural-discrepancy conditions""); module observation_governance_empirics classified (intake: unclassified_canonical_review); mapping COUNTEREXAMPLE_OR_LIMIT classified (intake: UNRESOLVED). Evidence status now proof_inventory_present_line_check_required. Content-level acceptance only: the TCS-1.0 §7 mapping type and the exact source assumptions are verified; the §8 interface contract for cross-module theorem transfer and all theorem statuses remain unchanged. Citation anchor locked at the source section named above; the paper-time citation match rides the Part III paper-support discipline. module classified observation_governance_empirics (the observation-limits family); mapping classified COUNTEREXAMPLE_OR_LIMIT (the memoryless-classifier impossibility — boundary content; the twin of the observation-fibre certification family CC-A010-001, which carries the positive iff characterization); destination Paper 2 confirmed (the atlas's observation and epistemic viability family); the dynamic-observability scope remark preserved verbatim"
CC-A008-001,A008,Reported \(\alpha\),research_program/article_008_institutional_solvency/formal_content_inventory.md,Correct \(\alpha\) from displayed inputs,unclassified_canonical_review,theorem record pending classification,UNRESOLVED,rejected_or_limit_mapping,retain exact source assumptions; model-class extraction pending row review,rejected_source_branch,see source evaluation and action register; do not infer completeness,negative/counterexample register or conditional redesign docket,Conditional docket,TCS-1.0 interface contract; local producer/consumer fields required before theorem transfer,adjudicated_rejected_or_negative_only,Inventory-complete intake row; no status promotion.
CC-A008-002,A008,0.20,research_program/article_008_institutional_solvency/formal_content_inventory.md,200,unclassified_canonical_review,theorem record pending classification,UNRESOLVED,rejected_or_limit_mapping,retain exact source assumptions; model-class extraction pending row review,rejected_source_branch,see source evaluation and action register; do not infer completeness,negative/counterexample register or conditional redesign docket,Conditional docket,TCS-1.0 interface contract; local producer/consumer fields required before theorem transfer,adjudicated_rejected_or_negative_only,Inventory-complete intake row; no status promotion.
CC-A008-003,A008,0.0012,research_program/article_008_institutional_solvency/formal_content_inventory.md,1.20,unclassified_canonical_review,theorem record pending classification,UNRESOLVED,rejected_or_limit_mapping,retain exact source assumptions; model-class extraction pending row review,rejected_source_branch,see source evaluation and action register; do not infer completeness,negative/counterexample register or conditional redesign docket,Conditional docket,TCS-1.0 interface contract; local producer/consumer fields required before theorem transfer,adjudicated_rejected_or_negative_only,Inventory-complete intake row; no status promotion.
CC-A008-004,A008,0.0016,research_program/article_008_institutional_solvency/formal_content_inventory.md,1.60,unclassified_canonical_review,theorem record pending classification,UNRESOLVED,rejected_or_limit_mapping,retain exact source assumptions; model-class extraction pending row review,rejected_source_branch,see source evaluation and action register; do not infer completeness,negative/counterexample register or conditional redesign docket,Conditional docket,TCS-1.0 interface contract; local producer/consumer fields required before theorem transfer,adjudicated_rejected_or_negative_only,Inventory-complete intake row; no status promotion.
CC-A008-005,A008,0.013,research_program/article_008_institutional_solvency/formal_content_inventory.md,0.0125,unclassified_canonical_review,theorem record pending classification,UNRESOLVED,rejected_or_limit_mapping,retain exact source assumptions; model-class extraction pending row review,rejected_source_branch,see source evaluation and action register; do not infer completeness,negative/counterexample register or conditional redesign docket,Conditional docket,TCS-1.0 interface contract; local producer/consumer fields required before theorem transfer,adjudicated_rejected_or_negative_only,Inventory-complete intake row; no status promotion.
CC-A008-006,A008,0.0000015,research_program/article_008_institutional_solvency/formal_content_inventory.md,0.0015,unclassified_canonical_review,theorem record pending classification,UNRESOLVED,rejected_or_limit_mapping,retain exact source assumptions; model-class extraction pending row review,rejected_source_branch,see source evaluation and action register; do not infer completeness,negative/counterexample register or conditional redesign docket,Conditional docket,TCS-1.0 interface contract; local producer/consumer fields required before theorem transfer,adjudicated_rejected_or_negative_only,Inventory-complete intake row; no status promotion.
CC-A008-007,A008,0.00035,research_program/article_008_institutional_solvency/formal_content_inventory.md,0.350,unclassified_canonical_review,theorem record pending classification,UNRESOLVED,rejected_or_limit_mapping,retain exact source assumptions; model-class extraction pending row review,rejected_source_branch,see source evaluation and action register; do not infer completeness,negative/counterexample register or conditional redesign docket,Conditional docket,TCS-1.0 interface contract; local producer/consumer fields required before theorem transfer,adjudicated_rejected_or_negative_only,Inventory-complete intake row; no status promotion.
CC-A008-008,A008,0.0000008,research_program/article_008_institutional_solvency/formal_content_inventory.md,0.0008,unclassified_canonical_review,theorem record pending classification,UNRESOLVED,rejected_or_limit_mapping,retain exact source assumptions; model-class extraction pending row review,rejected_source_branch,see source evaluation and action register; do not infer completeness,negative/counterexample register or conditional redesign docket,Conditional docket,TCS-1.0 interface contract; local producer/consumer fields required before theorem transfer,adjudicated_rejected_or_negative_only,Inventory-complete intake row; no status promotion.
CC-A009-001,A009,PIP query and extraction code;,research_program/article_009_distributive_barrier/formal_content_inventory.md,inventory_item,observation_governance_empirics,"observation, assessment, policy, implementation, evidence",EXACT_SPECIALIZATION,rejected_or_limit_mapping,retain exact source assumptions; model-class extraction pending row review,rejected_source_branch,see source evaluation and action register; do not infer completeness,negative/counterexample register or conditional redesign docket,"Observation, governance, and identification",TCS-1.0 interface contract; local producer/consumer fields required before theorem transfer,adjudicated_rejected_or_negative_only,Inventory-complete intake row; no status promotion.
CC-A009-002,A009,country/region coverage and survey years;,research_program/article_009_distributive_barrier/formal_content_inventory.md,inventory_item,unclassified_canonical_review,theorem record pending classification,UNRESOLVED,rejected_or_limit_mapping,retain exact source assumptions; model-class extraction pending row review,rejected_source_branch,see source evaluation and action register; do not infer completeness,negative/counterexample register or conditional redesign docket,Conditional docket,TCS-1.0 interface contract; local producer/consumer fields required before theorem transfer,adjudicated_rejected_or_negative_only,Inventory-complete intake row; no status promotion.
CC-A009-003,A009,welfare concept and PPP vintage;,research_program/article_009_distributive_barrier/formal_content_inventory.md,inventory_item,unclassified_canonical_review,theorem record pending classification,UNRESOLVED,rejected_or_limit_mapping,retain exact source assumptions; model-class extraction pending row review,rejected_source_branch,see source evaluation and action register; do not infer completeness,negative/counterexample register or conditional redesign docket,Conditional docket,TCS-1.0 interface contract; local producer/consumer fields required before theorem transfer,adjudicated_rejected_or_negative_only,Inventory-complete intake row; no status promotion.
CC-A009-004,A009,population weights;,research_program/article_009_distributive_barrier/formal_content_inventory.md,inventory_item,unclassified_canonical_review,theorem record pending classification,UNRESOLVED,rejected_or_limit_mapping,retain exact source assumptions; model-class extraction pending row review,rejected_source_branch,see source evaluation and action register; do not infer completeness,negative/counterexample register or conditional redesign docket,Conditional docket,TCS-1.0 interface contract; local producer/consumer fields required before theorem transfer,adjudicated_rejected_or_negative_only,Inventory-complete intake row; no status promotion.
CC-A009-005,A009,bottom-decile estimator;,research_program/article_009_distributive_barrier/formal_content_inventory.md,inventory_item,unclassified_canonical_review,theorem record pending classification,UNRESOLVED,rejected_or_limit_mapping,retain exact source assumptions; model-class extraction pending row review,rejected_source_branch,see source evaluation and action register; do not infer completeness,negative/counterexample register or conditional redesign docket,Conditional docket,TCS-1.0 interface contract; local producer/consumer fields required before theorem transfer,adjudicated_rejected_or_negative_only,Inventory-complete intake row; no status promotion.
CC-A009-006,A009,"data for biophysical, infrastructure, and agency axes;",research_program/article_009_distributive_barrier/formal_content_inventory.md,inventory_item,unclassified_canonical_review,theorem record pending classification,UNRESOLVED,rejected_or_limit_mapping,retain exact source assumptions; model-class extraction pending row review,rejected_source_branch,see source evaluation and action register; do not infer completeness,negative/counterexample register or conditional redesign docket,Conditional docket,TCS-1.0 interface contract; local producer/consumer fields required before theorem transfer,adjudicated_rejected_or_negative_only,Inventory-complete intake row; no status promotion.
CC-A009-007,A009,floor provenance;,research_program/article_009_distributive_barrier/formal_content_inventory.md,inventory_item,unclassified_canonical_review,theorem record pending classification,UNRESOLVED,rejected_or_limit_mapping,retain exact source assumptions; model-class extraction pending row review,rejected_source_branch,see source evaluation and action register; do not infer completeness,negative/counterexample register or conditional redesign docket,Conditional docket,TCS-1.0 interface contract; local producer/consumer fields required before theorem transfer,adjudicated_rejected_or_negative_only,Inventory-complete intake row; no status promotion.
CC-A009-008,A009,uncertainty propagation;,research_program/article_009_distributive_barrier/formal_content_inventory.md,inventory_item,unclassified_canonical_review,theorem record pending classification,UNRESOLVED,rejected_or_limit_mapping,retain exact source assumptions; model-class extraction pending row review,rejected_source_branch,see source evaluation and action register; do not infer completeness,negative/counterexample register or conditional redesign docket,Conditional docket,TCS-1.0 interface contract; local producer/consumer fields required before theorem transfer,adjudicated_rejected_or_negative_only,Inventory-complete intake row; no status promotion.
CC-A009-009,A009,dynamics and policy model for a true CBF result;,research_program/article_009_distributive_barrier/formal_content_inventory.md,inventory_item,unclassified_canonical_review,theorem record pending classification,UNRESOLVED,rejected_or_limit_mapping,retain exact source assumptions; model-class extraction pending row review,rejected_source_branch,see source evaluation and action register; do not infer completeness,negative/counterexample register or conditional redesign docket,Conditional docket,TCS-1.0 interface contract; local producer/consumer fields required before theorem transfer,adjudicated_rejected_or_negative_only,Inventory-complete intake row; no status promotion.
CC-A009-010,A009,cohort definition and transition estimator.,research_program/article_009_distributive_barrier/formal_content_inventory.md,inventory_item,unclassified_canonical_review,theorem record pending classification,UNRESOLVED,rejected_or_limit_mapping,retain exact source assumptions; model-class extraction pending row review,rejected_source_branch,see source evaluation and action register; do not infer completeness,negative/counterexample register or conditional redesign docket,Conditional docket,TCS-1.0 interface contract; local producer/consumer fields required before theorem transfer,adjudicated_rejected_or_negative_only,Inventory-complete intake row; no status promotion.
CC-A010-001,A010,Verified,research_program/article_010_research_architecture_perspective/formal_result_inventory.md,Observation-fibre certification,observation_governance_empirics,"observation, assessment, policy, implementation, evidence",EXACT_SPECIALIZATION,accepted_mapping,retain exact source assumptions; model-class extraction pending row review,proof_inventory_present_line_check_required,see source evaluation and action register; do not infer completeness,Paper 5,"Observation, governance, and identification",TCS-1.0 interface contract; local producer/consumer fields required before theorem transfer,row_verified,"Row-closed 2026-08-28 (A010 scientific pass; source read in full): theorem + proof verified in source §8 (the observation-fibre certification criterion: a deterministic observation-only certificate c: Y -> {0,1} with c(O(z)) = 1_K(z) for every z in D exists iff membership in K is constant on every observation fibre — the two-line double-inclusion proof); the scope note preserved (it concerns CURRENT latent-state membership certification only; it does not imply observation-based robust control is impossible — distinct states in a fibre may admit a common safe action, and a dynamic impossibility theorem must show incompatibility of every admissible causal policy over observationally indistinguishable histories); module observation_governance_empirics confirmed; mapping EXACT_SPECIALIZATION confirmed. Evidence status now proof_inventory_present_line_check_required. Content-level acceptance only: the TCS-1.0 §7 mapping type and the exact source assumptions are verified; the §8 interface contract for cross-module theorem transfer and all theorem statuses remain unchanged. Citation anchor locked at the source section named above; the paper-time citation match rides the Part III paper-support discipline. destination Paper 5 confirmed (the certification limit grounds the identification and falsification design — §10's hypotheses 2 and 7 reference observation fibres); the SUPERSESSION MAP recorded: A002 contains the same observation-fibre result (the evaluation record's finding) — A010 is the predecessor statement, cite at the seam"
CC-A010-002,A010,Verified,research_program/article_010_research_architecture_perspective/formal_result_inventory.md,Local threshold-horizon bound,ledger_diagnostics,theorem record pending classification,EXACT_SPECIALIZATION,accepted_mapping,retain exact source assumptions; model-class extraction pending row review,proof_inventory_present_line_check_required,see source evaluation and action register; do not infer completeness,Paper 3,Material ledgers and diagnostics,TCS-1.0 interface contract; local producer/consumer fields required before theorem transfer,row_verified,"Row-closed 2026-08-28 (A010 scientific pass; source read in full): theorem + proof verified in source §8 (the local threshold-horizon bound: for absolutely continuous A with A(0) > A_min, v_0 > 0, 0 < epsilon < 1, and (1-epsilon)v_0 <= -A_dot <= (1+epsilon)v_0 a.e. while above A_min, the first crossing time H exists no later than H_0/(1-epsilon) and satisfies H_0/(1+epsilon) <= H <= H_0/(1-epsilon) with |H - H_0| <= epsilon H_0/(1-epsilon) — the absolute-continuity integration proof); the scope note preserved (a local diagnostic only: it fails when depletion reverses, the rate approaches zero, or feedback moves the trajectory outside the declared rate bounds); module ledger_diagnostics classified (intake: unclassified_canonical_review); mapping EXACT_SPECIALIZATION classified (intake: UNRESOLVED). Evidence status now proof_inventory_present_line_check_required. Content-level acceptance only: the TCS-1.0 §7 mapping type and the exact source assumptions are verified; the §8 interface contract for cross-module theorem transfer and all theorem statuses remain unchanged. Citation anchor locked at the source section named above; the paper-time citation match rides the Part III paper-support discipline. module classified ledger_diagnostics (the depletion-horizon family — joins the A013 hitting-time and A024 first-passage rows at the Paper 3 seam); destination Paper 3 confirmed; the supersession map recorded (A002 contains the same local-horizon result)"
CC-A010-003,A010,Correct architecture-level identity,research_program/article_010_research_architecture_perspective/formal_result_inventory.md,Typed conservation under left-kernel condition,ledger_diagnostics,"ledger, services, admissible set, theorem record",EXACT_SPECIALIZATION,accepted_mapping,retain exact source assumptions; model-class extraction pending row review,proof_inventory_present_line_check_required,see source evaluation and action register; do not infer completeness,Paper 3,Material ledgers and diagnostics,TCS-1.0 interface contract; local producer/consumer fields required before theorem transfer,row_verified,"Row-closed 2026-08-28 (A010 scientific pass; source read in full): identity verified in source §3.1 (typed conservation under the left-kernel condition: if L^T S_T = 0 for the typed incidence operator, one conservation law per conserved moiety and boundary follows; ""It does not create a scalar sustainability mass across incommensurable systems""); module ledger_diagnostics confirmed; mapping EXACT_SPECIALIZATION confirmed. Evidence status now proof_inventory_present_line_check_required. Content-level acceptance only: the TCS-1.0 §7 mapping type and the exact source assumptions are verified; the §8 interface contract for cross-module theorem transfer and all theorem statuses remain unchanged. Citation anchor locked at the source section named above; the paper-time citation match rides the Part III paper-support discipline. the CC-A002-008 typed-hybrid-conservation family precedent; the evaluation record's clarifications recorded (d_x must be typed — physical disturbance vs structural discrepancy; S_T can contain signed entries though v >= 0; boundary notation harmonized with the master architecture); destination Paper 3 confirmed"
CC-A010-004,A010,Verified,research_program/article_010_research_architecture_perspective/formal_result_inventory.md,Logistic variance correction,formal_foundations,theorem record pending classification,EXACT_SPECIALIZATION,accepted_mapping,retain exact source assumptions; model-class extraction pending row review,proof_inventory_present_line_check_required,see source evaluation and action register; do not infer completeness,Paper 2,Formal viability and theorem atlas,TCS-1.0 interface contract; local producer/consumer fields required before theorem transfer,row_verified,"Row-closed 2026-08-28 (A010 scientific pass; source read in full): identity verified in source §5.2 (the logistic variance correction: E[R(X)] = r mu_X (1 - mu_X/K) - (r/K) Var(X) for the logistic R — the quadratic identity; ""neither closes the dynamics of the variance""; exact dynamic moment closure occurs only for special functional forms or distributions); module formal_foundations classified (intake: unclassified_canonical_review); mapping EXACT_SPECIALIZATION classified (intake: UNRESOLVED). Evidence status now proof_inventory_present_line_check_required. Content-level acceptance only: the TCS-1.0 §7 mapping type and the exact source assumptions are verified; the §8 interface contract for cross-module theorem transfer and all theorem statuses remain unchanged. Citation anchor locked at the source section named above; the paper-time citation match rides the Part III paper-support discipline. module classified formal_foundations (the projectability/coarse-graining family — the CC-A002-036 precedent); destination Paper 2 confirmed (the theorem-programme table's ""Spatial coarse-graining: quadratic identity and C2 bound above"" row)"
CC-A010-005,A010,Verified,research_program/article_010_research_architecture_perspective/formal_result_inventory.md,General C2 curvature bound,formal_foundations,theorem record pending classification,EXACT_SPECIALIZATION,accepted_mapping,retain exact source assumptions; model-class extraction pending row review,proof_inventory_present_line_check_required,see source evaluation and action register; do not infer completeness,Paper 2,Formal viability and theorem atlas,TCS-1.0 interface contract; local producer/consumer fields required before theorem transfer,row_verified,"Row-closed 2026-08-28 (A010 scientific pass; source read in full): bound verified in source §5.2 (the general C2 curvature bound: |E[f(X)] - f(E[X])| <= (1/2) ||f''||_{inf,I} Var(X) for f in C^2(I) and X supported in I — Taylor's theorem; the heterogeneous-harvest covariance term -q Cov(E,X) noted); module formal_foundations classified (intake: unclassified_canonical_review); mapping EXACT_SPECIALIZATION classified (intake: UNRESOLVED). Evidence status now proof_inventory_present_line_check_required. Content-level acceptance only: the TCS-1.0 §7 mapping type and the exact source assumptions are verified; the §8 interface contract for cross-module theorem transfer and all theorem statuses remain unchanged. Citation anchor locked at the source section named above; the paper-time citation match rides the Part III paper-support discipline. module classified formal_foundations (same projectability family); destination Paper 2 confirmed"
CC-A010-006,A010,Requires fold-specific spectral/nondegeneracy correction,research_program/article_010_research_architecture_perspective/formal_result_inventory.md,Periodic-orbit-fold persistence,nonlinear_dynamics,"state, model, admissible set, theorem record",EXACT_SPECIALIZATION,accepted_mapping,retain exact source assumptions; model-class extraction pending row review,conditional_or_open,see source evaluation and action register; do not infer completeness,Paper 4,Delay and nonlinear transitions,TCS-1.0 interface contract; local producer/consumer fields required before theorem transfer,row_verified,"Row-closed 2026-08-28 (A010 scientific pass; source read in full): conjecture verified in source §8 (Conjecture 1, periodic-orbit-fold persistence: a transverse fold of periodic orbits in a registered scalar DDE persists under sufficiently small typed vector coupling and compatible additional fixed delays IF normal hyperbolicity, a spectral gap, and regularity of the Poincare map hold; ""The open work is not satisfied by citing Fenichel theory alone: the hypotheses must be verified for the actual infinite-dimensional system, and the baseline fold must first be established by periodic-branch continuation""); module nonlinear_dynamics confirmed; mapping EXACT_SPECIALIZATION confirmed. Evidence status now conditional_or_open. Content-level acceptance only: the TCS-1.0 §7 mapping type and the exact source assumptions are verified; the §8 interface contract for cross-module theorem transfer and all theorem statuses remain unchanged. Citation anchor locked at the source section named above; the paper-time citation match rides the Part III paper-support discipline. evidence kind-corrected to conditional_or_open (a conjecture, not an accepted numerical result): the audit status ""Requires fold-specific spectral/nondegenerability correction"" governs; the A003 structured-persistence conjecture is the same family — the evaluation record directs they be merged rather than maintained as two independent conjectures; destination Paper 4 confirmed"
CC-A010-007,A010,Model-specific only,research_program/article_010_research_architecture_perspective/formal_result_inventory.md,Exergy-gated suppression,nonlinear_dynamics,theorem record pending classification,EXACT_SPECIALIZATION,accepted_mapping,retain exact source assumptions; model-class extraction pending row review,conditional_or_open,see source evaluation and action register; do not infer completeness,Paper 4,Formal viability and theorem atlas,TCS-1.0 interface contract; local producer/consumer fields required before theorem transfer,row_verified,"Row-closed 2026-08-28 (A010 scientific pass; source read in full): conjecture verified in source §8 (Conjecture 2, exergy-gated suppression: for a declared class of autocatalytic extractive controllers, sufficiently low deployable exergy reduces the loop gain below every admissible Hopf-frequency modulus condition; ""This is not universal: depletion of institutional capacity may also disable protective action or create hysteresis""); module nonlinear_dynamics classified (intake: unclassified_canonical_review); mapping EXACT_SPECIALIZATION classified (intake: UNRESOLVED). Evidence status now conditional_or_open. Content-level acceptance only: the TCS-1.0 §7 mapping type and the exact source assumptions are verified; the §8 interface contract for cross-module theorem transfer and all theorem statuses remain unchanged. Citation anchor locked at the source section named above; the paper-time citation match rides the Part III paper-support discipline. module classified nonlinear_dynamics; destination corrected Paper 2 → Paper 4: the conjecture is a LOOP-GAIN theorem target — the CC-A018-016 / CC-A020-006 loop-gain family is Paper 4's named content, and the audit's ""Model-specific only"" status bars it from the architecture-level exergy programme (which rides Paper 1 via the A002 exergy rows — a different object, cited at the seam); CONJECTURE status retained — no promotion"
CC-A010-008,A010,Verified,research_program/article_010_research_architecture_perspective/formal_result_inventory.md,Six-state material cancellation,ledger_diagnostics,"ledger, services, admissible set, theorem record",EXACT_SPECIALIZATION,accepted_mapping,retain exact source assumptions; model-class extraction pending row review,proof_inventory_present_line_check_required,see source evaluation and action register; do not infer completeness,Paper 3,Material ledgers and diagnostics,TCS-1.0 interface contract; local producer/consumer fields required before theorem transfer,row_verified,"Row-closed 2026-08-28 (A010 scientific pass; source read in full): identity verified in source §9.2 (the six-state material cancellation: d/dt(X_A + X_J + P + U + A + G) = 0 by summing the six material equations — ""This is an algebraic cancellation only. It does not prove forward invariance of the six material states or physical admissibility of every term""; the ghost-sink check: the same g_B enters dot X_J and dot A with opposite signs, so material not transferred to juveniles remains in A); module ledger_diagnostics confirmed; mapping EXACT_SPECIALIZATION confirmed. Evidence status now proof_inventory_present_line_check_required. Content-level acceptance only: the TCS-1.0 §7 mapping type and the exact source assumptions are verified; the §8 interface contract for cross-module theorem transfer and all theorem statuses remain unchanged. Citation anchor locked at the source section named above; the paper-time citation match rides the Part III paper-support discipline. evidence kind-corrected to proof_inventory_present_line_check_required (the displayed arithmetic is on the line); destination Paper 3 confirmed (the cancellation joins the closed-ledger conservation family at the audit seam)"
CC-A010-009,A010,Verified,research_program/article_010_research_architecture_perspective/formal_result_inventory.md,Geological/support-pool noninvariance,ledger_diagnostics,theorem record pending classification,COUNTEREXAMPLE_OR_LIMIT,accepted_mapping,retain exact source assumptions; model-class extraction pending row review,proof_inventory_present_line_check_required,see source evaluation and action register; do not infer completeness,Paper 2,Formal viability and theorem atlas,TCS-1.0 interface contract; local producer/consumer fields required before theorem transfer,row_verified,"Row-closed 2026-08-28 (A010 scientific pass; source read in full): boundary test verified in source §9.2 (the geological/support-pool noninvariance: Eq. scaf-G is not donor limited — at G = 0 and A < A^eq it gives dot G < 0; ""A physically admissible formulation must replace the fixed-target exchange by separate non-negative donor-limited fluxes e_GA(G,A) and e_AG(A,G) satisfying e_GA(0,A) = 0 and e_AG(0,G) = 0""); module ledger_diagnostics classified (intake: unclassified_canonical_review); mapping COUNTEREXAMPLE_OR_LIMIT classified (intake: UNRESOLVED). Evidence status now proof_inventory_present_line_check_required. Content-level acceptance only: the TCS-1.0 §7 mapping type and the exact source assumptions are verified; the §8 interface contract for cross-module theorem transfer and all theorem statuses remain unchanged. Citation anchor locked at the source section named above; the paper-time citation match rides the Part III paper-support discipline. module classified ledger_diagnostics (the donor-limit ledger discipline); mapping classified COUNTEREXAMPLE_OR_LIMIT (the noninvariance witness); destination Paper 2 confirmed (the atlas's positivity-family boundary example); the A019 primitive-flux ledger is the REPAIR of exactly this defect — cite at the Paper 3 seam (the A019 rows closed this campaign)"
CC-A010-010,A010,Verified,research_program/article_010_research_architecture_perspective/formal_result_inventory.md,Variance equation unclosed and potentially negative at zero,nonlinear_dynamics,theorem record pending classification,COUNTEREXAMPLE_OR_LIMIT,accepted_mapping,retain exact source assumptions; model-class extraction pending row review,proof_inventory_present_line_check_required,see source evaluation and action register; do not infer completeness,negative/counterexample register or conditional redesign docket,Conditional docket,TCS-1.0 interface contract; local producer/consumer fields required before theorem transfer,row_verified,"Row-closed 2026-08-28 (A010 scientific pass; source read in full): closure test verified in source §9.2 (the variance equation is unclosed and potentially negative at zero: dot V_N at V_N = 0 equals -2 q X_A Cov(E, X_A), which can be negative; the covariance is not determined by the ten displayed states; ""the variance dynamics are both unclosed and not guaranteed to be realizable by a non-negative spatial distribution""); module nonlinear_dynamics classified (intake: unclassified_canonical_review); mapping COUNTEREXAMPLE_OR_LIMIT classified (intake: UNRESOLVED). Evidence status now proof_inventory_present_line_check_required. Content-level acceptance only: the TCS-1.0 §7 mapping type and the exact source assumptions are verified; the §8 interface contract for cross-module theorem transfer and all theorem statuses remain unchanged. Citation anchor locked at the source section named above; the paper-time citation match rides the Part III paper-support discipline. module classified nonlinear_dynamics (the ten-state template's moment dynamics); mapping classified COUNTEREXAMPLE_OR_LIMIT (the closure-failure witness); destination negative/counterexample register confirmed — the ten-state audit's headline negative content"
CC-A010-011,A010,Verified,research_program/article_010_research_architecture_perspective/formal_result_inventory.md,Output Q undefined,nonlinear_dynamics,theorem record pending classification,COUNTEREXAMPLE_OR_LIMIT,accepted_mapping,retain exact source assumptions; model-class extraction pending row review,proof_inventory_present_line_check_required,see source evaluation and action register; do not infer completeness,negative/counterexample register or conditional redesign docket,Conditional docket,TCS-1.0 interface contract; local producer/consumer fields required before theorem transfer,row_verified,"Row-closed 2026-08-28 (A010 scientific pass; source read in full): closure test verified in source §9.2 (the output Q is undefined: Eq. scaf-K contains output Q without a displayed state equation or constitutive closure; the broader production function cannot silently supply the omission; a prescribed path gives a non-autonomous problem, constant or state-dependent closures give different autonomous systems — ""the ten equations therefore do not determine a unique autonomous DDE or characteristic quasi-polynomial""); module nonlinear_dynamics classified (intake: unclassified_canonical_review); mapping COUNTEREXAMPLE_OR_LIMIT classified (intake: UNRESOLVED). Evidence status now proof_inventory_present_line_check_required. Content-level acceptance only: the TCS-1.0 §7 mapping type and the exact source assumptions are verified; the §8 interface contract for cross-module theorem transfer and all theorem statuses remain unchanged. Citation anchor locked at the source section named above; the paper-time citation match rides the Part III paper-support discipline. module classified nonlinear_dynamics (the template's capital/production dynamics); mapping classified COUNTEREXAMPLE_OR_LIMIT (the closure-failure witness); destination negative/counterexample register confirmed"
CC-A010-012,A010,Verified under interior assumptions,research_program/article_010_research_architecture_perspective/formal_result_inventory.md,Stage-structured equilibrium formula,nonlinear_dynamics,theorem record pending classification,EXACT_SPECIALIZATION,accepted_mapping,retain exact source assumptions; model-class extraction pending row review,proof_inventory_present_line_check_required,see source evaluation and action register; do not infer completeness,Paper 7 conditional,Stage and spatial extensions,TCS-1.0 interface contract; local producer/consumer fields required before theorem transfer,row_verified,"Row-closed 2026-08-28 (A010 scientific pass; source read in full): algebraic result verified in source §9.1 (the stage-structured equilibrium formula X_A* = N_c log[P_0 A^eq/(A^eq + A_0) / Theta(E*)] with Theta(E) = d_A(1 + g d_J) + qE(1 + psi g d_J), subject to P_0 A^eq/(A^eq + A_0) > Theta(E*); the stage distinction preserved: at fixed E, recruitment suppression (psi = 0) contributes qE to the equilibrium drag while adult-selective removal (psi = 1) contributes qE(1 + g d_J) — ""an algebraic interpretation within the displayed stage balance, not evidence that the two pressure channels are empirically interchangeable""); module nonlinear_dynamics classified (intake: unclassified_canonical_review); mapping EXACT_SPECIALIZATION classified (intake: UNRESOLVED). Evidence status now proof_inventory_present_line_check_required. Content-level acceptance only: the TCS-1.0 §7 mapping type and the exact source assumptions are verified; the §8 interface contract for cross-module theorem transfer and all theorem statuses remain unchanged. Citation anchor locked at the source section named above; the paper-time citation match rides the Part III paper-support discipline. module classified nonlinear_dynamics (the A022 stage family); destination Paper 7 conditional confirmed (joins the stage-structured rows if the gate opens); VERIFIED UNDER INTERIOR ASSUMPTIONS status retained; the juvenile compartment's methodological role recorded (it separates recruitment, juvenile mortality, maturation, adult mortality, and adult-selective removal — without making the template dynamically complete)"
CC-A010-013,A010,Verified for 0<g0<1,research_program/article_010_research_architecture_perspective/formal_result_inventory.md,Effort sensitivity coefficients,nonlinear_dynamics,theorem record pending classification,EXACT_SPECIALIZATION,accepted_mapping,retain exact source assumptions; model-class extraction pending row review,proof_inventory_present_line_check_required,see source evaluation and action register; do not infer completeness,Paper 2,Formal viability and theorem atlas,TCS-1.0 interface contract; local producer/consumer fields required before theorem transfer,row_verified,"Row-closed 2026-08-28 (A010 scientific pass; source read in full): algebraic result verified in source §9.1 (the effort sensitivity coefficients C_Z = h_0 g_0 eta E*/Delta_ref and C_K = mu_E E* (1 - g_0)/(K_0 g_0); C_Z is the local sensitivity of effort growth to the delayed decline signal multiplied by the deployable-capital gate g_0; C_K becomes a damping pathway only through its coupling to the separate K_C dynamics; the 1/g_0 factor cannot be extrapolated to g_0 = 0); module nonlinear_dynamics classified (intake: unclassified_canonical_review); mapping EXACT_SPECIALIZATION classified (intake: UNRESOLVED). Evidence status now proof_inventory_present_line_check_required. Content-level acceptance only: the TCS-1.0 §7 mapping type and the exact source assumptions are verified; the §8 interface contract for cross-module theorem transfer and all theorem statuses remain unchanged. Citation anchor locked at the source section named above; the paper-time citation match rides the Part III paper-support discipline. module classified nonlinear_dynamics; VERIFIED FOR 0 < g_0 < 1 status retained (conditional on a regular interior equilibrium); destination Paper 2 confirmed (the template-conditional algebra rides the atlas's diagnostics/certificate family as the model-audit record — the architecture's A010 role: technical supplement/model audit; the registered cores' C_Z values are the A012/A018/A020 rows, a different object)"
CC-A010-014,A010,Verified,research_program/article_010_research_architecture_perspective/formal_result_inventory.md,Interior effort upper bound,nonlinear_dynamics,theorem record pending classification,EXACT_SPECIALIZATION,accepted_mapping,retain exact source assumptions; model-class extraction pending row review,proof_inventory_present_line_check_required,see source evaluation and action register; do not infer completeness,Paper 2,Formal viability and theorem atlas,TCS-1.0 interface contract; local producer/consumer fields required before theorem transfer,row_verified,"Row-closed 2026-08-28 (A010 scientific pass; source read in full): algebraic result verified in source §9.1 (the interior effort upper bound: an interior equilibrium with Z* = 0 and E* > 0 must satisfy h_0 g_0 (delta_0 - eta (E*)^2/E_max) = mu_E E* > 0, hence E* < sqrt(delta_0 E_max/eta) ~= 0.573 at delta_0 = 0.3, E_max = 1, eta = 0.914; ""not a failure of boundary invariance ... a restrictive equilibrium consequence of placing the linear loss outside the multiplicative gate; moving loss terms would define a different model""); module nonlinear_dynamics classified (intake: unclassified_canonical_review); mapping EXACT_SPECIALIZATION classified (intake: UNRESOLVED). Evidence status now proof_inventory_present_line_check_required. Content-level acceptance only: the TCS-1.0 §7 mapping type and the exact source assumptions are verified; the §8 interface contract for cross-module theorem transfer and all theorem statuses remain unchanged. Citation anchor locked at the source section named above; the paper-time citation match rides the Part III paper-support discipline. module classified nonlinear_dynamics; the boundary-invariance check recorded (dot E = delta_0(1 - e^{-K_C/K_0}) >= 0 at E = 0 and dot E = -mu_E E_max < 0 at E = E_max); destination Paper 2 confirmed (same audit-record routing as -013)"
CC-A010-015,A010,Not a proposition; closures and provenance incomplete,research_program/article_010_research_architecture_perspective/formal_result_inventory.md,Delay crossing near 43 / period 263,nonlinear_dynamics,"state, model, admissible set, theorem record",EXACT_SPECIALIZATION,accepted_mapping,retain exact source assumptions; model-class extraction pending row review,conditional_or_open,see source evaluation and action register; do not infer completeness,Paper 4,Delay and nonlinear transitions,TCS-1.0 interface contract; local producer/consumer fields required before theorem transfer,row_verified,"Row-closed 2026-08-28 (A010 scientific pass; source read in full): status-qualified reproduction record verified in source §9.3 (the elevated-forcing cod-class calculation: a simple crossing recorded near tau* ~= 43 with period ~263 time units and d(Re lambda)/d tau < 0 at eta = 5, varsigma = 0.8, K_0 = 0.03, q = 0.01; the source's own verdict: ""not numerical propositions of this article ... retained only as reproduction targets pending recovery and registration of the constitutive closures actually used""; the life-history anchoring and broader-crossing-search rows of Table tab:scaf-reproduction carry the same status); module nonlinear_dynamics confirmed; mapping EXACT_SPECIALIZATION confirmed. Evidence status now conditional_or_open. Content-level acceptance only: the TCS-1.0 §7 mapping type and the exact source assumptions are verified; the §8 interface contract for cross-module theorem transfer and all theorem statuses remain unchanged. Citation anchor locked at the source section named above; the paper-time citation match rides the Part III paper-support discipline. evidence kind-corrected to conditional_or_open (the source's own ""Not a proposition"" verdict — closures and provenance incomplete: the closure convention, remaining parameters, root count, active nonsmooth branch, residual values, tolerances, and full search domain remain to be recovered); the sign discipline recorded verbatim (d(Re lambda)/d tau < 0 at a simple crossing is a STABILIZING local crossing — the equilibrium locally unstable just below and stable just above; ""Such a result cannot support language asserting that increasing delay creates oscillatory instability""); destination Paper 4 confirmed (the reproduction targets ride the reproducibility and certification hierarchy)"
CC-A011-001,A011,Logistic resource process with held effort,research_program/article_011_periodic_review/formal_result_inventory.md,inventory_item,observation_governance_empirics,theorem record pending classification,EXACT_SPECIALIZATION,accepted_mapping,retain exact source assumptions; model-class extraction pending row review,defined_source_object,see source evaluation and action register; do not infer completeness,Paper 5,"Observation, governance, and identification",TCS-1.0 interface contract; local producer/consumer fields required before theorem transfer,row_verified,Row-closed 2026-08-27 (A011 scientific pass; source read in full): model definition verified in source §3.1 (Eq. 1: the between-review logistic resource process with held effort E_n); module observation_governance_empirics classified (intake: unclassified); mapping EXACT_SPECIALIZATION classified (intake: UNRESOLVED). Evidence status now defined_source_object. Content-level acceptance only: the TCS-1.0 §7 mapping type and the exact source assumptions are verified; the §8 interface contract for cross-module theorem transfer and all theorem statuses remain unchanged. Citation anchor locked at the source section named above; the paper-time citation match rides the Part III paper-support discipline.
CC-A011-002,A011,Filtered nonnegative deficit signal,research_program/article_011_periodic_review/formal_result_inventory.md,inventory_item,observation_governance_empirics,theorem record pending classification,EXACT_SPECIALIZATION,accepted_mapping,retain exact source assumptions; model-class extraction pending row review,defined_source_object,see source evaluation and action register; do not infer completeness,Paper 5,"Observation, governance, and identification",TCS-1.0 interface contract; local producer/consumer fields required before theorem transfer,row_verified,Row-closed 2026-08-27 (A011 scientific pass; source read in full): model definition verified in source §3.1 (Eq. 2: the filtered nonnegative deficit signal Z with the nonnegative signal map Phi and memory timescale tau_m); module observation_governance_empirics classified (intake: unclassified); mapping EXACT_SPECIALIZATION classified (intake: UNRESOLVED). Evidence status now defined_source_object. Content-level acceptance only: the TCS-1.0 §7 mapping type and the exact source assumptions are verified; the §8 interface contract for cross-module theorem transfer and all theorem statuses remain unchanged. Citation anchor locked at the source section named above; the paper-time citation match rides the Part III paper-support discipline.
CC-A011-003,A011,Projected explicit effort update,research_program/article_011_periodic_review/formal_result_inventory.md,inventory_item,observation_governance_empirics,theorem record pending classification,EXACT_SPECIALIZATION,accepted_mapping,retain exact source assumptions; model-class extraction pending row review,defined_source_object,see source evaluation and action register; do not infer completeness,Paper 5,"Observation, governance, and identification",TCS-1.0 interface contract; local producer/consumer fields required before theorem transfer,row_verified,"Row-closed 2026-08-27 (A011 scientific pass; source read in full): model definition verified in source §3.2 (Eq. 4: the projected explicit effort update — the review map with projection onto [0, E_max]); module observation_governance_empirics classified (intake: unclassified); mapping EXACT_SPECIALIZATION classified (intake: UNRESOLVED). Evidence status now defined_source_object. Content-level acceptance only: the TCS-1.0 §7 mapping type and the exact source assumptions are verified; the §8 interface contract for cross-module theorem transfer and all theorem statuses remain unchanged. Citation anchor locked at the source section named above; the paper-time citation match rides the Part III paper-support discipline."
CC-A011-004,A011,Extractive controller SD-E-B3,research_program/article_011_periodic_review/formal_result_inventory.md,inventory_item,observation_governance_empirics,theorem record pending classification,EXACT_SPECIALIZATION,accepted_mapping,retain exact source assumptions; model-class extraction pending row review,defined_source_object,see source evaluation and action register; do not infer completeness,Paper 5,"Observation, governance, and identification",TCS-1.0 interface contract; local producer/consumer fields required before theorem transfer,row_verified,"Row-closed 2026-08-27 (A011 scientific pass; source read in full): named model object verified in source §3.2 (SD-E-B3: Eqs. 1–4 with the shifted floored softplus Phi_k — the sample-and-hold counterpart of the M3-B extractive mobilisation law; the source itself declares it ""an explicit controller discretisation, not a generic harvest-control rule""); module observation_governance_empirics classified (intake: unclassified); mapping EXACT_SPECIALIZATION classified (intake: UNRESOLVED). Evidence status now defined_source_object. Content-level acceptance only: the TCS-1.0 §7 mapping type and the exact source assumptions are verified; the §8 interface contract for cross-module theorem transfer and all theorem statuses remain unchanged. Citation anchor locked at the source section named above; the paper-time citation match rides the Part III paper-support discipline."
CC-A011-005,A011,"Comparator classes SD-P, SD-F, SD-H",research_program/article_011_periodic_review/formal_result_inventory.md,inventory_item,observation_governance_empirics,theorem record pending classification,EXACT_SPECIALIZATION,accepted_mapping,retain exact source assumptions; model-class extraction pending row review,defined_source_object,see source evaluation and action register; do not infer completeness,Paper 5,"Observation, governance, and identification",TCS-1.0 interface contract; local producer/consumer fields required before theorem transfer,row_verified,"Row-closed 2026-08-27 (A011 scientific pass; source read in full): comparator class definitions verified in source §3.2 (SD-P protective, SD-F fixed multi-year plan, SD-H hybrid with change caps/emergency triggers/legal overrides); module observation_governance_empirics classified (intake: unclassified); mapping EXACT_SPECIALIZATION classified (intake: UNRESOLVED). Evidence status now defined_source_object. Content-level acceptance only: the TCS-1.0 §7 mapping type and the exact source assumptions are verified; the §8 interface contract for cross-module theorem transfer and all theorem statuses remain unchanged. Citation anchor locked at the source section named above; the paper-time citation match rides the Part III paper-support discipline. the source's own status discipline preserved: SD-P, SD-F, SD-H are declared comparators for the prospective MSE, not completed numerical experiments in this article"
CC-A011-006,A011,SD-E-DR-AN response near 3–4 yr review,research_program/article_011_periodic_review/formal_result_inventory.md,inventory_item,observation_governance_empirics,theorem record pending classification,EXACT_SPECIALIZATION,accepted_mapping,retain exact source assumptions; model-class extraction pending row review,source_specific_empirical_status_check_required,see source evaluation and action register; do not infer completeness,Paper 5,"Observation, governance, and identification",TCS-1.0 interface contract; local producer/consumer fields required before theorem transfer,row_verified,"Row-closed 2026-08-27 (A011 scientific pass; source read in full): computational response record verified in source §5.2 (SD-E-DR-AN: persistent tail oscillation near T_r = 3–4 yr, weak response at 2 yr; annual-review convergence over the tested grids); module observation_governance_empirics classified (intake: unclassified); mapping EXACT_SPECIALIZATION classified (intake: UNRESOLVED). Evidence status now source_specific_empirical_status_check_required. Content-level acceptance only: the TCS-1.0 §7 mapping type and the exact source assumptions are verified; the §8 interface contract for cross-module theorem transfer and all theorem statuses remain unchanged. exploratory finite-grid trajectory-classified response region pending complete stage registration; not attributed to SD-E-B3; no Poincaré-map multiplier classification claimed (the source's own restriction); not a reproducible numerical proposition until the computational record is complete"
CC-A011-007,A011,SD-E-DR-SP response near 6–12 yr,research_program/article_011_periodic_review/formal_result_inventory.md,inventory_item,observation_governance_empirics,theorem record pending classification,EXACT_SPECIALIZATION,accepted_mapping,retain exact source assumptions; model-class extraction pending row review,source_specific_empirical_status_check_required,see source evaluation and action register; do not infer completeness,Paper 5,"Observation, governance, and identification",TCS-1.0 interface contract; local producer/consumer fields required before theorem transfer,row_verified,Row-closed 2026-08-27 (A011 scientific pass; source read in full): computational response record verified in source §5.2 (SD-E-DR-SP: persistent tail oscillation near T_r = 6–12 yr); module observation_governance_empirics classified (intake: unclassified); mapping EXACT_SPECIALIZATION classified (intake: UNRESOLVED). Evidence status now source_specific_empirical_status_check_required. Content-level acceptance only: the TCS-1.0 §7 mapping type and the exact source assumptions are verified; the §8 interface contract for cross-module theorem transfer and all theorem statuses remain unchanged. same exploratory trajectory-classified status as CC-A011-006; the SD-E-DR labels separate these records from SD-E-B3 and do not by themselves complete a model registration (§5.1)
CC-A011-008,A011,SD-E-DR-CO convergence over 1–20 yr,research_program/article_011_periodic_review/formal_result_inventory.md,inventory_item,observation_governance_empirics,theorem record pending classification,EXACT_SPECIALIZATION,accepted_mapping,retain exact source assumptions; model-class extraction pending row review,source_specific_empirical_status_check_required,see source evaluation and action register; do not infer completeness,Paper 5,"Observation, governance, and identification",TCS-1.0 interface contract; local producer/consumer fields required before theorem transfer,row_verified,"Row-closed 2026-08-27 (A011 scientific pass; source read in full): computational response record verified in source §5.2 (SD-E-DR-CO: trajectories converge to equilibrium for every tested T_r in [1, 20] yr although the corresponding continuous-delay calculation has an oscillatory interval); module observation_governance_empirics classified (intake: unclassified); mapping EXACT_SPECIALIZATION classified (intake: UNRESOLVED). Evidence status now source_specific_empirical_status_check_required. Content-level acceptance only: the TCS-1.0 §7 mapping type and the exact source assumptions are verified; the §8 interface contract for cross-module theorem transfer and all theorem statuses remain unchanged. a convergence-over-tested-grid record, not a stability theorem for every history; same exploratory status discipline"
CC-A011-009,A011,SD-E-DR-SL transition brackets near 30–50 yr,research_program/article_011_periodic_review/formal_result_inventory.md,inventory_item,observation_governance_empirics,theorem record pending classification,EXACT_SPECIALIZATION,accepted_mapping,retain exact source assumptions; model-class extraction pending row review,source_specific_empirical_status_check_required,see source evaluation and action register; do not infer completeness,Paper 5,"Observation, governance, and identification",TCS-1.0 interface contract; local producer/consumer fields required before theorem transfer,row_verified,"Row-closed 2026-08-27 (A011 scientific pass; source read in full): computational response record verified in source §5.2 (SD-E-DR-SL: oscillation over part of the tested grid below ~20–30 yr, convergence at longer review intervals, transition brackets ~30–50 yr depending on r); module observation_governance_empirics classified (intake: unclassified); mapping EXACT_SPECIALIZATION classified (intake: UNRESOLVED). Evidence status now source_specific_empirical_status_check_required. Content-level acceptance only: the TCS-1.0 §7 mapping type and the exact source assumptions are verified; the §8 interface contract for cross-module theorem transfer and all theorem statuses remain unchanged. the source's own note preserved: the one-sided slow-r pattern does not contradict rapid-review consistency — the continuous no-delay M3-B target is itself unstable over part of the slow-r regime, so small-T_r trajectories may approximate an unstable target on finite horizons; not a general claim that slower review stabilises governance"
CC-A011-010,A011,30% assessment-error robustness,research_program/article_011_periodic_review/formal_result_inventory.md,inventory_item,observation_governance_empirics,theorem record pending classification,EXACT_SPECIALIZATION,accepted_mapping,retain exact source assumptions; model-class extraction pending row review,source_specific_empirical_status_check_required,see source evaluation and action register; do not infer completeness,Paper 5,"Observation, governance, and identification",TCS-1.0 interface contract; local producer/consumer fields required before theorem transfer,row_verified,"Row-closed 2026-08-27 (A011 scientific pass; source read in full): robustness summary verified in source §5.2 (multiplicative assessment-error experiments retain the anchovy-class trajectory region through 30% error; no noise-induced persistent tail oscillation at annual review in the tested ensemble); module observation_governance_empirics classified (intake: unclassified); mapping EXACT_SPECIALIZATION classified (intake: UNRESOLVED). Evidence status now source_specific_empirical_status_check_required. Content-level acceptance only: the TCS-1.0 §7 mapping type and the exact source assumptions are verified; the §8 interface contract for cross-module theorem transfer and all theorem statuses remain unchanged. robustness summary for the declared multiplicative perturbation only, not a guarantee under arbitrary observation error (the source's own restriction)"
CC-A011-011,A011,observable-specific spectral peaks,research_program/article_011_periodic_review/formal_result_inventory.md,inventory_item,observation_governance_empirics,theorem record pending classification,EXACT_SPECIALIZATION,accepted_mapping,retain exact source assumptions; model-class extraction pending row review,source_status_accepted_artifact_pending,see source evaluation and action register; do not infer completeness,Paper 5,"Observation, governance, and identification",TCS-1.0 interface contract; local producer/consumer fields required before theorem transfer,row_verified,"Row-closed 2026-08-27 (A011 scientific pass; source read in full): diagnostic spectral record verified in source §5.2 (observable-specific dominant peaks: ~4 yr anchovy-class biomass / 12 yr effort; ~8 yr sprat-class biomass / 60 yr effort); module observation_governance_empirics classified (intake: unclassified); mapping EXACT_SPECIALIZATION classified (intake: UNRESOLVED). Content-level acceptance only: the TCS-1.0 §7 mapping type and the exact source assumptions are verified; the §8 interface contract for cross-module theorem transfer and all theorem statuses remain unchanged. Citation anchor locked at the source section named above; the paper-time citation match rides the Part III paper-support discipline. retained only as observable-specific dominant peaks over the analysed windows; the source's own caveat preserved — components of one stationary periodic orbit cannot have different fundamental periods (harmonics, subharmonics, modulation, or transient spectral content unresolved; no decomposition established)"
CC-A011-012,A011,42-stock RAM annual-review cohort,research_program/article_011_periodic_review/formal_result_inventory.md,inventory_item,observation_governance_empirics,"ledger, services, admissible set, theorem record",EXACT_SPECIALIZATION,accepted_mapping,retain exact source assumptions; model-class extraction pending row review,source_specific_empirical_status_check_required,see source evaluation and action register; do not infer completeness,Paper 5,Material ledgers and diagnostics,TCS-1.0 interface contract; local producer/consumer fields required before theorem transfer,row_verified,"Row-closed 2026-08-27 (A011 scientific pass; source read in full): empirical cohort definition verified in source §5.3 (the frozen 42-stock RAM Legacy v4.66 annual-review cohort selected by the separate eligibility screen); module observation_governance_empirics corrected (intake: ledger_diagnostics); mapping EXACT_SPECIALIZATION corrected (intake: EXACT_SPECIALIZATION). Evidence status now source_specific_empirical_status_check_required. Content-level acceptance only: the TCS-1.0 §7 mapping type and the exact source assumptions are verified; the §8 interface contract for cross-module theorem transfer and all theorem statuses remain unchanged. module corrected to observation_governance_empirics (intake: ledger_diagnostics) and destination corrected Paper 3 → Paper 5: the cohort is the spectral screen's input layer, defined by the annual-review eligibility criterion — an analysis-side cohort criterion per the source itself, not a RAM classification and not a worked ledger example; fragmenting the screen's inputs (Paper 3) from its analysis (rows -013/-021, Paper 5) would split one analysis across papers; Paper 3's fisheries examples are the worked ledger cases (A013/A014), not the screen cohort"
CC-A011-013,A011,no robust target-band peaks,research_program/article_011_periodic_review/formal_result_inventory.md,inventory_item,observation_governance_empirics,theorem record pending classification,EXACT_SPECIALIZATION,accepted_mapping,retain exact source assumptions; model-class extraction pending row review,source_specific_empirical_status_check_required,see source evaluation and action register; do not infer completeness,Paper 5,"Observation, governance, and identification",TCS-1.0 interface contract; local producer/consumer fields required before theorem transfer,row_verified,"Row-closed 2026-08-27 (A011 scientific pass; source read in full): empirical screen result verified in source §5.3 (the multiplicity-controlled Lomb–Scargle spectral null: no stock has a peak in the 4–8 yr biomass or 12–60 yr effort band meeting all robustness criteria; per-series AR(1) red-noise null; familywise control across stocks, observables, bands); module observation_governance_empirics classified (intake: unclassified); mapping EXACT_SPECIALIZATION classified (intake: UNRESOLVED). Evidence status now source_specific_empirical_status_check_required. Content-level acceptance only: the TCS-1.0 §7 mapping type and the exact source assumptions are verified; the §8 interface contract for cross-module theorem transfer and all theorem statuses remain unchanged. the source's own three-way restriction preserved: a spectral null for the selected annual-review cohort — not proof of absence, not a controller-sign comparison (SD-E vs SD-P), not causal evidence for annual review"
CC-A011-014,A011,power values under injected signals,research_program/article_011_periodic_review/formal_result_inventory.md,inventory_item,observation_governance_empirics,"observation, assessment, policy, implementation, evidence",EXACT_SPECIALIZATION,accepted_mapping,retain exact source assumptions; model-class extraction pending row review,source_specific_empirical_status_check_required,see source evaluation and action register; do not infer completeness,Paper 5,"Observation, governance, and identification",TCS-1.0 interface contract; local producer/consumer fields required before theorem transfer,row_verified,"Row-closed 2026-08-27 (A011 scientific pass; source read in full): power-analysis record verified in source §5.4 (injected-signal power: sprat-class 1.0 at sigma = 0.1 and ~0.24–0.58 at 0.3; anchovy-class ~0.02–0.14 over tested horizons and noise levels, on 100–200 yr synthetic records); module observation_governance_empirics confirmed; mapping EXACT_SPECIALIZATION confirmed. Evidence status now source_specific_empirical_status_check_required. Content-level acceptance only: the TCS-1.0 §7 mapping type and the exact source assumptions are verified; the §8 interface contract for cross-module theorem transfer and all theorem statuses remain unchanged. conditional simulations only: no minimum-power guarantee per empirical stock; the 100–200 yr horizons exceed many eligible series; the anchovy-class null is consequently weakly informative and the sprat-class result informative only in favourable noise and record-length regimes (the source's own reading)"
CC-A011-015,A011,more-than-30-system field-case search,research_program/article_011_periodic_review/formal_result_inventory.md,inventory_item,observation_governance_empirics,theorem record pending classification,EXACT_SPECIALIZATION,accepted_mapping,retain exact source assumptions; model-class extraction pending row review,source_specific_empirical_status_check_required,see source evaluation and action register; do not infer completeness,Paper 5,"Observation, governance, and identification",TCS-1.0 interface contract; local producer/consumer fields required before theorem transfer,row_verified,"Row-closed 2026-08-27 (A011 scientific pass; source read in full): structured case-search record verified in source §5.5 (more than 30 systems across fisheries, aquaculture, groundwater, surface water, rangeland, wildlife harvest, forestry, and produced-capital markets; four eligibility criteria; zero eligible count after primary-source and station-level review); module observation_governance_empirics classified (intake: unclassified); mapping EXACT_SPECIALIZATION classified (intake: UNRESOLVED). Content-level acceptance only: the TCS-1.0 §7 mapping type and the exact source assumptions are verified; the §8 interface contract for cross-module theorem transfer and all theorem statuses remain unchanged. the source's own restriction preserved: the stringent criteria (responsive feedback, independently dateable lag, no major competing driver, individual-resource data) prevent the zero count from serving as independent disconfirmation; Bangkok and La Mancha Oriental are the closest cases on the stabilising side; the produced-capital delay oscillators lack the autonomously regenerating stock"
CC-A011-016,A011,"case-specific R2, CV, extraction, period, correlation, and lag calculations",research_program/article_011_periodic_review/formal_result_inventory.md,inventory_item,observation_governance_empirics,theorem record pending classification,EXACT_SPECIALIZATION,accepted_mapping,retain exact source assumptions; model-class extraction pending row review,source_specific_empirical_status_check_required,see source evaluation and action register; do not infer completeness,Paper 5,"Observation, governance, and identification",TCS-1.0 interface contract; local producer/consumer fields required before theorem transfer,row_verified,"Row-closed 2026-08-27 (A011 scientific pass; source read in full): case-calculation record verified in source §5.5 (author calculations from registered input series, not source-reported values: Sheridan-6 precipitation R^2 ~ 0.47; Icelandic cod post-rule CV 0.387 with 10–15 yr fluctuation and ~0.2–0.3 yr implementation lag — a lag that is not a review interval; Icelandic haddock CV 0.143; La Mancha Oriental 2019–2023 average ~312 hm^3/yr; Peruvian anchoveta robust period ~3.7 yr with |r| ~ 0.31 ENSO leading catch); module observation_governance_empirics classified (intake: unclassified); mapping EXACT_SPECIALIZATION classified (intake: UNRESOLVED). Content-level acceptance only: the TCS-1.0 §7 mapping type and the exact source assumptions are verified; the §8 interface contract for cross-module theorem transfer and all theorem statuses remain unchanged. the anchoveta correlation is retained as exploratory pending exact ENSO product identification (the source's own provenance note); the subannual review regime lies below the SD-E-DR-AN response region but controller nonclassification prevents that comparison from testing the mechanism"
CC-A011-017,A011,delayed-recruitment equations and complete parameter vectors,research_program/article_011_periodic_review/formal_result_inventory.md,inventory_item,nonlinear_dynamics,"state, model, admissible set, theorem record",EXACT_SPECIALIZATION,accepted_mapping,retain exact source assumptions; model-class extraction pending row review,source_status_accepted_artifact_pending,see source evaluation and action register; do not infer completeness,Paper 4,Delay and nonlinear transitions,TCS-1.0 interface contract; local producer/consumer fields required before theorem transfer,row_verified,"Row-closed 2026-08-27 (A011 scientific pass; source read in full): registration-requirement object verified in source §5.1 (the delayed-recruitment equations and complete parameter vectors: reproduction requires a companion registration stating the complete equations, state dimension, class-specific vectors, effort gate, Phi, initial history, flow/update order, and tail-classification conventions); module nonlinear_dynamics confirmed; mapping EXACT_SPECIALIZATION confirmed. Evidence status now source_status_accepted_artifact_pending. Content-level acceptance only: the TCS-1.0 §7 mapping type and the exact source assumptions are verified; the §8 interface contract for cross-module theorem transfer and all theorem statuses remain unchanged. the source itself declares the complete stage registration NOT present in the main-text model record — the SD-E-DR values are retained as exploratory computational summaries and are not attributed to SD-E-B3; the SD-E-B3 Candidate-A/B vectors live in the companion model registry (uploads/MODEL_REGISTRY.md); destination Paper 4 kept: the DDE registration object rides the named-delay-systems seam while its response-region outputs (rows -006..-009) are Paper 5 — the A018 seam precedent (equations vs outputs)"
CC-A011-018,A011,initial histories and solver configuration,research_program/article_011_periodic_review/formal_result_inventory.md,inventory_item,observation_governance_empirics,theorem record pending classification,EXACT_SPECIALIZATION,accepted_mapping,retain exact source assumptions; model-class extraction pending row review,source_status_accepted_artifact_pending,see source evaluation and action register; do not infer completeness,Paper 5,"Observation, governance, and identification",TCS-1.0 interface contract; local producer/consumer fields required before theorem transfer,row_verified,"Row-closed 2026-08-27 (A011 scientific pass; source read in full): registration-requirement object verified in source §5.1 and the Data and code availability section (initial histories and solver configuration: one-step flow-then-update convention, contemporaneous exact assessment, tau_dec = tau_dep = 0, no queue; multiplicative assessment error only in the designated robustness experiment); module observation_governance_empirics classified (intake: unclassified); mapping EXACT_SPECIALIZATION classified (intake: UNRESOLVED). Evidence status now source_status_accepted_artifact_pending. Content-level acceptance only: the TCS-1.0 §7 mapping type and the exact source assumptions are verified; the §8 interface contract for cross-module theorem transfer and all theorem statuses remain unchanged. registration requirement declared by the source; not discharged — the solver configuration and histories are not attached"
CC-A011-019,A011,code and machine outputs,research_program/article_011_periodic_review/formal_result_inventory.md,inventory_item,observation_governance_empirics,"observation, assessment, policy, implementation, evidence",EXACT_SPECIALIZATION,accepted_mapping,retain exact source assumptions; model-class extraction pending row review,source_specific_empirical_status_check_required,see source evaluation and action register; do not infer completeness,Paper 5,"Observation, governance, and identification",TCS-1.0 interface contract; local producer/consumer fields required before theorem transfer,row_verified,"Row-closed 2026-08-27 (A011 scientific pass; source read in full): reproducibility-artifact obligation verified in the Data and code availability section (code and machine outputs: the source declares the computational record incomplete — ""Until the computational record is complete, the stage-output values have the exploratory status defined above rather than the status of reproducible numerical propositions""); module observation_governance_empirics confirmed; mapping EXACT_SPECIALIZATION confirmed. Content-level acceptance only: the TCS-1.0 §7 mapping type and the exact source assumptions are verified; the §8 interface contract for cross-module theorem transfer and all theorem statuses remain unchanged. the code and machine outputs are NOT committed; the retrospective computational/data results remain unreproduced (the source registry's verification status); this row registers the obligation, not a discharged artifact"
CC-A011-020,A011,RAM stock IDs and eligibility table,research_program/article_011_periodic_review/formal_result_inventory.md,inventory_item,observation_governance_empirics,"ledger, services, admissible set, theorem record",EXACT_SPECIALIZATION,accepted_mapping,retain exact source assumptions; model-class extraction pending row review,source_status_accepted_artifact_pending,see source evaluation and action register; do not infer completeness,Paper 5,Material ledgers and diagnostics,TCS-1.0 interface contract; local producer/consumer fields required before theorem transfer,row_verified,"Row-closed 2026-08-27 (A011 scientific pass; source read in full): registration-requirement object verified in source §5.3 and the Data and code availability section (RAM stock IDs and the annual-review eligibility table); module observation_governance_empirics corrected (intake: ledger_diagnostics); mapping EXACT_SPECIALIZATION confirmed. Evidence status now source_status_accepted_artifact_pending. Content-level acceptance only: the TCS-1.0 §7 mapping type and the exact source assumptions are verified; the §8 interface contract for cross-module theorem transfer and all theorem statuses remain unchanged. module corrected to observation_governance_empirics (intake: ledger_diagnostics) and destination corrected Paper 3 → Paper 5 — the same screen-input seam as CC-A011-012: the eligibility table is the spectral screen's selection layer, not a worked ledger example; the annual-review designation is an analysis-side cohort criterion, not a RAM classification"
CC-A011-021,A011,processed series and spectral routines,research_program/article_011_periodic_review/formal_result_inventory.md,inventory_item,observation_governance_empirics,theorem record pending classification,EXACT_SPECIALIZATION,accepted_mapping,retain exact source assumptions; model-class extraction pending row review,source_status_accepted_artifact_pending,see source evaluation and action register; do not infer completeness,Paper 5,"Observation, governance, and identification",TCS-1.0 interface contract; local producer/consumer fields required before theorem transfer,row_verified,"Row-closed 2026-08-27 (A011 scientific pass; source read in full): registration-requirement object verified in source §5.3 and the Data and code availability section (processed series and spectral routines: detrending rule, Lomb–Scargle periodogram, band-power integration, AR(1) red-noise null, multiplicity adjustment, detrending/endpoint sensitivity); module observation_governance_empirics classified (intake: unclassified); mapping EXACT_SPECIALIZATION classified (intake: UNRESOLVED). Content-level acceptance only: the TCS-1.0 §7 mapping type and the exact source assumptions are verified; the §8 interface contract for cross-module theorem transfer and all theorem statuses remain unchanged. Citation anchor locked at the source section named above; the paper-time citation match rides the Part III paper-support discipline. registration requirement; the screen's analysis-side artifacts are not attached"
CC-A011-022,A011,power simulation code and seeds,research_program/article_011_periodic_review/formal_result_inventory.md,inventory_item,observation_governance_empirics,"observation, assessment, policy, implementation, evidence",EXACT_SPECIALIZATION,accepted_mapping,retain exact source assumptions; model-class extraction pending row review,source_specific_empirical_status_check_required,see source evaluation and action register; do not infer completeness,Paper 5,"Observation, governance, and identification",TCS-1.0 interface contract; local producer/consumer fields required before theorem transfer,row_verified,Row-closed 2026-08-27 (A011 scientific pass; source read in full): registration-requirement object verified in source §5.4 and the Data and code availability section (power simulation code and seeds for the injected-signal experiments); module observation_governance_empirics confirmed; mapping EXACT_SPECIALIZATION confirmed. Content-level acceptance only: the TCS-1.0 §7 mapping type and the exact source assumptions are verified; the §8 interface contract for cross-module theorem transfer and all theorem statuses remain unchanged. registration requirement not discharged
CC-A011-023,A011,case-screening table and query log,research_program/article_011_periodic_review/formal_result_inventory.md,inventory_item,observation_governance_empirics,theorem record pending classification,EXACT_SPECIALIZATION,accepted_mapping,retain exact source assumptions; model-class extraction pending row review,source_specific_empirical_status_check_required,see source evaluation and action register; do not infer completeness,Paper 5,"Observation, governance, and identification",TCS-1.0 interface contract; local producer/consumer fields required before theorem transfer,row_verified,Row-closed 2026-08-27 (A011 scientific pass; source read in full): registration-requirement object verified in source §5.5 and the Data and code availability section (case-screening table and query log; the case-level primary sources are identified in the screening table per the source); module observation_governance_empirics classified (intake: unclassified); mapping EXACT_SPECIALIZATION classified (intake: UNRESOLVED). Content-level acceptance only: the TCS-1.0 §7 mapping type and the exact source assumptions are verified; the §8 interface contract for cross-module theorem transfer and all theorem statuses remain unchanged. registration requirement not discharged
CC-A011-024,A011,shared bibliography file,research_program/article_011_periodic_review/formal_result_inventory.md,inventory_item,observation_governance_empirics,theorem record pending classification,EXACT_SPECIALIZATION,accepted_mapping,retain exact source assumptions; model-class extraction pending row review,source_status_accepted_artifact_pending,see source evaluation and action register; do not infer completeness,Paper 5,"Observation, governance, and identification",TCS-1.0 interface contract; local producer/consumer fields required before theorem transfer,row_verified,Row-closed 2026-08-27 (A011 scientific pass; source read in full): declared file dependency verified in the source (the shared bibliography file: \input{../shared/references.tex}); module observation_governance_empirics classified (intake: unclassified); mapping EXACT_SPECIALIZATION classified (intake: UNRESOLVED). Evidence status now source_status_accepted_artifact_pending. Content-level acceptance only: the TCS-1.0 §7 mapping type and the exact source assumptions are verified; the §8 interface contract for cross-module theorem transfer and all theorem statuses remain unchanged. the shared bibliography dependency is declared in the source but NOT committed in the repository (no uploads/shared/ directory) — registered here as a paper-time citation obligation: the bibliography must be reconstructed from the cited works at paper time
CC-A012-001,A012,Analytically verified,research_program/article_012_delay_dynamics/formal_result_inventory.md,Forward invariance of M3-B box,nonlinear_dynamics,theorem record pending classification,EXACT_SPECIALIZATION,accepted_mapping,retain exact source assumptions; model-class extraction pending row review,proof_inventory_present_line_check_required,see source evaluation and action register; do not infer completeness,Paper 4,Delay and nonlinear transitions,TCS-1.0 interface contract; local producer/consumer fields required before theorem transfer,row_verified,"Row-closed 2026-08-28 (A012 scientific pass; source read in full): theorem + proof verified in source §2.2 (forward invariance of the M3-B box D = {0<=N<=K, Z>=0, 0<=E<=E_max}: five boundary-face tangent-cone calculations with the delayed history non-negative on each step, method-of-steps induction over [n*tau,(n+1)*tau], and the tau=0 ODE fallback; cited standard RFDE invariance machinery); module nonlinear_dynamics classified (intake: unclassified_canonical_review); mapping EXACT_SPECIALIZATION classified (intake: UNRESOLVED). Evidence status now proof_inventory_present_line_check_required. Content-level acceptance only: the TCS-1.0 §7 mapping type and the exact source assumptions are verified; the §8 interface contract for cross-module theorem transfer and all theorem statuses remain unchanged. Citation anchor locked at the source section named above; the paper-time citation match rides the Part III paper-support discipline. the evaluation confirms the theorem correct; the admissible-history clarification recorded (every history value lies in the box, not only the endpoint); the multiplicative gate is load-bearing (a hard saturation architecture, not a generic effort law)"
CC-A012-002,A012,Analytically verified,research_program/article_012_delay_dynamics/formal_result_inventory.md,Boundedness and global continuation,nonlinear_dynamics,theorem record pending classification,EXACT_SPECIALIZATION,accepted_mapping,retain exact source assumptions; model-class extraction pending row review,proof_inventory_present_line_check_required,see source evaluation and action register; do not infer completeness,Paper 4,Delay and nonlinear transitions,TCS-1.0 interface contract; local producer/consumer fields required before theorem transfer,row_verified,"Row-closed 2026-08-28 (A012 scientific pass; source read in full): corollary + proof verified in source §2.2 (boundedness and global continuation: variation of constants in the Z equation with the monotone bounded input nu <= Phi_k(q E_max K) gives Z-bar, then bounded-set local Lipschitz continuation for all t>=0); module nonlinear_dynamics classified (intake: unclassified_canonical_review); mapping EXACT_SPECIALIZATION classified (intake: UNRESOLVED). Evidence status now proof_inventory_present_line_check_required. Content-level acceptance only: the TCS-1.0 §7 mapping type and the exact source assumptions are verified; the §8 interface contract for cross-module theorem transfer and all theorem statuses remain unchanged. the evaluation confirms the corollary correct; the extinction-face remark of the same section (Z relaxes to delta; the baseline source sustains commanded effort at zero realised harvest; E is an institutional deployment intensity, not a conserved stock — no closed-effort-energetics claim) rides this row"
CC-A012-003,A012,Analytically verified,research_program/article_012_delay_dynamics/formal_result_inventory.md,Characteristic quasi-polynomial,nonlinear_dynamics,"state, model, admissible set, theorem record",EXACT_SPECIALIZATION,accepted_mapping,retain exact source assumptions; model-class extraction pending row review,proof_inventory_present_line_check_required,see source evaluation and action register; do not infer completeness,Paper 4,Delay and nonlinear transitions,TCS-1.0 interface contract; local producer/consumer fields required before theorem transfer,row_verified,Row-closed 2026-08-28 (A012 scientific pass; source read in full): proposition + proof verified in source §3.2 (characteristic quasi-polynomial P(lambda) - C_Z L(lambda) e^{-lambda tau} = 0 by determinant expansion of the 3x3 modal system; the gate factor (1-E*/E_max) distinguishes M3-B from M3-U); module nonlinear_dynamics confirmed; mapping EXACT_SPECIALIZATION confirmed. Evidence status now proof_inventory_present_line_check_required. Content-level acceptance only: the TCS-1.0 §7 mapping type and the exact source assumptions are verified; the §8 interface contract for cross-module theorem transfer and all theorem statuses remain unchanged. Citation anchor locked at the source section named above; the paper-time citation match rides the Part III paper-support discipline. the evaluation confirms the factorisation correct; the linear coefficients are evaluated at the interior equilibrium of CC-A012-006 — the two rows form one local-bifurcation analysis (the destination seam noted there)
CC-A012-004,A012,Analytically verified; Hopf classification still needs simplicity/transversality,research_program/article_012_delay_dynamics/formal_result_inventory.md,Cubic modulus condition and phase branches,nonlinear_dynamics,"state, model, admissible set, theorem record",EXACT_SPECIALIZATION,accepted_mapping,retain exact source assumptions; model-class extraction pending row review,proof_inventory_present_line_check_required,see source evaluation and action register; do not infer completeness,Paper 4,Delay and nonlinear transitions,TCS-1.0 interface contract; local producer/consumer fields required before theorem transfer,row_verified,"Row-closed 2026-08-28 (A012 scientific pass; source read in full): theorem + proof verified in source §3.3 (cubic modulus condition and phase branches: squared moduli give the cubic H(x) in x=omega^2; conversely each positive root gives the unit-modulus ratio R=P(i omega)/(C_Z L(i omega)) and phase branches tau_k=(-arg R+2 pi k)/omega); module nonlinear_dynamics confirmed; mapping EXACT_SPECIALIZATION confirmed. Evidence status now proof_inventory_present_line_check_required. Content-level acceptance only: the TCS-1.0 §7 mapping type and the exact source assumptions are verified; the §8 interface contract for cross-module theorem transfer and all theorem statuses remain unchanged. Citation anchor locked at the source section named above; the paper-time citation match rides the Part III paper-support discipline. the source's own discipline preserved: candidates qualify as Hopf crossings only after separately verified simplicity and transversality; the cubic bounds distinct positive frequency families by three and determines neither criticality nor global folds; the first Lyapunov coefficients remain undone (the source's open-question list, item 2)"
CC-A012-005,A012,Verified,research_program/article_012_delay_dynamics/formal_result_inventory.md,Decline pressure equals positive stock-decline rate,ledger_diagnostics,"ledger, services, admissible set, theorem record",EXACT_SPECIALIZATION,accepted_mapping,retain exact source assumptions; model-class extraction pending row review,proof_inventory_present_line_check_required,see source evaluation and action register; do not infer completeness,Paper 3,Material ledgers and diagnostics,TCS-1.0 interface contract; local producer/consumer fields required before theorem transfer,row_verified,"Row-closed 2026-08-28 (A012 scientific pass; source read in full): identity verified in source §2.1 Eq. (4) (decline pressure Lambda(t)=max{0,qEN-S(N)}=max{0,-Ndot}: the memory input is a smoothed stock-decline rate, exactly the positive part of the decline); module ledger_diagnostics confirmed; mapping EXACT_SPECIALIZATION confirmed. Evidence status now proof_inventory_present_line_check_required. Content-level acceptance only: the TCS-1.0 §7 mapping type and the exact source assumptions are verified; the §8 interface contract for cross-module theorem transfer and all theorem statuses remain unchanged. Citation anchor locked at the source section named above; the paper-time citation match rides the Part III paper-support discipline. exact per the evaluation; not a stock-level scarcity measure, unmet-consumption measure, or independently observed service deficit; qEN-S(N)=O(N) as N->0 so the raw decline input vanishes near extinction while the baseline source can sustain commanded effort (the incremental-vs-baseline distinction of the same section)"
CC-A012-006,A012,Verified,research_program/article_012_delay_dynamics/formal_result_inventory.md,Interior equilibrium and stock branch,ledger_diagnostics,"ledger, services, admissible set, theorem record",EXACT_SPECIALIZATION,accepted_mapping,retain exact source assumptions; model-class extraction pending row review,proof_inventory_present_line_check_required,see source evaluation and action register; do not infer completeness,Paper 4,Material ledgers and diagnostics,TCS-1.0 interface contract; local producer/consumer fields required before theorem transfer,row_verified,"Row-closed 2026-08-28 (A012 scientific pass; source read in full): algebra verified in source §3.1 (interior equilibrium: Z*=Phi_k(0)=delta; the effort bracket gives a quadratic with exactly one positive root; admissibility 0<E*<min{E_max,r/q}; N*=K(1-qE*/r); equilibrium independent of tau and k); module ledger_diagnostics confirmed; mapping EXACT_SPECIALIZATION confirmed. Evidence status now proof_inventory_present_line_check_required. Content-level acceptance only: the TCS-1.0 §7 mapping type and the exact source assumptions are verified; the §8 interface contract for cross-module theorem transfer and all theorem statuses remain unchanged. destination corrected Paper 3 → Paper 4: the architecture lists A012 exclusively among Paper 4's sources and Paper 4's content explicitly includes ""equilibrium and characteristic equations""; the linearization of CC-A012-003/-004 is evaluated at exactly this equilibrium, so routing the equilibrium algebra to Paper 3 would split the local-bifurcation analysis across papers (the A001 Thm 4.8 seam precedent); the extinction-face defect in the upload (the gate also creates the boundary equilibrium (0,delta,E_max)) is repaired in revised_articles/A012_delay_dynamics_corrected.tex line 173 (the r=qE* branch exchange involves the interior-effort branch only; the boundary branch classified separately)"
CC-A012-007,A012,Verified,research_program/article_012_delay_dynamics/formal_result_inventory.md,M3-LC equals M3-U while floor inactive,nonlinear_dynamics,theorem record pending classification,EXACT_SPECIALIZATION,accepted_mapping,retain exact source assumptions; model-class extraction pending row review,proof_inventory_present_line_check_required,see source evaluation and action register; do not infer completeness,Paper 4,Delay and nonlinear transitions,TCS-1.0 interface contract; local producer/consumer fields required before theorem transfer,row_verified,"Row-closed 2026-08-28 (A012 scientific pass; source read in full): identity verified in source §5.3 (M3-LC equals M3-U whenever the recruitment floor is inactive: the two-channel law reduces exactly to Ndot=S(N)-qEN, so the equilibrium and local characteristic equation are independent of psi and kappa); module nonlinear_dynamics classified (intake: unclassified_canonical_review); mapping EXACT_SPECIALIZATION classified (intake: UNRESOLVED). Evidence status now proof_inventory_present_line_check_required. Content-level acceptance only: the TCS-1.0 §7 mapping type and the exact source assumptions are verified; the §8 interface contract for cross-module theorem transfer and all theorem statuses remain unchanged. Citation anchor locked at the source section named above; the paper-time citation match rides the Part III paper-support discipline. the source's own scope preserved: local equality does not imply excursion equality (the floor truncates recruitment on large excursions; the fixed-demand and tau=115 transient experiments of the same section demonstrate the divergence); the two-channel law is a phenomenological stock equation, not a closed mass ledger (C_recruit is demographic suppression, not a material transfer)"
CC-A012-008,A012,Verified with interior/nonuniform boundary scope,research_program/article_012_delay_dynamics/formal_result_inventory.md,MPF support-saturated logistic stock limit,ledger_diagnostics,"ledger, services, admissible set, theorem record",APPROXIMATION,accepted_mapping,retain exact source assumptions; model-class extraction pending row review,proof_inventory_present_line_check_required,see source evaluation and action register; do not infer completeness,Paper 3,Material ledgers and diagnostics,TCS-1.0 interface contract; local producer/consumer fields required before theorem transfer,row_verified,"Row-closed 2026-08-28 (A012 scientific pass; source read in full): identity verified in source §5.5 (MPF support-saturated logistic stock limit: for fixed interior A>0, K_A->0 gives Xdot=(mu-d)X-cX^2-qEX = rX(1-X/K)-qEX with r=mu-d, K=(mu-d)/c, requiring mu>d, c>0; direct substitution); module ledger_diagnostics confirmed; mapping APPROXIMATION confirmed. Evidence status now proof_inventory_present_line_check_required. Content-level acceptance only: the TCS-1.0 §7 mapping type and the exact source assumptions are verified; the §8 interface contract for cross-module theorem transfer and all theorem statuses remain unchanged. Citation anchor locked at the source section named above; the paper-time citation match rides the Part III paper-support discipline. mapping APPROXIMATION confirmed as a genuine limit result: pointwise on the interior support region, NOT uniform through the depleted-pool boundary (A/(K_A+A)=0 at A=0 for every K_A>0); the scope restriction preserved — the identity does not eliminate U, make A constant near its boundary, transform the memory or effort laws, or transfer Hopf/fold thresholds (""an ecological stock-equation identity, not a full-core reduction""); the MPF active-material admissibility obligation (X+U<=M invariance) is DISCHARGED in the corrected article by the NEW MPF simplex forward-invariance theorem (d/dt(X+U)=-qEX-gamma_U U<=0 on the boundary, with g(X,0)=0, m(0)=0) — the paper-time companion theorem"
CC-A012-009,A012,Verified,research_program/article_012_delay_dynamics/formal_result_inventory.md,"Effort-scale transformation leaves N,Z trajectories invariant",architecture_transformation_composition,"specification, architecture, operator II, composition",TRANSFORMATION,accepted_mapping,retain exact source assumptions; model-class extraction pending row review,proof_inventory_present_line_check_required,see source evaluation and action register; do not infer completeness,Paper 1 or monograph introduction,"Canonical architecture, transformation, and composition",TCS-1.0 interface contract; local producer/consumer fields required before theorem transfer,row_verified,"Row-closed 2026-08-28 (A012 scientific pass; source read in full): identifiability result verified in source §6 (effort-scale transformation: E'=aE, E'_max=aE_max, q'=q/a, delta_0'=a delta_0 with correspondingly scaled effort histories leaves the (N,Z) trajectory unchanged); module architecture_transformation_composition confirmed; mapping TRANSFORMATION confirmed. Evidence status now proof_inventory_present_line_check_required. Content-level acceptance only: the TCS-1.0 §7 mapping type and the exact source assumptions are verified; the §8 interface contract for cross-module theorem transfer and all theorem statuses remain unchanged. Citation anchor locked at the source section named above; the paper-time citation match rides the Part III paper-support discipline. structural non-identifiability of the separate effort scale, q, E_max, and delta_0 from (N,Z) observations alone — direct effort observations in a calibrated unit, a scale normalization, or additional deployment measurements required before separate empirical interpretation; the paper wave should cite this row at the Paper 5 empirical-identification seam even though its primary home is the Paper 1 transformation-operator family"
CC-A012-010,A012,Accepted as verified numerical result; reproducibility archive pending,research_program/article_012_delay_dynamics/formal_result_inventory.md,"M3-U thresholds, cycles, folds, basins",nonlinear_dynamics,"state, model, admissible set, theorem record",EXACT_SPECIALIZATION,accepted_mapping,retain exact source assumptions; model-class extraction pending row review,source_status_accepted_artifact_pending,see source evaluation and action register; do not infer completeness,Paper 4,Delay and nonlinear transitions,TCS-1.0 interface contract; local producer/consumer fields required before theorem transfer,row_verified,"Row-closed 2026-08-28 (A012 scientific pass; source read in full): numerical proposition family verified in source §5.1 (M3-U thresholds, cycles, folds, basins: Candidate A crossings tau-=6.8814, tau+=132.3749 yr; Candidate B 6.2136/76.2906 yr; persistence boundaries ~7.355/131.24 yr; bistability windows ~0.47/1.1 yr; basin-dependent capture at tau=131.8; unstable small orbit below the lower Hopf; eta and r sweeps bounding the two-crossing window); module nonlinear_dynamics confirmed; mapping EXACT_SPECIALIZATION confirmed. Evidence status now source_status_accepted_artifact_pending. Content-level acceptance only: the TCS-1.0 §7 mapping type and the exact source assumptions are verified; the §8 interface contract for cross-module theorem transfer and all theorem statuses remain unchanged. accepted as verified numerical work at the source's asserted status per the evaluation record (the user instruction), with the reproducibility archive a publication obligation; the SNPO classification of either persistence boundary remains conjectural (branch collision and nondegeneracy not demonstrated); basin statements restricted to the histories actually tested; the sensitivity sweeps are model sensitivity results, not empirical calibration"
CC-A012-011,A012,Accepted as verified numerical result; reproducibility archive pending,research_program/article_012_delay_dynamics/formal_result_inventory.md,"M3-B thresholds, folds, Floquet, basins",nonlinear_dynamics,"state, model, admissible set, theorem record",EXACT_SPECIALIZATION,accepted_mapping,retain exact source assumptions; model-class extraction pending row review,source_status_accepted_artifact_pending,see source evaluation and action register; do not infer completeness,Paper 4,Delay and nonlinear transitions,TCS-1.0 interface contract; local producer/consumer fields required before theorem transfer,row_verified,"Row-closed 2026-08-28 (A012 scientific pass; source read in full): numerical proposition family verified in source §5.2 (M3-B thresholds, folds, Floquet, basins: Candidate A crossings tau-=3.67, tau+=150.36 yr; Candidate B 5.5128/80.4245 yr; distinct lower periodic-orbit folds near 5.574-5.575 (stable large-cycle branch) and 5.587 yr (small unstable branch; real multiplier 1.0514 at tau=5.584 to 0.998983 at 5.587); upper persistence boundary 148.3 yr bracketed [148.125,148.438] with open classification); module nonlinear_dynamics confirmed; mapping EXACT_SPECIALIZATION confirmed. Evidence status now source_status_accepted_artifact_pending. Content-level acceptance only: the TCS-1.0 §7 mapping type and the exact source assumptions are verified; the §8 interface contract for cross-module theorem transfer and all theorem statuses remain unchanged. the inferred subcritical signatures (amplitude exponent 0.47; surrogate cubic coefficient ~3.9e-6) are inferred numerical classifications, NOT first Lyapunov coefficients from a DDE centre-manifold calculation (the source's own status discipline); the two lower folds belong to distinct periodic-orbit families, so a single square-root collision law is inapplicable; the gate's threshold relocation (~47% lower, ~14% upper for Candidate A) shows thresholds cannot be transported between variants; finite searches support but cannot prove interior monostability; k-independence is local only"
CC-A012-012,A012,Accepted numerical result at stated scope; fixed-demand culling boundary flaw remains,research_program/article_012_delay_dynamics/formal_result_inventory.md,M3-LC persistence and fixed-demand experiments,nonlinear_dynamics,theorem record pending classification,EXACT_SPECIALIZATION,accepted_mapping,retain exact source assumptions; model-class extraction pending row review,source_status_accepted_artifact_pending,see source evaluation and action register; do not infer completeness,Paper 4,Delay and nonlinear transitions,TCS-1.0 interface contract; local producer/consumer fields required before theorem transfer,row_verified,"Row-closed 2026-08-28 (A012 scientific pass; source read in full): numerical proposition family verified in source §5.3 (M3-LC persistence and fixed-demand experiments: upper persistence boundary ~132.0 yr at psi=1 vs ~132.5 yr at psi=0 with the ~0.8-yr inter-locator discrepancy treated as localisation uncertainty; tau=115 transients of order 1e4-1e5 yr with minimum N~33 (psi=1) vs N~10 (psi=0); fixed-demand D=0.7 experiment: stock culling reaches zero near time 158, recruitment suppression N<1 near time 430); module nonlinear_dynamics classified (intake: unclassified_canonical_review); mapping EXACT_SPECIALIZATION classified (intake: UNRESOLVED). Evidence status now source_status_accepted_artifact_pending. Content-level acceptance only: the TCS-1.0 §7 mapping type and the exact source assumptions are verified; the §8 interface contract for cross-module theorem transfer and all theorem statuses remain unchanged. the fixed-demand culling boundary flaw REMAINS in the upload (C_stock=D>0 points through the non-negative boundary; the post-hit model not physically admissible as written) — the correction IS implemented in the corrected article (first-hitting-time stopping rule / explicit donor limiter, line 446; the reported time-to-zero retained as a first-hitting-time result); the defensible conclusion is an order-of-one-year shift, not an exact percentage; local equivalence does not imply excursion equivalence; assigning psi to a field system requires age-, stage-, or replenishment-specific evidence"
CC-A012-013,A012,Accepted numerical result; omega/kappa notation mismatch remains,research_program/article_012_delay_dynamics/formal_result_inventory.md,M4-A thresholds and turnover boundary,nonlinear_dynamics,theorem record pending classification,EXACT_SPECIALIZATION,accepted_mapping,retain exact source assumptions; model-class extraction pending row review,source_status_accepted_artifact_pending,see source evaluation and action register; do not infer completeness,Paper 4,Delay and nonlinear transitions,TCS-1.0 interface contract; local producer/consumer fields required before theorem transfer,row_verified,"Row-closed 2026-08-28 (A012 scientific pass; source read in full): numerical proposition family verified in source §5.4 (M4-A thresholds and turnover boundary: ungated Candidate-A equilibrium (89.5256, 397.8665, 2.0896) with crossings 6.982022/132.272044 yr and persistence boundaries ~7.374/130.77 yr; gated counterpart crossings ~3.7849/150.12 yr with 360-380 and 150-160 yr cycle periods; the tau=0 turnover stability boundary at ~0.001316298 (gated ~0.001330) with 1798-point sweep, 60 sub-threshold simulations, 60 continuation points); module nonlinear_dynamics classified (intake: unclassified_canonical_review); mapping EXACT_SPECIALIZATION classified (intake: UNRESOLVED). Evidence status now source_status_accepted_artifact_pending. Content-level acceptance only: the TCS-1.0 §7 mapping type and the exact source assumptions are verified; the §8 interface contract for cross-module theorem transfer and all theorem statuses remain unchanged. the omega_A/kappa_A notation mismatch REMAINS in the upload (the model equation uses omega_A; the numerical boundary is reported as kappa_A) — harmonized to omega_A in the corrected article line 464 before any threshold citation; the open-relaxation caveat preserved (a reduced open-pool model, not a closed ledger, not a proved Tikhonov reduction); the finite sweeps support delay-independent sub-threshold stability, not a theorem for all parameter values; freezing A is not a justified fast-variable elimination at the baseline omega_A=1e-3"
CC-A012-014,A012,Accepted numerical result; active-material boundary check remains,research_program/article_012_delay_dynamics/formal_result_inventory.md,MPF Hopf/transient/basin/sweep results,nonlinear_dynamics,"state, model, admissible set, theorem record",EXACT_SPECIALIZATION,accepted_mapping,retain exact source assumptions; model-class extraction pending row review,source_status_accepted_artifact_pending,see source evaluation and action register; do not infer completeness,Paper 4,Delay and nonlinear transitions,TCS-1.0 interface contract; local producer/consumer fields required before theorem transfer,row_verified,"Row-closed 2026-08-28 (A012 scientific pass; source read in full): numerical proposition family verified in source §5.5-§5.6 (MPF Hopf/transient/basin/sweep results: the illustrative baseline (X*,U*,E*)~(16.68,10.23,0.435) has no local Hopf crossing for 0<=tau<=500; the apparent onset near tau=33.4-33.6 reclassified as a long-lived decaying transient (return within ~2e4 units over the tested 33.4-34.8 interval); basin-selective global dynamics for tau>=35; parametric Hopf onset at eta_crit~2.337 with interleaving crossing pairs over eta in (2.337,3]; supercritical-consistent onset (exponent 0.59, inferred); the 300-parameterisation sigmoid-gate negative screen); module nonlinear_dynamics confirmed; mapping EXACT_SPECIALIZATION confirmed. Evidence status now source_status_accepted_artifact_pending. Content-level acceptance only: the TCS-1.0 §7 mapping type and the exact source assumptions are verified; the §8 interface contract for cross-module theorem transfer and all theorem statuses remain unchanged. the active-material boundary check obligation is DISCHARGED in the corrected article (the MPF simplex forward-invariance theorem — see the CC-A012-008 note); the negative screen is a numerical negative result over the sampled domain, not a structural impossibility theorem; the baseline regime is neither the M3-B regime nor a transfer of its threshold values"
CC-A013-001,A013,Verified,research_program/article_013_component_accounting/formal_result_inventory.md,Positive weighted scalar does not certify componentwise nonnegativity on unrestricted balance space,formal_foundations,"operator I, theorem record, mapping",COUNTEREXAMPLE_OR_LIMIT,accepted_mapping,retain exact source assumptions; model-class extraction pending row review,proof_inventory_present_line_check_required,see source evaluation and action register; do not infer completeness,Paper 2,Formal viability and theorem atlas,TCS-1.0 interface contract; local producer/consumer fields required before theorem transfer,row_verified,"Row-closed 2026-08-28 (A013 scientific pass; source read in full): logical observation + explicit witness construction verified in source §2.3 (for any n >= 2, any component k, any deficit L > 0 and any j != k: b_k = -L, b_j = (w_k L + 1)/w_j, b_i = 0 otherwise, gives w^T b = 1 > 0 despite b_k < 0 — a positive half-space contains vectors outside the nonnegative orthant; on a restricted feasible domain the certificate requires the separately proved implication b in B, w^T b >= 0 => b in R_+^n, which fails exactly when the domain contains a compensating counterexample of the displayed kind); module formal_foundations confirmed; mapping COUNTEREXAMPLE_OR_LIMIT corrected (intake: EXACT_SPECIALIZATION). Evidence status now proof_inventory_present_line_check_required. Content-level acceptance only: the TCS-1.0 §7 mapping type and the exact source assumptions are verified; the §8 interface contract for cross-module theorem transfer and all theorem statuses remain unchanged. Citation anchor locked at the source section named above; the paper-time citation match rides the Part III paper-support discipline. mapping corrected EXACT_SPECIALIZATION → COUNTEREXAMPLE_OR_LIMIT (intake: EXACT_SPECIALIZATION): the item is the explicit witness construction — the same logical content as CC-A018-001, classified COUNTEREXAMPLE_OR_LIMIT by the A018 pass (cross-source family consistency); the source's own humility preserved (""recorded here only to fix the certification boundary, not as a new mathematical result""); the non-compensatory scalar encodings (min_i b_i, ||[-b]_+||, max_i [-b_i]_+/s_i^ref) DO certify absence of a component deficit when reference scales are declared — recorded with the certification boundary; destination Paper 2 confirmed with CC-A018-001 (the atlas's noncompensation family)"
CC-A013-002,A013,Valid,research_program/article_013_component_accounting/formal_result_inventory.md,State-dependent feasible balance domain,ledger_diagnostics,theorem record pending classification,EXACT_SPECIALIZATION,accepted_mapping,retain exact source assumptions; model-class extraction pending row review,defined_source_object,see source evaluation and action register; do not infer completeness,Paper 3,Material ledgers and diagnostics,TCS-1.0 interface contract; local producer/consumer fields required before theorem transfer,row_verified,"Row-closed 2026-08-28 (A013 scientific pass; source read in full): definition verified in source §2.1 (the state-dependent feasible balance domain B(x,t) = {O(x,u,theta) - d : u in U(x,t), d in D(t)} — the geometry is state dependent and inherited partly from the stock-flow model; ""the unrestricted argument below cannot replace an application-specific analysis of B(x,t)""); module ledger_diagnostics classified (intake: unclassified_canonical_review); mapping EXACT_SPECIALIZATION classified (intake: UNRESOLVED). Evidence status now defined_source_object. Content-level acceptance only: the TCS-1.0 §7 mapping type and the exact source assumptions are verified; the §8 interface contract for cross-module theorem transfer and all theorem statuses remain unchanged. Citation anchor locked at the source section named above; the paper-time citation match rides the Part III paper-support discipline. module classified ledger_diagnostics (the balance-domain definition is the ledger/service-readout diagnostic object); the notation consideration recorded (the evaluation record reserves O for measurement; a canonical service map Gamma_s, Qv, or S at the canonical bridge); destination Paper 3 confirmed"
CC-A013-003,A013,Valid; attainment requires closedness,research_program/article_013_component_accounting/formal_result_inventory.md,Directional regenerative-support fraction/gap,ledger_diagnostics,theorem record pending classification,EXACT_SPECIALIZATION,accepted_mapping,retain exact source assumptions; model-class extraction pending row review,defined_source_object,see source evaluation and action register; do not infer completeness,Paper 3,Material ledgers and diagnostics,TCS-1.0 interface contract; local producer/consumer fields required before theorem transfer,row_verified,"Row-closed 2026-08-28 (A013 scientific pass; source read in full): definition verified in source §2.2 (the directional regenerative-support fraction alpha_reg(s_bar; x,t) = sup{alpha in [0,1] : alpha s_bar in Gamma_reg(x,t)} and the support gap (1 - alpha_reg) s_bar in the same service units; a realized service in Gamma_all \ Gamma_reg is support-dependent even when s >= d); module ledger_diagnostics classified (intake: unclassified_canonical_review); mapping EXACT_SPECIALIZATION classified (intake: UNRESOLVED). Evidence status now defined_source_object. Content-level acceptance only: the TCS-1.0 §7 mapping type and the exact source assumptions are verified; the §8 interface contract for cross-module theorem transfer and all theorem statuses remain unchanged. Citation anchor locked at the source section named above; the paper-time citation match rides the Part III paper-support discipline. module classified ledger_diagnostics; the inventory's own status preserved verbatim (""Valid; attainment requires closedness""): if Gamma_reg is not closed the supremum may not be attained — the gap is relative to a supremal fraction, not necessarily an achievable boundary service; the non-interpretation discipline recorded (the statement neither subtracts raw material from service nor proves a stock is declining; net depletion still requires a negative stock balance or a trajectory argument)"
CC-A013-004,A013,Verified,research_program/article_013_component_accounting/formal_result_inventory.md,Six-compartment incidence matrix has zero column sums,ledger_diagnostics,theorem record pending classification,EXACT_SPECIALIZATION,accepted_mapping,retain exact source assumptions; model-class extraction pending row review,proof_inventory_present_line_check_required,see source evaluation and action register; do not infer completeness,Paper 3,Material ledgers and diagnostics,TCS-1.0 interface contract; local producer/consumer fields required before theorem transfer,row_verified,"Row-closed 2026-08-28 (A013 scientific pass; source read in full): identity verified in source §3.2 (the six-compartment incidence matrix S(alpha, rho) with 1^T S = 0 — the routing splits alpha (harvest to U) and rho (retirement to U vs W) displayed explicitly with the eight nonnegative primitive fluxes g, m, h, d_U, e_GA, e_AG, c_G, r_P); module ledger_diagnostics classified (intake: unclassified_canonical_review); mapping EXACT_SPECIALIZATION classified (intake: UNRESOLVED). Evidence status now proof_inventory_present_line_check_required. Content-level acceptance only: the TCS-1.0 §7 mapping type and the exact source assumptions are verified; the §8 interface contract for cross-module theorem transfer and all theorem statuses remain unchanged. Citation anchor locked at the source section named above; the paper-time citation match rides the Part III paper-support discipline. module classified ledger_diagnostics; the constitutive-choices discipline recorded (the constant splits, the compartment set, and the absorbing-sink convention are features of this example, not properties of every typed ledger; the monomaterial projection caveat; the quality-grade split obligation if recovery claims are made); destination Paper 3 confirmed"
CC-A013-005,A013,Verified,research_program/article_013_component_accounting/formal_result_inventory.md,Total represented material is conserved,ledger_diagnostics,"ledger, services, admissible set, theorem record",EXACT_SPECIALIZATION,accepted_mapping,retain exact source assumptions; model-class extraction pending row review,proof_inventory_present_line_check_required,see source evaluation and action register; do not infer completeness,Paper 3,Material ledgers and diagnostics,TCS-1.0 interface contract; local producer/consumer fields required before theorem transfer,row_verified,Row-closed 2026-08-28 (A013 scientific pass; source read in full): theorem + proof verified in source §3.3 (mass conservation: d/dt M = 0 for M = X+U+A+G+P+W along every classical solution — the pairwise cancellation proof with -h + alpha h + (1-alpha)h = 0 and rho r_P - r_P + (1-rho) r_P = 0); module ledger_diagnostics confirmed; mapping EXACT_SPECIALIZATION confirmed. Evidence status now proof_inventory_present_line_check_required. Content-level acceptance only: the TCS-1.0 §7 mapping type and the exact source assumptions are verified; the §8 interface contract for cross-module theorem transfer and all theorem statuses remain unchanged. Citation anchor locked at the source section named above; the paper-time citation match rides the Part III paper-support discipline. the conservation argument applies to the expanded typed incidence system when quality grades are split — not automatically to an undifferentiated quality-neutral loop (the source's own scope note); the open-systems remark recorded (imports/exports become dot M = I_partial - O_partial)
CC-A013-006,A013,Verified,research_program/article_013_component_accounting/formal_result_inventory.md,Nonnegative cone is forward invariant,ledger_diagnostics,theorem record pending classification,EXACT_SPECIALIZATION,accepted_mapping,retain exact source assumptions; model-class extraction pending row review,proof_inventory_present_line_check_required,see source evaluation and action register; do not infer completeness,Paper 3,Material ledgers and diagnostics,TCS-1.0 interface contract; local producer/consumer fields required before theorem transfer,row_verified,"Row-closed 2026-08-28 (A013 scientific pass; source read in full): theorem + proof verified in source §3.3 (forward invariance of the nonnegative cone R_+^6 under the donor boundary assumptions — the face-by-face tangent-cone argument: at X = 0, g = m = h = 0 so dot X = 0; at U = 0, dot U = m + alpha h + rho r_P >= 0; at A = 0, dot A = d_U + e_GA >= 0; at G = 0, dot G = e_AG >= 0; at P = 0, dot P >= 0; at W = 0, dot W >= 0; the Aubin tangent-cone invariance theorem cited); module ledger_diagnostics classified (intake: unclassified_canonical_review); mapping EXACT_SPECIALIZATION classified (intake: UNRESOLVED). Evidence status now proof_inventory_present_line_check_required. Content-level acceptance only: the TCS-1.0 §7 mapping type and the exact source assumptions are verified; the §8 interface contract for cross-module theorem transfer and all theorem statuses remain unchanged. Citation anchor locked at the source section named above; the paper-time citation match rides the Part III paper-support discipline. module classified ledger_diagnostics (the CC-A018-003/CC-A019-003 precedent: the closed ledger's positivity family); conservation and boundary admissibility are SEPARATE obligations (the source's own emphasis); the finite-donor condition discipline recorded (a target-relaxation law e_GA = omega(A^eq - A) does not satisfy it unless limited by G — the open-system declaration requirement)"
CC-A013-007,A013,Valid,research_program/article_013_component_accounting/formal_result_inventory.md,Gross turnover/dependency intensity,ledger_diagnostics,theorem record pending classification,EXACT_SPECIALIZATION,accepted_mapping,retain exact source assumptions; model-class extraction pending row review,defined_source_object,see source evaluation and action register; do not infer completeness,Paper 3,Material ledgers and diagnostics,TCS-1.0 interface contract; local producer/consumer fields required before theorem transfer,row_verified,"Row-closed 2026-08-28 (A013 scientific pass; source read in full): definition + false-implication record verified in source §4.1 (the gross turnover intensity J_A^gross = g/A and gross support-coverage ratio H_A^gross = (A - A_min)/g; the implication g > 0 => dot A < 0 is FALSE in general — at an interior steady state g can be positive while decomposition and geological transfer balance it exactly); module ledger_diagnostics classified (intake: unclassified_canonical_review); mapping EXACT_SPECIALIZATION classified (intake: UNRESOLVED). Evidence status now defined_source_object. Content-level acceptance only: the TCS-1.0 §7 mapping type and the exact source assumptions are verified; the §8 interface contract for cross-module theorem transfer and all theorem statuses remain unchanged. Citation anchor locked at the source section named above; the paper-time citation match rides the Part III paper-support discipline. module classified ledger_diagnostics; the source's own discipline preserved verbatim (""Gross uptake measures throughput or dependency; net depletion is a balance property""); destination Paper 3 confirmed"
CC-A013-008,A013,Valid,research_program/article_013_component_accounting/formal_result_inventory.md,Local net-depletion ratio,ledger_diagnostics,"ledger, services, admissible set, theorem record",EXACT_SPECIALIZATION,accepted_mapping,retain exact source assumptions; model-class extraction pending row review,defined_source_object,see source evaluation and action register; do not infer completeness,Paper 3,Material ledgers and diagnostics,TCS-1.0 interface contract; local producer/consumer fields required before theorem transfer,row_verified,"Row-closed 2026-08-28 (A013 scientific pass; source read in full): definition verified in source §4.2 (the local net-depletion ratio H_A^loc = (A - A_min)/[-dot A]_+ with the extended-real convention +infinity when dot A >= 0 — ""correctly reports no current net decline at a stationary or replenishing state""; still not a trajectory forecast: it freezes the current net rate); module ledger_diagnostics confirmed; mapping EXACT_SPECIALIZATION confirmed. Evidence status now defined_source_object. Content-level acceptance only: the TCS-1.0 §7 mapping type and the exact source assumptions are verified; the §8 interface contract for cross-module theorem transfer and all theorem statuses remain unchanged. Citation anchor locked at the source section named above; the paper-time citation match rides the Part III paper-support discipline. the middle rung of the three-quantity taxonomy (J/H gross = dependency; H^loc = frozen-rate ratio; T_A = scenario-conditioned) — the three answer different questions and must not share one depletion-horizon label"
CC-A013-009,A013,Valid,research_program/article_013_component_accounting/formal_result_inventory.md,Scenario-conditioned hitting time,ledger_diagnostics,theorem record pending classification,EXACT_SPECIALIZATION,accepted_mapping,retain exact source assumptions; model-class extraction pending row review,defined_source_object,see source evaluation and action register; do not infer completeness,Paper 3,Material ledgers and diagnostics,TCS-1.0 interface contract; local producer/consumer fields required before theorem transfer,row_verified,"Row-closed 2026-08-28 (A013 scientific pass; source read in full): definition verified in source §4.3 (the scenario-conditioned hitting time T_A(x_0; pi, d) = inf{t >= 0 : A^{pi,d}(t; x_0) <= A_min} with T_A = +infinity if never reached; under parameter, observation, and scenario uncertainty the appropriate output is a distribution or robust interval, not a single universal date); module ledger_diagnostics classified (intake: unclassified_canonical_review); mapping EXACT_SPECIALIZATION classified (intake: UNRESOLVED). Evidence status now defined_source_object. Content-level acceptance only: the TCS-1.0 §7 mapping type and the exact source assumptions are verified; the §8 interface contract for cross-module theorem transfer and all theorem statuses remain unchanged. Citation anchor locked at the source section named above; the paper-time citation match rides the Part III paper-support discipline. module classified ledger_diagnostics; destination Paper 3 confirmed; the first-passage semantics join the A024 first-passage rows at the Paper 3 diagnostics seam"
CC-A013-010,A013,Accepted as verified by user instruction; submission supplement pending,research_program/article_013_component_accounting/formal_result_inventory.md,G3P anomaly-persistence indices,ledger_diagnostics,theorem record pending classification,EXACT_SPECIALIZATION,accepted_mapping,retain exact source assumptions; model-class extraction pending row review,source_status_accepted_artifact_pending,see source evaluation and action register; do not infer completeness,Paper 3,Material ledgers and diagnostics,TCS-1.0 interface contract; local producer/consumer fields required before theorem transfer,row_verified,"Row-closed 2026-08-28 (A013 scientific pass; source read in full): application record verified in source §5.1 (the G3P v1.12 Linear-Trend Anomaly Persistence Index L_hist^anom = (a_latest - a_hist,min)/[-a_dot]_+ and the four-basin table: Indo-Gangetic -49.7 cm/yr / ~2.7 yr; North China Plain -18.6 / ~7.9; Central Valley -16.1 / ~9.5; La Mancha -3.2 / ~21.4 over the April 2002-September 2023 window); module ledger_diagnostics classified (intake: unclassified_canonical_review); mapping EXACT_SPECIALIZATION classified (intake: UNRESOLVED). Evidence status now source_status_accepted_artifact_pending. Content-level acceptance only: the TCS-1.0 §7 mapping type and the exact source assumptions are verified; the §8 interface contract for cross-module theorem transfer and all theorem statuses remain unchanged. Citation anchor locked at the source section named above; the paper-time citation match rides the Part III paper-support discipline. module classified ledger_diagnostics (the CC-A018-017 precedent: the same application tables classified ledger_diagnostics); the values accepted as verified by explicit user instruction with the submission-stage supplement pending (processing files, source extracts, shared references not in the workspace); the source's own classification preserved verbatim: a statistical anomaly index with units of time, NOT the physical H_A^loc and not a forecast of aquifer exhaustion — a physical H_A^loc requires an absolute stock estimate and a net stock derivative; cite together with CC-A018-017 (the A018 statement of the same tables) at the Paper 3 seam"
CC-A013-011,A013,Arithmetic and source quantity accepted as verified; source vintage to be supplied at submission,research_program/article_013_component_accounting/formal_result_inventory.md,Phosphate reserve-life ratio,ledger_diagnostics,"ledger, services, admissible set, theorem record",EXACT_SPECIALIZATION,accepted_mapping,retain exact source assumptions; model-class extraction pending row review,source_specific_empirical_status_check_required,see source evaluation and action register; do not infer completeness,Paper 3,Material ledgers and diagnostics,TCS-1.0 interface contract; local producer/consumer fields required before theorem transfer,row_verified,"Row-closed 2026-08-28 (A013 scientific pass; source read in full): application record verified in source §5.2 (the phosphate reserve-life ratio T_reserve = G_reserve/C_G ~= 309 yr at ~74,000 Mt world reserves and ~240,000 kt/yr production; the resource-threshold variant T_{resource,10%} = 0.9 G_resource/C_G answers a different question and must not share a column without an explicit convention label); module ledger_diagnostics confirmed; mapping EXACT_SPECIALIZATION confirmed. Evidence status now source_specific_empirical_status_check_required. Content-level acceptance only: the TCS-1.0 §7 mapping type and the exact source assumptions are verified; the §8 interface contract for cross-module theorem transfer and all theorem statuses remain unchanged. Citation anchor locked at the source section named above; the paper-time citation match rides the Part III paper-support discipline. the arithmetic internally consistent as a reserve-life ratio to zero; NOT a physical exhaustion forecast (reserve classification changes with prices, technology, exploration, regulation); the source vintage to be supplied at submission (the inventory's own status); the reserves/resources split discipline recorded"
CC-A013-012,A013,Formula verified,research_program/article_013_component_accounting/formal_result_inventory.md,Fisheries removals-only threshold time,ledger_diagnostics,theorem record pending classification,COUNTEREXAMPLE_OR_LIMIT,accepted_mapping,retain exact source assumptions; model-class extraction pending row review,defined_source_object,see source evaluation and action register; do not infer completeness,Paper 3,Material ledgers and diagnostics,TCS-1.0 interface contract; local producer/consumer fields required before theorem transfer,row_verified,"Row-closed 2026-08-28 (A013 scientific pass; source read in full): application record + classification boundary verified in source §5.3 (the Fisheries-Only Time-to-Reference Theta_F = R_B/F_now with R_B = log(SSB_now/B_lim): the crossing time of the deliberately incomplete comparison process dot B = -F_now B; the genuinely local biomass-decline ratio H_B^loc = (B - B_lim)/[-dot B]_+ would require a compatible net dot B estimate, and a demographic hitting time a fully specified population model — ""RAM Legacy SSB and F data do not by themselves supply these quantities or models""); module ledger_diagnostics classified (intake: unclassified_canonical_review); mapping COUNTEREXAMPLE_OR_LIMIT classified (intake: UNRESOLVED). Evidence status now defined_source_object. Content-level acceptance only: the TCS-1.0 §7 mapping type and the exact source assumptions are verified; the §8 interface contract for cross-module theorem transfer and all theorem statuses remain unchanged. Citation anchor locked at the source section named above; the paper-time citation match rides the Part III paper-support discipline. module classified ledger_diagnostics; mapping classified COUNTEREXAMPLE_OR_LIMIT (the item's load-bearing content is the classification boundary: the construction is retained specifically to show why an isolated gross-removal time scale must NOT be promoted to a net depletion diagnostic — outside the J/H/T hierarchy; ""Spawning biomass is not an abiotic support pool""); the A014 cod case is the worked fisheries instance of exactly this discipline"
CC-A014-001,A014,Case module,research_program/article_014_northern_cod/formal_content_inventory.md,Retain as illustrative constitutive model,observation_governance_empirics,theorem record pending classification,EXACT_SPECIALIZATION,accepted_mapping,retain exact source assumptions; model-class extraction pending row review,source_specific_empirical_status_check_required,see source evaluation and action register; do not infer completeness,Paper 5,"Observation, governance, and identification",TCS-1.0 interface contract; local producer/consumer fields required before theorem transfer,row_verified,"Row-closed 2026-08-28 (A014 scientific pass; source read in full): case constitutive model verified in source §3.0 (the strong-Allee surplus equation dS/dt = rS(1-S/K)(S-s)/(K-s) - C(t) with SSB S, growth r, carrying capacity K, unstable threshold s, removals C; typed claim U1 ""constitutive assumption, stands""; U2 records Schaefer as the Allee-factor-1 specialization); module observation_governance_empirics classified (intake: unclassified_canonical_review); mapping EXACT_SPECIALIZATION classified (intake: UNRESOLVED). Evidence status now source_specific_empirical_status_check_required. Content-level acceptance only: the TCS-1.0 §7 mapping type and the exact source assumptions are verified; the §8 interface contract for cross-module theorem transfer and all theorem statuses remain unchanged. Citation anchor locked at the source section named above; the paper-time citation match rides the Part III paper-support discipline. retained as an illustrative constitutive model, not a fit; the A014-L1 autonomy defect recorded: the displayed model contains C(t) and is NOT autonomous when removals vary — the corrected article states the obstruction class as one-dimensional autonomous with fixed parameters and fixed removals"
CC-A014-002,A014,Corrected proposition,research_program/article_014_northern_cod/formal_content_inventory.md,Conditional; add existence/production-maximum assumptions,observation_governance_empirics,theorem record pending classification,EXACT_SPECIALIZATION,accepted_mapping,retain exact source assumptions; model-class extraction pending row review,conditional_or_open,see source evaluation and action register; do not infer completeness,Paper 5,"Observation, governance, and identification",TCS-1.0 interface contract; local producer/consumer fields required before theorem transfer,row_verified,"Row-closed 2026-08-28 (A014 scientific pass; source read in full): corrected proposition verified in source §3.0 (the extra-loss threshold-shift lemma: if C>0 or M_x>0 the effective threshold s_eff > s); module observation_governance_empirics classified (intake: unclassified_canonical_review); mapping EXACT_SPECIALIZATION classified (intake: UNRESOLVED). Evidence status now conditional_or_open. Content-level acceptance only: the TCS-1.0 §7 mapping type and the exact source assumptions are verified; the §8 interface contract for cross-module theorem transfer and all theorem statuses remain unchanged. conditional per the audit (A014-L3): the shift holds only when the modified positive equilibria exist and the loss lies below the relevant production maximum — larger losses eliminate the positive basin entirely; the corrected article states this as Proposition 2 (the conditional form, with the coalescence/disappearance case and the per-capita analog); an ""effective threshold"" is not automatically a shifted structural parameter"
CC-A014-003,A014,Antitheorem/case result,research_program/article_014_northern_cod/formal_content_inventory.md,Retain after exact-trajectory/autonomy restatement,observation_governance_empirics,theorem record pending classification,COUNTEREXAMPLE_OR_LIMIT,accepted_mapping,retain exact source assumptions; model-class extraction pending row review,source_specific_empirical_status_check_required,see source evaluation and action register; do not infer completeness,Paper 5,"Observation, governance, and identification",TCS-1.0 interface contract; local producer/consumer fields required before theorem transfer,row_verified,"Row-closed 2026-08-28 (A014 scientific pass; source read in full): antitheorem/case result verified in source §3.1 (any autonomous fixed-(r,K,s) version is incompatible with the non-monotonic post-moratorium trajectory: the three-row trichotomy table with the rising-and-falling series); module observation_governance_empirics classified (intake: unclassified_canonical_review); mapping COUNTEREXAMPLE_OR_LIMIT classified (intake: UNRESOLVED). Evidence status now source_specific_empirical_status_check_required. Content-level acceptance only: the TCS-1.0 §7 mapping type and the exact source assumptions are verified; the §8 interface contract for cross-module theorem transfer and all theorem statuses remain unchanged. Citation anchor locked at the source section named above; the paper-time citation match rides the Part III paper-support discipline. mapping classified COUNTEREXAMPLE_OR_LIMIT — an incompatibility/failure-boundary result of the case model class; retained AFTER the exact-trajectory/autonomy restatement (A014-L1) and the finite-time restatement (A014-L2: convergence toward K can be arbitrarily slow near degeneracy — the reliable contradiction is repeated direction reversal, not failure to reach an unspecified biomass by an unspecified deadline); the obstruction must be separated from rejection under measurement error, process noise, age structure, migration, time-varying mortality, and state-space observation models (A014-L9)"
CC-A014-004,A014,Corrected proof,research_program/article_014_northern_cod/formal_content_inventory.md,Replace by scalar phase-line theorem; finite-time branch is overclaimed,observation_governance_empirics,theorem record pending classification,COUNTEREXAMPLE_OR_LIMIT,accepted_mapping,retain exact source assumptions; model-class extraction pending row review,proof_inventory_present_line_check_required,see source evaluation and action register; do not infer completeness,Paper 5,"Observation, governance, and identification",TCS-1.0 interface contract; local producer/consumer fields required before theorem transfer,row_verified,"Row-closed 2026-08-28 (A014 scientific pass; source read in full): corrected proof replacing the source §3.1 trichotomy (the three threshold locations ""prove rejection"" claim); module observation_governance_empirics classified (intake: unclassified_canonical_review); mapping COUNTEREXAMPLE_OR_LIMIT classified (intake: UNRESOLVED). Evidence status now proof_inventory_present_line_check_required. Content-level acceptance only: the TCS-1.0 §7 mapping type and the exact source assumptions are verified; the §8 interface contract for cross-module theorem transfer and all theorem statuses remain unchanged. the upload's finite-time branch is overclaimed; the replacement is the corrected article's Proposition 1 (scalar-autonomous phase-line obstruction, WITH PROOF: a nonconstant solution of a locally Lipschitz scalar autonomous ODE is monotone between equilibria and cannot cross an equilibrium in either direction, so an exact path repeatedly rising and falling across a common interval is incompatible with one fixed scalar autonomous model) — ""stronger and cleaner than a threshold-location trichotomy, and narrower: exact trajectories, not noisy estimates or forced systems"""
CC-A014-005,A014,Research task,research_program/article_014_northern_cod/formal_content_inventory.md,Unsupported without explicit alternative models/calculations,observation_governance_empirics,theorem record pending classification,EXACT_SPECIALIZATION,accepted_mapping,retain exact source assumptions; model-class extraction pending row review,status_crosswalk_required,see source evaluation and action register; do not infer completeness,conditional docket (open problem),Conditional docket,TCS-1.0 interface contract; local producer/consumer fields required before theorem transfer,row_verified,"Row-closed 2026-08-28 (A014 scientific pass; source read in full): research task registered from source §3.2 (the resistance-landscape check: the claim that the trichotomy survives surplus-production/Allee, catch-accounting, and delay-difference frames); module observation_governance_empirics classified (intake: unclassified_canonical_review); mapping EXACT_SPECIALIZATION classified (intake: UNRESOLVED). Evidence status now status_crosswalk_required. Content-level acceptance only: the TCS-1.0 §7 mapping type and the exact source assumptions are verified; the §8 interface contract for cross-module theorem transfer and all theorem statuses remain unchanged. unsupported without explicit alternative models and calculations (the audit verdict on the ""CONFIRMED"" author label): each alternative frame requires its own displayed model and calculation; registered on the conditional docket as an open robustness obligation, not a completed check"
CC-A014-006,A014,Empirical table,research_program/article_014_northern_cod/formal_content_inventory.md,Verified as rounded source values,observation_governance_empirics,"observation, assessment, policy, implementation, evidence",EXACT_SPECIALIZATION,accepted_mapping,retain exact source assumptions; model-class extraction pending row review,source_specific_empirical_status_check_required,see source evaluation and action register; do not infer completeness,Paper 5,"Observation, governance, and identification",TCS-1.0 interface contract; local producer/consumer fields required before theorem transfer,row_verified,"Row-closed 2026-08-28 (A014 scientific pass; source read in full): empirical table verified in source §4.1 (DFO CSAS SAR 2016/026 Table A2 SSB and M values: 1991-1995 SSB 735/382/101/31/10 kt with M 1.002/2.214/2.575/2.331/0.288 yr^-1; the crash-window M 2.2-2.6 roughly ten times pre-collapse levels); module observation_governance_empirics confirmed; mapping EXACT_SPECIALIZATION confirmed. Evidence status now source_specific_empirical_status_check_required. Content-level acceptance only: the TCS-1.0 §7 mapping type and the exact source assumptions are verified; the §8 interface contract for cross-module theorem transfer and all theorem statuses remain unchanged. Citation anchor locked at the source section named above; the paper-time citation match rides the Part III paper-support discipline. verified as rounded source values by the evaluation (exact values 381.95/101.05/30.55 kt etc.); the survival column is exp(-M) after rounding — a transformation of the reported instantaneous M estimate, not an independently observed survival series; the corrected article carries the fuller exact-value 1991-2015 table"
CC-A014-007,A014,Model comparison,research_program/article_014_northern_cod/formal_content_inventory.md,Demote to NCAM-formulation attribution,observation_governance_empirics,theorem record pending classification,EXACT_SPECIALIZATION,accepted_mapping,retain exact source assumptions; model-class extraction pending row review,status_crosswalk_required,see source evaluation and action register; do not infer completeness,Paper 5,"Observation, governance, and identification",TCS-1.0 interface contract; local producer/consumer fields required before theorem transfer,row_verified,"Row-closed 2026-08-28 (A014 scientific pass; source read in full): model comparison verified in source §4.1 and §5 (the M-pulse interpretation of the crash: ""M-pulse dominates the crash""); module observation_governance_empirics classified (intake: unclassified_canonical_review); mapping EXACT_SPECIALIZATION classified (intake: UNRESOLVED). Evidence status now status_crosswalk_required. Content-level acceptance only: the TCS-1.0 §7 mapping type and the exact source assumptions are verified; the §8 interface contract for cross-module theorem transfer and all theorem statuses remain unchanged. demoted to NCAM-formulation attribution (A014-L4): NCAM M is an estimated unobserved-death component conditional on model structure, and DFO framework proceedings explicitly caution that unreported fishing deaths may enter de-facto M; the corrected statement is ""the NCAM M-shift formulation allocates most estimated mortality to M""; the crash interpretation is formulation-dependent (the constrained-M formulation attributes it to unreported catch)"
CC-A014-008,A014,Case synthesis,research_program/article_014_northern_cod/formal_content_inventory.md,Retain as useful descriptive partition,observation_governance_empirics,theorem record pending classification,EXACT_SPECIALIZATION,accepted_mapping,retain exact source assumptions; model-class extraction pending row review,source_specific_empirical_status_check_required,see source evaluation and action register; do not infer completeness,Paper 5,"Observation, governance, and identification",TCS-1.0 interface contract; local producer/consumer fields required before theorem transfer,row_verified,"Row-closed 2026-08-28 (A014 scientific pass; source read in full): case synthesis verified in source §4.4 (the two-window split: the exact data splits the phenomenon into two events — the crash interpretation is formulation-dependent, the non-recovery is unexplained in both formulations); module observation_governance_empirics classified (intake: unclassified_canonical_review); mapping EXACT_SPECIALIZATION classified (intake: UNRESOLVED). Evidence status now source_specific_empirical_status_check_required. Content-level acceptance only: the TCS-1.0 §7 mapping type and the exact source assumptions are verified; the §8 interface contract for cross-module theorem transfer and all theorem statuses remain unchanged. Citation anchor locked at the source section named above; the paper-time citation match rides the Part III paper-support discipline. retained as a useful descriptive partition; THE POSITIVE RESULT IS THE SPLIT, NOT A NEW MECHANISM (the source's own abstract and conclusion); the non-recovery window 1996-2004 remains unexplained (residual catch first-order at low biomass; weak depensation live; predator pit and assessment bias untested)"
CC-A014-009,A014,Computational object,research_program/article_014_northern_cod/formal_content_inventory.md,Unreproduced,observation_governance_empirics,theorem record pending classification,EXACT_SPECIALIZATION,accepted_mapping,retain exact source assumptions; model-class extraction pending row review,status_crosswalk_required,see source evaluation and action register; do not infer completeness,conditional docket (open problem),Conditional docket,TCS-1.0 interface contract; local producer/consumer fields required before theorem transfer,row_verified,"Row-closed 2026-08-28 (A014 scientific pass; source read in full): computational object registered from source §5.1 (the constrained-M experiment: crash-window M=0.46, F=1.37 with unreported catch 257.8 kt/yr = 102.5% of mean SSB; non-recovery M=0.43, F=0.25 with 3.7 kt/yr); module observation_governance_empirics classified (intake: unclassified_canonical_review); mapping EXACT_SPECIALIZATION classified (intake: UNRESOLVED). Evidence status now status_crosswalk_required. Content-level acceptance only: the TCS-1.0 §7 mapping type and the exact source assumptions are verified; the §8 interface contract for cross-module theorem transfer and all theorem statuses remain unchanged. UNREPRODUCED (A014-L7): the constrained-M values, the 257.8 kt/yr estimate, and the 102.5% ratio require equations, source series, code, units, windows, and uncertainty; the corrected article registers them as hypotheses/reproduction targets, not results; the docket obligation is the registered reproduction package"
CC-A014-010,A014,Background only,research_program/article_014_northern_cod/formal_content_inventory.md,Partially source-consistent; causal use unverified,observation_governance_empirics,theorem record pending classification,EXACT_SPECIALIZATION,accepted_mapping,retain exact source assumptions; model-class extraction pending row review,status_crosswalk_required,see source evaluation and action register; do not infer completeness,Paper 5,"Observation, governance, and identification",TCS-1.0 interface contract; local producer/consumer fields required before theorem transfer,row_verified,"Row-closed 2026-08-28 (A014 scientific pass; source read in full): background-only content verified in source §5.2 (the Tam & Bundy 2019 ecosystem context: harp seal biomass 49,600 t -> 161,183 t, a 3.2x increase; capelin biomass 13.77 -> 4.97 t/km^2, a 64% decline); module observation_governance_empirics classified (intake: unclassified_canonical_review); mapping EXACT_SPECIALIZATION classified (intake: UNRESOLVED). Evidence status now status_crosswalk_required. Content-level acceptance only: the TCS-1.0 §7 mapping type and the exact source assumptions are verified; the §8 interface contract for cross-module theorem transfer and all theorem statuses remain unchanged. partially source-consistent, causal use unverified (A014-L8): the values are descriptive mass-balance inputs, not causal tests; ""predator pit not supported"" and ""no capelin correlation"" require a defined estimator, interval, lag structure, and uncertainty — kept untested/exploratory until reproduced"
CC-A014-011,A014,Open hypothesis,research_program/article_014_northern_cod/formal_content_inventory.md,Not established,observation_governance_empirics,theorem record pending classification,EXACT_SPECIALIZATION,accepted_mapping,retain exact source assumptions; model-class extraction pending row review,conditional_or_open,see source evaluation and action register; do not infer completeness,conditional docket (open problem),Conditional docket,TCS-1.0 interface contract; local producer/consumer fields required before theorem transfer,row_verified,"Row-closed 2026-08-28 (A014 scientific pass; source read in full): open hypothesis registered from source §6 (discriminant D3: predator pit rejected — ""no capelin correlation""); module observation_governance_empirics classified (intake: unclassified_canonical_review); mapping EXACT_SPECIALIZATION classified (intake: UNRESOLVED). Evidence status now conditional_or_open. Content-level acceptance only: the TCS-1.0 §7 mapping type and the exact source assumptions are verified; the §8 interface contract for cross-module theorem transfer and all theorem statuses remain unchanged. NOT ESTABLISHED: the discriminant-table check/cross labels are author statuses; D3 requires the defined estimator and uncertainty analysis before it discriminates anything; docket row — the negative verdict is itself the open obligation"
CC-A014-012,A014,Open hypothesis,research_program/article_014_northern_cod/formal_content_inventory.md,Requires definition and estimator,observation_governance_empirics,theorem record pending classification,EXACT_SPECIALIZATION,accepted_mapping,retain exact source assumptions; model-class extraction pending row review,conditional_or_open,see source evaluation and action register; do not infer completeness,conditional docket (open problem),Conditional docket,TCS-1.0 interface contract; local producer/consumer fields required before theorem transfer,row_verified,"Row-closed 2026-08-28 (A014 scientific pass; source read in full): open hypothesis registered from source §6 (discriminant D5: weak depensation live — per-capita surplus positive; with D1 residual catch C/pi_0 >= 1 at S=22-30 kt); module observation_governance_empirics classified (intake: unclassified_canonical_review); mapping EXACT_SPECIALIZATION classified (intake: UNRESOLVED). Evidence status now conditional_or_open. Content-level acceptance only: the TCS-1.0 §7 mapping type and the exact source assumptions are verified; the §8 interface contract for cross-module theorem transfer and all theorem statuses remain unchanged. requires a definition and an estimator before the ""LIVE"" status discriminates; the C/pi_0 ratios are unreproduced (the A014-L7 obligation); docket row"
CC-A014-013,A014,Do not integrate,research_program/article_014_northern_cod/formal_content_inventory.md,Formulas/provenance and timing invalid or absent,observation_governance_empirics,theorem record pending classification,EXACT_SPECIALIZATION,accepted_mapping,retain exact source assumptions; model-class extraction pending row review,status_crosswalk_required,see source evaluation and action register; do not infer completeness,negative/counterexample register or conditional redesign docket,Conditional docket,TCS-1.0 interface contract; local producer/consumer fields required before theorem transfer,row_verified,"Row-closed 2026-08-28 (A014 scientific pass; source read in full): negative-register content verified in source §7.1 (the institutional margins table: delta-tau_gov = -1 yr ""PERVERSE (fast response)"", M_act = +14.9 kt/yr, M_legit = -474 kt, ""2 of 3 margins perverse""); module observation_governance_empirics classified (intake: unclassified_canonical_review); mapping EXACT_SPECIALIZATION classified (intake: UNRESOLVED). Evidence status now status_crosswalk_required. Content-level acceptance only: the TCS-1.0 §7 mapping type and the exact source assumptions are verified; the §8 interface contract for cross-module theorem transfer and all theorem statuses remain unchanged. formulas/provenance and timing invalid or absent (A014-L5/L6/L7): the delta-tau_gov=-1 one-year lead cannot be inferred from an annual SSB estimate (removed in the corrected article — no governance lead is inferred); fast response does not establish adequacy; M_act and M_legit are unreproduced; the RETAINED verified facts are the 2 July 1992 moratorium announcement and the 26 June 2024 reopening with TAC 18 kt as decision events for prospective analysis"
CC-A014-014,A014,A016 bridge,research_program/article_014_northern_cod/formal_content_inventory.md,Requires archived table query and population mapping,observation_governance_empirics,theorem record pending classification,EXACT_SPECIALIZATION,accepted_mapping,retain exact source assumptions; model-class extraction pending row review,status_crosswalk_required,see source evaluation and action register; do not infer completeness,Paper 5,"Observation, governance, and identification",TCS-1.0 interface contract; local producer/consumer fields required before theorem transfer,row_verified,"Row-closed 2026-08-28 (A014 scientific pass; source read in full): A016 bridge registered from source §7.2 (the B6 data collection: 43 NL fishing-dependent CSDs, Statistics Canada 38-10-0167-01; income from fishing 32.2% in 2016 to 25.6% in 2021; DFO licence/landing data needing a NAFO STATLANT filter); module observation_governance_empirics classified (intake: unclassified_canonical_review); mapping EXACT_SPECIALIZATION classified (intake: UNRESOLVED). Evidence status now status_crosswalk_required. Content-level acceptance only: the TCS-1.0 §7 mapping type and the exact source assumptions are verified; the §8 interface contract for cross-module theorem transfer and all theorem statuses remain unchanged. requires the archived table query and population mapping before the social values join A016's adaptive-capacity material; the bridge itself is the registered obligation — kept at Paper 5 with the cross-reference to the A016 row family"
CC-A014-015,A014,Supplement,research_program/article_014_northern_cod/formal_content_inventory.md,Executed successfully; does not validate cod fit,observation_governance_empirics,"observation, assessment, policy, implementation, evidence",EXACT_SPECIALIZATION,accepted_mapping,retain exact source assumptions; model-class extraction pending row review,source_specific_empirical_status_check_required,see source evaluation and action register; do not infer completeness,Paper 5,"Observation, governance, and identification",TCS-1.0 interface contract; local producer/consumer fields required before theorem transfer,row_verified,"Row-closed 2026-08-28 (A014 scientific pass; source read in full): supplement verified in source Appendix (the minimal-embarrassment test: the four toy simulations — Schaefer growth from 1.2e5, below-threshold decay to 0, above-threshold convergence to K, and the below-threshold monotone/no-pulse check at C=3e3); module observation_governance_empirics confirmed; mapping EXACT_SPECIALIZATION confirmed. Evidence status now source_specific_empirical_status_check_required. Content-level acceptance only: the TCS-1.0 §7 mapping type and the exact source assumptions are verified; the §8 interface contract for cross-module theorem transfer and all theorem statuses remain unchanged. executed successfully per the evaluation (verified item 4) and rerun in the corrected article; confirms only that the selected parameterized toy trajectories behave as expected — does not fit Northern cod and does not validate the constrained-M experiment"
CC-A015-001,A015,Antitheorem record,research_program/article_015_rejected_multidomain/formal_content_inventory.md,Retain with exact formula/counterexample elsewhere,unclassified_canonical_review,theorem record pending classification,COUNTEREXAMPLE_OR_LIMIT,rejected_or_limit_mapping,retain exact source assumptions; model-class extraction pending row review,rejected_source_branch,see source evaluation and action register; do not infer completeness,negative/counterexample register or conditional redesign docket,Conditional docket,TCS-1.0 interface contract; local producer/consumer fields required before theorem transfer,adjudicated_rejected_or_negative_only,Inventory-complete intake row; no status promotion.
CC-A015-002,A015,Flagship comparison,research_program/article_015_rejected_multidomain/formal_content_inventory.md,Retain as scope counterexample,unclassified_canonical_review,theorem record pending classification,COUNTEREXAMPLE_OR_LIMIT,rejected_or_limit_mapping,retain exact source assumptions; model-class extraction pending row review,rejected_source_branch,see source evaluation and action register; do not infer completeness,negative/counterexample register or conditional redesign docket,Conditional docket,TCS-1.0 interface contract; local producer/consumer fields required before theorem transfer,adjudicated_rejected_or_negative_only,Inventory-complete intake row; no status promotion.
CC-A015-003,A015,Historical audit,research_program/article_015_rejected_multidomain/formal_content_inventory.md,Preserve only with original formula and derivation,unclassified_canonical_review,theorem record pending classification,UNRESOLVED,rejected_or_limit_mapping,retain exact source assumptions; model-class extraction pending row review,rejected_source_branch,see source evaluation and action register; do not infer completeness,negative/counterexample register or conditional redesign docket,Conditional docket,TCS-1.0 interface contract; local producer/consumer fields required before theorem transfer,adjudicated_rejected_or_negative_only,Inventory-complete intake row; no status promotion.
CC-A015-004,A015,Historical audit,research_program/article_015_rejected_multidomain/formal_content_inventory.md,Preserve as rejection reason,unclassified_canonical_review,theorem record pending classification,UNRESOLVED,rejected_or_limit_mapping,retain exact source assumptions; model-class extraction pending row review,rejected_source_branch,see source evaluation and action register; do not infer completeness,negative/counterexample register or conditional redesign docket,Conditional docket,TCS-1.0 interface contract; local producer/consumer fields required before theorem transfer,adjudicated_rejected_or_negative_only,Inventory-complete intake row; no status promotion.
CC-A015-005,A015,Historical audit,research_program/article_015_rejected_multidomain/formal_content_inventory.md,Preserve only with explicit original claim/source,unclassified_canonical_review,theorem record pending classification,UNRESOLVED,rejected_or_limit_mapping,retain exact source assumptions; model-class extraction pending row review,rejected_source_branch,see source evaluation and action register; do not infer completeness,negative/counterexample register or conditional redesign docket,Conditional docket,TCS-1.0 interface contract; local producer/consumer fields required before theorem transfer,adjudicated_rejected_or_negative_only,Inventory-complete intake row; no status promotion.
CC-A015-006,A015,Historical audit,research_program/article_015_rejected_multidomain/formal_content_inventory.md,Preserve only with citation-level evidence,unclassified_canonical_review,theorem record pending classification,UNRESOLVED,rejected_or_limit_mapping,retain exact source assumptions; model-class extraction pending row review,rejected_source_branch,see source evaluation and action register; do not infer completeness,negative/counterexample register or conditional redesign docket,Conditional docket,TCS-1.0 interface contract; local producer/consumer fields required before theorem transfer,adjudicated_rejected_or_negative_only,Inventory-complete intake row; no status promotion.
CC-A015-007,A015,None,research_program/article_015_rejected_multidomain/formal_content_inventory.md,Reject as overclaim,unclassified_canonical_review,theorem record pending classification,UNRESOLVED,rejected_or_limit_mapping,retain exact source assumptions; model-class extraction pending row review,rejected_source_branch,see source evaluation and action register; do not infer completeness,negative/counterexample register or conditional redesign docket,Conditional docket,TCS-1.0 interface contract; local producer/consumer fields required before theorem transfer,adjudicated_rejected_or_negative_only,Inventory-complete intake row; no status promotion.
CC-A015-008,A015,None,research_program/article_015_rejected_multidomain/formal_content_inventory.md,Reject as unsupported,unclassified_canonical_review,theorem record pending classification,UNRESOLVED,rejected_or_limit_mapping,retain exact source assumptions; model-class extraction pending row review,rejected_source_branch,see source evaluation and action register; do not infer completeness,negative/counterexample register or conditional redesign docket,Conditional docket,TCS-1.0 interface contract; local producer/consumer fields required before theorem transfer,adjudicated_rejected_or_negative_only,Inventory-complete intake row; no status promotion.
CC-A015-009,A015,A014 computational queue,research_program/article_015_rejected_multidomain/formal_content_inventory.md,Unreproduced,unclassified_canonical_review,theorem record pending classification,UNRESOLVED,rejected_or_limit_mapping,retain exact source assumptions; model-class extraction pending row review,rejected_source_branch,see source evaluation and action register; do not infer completeness,negative/counterexample register or conditional redesign docket,Conditional docket,TCS-1.0 interface contract; local producer/consumer fields required before theorem transfer,adjudicated_rejected_or_negative_only,Inventory-complete intake row; no status promotion.
CC-A015-010,A015,A014,research_program/article_015_rejected_multidomain/formal_content_inventory.md,"Retain through A014, not duplicated here",unclassified_canonical_review,theorem record pending classification,UNRESOLVED,rejected_or_limit_mapping,retain exact source assumptions; model-class extraction pending row review,rejected_source_branch,see source evaluation and action register; do not infer completeness,negative/counterexample register or conditional redesign docket,Conditional docket,TCS-1.0 interface contract; local producer/consumer fields required before theorem transfer,adjudicated_rejected_or_negative_only,Inventory-complete intake row; no status promotion.
CC-A016-001,A016,Typed registry,research_program/article_016_adaptive_capacity/formal_content_inventory.md,Retain,architecture_transformation_composition,theorem record pending classification,EXACT_SPECIALIZATION,accepted_mapping,retain exact source assumptions; model-class extraction pending row review,defined_source_object,see source evaluation and action register; do not infer completeness,Paper 1 or monograph introduction,"Canonical architecture, transformation, and composition",TCS-1.0 interface contract; local producer/consumer fields required before theorem transfer,row_verified,"Row-closed 2026-08-28 (A016 scientific pass; source read in full): typed normative premise verified in source §2 and §8 (N1: no relevant population may be pushed below a stated social minimum and the capacity of future generations must not be irreversibly degraded — a normative commitment, ""a value premise, not a physical law and not a control theorem""; N2: adaptive capacity is held by someone, used against someone, paid for by someone — anti-domination; U1 records both as tagged value premises); module architecture_transformation_composition classified (intake: unclassified_canonical_review); mapping EXACT_SPECIALIZATION classified (intake: UNRESOLVED). Evidence status now defined_source_object. Content-level acceptance only: the TCS-1.0 §7 mapping type and the exact source assumptions are verified; the §8 interface contract for cross-module theorem transfer and all theorem statuses remain unchanged. Citation anchor locked at the source section named above; the paper-time citation match rides the Part III paper-support discipline. module classified architecture_transformation_composition (the normative-typing discipline is architecture-level, joining the -010 intergenerational floors as the tagged normative premises — the Paper 1 status ledger already states both rows at their open status); destination Paper 1 or monograph introduction confirmed; NO PROMOTION: the premise stays a tagged norm"
CC-A016-002,A016,Distributive module,research_program/article_016_adaptive_capacity/formal_content_inventory.md,Retain with authority/provenance,observation_governance_empirics,"observation, assessment, policy, implementation, evidence",EXACT_SPECIALIZATION,accepted_mapping,retain exact source assumptions; model-class extraction pending row review,defined_source_object,see source evaluation and action register; do not infer completeness,Paper 5,"Observation, governance, and identification",TCS-1.0 interface contract; local producer/consumer fields required before theorem transfer,row_verified,Row-closed 2026-08-28 (A016 scientific pass; source read in full): definition verified in source §2 (D1: the worst-off relevant population is a modelling choice — a named constituency G_t; for the program's own case §5.2 names G = registered inshore harvesters / licence holders in 2J3KL); module observation_governance_empirics confirmed; mapping EXACT_SPECIALIZATION confirmed. Evidence status now defined_source_object. Content-level acceptance only: the TCS-1.0 §7 mapping type and the exact source assumptions are verified; the §8 interface contract for cross-module theorem transfer and all theorem statuses remain unchanged. Citation anchor locked at the source section named above; the paper-time citation match rides the Part III paper-support discipline. A016-L2 recorded (the population mismatch: the displayed CSD data are all-resident employment income including aquaculture and processing — redefine G as CSD populations or obtain licence-holder micro/administrative data; do not treat the CSD table as a licence-holder panel); A016-L3 recorded (the geography crosswalk from CSDs to 2J3KL dependence)
CC-A016-003,A016,Distributive module,research_program/article_016_adaptive_capacity/formal_content_inventory.md,Retain; add uncertainty and population,observation_governance_empirics,theorem record pending classification,EXACT_SPECIALIZATION,accepted_mapping,retain exact source assumptions; model-class extraction pending row review,defined_source_object,see source evaluation and action register; do not infer completeness,Paper 5,"Observation, governance, and identification",TCS-1.0 interface contract; local producer/consumer fields required before theorem transfer,row_verified,"Row-closed 2026-08-28 (A016 scientific pass; source read in full): definition verified in source §2 (D2: a measured floor is a pair (I_k, c_k) — instrument I_k and cutoff c_k; the floor is a measurement object, distinct from the norm that motivates it); module observation_governance_empirics classified (intake: unclassified_canonical_review); mapping EXACT_SPECIALIZATION classified (intake: UNRESOLVED). Evidence status now defined_source_object. Content-level acceptance only: the TCS-1.0 §7 mapping type and the exact source assumptions are verified; the §8 interface contract for cross-module theorem transfer and all theorem statuses remain unchanged. Citation anchor locked at the source section named above; the paper-time citation match rides the Part III paper-support discipline. module classified observation_governance_empirics (the measurement-bridge definition); A016-L6 recorded (non-decline is a normative rule, not automatically an empirically justified floor — baseline, cohort, inflation/PPP treatment, uncertainty, attrition, acceptable variation, authority, and structural diversification all require declaration)"
CC-A016-004,A016,Distributive module,research_program/article_016_adaptive_capacity/formal_content_inventory.md,Retain for declared noncompensable floors,formal_foundations,theorem record pending classification,EXACT_SPECIALIZATION,accepted_mapping,retain exact source assumptions; model-class extraction pending row review,defined_source_object,see source evaluation and action register; do not infer completeness,Paper 5,"Observation, governance, and identification",TCS-1.0 interface contract; local producer/consumer fields required before theorem transfer,row_verified,"Row-closed 2026-08-28 (A016 scientific pass; source read in full): methodological rule verified in source §2 and §3 (M1: if several floors are in force the arrangement fails as soon as ANY measured margin m_k(G,t) = I_k(G,t) - c_k is negative — report the vector m(G,t); the conjunction is exact, no compensatory master scalar); module formal_foundations classified (intake: unclassified_canonical_review); mapping EXACT_SPECIALIZATION classified (intake: UNRESOLVED). Evidence status now defined_source_object. Content-level acceptance only: the TCS-1.0 §7 mapping type and the exact source assumptions are verified; the §8 interface contract for cross-module theorem transfer and all theorem statuses remain unchanged. Citation anchor locked at the source section named above; the paper-time citation match rides the Part III paper-support discipline. module classified formal_foundations (the noncompensation family — the measurement-level twin of CC-A018-001/CC-A013-001); the evaluation record confirms componentwise margins rather than a compensatory master score as the accepted redesign; destination Paper 5 confirmed (the distributive-measurement context)"
CC-A016-005,A016,Antitheorem,research_program/article_016_adaptive_capacity/formal_content_inventory.md,"Modify: finite smooth form is conservative, not exact",formal_foundations,theorem record pending classification,COUNTEREXAMPLE_OR_LIMIT,accepted_mapping,retain exact source assumptions; model-class extraction pending row review,proof_inventory_present_line_check_required,see source evaluation and action register; do not infer completeness,negative/counterexample register or conditional redesign docket,Conditional docket,TCS-1.0 interface contract; local producer/consumer fields required before theorem transfer,row_verified,"Row-closed 2026-08-28 (A016 scientific pass; source read in full): antitheorem verified in source §3 (the discarded draft's smooth barrier encoding of the intersection {a_k >= c_k}: the iff is a definition plus a standard limit; at finite rho compensation is reintroduced; at rho -> infinity the function is unnecessary — with the A016-L7 correction: finite LogSumExp is a CONSERVATIVE INNER CERTIFICATE with a quantified approximation gap, not simply ""compensation reintroduced""; the exact conjunction is the minimum/essential infimum, and smoothness may be useful when conservatism is declared); module formal_foundations classified (intake: unclassified_canonical_review); mapping COUNTEREXAMPLE_OR_LIMIT classified (intake: UNRESOLVED). Evidence status now proof_inventory_present_line_check_required. Content-level acceptance only: the TCS-1.0 §7 mapping type and the exact source assumptions are verified; the §8 interface contract for cross-module theorem transfer and all theorem statuses remain unchanged. Citation anchor locked at the source section named above; the paper-time citation match rides the Part III paper-support discipline. module classified formal_foundations (the noncompensation/smoothness critique); mapping classified COUNTEREXAMPLE_OR_LIMIT (the antitheorem — the wrong-object critique); destination negative/counterexample register confirmed; the corrected reading (conservative, not exact) recorded per the audit status ""Modify: finite smooth form is conservative, not exact"""
CC-A016-006,A016,Correct before use,research_program/article_016_adaptive_capacity/formal_content_inventory.md,Historical only; current line is $3.00/2021 PPP,observation_governance_empirics,theorem record pending classification,EXACT_SPECIALIZATION,accepted_mapping,retain exact source assumptions; model-class extraction pending row review,conditional_or_open,see source evaluation and action register; do not infer completeness,conditional docket (open problem),Conditional docket,TCS-1.0 interface contract; local producer/consumer fields required before theorem transfer,row_verified,"Row-closed 2026-08-28 (A016 scientific pass; source read in full): empirical instrument record verified in source §4.1 (the PIP lock: the $2.15/day 2017 PPP line with welfare aggregate, PPP year, population, and vintage locked — per A016-L1 now HISTORICAL ONLY: the current primary international poverty line is $3.00/day 2021 PPP; the 2017-PPP line remains available only for historically vintage-consistent analysis); module observation_governance_empirics classified (intake: unclassified_canonical_review); mapping EXACT_SPECIALIZATION classified (intake: UNRESOLVED). Evidence status now conditional_or_open. Content-level acceptance only: the TCS-1.0 §7 mapping type and the exact source assumptions are verified; the §8 interface contract for cross-module theorem transfer and all theorem statuses remain unchanged. Citation anchor locked at the source section named above; the paper-time citation match rides the Part III paper-support discipline. module classified observation_governance_empirics; CORRECT BEFORE USE status retained (the audit's own instruction): either use $3.00/2021 PPP or explicitly freeze a historical 2017-PPP query and explain why; destination conditional docket confirmed (the open correction obligation)"
CC-A016-007,A016,Measurement bridge,research_program/article_016_adaptive_capacity/formal_content_inventory.md,Retain with release/vintage,observation_governance_empirics,theorem record pending classification,EXACT_SPECIALIZATION,accepted_mapping,retain exact source assumptions; model-class extraction pending row review,defined_source_object,see source evaluation and action register; do not infer completeness,Paper 5,"Observation, governance, and identification",TCS-1.0 interface contract; local producer/consumer fields required before theorem transfer,row_verified,"Row-closed 2026-08-28 (A016 scientific pass; source read in full): measurement bridge verified in source §4.2 (the global MPI as a multidimensional deprivation instrument — Alkire-Foster / OPHI / UNDP; U5: MPI is not N2 — neither PIP nor MPI exhausts the normative B6 object; both are world-hooks for deprivation, retained with release/vintage locks); module observation_governance_empirics classified (intake: unclassified_canonical_review); mapping EXACT_SPECIALIZATION classified (intake: UNRESOLVED). Evidence status now defined_source_object. Content-level acceptance only: the TCS-1.0 §7 mapping type and the exact source assumptions are verified; the §8 interface contract for cross-module theorem transfer and all theorem statuses remain unchanged. Citation anchor locked at the source section named above; the paper-time citation match rides the Part III paper-support discipline. module classified observation_governance_empirics; the evaluation record's verified item 3 recorded (PIP and MPI are legitimate external instruments that do not exhaust B6); destination Paper 5 confirmed"
CC-A016-008,A016,Data pipeline,research_program/article_016_adaptive_capacity/formal_content_inventory.md,Unreproduced,observation_governance_empirics,theorem record pending classification,EXACT_SPECIALIZATION,accepted_mapping,retain exact source assumptions; model-class extraction pending row review,source_specific_empirical_status_check_required,see source evaluation and action register; do not infer completeness,conditional docket (open problem),Conditional docket,TCS-1.0 interface contract; local producer/consumer fields required before theorem transfer,row_verified,"Row-closed 2026-08-28 (A016 scientific pass; source read in full): empirical data-pipeline record verified in source §5.2 (the 43 NL fishing-dependent CSDs identified from Statistics Canada Tables 38-10-0167-01 (2016) and 38-10-0168-01 (2021); the mean income from fishing 32.2% (2016) -> 25.6% (2021)); module observation_governance_empirics classified (intake: unclassified_canonical_review); mapping EXACT_SPECIALIZATION classified (intake: UNRESOLVED). Evidence status now source_specific_empirical_status_check_required. Content-level acceptance only: the TCS-1.0 §7 mapping type and the exact source assumptions are verified; the §8 interface contract for cross-module theorem transfer and all theorem statuses remain unchanged. Citation anchor locked at the source section named above; the paper-time citation match rides the Part III paper-support discipline. module classified observation_governance_empirics; UNREPRODUCED status retained (the audit's own verdict): plausible but not verified from the article alone — the locked query, CSV extract, filters, missing-value rules, geography crosswalk, and reproduction code are required (A016-L4); the Statistics Canada method facts verified by the evaluation record (top-2% CSD definition; fishing thresholds 25.1% in 2016 and 21.4% in 2021); destination conditional docket confirmed"
CC-A016-009,A016,Data pipeline,research_program/article_016_adaptive_capacity/formal_content_inventory.md,Unreproduced; not licence-holder population,observation_governance_empirics,theorem record pending classification,EXACT_SPECIALIZATION,accepted_mapping,retain exact source assumptions; model-class extraction pending row review,source_specific_empirical_status_check_required,see source evaluation and action register; do not infer completeness,conditional docket (open problem),Conditional docket,TCS-1.0 interface contract; local producer/consumer fields required before theorem transfer,row_verified,"Row-closed 2026-08-28 (A016 scientific pass; source read in full): empirical data-pipeline record verified in source §5.2 (the top-ten CSD table: Bay de Verde 71.7% -> 50.7%; Belleoram 58.9% -> 56.7%; Fermeuse 57.9% (2016 only); Hant's Harbour 53.2% -> 30.0%; Anchor Point 51.6% -> 33.3%; Old Perlican 50.0% -> 41.7%; Comfort Cove-Newstead and Greenspond 45.7% -> 37.8%; Hermitage-Sandyville 45.5% -> 56.5%; Charlottetown (Labrador) 43.9% -> 38.5%); module observation_governance_empirics classified (intake: unclassified_canonical_review); mapping EXACT_SPECIALIZATION classified (intake: UNRESOLVED). Evidence status now source_specific_empirical_status_check_required. Content-level acceptance only: the TCS-1.0 §7 mapping type and the exact source assumptions are verified; the §8 interface contract for cross-module theorem transfer and all theorem statuses remain unchanged. Citation anchor locked at the source section named above; the paper-time citation match rides the Part III paper-support discipline. module classified observation_governance_empirics; UNREPRODUCED and NOT-LICENCE-HOLDER-POPULATION status retained (the audit's own verdict): A016-L2 (the population mismatch) and A016-L4 (the unarchived extraction) apply to every displayed value; A016-L5 recorded (the internal contradiction with the limitations list's ""No Newfoundland income or licence table is computed"" — the displayed CSD-income extraction must be distinguished from the missing licence/participation/recruitment panel); destination conditional docket confirmed"
CC-A016-010,A016,Research programme,research_program/article_016_adaptive_capacity/formal_content_inventory.md,Normative and unoperationalized,architecture_transformation_composition,"specification, architecture, operator II, composition",EXACT_SPECIALIZATION,accepted_mapping,retain exact source assumptions; model-class extraction pending row review,conditional_or_open,see source evaluation and action register; do not infer completeness,Paper 1 or monograph introduction,"Canonical architecture, transformation, and composition",TCS-1.0 interface contract; local producer/consumer fields required before theorem transfer,row_verified,"Row-closed 2026-08-28 (A016 scientific pass; source read in full): normative research-programme record verified in source §5.3 (the proposed floors m2 participation non-decline and m3 recruitment-of-people non-decline, with m1 income/transfers pre-declared — normative and unoperationalized: U7 records that B6 is not operationalized by this paper); module architecture_transformation_composition confirmed; mapping EXACT_SPECIALIZATION confirmed. Evidence status now conditional_or_open. Content-level acceptance only: the TCS-1.0 §7 mapping type and the exact source assumptions are verified; the §8 interface contract for cross-module theorem transfer and all theorem statuses remain unchanged. Citation anchor locked at the source section named above; the paper-time citation match rides the Part III paper-support discipline. the intergenerational-nondegeneracy family (the future-persons clause of N1 checked on present irreversible commitments, §4.3); UNOPERATIONALIZED status retained — no promotion; destination Paper 1 or monograph introduction confirmed (the Paper 1 status ledger states this row at its open status)"
CC-A016-011,A016,A014/A011 bridge,research_program/article_016_adaptive_capacity/formal_content_inventory.md,Retain with descriptive/causal design distinction,observation_governance_empirics,theorem record pending classification,EXACT_SPECIALIZATION,accepted_mapping,retain exact source assumptions; model-class extraction pending row review,conditional_or_open,see source evaluation and action register; do not infer completeness,Paper 5,"Observation, governance, and identification",TCS-1.0 interface contract; local producer/consumer fields required before theorem transfer,row_verified,"Row-closed 2026-08-28 (A016 scientific pass; source read in full): conjecture verified in source §2 and §5.4 (C1: a biomass-only success story can coincide with a declining inshore G — the discriminants: biomass pulses up while locked human margins stay negative supports C1; human margins recovering with or before biomass defeats it; if the human series cannot be assembled, B6 is NOT operationalized and that is published); module observation_governance_empirics classified (intake: unclassified_canonical_review); mapping EXACT_SPECIALIZATION classified (intake: UNRESOLVED). Evidence status now conditional_or_open. Content-level acceptance only: the TCS-1.0 §7 mapping type and the exact source assumptions are verified; the §8 interface contract for cross-module theorem transfer and all theorem statuses remain unchanged. Citation anchor locked at the source section named above; the paper-time citation match rides the Part III paper-support discipline. module classified observation_governance_empirics (the A014/A011 bridge: the cod case's social-ecological conjecture); OPEN conjecture status retained; A016-L8 recorded (coincidence is not causal effect — comparison populations, confounders, migration, shellfish substitution, transfers, policy timing, and a causal or explicitly descriptive design required); cite together with the A014 rows at the Paper 5 cod seam"
CC-A016-012,A016,Flagship,research_program/article_016_adaptive_capacity/formal_content_inventory.md,Retain; requires responsible engagement,observation_governance_empirics,theorem record pending classification,COUNTEREXAMPLE_OR_LIMIT,accepted_mapping,retain exact source assumptions; model-class extraction pending row review,defined_source_object,see source evaluation and action register; do not infer completeness,Paper 5,"Observation, governance, and identification",TCS-1.0 interface contract; local producer/consumer fields required before theorem transfer,row_verified,"Row-closed 2026-08-28 (A016 scientific pass; source read in full): normative limitation record verified in source §6 (the anti-domination residue that must not be filled: who pays for persistence, who may use remaining variety, whose knowledge counts, future persons — ""the part every income-and-amenities box misses""; N2 is not filled with a 0-1 ""agency"" score; §9's limits preserve the residue: no household vector constructed, no far-from-equilibrium thermodynamics computed, non-Western obligation systems not consulted, future persons not assigned a fake income); module observation_governance_empirics classified (intake: unclassified_canonical_review); mapping COUNTEREXAMPLE_OR_LIMIT classified (intake: UNRESOLVED). Evidence status now defined_source_object. Content-level acceptance only: the TCS-1.0 §7 mapping type and the exact source assumptions are verified; the §8 interface contract for cross-module theorem transfer and all theorem statuses remain unchanged. Citation anchor locked at the source section named above; the paper-time citation match rides the Part III paper-support discipline. module classified observation_governance_empirics (the measurement-limitation discipline); mapping classified COUNTEREXAMPLE_OR_LIMIT (boundary-only content: what the instruments cannot capture — the ""must not be filled"" boundary); the responsible-engagement obligation retained (the audit's own instruction — the Liboiron/Whyte citations mark the engagement surface, not its discharge); destination Paper 5 confirmed"
CC-A017-001,A017,A008 rejection record,research_program/article_017_institutional_index_negative/formal_content_inventory.md,Retain,observation_governance_empirics,theorem record pending classification,COUNTEREXAMPLE_OR_LIMIT,accepted_mapping,retain exact source assumptions; model-class extraction pending row review,proof_inventory_present_line_check_required,see source evaluation and action register; do not infer completeness,negative/counterexample register or conditional redesign docket,Conditional docket,TCS-1.0 interface contract; local producer/consumer fields required before theorem transfer,row_verified,"Row-closed 2026-08-28 (A017 scientific pass; source read in full): rejection record verified in source §1 (the dimensional contradiction in the A008 solvency index alpha = Omega_c * tau_d: declared both ""dimensionless"" AND ""units of time""); module observation_governance_empirics classified (intake: unclassified_canonical_review); mapping COUNTEREXAMPLE_OR_LIMIT classified (intake: UNRESOLVED). Evidence status now proof_inventory_present_line_check_required. Content-level acceptance only: the TCS-1.0 §7 mapping type and the exact source assumptions are verified; the §8 interface contract for cross-module theorem transfer and all theorem statuses remain unchanged. Citation anchor locked at the source section named above; the paper-time citation match rides the Part III paper-support discipline. module classified observation_governance_empirics (the institutional-metric rejection family); the A008 rejection record — cite together with the A008 adjudicated-rejected rows; destination negative/counterexample register confirmed"
CC-A017-002,A017,Audit supplement,research_program/article_017_institutional_index_negative/formal_content_inventory.md,Retain subject to archived recalculation,observation_governance_empirics,theorem record pending classification,COUNTEREXAMPLE_OR_LIMIT,accepted_mapping,retain exact source assumptions; model-class extraction pending row review,source_specific_empirical_status_check_required,see source evaluation and action register; do not infer completeness,negative/counterexample register or conditional redesign docket,Conditional docket,TCS-1.0 interface contract; local producer/consumer fields required before theorem transfer,row_verified,"Row-closed 2026-08-28 (A017 scientific pass; source read in full): arithmetic audit record verified in source §1 (the original arithmetic errors: 5 of 7 rows off by 1000x — NW Atlantic cod formula alpha = 200 yr vs reported 0.20 yr; NOAA Fisheries 1.2 yr vs 0.001; DFO Canada 1.6 yr vs 0.0016; IBAMA 0.35 yr vs 0.00035); module observation_governance_empirics classified (intake: unclassified_canonical_review); mapping COUNTEREXAMPLE_OR_LIMIT classified (intake: UNRESOLVED). Evidence status now source_specific_empirical_status_check_required. Content-level acceptance only: the TCS-1.0 §7 mapping type and the exact source assumptions are verified; the §8 interface contract for cross-module theorem transfer and all theorem statuses remain unchanged. Citation anchor locked at the source section named above; the paper-time citation match rides the Part III paper-support discipline. module classified observation_governance_empirics; RETAIN SUBJECT TO ARCHIVED RECALCULATION status preserved (the audit supplement obligation — the recalculation archive pending, per the source registry's own status); destination negative/counterexample register confirmed"
CC-A017-003,A017,Antitheorem,research_program/article_017_institutional_index_negative/formal_content_inventory.md,Retain,observation_governance_empirics,theorem record pending classification,COUNTEREXAMPLE_OR_LIMIT,accepted_mapping,retain exact source assumptions; model-class extraction pending row review,proof_inventory_present_line_check_required,see source evaluation and action register; do not infer completeness,negative/counterexample register or conditional redesign docket,Conditional docket,TCS-1.0 interface contract; local producer/consumer fields required before theorem transfer,row_verified,"Row-closed 2026-08-28 (A017 scientific pass; source read in full): antitheorem verified in source §1 (dollars are not exergy: the A008 index labels dollar values as exergy with no joule appearing — the typed-units violation); module observation_governance_empirics classified (intake: unclassified_canonical_review); mapping COUNTEREXAMPLE_OR_LIMIT classified (intake: UNRESOLVED). Evidence status now proof_inventory_present_line_check_required. Content-level acceptance only: the TCS-1.0 §7 mapping type and the exact source assumptions are verified; the §8 interface contract for cross-module theorem transfer and all theorem statuses remain unchanged. Citation anchor locked at the source section named above; the paper-time citation match rides the Part III paper-support discipline. module classified observation_governance_empirics; the antitheorem joins the A016 U3 identity (""PIP dollars are not exergy"") and the A010/A002 exergy-programme typing discipline at the units seam; destination negative/counterexample register confirmed"
CC-A017-004,A017,Institutional redesign,research_program/article_017_institutional_index_negative/formal_content_inventory.md,Retain as construct-validity counterexample,observation_governance_empirics,"observation, assessment, policy, implementation, evidence",COUNTEREXAMPLE_OR_LIMIT,accepted_mapping,retain exact source assumptions; model-class extraction pending row review,proof_inventory_present_line_check_required,see source evaluation and action register; do not infer completeness,negative/counterexample register or conditional redesign docket,"Observation, governance, and identification",TCS-1.0 interface contract; local producer/consumer fields required before theorem transfer,row_verified,"Row-closed 2026-08-28 (A017 scientific pass; source read in full): construct-validity counterexample verified in source §1 (the perverse case ordering: the collapsed Northern cod fishery scores as the MOST ""solvent"" under the index — the structural perversity that alone defeats the construct); module observation_governance_empirics confirmed; mapping COUNTEREXAMPLE_OR_LIMIT confirmed. Evidence status now proof_inventory_present_line_check_required. Content-level acceptance only: the TCS-1.0 §7 mapping type and the exact source assumptions are verified; the §8 interface contract for cross-module theorem transfer and all theorem statuses remain unchanged. Citation anchor locked at the source section named above; the paper-time citation match rides the Part III paper-support discipline. the construct-validity counterexample is the rejection's load-bearing evidence; cite together with the A014 cod rows (the same case) at the negative-register seam"
CC-A017-005,A017,None,research_program/article_017_institutional_index_negative/formal_content_inventory.md,Reject; only tested signs/case may fail,observation_governance_empirics,theorem record pending classification,COUNTEREXAMPLE_OR_LIMIT,accepted_mapping,retain exact source assumptions; model-class extraction pending row review,source_specific_empirical_status_check_required,see source evaluation and action register; do not infer completeness,negative/counterexample register or conditional redesign docket,Conditional docket,TCS-1.0 interface contract; local producer/consumer fields required before theorem transfer,row_verified,"Row-closed 2026-08-28 (A017 scientific pass; source read in full): scoped rejection verified in source §2.1 (the replacement institutional margins: exact CSAS SAR 2016/026 Table A2 data give dtau_gov = -1 yr PERVERSE, M_act = +14.9 kt/yr PERVERSE, M_legit = -474 kt CONSISTENT — 2 of 3 margins perverse; the audit REJECTS the universal claim: only the tested signs/case may fail); module observation_governance_empirics classified (intake: unclassified_canonical_review); mapping COUNTEREXAMPLE_OR_LIMIT classified (intake: UNRESOLVED). Evidence status now source_specific_empirical_status_check_required. Content-level acceptance only: the TCS-1.0 §7 mapping type and the exact source assumptions are verified; the §8 interface contract for cross-module theorem transfer and all theorem statuses remain unchanged. Citation anchor locked at the source section named above; the paper-time citation match rides the Part III paper-support discipline. module classified observation_governance_empirics; the REJECT-UNIVERSAL/RETAIN-CASED discipline is the row's content — the margins fail for the tested collapsed case, and no universal failure claim is admitted; destination negative/counterexample register confirmed"
CC-A017-006,A017,None,research_program/article_017_institutional_index_negative/formal_content_inventory.md,Reject as causal overclaim,observation_governance_empirics,theorem record pending classification,COUNTEREXAMPLE_OR_LIMIT,accepted_mapping,retain exact source assumptions; model-class extraction pending row review,conditional_or_open,see source evaluation and action register; do not infer completeness,negative/counterexample register or conditional redesign docket,Conditional docket,TCS-1.0 interface contract; local producer/consumer fields required before theorem transfer,row_verified,"Row-closed 2026-08-28 (A017 scientific pass; source read in full): causal-overclaim rejection verified in source §2.2 and §3.3 (the ""The Collapse Was Biological"" claim REJECTED AS CAUSAL OVERCLAIM per the audit: the crash interpretation is formulation-dependent — the two-window split of the A014 case governs; ""The exact data did not replace a bad institutional theory with a good biological theory. They split the phenomenon and demoted every master variable the program has proposed. That split IS the positive result.""); module observation_governance_empirics classified (intake: unclassified_canonical_review); mapping COUNTEREXAMPLE_OR_LIMIT classified (intake: UNRESOLVED). Evidence status now conditional_or_open. Content-level acceptance only: the TCS-1.0 §7 mapping type and the exact source assumptions are verified; the §8 interface contract for cross-module theorem transfer and all theorem statuses remain unchanged. Citation anchor locked at the source section named above; the paper-time citation match rides the Part III paper-support discipline. module classified observation_governance_empirics; the rejection recorded at its audited scope — the collapse-interpretation claim stays formulation-dependent (the A014 two-window split rows carry the governing discipline); destination negative/counterexample register confirmed"
CC-A017-007,A017,A014 model comparison,research_program/article_017_institutional_index_negative/formal_content_inventory.md,Source values partly verified; interpretation conditional,observation_governance_empirics,theorem record pending classification,EXACT_SPECIALIZATION,accepted_mapping,retain exact source assumptions; model-class extraction pending row review,conditional_or_open,see source evaluation and action register; do not infer completeness,negative/counterexample register or conditional redesign docket,Conditional docket,TCS-1.0 interface contract; local producer/consumer fields required before theorem transfer,row_verified,"Row-closed 2026-08-28 (A017 scientific pass; source read in full): model-comparison values record verified in source §2.2 and §3.1 (the NCAM values: the crash-window Table A2 M values 2.214/2.575/2.331 for 1992-1994 — M roughly 10x higher during the collapse than before or after; the two-window NCAM vs constrained-M comparison: crash M = 1.68, F = 0.14 vs constrained M = 0.46, F = 1.37; non-recovery M = 0.56, F = 0.11 vs M = 0.43, F = 0.25); module observation_governance_empirics classified (intake: unclassified_canonical_review); mapping EXACT_SPECIALIZATION classified (intake: UNRESOLVED). Evidence status now conditional_or_open. Content-level acceptance only: the TCS-1.0 §7 mapping type and the exact source assumptions are verified; the §8 interface contract for cross-module theorem transfer and all theorem statuses remain unchanged. Citation anchor locked at the source section named above; the paper-time citation match rides the Part III paper-support discipline. module classified observation_governance_empirics; SOURCE VALUES PARTLY VERIFIED, INTERPRETATION CONDITIONAL status preserved — cite together with the A014 model-comparison rows (the same case's governing record) at the seam; destination negative/counterexample register confirmed"
CC-A017-008,A017,A014 computational queue,research_program/article_017_institutional_index_negative/formal_content_inventory.md,Unreproduced,observation_governance_empirics,theorem record pending classification,EXACT_SPECIALIZATION,accepted_mapping,retain exact source assumptions; model-class extraction pending row review,source_specific_empirical_status_check_required,see source evaluation and action register; do not infer completeness,negative/counterexample register or conditional redesign docket,Conditional docket,TCS-1.0 interface contract; local producer/consumer fields required before theorem transfer,row_verified,"Row-closed 2026-08-28 (A017 scientific pass; source read in full): computational record verified in source §3.1 and §3.3 (the constrained-M table: the constrained-M model requires implausible unreported catch 257.8 kt/yr = 102.5% of mean SSB in the crash window vs 3.7 kt/yr in the non-recovery window; the ecosystem context: harp seal biomass 49,600 t -> 161,183 t (3.2x) and capelin 13.77 -> 4.97 t/km^2 (-64%) between 1985-87 and 2013-15); module observation_governance_empirics classified (intake: unclassified_canonical_review); mapping EXACT_SPECIALIZATION classified (intake: UNRESOLVED). Evidence status now source_specific_empirical_status_check_required. Content-level acceptance only: the TCS-1.0 §7 mapping type and the exact source assumptions are verified; the §8 interface contract for cross-module theorem transfer and all theorem statuses remain unchanged. Citation anchor locked at the source section named above; the paper-time citation match rides the Part III paper-support discipline. module classified observation_governance_empirics; UNREPRODUCED status preserved (the A014 computational queue — the reproduction obligation rides the A014 case record); destination negative/counterexample register confirmed"
CC-A017-009,A017,Institutional redesign,research_program/article_017_institutional_index_negative/formal_content_inventory.md,Retain,observation_governance_empirics,"observation, assessment, policy, implementation, evidence",EXACT_SPECIALIZATION,accepted_mapping,retain exact source assumptions; model-class extraction pending row review,defined_source_object,see source evaluation and action register; do not infer completeness,negative/counterexample register or conditional redesign docket,"Observation, governance, and identification",TCS-1.0 interface contract; local producer/consumer fields required before theorem transfer,row_verified,"Row-closed 2026-08-28 (A017 scientific pass; source read in full): redesign decision record verified in source §5 (no corrected master scalar: ""Do not replace with a corrected scalar — the program unanimously rejected master scalars""; the surviving components — B6 as tagged value premise, non-aggregation logic with component margins, locked World Bank PIP income queries, the acknowledged gap as research queue not to be filled with 0-1 scores); module observation_governance_empirics confirmed; mapping EXACT_SPECIALIZATION confirmed. Evidence status now defined_source_object. Content-level acceptance only: the TCS-1.0 §7 mapping type and the exact source assumptions are verified; the §8 interface contract for cross-module theorem transfer and all theorem statuses remain unchanged. Citation anchor locked at the source section named above; the paper-time citation match rides the Part III paper-support discipline. the no-master-scalar decision instantiates the typed redesign rule exactly; the surviving components are the A016 bridge (cite CC-A016-001/-004/-012 at the seam); destination negative/counterexample register confirmed"
CC-A017-010,A017,Archive/flagship lesson,research_program/article_017_institutional_index_negative/formal_content_inventory.md,Not merited presently,observation_governance_empirics,theorem record pending classification,EXACT_SPECIALIZATION,accepted_mapping,retain exact source assumptions; model-class extraction pending row review,defined_source_object,see source evaluation and action register; do not infer completeness,negative/counterexample register or conditional redesign docket,Conditional docket,TCS-1.0 interface contract; local producer/consumer fields required before theorem transfer,row_verified,"Row-closed 2026-08-28 (A017 scientific pass; source read in full): publication-decision record verified in source §1 and the inventory (the standalone negative paper NOT MERITED PRESENTLY: the record rides the archive/flagship lesson — the A008/A017 negative material belongs to the negative register and the flagship's negative-results section, not a separate paper); module observation_governance_empirics classified (intake: unclassified_canonical_review); mapping EXACT_SPECIALIZATION classified (intake: UNRESOLVED). Evidence status now defined_source_object. Content-level acceptance only: the TCS-1.0 §7 mapping type and the exact source assumptions are verified; the §8 interface contract for cross-module theorem transfer and all theorem statuses remain unchanged. Citation anchor locked at the source section named above; the paper-time citation match rides the Part III paper-support discipline. module classified observation_governance_empirics; the minimum-paper rule applied to the negative record itself; destination negative/counterexample register confirmed"
CC-A018-001,A018,No-positive-linear-scalar componentwise-certification proposition,research_program/article_A018_capital_liquidation/formal_content_inventory.md,inventory_item,formal_foundations,"operator I, theorem record, mapping",COUNTEREXAMPLE_OR_LIMIT,accepted_mapping,retain exact source assumptions; model-class extraction pending row review,proof_inventory_present_line_check_required,see source evaluation and action register; do not infer completeness,Paper 2,Formal viability and theorem atlas,TCS-1.0 interface contract; local producer/consumer fields required before theorem transfer,row_verified,"Row-closed 2026-08-28 (A018 scientific pass; source read in full): proposition + proof verified in source §2 (no scalar weighting certifies componentwise sustainability: for every positive weight vector w and every index k, b_k <= -M with sigma(b)>0 and b_k' >= M with sigma(b')<0; the two-coordinate construction b_k=-M, b_j=(w_k M+1)/w_j); module formal_foundations confirmed; mapping COUNTEREXAMPLE_OR_LIMIT confirmed. Evidence status now proof_inventory_present_line_check_required. Content-level acceptance only: the TCS-1.0 §7 mapping type and the exact source assumptions are verified; the §8 interface contract for cross-module theorem transfer and all theorem statuses remain unchanged. Citation anchor locked at the source section named above; the paper-time citation match rides the Part III paper-support discipline. the source's own bounded-set caveat preserved (a conservative scalar threshold on a bounded admissible set can exclude the most extreme single-component deficits but still cannot identify which component fails — the certification failure is generic); non-compensatory scalars (min margin, violation magnitude, cone distance) DO certify componentwise non-negativity; the Euclidean-norm specification (A018-L3) is implemented in the corrected article; the exact-rational-arithmetic stress test rides the proposition"
CC-A018-002,A018,Donor-limited vector material ledger and conservation theorem,research_program/article_A018_capital_liquidation/formal_content_inventory.md,inventory_item,ledger_diagnostics,"ledger, services, admissible set, theorem record",EXACT_SPECIALIZATION,accepted_mapping,retain exact source assumptions; model-class extraction pending row review,proof_inventory_present_line_check_required,see source evaluation and action register; do not infer completeness,Paper 3,Material ledgers and diagnostics,TCS-1.0 interface contract; local producer/consumer fields required before theorem transfer,row_verified,"Row-closed 2026-08-28 (A018 scientific pass; source read in full): theorem + proof verified in source §3.3 (stoichiometric conservation of the full ledger: under the unit-sum routing constraints and 0<=alpha<=1, Xdot = I F(X) with 1^T I = 0, hence dM_tot/dt = 0; the incidence-matrix proof); module ledger_diagnostics confirmed; mapping EXACT_SPECIALIZATION corrected (intake: APPROXIMATION). Evidence status now proof_inventory_present_line_check_required. Content-level acceptance only: the TCS-1.0 §7 mapping type and the exact source assumptions are verified; the §8 interface contract for cross-module theorem transfer and all theorem statuses remain unchanged. Citation anchor locked at the source section named above; the paper-time citation match rides the Part III paper-support discipline. mapping corrected APPROXIMATION → EXACT_SPECIALIZATION (intake: APPROXIMATION): the theorem is an EXACT conservation identity under the routing constraints — the A002-008 typed-hybrid-conservation family precedent; the approximation content belongs to the open-projection corollary (the reduced cores are not mass-closed; the frozen-A^geo mass error is the recorded integral), which rides rows -007/-008; the donor-fraction monotonicity sign defect (A018-L1: increasing, not decreasing) is corrected in the corrected article's sigma_geo remark — the A_g0>0 assumption makes sigma_geo smooth and strictly increasing in the donor level"
CC-A018-003,A018,Nonnegative-orthant theorem,research_program/article_A018_capital_liquidation/formal_content_inventory.md,inventory_item,ledger_diagnostics,theorem record pending classification,EXACT_SPECIALIZATION,accepted_mapping,retain exact source assumptions; model-class extraction pending row review,proof_inventory_present_line_check_required,see source evaluation and action register; do not infer completeness,Paper 3,Material ledgers and diagnostics,TCS-1.0 interface contract; local producer/consumer fields required before theorem transfer,row_verified,"Row-closed 2026-08-28 (A018 scientific pass; source read in full): theorem + proof verified in source §6 (forward invariance of the mass orthant: Omega = {N, A^act, U, P, W, I, A^geo, Z >= 0, 0 <= E <= E_max} on the specialised system and the five-, four-, and three-state cores; the face-by-face Nagumo argument); module ledger_diagnostics classified (intake: unclassified_canonical_review); mapping EXACT_SPECIALIZATION classified (intake: UNRESOLVED). Evidence status now proof_inventory_present_line_check_required. Content-level acceptance only: the TCS-1.0 §7 mapping type and the exact source assumptions are verified; the §8 interface contract for cross-module theorem transfer and all theorem statuses remain unchanged. Citation anchor locked at the source section named above; the paper-time citation match rides the Part III paper-support discipline. module classified ledger_diagnostics (matching the intake monograph chapter ""Material ledgers and diagnostics"" and the architecture's Paper 3 content ""conservation/nonnegativity""); destination Paper 3 confirmed; the gated-law scope note (the E<=E_max bound fails for the ungated comparison rows; the stoichiometric core's signed memory is OUTSIDE the Z>=0 scope) preserved"
CC-A018-004,A018,Exact specialization deficit identity,research_program/article_A018_capital_liquidation/formal_content_inventory.md,inventory_item,ledger_diagnostics,theorem record pending classification,EXACT_SPECIALIZATION,accepted_mapping,retain exact source assumptions; model-class extraction pending row review,proof_inventory_present_line_check_required,see source evaluation and action register; do not infer completeness,Paper 3,Material ledgers and diagnostics,TCS-1.0 interface contract; local producer/consumer fields required before theorem transfer,row_verified,"Row-closed 2026-08-28 (A018 scientific pass; source read in full): lemma + proof verified in source §6 (exact deficit identity: qEN - R(N,A) = -Ndot on every trajectory of the specialised system and every reduced core; the collapse Lambda = [qEN-R]_+ = [-Ndot]_+ holds only under the S=R identification of the specialisation); module ledger_diagnostics classified (intake: unclassified_canonical_review); mapping EXACT_SPECIALIZATION classified (intake: UNRESOLVED). Evidence status now proof_inventory_present_line_check_required. Content-level acceptance only: the TCS-1.0 §7 mapping type and the exact source assumptions are verified; the §8 interface contract for cross-module theorem transfer and all theorem statuses remain unchanged. Citation anchor locked at the source section named above; the paper-time citation match rides the Part III paper-support discipline. the ledger family precedent: CC-A012-005 (the decline-pressure identity, ledger_diagnostics/Paper 3); the source's own scope discipline preserved — the collapse is a property of the specialisation, not a definition of liquidation on the unreduced ledger (the general diagnostic is C - M^T S, not equal to -Ndot unless waste-product feedback vanishes and the service is identified with regeneration)"
CC-A018-005,A018,Exact triangular projection,research_program/article_A018_capital_liquidation/formal_content_inventory.md,inventory_item,ledger_diagnostics,theorem record pending classification,PROJECTABLE_REDUCTION,accepted_mapping,retain exact source assumptions; model-class extraction pending row review,proof_inventory_present_line_check_required,see source evaluation and action register; do not infer completeness,Paper 3,Material ledgers and diagnostics,TCS-1.0 interface contract; local producer/consumer fields required before theorem transfer,row_verified,"Row-closed 2026-08-28 (A018 scientific pass; source read in full): theorem + proof verified in source §6 (exact triangular projection: under the institutional-failure specialisation the macroeconomic block, prices, and demand do not appear in (Ndot, Adot, Udot, Zdot, Edot); the ecological-institutional subsystem is an exact closed projection for every eps>0, no singular limit required); module ledger_diagnostics classified (intake: unclassified_canonical_review); mapping PROJECTABLE_REDUCTION corrected (intake: PROJECTABLE_REDUCTION). Evidence status now proof_inventory_present_line_check_required. Content-level acceptance only: the TCS-1.0 §7 mapping type and the exact source assumptions are verified; the §8 interface contract for cross-module theorem transfer and all theorem statuses remain unchanged. Citation anchor locked at the source section named above; the paper-time citation match rides the Part III paper-support discipline. mapping classified PROJECTABLE_REDUCTION — the A002-036 projectability-criterion family (one of two PROJECTABLE_REDUCTION rows in the concordance); destination Paper 3 confirmed: the projection is the ledger-to-dynamics seam object of the A018 interface contract (Paper 3 owns the closed ledger and states this hand-off; Paper 4 states the named RFDEs locally); module ledger_diagnostics per the intake monograph chapter and the seam role"
CC-A018-006,A018,Conditional/demoted macroeconomic reduction,research_program/article_A018_capital_liquidation/formal_content_inventory.md,inventory_item,formal_foundations,"operator I, theorem record, mapping",APPROXIMATION,accepted_mapping,retain exact source assumptions; model-class extraction pending row review,conditional_or_open,see source evaluation and action register; do not infer completeness,Paper 2,Formal viability and theorem atlas,TCS-1.0 interface contract; local producer/consumer fields required before theorem transfer,row_verified,"Row-closed 2026-08-28 (A018 scientific pass; source read in full): conjecture (demoted from theorem in the corrected article) verified in source §6 (finite-time reduction to the five-state core when macroeconomic feedback remains: the O(eps + omega_A T) sup-norm bound and the slow-manifold tracking bound, conditional on Hypotheses scale/hurwitz/lipschitz); module formal_foundations confirmed; mapping APPROXIMATION confirmed. Evidence status now conditional_or_open. Content-level acceptance only: the TCS-1.0 §7 mapping type and the exact source assumptions are verified; the §8 interface contract for cross-module theorem transfer and all theorem statuses remain unchanged. mapping APPROXIMATION confirmed as a genuine error-bound result (the finite-time O(eps) estimate); A018-L4 implemented: the delayed-Tikhonov theorem was internally overstatused with an error term inconsistent with its proof — the corrected article DEMOTES it to Conjecture, conditional on the Hurwitz hypothesis (the finite-difference sweep over Delta~ in [0,5] supports but does not replace it); the classical Tikhonov/Fenichel theorems are ODE statements — the infinite-dimensional Fenichel-type theorems apply only subject to unverified spectral-gap/compactness conditions; the geological-freezing budget is the cumulative donor change eps_G(T), not omega_A T alone; the CES reparameterization (A018-L2: sigma_Q with Cobb-Douglas as the sigma_Q->1 limit, Leontief as sigma_Q->0+) rides the same macroeconomic layer"
CC-A018-007,A018,Working and QSS four-state closures,research_program/article_A018_capital_liquidation/formal_content_inventory.md,inventory_item,nonlinear_dynamics,theorem record pending classification,APPROXIMATION,accepted_mapping,retain exact source assumptions; model-class extraction pending row review,proof_inventory_present_line_check_required,see source evaluation and action register; do not infer completeness,Paper 4,Delay and nonlinear transitions,TCS-1.0 interface contract; local producer/consumer fields required before theorem transfer,row_verified,"Row-closed 2026-08-28 (A018 scientific pass; source read in full): theorems + proofs verified in source §6 (working and QSS four-state closures: Theorem working-proj — the dynamic derived target makes omega_A(A^eq - A) + gamma_U U = omega_A(A^eq,intrinsic - A) + kappa_A K identically in the sigma_geo=1 limit, so (N,A,Z,E) satisfies the working core exactly with U a driven auxiliary; Theorem detritus — the O(eps_U) slaving under the fixed intrinsic target); module nonlinear_dynamics classified (intake: unclassified_canonical_review); mapping APPROXIMATION confirmed. Evidence status now proof_inventory_present_line_check_required. Content-level acceptance only: the TCS-1.0 §7 mapping type and the exact source assumptions are verified; the §8 interface contract for cross-module theorem transfer and all theorem statuses remain unchanged. module classified nonlinear_dynamics (matching the intake monograph chapter ""Delay and nonlinear transitions""); mapping APPROXIMATION confirmed (the QSS closure is an O(eps_U) estimate; the working core is exact only at sigma_geo=1 and perturbed O(1-sigma_geo) for finite reservoir); the baseline caveat preserved: gamma_U/r = 10, so eps_U is NOT small — the QSS theorem is a finite-time estimate that does not control global periodic orbits; the QSS core's low-A equilibrium (23.85, 0.159) is not dynamically connected to the high-A working equilibrium used for the reported tau_pm"
CC-A018-008,A018,Frozen-active-pool finite-time approximation,research_program/article_A018_capital_liquidation/formal_content_inventory.md,inventory_item,nonlinear_dynamics,theorem record pending classification,APPROXIMATION,accepted_mapping,retain exact source assumptions; model-class extraction pending row review,proof_inventory_present_line_check_required,see source evaluation and action register; do not infer completeness,Paper 4,Delay and nonlinear transitions,TCS-1.0 interface contract; local producer/consumer fields required before theorem transfer,row_verified,"Row-closed 2026-08-28 (A018 scientific pass; source read in full): theorem + proof verified in source §6 (frozen-active-pool finite-time approximation: sup |four-state - three-state| <= C_T(A_0/A_min + V_A T); an O(eta_A) inner approximation on [0,T], NOT a Tikhonov reduction); module nonlinear_dynamics classified (intake: unclassified_canonical_review); mapping APPROXIMATION corrected (intake: APPROXIMATION). Evidence status now proof_inventory_present_line_check_required. Content-level acceptance only: the TCS-1.0 §7 mapping type and the exact source assumptions are verified; the §8 interface contract for cross-module theorem transfer and all theorem statuses remain unchanged. module classified nonlinear_dynamics; mapping APPROXIMATION classified (a genuine finite-time error bound); the baseline scope preserved: 1/omega_A ~ 10^3 yr versus 250-390 yr oscillation periods — the theorem justifies the three-state core for local near-equilibrium questions on institutional timescales (the 3.2% tau_- shift is inside the bound) but NOT the large-amplitude cycle or its period"
CC-A018-009,A018,Yield-gap soft-minimum estimate and weak-coupling result,research_program/article_A018_capital_liquidation/formal_content_inventory.md,inventory_item,architecture_transformation_composition,"specification, architecture, operator II, composition",EXACT_SPECIALIZATION,accepted_mapping,retain exact source assumptions; model-class extraction pending row review,proof_inventory_present_line_check_required,see source evaluation and action register; do not infer completeness,Paper 1 or monograph introduction,"Canonical architecture, transformation, and composition",TCS-1.0 interface contract; local producer/consumer fields required before theorem transfer,row_verified,Row-closed 2026-08-28 (A018 scientific pass; source read in full): lemma + theorem + proofs verified in source §6 (the soft-minimum gap bound pi_j <= w_min^{-1} e^{-rho Delta_y} and the decoupling at the Liebig limit: ||X - X^k|| <= C_T eps_c with eps_c = C e^{-rho Delta_y} + eps_phys); module architecture_transformation_composition confirmed; mapping EXACT_SPECIALIZATION confirmed. Evidence status now proof_inventory_present_line_check_required. Content-level acceptance only: the TCS-1.0 §7 mapping type and the exact source assumptions are verified; the §8 interface contract for cross-module theorem transfer and all theorem statuses remain unchanged. Citation anchor locked at the source section named above; the paper-time citation match rides the Part III paper-support discipline. the terminal Liebig-limit phase versus the compensatory phase near yield parity preserved (the cross-derivatives are not exponentially small near Delta_y -> 0; Layers 2-4 and the scalar obstruction are the compensatory phase); the physical-remainder-only case (no gap needed) included; the stage/spectral-separation gates for the fuller persistence claim live in the A021 row family
CC-A018-010,A018,"Local Hopf persistence claim, conditional on repaired bridges",research_program/article_A018_capital_liquidation/formal_content_inventory.md,inventory_item,nonlinear_dynamics,"state, model, admissible set, theorem record",EXACT_SPECIALIZATION,accepted_mapping,retain exact source assumptions; model-class extraction pending row review,conditional_or_open,see source evaluation and action register; do not infer completeness,Paper 4,Delay and nonlinear transitions,TCS-1.0 interface contract; local producer/consumer fields required before theorem transfer,row_verified,"Row-closed 2026-08-28 (A018 scientific pass; source read in full): theorem + proof verified in source §6 (local Hopf persistence: under the strict specialisation the core spectrum is a literal factor of the full characteristic function so the Hopf points persist exactly; under residual macroeconomic feedback of size eps the shift is O(eps) (+ O(1-sigma_geo) for the finite reservoir), via the Schur-complement/Rouche argument); module nonlinear_dynamics confirmed; mapping EXACT_SPECIALIZATION confirmed. Evidence status now conditional_or_open. Content-level acceptance only: the TCS-1.0 §7 mapping type and the exact source assumptions are verified; the §8 interface contract for cross-module theorem transfer and all theorem statuses remain unchanged. conditional on repaired bridges — the source's own assumption list (Theorems tikhonov and working-proj, the simple-pair/transversality/no-other-imaginary-eigenvalues conditions, and the uniformly Hurwitz fast Jacobian): with the Tikhonov theorem DEMOTED to Conjecture in the corrected article (A018-L4), this persistence theorem is conditional on that conjecture — evidence stays conditional_or_open; the global fold events are explicitly outside its hypotheses"
CC-A018-011,A018,Sample-and-hold monodromy,research_program/article_A018_capital_liquidation/formal_content_inventory.md,inventory_item,nonlinear_dynamics,"state, model, admissible set, theorem record",EXACT_SPECIALIZATION,accepted_mapping,retain exact source assumptions; model-class extraction pending row review,proof_inventory_present_line_check_required,see source evaluation and action register; do not infer completeness,Paper 4,Delay and nonlinear transitions,TCS-1.0 interface contract; local producer/consumer fields required before theorem transfer,row_verified,"Row-closed 2026-08-28 (A018 scientific pass; source read in full): theorem + proof verified in source §6 (sample-and-hold monodromy: the variational system between reviews is the ODE with A_hold; the monodromy M(T_r) = shear * exp(A_hold T_r); sampled stability iff all eigenvalues of M inside the unit disc; the T_r->0 singular limit recovers the continuous undelayed Jacobian); module nonlinear_dynamics confirmed; mapping EXACT_SPECIALIZATION confirmed. Evidence status now proof_inventory_present_line_check_required. Content-level acceptance only: the TCS-1.0 §7 mapping type and the exact source assumptions are verified; the §8 interface contract for cross-module theorem transfer and all theorem statuses remain unchanged. Citation anchor locked at the source section named above; the paper-time citation match rides the Part III paper-support discipline. the statement is about THIS sample-and-hold/Euler review scheme, not the continuous-delay DDE (the source's own scope); on the gated Candidate A hold map annual review is unstable (rho(M(1))=1.00055 — the undelayed linearisation is already unstable) and the sampled equilibrium restabilises by a Neimark-Sacker pair at T_r^NS=47.536 yr with a period-doubling multiplier at T_r^{(-1)}=79.143 yr; the T_r ~ 3-4 yr (anchovy) and 6-12 yr (sprat) windows are zeros of the stage-structured review map — a different operator"
CC-A018-012,A018,Dimensionless identifiability groups,research_program/article_A018_capital_liquidation/formal_content_inventory.md,inventory_item,observation_governance_empirics,"observation, assessment, policy, implementation, evidence",EXACT_SPECIALIZATION,accepted_mapping,retain exact source assumptions; model-class extraction pending row review,proof_inventory_present_line_check_required,see source evaluation and action register; do not infer completeness,Paper 5,"Observation, governance, and identification",TCS-1.0 interface contract; local producer/consumer fields required before theorem transfer,row_verified,"Row-closed 2026-08-28 (A018 scientific pass; source read in full): theorem + proof verified in source §6 (dimensionless identifiability: e* = (a + sqrt(a^2+4b))/2, N*/K = 1 - varrho e*, and after scaling time by r^{-1} the local Hopf delays r*tau_pm depend on (varrho, lambda_F, a, b, Z_ref/delta, eta/r, r*tau_m) and sp_k'(0)=1/2; the four combinations (qE*, E*/E_max, eta E*/Delta_ref, delta_0/eta) do NOT determine H); module observation_governance_empirics confirmed; mapping EXACT_SPECIALIZATION confirmed. Evidence status now proof_inventory_present_line_check_required. Content-level acceptance only: the TCS-1.0 §7 mapping type and the exact source assumptions are verified; the §8 interface contract for cross-module theorem transfer and all theorem statuses remain unchanged. Citation anchor locked at the source section named above; the paper-time citation match rides the Part III paper-support discipline. Candidates A and B are two points in (eta/r, varrho), not one class; the family tie recorded: this theorem is complementary to CC-A012-009 (the effort-scale non-identifiability transformation) — A012-009 shows the separate effort scale is not identifiable from (N,Z) alone, this theorem charts the dimensionless groups that DO fix N*/K and r*tau_pm once effort is scaled by E_max; the paper wave should cite the pair together at the Paper 5 identification seam; the k-invariance qualifications (invariance at fixed delta, not fixed delta/k; criticality NOT k-invariant through sp_k''(0)=k/4) ride the parameters section"
CC-A018-013,A018,Three-state Hopf cubic and source-stated interval roots,research_program/article_A018_capital_liquidation/formal_content_inventory.md,inventory_item,nonlinear_dynamics,"state, model, admissible set, theorem record",EXACT_SPECIALIZATION,accepted_mapping,retain exact source assumptions; model-class extraction pending row review,proof_inventory_present_line_check_required,see source evaluation and action register; do not infer completeness,Paper 4,Delay and nonlinear transitions,TCS-1.0 interface contract; local producer/consumer fields required before theorem transfer,row_verified,"Row-closed 2026-08-28 (A018 scientific pass; source read in full): theorem + proof verified in source §8 (complete local Hopf spectrum: lambda = i*omega is a characteristic root iff x = omega^2 is a positive root of the cubic H and tau = (-arg(P/(C_Z L)) + 2 pi k)/omega > 0; at most three frequency families) + the interval-Newton certificates (Numerical Result interval-hopf: tau_- in [3.6661490142739, 3.6661490142743], tau_+ in [150.3584773101408, 150.3584773101421] yr for gated Candidate A); module nonlinear_dynamics confirmed; mapping EXACT_SPECIALIZATION confirmed. Evidence status now proof_inventory_present_line_check_required. Content-level acceptance only: the TCS-1.0 §7 mapping type and the exact source assumptions are verified; the §8 interface contract for cross-module theorem transfer and all theorem statuses remain unchanged. Citation anchor locked at the source section named above; the paper-time citation match rides the Part III paper-support discipline. the even-pairs algebra (B_N = -(1/2 tau_m) A_N and B_E = -(1/2 tau_m) A_E make the cross term vanish identically, so positive roots occur zero or two at a time); the Candidate A local Hopf interval certificates are INDEPENDENTLY REPRODUCED from committed code (byte-identical a025_interval_hopf.json, recorded in the corrected article and batch 4/VALIDATED_COMPUTATIONS_RERUN.md); this certifies the local spectrum of H — NOT an interval certificate of any global fold"
CC-A018-014,A018,"Source-stated Lyapunov, continuation, Floquet, fold, and basin results",research_program/article_A018_capital_liquidation/formal_content_inventory.md,inventory_item,nonlinear_dynamics,"state, model, admissible set, theorem record",EXACT_SPECIALIZATION,accepted_mapping,retain exact source assumptions; model-class extraction pending row review,source_status_accepted_artifact_pending,see source evaluation and action register; do not infer completeness,Paper 4,Delay and nonlinear transitions,TCS-1.0 interface contract; local producer/consumer fields required before theorem transfer,row_verified,"Row-closed 2026-08-28 (A018 scientific pass; source read in full): numerical results verified in source §8 and Appendix methods (the source-stated Lyapunov, continuation, Floquet, fold, and basin results: l_1(tau_-^A,gated)=+5.75e-5 and l_1(tau_+^A,gated)=+3.55e-4 — both subcritical; l_1(tau_-^B,ungated)=-9.84e-5 — supercritical; the two-family lower boundary with the large-cycle termination in [5.574,5.576] and the small-branch turning region near 5.587; the upper boundary 148.3 with the distinct-families collocation; the five-regime sequence; basin statements for tested histories); module nonlinear_dynamics confirmed; mapping EXACT_SPECIALIZATION confirmed. Evidence status now source_status_accepted_artifact_pending. Content-level acceptance only: the TCS-1.0 §7 mapping type and the exact source assumptions are verified; the §8 interface contract for cross-module theorem transfer and all theorem statuses remain unchanged. accepted at exact source-stated status by user attestation (A018-L6) with the publication archive pending; the A018-L5 fold-language correction IS implemented: the events near 5.574-5.576, 5.587, 64.4, and 148.3 are ""numerical continuation, multiplier, basin, or turning-region results"" — no Moore-Spence/Krawczyk/nondegeneracy certificate or continuous-DDE fold proof is claimed (conforming to A025's explicit non-certificate status); fixed-initial-condition bisection mislocates folds by more than 20 yr under critical slowing and is not used for the table"
CC-A018-015,A018,Four-state working-core numerical results,research_program/article_A018_capital_liquidation/formal_content_inventory.md,inventory_item,nonlinear_dynamics,theorem record pending classification,EXACT_SPECIALIZATION,accepted_mapping,retain exact source assumptions; model-class extraction pending row review,source_status_accepted_artifact_pending,see source evaluation and action register; do not infer completeness,Paper 4,Delay and nonlinear transitions,TCS-1.0 interface contract; local producer/consumer fields required before theorem transfer,row_verified,"Row-closed 2026-08-28 (A018 scientific pass; source read in full): numerical results verified in source §9 (the four-state working-core results: the Hopf pair tau_- ~ 3.78, tau_+ ~ 150.1 yr characteristic-pinned; the gated four-state fold events at ~5.63 and ~64.4 yr with the saddle-node classification open; the kappa_A* ~ 0.001316 turnover boundary via sixty (kappa_A, tau) pairs and three methods; the frozen-donor quasi-equilibrium (N*, A*) = (89.526, 397.87) sustained by geological support ~4.652 stock units/yr — NOT a rest point of the closed mass ledger; the eps_G(T) geological-error table); module nonlinear_dynamics classified (intake: unclassified_canonical_review); mapping EXACT_SPECIALIZATION classified (intake: UNRESOLVED). Evidence status now source_status_accepted_artifact_pending. Content-level acceptance only: the TCS-1.0 §7 mapping type and the exact source assumptions are verified; the §8 interface contract for cross-module theorem transfer and all theorem statuses remain unchanged. module classified nonlinear_dynamics; mapping classified EXACT_SPECIALIZATION; accepted at source-stated status with the archive pending; the frozen-donor quasi-equilibrium discipline preserved (incompatible with the formal QSS target; the working-core thresholds are sigma_geo=1 properties); the period range 250-390 yr essentially independent of tau (frequency pinned by r and tau_m)"
CC-A018-016,A018,Stoichiometric feedback identity and loop-gain theorem,research_program/article_A018_capital_liquidation/formal_content_inventory.md,inventory_item,nonlinear_dynamics,theorem record pending classification,EXACT_SPECIALIZATION,accepted_mapping,retain exact source assumptions; model-class extraction pending row review,proof_inventory_present_line_check_required,see source evaluation and action register; do not infer completeness,Paper 4,Delay and nonlinear transitions,TCS-1.0 interface contract; local producer/consumer fields required before theorem transfer,row_verified,"Row-closed 2026-08-28 (A018 scientific pass; source read in full): identity + theorems + proofs verified in source §10 (the stoichiometric feedback identity l = h - (g - m) = -Xdot; the general feedback equation lambda - C_E - C_Z e^{-lambda tau} G(lambda) = 0 unifying the cores' linearisations at two memory gains g=1/2 vs g=1; the loop-gain exclusion theorem — sup |C_Z G(i omega)|/|i omega - C_E| < 1 excludes delay-induced Hopf for every tau; the Nyquist criterion; the logistic identification theorem with the O(K_A/A) remainder); module nonlinear_dynamics classified (intake: unclassified_canonical_review); mapping EXACT_SPECIALIZATION classified (intake: UNRESOLVED). Evidence status now proof_inventory_present_line_check_required. Content-level acceptance only: the TCS-1.0 §7 mapping type and the exact source assumptions are verified; the §8 interface contract for cross-module theorem transfer and all theorem statuses remain unchanged. Citation anchor locked at the source section named above; the paper-time citation match rides the Part III paper-support discipline. module classified nonlinear_dynamics; the signed-memory scope (Z* = 0, no Phi_k floor — outside the Z >= 0 invariance statement); the saturating-gate negative screen (more than 300 randomised parameterisations, no genuine Hopf on the searched domain — a numerical nonexistence report, not an analytic exclusion); eta_crit ~ 2.337 with the two Hopf pairs and their interleaving; K_A -> 0 WITHOUT the mortality identification does NOT yield logistic — the identification requires mu - d = r and c = r/K; the linearised-feedback-identity scope (shared linearisation, not shared nonlinear dynamics)"
CC-A018-017,A018,Groundwater/phosphate/fisheries diagnostics,research_program/article_A018_capital_liquidation/formal_content_inventory.md,inventory_item,ledger_diagnostics,"ledger, services, admissible set, theorem record",EXACT_SPECIALIZATION,accepted_mapping,retain exact source assumptions; model-class extraction pending row review,source_specific_empirical_status_check_required,see source evaluation and action register; do not infer completeness,Paper 3,Material ledgers and diagnostics,TCS-1.0 interface contract; local producer/consumer fields required before theorem transfer,row_verified,"Row-closed 2026-08-28 (A018 scientific pass; source read in full): empirical diagnostics verified in source §5 (the groundwater/phosphate/fisheries ADH tables: G3P v1.12 basin trends with trend-to-window-minimum horizons; USGS phosphate reserve-life ratios with the reserves/resources split; the RAM pure-decay proxy with median ~1.8 yr across 43 stocks); module ledger_diagnostics confirmed; mapping EXACT_SPECIALIZATION confirmed. Evidence status now source_specific_empirical_status_check_required. Content-level acceptance only: the TCS-1.0 §7 mapping type and the exact source assumptions are verified; the §8 interface contract for cross-module theorem transfer and all theorem statuses remain unchanged. Citation anchor locked at the source section named above; the paper-time citation match rides the Part III paper-support discipline. the source's own scope discipline preserved: none of the reported numbers is a computed instance of the model's own first-hitting time — the groundwater column is a trend-to-window-minimum extrapolation, the phosphate column a reserve-life ratio, and the fisheries column a pure-decay proxy with recruitment omitted (its caption states it is not an abiotic horizon); descriptive component-resolved diagnostics in the two-pool logic, not dynamical predictions; the equal-weight inverse-horizon score is a ranking device, not a componentwise certificate (Proposition no-scalar)"
CC-A018-018,A018,Empirical screen and prospective review-interval hypotheses,research_program/article_A018_capital_liquidation/formal_content_inventory.md,inventory_item,observation_governance_empirics,"observation, assessment, policy, implementation, evidence",EXACT_SPECIALIZATION,accepted_mapping,retain exact source assumptions; model-class extraction pending row review,source_specific_empirical_status_check_required,see source evaluation and action register; do not infer completeness,Paper 5,"Observation, governance, and identification",TCS-1.0 interface contract; local producer/consumer fields required before theorem transfer,row_verified,"Row-closed 2026-08-28 (A018 scientific pass; source read in full): empirical screen and prospective hypotheses verified in source §11 (the 30+ candidate case search with zero eligible systems under the four criteria; the three groundwater near-misses at station resolution; Icelandic cod cohort resonance 15-25x shorter than predicted; the anchoveta confound gate failure via the 3.7 yr ENSO peak; the two structural reasons for the null; the stage-structured review-map windows T_r ~ 3-4 yr (anchovy) and 6-12 yr (sprat) robust to 30% multiplicative assessment error); module observation_governance_empirics confirmed; mapping EXACT_SPECIALIZATION confirmed. Evidence status now source_specific_empirical_status_check_required. Content-level acceptance only: the TCS-1.0 §7 mapping type and the exact source assumptions are verified; the §8 interface contract for cross-module theorem transfer and all theorem statuses remain unchanged. Citation anchor locked at the source section named above; the paper-time citation match rides the Part III paper-support discipline. the prospective review-interval test is an intervention test (no responsive 3-4 yr review is currently operated — the prediction is untested, not falsified); the institutional signal is carried by effort and quota utilisation (80-240% of E*), not biomass (1-2% of N*); the sampled-governance windows are zeros of the stage-structured review map, a different operator from the Candidate A hold map (annual review unstable there, restabilising only at T_r^NS=47.54 yr) — both statements are det(M - e^{i theta} I) = 0 on the map to which they refer"
CC-A019-001,A019,Primitive donor-limited exchange and mining laws,research_program/article_A019_closed_ledger/formal_content_inventory.md,inventory_item,ledger_diagnostics,"ledger, services, admissible set, theorem record",EXACT_SPECIALIZATION,accepted_mapping,retain exact source assumptions; model-class extraction pending row review,defined_source_object,see source evaluation and action register; do not infer completeness,Paper 3,Material ledgers and diagnostics,TCS-1.0 interface contract; local producer/consumer fields required before theorem transfer,row_verified,"Row-closed 2026-08-28 (A019 scientific pass; source read in full): model definition verified in source §2 (the four donor-involving primitives: e_GA = omega_A [A^eq,intrinsic]_+ sigma with recharge unable to run backward — zero at A^geo = 0 and at a nonpositive intrinsic target; e_AG = omega_A A^act; C^{A,lim} = C^A sigma — mining donor-limited the same way extraction is; gamma_U U = detritus return; no derived target appears); module ledger_diagnostics confirmed; mapping EXACT_SPECIALIZATION corrected (intake: APPROXIMATION). Evidence status now defined_source_object. Content-level acceptance only: the TCS-1.0 §7 mapping type and the exact source assumptions are verified; the §8 interface contract for cross-module theorem transfer and all theorem statuses remain unchanged. Citation anchor locked at the source section named above; the paper-time citation match rides the Part III paper-support discipline. mapping corrected APPROXIMATION → EXACT_SPECIALIZATION (intake: APPROXIMATION): the primitives are the exact typed-flux objects of the closed ledger — the CC-A002-008 family precedent; the approximation content belongs to the frozen-donor specialization's scope statements (rows -008/-009), not to the primitive laws"
CC-A019-002,A019,Natural-block mass identity,research_program/article_A019_closed_ledger/formal_content_inventory.md,inventory_item,ledger_diagnostics,"ledger, services, admissible set, theorem record",EXACT_SPECIALIZATION,accepted_mapping,retain exact source assumptions; model-class extraction pending row review,proof_inventory_present_line_check_required,see source evaluation and action register; do not infer completeness,Paper 3,Material ledgers and diagnostics,TCS-1.0 interface contract; local producer/consumer fields required before theorem transfer,row_verified,"Row-closed 2026-08-28 (A019 scientific pass; source read in full): theorem + proof verified in source §3 (Theorem 1: the natural-block mass identity d/dt(N + A^act + A^geo + U) = -qEN along every absolutely continuous solution; with the companion's donor-limited routing restored, the seven-compartment sum N+A^act+A^geo+U+P+W+I is constant — the cancellation proof R - B + T = 0 with B = R + T); module ledger_diagnostics confirmed; mapping EXACT_SPECIALIZATION confirmed. Evidence status now proof_inventory_present_line_check_required. Content-level acceptance only: the TCS-1.0 §7 mapping type and the exact source assumptions are verified; the §8 interface contract for cross-module theorem transfer and all theorem statuses remain unchanged. Citation anchor locked at the source section named above; the paper-time citation match rides the Part III paper-support discipline. the closed natural block loses mass exactly at the extraction and mining rates; destination Paper 3 confirmed (the architecture names ""conservation/nonnegativity"" as Paper 3 content and the A018 interface contract assigns the closed ledger to Paper 3)"
CC-A019-003,A019,Orthant invariance,research_program/article_A019_closed_ledger/formal_content_inventory.md,inventory_item,ledger_diagnostics,theorem record pending classification,EXACT_SPECIALIZATION,accepted_mapping,retain exact source assumptions; model-class extraction pending row review,proof_inventory_present_line_check_required,see source evaluation and action register; do not infer completeness,Paper 3,Material ledgers and diagnostics,TCS-1.0 interface contract; local producer/consumer fields required before theorem transfer,row_verified,"Row-closed 2026-08-28 (A019 scientific pass; source read in full): theorem + proof verified in source §3 (Theorem 2: forward invariance of the nonnegative orthant in (N, A^act, A^geo, U, Z, E) — the face-by-face Nagumo argument: at A^geo = 0, e_GA = 0 and dot A^geo = e_AG >= 0; at A^act = 0, R = B = T = e_AG = 0 and dot A^act = e_GA + gamma_U U >= 0; at N = 0 extraction and uptake vanish; the Michaelis-Menten factors C-infinity on the closed orthant); module ledger_diagnostics classified (intake: unclassified_canonical_review); mapping EXACT_SPECIALIZATION classified (intake: UNRESOLVED). Evidence status now proof_inventory_present_line_check_required. Content-level acceptance only: the TCS-1.0 §7 mapping type and the exact source assumptions are verified; the §8 interface contract for cross-module theorem transfer and all theorem statuses remain unchanged. Citation anchor locked at the source section named above; the paper-time citation match rides the Part III paper-support discipline. module classified ledger_diagnostics (the CC-A018-003 precedent: the closed ledger's positivity family); destination Paper 3 confirmed"
CC-A019-004,A019,No interior positive-effort rest theorem,research_program/article_A019_closed_ledger/formal_content_inventory.md,inventory_item,ledger_diagnostics,"operator I, theorem record, mapping",EXACT_SPECIALIZATION,accepted_mapping,retain exact source assumptions; model-class extraction pending row review,proof_inventory_present_line_check_required,see source evaluation and action register; do not infer completeness,Paper 3,Formal viability and theorem atlas,TCS-1.0 interface contract; local producer/consumer fields required before theorem transfer,row_verified,"Row-closed 2026-08-28 (A019 scientific pass; source read in full): theorem + proof verified in source §4 (Theorem 3: no interior rest at positive effort — a rest point of the closed natural block with constant E = E_* > 0 forces R = 0, hence N = 0 or N = K or A^act = 0, each incompatible with E_* > 0 and N_* > 0; the companion working point (N*, A^act*) = (89.526, 397.87) is not a rest point at E = E* ~= 2.090 since R* = qE*N* ~= 0.187 > 0); module ledger_diagnostics corrected (intake: formal_foundations); mapping EXACT_SPECIALIZATION confirmed. Evidence status now proof_inventory_present_line_check_required. Content-level acceptance only: the TCS-1.0 §7 mapping type and the exact source assumptions are verified; the §8 interface contract for cross-module theorem transfer and all theorem statuses remain unchanged. Citation anchor locked at the source section named above; the paper-time citation match rides the Part III paper-support discipline. module corrected formal_foundations → ledger_diagnostics and destination corrected Paper 2 → Paper 3: the theorem is a closed-ledger rest-point nonexistence result — the A018 interface contract is explicit that Paper 3 owns the closed ledger and conservation proofs, and this is the source's title result; routing it to Paper 2 would split the closed-ledger object across papers (the CC-A012-006 destination precedent: the object joins the paper that owns its full treatment)"
CC-A019-005,A019,Extinction–geochemical rest set,research_program/article_A019_closed_ledger/formal_content_inventory.md,inventory_item,ledger_diagnostics,theorem record pending classification,EXACT_SPECIALIZATION,accepted_mapping,retain exact source assumptions; model-class extraction pending row review,proof_inventory_present_line_check_required,see source evaluation and action register; do not infer completeness,Paper 3,Material ledgers and diagnostics,TCS-1.0 interface contract; local producer/consumer fields required before theorem transfer,row_verified,"Row-closed 2026-08-28 (A019 scientific pass; source read in full): theorem + proof verified in source §4 (Theorem 4: the extinction-geochemical rest set — N = 0, U = 0, E arbitrary, A^act = A^eq,intrinsic sigma; if A_g0 = 0 and sigma = 1 for A^geo > 0, the ray A^act = A^eq,intrinsic, A^geo >= 0; institutional memory yields E -> E* at N = 0 with extraction vanishing identically — consistent with the rest set, not an interior rest); module ledger_diagnostics classified (intake: unclassified_canonical_review); mapping EXACT_SPECIALIZATION classified (intake: UNRESOLVED). Evidence status now proof_inventory_present_line_check_required. Content-level acceptance only: the TCS-1.0 §7 mapping type and the exact source assumptions are verified; the §8 interface contract for cross-module theorem transfer and all theorem statuses remain unchanged. Citation anchor locked at the source section named above; the paper-time citation match rides the Part III paper-support discipline. module classified ledger_diagnostics (the closed ledger's rest-point structure); destination Paper 3 confirmed; ""the only rest points with vanishing extraction are extinction plus geochemical equilibrium"" — the abstract's own scope statement"
CC-A019-006,A019,Rejection of cross-completion tracking claim,research_program/article_A019_closed_ledger/formal_content_inventory.md,inventory_item,ledger_diagnostics,theorem record pending classification,COUNTEREXAMPLE_OR_LIMIT,accepted_mapping,retain exact source assumptions; model-class extraction pending row review,proof_inventory_present_line_check_required,see source evaluation and action register; do not infer completeness,negative/counterexample register or conditional redesign docket,Conditional docket,TCS-1.0 interface contract; local producer/consumer fields required before theorem transfer,row_verified,"Row-closed 2026-08-28 (A019 scientific pass; source read in full): negative result verified in source §5 (the rejection of the cross-completion tracking claim: the primitive and working A^act fields differ by an O(1) term at the working point even when sigma ~= 1; epsilon_G(T) = G_0^{-1} integral |e_GA - e_AG| dt quantifies cumulative donor draw in the derived-target completion but is NOT a tracking error bound between the primitive system and the working core; a finite-time comparison requires a separate continuous-dependence estimate — ""no such estimate is asserted here""); module ledger_diagnostics classified (intake: unclassified_canonical_review); mapping COUNTEREXAMPLE_OR_LIMIT classified (intake: UNRESOLVED). Evidence status now proof_inventory_present_line_check_required. Content-level acceptance only: the TCS-1.0 §7 mapping type and the exact source assumptions are verified; the §8 interface contract for cross-module theorem transfer and all theorem statuses remain unchanged. Citation anchor locked at the source section named above; the paper-time citation match rides the Part III paper-support discipline. module classified ledger_diagnostics (the seam-object family of the A018 ledger-to-dynamics interface contract — the tracking rejection IS the interface contract's no-false-reduction discipline instantiated); mapping classified COUNTEREXAMPLE_OR_LIMIT (a boundary result: the O(1) field difference refutes the claimed estimate family); destination negative/counterexample register confirmed — cite at the Paper 3/Paper 4 seam alongside the A018 interface contract"
CC-A019-007,A019,Extraction integrability theorem,research_program/article_A019_closed_ledger/formal_content_inventory.md,inventory_item,ledger_diagnostics,theorem record pending classification,EXACT_SPECIALIZATION,accepted_mapping,retain exact source assumptions; model-class extraction pending row review,proof_inventory_present_line_check_required,see source evaluation and action register; do not infer completeness,Paper 3,Material ledgers and diagnostics,TCS-1.0 interface contract; local producer/consumer fields required before theorem transfer,row_verified,"Row-closed 2026-08-28 (A019 scientific pass; source read in full): theorem + proof verified in source §6 (Theorem 5: extraction integrability — M(t) = M(0) - integral qE N ds >= 0 by the mass identity and orthant invariance, so qEN in L^1(0, inf) with integral <= M(0); no trajectory maintains extraction at the companion working value qE*N* ~= 0.187 for all time); module ledger_diagnostics classified (intake: unclassified_canonical_review); mapping EXACT_SPECIALIZATION classified (intake: UNRESOLVED). Evidence status now proof_inventory_present_line_check_required. Content-level acceptance only: the TCS-1.0 §7 mapping type and the exact source assumptions are verified; the §8 interface contract for cross-module theorem transfer and all theorem statuses remain unchanged. Citation anchor locked at the source section named above; the paper-time citation match rides the Part III paper-support discipline. module classified ledger_diagnostics (the finite-budget consequence of the mass identity — Paper 3's depletion-horizon semantics); destination Paper 3 confirmed"
CC-A019-008,A019,Frozen-donor limit distinction,research_program/article_A019_closed_ledger/formal_content_inventory.md,inventory_item,ledger_diagnostics,"ledger, services, admissible set, theorem record",APPROXIMATION,accepted_mapping,retain exact source assumptions; model-class extraction pending row review,proof_inventory_present_line_check_required,see source evaluation and action register; do not infer completeness,Paper 3,Material ledgers and diagnostics,TCS-1.0 interface contract; local producer/consumer fields required before theorem transfer,row_verified,"Row-closed 2026-08-28 (A019 scientific pass; source read in full): completion distinction verified in source §7 (the frozen-donor limit and its scope: rescaling G = G_0 g, the limit G_0 -> infinity freezes g but does NOT restore the companion's derived target — the limiting recharge field uses A^eq,intrinsic, not A^eq,W; the scaling is not a regular perturbation of the working four-state vector field; local Hopf persistence under the primitive scaling is not claimed; a different derived-target completion would be required before a regular-perturbation theorem could be formulated); module ledger_diagnostics confirmed; mapping APPROXIMATION confirmed. Evidence status now proof_inventory_present_line_check_required. Content-level acceptance only: the TCS-1.0 §7 mapping type and the exact source assumptions are verified; the §8 interface contract for cross-module theorem transfer and all theorem statuses remain unchanged. Citation anchor locked at the source section named above; the paper-time citation match rides the Part III paper-support discipline. the frozen-donor specialization's approximation scope stated exactly: what the approximation is (the frozen-donor limit of the closed ledger) and what it is not (the working completion's field); the corrected article's autonomy fix recorded at the -009 row"
CC-A019-009,A019,Long-time finite-budget interpretation,research_program/article_A019_closed_ledger/formal_content_inventory.md,inventory_item,nonlinear_dynamics,theorem record pending classification,APPROXIMATION,accepted_mapping,retain exact source assumptions; model-class extraction pending row review,conditional_or_open,see source evaluation and action register; do not infer completeness,Paper 3,Material ledgers and diagnostics,TCS-1.0 interface contract; local producer/consumer fields required before theorem transfer,row_verified,"Row-closed 2026-08-28 (A019 scientific pass; source read in full): finite-budget interpretation verified in source §6 and §8 (the companion's tau_+ ~= 150 yr upper cycle is a frozen-donor object; on the closed system it can persist only as a transient on the finite donor budget; the local Hopf mechanism is not cancelled by closing the donor — per the correction, that slow-detuning statement is a HYPOTHESIS, not a consequence of the mass budget, and the transient-length claim is an order/budget bound, not a little-o estimate); module nonlinear_dynamics classified (intake: unclassified_canonical_review); mapping APPROXIMATION classified (intake: UNRESOLVED). Evidence status now conditional_or_open. Content-level acceptance only: the TCS-1.0 §7 mapping type and the exact source assumptions are verified; the §8 interface contract for cross-module theorem transfer and all theorem statuses remain unchanged. Citation anchor locked at the source section named above; the paper-time citation match rides the Part III paper-support discipline. module classified nonlinear_dynamics (the frozen-donor cycle's persistence interpretation — the tau_+ delay object); the three evaluation-record corrections implemented in the corrected article recorded verbatim: (a) the unsupported little-o transient length replaced by an order/budget bound; (b) the extended system with G(t) as a state is an AUTONOMOUS RFDE with a slow donor coordinate, not nonautonomous; (c) the Hopf-detuning claim demoted to hypothesis; the precise transient duration and any attractor continuation in (G_0, tau) require a separate computation — registered open, not promoted"
CC-A020-001,A020,Quota-tracking protective effort law,research_program/article_A020_two_channels/formal_content_inventory.md,inventory_item,nonlinear_dynamics,theorem record pending classification,EXACT_SPECIALIZATION,accepted_mapping,retain exact source assumptions; model-class extraction pending row review,defined_source_object,see source evaluation and action register; do not infer completeness,Paper 4,Delay and nonlinear transitions,TCS-1.0 interface contract; local producer/consumer fields required before theorem transfer,row_verified,"Row-closed 2026-08-28 (A020 scientific pass; source read in full): model definition verified in source §2 (Definition 1: the quota-tracking protective effort law dE/dt = (1-E/E_max) eta_p (E_cap(Z(t-tau_p)) - E) with E_cap C^2, positive, strictly decreasing; the calibration E_cap(Z)=E_0 Z_ref/(Z_ref+Z) placing the unique interior rest at the companion's Candidate A point (N*,Z*,E*)=(89.55188, delta, 2.08962), so the stock-memory block is identical and only the effort law changes); module nonlinear_dynamics classified (intake: unclassified_canonical_review); mapping EXACT_SPECIALIZATION classified (intake: UNRESOLVED). Evidence status now defined_source_object. Content-level acceptance only: the TCS-1.0 §7 mapping type and the exact source assumptions are verified; the §8 interface contract for cross-module theorem transfer and all theorem statuses remain unchanged. Citation anchor locked at the source section named above; the paper-time citation match rides the Part III paper-support discipline. module classified nonlinear_dynamics (the named three-state core's response-channel content); the E-interpretation discipline (A003's non-interchangeability of industry effort / quota utilization / institutional control) applies at the seam; destination Paper 4 confirmed"
CC-A020-002,A020,Candidate protective linear coefficients,research_program/article_A020_two_channels/formal_content_inventory.md,inventory_item,nonlinear_dynamics,theorem record pending classification,EXACT_SPECIALIZATION,accepted_mapping,retain exact source assumptions; model-class extraction pending row review,source_specific_empirical_status_check_required,see source evaluation and action register; do not infer completeness,Paper 4,Delay and nonlinear transitions,TCS-1.0 interface contract; local producer/consumer fields required before theorem transfer,row_verified,"Row-closed 2026-08-28 (A020 scientific pass; source read in full): calibrated linear coefficients verified in source §2 (C_E = -(1-E*/E_max) eta_p = -0.850336 and C_Z = (1-E*/E_max) eta_p E_cap'(delta) = -1.661702 at eta_p = eta_A = 0.914 — ""Both signs are those of a restoring quota, not of scarcity mobilisation""); module nonlinear_dynamics classified (intake: unclassified_canonical_review); mapping EXACT_SPECIALIZATION classified (intake: UNRESOLVED). Evidence status now source_specific_empirical_status_check_required. Content-level acceptance only: the TCS-1.0 §7 mapping type and the exact source assumptions are verified; the §8 interface contract for cross-module theorem transfer and all theorem statuses remain unchanged. Citation anchor locked at the source section named above; the paper-time citation match rides the Part III paper-support discipline. module classified nonlinear_dynamics; the coefficient values are calibration arithmetic from the source-stated formulas at the Candidate A point — accepted at source-stated numerical status; the sign discipline (C_Z < 0 is the protective channel; C_Z = +1.785 the mobilising one at gated Candidate A) is the channel-separation object"
CC-A020-003,A020,No-positive-Hopf-frequency cubic result,research_program/article_A020_two_channels/formal_content_inventory.md,inventory_item,nonlinear_dynamics,"state, model, admissible set, theorem record",EXACT_SPECIALIZATION,accepted_mapping,retain exact source assumptions; model-class extraction pending row review,proof_inventory_present_line_check_required,see source evaluation and action register; do not infer completeness,Paper 4,Delay and nonlinear transitions,TCS-1.0 interface contract; local producer/consumer fields required before theorem transfer,row_verified,"Row-closed 2026-08-28 (A020 scientific pass; source read in full): theorem + proof verified in source §3 (Theorem 1: at the Candidate A stock-memory linearisation and the protective gains, the monic cubic H has no positive root — c_2=0.76339, c_1=0.028946, c_0=9.278e-6 all positive and c_2 c_1 - c_0 = 0.02209 > 0, Descartes' rule of signs plus Routh-Hurwitz; equivalently the loop gain Gamma(omega) attains its maximum 0.08011 at omega ~= 0.0583 — a numerically located maximum at its downgraded status; the companion's loop-gain theorem then excludes every delay-induced Hopf for all tau_p >= 0); module nonlinear_dynamics confirmed; mapping EXACT_SPECIALIZATION corrected (intake: COUNTEREXAMPLE_OR_LIMIT). Evidence status now proof_inventory_present_line_check_required. Content-level acceptance only: the TCS-1.0 §7 mapping type and the exact source assumptions are verified; the §8 interface contract for cross-module theorem transfer and all theorem statuses remain unchanged. Citation anchor locked at the source section named above; the paper-time citation match rides the Part III paper-support discipline. mapping corrected COUNTEREXAMPLE_OR_LIMIT → EXACT_SPECIALIZATION (intake: COUNTEREXAMPLE_OR_LIMIT): an exact application of the companion's loop-gain exclusion machinery at protective gains — the CC-A018-016 family precedent; the channel-separation reading (destabilisation by short delay is confined to the mobilising summand) is the theorem's interpretation, carried here; the corrected article adds the zero-root and characteristic-continuity requirements to the all-delay stability argument — retained, not demoted"
CC-A020-004,A020,Iso-gain sign-flip phase relation,research_program/article_A020_two_channels/formal_content_inventory.md,inventory_item,nonlinear_dynamics,theorem record pending classification,EXACT_SPECIALIZATION,accepted_mapping,retain exact source assumptions; model-class extraction pending row review,proof_inventory_present_line_check_required,see source evaluation and action register; do not infer completeness,Paper 4,Delay and nonlinear transitions,TCS-1.0 interface contract; local producer/consumer fields required before theorem transfer,row_verified,"Row-closed 2026-08-28 (A020 scientific pass; source read in full): proposition + proof verified in source §4 (Proposition 1: replacing C_Z by -C_Z at fixed modulus leaves H unchanged and shifts the fundamental delays by pi/omega — tau_- = 128.374, tau_+ = 70.697 years, the companion values shifted on each family; both crossings remain local Hopfs; the reversed-gain linearisation has loop gain 1.016 > 1 and retains the eta E*/Delta_ref factor, so it is NOT the quota law — ""Definition 1 changes the modulus as well as the sign""); module nonlinear_dynamics classified (intake: unclassified_canonical_review); mapping EXACT_SPECIALIZATION classified (intake: UNRESOLVED). Evidence status now proof_inventory_present_line_check_required. Content-level acceptance only: the TCS-1.0 §7 mapping type and the exact source assumptions are verified; the §8 interface contract for cross-module theorem transfer and all theorem statuses remain unchanged. Citation anchor locked at the source section named above; the paper-time citation match rides the Part III paper-support discipline. module classified nonlinear_dynamics; the iso-gain discipline recorded: a pure sign flip is not a protective institution — the genuine protective law changes the modulus as well (the false-reversal identification hazard); destination Paper 4 confirmed"
CC-A020-005,A020,Two-delay characteristic identity,research_program/article_A020_two_channels/formal_content_inventory.md,inventory_item,nonlinear_dynamics,"state, model, admissible set, theorem record",EXACT_SPECIALIZATION,accepted_mapping,retain exact source assumptions; model-class extraction pending row review,proof_inventory_present_line_check_required,see source evaluation and action register; do not infer completeness,Paper 4,Delay and nonlinear transitions,TCS-1.0 interface contract; local producer/consumer fields required before theorem transfer,row_verified,"Row-closed 2026-08-28 (A020 scientific pass; source read in full): theorem + proof verified in source §5 (Theorem 2: the two-delay characteristic identity P(lambda) - L(lambda)(C_m e^{-lambda tau_m} + C_p e^{-lambda tau_p}) = 0 with P and L the companion polynomials, proved by expanding the variational system's characteristic determinant along the third row); module nonlinear_dynamics confirmed; mapping EXACT_SPECIALIZATION confirmed. Evidence status now proof_inventory_present_line_check_required. Content-level acceptance only: the TCS-1.0 §7 mapping type and the exact source assumptions are verified; the §8 interface contract for cross-module theorem transfer and all theorem statuses remain unchanged. Citation anchor locked at the source section named above; the paper-time citation match rides the Part III paper-support discipline. the exact algebraic identity the architecture's Paper 4 content list names (""two-delay identity""); C_m = chi_m C_Z^mob, C_p = chi_p C_Z^prot, C_E the sum of the two gate-adjusted E-derivatives at the common interior rest where both brackets vanish separately"
CC-A020-006,A020,Weighted small-gain theorem,research_program/article_A020_two_channels/formal_content_inventory.md,inventory_item,nonlinear_dynamics,theorem record pending classification,EXACT_SPECIALIZATION,accepted_mapping,retain exact source assumptions; model-class extraction pending row review,proof_inventory_present_line_check_required,see source evaluation and action register; do not infer completeness,Paper 4,Delay and nonlinear transitions,TCS-1.0 interface contract; local producer/consumer fields required before theorem transfer,row_verified,"Row-closed 2026-08-28 (A020 scientific pass; source read in full): theorem + proof verified in source §5 (Theorem 3: if sup_omega>0 (|C_m|+|C_p|) |L(i omega)| / |(i omega - A_N)(i omega + d)(i omega - C_E)| < 1 then the two-delay characteristic equation has no imaginary-axis root for any tau_m, tau_p >= 0 — the triangle-inequality small-gain proof using |e^{-i omega tau}| = 1); module nonlinear_dynamics classified (intake: unclassified_canonical_review); mapping EXACT_SPECIALIZATION classified (intake: UNRESOLVED). Evidence status now proof_inventory_present_line_check_required. Content-level acceptance only: the TCS-1.0 §7 mapping type and the exact source assumptions are verified; the §8 interface contract for cross-module theorem transfer and all theorem statuses remain unchanged. Citation anchor locked at the source section named above; the paper-time citation match rides the Part III paper-support discipline. module classified nonlinear_dynamics; the weighted small-gain theorem is retained in the corrected article (with the zero-root and continuity requirements carried by the -003 row's correction note); destination Paper 4 confirmed"
CC-A020-007,A020,Conditional mobilising-weight threshold,research_program/article_A020_two_channels/formal_content_inventory.md,inventory_item,nonlinear_dynamics,theorem record pending classification,EXACT_SPECIALIZATION,accepted_mapping,retain exact source assumptions; model-class extraction pending row review,conditional_or_open,see source evaluation and action register; do not infer completeness,Paper 4,Delay and nonlinear transitions,TCS-1.0 interface contract; local producer/consumer fields required before theorem transfer,row_verified,"Row-closed 2026-08-28 (A020 scientific pass; source read in full): corollary verified in source §5 (Corollary 1: at Candidate A the pure mobilising loop gain exceeds 1 and the pure protective loop gain is 0.080, so under the interpolation hypotheses there exists chi_m* in (0,1) such that every interpolation with chi_m < chi_m* satisfies the weighted small-gain theorem — a Hopf of the interpolated system requires a sufficiently large mobilising weight and cannot be produced by decreasing tau_p alone); module nonlinear_dynamics classified (intake: unclassified_canonical_review); mapping EXACT_SPECIALIZATION classified (intake: UNRESOLVED). Evidence status now conditional_or_open. Content-level acceptance only: the TCS-1.0 §7 mapping type and the exact source assumptions are verified; the §8 interface contract for cross-module theorem transfer and all theorem statuses remain unchanged. Citation anchor locked at the source section named above; the paper-time citation match rides the Part III paper-support discipline. module classified nonlinear_dynamics; CONDITIONAL status retained and strengthened by the correction: the corrected article adds the common-equilibrium, continuity-in-chi_m, denominator-nonvanishing, and strict-protective-gain-margin hypotheses (its line 211) — the corollary stands exactly under those hypotheses; no promotion"
CC-A020-008,A020,Protective sample-and-hold monodromy,research_program/article_A020_two_channels/formal_content_inventory.md,inventory_item,nonlinear_dynamics,"state, model, admissible set, theorem record",EXACT_SPECIALIZATION,accepted_mapping,retain exact source assumptions; model-class extraction pending row review,source_status_accepted_artifact_pending,see source evaluation and action register; do not infer completeness,Paper 4,Delay and nonlinear transitions,TCS-1.0 interface contract; local producer/consumer fields required before theorem transfer,row_verified,"Row-closed 2026-08-28 (A020 scientific pass; source read in full): proposition + proof verified in source §6 (Proposition 2: the protective sample-and-hold monodromy M_p(T_r) = shear(C_E, C_Z) exp(A_hold T_r); rho(M_p(1)) = 0.9838 < 1 — annual review of the quota-tracking channel is linearly stable at Candidate A; the same Euler hold map crosses rho = 1 at T_r = 2.306, which is a discretisation of the explicit Euler factor 1 + T_r C_E with C_E = -0.850, explicitly NOT a Hopf of the protective DDE); module nonlinear_dynamics confirmed; mapping EXACT_SPECIALIZATION confirmed. Evidence status now source_status_accepted_artifact_pending. Content-level acceptance only: the TCS-1.0 §7 mapping type and the exact source assumptions are verified; the §8 interface contract for cross-module theorem transfer and all theorem statuses remain unchanged. Citation anchor locked at the source section named above; the paper-time citation match rides the Part III paper-support discipline. the sampled crossing and search are accepted as externally verified at exact source-stated numerical status by explicit user attestation; archive action P-A020-01 (publication-artifact documentation) remains open; the operator-specific scope recorded (the mobilising hold map is unstable at T_r = 1 because the undelayed mobilising Jacobian is already unstable — the protective map does not inherit that instability)"
CC-A020-009,A020,Channel-specific pacing interpretation,research_program/article_A020_two_channels/formal_content_inventory.md,inventory_item,nonlinear_dynamics,theorem record pending classification,EXACT_SPECIALIZATION,accepted_mapping,retain exact source assumptions; model-class extraction pending row review,proof_inventory_present_line_check_required,see source evaluation and action register; do not infer completeness,Paper 4,Delay and nonlinear transitions,TCS-1.0 interface contract; local producer/consumer fields required before theorem transfer,row_verified,"Row-closed 2026-08-28 (A020 scientific pass; source read in full): theorem + proof verified in source §7 (Theorem 4: for the mobilising bracket the equilibrium is linearly unstable for 0 < tau < tau_-; for the protective law at Candidate A linearly stable for every tau_p >= 0; for the two-channel system any delay-induced instability lies in a region of (tau_m, chi_m) and is independent of tau_p wherever the weighted small-gain theorem applies — the proof cites Theorem 1 and Corollary 1); module nonlinear_dynamics classified (intake: unclassified_canonical_review); mapping EXACT_SPECIALIZATION classified (intake: UNRESOLVED). Evidence status now proof_inventory_present_line_check_required. Content-level acceptance only: the TCS-1.0 §7 mapping type and the exact source assumptions are verified; the §8 interface contract for cross-module theorem transfer and all theorem statuses remain unchanged. Citation anchor locked at the source section named above; the paper-time citation match rides the Part III paper-support discipline. module classified nonlinear_dynamics; the pacing synthesis inherits Corollary 1's interpolation hypotheses wherever its interpolation clause applies (recorded, not promoted); the channel-specific pacing interpretation is the Paper 4 policy-scope discipline instantiated: faster protective governance is not the hazard — the mobilising sign is"
CC-A021-001,A021,Smooth vector soft-minimum service,research_program/article_A021_liebig_graph/formal_content_inventory.md,inventory_item,periodic_NAIM_coupling,"model, mapping, theorem record, interface contract",EXACT_SPECIALIZATION,proposed_not_yet_interface_proved,retain exact source assumptions; model-class extraction pending row review,status_crosswalk_required,see source evaluation and action register; do not infer completeness,Paper 6 conditional,Advanced coupling and persistence,TCS-1.0 interface contract; local producer/consumer fields required before theorem transfer,requires_row_level_verification,Inventory-complete intake row; no status promotion.
CC-A021-002,A021,Uniform yield-gap definition,research_program/article_A021_liebig_graph/formal_content_inventory.md,inventory_item,periodic_NAIM_coupling,"model, mapping, theorem record, interface contract",EXACT_SPECIALIZATION,proposed_mapping,retain exact source assumptions; model-class extraction pending row review,defined_source_object,see source evaluation and action register; do not infer completeness,Paper 6 conditional,Advanced coupling and persistence,TCS-1.0 interface contract; local producer/consumer fields required before theorem transfer,mapped_requires_final_citation_check,Inventory-complete intake row; no status promotion.
CC-A021-003,A021,Exponentially small off-limiting weights,research_program/article_A021_liebig_graph/formal_content_inventory.md,inventory_item,periodic_NAIM_coupling,"model, mapping, theorem record, interface contract",APPROXIMATION,proposed_not_yet_interface_proved,retain exact source assumptions; model-class extraction pending row review,status_crosswalk_required,see source evaluation and action register; do not infer completeness,Paper 6 conditional,Advanced coupling and persistence,TCS-1.0 interface contract; local producer/consumer fields required before theorem transfer,requires_row_level_verification,Inventory-complete intake row; no status promotion.
CC-A021-004,A021,Binding/slack split,research_program/article_A021_liebig_graph/formal_content_inventory.md,inventory_item,periodic_NAIM_coupling,"model, mapping, theorem record, interface contract",EXACT_SPECIALIZATION,proposed_not_yet_interface_proved,retain exact source assumptions; model-class extraction pending row review,status_crosswalk_required,see source evaluation and action register; do not infer completeness,Paper 6 conditional,Advanced coupling and persistence,TCS-1.0 interface contract; local producer/consumer fields required before theorem transfer,requires_row_level_verification,Inventory-complete intake row; no status promotion.
CC-A021-005,A021,Proposed attracting invariant graph — unproved,research_program/article_A021_liebig_graph/formal_content_inventory.md,inventory_item,periodic_NAIM_coupling,"model, mapping, theorem record, interface contract",EXACT_SPECIALIZATION,proposed_not_yet_interface_proved,retain exact source assumptions; model-class extraction pending row review,status_crosswalk_required,see source evaluation and action register; do not infer completeness,Paper 6 conditional,Advanced coupling and persistence,TCS-1.0 interface contract; local producer/consumer fields required before theorem transfer,requires_row_level_verification,Inventory-complete intake row; no status promotion.
CC-A021-006,A021,Finite-time scalar tracking — retain under direct continuous-dependence assumptions,research_program/article_A021_liebig_graph/formal_content_inventory.md,inventory_item,periodic_NAIM_coupling,"model, mapping, theorem record, interface contract",EXACT_SPECIALIZATION,proposed_not_yet_interface_proved,retain exact source assumptions; model-class extraction pending row review,status_crosswalk_required,see source evaluation and action register; do not infer completeness,Paper 6 conditional,Advanced coupling and persistence,TCS-1.0 interface contract; local producer/consumer fields required before theorem transfer,requires_row_level_verification,Inventory-complete intake row; no status promotion.
CC-A021-007,A021,Proposed Hopf persistence — conditional on repaired graph/spectral theorem,research_program/article_A021_liebig_graph/formal_content_inventory.md,inventory_item,periodic_NAIM_coupling,"model, mapping, theorem record, interface contract",EXACT_SPECIALIZATION,proposed_not_yet_interface_proved,retain exact source assumptions; model-class extraction pending row review,conditional_or_open,see source evaluation and action register; do not infer completeness,Paper 6 conditional,Advanced coupling and persistence,TCS-1.0 interface contract; local producer/consumer fields required before theorem transfer,requires_row_level_verification,Inventory-complete intake row; no status promotion.
CC-A021-008,A021,Yield-parity obstruction — valid scope warning,research_program/article_A021_liebig_graph/formal_content_inventory.md,inventory_item,periodic_NAIM_coupling,"model, mapping, theorem record, interface contract",COUNTEREXAMPLE_OR_LIMIT,proposed_not_yet_interface_proved,retain exact source assumptions; model-class extraction pending row review,status_crosswalk_required,see source evaluation and action register; do not infer completeness,Paper 6 conditional,Advanced coupling and persistence,TCS-1.0 interface contract; local producer/consumer fields required before theorem transfer,requires_row_level_verification,Inventory-complete intake row; no status promotion.
CC-A022-001,A022,Adult-take stage model,research_program/article_A022_stage_harvest/formal_content_inventory.md,inventory_item,stage_spatial_extension,"state, model, mapping, theorem record",EXACT_SPECIALIZATION,proposed_not_yet_interface_proved,retain exact source assumptions; model-class extraction pending row review,status_crosswalk_required,see source evaluation and action register; do not infer completeness,Paper 7 conditional,Stage and spatial extensions,TCS-1.0 interface contract; local producer/consumer fields required before theorem transfer,requires_row_level_verification,Inventory-complete intake row; no status promotion.
CC-A022-002,A022,Juvenile-take stage model,research_program/article_A022_stage_harvest/formal_content_inventory.md,inventory_item,stage_spatial_extension,"state, model, mapping, theorem record",EXACT_SPECIALIZATION,proposed_not_yet_interface_proved,retain exact source assumptions; model-class extraction pending row review,status_crosswalk_required,see source evaluation and action register; do not infer completeness,Paper 7 conditional,Stage and spatial extensions,TCS-1.0 interface contract; local producer/consumer fields required before theorem transfer,requires_row_level_verification,Inventory-complete intake row; no status promotion.
CC-A022-003,A022,Physical distinction from prevented recruitment,research_program/article_A022_stage_harvest/formal_content_inventory.md,inventory_item,stage_spatial_extension,"state, model, mapping, theorem record",EXACT_SPECIALIZATION,proposed_not_yet_interface_proved,retain exact source assumptions; model-class extraction pending row review,status_crosswalk_required,see source evaluation and action register; do not infer completeness,Paper 7 conditional,Stage and spatial extensions,TCS-1.0 interface contract; local producer/consumer fields required before theorem transfer,requires_row_level_verification,Inventory-complete intake row; no status promotion.
CC-A022-004,A022,Correct orthant invariance,research_program/article_A022_stage_harvest/formal_content_inventory.md,inventory_item,stage_spatial_extension,"state, model, mapping, theorem record",EXACT_SPECIALIZATION,proposed_not_yet_interface_proved,retain exact source assumptions; model-class extraction pending row review,status_crosswalk_required,see source evaluation and action register; do not infer completeness,Paper 7 conditional,Stage and spatial extensions,TCS-1.0 interface contract; local producer/consumer fields required before theorem transfer,requires_row_level_verification,Inventory-complete intake row; no status promotion.
CC-A022-005,A022,False two-stage mass identity requiring donor completion,research_program/article_A022_stage_harvest/formal_content_inventory.md,inventory_item,stage_spatial_extension,"state, model, mapping, theorem record",EXACT_SPECIALIZATION,proposed_not_yet_interface_proved,retain exact source assumptions; model-class extraction pending row review,proof_inventory_present_line_check_required,see source evaluation and action register; do not infer completeness,Paper 7 conditional,Stage and spatial extensions,TCS-1.0 interface contract; local producer/consumer fields required before theorem transfer,requires_row_level_verification,Inventory-complete intake row; no status promotion.
CC-A022-006,A022,Correct interior equilibrium formulas,research_program/article_A022_stage_harvest/formal_content_inventory.md,inventory_item,stage_spatial_extension,"state, model, mapping, theorem record",EXACT_SPECIALIZATION,proposed_not_yet_interface_proved,retain exact source assumptions; model-class extraction pending row review,status_crosswalk_required,see source evaluation and action register; do not infer completeness,Paper 7 conditional,Stage and spatial extensions,TCS-1.0 interface contract; local producer/consumer fields required before theorem transfer,requires_row_level_verification,Inventory-complete intake row; no status promotion.
CC-A022-007,A022,Source-stated numerical spectra and crossings,research_program/article_A022_stage_harvest/formal_content_inventory.md,inventory_item,stage_spatial_extension,"state, model, mapping, theorem record",EXACT_SPECIALIZATION,proposed_mapping,retain exact source assumptions; model-class extraction pending row review,source_status_accepted_artifact_pending,see source evaluation and action register; do not infer completeness,Paper 7 conditional,Stage and spatial extensions,TCS-1.0 interface contract; local producer/consumer fields required before theorem transfer,mapped_requires_final_citation_check,Inventory-complete intake row; no status promotion.
CC-A022-008,A022,Searched-set absence of a two-crossing diagram,research_program/article_A022_stage_harvest/formal_content_inventory.md,inventory_item,stage_spatial_extension,"state, model, mapping, theorem record",EXACT_SPECIALIZATION,proposed_not_yet_interface_proved,retain exact source assumptions; model-class extraction pending row review,status_crosswalk_required,see source evaluation and action register; do not infer completeness,Paper 7 conditional,Stage and spatial extensions,TCS-1.0 interface contract; local producer/consumer fields required before theorem transfer,requires_row_level_verification,Inventory-complete intake row; no status promotion.
CC-A023-001,A023,Neumann mode framework and mean-field equivalence definition,research_program/article_A023_spatial/formal_content_inventory.md,inventory_item,stage_spatial_extension,"state, model, mapping, theorem record",EXACT_SPECIALIZATION,proposed_mapping,retain exact source assumptions; model-class extraction pending row review,defined_source_object,see source evaluation and action register; do not infer completeness,Paper 7 conditional,Stage and spatial extensions,TCS-1.0 interface contract; local producer/consumer fields required before theorem transfer,mapped_requires_final_citation_check,Inventory-complete intake row; no status promotion.
CC-A023-002,A023,Exact logistic Jensen identity,research_program/article_A023_spatial/formal_content_inventory.md,inventory_item,stage_spatial_extension,"state, model, mapping, theorem record",EXACT_SPECIALIZATION,proposed_not_yet_interface_proved,retain exact source assumptions; model-class extraction pending row review,proof_inventory_present_line_check_required,see source evaluation and action register; do not infer completeness,Paper 7 conditional,Stage and spatial extensions,TCS-1.0 interface contract; local producer/consumer fields required before theorem transfer,requires_row_level_verification,Inventory-complete intake row; no status promotion.
CC-A023-003,A023,Three-state nonzero-mode decay theorem,research_program/article_A023_spatial/formal_content_inventory.md,inventory_item,stage_spatial_extension,"state, model, mapping, theorem record",EXACT_SPECIALIZATION,proposed_not_yet_interface_proved,retain exact source assumptions; model-class extraction pending row review,proof_inventory_present_line_check_required,see source evaluation and action register; do not infer completeness,Paper 7 conditional,Stage and spatial extensions,TCS-1.0 interface contract; local producer/consumer fields required before theorem transfer,requires_row_level_verification,Inventory-complete intake row; no status promotion.
CC-A023-004,A023,Well-mixed four-state nonzero-mode theorem,research_program/article_A023_spatial/formal_content_inventory.md,inventory_item,stage_spatial_extension,"state, model, mapping, theorem record",EXACT_SPECIALIZATION,proposed_not_yet_interface_proved,retain exact source assumptions; model-class extraction pending row review,proof_inventory_present_line_check_required,see source evaluation and action register; do not infer completeness,Paper 7 conditional,Stage and spatial extensions,TCS-1.0 interface contract; local producer/consumer fields required before theorem transfer,requires_row_level_verification,Inventory-complete intake row; no status promotion.
CC-A023-005,A023,Conditional local active-pool two-state stability,research_program/article_A023_spatial/formal_content_inventory.md,inventory_item,stage_spatial_extension,"state, model, mapping, theorem record",EXACT_SPECIALIZATION,proposed_not_yet_interface_proved,retain exact source assumptions; model-class extraction pending row review,conditional_or_open,see source evaluation and action register; do not infer completeness,Paper 7 conditional,Stage and spatial extensions,TCS-1.0 interface contract; local producer/consumer fields required before theorem transfer,requires_row_level_verification,Inventory-complete intake row; no status promotion.
CC-A023-006,A023,Finite-donor no-extracted-steady-state theorem,research_program/article_A023_spatial/formal_content_inventory.md,inventory_item,stage_spatial_extension,"state, model, mapping, theorem record",EXACT_SPECIALIZATION,proposed_not_yet_interface_proved,retain exact source assumptions; model-class extraction pending row review,proof_inventory_present_line_check_required,see source evaluation and action register; do not infer completeness,Paper 7 conditional,Stage and spatial extensions,TCS-1.0 interface contract; local producer/consumer fields required before theorem transfer,requires_row_level_verification,Inventory-complete intake row; no status promotion.
CC-A023-007,A023,Stage mean-field modal theorem with factor error,research_program/article_A023_spatial/formal_content_inventory.md,inventory_item,stage_spatial_extension,"state, model, mapping, theorem record",EXACT_SPECIALIZATION,proposed_not_yet_interface_proved,retain exact source assumptions; model-class extraction pending row review,proof_inventory_present_line_check_required,see source evaluation and action register; do not infer completeness,Paper 7 conditional,Stage and spatial extensions,TCS-1.0 interface contract; local producer/consumer fields required before theorem transfer,requires_row_level_verification,Inventory-complete intake row; no status promotion.
CC-A023-008,A023,Conditional yield-gap modal robustness,research_program/article_A023_spatial/formal_content_inventory.md,inventory_item,stage_spatial_extension,"state, model, mapping, theorem record",EXACT_SPECIALIZATION,proposed_not_yet_interface_proved,retain exact source assumptions; model-class extraction pending row review,conditional_or_open,see source evaluation and action register; do not infer completeness,Paper 7 conditional,Stage and spatial extensions,TCS-1.0 interface contract; local producer/consumer fields required before theorem transfer,requires_row_level_verification,Inventory-complete intake row; no status promotion.
CC-A023-009,A023,Local frozen-A modal cubic and gain ratio,research_program/article_A023_spatial/formal_content_inventory.md,inventory_item,stage_spatial_extension,"state, model, mapping, theorem record",APPROXIMATION,proposed_not_yet_interface_proved,retain exact source assumptions; model-class extraction pending row review,status_crosswalk_required,see source evaluation and action register; do not infer completeness,Paper 7 conditional,Stage and spatial extensions,TCS-1.0 interface contract; local producer/consumer fields required before theorem transfer,requires_row_level_verification,Inventory-complete intake row; no status promotion.
CC-A023-010,A023,Restricted delay-free Turing statement,research_program/article_A023_spatial/formal_content_inventory.md,inventory_item,stage_spatial_extension,"state, model, mapping, theorem record",EXACT_SPECIALIZATION,proposed_not_yet_interface_proved,retain exact source assumptions; model-class extraction pending row review,status_crosswalk_required,see source evaluation and action register; do not infer completeness,Paper 7 conditional,Stage and spatial extensions,TCS-1.0 interface contract; local producer/consumer fields required before theorem transfer,requires_row_level_verification,Inventory-complete intake row; no status promotion.
CC-A023-011,A023,Explicit status table separating mean-field and local results,research_program/article_A023_spatial/formal_content_inventory.md,inventory_item,stage_spatial_extension,"state, model, mapping, theorem record",EXACT_SPECIALIZATION,proposed_not_yet_interface_proved,retain exact source assumptions; model-class extraction pending row review,status_crosswalk_required,see source evaluation and action register; do not infer completeness,Paper 7 conditional,Stage and spatial extensions,TCS-1.0 interface contract; local producer/consumer fields required before theorem transfer,requires_row_level_verification,Inventory-complete intake row; no status promotion.
CC-A024-001,A024,Model hitting time versus empirical proxy distinction,research_program/article_A024_first_passage/formal_content_inventory.md,inventory_item,observation_governance_empirics,"observation, assessment, policy, implementation, evidence",EXACT_SPECIALIZATION,accepted_mapping,retain exact source assumptions; model-class extraction pending row review,defined_source_object,see source evaluation and action register; do not infer completeness,Paper 5,"Observation, governance, and identification",TCS-1.0 interface contract; local producer/consumer fields required before theorem transfer,row_verified,"Row-closed 2026-08-28 (A024 scientific pass; source read in full): scoping distinction verified in source §1 (two objects, not one: the model hitting time T^dep = inf{t > 0 : A(t) <= epsilon A(0)} lives on trajectories of the mass-conserved ledger or a named reduced system and is NOT computed in the empirical tables; the instantaneous diagnostics H^act and H^act,net measure support use and decline and are not identified with empirical regression statistics; the constructed proxies H^win_GW, H_F, and R/P are the public-data objects); module observation_governance_empirics confirmed; mapping EXACT_SPECIALIZATION confirmed. Evidence status now defined_source_object. Content-level acceptance only: the TCS-1.0 §7 mapping type and the exact source assumptions are verified; the §8 interface contract for cross-module theorem transfer and all theorem statuses remain unchanged. Citation anchor locked at the source section named above; the paper-time citation match rides the Part III paper-support discipline. evidence kind-corrected to defined_source_object (a scoping distinction, not an empirical record); the distinction instantiates the canonical proxy-vs-model discipline exactly; destination Paper 5 confirmed (the observation/identification discipline)"
CC-A024-002,A024,Brownian observed-drift surrogate,research_program/article_A024_first_passage/formal_content_inventory.md,inventory_item,ledger_diagnostics,theorem record pending classification,EXACT_SPECIALIZATION,accepted_mapping,retain exact source assumptions; model-class extraction pending row review,defined_source_object,see source evaluation and action register; do not infer completeness,Paper 3,Material ledgers and diagnostics,TCS-1.0 interface contract; local producer/consumer fields required before theorem transfer,row_verified,"Row-closed 2026-08-28 (A024 scientific pass; source read in full): definition verified in source §2 (Definition 1: the observed-drift Brownian surrogate A(t) = A_0 + mu t + sigma W_t stopped at first reaching the record-relative barrier A^win_min — ""a statistical surrogate for the empirical trend extrapolation. It is not a hydrological constitutive law, is not mass-conserving, and is not a perturbation or stochastic completion of Paper I's active-pool equation or Paper II's finite-donor primitive system""); module ledger_diagnostics classified (intake: unclassified_canonical_review); mapping EXACT_SPECIALIZATION classified (intake: UNRESOLVED). Evidence status now defined_source_object. Content-level acceptance only: the TCS-1.0 §7 mapping type and the exact source assumptions are verified; the §8 interface contract for cross-module theorem transfer and all theorem statuses remain unchanged. Citation anchor locked at the source section named above; the paper-time citation match rides the Part III paper-support discipline. module classified ledger_diagnostics (the depletion-proxy diagnostic family); destination Paper 3 confirmed; the non-completion non-claim recorded verbatim"
CC-A024-003,A024,Inverse-Gaussian groundwater first-passage theorem,research_program/article_A024_first_passage/formal_content_inventory.md,inventory_item,ledger_diagnostics,"ledger, services, admissible set, theorem record",EXACT_SPECIALIZATION,accepted_mapping,retain exact source assumptions; model-class extraction pending row review,proof_inventory_present_line_check_required,see source evaluation and action register; do not infer completeness,Paper 3,Material ledgers and diagnostics,TCS-1.0 interface contract; local producer/consumer fields required before theorem transfer,row_verified,"Row-closed 2026-08-28 (A024 scientific pass; source read in full): theorem + proof verified in source §2 (Theorem 1: the inverse-Gaussian groundwater first passage — T_GW ~ IG(nu, lambda) with nu = d/|mu| and lambda = d^2/sigma^2 conditional on treating mu and the barrier as fixed; E[T_GW] = nu = H^win_GW and Var = d sigma^2/|mu|^3; the standard Brownian-drift first-passage result with the substitution); module ledger_diagnostics confirmed; mapping EXACT_SPECIALIZATION confirmed. Evidence status now proof_inventory_present_line_check_required. Content-level acceptance only: the TCS-1.0 §7 mapping type and the exact source assumptions are verified; the §8 interface contract for cross-module theorem transfer and all theorem statuses remain unchanged. Citation anchor locked at the source section named above; the paper-time citation match rides the Part III paper-support discipline. evidence kind-corrected to proof_inventory_present_line_check_required (a theorem with its proof on the line; the source-specific empirical status belongs to the surrogate application, which rides -005 and the Paper 3 seam with CC-A013-010)"
CC-A024-004,A024,"Mean, variance, zero-noise, and median results",research_program/article_A024_first_passage/formal_content_inventory.md,inventory_item,ledger_diagnostics,theorem record pending classification,EXACT_SPECIALIZATION,accepted_mapping,retain exact source assumptions; model-class extraction pending row review,proof_inventory_present_line_check_required,see source evaluation and action register; do not infer completeness,Paper 3,Material ledgers and diagnostics,TCS-1.0 interface contract; local producer/consumer fields required before theorem transfer,row_verified,"Row-closed 2026-08-28 (A024 scientific pass; source read in full): corollary + proofs verified in source §2 (Corollary 1: as sigma -> 0+ the passage time converges to H^win_GW in probability and the deterministic trajectory reaches the barrier exactly there; for every finite sigma > 0 the inverse-Gaussian median m < nu via F_T(nu) = 1/2 + e^{2 lambda/nu} Phi(-2 sqrt(lambda/nu)) > 1/2; the variance scales as sigma^2 and the quantile widths as sigma); module ledger_diagnostics classified (intake: unclassified_canonical_review); mapping EXACT_SPECIALIZATION classified (intake: UNRESOLVED). Evidence status now proof_inventory_present_line_check_required. Content-level acceptance only: the TCS-1.0 §7 mapping type and the exact source assumptions are verified; the §8 interface contract for cross-module theorem transfer and all theorem statuses remain unchanged. Citation anchor locked at the source section named above; the paper-time citation match rides the Part III paper-support discipline. module classified ledger_diagnostics; the source's own reading preserved: conditional distributional statements about the surrogate, not corrections to the tabled years and not evidence of faster physical water-mass depletion"
CC-A024-005,A024,Record-relative barrier and boundary-degenerate case,research_program/article_A024_first_passage/formal_content_inventory.md,inventory_item,ledger_diagnostics,theorem record pending classification,COUNTEREXAMPLE_OR_LIMIT,accepted_mapping,retain exact source assumptions; model-class extraction pending row review,proof_inventory_present_line_check_required,see source evaluation and action register; do not infer completeness,Paper 3,Material ledgers and diagnostics,TCS-1.0 interface contract; local producer/consumer fields required before theorem transfer,row_verified,"Row-closed 2026-08-28 (A024 scientific pass; source read in full): barrier discipline verified in source §3 (the barrier A^win_min is selected from the same finite observation window used to estimate mu-hat — a path-dependent, record-relative threshold, not an independently identified hydrological failure floor; future passage below it is a record-breaking stress event under the surrogate; the already-at-minimum case gives T_GW = 0 deterministically for every sigma with IG(0,0) a degenerate boundary limit, not an ordinary inverse Gaussian; an independent physical threshold A# < A^win_min gives the longer conditional mean (A_0 - A#)/|mu| within the surrogate — not a general lower-bound theorem for the physical ledger); module ledger_diagnostics classified (intake: unclassified_canonical_review); mapping COUNTEREXAMPLE_OR_LIMIT classified (intake: UNRESOLVED). Evidence status now proof_inventory_present_line_check_required. Content-level acceptance only: the TCS-1.0 §7 mapping type and the exact source assumptions are verified; the §8 interface contract for cross-module theorem transfer and all theorem statuses remain unchanged. Citation anchor locked at the source section named above; the paper-time citation match rides the Part III paper-support discipline. module classified ledger_diagnostics; mapping classified COUNTEREXAMPLE_OR_LIMIT (the item's load-bearing content is the interpretation boundary — the CC-A013-012 precedent: boundary content, not a positive instantiation); the zero-cells discipline recorded (zero relative to the selected observational barrier, not zero physical uncertainty or confirmed collapse)"
CC-A024-006,A024,Geometric-Brownian fisheries first-passage theorem,research_program/article_A024_first_passage/formal_content_inventory.md,inventory_item,ledger_diagnostics,"ledger, services, admissible set, theorem record",EXACT_SPECIALIZATION,accepted_mapping,retain exact source assumptions; model-class extraction pending row review,proof_inventory_present_line_check_required,see source evaluation and action register; do not infer completeness,Paper 3,Material ledgers and diagnostics,TCS-1.0 interface contract; local producer/consumer fields required before theorem transfer,row_verified,"Row-closed 2026-08-28 (A024 scientific pass; source read in full): theorem + proof verified in source §5 (Theorem 2: the geometric-Brownian fisheries correction — dB = -hB dt + sigma B dW under Ito gives T_fish ~ IG(nu_F, lambda_F) with nu_F = log(B_0/B_min)/(h + sigma^2/2) and lambda_F = log(B_0/B_min)^2/sigma^2 by Ito's lemma on log B; the finite-noise mean is strictly shorter than the deterministic horizon; as sigma -> 0+ it converges to the pure-decay horizon at h = F, B_min = B_lim); module ledger_diagnostics confirmed; mapping EXACT_SPECIALIZATION confirmed. Evidence status now proof_inventory_present_line_check_required. Content-level acceptance only: the TCS-1.0 §7 mapping type and the exact source assumptions are verified; the §8 interface contract for cross-module theorem transfer and all theorem statuses remain unchanged. Citation anchor locked at the source section named above; the paper-time citation match rides the Part III paper-support discipline. the Ito-lemma proof on the line; the source's own reading preserved: a property of the chosen surrogate parameterization, NOT a universal claim that environmental variability accelerates physical biomass loss; the fisheries proxy joins CC-A013-012 (the same pure-decay construction's classification) and the A014 cod case at the Paper 3/Paper 5 seam"
CC-A024-007,A024,Constant-production phosphate passage time,research_program/article_A024_first_passage/formal_content_inventory.md,inventory_item,ledger_diagnostics,"ledger, services, admissible set, theorem record",EXACT_SPECIALIZATION,accepted_mapping,retain exact source assumptions; model-class extraction pending row review,source_specific_empirical_status_check_required,see source evaluation and action register; do not infer completeness,Paper 3,Material ledgers and diagnostics,TCS-1.0 interface contract; local producer/consumer fields required before theorem transfer,row_verified,"Row-closed 2026-08-28 (A024 scientific pass; source read in full): application record verified in source §6 (the constant-production phosphate passage time T_phos = (R_0 - R_min)/P with the reserve-life ratio the R_min = 0 special case and a threshold fraction epsilon R_0 giving (1-epsilon) R_0/P; ""a conditional reserve-classification proxy under constant production... not a forecast of geological exhaustion without an explicit resource and production model""); module ledger_diagnostics confirmed; mapping EXACT_SPECIALIZATION confirmed. Evidence status now source_specific_empirical_status_check_required. Content-level acceptance only: the TCS-1.0 §7 mapping type and the exact source assumptions are verified; the §8 interface contract for cross-module theorem transfer and all theorem statuses remain unchanged. Citation anchor locked at the source section named above; the paper-time citation match rides the Part III paper-support discipline. evidence status consistent with CC-A013-011 (the same phosphate content's source-specific empirical status); no stochastic phosphate extension is needed for the interpretation in Paper I — the source's own scope note; cite together at the Paper 3 seam"
CC-A024-008,A024,Parameter/barrier/observation uncertainty cautions,research_program/article_A024_first_passage/formal_content_inventory.md,inventory_item,observation_governance_empirics,"observation, assessment, policy, implementation, evidence",COUNTEREXAMPLE_OR_LIMIT,accepted_mapping,retain exact source assumptions; model-class extraction pending row review,conditional_or_open,see source evaluation and action register; do not infer completeness,Paper 5,"Observation, governance, and identification",TCS-1.0 interface contract; local producer/consumer fields required before theorem transfer,row_verified,"Row-closed 2026-08-28 (A024 scientific pass; source read in full): uncertainty cautions verified in source §6 (the inverse-Gaussian results condition on the drift, barrier, and noise scale; mu-hat is estimated from a finite, potentially autocorrelated record and the barrier selected from the same record; measurement error, serial dependence, seasonal forcing, spatial aggregation, trend breaks, and common climatic drivers are separate uncertainties; integrating out uncertainty in mu, the barrier, or sigma gives a predictive distribution that is generally a MIXTURE rather than a single inverse-Gaussian law; a residual scale from the same window would not identify process noise; ""No calibrated predictive distribution is claimed here""); module observation_governance_empirics confirmed; mapping COUNTEREXAMPLE_OR_LIMIT corrected (intake: EXACT_SPECIALIZATION). Evidence status now conditional_or_open. Content-level acceptance only: the TCS-1.0 §7 mapping type and the exact source assumptions are verified; the §8 interface contract for cross-module theorem transfer and all theorem statuses remain unchanged. Citation anchor locked at the source section named above; the paper-time citation match rides the Part III paper-support discipline. mapping corrected EXACT_SPECIALIZATION → COUNTEREXAMPLE_OR_LIMIT (intake: EXACT_SPECIALIZATION): pure boundary content — the cautions delimit what the distributional statements do NOT provide (the A011 precedent distinguishes records WITH attached restrictions, which stay EXACT, from boundary-only items); destination Paper 5 confirmed (the observation/uncertainty discipline)"
CC-A024-009,A024,Explicit non-claims relative to the physical ledger,research_program/article_A024_first_passage/formal_content_inventory.md,inventory_item,ledger_diagnostics,"ledger, services, admissible set, theorem record",COUNTEREXAMPLE_OR_LIMIT,accepted_mapping,retain exact source assumptions; model-class extraction pending row review,defined_source_object,see source evaluation and action register; do not infer completeness,Paper 3,Material ledgers and diagnostics,TCS-1.0 interface contract; local producer/consumer fields required before theorem transfer,row_verified,Row-closed 2026-08-28 (A024 scientific pass; source read in full): explicit non-claim list verified in source §7 (all seven: the Brownian and geometric-Brownian processes are not stochastic completions of the ledger and do not conserve its mass compartments; no theorem relates mu-hat to -dot A of the companion cores or to the finite-donor primitive system or the three-state delay equation; T^dep is not shown inverse Gaussian; the historical groundwater minimum is not an independently identified physical failure barrier; a shorter surrogate median or Ito mean is not evidence of faster physical depletion; the gross active-pool horizon and its productivity-illusion interpretation are not first-passage results treated here; the fisheries calculation is not a stage-structured fisheries model and the phosphate calculation is not a geological-reserve model); module ledger_diagnostics confirmed; mapping COUNTEREXAMPLE_OR_LIMIT corrected (intake: EXACT_SPECIALIZATION). Evidence status now defined_source_object. Content-level acceptance only: the TCS-1.0 §7 mapping type and the exact source assumptions are verified; the §8 interface contract for cross-module theorem transfer and all theorem statuses remain unchanged. Citation anchor locked at the source section named above; the paper-time citation match rides the Part III paper-support discipline. mapping corrected EXACT_SPECIALIZATION → COUNTEREXAMPLE_OR_LIMIT (intake: EXACT_SPECIALIZATION): the source's own §7 boundary list — boundary content per the closure report's classification principle; the non-claims are the paper's exemplary status discipline and ride Paper 3 with the first-passage semantics
CC-A025-001,A025,Exact algebra inherited from A018; derivative identity cross-checked,research_program/article_A025_validation_status/formal_content_inventory.md,inventory_item,nonlinear_dynamics,theorem record pending classification,EXACT_SPECIALIZATION,accepted_mapping,retain exact source assumptions; model-class extraction pending row review,proof_inventory_present_line_check_required,see source evaluation and action register; do not infer completeness,Paper 4 appendix or compendium,Conditional docket,TCS-1.0 interface contract; local producer/consumer fields required before theorem transfer,row_verified,"Row-closed 2026-08-28 (A025 scientific pass; source read in full): exact algebra verified in source §1 (the explicit inner-three-state Hopf cubic H(x) = (x + A_N^2)(x + d^2)(x + C_E^2) - C_Z^2 [B_E^2 x + (A_E B_N - A_N B_E)^2], reduced at the interior equilibrium by the filter identity A_E B_N - A_N B_E = 0 to H(x) = (x + A_N^2)(x + d^2)(x + C_E^2) - C_Z^2 B_E^2 x — algebra inherited from A018's loop-gain identity family with the derivative identity cross-checked); module nonlinear_dynamics classified (intake: unclassified_canonical_review); mapping EXACT_SPECIALIZATION classified (intake: UNRESOLVED). Evidence status now proof_inventory_present_line_check_required. Content-level acceptance only: the TCS-1.0 §7 mapping type and the exact source assumptions are verified; the §8 interface contract for cross-module theorem transfer and all theorem statuses remain unchanged. Citation anchor locked at the source section named above; the paper-time citation match rides the Part III paper-support discipline. module classified nonlinear_dynamics; destination Paper 4 appendix or compendium confirmed; the phase relation discipline recorded (the delay is the interval evaluation of the phase formula at a certified positive root of H, not a root of the argument formula)"
CC-A025-002,A025,Accepted as externally verified interval certificates at exact source-stated I-3S scope; publication pipeline archive pending,research_program/article_A025_validation_status/formal_content_inventory.md,inventory_item,nonlinear_dynamics,theorem record pending classification,EXACT_SPECIALIZATION,accepted_mapping,retain exact source assumptions; model-class extraction pending row review,source_status_accepted_artifact_pending,see source evaluation and action register; do not infer completeness,Paper 4 appendix or compendium,Conditional docket,TCS-1.0 interface contract; local producer/consumer fields required before theorem transfer,row_verified,"Row-closed 2026-08-28 (A025 scientific pass; source read in full): interval certificate record verified in source §1 (Numerical result 1: interval Newton applied to the interval-enclosed coefficient representation certifies simple positive roots in x = omega^2, and branch-safe interval evaluation of the phase relation gives tau_- in [3.6661490142739, 3.6661490142743] and tau_+ in [150.3584773101408, 150.3584773101421] for gated Candidate A, upper-interval width of order 1e-12 yr); module nonlinear_dynamics classified (intake: unclassified_canonical_review); mapping EXACT_SPECIALIZATION classified (intake: UNRESOLVED). Evidence status now source_status_accepted_artifact_pending. Content-level acceptance only: the TCS-1.0 §7 mapping type and the exact source assumptions are verified; the §8 interface contract for cross-module theorem transfer and all theorem statuses remain unchanged. Citation anchor locked at the source section named above; the paper-time citation match rides the Part III paper-support discipline. evidence kind-corrected to source_status_accepted_artifact_pending: the source's own condition (the claim is ""conditional on that pipeline being supplied or independently verified"") is DISCHARGED AT THE REPOSITORY LEVEL — validated_computations/a025_interval_hop.py implements the outward-rounded coefficient/equilibrium/phase pipeline (nextafter float64 outward rounding, mpmath-iv transcendentals, branch-safe interval atan2, simple-root and transversality sign checks) and reproduces the displayed intervals exactly, byte-identical on rerun; the publication-archive obligation remains open; the A018 corrected article records the same independent reproduction"
CC-A025-003,A025,Correctly dimensioned,research_program/article_A025_validation_status/formal_content_inventory.md,inventory_item,nonlinear_dynamics,theorem record pending classification,EXACT_SPECIALIZATION,accepted_mapping,retain exact source assumptions; model-class extraction pending row review,defined_source_object,see source evaluation and action register; do not infer completeness,Paper 4 appendix or compendium,Conditional docket,TCS-1.0 interface contract; local producer/consumer fields required before theorem transfer,row_verified,"Row-closed 2026-08-28 (A025 scientific pass; source read in full): formulation definition verified in source §2 (the 193-dimensional phase-fixed collocation map F: R^192 x R -> R^193 with the phase equation among the 193 equations — the integral phase condition or the first-sine-coefficient convention; ""the phase equation is part of F and removes the time-translation degeneracy""; the schematic discretized map with the spectral time-derivative and delay operators); module nonlinear_dynamics classified (intake: unclassified_canonical_review); mapping EXACT_SPECIALIZATION classified (intake: UNRESOLVED). Evidence status now defined_source_object. Content-level acceptance only: the TCS-1.0 §7 mapping type and the exact source assumptions are verified; the §8 interface contract for cross-module theorem transfer and all theorem statuses remain unchanged. Citation anchor locked at the source section named above; the paper-time citation match rides the Part III paper-support discipline. module classified nonlinear_dynamics; correctly dimensioned per the evaluation record's verified structure (192 orbit coordinates plus period, 193 equations with the phase condition); the evaluation record's correction 1 recorded (state the exact first-sine phase value and verify transversality to time translation)"
CC-A025-004,A025,High-accuracy numerical result for finite map,research_program/article_A025_validation_status/formal_content_inventory.md,inventory_item,nonlinear_dynamics,theorem record pending classification,EXACT_SPECIALIZATION,accepted_mapping,retain exact source assumptions; model-class extraction pending row review,source_status_accepted_artifact_pending,see source evaluation and action register; do not infer completeness,Paper 4 appendix or compendium,Conditional docket,TCS-1.0 interface contract; local producer/consumer fields required before theorem transfer,row_verified,"Row-closed 2026-08-28 (A025 scientific pass; source read in full): numerical continuation record verified in source §2 (Numerical result 2: the Newton-LM solver initialized from the Hopf normal-form predictor at tau = tau_- + 0.05 and continued with the sqrt(tau - tau_-) predictor finds one approximate periodic-orbit solution at each sampled tau in [3.716, 5.58667] with discretized residual ||F||_2 <= 6e-14; peak-to-peak amplitude of N from 1.10 to 21.80 and period from 250.0 to 313.76 yr; the solver fails at tau = 5.590 under the stated LM budget with residual 2.8e-6 — ""a solver-success/failure bracket, not a nonexistence result""); module nonlinear_dynamics classified (intake: unclassified_canonical_review); mapping EXACT_SPECIALIZATION classified (intake: UNRESOLVED). Evidence status now source_status_accepted_artifact_pending. Content-level acceptance only: the TCS-1.0 §7 mapping type and the exact source assumptions are verified; the §8 interface contract for cross-module theorem transfer and all theorem statuses remain unchanged. Citation anchor locked at the source section named above; the paper-time citation match rides the Part III paper-support discipline. module classified nonlinear_dynamics; high-accuracy finite-map result — the repository's rebuilt fold pipeline (m=64/96/128, all resolutions inside the lost certificate interval) is the same evidentiary class and is rerun hash-identical; no continuous-DDE truncation bound is implied by the residual"
CC-A025-005,A025,"Numerical diagnostic, not continuous-DDE error bound",research_program/article_A025_validation_status/formal_content_inventory.md,inventory_item,nonlinear_dynamics,theorem record pending classification,EXACT_SPECIALIZATION,accepted_mapping,retain exact source assumptions; model-class extraction pending row review,source_status_accepted_artifact_pending,see source evaluation and action register; do not infer completeness,Paper 4 appendix or compendium,Conditional docket,TCS-1.0 interface contract; local producer/consumer fields required before theorem transfer,row_verified,"Row-closed 2026-08-28 (A025 scientific pass; source read in full): numerical diagnostic record verified in source §2 (Numerical result 3: at tau = 5.586666666666667 the computed collocation orbit satisfies ||F||_2 = 5.43e-14, ||J^{-1}F||_2 = 5.69e-12, with sigma_min(J) = 4.54e-7 and cond_2(J) = 1.25e7; the effort gate and filter floor inactive — E = 7.93 << E_max and N >= 72.2); module nonlinear_dynamics classified (intake: unclassified_canonical_review); mapping EXACT_SPECIALIZATION classified (intake: UNRESOLVED). Evidence status now source_status_accepted_artifact_pending. Content-level acceptance only: the TCS-1.0 §7 mapping type and the exact source assumptions are verified; the §8 interface contract for cross-module theorem transfer and all theorem statuses remain unchanged. Citation anchor locked at the source section named above; the paper-time citation match rides the Part III paper-support discipline. module classified nonlinear_dynamics; the scope preserved verbatim (""||J^{-1}F||_2 is the norm of a linearized Newton correction for the finite-dimensional collocation map; it is not a rigorous error bound for the continuous DDE or for the fold location""); the non-uniqueness caveat recorded (the data do not establish uniqueness of the collocation zero at each tau, and solver failure at 5.590 does not exclude another zero or family there)"
CC-A025-006,A025,"Supporting external/source evidence, not enclosed here",research_program/article_A025_validation_status/formal_content_inventory.md,inventory_item,nonlinear_dynamics,theorem record pending classification,EXACT_SPECIALIZATION,accepted_mapping,retain exact source assumptions; model-class extraction pending row review,conditional_or_open,see source evaluation and action register; do not infer completeness,Paper 4 appendix or compendium,Conditional docket,TCS-1.0 interface contract; local producer/consumer fields required before theorem transfer,row_verified,"Row-closed 2026-08-28 (A025 scientific pass; source read in full): supporting evidence record verified in source §2 (the independent shooting/Floquet calculations of the companion paper: a real nontrivial multiplier changing from approximately 1.0514 at tau = 5.584 to 0.99898 at tau = 5.587 on the corresponding small branch — consistent with a candidate simple turning point; ""It is not an interval certificate, and the present note does not independently recompute or enclose those multipliers""; the parameter-mismatch caution: 5.58667 vs the fold-quoted 5.587 are not the same parameter); module nonlinear_dynamics classified (intake: unclassified_canonical_review); mapping EXACT_SPECIALIZATION classified (intake: UNRESOLVED). Evidence status now conditional_or_open. Content-level acceptance only: the TCS-1.0 §7 mapping type and the exact source assumptions are verified; the §8 interface contract for cross-module theorem transfer and all theorem statuses remain unchanged. Citation anchor locked at the source section named above; the paper-time citation match rides the Part III paper-support discipline. module classified nonlinear_dynamics; NOT ENCLOSED HERE status retained — supporting external/source evidence only; cite together with the companion A018 four-state Floquet rows at the Paper 4 seam"
CC-A025-007,A025,Correct formulation/protocol,research_program/article_A025_validation_status/formal_content_inventory.md,inventory_item,nonlinear_dynamics,theorem record pending classification,EXACT_SPECIALIZATION,accepted_mapping,retain exact source assumptions; model-class extraction pending row review,defined_source_object,see source evaluation and action register; do not infer completeness,Paper 4 appendix or compendium,Conditional docket,TCS-1.0 interface contract; local producer/consumer fields required before theorem transfer,row_verified,"Row-closed 2026-08-28 (A025 scientific pass; source read in full): formulation/protocol definition verified in source §3 (the 387-dimensional Moore-Spence system M(Y, T, tau, v) = (F, J v, l^T v - 1) = 0 — 387 unknowns and equations after adding the 193-vector nullvector and the delay; the nondegeneracy conditions w^T F_tau not containing 0 and w^T D^2 F[v,v] not containing 0 with the phase condition regular; the pseudo-arclength alternative that ""does not by itself certify fold nondegeneracy""); module nonlinear_dynamics classified (intake: unclassified_canonical_review); mapping EXACT_SPECIALIZATION classified (intake: UNRESOLVED). Evidence status now defined_source_object. Content-level acceptance only: the TCS-1.0 §7 mapping type and the exact source assumptions are verified; the §8 interface contract for cross-module theorem transfer and all theorem statuses remain unchanged. Citation anchor locked at the source section named above; the paper-time citation match rides the Part III paper-support discipline. module classified nonlinear_dynamics; correct formulation/protocol per the evaluation record's verified structure (the Moore-Spence count is 387 after adding the 193-vector nullvector and delay); the protocol is the certification standard the fold-certificate gap rows are measured against"
CC-A025-008,A025,Not obtained,research_program/article_A025_validation_status/formal_content_inventory.md,inventory_item,nonlinear_dynamics,theorem record pending classification,COUNTEREXAMPLE_OR_LIMIT,accepted_mapping,retain exact source assumptions; model-class extraction pending row review,conditional_or_open,see source evaluation and action register; do not infer completeness,Paper 4 appendix or compendium,Conditional docket,TCS-1.0 interface contract; local producer/consumer fields required before theorem transfer,row_verified,"Row-closed 2026-08-28 (A025 scientific pass; source read in full): fold-certificate gap component verified in source §3 (the converged Moore-Spence zero: NOT OBTAINED — ""The present paper does not construct [the Moore-Spence system] or an interval enclosure of [the nondegeneracy conditions]""; the preliminary fixed-tau Krawczyk construction based on an inverse of J does not provide a contracting free-tau enclosure near the ill-conditioned turning region — ""a limitation of that formulation, not an exclusion of the fold""); module nonlinear_dynamics classified (intake: unclassified_canonical_review); mapping COUNTEREXAMPLE_OR_LIMIT classified (intake: UNRESOLVED). Evidence status now conditional_or_open. Content-level acceptance only: the TCS-1.0 §7 mapping type and the exact source assumptions are verified; the §8 interface contract for cross-module theorem transfer and all theorem statuses remain unchanged. Citation anchor locked at the source section named above; the paper-time citation match rides the Part III paper-support discipline. module classified nonlinear_dynamics; mapping classified COUNTEREXAMPLE_OR_LIMIT (boundary content: what is not certified); NOT OBTAINED status retained — no promotion; the repository's nominal fold rebuild does not alter this status (three resolutions inside the lost certificate interval, no certificate)"
CC-A025-009,A025,Not started/completed,research_program/article_A025_validation_status/formal_content_inventory.md,inventory_item,nonlinear_dynamics,theorem record pending classification,COUNTEREXAMPLE_OR_LIMIT,accepted_mapping,retain exact source assumptions; model-class extraction pending row review,conditional_or_open,see source evaluation and action register; do not infer completeness,Paper 4 appendix or compendium,Conditional docket,TCS-1.0 interface contract; local producer/consumer fields required before theorem transfer,row_verified,"Row-closed 2026-08-28 (A025 scientific pass; source read in full): fold-certificate gap component verified in source §3 (the discrete Krawczyk inclusion: NOT STARTED/COMPLETED — ""A validated Krawczyk or interval-Newton inclusion for [the Moore-Spence system] would establish a unique fold of the m=64 collocation equations inside the resulting box""; not constructed); module nonlinear_dynamics classified (intake: unclassified_canonical_review); mapping COUNTEREXAMPLE_OR_LIMIT classified (intake: UNRESOLVED). Evidence status now conditional_or_open. Content-level acceptance only: the TCS-1.0 §7 mapping type and the exact source assumptions are verified; the §8 interface contract for cross-module theorem transfer and all theorem statuses remain unchanged. Citation anchor locked at the source section named above; the paper-time citation match rides the Part III paper-support discipline. module classified nonlinear_dynamics; NOT STARTED/COMPLETED status retained; the repository's post-v1.0 fold work records the same gap (""the interval Krawczyk stage remains unimplemented"") — the two records agree"
CC-A025-010,A025,Not completed,research_program/article_A025_validation_status/formal_content_inventory.md,inventory_item,nonlinear_dynamics,theorem record pending classification,COUNTEREXAMPLE_OR_LIMIT,accepted_mapping,retain exact source assumptions; model-class extraction pending row review,conditional_or_open,see source evaluation and action register; do not infer completeness,Paper 4 appendix or compendium,Conditional docket,TCS-1.0 interface contract; local producer/consumer fields required before theorem transfer,row_verified,"Row-closed 2026-08-28 (A025 scientific pass; source read in full): fold-certificate gap component verified in source §3 (the interval transversality and curvature conditions: NOT COMPLETED — the left-nullvector enclosure and the nondegeneracy conditions w^T F_tau and w^T D^2 F[v,v] not containing zero, with the phase condition regular); module nonlinear_dynamics classified (intake: unclassified_canonical_review); mapping COUNTEREXAMPLE_OR_LIMIT classified (intake: UNRESOLVED). Evidence status now conditional_or_open. Content-level acceptance only: the TCS-1.0 §7 mapping type and the exact source assumptions are verified; the §8 interface contract for cross-module theorem transfer and all theorem statuses remain unchanged. Citation anchor locked at the source section named above; the paper-time citation match rides the Part III paper-support discipline. module classified nonlinear_dynamics; NOT COMPLETED status retained"
CC-A025-011,A025,Not implemented,research_program/article_A025_validation_status/formal_content_inventory.md,inventory_item,nonlinear_dynamics,theorem record pending classification,COUNTEREXAMPLE_OR_LIMIT,accepted_mapping,retain exact source assumptions; model-class extraction pending row review,conditional_or_open,see source evaluation and action register; do not infer completeness,Paper 4 appendix or compendium,Conditional docket,TCS-1.0 interface contract; local producer/consumer fields required before theorem transfer,row_verified,"Row-closed 2026-08-28 (A025 scientific pass; source read in full): fold-certificate gap component verified in source §3 and §5 (the continuous-DDE bordered radii-polynomial lift: NOT IMPLEMENTED — ""A validated Moore-Spence or pseudo-arclength fold computation, followed by a Fourier-tail or function-space error bound, would be required to certify a fold of the continuous DDE""; the discrete/continuous separation is stated throughout); module nonlinear_dynamics classified (intake: unclassified_canonical_review); mapping COUNTEREXAMPLE_OR_LIMIT classified (intake: UNRESOLVED). Evidence status now conditional_or_open. Content-level acceptance only: the TCS-1.0 §7 mapping type and the exact source assumptions are verified; the §8 interface contract for cross-module theorem transfer and all theorem statuses remain unchanged. Citation anchor locked at the source section named above; the paper-time citation match rides the Part III paper-support discipline. module classified nonlinear_dynamics; NOT IMPLEMENTED status retained; the discrete collocation proof and the continuous-RFDE proof are correctly separated per the evaluation record's verified structure"
CC-A025-012,A025,"Inner gated three-state model only; no transfer to working four-state, finite-donor, stage, vector, or spatial models",research_program/article_A025_validation_status/formal_content_inventory.md,inventory_item,nonlinear_dynamics,"ledger, services, admissible set, theorem record",COUNTEREXAMPLE_OR_LIMIT,accepted_mapping,retain exact source assumptions; model-class extraction pending row review,defined_source_object,see source evaluation and action register; do not infer completeness,Paper 4 appendix or compendium,Material ledgers and diagnostics,TCS-1.0 interface contract; local producer/consumer fields required before theorem transfer,row_verified,"Row-closed 2026-08-28 (A025 scientific pass; source read in full): model-scope boundary statement verified in source §4 (all fold and branch statements concern the gated inner three-state DDE and its m=64 collocation discretization ONLY — no transfer to the turnover-corrected working four-state core, the finite-donor primitive system of Paper II, the vector Liebig system of Paper IV, the stage-structured fisheries models of Paper V, or the spatial DDE-PDE of Paper VI; the lower termination of the attracting large-cycle family and the upper-window periodic families are not analyzed here); module nonlinear_dynamics corrected (intake: ledger_diagnostics); mapping COUNTEREXAMPLE_OR_LIMIT corrected (intake: EXACT_SPECIALIZATION). Evidence status now defined_source_object. Content-level acceptance only: the TCS-1.0 §7 mapping type and the exact source assumptions are verified; the §8 interface contract for cross-module theorem transfer and all theorem statuses remain unchanged. Citation anchor locked at the source section named above; the paper-time citation match rides the Part III paper-support discipline. module corrected ledger_diagnostics → nonlinear_dynamics (the no-transfer scope statement rides the fold/branch results it delimits); mapping corrected EXACT_SPECIALIZATION → COUNTEREXAMPLE_OR_LIMIT (boundary content: the explicit no-transfer declaration); this is the A002 no-transfer rule instantiated at the named-dynamics level — cite at the Paper 4 seam with the A018 interface-contract discipline"
CC-A002-053,A002,Substitution as pathway feasibility | Remark,research_program/article_002_general_theory/formal_result_inventory.md,Remark,formal_foundations,theorem record pending classification,EXACT_SPECIALIZATION,accepted_mapping,retain exact source assumptions; model-class extraction pending row review,status_crosswalk_required,see source evaluation and action register; do not infer completeness,Paper 2,Formal viability and theorem atlas,TCS-1.0 interface contract; local producer/consumer fields required before theorem transfer,row_verified,"Row-closed 2026-08-27 (A002 scientific pass; source read in full): remark verified in source §4 (the substitution-section remark: Farkas multipliers are separation certificates, not universal exchange rates) — the 2026-08-26 machine-pass repair row restoring the second untitled Remark; module formal_foundations classified (intake: unclassified); mapping EXACT_SPECIALIZATION confirmed. Content-level acceptance only: the TCS-1.0 §7 mapping type and the exact source assumptions are verified; the §8 interface contract for cross-module theorem transfer and all theorem statuses remain unchanged. the restored collision twin of the conservation remark (CC-A002-009); its identity as the SUBSTITUTION remark (after the Farkas theorem in §4) verified in the source; module classified formal_foundations, riding the substitution-feasibility family"
CC-A025-013,A025,Fold certificate | Not obtained,research_program/article_A025_validation_status/formal_content_inventory.md,inventory_item,nonlinear_dynamics,theorem record pending classification,COUNTEREXAMPLE_OR_LIMIT,accepted_mapping,retain exact source assumptions; model-class extraction pending row review,conditional_or_open,see source evaluation and action register; do not infer completeness,Paper 4 appendix or compendium,Conditional docket,TCS-1.0 interface contract; local producer/consumer fields required before theorem transfer,row_verified,"Row-closed 2026-08-28 (A025 scientific pass; source read in full): fold-certificate headline status verified in source abstract, §3, and §6 (the fold certificate: NOT OBTAINED — ""A Moore-Spence or pseudo-arclength bordered validation of the fold is not constructed here""; ""these computations support---but do not interval-certify---a small-branch turning point near tau ~= 5.587""; ""The fold statement is therefore numerical evidence, not a validated fold theorem""); module nonlinear_dynamics classified (intake: unclassified_canonical_review); mapping COUNTEREXAMPLE_OR_LIMIT classified (intake: UNRESOLVED). Evidence status now conditional_or_open. Content-level acceptance only: the TCS-1.0 §7 mapping type and the exact source assumptions are verified; the §8 interface contract for cross-module theorem transfer and all theorem statuses remain unchanged. Citation anchor locked at the source section named above; the paper-time citation match rides the Part III paper-support discipline. module classified nonlinear_dynamics; mapping classified COUNTEREXAMPLE_OR_LIMIT (the headline non-certificate); NOT OBTAINED status retained — the entire fold-certificate gap family (-008 through -011 and this row) closes at exactly the source's and the repository's agreed status; the A018 closure's fold-language conformance (""no Moore-Spence/Krawczyk/nondegeneracy certificate or continuous-DDE fold proof is claimed"") cites this row's discipline"
