timestamp_utc,event,path,old_sha256,new_sha256,old_size,new_size,reason,related_action
2026-08-15T23:45:34.992210+00:00,baseline,general_theory_of_sustainability_manuscript.md,,736e90a073ee8ea34c5789093697b54d807d864b19ffdf6056da6e259d76a154,,77998,Establish file-level audit baseline after ingestion and evaluation of sources A001-A010 and audits AUDIT-001-AUDIT-006,D-GLOBAL-05
2026-08-15T23:45:34.992210+00:00,baseline,general_theory_of_sustainability_v0.1.md,,c531ff5f1aab2215cee77c7a03162f662b3a4e589e8376101ddfea59d31d404a,,50886,Establish file-level audit baseline after ingestion and evaluation of sources A001-A010 and audits AUDIT-001-AUDIT-006,D-GLOBAL-05
2026-08-15T23:45:34.992210+00:00,baseline,general_theory_of_sustainability_v0.2_comprehensive.md,,fa100d63a6bed88dc7728b0c6ca9ab4638ce90aabcf362fe6e88b3b6693d7cab,,82723,Establish file-level audit baseline after ingestion and evaluation of sources A001-A010 and audits AUDIT-001-AUDIT-006,D-GLOBAL-05
2026-08-15T23:45:34.992210+00:00,baseline,joint_architectural_audit_evaluation.md,,2550e4002b3979e5223c8ebed4e091bbe6ca3828a59fa06a179d5bc1ebde0fe0,,14601,Establish file-level audit baseline after ingestion and evaluation of sources A001-A010 and audits AUDIT-001-AUDIT-006,D-GLOBAL-05
2026-08-15T23:45:34.992210+00:00,baseline,overall_revision_plan.md,,35912aafa0ec5131335387ba935bbb7f3f47b6eb26fdc3f59a0f21ffa43648d5,,21376,Establish file-level audit baseline after ingestion and evaluation of sources A001-A010 and audits AUDIT-001-AUDIT-006,D-GLOBAL-05
2026-08-15T23:45:34.992210+00:00,baseline,parallel_audits_evaluation.md,,5b274e97936efbff3e2e8f8d1a0ccb44714ed1a204b6cf1368e751028418058e,,22263,Establish file-level audit baseline after ingestion and evaluation of sources A001-A010 and audits AUDIT-001-AUDIT-006,D-GLOBAL-05
2026-08-15T23:45:34.992210+00:00,baseline,research_program/action_register.csv,,7563007b4738f85595d5ecc8f4b03fc64f9da33c0f878ae6763ff281b9273056,,56102,Establish file-level audit baseline after ingestion and evaluation of sources A001-A010 and audits AUDIT-001-AUDIT-006,D-GLOBAL-05
2026-08-15T23:45:34.992210+00:00,baseline,research_program/action_register.md,,ad92deed6d3cb6f88ddf6adfe884c067b33f5b9cd3262e8de02f0aeb537dbc13,,77364,Establish file-level audit baseline after ingestion and evaluation of sources A001-A010 and audits AUDIT-001-AUDIT-006,D-GLOBAL-05
2026-08-15T23:45:34.992210+00:00,baseline,research_program/article_001_topdown/formal_result_inventory.md,,005c090d114009f6043a04b7ae382121e8f403304b842922c1f714a2be9d11ca,,26078,Establish file-level audit baseline after ingestion and evaluation of sources A001-A010 and audits AUDIT-001-AUDIT-006,D-GLOBAL-05
2026-08-15T23:45:34.992210+00:00,baseline,research_program/article_001_topdown/integration_record.md,,5f6a4012da0575f9404316fdae1e6e197ca8b0d90d63206dc08800afdddcf651,,21484,Establish file-level audit baseline after ingestion and evaluation of sources A001-A010 and audits AUDIT-001-AUDIT-006,D-GLOBAL-05
2026-08-15T23:45:34.992210+00:00,baseline,research_program/article_001_topdown/notation_bridge.md,,c26e636076145334c13a4799afb953909cf63a40ea0d365b6872f7f2aa3c3b41,,2816,Establish file-level audit baseline after ingestion and evaluation of sources A001-A010 and audits AUDIT-001-AUDIT-006,D-GLOBAL-05
2026-08-15T23:45:34.992210+00:00,baseline,research_program/article_002_general_theory/formal_result_inventory.md,,ecae588f61df7d7beb81ff0986ec45939691d1a9aa2f2b63e65315f165640249,,5226,Establish file-level audit baseline after ingestion and evaluation of sources A001-A010 and audits AUDIT-001-AUDIT-006,D-GLOBAL-05
2026-08-15T23:45:34.992210+00:00,baseline,research_program/article_002_general_theory/integration_record.md,,71315a6f4d1a630562c123d6715ebc7570046231b0621dcb7bdf7eadd2dc12d5,,23709,Establish file-level audit baseline after ingestion and evaluation of sources A001-A010 and audits AUDIT-001-AUDIT-006,D-GLOBAL-05
2026-08-15T23:45:34.992210+00:00,baseline,research_program/article_002_general_theory/notation_bridge.md,,a77d4391cd276e3c53205d80e4b7bdd452ae7c5d96afd82a5564f91d1c942489,,3358,Establish file-level audit baseline after ingestion and evaluation of sources A001-A010 and audits AUDIT-001-AUDIT-006,D-GLOBAL-05
2026-08-15T23:45:34.992210+00:00,baseline,research_program/article_003_institutional_feedback/evaluation_and_verification.md,,2d7634375f60e8335db6f3d146b2cd75408d933ab2f73b5f36a000ded843bf1c,,16329,Establish file-level audit baseline after ingestion and evaluation of sources A001-A010 and audits AUDIT-001-AUDIT-006,D-GLOBAL-05
2026-08-15T23:45:34.992210+00:00,baseline,research_program/article_003_institutional_feedback/formal_content_inventory.md,,95cc4850a540e61f9a46c541b8614feda5bd924e37eb38c339a0aa55f64487f7,,1841,Establish file-level audit baseline after ingestion and evaluation of sources A001-A010 and audits AUDIT-001-AUDIT-006,D-GLOBAL-05
2026-08-15T23:45:34.992210+00:00,baseline,research_program/article_004_phosphorus/evaluation_and_verification.md,,aa5cb4c7d13a70d646c9c12fe266e403bb11db6c56021562fdf4d1df7fb4f7bd,,15995,Establish file-level audit baseline after ingestion and evaluation of sources A001-A010 and audits AUDIT-001-AUDIT-006,D-GLOBAL-05
2026-08-15T23:45:34.992210+00:00,baseline,research_program/article_004_phosphorus/formal_content_inventory.md,,4458c460647d656194ceba4eea32f61934a1ada48e0140d70a9104bf43b90912,,1991,Establish file-level audit baseline after ingestion and evaluation of sources A001-A010 and audits AUDIT-001-AUDIT-006,D-GLOBAL-05
2026-08-15T23:45:34.992210+00:00,baseline,research_program/article_005_groundwater/evaluation_and_verification.md,,0a85e93d783618d2e19fa97f0c048861fd9f8395e19ec675707ac3b794f3a773,,14553,Establish file-level audit baseline after ingestion and evaluation of sources A001-A010 and audits AUDIT-001-AUDIT-006,D-GLOBAL-05
2026-08-15T23:45:34.992210+00:00,baseline,research_program/article_005_groundwater/formal_content_inventory.md,,2e4608cf3c56344dea6946eba3b0bdacf78e3ffbd5a145efc2b6839a273d7222,,2524,Establish file-level audit baseline after ingestion and evaluation of sources A001-A010 and audits AUDIT-001-AUDIT-006,D-GLOBAL-05
2026-08-15T23:45:34.992210+00:00,baseline,research_program/article_006_robust_epistemic/evaluation_and_verification.md,,0239382df9e5f86132a4689cd1ed7cb8248acdf4205edcfc7bd26beead9b6b99,,18196,Establish file-level audit baseline after ingestion and evaluation of sources A001-A010 and audits AUDIT-001-AUDIT-006,D-GLOBAL-05
2026-08-15T23:45:34.992210+00:00,baseline,research_program/article_006_robust_epistemic/formal_result_inventory.md,,d277c43c959ff03949e01a5cbb40bda08e906e70044ff5765b1cb99061739779,,2188,Establish file-level audit baseline after ingestion and evaluation of sources A001-A010 and audits AUDIT-001-AUDIT-006,D-GLOBAL-05
2026-08-15T23:45:34.992210+00:00,baseline,research_program/article_007_hybrid_architecture/evaluation_and_verification.md,,015a1d6b17df6459a254cb08b04f3b7539aac271681cb680e657237fcae4e358,,13475,Establish file-level audit baseline after ingestion and evaluation of sources A001-A010 and audits AUDIT-001-AUDIT-006,D-GLOBAL-05
2026-08-15T23:45:34.992210+00:00,baseline,research_program/article_007_hybrid_architecture/formal_content_inventory.md,,965093e21083a7e10cafed35802d6f446feb833632a5ff4c245e0679b5e2580e,,2584,Establish file-level audit baseline after ingestion and evaluation of sources A001-A010 and audits AUDIT-001-AUDIT-006,D-GLOBAL-05
2026-08-15T23:45:34.992210+00:00,baseline,research_program/article_008_institutional_solvency/evaluation_and_verification.md,,4f6af07e5dc18903c07628c586170787045440f9c2782cb1f9420af0cc8528b7,,14518,Establish file-level audit baseline after ingestion and evaluation of sources A001-A010 and audits AUDIT-001-AUDIT-006,D-GLOBAL-05
2026-08-15T23:45:34.992210+00:00,baseline,research_program/article_008_institutional_solvency/formal_content_inventory.md,,9c396af2d473246f084a9c97340b26a528ba760757f2d61ecf34ab67b9f70132,,1501,Establish file-level audit baseline after ingestion and evaluation of sources A001-A010 and audits AUDIT-001-AUDIT-006,D-GLOBAL-05
2026-08-15T23:45:34.992210+00:00,baseline,research_program/article_009_distributive_barrier/evaluation_and_verification.md,,e78c903fe764e72c57b469af22f82cd7f357592f7dd84b0da6d4472abde7f851,,14193,Establish file-level audit baseline after ingestion and evaluation of sources A001-A010 and audits AUDIT-001-AUDIT-006,D-GLOBAL-05
2026-08-15T23:45:34.992210+00:00,baseline,research_program/article_009_distributive_barrier/formal_content_inventory.md,,3c6efb41e8e9362bc0aaa05e8b0612872c683862f3d656a48f4347922d41dc7a,,2003,Establish file-level audit baseline after ingestion and evaluation of sources A001-A010 and audits AUDIT-001-AUDIT-006,D-GLOBAL-05
2026-08-15T23:45:34.992210+00:00,baseline,research_program/article_010_research_architecture_perspective/evaluation_and_verification.md,,0962a51fdfc9904a7d637c83bec6025198a2c89d34ea1a284d5af7d6e5f0263b,,14721,Establish file-level audit baseline after ingestion and evaluation of sources A001-A010 and audits AUDIT-001-AUDIT-006,D-GLOBAL-05
2026-08-15T23:45:34.992210+00:00,baseline,research_program/article_010_research_architecture_perspective/formal_result_inventory.md,,57e1785bef93e45c1619540a870845314aae5933892a48aa93ace21763d6952d,,1442,Establish file-level audit baseline after ingestion and evaluation of sources A001-A010 and audits AUDIT-001-AUDIT-006,D-GLOBAL-05
2026-08-15T23:45:34.992210+00:00,baseline,research_program/audits/AUDIT_001_critical_architecture.md,,07dea46c905104ed938f31eca8161c6f8ddbee2914f1689ae0750b5cc9974877,,3024,Establish file-level audit baseline after ingestion and evaluation of sources A001-A010 and audits AUDIT-001-AUDIT-006,D-GLOBAL-05
2026-08-15T23:45:34.992210+00:00,baseline,research_program/audits/AUDIT_002_internal_consistency.md,,c77a3dda26bd306305c7df1a63766b21d1c120ad454ed1d139d73bb56b83414d,,7646,Establish file-level audit baseline after ingestion and evaluation of sources A001-A010 and audits AUDIT-001-AUDIT-006,D-GLOBAL-05
2026-08-15T23:45:34.992210+00:00,baseline,research_program/audits/AUDIT_003_architectural_upgrades.md,,11f2b48257ca7e293f63ba1cbe5b5707e628d2c4ee9c45578f07372ab0ce5ccd,,1720,Establish file-level audit baseline after ingestion and evaluation of sources A001-A010 and audits AUDIT-001-AUDIT-006,D-GLOBAL-05
2026-08-15T23:45:34.992210+00:00,baseline,research_program/audits/AUDIT_004_single_spine.md,,ee62f56816c97e4999e7514686ea696ff20f9df3d487ab83c80407728f7df3ee,,4094,Establish file-level audit baseline after ingestion and evaluation of sources A001-A010 and audits AUDIT-001-AUDIT-006,D-GLOBAL-05
2026-08-15T23:45:34.992210+00:00,baseline,research_program/audits/AUDIT_005_early_draft_upgrade.md,,689b5285bc55a1080299ee2e951003c5eeadbe2e1b2f1ff7a09e7284102be948,,11193,Establish file-level audit baseline after ingestion and evaluation of sources A001-A010 and audits AUDIT-001-AUDIT-006,D-GLOBAL-05
2026-08-15T23:45:34.992210+00:00,baseline,research_program/audits/AUDIT_006_corrected_report.md,,c8c4b9ab34b5178072fb93e19552d105cbcaf8843093980c4e2d592f63d1341b,,17002,Establish file-level audit baseline after ingestion and evaluation of sources A001-A010 and audits AUDIT-001-AUDIT-006,D-GLOBAL-05
2026-08-15T23:45:34.992210+00:00,baseline,research_program/audits/INDEX.md,,2815d1d3953d10a4d7d3175dd9ecd9e09c198c57c976d198a8a27084f380aaca,,2220,Establish file-level audit baseline after ingestion and evaluation of sources A001-A010 and audits AUDIT-001-AUDIT-006,D-GLOBAL-05
2026-08-15T23:45:34.992210+00:00,baseline,research_program/claim_ledger.csv,,1aa345eb362271432882093b432360a7e96fbe8ebdf53413470e99d5e6ac74ad,,3506,Establish file-level audit baseline after ingestion and evaluation of sources A001-A010 and audits AUDIT-001-AUDIT-006,D-GLOBAL-05
2026-08-15T23:45:34.992210+00:00,baseline,research_program/computational_objects.csv,,25af9b2c2096c2c568b2acac672b10a2a5bc76ca87fbfe13454bc9d2a277626f,,207,Establish file-level audit baseline after ingestion and evaluation of sources A001-A010 and audits AUDIT-001-AUDIT-006,D-GLOBAL-05
2026-08-15T23:45:34.992210+00:00,baseline,research_program/four_audit_deep_scan.md,,8101cf43666a450ef53fd255d6e6b4c9a891481e9377c07f096857a96be29ec4,,16625,Establish file-level audit baseline after ingestion and evaluation of sources A001-A010 and audits AUDIT-001-AUDIT-006,D-GLOBAL-05
2026-08-15T23:45:34.992210+00:00,baseline,research_program/inference_edges.csv,,3f09223f81d7c579ae13049b3061fc0ac26d46cd8221a392423ad4d6a57f059f,,585,Establish file-level audit baseline after ingestion and evaluation of sources A001-A010 and audits AUDIT-001-AUDIT-006,D-GLOBAL-05
2026-08-15T23:45:34.992210+00:00,baseline,research_program/manage_actions.py,,f3523fca485cad4b1a997c2eb3ffc6c58fb4b63964d183377b590ca2903cfe39,,3028,Establish file-level audit baseline after ingestion and evaluation of sources A001-A010 and audits AUDIT-001-AUDIT-006,D-GLOBAL-05
2026-08-15T23:45:34.992210+00:00,baseline,research_program/priority_roadmap.md,,dd115e62caaa6a45914376730c59068f56deedd6ee543a34b1456034ea7ad705,,8817,Establish file-level audit baseline after ingestion and evaluation of sources A001-A010 and audits AUDIT-001-AUDIT-006,D-GLOBAL-05
2026-08-15T23:45:34.992210+00:00,baseline,research_program/render_action_register.py,,839383dddb2821c6daa21d85599c37ab35411e254547f3e176353fe94d30c32d,,1529,Establish file-level audit baseline after ingestion and evaluation of sources A001-A010 and audits AUDIT-001-AUDIT-006,D-GLOBAL-05
2026-08-15T23:45:34.992210+00:00,baseline,research_program/source_registry.csv,,939499d6d984a0b17c9c89ef682790ec2ea40c4e0f88689b5761197a19d90807,,5420,Establish file-level audit baseline after ingestion and evaluation of sources A001-A010 and audits AUDIT-001-AUDIT-006,D-GLOBAL-05
2026-08-15T23:45:34.992210+00:00,baseline,research_program/track_file_changes.py,,5d05a9c19f5bf426f1ec1d785392196278cab7ad6bad75586bdac4e7c4fdd2e5,,4415,Establish file-level audit baseline after ingestion and evaluation of sources A001-A010 and audits AUDIT-001-AUDIT-006,D-GLOBAL-05
2026-08-15T23:45:34.992210+00:00,baseline,research_program/validate_methodology_records.py,,3effe5a3ae7c8468a6d4b6267e4bbbacbdd36dc411af4de451bc387ca88b956e,,2823,Establish file-level audit baseline after ingestion and evaluation of sources A001-A010 and audits AUDIT-001-AUDIT-006,D-GLOBAL-05
2026-08-15T23:45:34.992210+00:00,baseline,research_program/verification_routing.csv,,49b13bc85b8f0a6515c1c6696012751e350e192340b7212eb1409e4c259b0331,,1544,Establish file-level audit baseline after ingestion and evaluation of sources A001-A010 and audits AUDIT-001-AUDIT-006,D-GLOBAL-05
2026-08-15T23:45:34.992210+00:00,baseline,research_program_integration_protocol.md,,6e6e5d722a82a85b30355997e94043be5ee51aee5f7cfb89f48c04d225062352,,13790,Establish file-level audit baseline after ingestion and evaluation of sources A001-A010 and audits AUDIT-001-AUDIT-006,D-GLOBAL-05
2026-08-15T23:45:34.992210+00:00,baseline,revised_manuscript_traceability.docx,,53a13180eb767e04bf465accd70f0ed47982b7f459fdc095fc8b43783e249ddf,,43212,Establish file-level audit baseline after ingestion and evaluation of sources A001-A010 and audits AUDIT-001-AUDIT-006,D-GLOBAL-05
2026-08-15T23:45:34.992210+00:00,baseline,revised_manuscript_traceability.md,,835bc9d6b7aa94382c18f577862ebe5520a466128e78324e453aa9a61d5f51c0,,12105,Establish file-level audit baseline after ingestion and evaluation of sources A001-A010 and audits AUDIT-001-AUDIT-006,D-GLOBAL-05
2026-08-15T23:45:34.992210+00:00,baseline,revised_sustainability_manuscript.docx,,5bb4644322a75d93c5e820a4ff09a0de81bc6f5d6ec20b90b366fef40b02de9c,,81041,Establish file-level audit baseline after ingestion and evaluation of sources A001-A010 and audits AUDIT-001-AUDIT-006,D-GLOBAL-05
2026-08-15T23:45:34.992210+00:00,baseline,revised_sustainability_manuscript.md,,0256219d4fa6a9f1c6580a22168b78428711b4de639b0a4671bb8846217806e1,,110393,Establish file-level audit baseline after ingestion and evaluation of sources A001-A010 and audits AUDIT-001-AUDIT-006,D-GLOBAL-05
2026-08-15T23:45:34.992210+00:00,baseline,uploads/Paper_III_Groundwater_Module.txt,,3eeca4c0f4c26946d734688f92a415aa4b4969a1f9c3e69274b39fd70918400a,,8751,Establish file-level audit baseline after ingestion and evaluation of sources A001-A010 and audits AUDIT-001-AUDIT-006,D-GLOBAL-05
2026-08-15T23:45:34.992210+00:00,baseline,uploads/Paper_II_Robust_Epistemic_Viability_V2.txt,,9acd11604ed7fe05b4812d9083040fbf0b4c33b7fd083dfa31287139f2c01ce3,,16903,Establish file-level audit baseline after ingestion and evaluation of sources A001-A010 and audits AUDIT-001-AUDIT-006,D-GLOBAL-05
2026-08-15T23:45:34.992210+00:00,baseline,uploads/Paper_IV_Phosphorus_Agriculture_Module.txt,,04e062e298003301ff66ba13b256e3d8bc6de4c3a244802fc088436117f9c603,,8688,Establish file-level audit baseline after ingestion and evaluation of sources A001-A010 and audits AUDIT-001-AUDIT-006,D-GLOBAL-05
2026-08-15T23:45:34.992210+00:00,baseline,uploads/Paper_I_Hybrid_Sustainability_Architecture_V4.txt,,3dcff92fa7d8ebd69a945ef2fd9558b061c8f29dbd57cd7fe6cb46ec196b5988,,13113,Establish file-level audit baseline after ingestion and evaluation of sources A001-A010 and audits AUDIT-001-AUDIT-006,D-GLOBAL-05
2026-08-15T23:45:34.992210+00:00,baseline,uploads/Paper_V_Institutional_Feedback_and_Nonlinear_Transitions.txt,,7d652addb4e5712c8a6d027a124fbf720c987d54d5f75a78a822610d31f682e1,,9808,Establish file-level audit baseline after ingestion and evaluation of sources A001-A010 and audits AUDIT-001-AUDIT-006,D-GLOBAL-05
2026-08-15T23:45:34.992210+00:00,baseline,uploads/corrected_report.md,,cf12f4d138d4e6d37e788f0a5097dea32d8c65300f2cb8959d94a8170b6fab8a,,61366,Establish file-level audit baseline after ingestion and evaluation of sources A001-A010 and audits AUDIT-001-AUDIT-006,D-GLOBAL-05
2026-08-15T23:45:34.992210+00:00,baseline,uploads/general_theory.txt,,e5c8b57ae47d5f24a2e3be0e80ce28ebbcebc2125d4a066115d2de13dbc5efc9,,157711,Establish file-level audit baseline after ingestion and evaluation of sources A001-A010 and audits AUDIT-001-AUDIT-006,D-GLOBAL-05
2026-08-15T23:45:34.992210+00:00,baseline,uploads/gpt1.txt,,12201ca780d98a3c682989f1e78ca450be42cac48040af37a3e24436582743f1,,26863,Establish file-level audit baseline after ingestion and evaluation of sources A001-A010 and audits AUDIT-001-AUDIT-006,D-GLOBAL-05
2026-08-15T23:45:34.992210+00:00,baseline,uploads/paper3_rev2.md,,225eab62f9af788139e98eff297fb0055139fd23efc10f6f39095af324ae297e,,6695,Establish file-level audit baseline after ingestion and evaluation of sources A001-A010 and audits AUDIT-001-AUDIT-006,D-GLOBAL-05
2026-08-15T23:45:34.992210+00:00,baseline,uploads/paper4_perspective.txt,,6a267fecfdc4be4aab4d4739a1fb11816c0eab7855ea46c9ae99421e3e2e7928,,47926,Establish file-level audit baseline after ingestion and evaluation of sources A001-A010 and audits AUDIT-001-AUDIT-006,D-GLOBAL-05
2026-08-15T23:45:34.992210+00:00,baseline,uploads/paper4_rev3.md,,2b3dec070f19b8fd77aa6236fe4550b65cffe48fae3ee048a307c84963c91fe9,,24796,Establish file-level audit baseline after ingestion and evaluation of sources A001-A010 and audits AUDIT-001-AUDIT-006,D-GLOBAL-05
2026-08-15T23:45:34.992210+00:00,baseline,uploads/topdown.txt,,58bbfe28ae6d95f64b5ce9ad905d579c698f94316bc0cbd3fa4d9e54f9b5f1c3,,146909,Establish file-level audit baseline after ingestion and evaluation of sources A001-A010 and audits AUDIT-001-AUDIT-006,D-GLOBAL-05
2026-08-15T23:45:49.109798+00:00,modified,research_program/action_register.csv,7563007b4738f85595d5ecc8f4b03fc64f9da33c0f878ae6763ff281b9273056,d16f39d9b01645194dd4a5a9ac11e5892c676752c999f9d616d67c1c0090ffa4,56102,56406,Implement persistent file-level change tracking and add it to the pre/post revision gate,D-GLOBAL-05
2026-08-15T23:45:49.109798+00:00,modified,research_program/action_register.md,ad92deed6d3cb6f88ddf6adfe884c067b33f5b9cd3262e8de02f0aeb537dbc13,a35ca1dd43429d78cd63e7784ea147a9117dabb5f943481fbec7ff19de3062de,77364,77744,Implement persistent file-level change tracking and add it to the pre/post revision gate,D-GLOBAL-05
2026-08-15T23:45:49.109798+00:00,modified,research_program_integration_protocol.md,6e6e5d722a82a85b30355997e94043be5ee51aee5f7cfb89f48c04d225062352,ddeb45b9ecaf1d2de69984da24e3651f90a1f32d7632233e57dbcadf33865314,13790,14697,Implement persistent file-level change tracking and add it to the pre/post revision gate,D-GLOBAL-05
2026-08-15T23:46:29.950709+00:00,modified,research_program/track_file_changes.py,5d05a9c19f5bf426f1ec1d785392196278cab7ad6bad75586bdac4e7c4fdd2e5,6fb4200ab493a4d993bc026e48c1ac4631da363222bc0f1ee59d17eae5666a96,4415,4822,Upgrade file audit from hash-only log to content-addressed version archive,D-GLOBAL-05
2026-08-15T23:46:29.950709+00:00,modified,research_program_integration_protocol.md,ddeb45b9ecaf1d2de69984da24e3651f90a1f32d7632233e57dbcadf33865314,762396684dc5f2bd22cb5c960fab704df45fd5d445f31888ccdf34aacade10d8,14697,14874,Upgrade file audit from hash-only log to content-addressed version archive,D-GLOBAL-05
2026-08-15T23:51:44.066273+00:00,modified,research_program/action_register.csv,d16f39d9b01645194dd4a5a9ac11e5892c676752c999f9d616d67c1c0090ffa4,d4c4e305de0ac8cd09e92c7e69493144aed81b06dc285774ae2da53ecf1d6467,56406,56749,Strengthen mandatory same-turn conversation-to-file logging after user correction,D-GLOBAL-06
2026-08-15T23:51:44.066273+00:00,modified,research_program/action_register.md,a35ca1dd43429d78cd63e7784ea147a9117dabb5f943481fbec7ff19de3062de,95256abae91b45e589d420d61f4d3f3ae3bdbd85b3c5462106b111eb8415d417,77744,78163,Strengthen mandatory same-turn conversation-to-file logging after user correction,D-GLOBAL-06
2026-08-15T23:51:44.066273+00:00,modified,research_program_integration_protocol.md,762396684dc5f2bd22cb5c960fab704df45fd5d445f31888ccdf34aacade10d8,056b1631a82b0352a8e0b5992724261d91cefe5e9b81f3543f23441525a08b1d,14874,15668,Strengthen mandatory same-turn conversation-to-file logging after user correction,D-GLOBAL-06
2026-08-15T23:57:49.473330+00:00,modified,research_program/action_register.csv,d4c4e305de0ac8cd09e92c7e69493144aed81b06dc285774ae2da53ecf1d6467,00416fc41afba64208662fdb29c3f1941014901943cbee1a75883a30adde7bb9,56749,60574,Ingest and evaluate Article 011 periodic-review computational and empirical paper,D-A011-01
2026-08-15T23:57:49.473330+00:00,modified,research_program/action_register.md,95256abae91b45e589d420d61f4d3f3ae3bdbd85b3c5462106b111eb8415d417,413f2ebf9ad6923a7d7346c3ddee8cf24df30820810ee30005f0d64843b6a9d0,78163,83547,Ingest and evaluate Article 011 periodic-review computational and empirical paper,D-A011-01
2026-08-15T23:57:49.473330+00:00,created,research_program/article_011_periodic_review/evaluation_and_verification.md,,b4b4b75f9108d6d8665620181b1bec495b77846564f1f15b902eef5b8acff48f,,14288,Ingest and evaluate Article 011 periodic-review computational and empirical paper,D-A011-01
2026-08-15T23:57:49.473330+00:00,created,research_program/article_011_periodic_review/formal_result_inventory.md,,6076f9a4f61fde675fe67861b7c7cf237589ce6394b4f079afec3a4c8a806a82,,1728,Ingest and evaluate Article 011 periodic-review computational and empirical paper,D-A011-01
2026-08-15T23:57:49.473330+00:00,modified,research_program/source_registry.csv,939499d6d984a0b17c9c89ef682790ec2ea40c4e0f88689b5761197a19d90807,9591efec2fce6ce89599d71193dd3c0f8adc6af12392e98cfd498d54719a1f8f,5420,6028,Ingest and evaluate Article 011 periodic-review computational and empirical paper,D-A011-01
2026-08-15T23:57:49.473330+00:00,created,uploads/paper3_empirical.txt,,7262a5f9d53b35663462e06e63414c66d944d368cdaa86ef3e35550d67a71859,,33670,Ingest and evaluate Article 011 periodic-review computational and empirical paper,D-A011-01
2026-08-16T00:09:44.367225+00:00,modified,research_program/action_register.csv,00416fc41afba64208662fdb29c3f1941014901943cbee1a75883a30adde7bb9,b9e869ab272f6e08b6f71a477a77e50bcd70ed7e527e457b28fb5b0b2507ba75,60574,60883,Register paper3_empirical2.txt as exact duplicate source alias of Article 011,D-A011-04
2026-08-16T00:09:44.367225+00:00,modified,research_program/action_register.md,413f2ebf9ad6923a7d7346c3ddee8cf24df30820810ee30005f0d64843b6a9d0,605bf73f8536d6917f4b4e1df7eae154abcd2e524b933404a716eb6a20387a30,83547,83929,Register paper3_empirical2.txt as exact duplicate source alias of Article 011,D-A011-04
2026-08-16T00:09:44.367225+00:00,created,research_program/article_011_periodic_review/integration_record_note.md,,669ae98a8e81263933d2ec7ac22a2c696a1c1ad416c171ad6dd470e5e61568ae,,246,Register paper3_empirical2.txt as exact duplicate source alias of Article 011,D-A011-04
2026-08-16T00:09:44.367225+00:00,created,research_program/article_011_periodic_review/source_versions.csv,,f6cf6f12e433dfc0ee61aeb35b51df3f94c8546823eaf68d0261d129df53c63d,,365,Register paper3_empirical2.txt as exact duplicate source alias of Article 011,D-A011-04
2026-08-16T00:09:44.367225+00:00,created,uploads/paper3_empirical2.txt,,7262a5f9d53b35663462e06e63414c66d944d368cdaa86ef3e35550d67a71859,,33670,Register paper3_empirical2.txt as exact duplicate source alias of Article 011,D-A011-04
2026-08-16T00:10:58.619369+00:00,modified,research_program/action_register.csv,b9e869ab272f6e08b6f71a477a77e50bcd70ed7e527e457b28fb5b0b2507ba75,332b97d648a3e59e3c47118970cb65928cacaaacd86051f2f7490301ad130449,60883,60976,Record user correction that intended Article 011 revision differs despite byte-identical uploaded file,D-A011-04
2026-08-16T00:10:58.619369+00:00,modified,research_program/action_register.md,605bf73f8536d6917f4b4e1df7eae154abcd2e524b933404a716eb6a20387a30,685ea1abd9899c780e1cf9dc98a32be0237f6a3b5435c4821813395016157ae3,83929,84020,Record user correction that intended Article 011 revision differs despite byte-identical uploaded file,D-A011-04
2026-08-16T00:10:58.619369+00:00,modified,research_program/article_011_periodic_review/source_versions.csv,f6cf6f12e433dfc0ee61aeb35b51df3f94c8546823eaf68d0261d129df53c63d,67eb5723d4e300231a2410a518e2f8d78563bdab4f237111b382a7bbd1135da2,365,415,Record user correction that intended Article 011 revision differs despite byte-identical uploaded file,D-A011-04
2026-08-16T00:15:09.351110+00:00,modified,research_program/action_register.csv,332b97d648a3e59e3c47118970cb65928cacaaacd86051f2f7490301ad130449,285fa2cfe56f9f70a21056a3db1cda3ff53217ea78201f413efcb163b47153b9,60976,61830,Preserve and evaluate user-supplied intended additions to Article 011 newer version,D-A011-04
2026-08-16T00:15:09.351110+00:00,modified,research_program/action_register.md,685ea1abd9899c780e1cf9dc98a32be0237f6a3b5435c4821813395016157ae3,5bb0f13914415c865cd04e921be94382a23c1cc932cbfe616bb20d9857f5bffd,84020,85276,Preserve and evaluate user-supplied intended additions to Article 011 newer version,D-A011-04
2026-08-16T00:15:09.351110+00:00,created,research_program/article_011_periodic_review/revision_addendum_evaluation.md,,ef3230d4314c6e8828616652c3921f6308f5d11b5d5b696bf0d317d626af2eb7,,4538,Preserve and evaluate user-supplied intended additions to Article 011 newer version,D-A011-04
2026-08-16T00:15:09.351110+00:00,modified,research_program/article_011_periodic_review/source_versions.csv,67eb5723d4e300231a2410a518e2f8d78563bdab4f237111b382a7bbd1135da2,5bc48cd2ab7ea456d46fc8a004a08c5ea7e74983eb619c4bf0f9a4439b16005a,415,703,Preserve and evaluate user-supplied intended additions to Article 011 newer version,D-A011-04
2026-08-16T00:15:09.351110+00:00,created,research_program/article_011_periodic_review/user_supplied_revision_addendum.md,,9b57a40314dfd26da571ec3c6f4990173fcefe3f31642596a35311d5c2a6fe86,,4153,Preserve and evaluate user-supplied intended additions to Article 011 newer version,D-A011-04
2026-08-16T00:16:47.457149+00:00,modified,research_program/action_register.csv,285fa2cfe56f9f70a21056a3db1cda3ff53217ea78201f413efcb163b47153b9,b2419a917bd6688ee598b7869d30e7d0013fc65618d5c4cff978761f070d347a,61830,61908,"Correct Article 011 addendum provenance: additions came from subsequent user message, not uploaded duplicate file",D-A011-04
2026-08-16T00:16:47.457149+00:00,modified,research_program/action_register.md,5bb0f13914415c865cd04e921be94382a23c1cc932cbfe616bb20d9857f5bffd,eee1ac5c3f269ba81903118000135474f77d521f84206bffd66e0a0b1d79fd23,85276,85356,"Correct Article 011 addendum provenance: additions came from subsequent user message, not uploaded duplicate file",D-A011-04
2026-08-16T00:16:47.457149+00:00,modified,research_program/article_011_periodic_review/source_versions.csv,5bc48cd2ab7ea456d46fc8a004a08c5ea7e74983eb619c4bf0f9a4439b16005a,86366f80fbe036aff21b8c30cc31d796ec2d1927037a469cccd2f2252709b8e2,703,768,"Correct Article 011 addendum provenance: additions came from subsequent user message, not uploaded duplicate file",D-A011-04
2026-08-16T00:16:47.457149+00:00,modified,research_program/article_011_periodic_review/user_supplied_revision_addendum.md,9b57a40314dfd26da571ec3c6f4990173fcefe3f31642596a35311d5c2a6fe86,269bbff0adb1c2c2ca7c80fa73535bda6f93a85024ff5803350c592507934640,4153,4203,"Correct Article 011 addendum provenance: additions came from subsequent user message, not uploaded duplicate file",D-A011-04
2026-08-16T00:18:12.396129+00:00,modified,research_program/action_register.csv,b2419a917bd6688ee598b7869d30e7d0013fc65618d5c4cff978761f070d347a,7cb2b65891fcabcbe32697263e14699fd4d0c439cc08e9b044293da15f1b6116,61908,61928,Reopen Article 011 version mismatch pending corrected unique upload,D-A011-04
2026-08-16T00:18:12.396129+00:00,modified,research_program/action_register.md,eee1ac5c3f269ba81903118000135474f77d521f84206bffd66e0a0b1d79fd23,a02d4a564964cf82aa22045e4544afb8ed154ea1fd87b0bf35e8f00658a5eb25,85356,85374,Reopen Article 011 version mismatch pending corrected unique upload,D-A011-04
2026-08-16T00:21:10.984577+00:00,modified,research_program/action_register.csv,7cb2b65891fcabcbe32697263e14699fd4d0c439cc08e9b044293da15f1b6116,3325a1d796aa502647645ac0f0c5539b38866082fe09c95c8b0841f77ca3af31,61928,61886,Register and verify complete Article 011 Version 2 source with prospective identification and uncertainty additions,D-A011-04
2026-08-16T00:21:10.984577+00:00,modified,research_program/action_register.md,a02d4a564964cf82aa22045e4544afb8ed154ea1fd87b0bf35e8f00658a5eb25,317c01f43fd62480c8a79d2fda7cdd21d30c651e3b52a4a2669a979a32cea052,85374,85334,Register and verify complete Article 011 Version 2 source with prospective identification and uncertainty additions,D-A011-04
2026-08-16T00:21:10.984577+00:00,created,research_program/article_011_periodic_review/revision_v2_verification.md,,3deaab2b9fbd13474e878ba50261e1df5efa02f66fe88385645dcadfbebc8084,,893,Register and verify complete Article 011 Version 2 source with prospective identification and uncertainty additions,D-A011-04
2026-08-16T00:21:10.984577+00:00,modified,research_program/article_011_periodic_review/source_versions.csv,86366f80fbe036aff21b8c30cc31d796ec2d1927037a469cccd2f2252709b8e2,af51c4717c98357fdd50ba4616a4b1a7aac1422c039642067d3f4f3f9e8f548e,768,992,Register and verify complete Article 011 Version 2 source with prospective identification and uncertainty additions,D-A011-04
2026-08-16T00:21:10.984577+00:00,created,research_program/article_011_periodic_review/v1_to_v2.diff,,daa0776e69979d55a8228a43b1707c58ef6b6dcb43a44d4834b1e296357bea94,,18508,Register and verify complete Article 011 Version 2 source with prospective identification and uncertainty additions,D-A011-04
2026-08-16T00:21:10.984577+00:00,modified,research_program/source_registry.csv,9591efec2fce6ce89599d71193dd3c0f8adc6af12392e98cfd498d54719a1f8f,849a705edcb4afeea694f9902593ced52a8807ff7b3c82e398365bb866cbb1a7,6028,6020,Register and verify complete Article 011 Version 2 source with prospective identification and uncertainty additions,D-A011-04
2026-08-16T00:21:10.984577+00:00,created,uploads/paperTHREE.txt,,0607bc809fcf5711459a085c7c7b2de4cab738c2484acc8cfdb674b22cca0ba3,,38649,Register and verify complete Article 011 Version 2 source with prospective identification and uncertainty additions,D-A011-04
2026-08-16T00:25:09.937883+00:00,modified,research_program/action_register.csv,3325a1d796aa502647645ac0f0c5539b38866082fe09c95c8b0841f77ca3af31,f5eeeaf147d7ec5d48066e714c7a6fb7dda95921ef7835a6b4719412e78bbb11,61886,61869,Discard superseded Article 011 upload files and rename canonical V2 from paperTHREE.txt to paper3_empirical.txt,D-A011-04
2026-08-16T00:25:09.937883+00:00,modified,research_program/action_register.md,317c01f43fd62480c8a79d2fda7cdd21d30c651e3b52a4a2669a979a32cea052,013b94ff69923b19f651ccb7aeffea97c071d5232318c540fb7faa308bcff4cf,85334,85317,Discard superseded Article 011 upload files and rename canonical V2 from paperTHREE.txt to paper3_empirical.txt,D-A011-04
2026-08-16T00:25:09.937883+00:00,modified,research_program/article_011_periodic_review/source_versions.csv,af51c4717c98357fdd50ba4616a4b1a7aac1422c039642067d3f4f3f9e8f548e,ba2739100f00095e536f852c924a3c03262c1ab0bc5eaf81f54be0411d4079e6,992,1066,Discard superseded Article 011 upload files and rename canonical V2 from paperTHREE.txt to paper3_empirical.txt,D-A011-04
2026-08-16T00:25:09.937883+00:00,modified,research_program/source_registry.csv,849a705edcb4afeea694f9902593ced52a8807ff7b3c82e398365bb866cbb1a7,a9c883e67b08e1da85b09bae0c4f243d7abeefb79394a164ffa251b74c40d799,6020,6026,Discard superseded Article 011 upload files and rename canonical V2 from paperTHREE.txt to paper3_empirical.txt,D-A011-04
2026-08-16T00:25:09.937883+00:00,modified,uploads/paper3_empirical.txt,7262a5f9d53b35663462e06e63414c66d944d368cdaa86ef3e35550d67a71859,0607bc809fcf5711459a085c7c7b2de4cab738c2484acc8cfdb674b22cca0ba3,33670,38649,Discard superseded Article 011 upload files and rename canonical V2 from paperTHREE.txt to paper3_empirical.txt,D-A011-04
2026-08-16T00:25:09.937883+00:00,deleted,uploads/paper3_empirical2.txt,7262a5f9d53b35663462e06e63414c66d944d368cdaa86ef3e35550d67a71859,,33670,,Discard superseded Article 011 upload files and rename canonical V2 from paperTHREE.txt to paper3_empirical.txt,D-A011-04
2026-08-16T00:25:09.937883+00:00,deleted,uploads/paperTHREE.txt,0607bc809fcf5711459a085c7c7b2de4cab738c2484acc8cfdb674b22cca0ba3,,38649,,Discard superseded Article 011 upload files and rename canonical V2 from paperTHREE.txt to paper3_empirical.txt,D-A011-04
2026-08-16T00:27:58.900918+00:00,modified,research_program/action_register.csv,f5eeeaf147d7ec5d48066e714c7a6fb7dda95921ef7835a6b4719412e78bbb11,2de326c01f00bf5837428516013c65930e1955a7f4d6eae6a98091af71ee344d,61869,65172,Ingest and evaluate Article 012 registered delay-dynamics model family,D-A012-01
2026-08-16T00:27:58.900918+00:00,modified,research_program/action_register.md,013b94ff69923b19f651ccb7aeffea97c071d5232318c540fb7faa308bcff4cf,c7118eff01f43502724ce36388d3e1fe4c52f2df37f26e98dda3cfa2ace1f24f,85317,90002,Ingest and evaluate Article 012 registered delay-dynamics model family,D-A012-01
2026-08-16T00:27:58.900918+00:00,created,research_program/article_012_delay_dynamics/evaluation_and_verification.md,,bf0f1f2babb208ff6e7be4b4c70ef04920e7e3c527e4b95a84495146e0177bb8,,14945,Ingest and evaluate Article 012 registered delay-dynamics model family,D-A012-01
2026-08-16T00:27:58.900918+00:00,created,research_program/article_012_delay_dynamics/formal_result_inventory.md,,fa514003b9118144c5320d3b9a18aeffa794ef2c19cf9771d0e09397f5b30feb,,1661,Ingest and evaluate Article 012 registered delay-dynamics model family,D-A012-01
2026-08-16T00:27:58.900918+00:00,modified,research_program/source_registry.csv,a9c883e67b08e1da85b09bae0c4f243d7abeefb79394a164ffa251b74c40d799,8d5f697d08a6bdcd8911ed7387aefd45e273f0dd0d88962ee77f54681f2a6271,6026,6570,Ingest and evaluate Article 012 registered delay-dynamics model family,D-A012-01
2026-08-16T00:27:58.900918+00:00,created,uploads/paper2_dynamics.txt,,0375c9057bef6b0720159f44ecf9be7661404cc76fa7624d5e9296c5888133da,,49719,Ingest and evaluate Article 012 registered delay-dynamics model family,D-A012-01
2026-08-16T00:31:27.729303+00:00,modified,research_program/action_register.csv,2de326c01f00bf5837428516013c65930e1955a7f4d6eae6a98091af71ee344d,6b605bdd4cf3666b347ed309962018961e4ca2ce9b39fdca681e2cb868008ecb,65172,66954,Record user instruction to accept Article 012 numerical claims as verified while retaining publication reproducibility obligations,D-A012-04
2026-08-16T00:31:27.729303+00:00,modified,research_program/action_register.md,c7118eff01f43502724ce36388d3e1fe4c52f2df37f26e98dda3cfa2ace1f24f,507fff508efb998a556a75e493da903c75b8cfe70b16ff97d18081981960e2a3,90002,92128,Record user instruction to accept Article 012 numerical claims as verified while retaining publication reproducibility obligations,D-A012-04
2026-08-16T00:31:27.729303+00:00,modified,research_program/article_012_delay_dynamics/evaluation_and_verification.md,bf0f1f2babb208ff6e7be4b4c70ef04920e7e3c527e4b95a84495146e0177bb8,ea9ecde247d1ce1c8dec5ee37f693813df1f7388220fef181834c7c8fda46fda,14945,15625,Record user instruction to accept Article 012 numerical claims as verified while retaining publication reproducibility obligations,D-A012-04
2026-08-16T00:31:27.729303+00:00,modified,research_program/article_012_delay_dynamics/formal_result_inventory.md,fa514003b9118144c5320d3b9a18aeffa794ef2c19cf9771d0e09397f5b30feb,4d6d866f0106bb41dbd771be2df25f08014852d6963e212ee88a117926eb80e9,1661,1821,Record user instruction to accept Article 012 numerical claims as verified while retaining publication reproducibility obligations,D-A012-04
2026-08-16T00:31:27.729303+00:00,modified,research_program/source_registry.csv,8d5f697d08a6bdcd8911ed7387aefd45e273f0dd0d88962ee77f54681f2a6271,966b8cea0beeba2959c42e277a31891d06263cd017de6ac9c57ee03344e9c88c,6570,6642,Record user instruction to accept Article 012 numerical claims as verified while retaining publication reproducibility obligations,D-A012-04
2026-08-16T00:31:38.117309+00:00,modified,research_program/computational_objects.csv,25af9b2c2096c2c568b2acac672b10a2a5bc76ca87fbfe13454bc9d2a277626f,9d5d60876ed734ac9fa9451bc755f355e14179ef0a4cb4f7ff49969f651bdd97,207,667,Add Article 012 verified numerical family to computational-object registry,D-A012-04
2026-08-16T00:31:44.184734+00:00,modified,research_program/action_register.csv,6b605bdd4cf3666b347ed309962018961e4ca2ce9b39fdca681e2cb868008ecb,28366eb04abc7831ae47b4ba79b404de8bba7f1b55850234a9507f2c714acf5e,66954,67038,Unblock Article 012 numerical-evidence integration after user verification decision,D-A012-04
2026-08-16T00:31:44.184734+00:00,modified,research_program/action_register.md,507fff508efb998a556a75e493da903c75b8cfe70b16ff97d18081981960e2a3,9f2af7ae78aa4805f40d089d1f48ef2329f00e9db7b047357d7d3790c0bbf88f,92128,92229,Unblock Article 012 numerical-evidence integration after user verification decision,D-A012-04
2026-08-16T00:36:15.167492+00:00,modified,research_program/action_register.csv,28366eb04abc7831ae47b4ba79b404de8bba7f1b55850234a9507f2c714acf5e,51e399fe78ad1f3071c21211ea1908eed510422df460d8eb3d58101c2d68ec29,67038,69607,Ingest and evaluate Article 013 componentwise accounting and depletion diagnostics,D-A013-01
2026-08-16T00:36:15.167492+00:00,modified,research_program/action_register.md,9f2af7ae78aa4805f40d089d1f48ef2329f00e9db7b047357d7d3790c0bbf88f,e61d2b5057e5da2c3d95ba51e098250cf7dcb99e001e276fa59db869f75ba9cd,92229,95930,Ingest and evaluate Article 013 componentwise accounting and depletion diagnostics,D-A013-01
2026-08-16T00:36:15.167492+00:00,created,research_program/article_013_component_accounting/evaluation_and_verification.md,,8e8b88d68dcb84a23b90fc993d801ed24b667afa80ccd48b3405973bb2451599,,11197,Ingest and evaluate Article 013 componentwise accounting and depletion diagnostics,D-A013-01
2026-08-16T00:36:15.167492+00:00,created,research_program/article_013_component_accounting/formal_result_inventory.md,,74ea83f906216026324661dfd6389bbc4cc44435a69d6bb3377a61dc00f7c94e,,1268,Ingest and evaluate Article 013 componentwise accounting and depletion diagnostics,D-A013-01
2026-08-16T00:36:15.167492+00:00,modified,research_program/source_registry.csv,966b8cea0beeba2959c42e277a31891d06263cd017de6ac9c57ee03344e9c88c,402fad24201cbf26752698f8031b9251cacb15772e2c9e5feef1f010f6e1bf53,6642,7245,Ingest and evaluate Article 013 componentwise accounting and depletion diagnostics,D-A013-01
2026-08-16T00:36:15.167492+00:00,created,uploads/paper1_accounting.txt,,5715a037643fffc6c95808efb503031f57ed3f47f5a32e89da92110a17ab684b,,33036,Ingest and evaluate Article 013 componentwise accounting and depletion diagnostics,D-A013-01
2026-08-16T00:39:05.114757+00:00,modified,research_program/action_register.csv,51e399fe78ad1f3071c21211ea1908eed510422df460d8eb3d58101c2d68ec29,4b48fba590779cb06775e9769fee20263d103e65cfc391ef376e9a824de7f3e2,69607,71312,Record user verification of Article 013 empirical application values; move source reproduction to submission documentation,D-A013-04
2026-08-16T00:39:05.114757+00:00,modified,research_program/action_register.md,e61d2b5057e5da2c3d95ba51e098250cf7dcb99e001e276fa59db869f75ba9cd,3e136362000cddbff803306674c644bc0ea23d39c3addfbb744cc9ed8449768c,95930,97976,Record user verification of Article 013 empirical application values; move source reproduction to submission documentation,D-A013-04
2026-08-16T00:39:05.114757+00:00,modified,research_program/article_013_component_accounting/evaluation_and_verification.md,8e8b88d68dcb84a23b90fc993d801ed24b667afa80ccd48b3405973bb2451599,945bd7629da3b6369744cd1e4790a88064b3e360422db85431cebbb47634d87e,11197,11638,Record user verification of Article 013 empirical application values; move source reproduction to submission documentation,D-A013-04
2026-08-16T00:39:05.114757+00:00,modified,research_program/article_013_component_accounting/formal_result_inventory.md,74ea83f906216026324661dfd6389bbc4cc44435a69d6bb3377a61dc00f7c94e,d948f99bb9c495398351e918b866033fd50adb044d88f277fd754d5f01029285,1268,1350,Record user verification of Article 013 empirical application values; move source reproduction to submission documentation,D-A013-04
2026-08-16T00:39:05.114757+00:00,modified,research_program/computational_objects.csv,9d5d60876ed734ac9fa9451bc755f355e14179ef0a4cb4f7ff49969f651bdd97,deffb64eb9a3b9169792888cfbdf817f8113e93ce797f10f59d5bdb5154cbf51,667,1034,Record user verification of Article 013 empirical application values; move source reproduction to submission documentation,D-A013-04
2026-08-16T00:39:05.114757+00:00,modified,research_program/source_registry.csv,402fad24201cbf26752698f8031b9251cacb15772e2c9e5feef1f010f6e1bf53,1ec4a7f7f628f15164b3d8fa4f25130d196068b44ad109403f04839dae917e12,7245,7250,Record user verification of Article 013 empirical application values; move source reproduction to submission documentation,D-A013-04
2026-08-16T00:43:30.144990+00:00,modified,research_program/action_register.csv,4b48fba590779cb06775e9769fee20263d103e65cfc391ef376e9a824de7f3e2,b8c9f4b3c76637a22eb2feb88559761d7d1066c1c417a980836964cd6060280a,71312,72354,"Cross-review Articles 001-013, update gap closure, canonical sources, statuses, and publication roles",D-CROSS-01
2026-08-16T00:43:30.144990+00:00,modified,research_program/action_register.md,3e136362000cddbff803306674c644bc0ea23d39c3addfbb744cc9ed8449768c,83c728047da12770cd964f8676f7c28f0042d9078971995a3df641cd0de7e2c6,97976,99252,"Cross-review Articles 001-013, update gap closure, canonical sources, statuses, and publication roles",D-CROSS-01
2026-08-16T00:43:30.144990+00:00,created,research_program/cross_article_review_A001_A013.md,,424e2f668c02a9d6a8390ae63af286fdebbae0ec44db823c5dd5d9e4f0066f1b,,16415,"Cross-review Articles 001-013, update gap closure, canonical sources, statuses, and publication roles",D-CROSS-01
2026-08-16T00:43:30.144990+00:00,created,research_program/cross_source_gap_register.csv,,1d401ed4d772ab8aa309db9f4899487c72e7fd26884d570357d526b91e883f4f,,2369,"Cross-review Articles 001-013, update gap closure, canonical sources, statuses, and publication roles",D-CROSS-01
2026-08-16T00:43:30.144990+00:00,modified,research_program/source_registry.csv,1ec4a7f7f628f15164b3d8fa4f25130d196068b44ad109403f04839dae917e12,98f0fc59592399b2783b2459e107634c33384492760814b7b3364e66bf55186e,7250,6893,"Cross-review Articles 001-013, update gap closure, canonical sources, statuses, and publication roles",D-CROSS-01
2026-08-16T01:10:21.456166+00:00,modified,research_program/action_register.csv,b8c9f4b3c76637a22eb2feb88559761d7d1066c1c417a980836964cd6060280a,4244cce64a7aa4397967ab3e1fc3059d124f284744df642523379d881cd1161f,72354,72690,Create comprehensive self-contained mathematical error and repair register across master and Articles 001-013,D-CROSS-02
2026-08-16T01:10:21.456166+00:00,modified,research_program/action_register.md,83c728047da12770cd964f8676f7c28f0042d9078971995a3df641cd0de7e2c6,c2b01a9877eb5307cb65074a1b8f15e9df71e8de2e6b9b978470b5573208ef0c,99252,99658,Create comprehensive self-contained mathematical error and repair register across master and Articles 001-013,D-CROSS-02
2026-08-16T01:10:21.456166+00:00,created,research_program/mathematical_error_register.md,,c19e55f0820ad8e377d125b7b642c7ef56a869062155d1c732b798b25d331718,,34308,Create comprehensive self-contained mathematical error and repair register across master and Articles 001-013,D-CROSS-02
2026-08-16T01:15:10.065910+00:00,modified,research_program/action_register.csv,4244cce64a7aa4397967ab3e1fc3059d124f284744df642523379d881cd1161f,876fd688568efc29751496fc90656c1cdbc1424099c9af328bb5d90567702849,72690,72836,"Correct mathematical error register to distinguish corrected, live, superseded, diagnosed, and documentation-only issues",D-CROSS-02
2026-08-16T01:15:10.065910+00:00,modified,research_program/action_register.md,c2b01a9877eb5307cb65074a1b8f15e9df71e8de2e6b9b978470b5573208ef0c,bedb6d70ab7b59f70ce285b7e8bd35228c49ffd909de65ec2b8f18686f76756b,99658,99804,"Correct mathematical error register to distinguish corrected, live, superseded, diagnosed, and documentation-only issues",D-CROSS-02
2026-08-16T01:15:10.065910+00:00,modified,research_program/mathematical_error_register.md,c19e55f0820ad8e377d125b7b642c7ef56a869062155d1c732b798b25d331718,d394fa53ee6426c282c7c0a47ca586641fed77cec7460ac5521b48a9dfad0fe4,34308,15780,"Correct mathematical error register to distinguish corrected, live, superseded, diagnosed, and documentation-only issues",D-CROSS-02
2026-08-16T01:22:57.756818+00:00,modified,research_program/action_register.csv,876fd688568efc29751496fc90656c1cdbc1424099c9af328bb5d90567702849,c696a7491af8d3d7c40235286f2fb97b4b79e4be37507a29b4ae87dc5b9a6d85,72836,73200,Create self-contained external review packet for mathematical correction and priority advice,D-EXT-01
2026-08-16T01:22:57.756818+00:00,modified,research_program/action_register.md,bedb6d70ab7b59f70ce285b7e8bd35228c49ffd909de65ec2b8f18686f76756b,8ace2cc726149ec50ff3f6dc002566e1f91f216d364c12ca2460921549731310,99804,100264,Create self-contained external review packet for mathematical correction and priority advice,D-EXT-01
2026-08-16T01:22:57.756818+00:00,created,research_program/external_review_packet.md,,9948f44e4d250c232947fd048fdac49405e2736df16dce2f37669fce0e1e9ba5,,16134,Create self-contained external review packet for mathematical correction and priority advice,D-EXT-01
2026-08-16T01:36:04.876035+00:00,modified,research_program/external_review_packet.md,9948f44e4d250c232947fd048fdac49405e2736df16dce2f37669fce0e1e9ba5,a3656680dfb789b03e5b71517c7fdbc2cbff7bd954bead924cb18323eb757d4e,16134,23354,"Strengthen external review packet with self-contained formal conventions, source roles, verdict vocabulary, and mandatory decision questions",D-EXT-01
2026-08-16T01:40:38.710369+00:00,modified,research_program/external_review_packet.md,a3656680dfb789b03e5b71517c7fdbc2cbff7bd954bead924cb18323eb757d4e,5848b50df76fc46b0eb81379304f28ac1dfe2544c24d2833942752f80e526ac0,23354,26518,Add prioritized article attachment bundle to self-contained external review packet,D-EXT-01
2026-08-16T01:55:35.982172+00:00,modified,research_program/action_register.csv,c696a7491af8d3d7c40235286f2fb97b4b79e4be37507a29b4ae87dc5b9a6d85,87512fab1bc1820b886326b47c06b6d415c8e0a88504bbb075d0e8205eb02ee3,73200,73597,Create internal provisional response to external review questions without implementing recommendations,D-EXT-02
2026-08-16T01:55:35.982172+00:00,modified,research_program/action_register.md,8ace2cc726149ec50ff3f6dc002566e1f91f216d364c12ca2460921549731310,74df1f9dd226229f844cb7b7573d78c5891f70f13c9bd685315c0cfda562ac4e,100264,100751,Create internal provisional response to external review questions without implementing recommendations,D-EXT-02
2026-08-16T01:55:35.982172+00:00,created,research_program/internal_provisional_response_to_external_packet.md,,27093c535c7099190ab399dba9af56ec605d7c90864bb699a4cd78563d8db31e,,24397,Create internal provisional response to external review questions without implementing recommendations,D-EXT-02
2026-08-16T02:34:45.510424+00:00,modified,research_program/action_register.csv,87512fab1bc1820b886326b47c06b6d415c8e0a88504bbb075d0e8205eb02ee3,8e7e89cfa9dabb83b8f7ae9bd866fd4111e877c7edb12605b84a1b0ba971ec6a,73597,73957,Receive and inventory external review ER001 without implementation pending joint adjudication,ER001-RECEIVED
2026-08-16T02:34:45.510424+00:00,modified,research_program/action_register.md,74df1f9dd226229f844cb7b7573d78c5891f70f13c9bd685315c0cfda562ac4e,795389c861c07c9335d684cf0adf33e4a609ef13a63917ea5f148662b21717bf,100751,101230,Receive and inventory external review ER001 without implementation pending joint adjudication,ER001-RECEIVED
2026-08-16T02:34:45.510424+00:00,created,research_program/external_review_registry.csv,,a6777fe39393be00eee7189d736cf6be8ff9d427c85f4efa30a4cb886279297e,,486,Receive and inventory external review ER001 without implementation pending joint adjudication,ER001-RECEIVED
2026-08-16T02:34:45.510424+00:00,created,research_program/external_reviews/ER001_gemini/metadata.md,,088984eeff0b5b7dc8967d7885f6b0022640ab337de9e3b0e1802102bc8fea89,,548,Receive and inventory external review ER001 without implementation pending joint adjudication,ER001-RECEIVED
2026-08-16T02:34:45.510424+00:00,created,research_program/external_reviews/ER001_gemini/point_inventory.md,,e465837869c76f24f32e745ea634028cacb4c8b33fd365f2f00d62cd6e91442a,,4866,Receive and inventory external review ER001 without implementation pending joint adjudication,ER001-RECEIVED
2026-08-16T02:34:45.510424+00:00,created,uploads/gemini.txt,,a68b84f63eea99f3562b45da2a241b58445b7ae2dbfd4c9d272148aa76c61dc3,,106532,Receive and inventory external review ER001 without implementation pending joint adjudication,ER001-RECEIVED
2026-08-16T02:35:37.802685+00:00,modified,research_program/action_register.csv,8e7e89cfa9dabb83b8f7ae9bd866fd4111e877c7edb12605b84a1b0ba971ec6a,1935eaa6cac5c4086ff062c077b43625b59402bb197023f2f73f2adf9a2ec6e3,73957,74341,Receive and inventory external review ER002 without implementation pending joint adjudication,ER002-RECEIVED
2026-08-16T02:35:37.802685+00:00,modified,research_program/action_register.md,795389c861c07c9335d684cf0adf33e4a609ef13a63917ea5f148662b21717bf,8bdb28331c5258293f84c7c98a9640aa92cff6f6172689edee3d45d1222c3686,101230,101713,Receive and inventory external review ER002 without implementation pending joint adjudication,ER002-RECEIVED
2026-08-16T02:35:37.802685+00:00,modified,research_program/external_review_registry.csv,a6777fe39393be00eee7189d736cf6be8ff9d427c85f4efa30a4cb886279297e,c30e5397b4a556259e8a24b09c431bc44cc0fe6b1ed34a910c7af79fc0a1cc15,486,954,Receive and inventory external review ER002 without implementation pending joint adjudication,ER002-RECEIVED
2026-08-16T02:35:37.802685+00:00,created,research_program/external_reviews/ER002_independent/metadata.md,,0f05606df66820d67981a90f240c709b6ef364b1d2e6dff75737fda7889c1c00,,583,Receive and inventory external review ER002 without implementation pending joint adjudication,ER002-RECEIVED
2026-08-16T02:35:37.802685+00:00,created,research_program/external_reviews/ER002_independent/point_inventory.md,,c6fc6b5bfc38cd24e69bf74d93fa585dac2069ba52fbaff0d1fbaa0d236989ae,,6840,Receive and inventory external review ER002 without implementation pending joint adjudication,ER002-RECEIVED
2026-08-16T02:35:37.802685+00:00,created,uploads/external_review_response.md,,cf90efccbcd14dc61b151d35f508067e4a3c4746846a4cbc4a87d61eca1d5a7f,,65831,Receive and inventory external review ER002 without implementation pending joint adjudication,ER002-RECEIVED
2026-08-16T02:39:47.820501+00:00,modified,research_program/action_register.csv,1935eaa6cac5c4086ff062c077b43625b59402bb197023f2f73f2adf9a2ec6e3,127dcd30e0c07600469d83d9ca46b70730e2ae68dd5cd4193bdfdad1d73aaf07,74341,74771,Receive and inventory conversation-pasted external review ER003 without implementation pending joint adjudication,ER003-RECEIVED
2026-08-16T02:39:47.820501+00:00,modified,research_program/action_register.md,8bdb28331c5258293f84c7c98a9640aa92cff6f6172689edee3d45d1222c3686,0d16bff31d27af3184fd9f5b4153eacc6b7473486b661189dbf816b0d454e856,101713,102242,Receive and inventory conversation-pasted external review ER003 without implementation pending joint adjudication,ER003-RECEIVED
2026-08-16T02:39:47.820501+00:00,modified,research_program/external_review_registry.csv,c30e5397b4a556259e8a24b09c431bc44cc0fe6b1ed34a910c7af79fc0a1cc15,2ff47f332db3868a2555f01a85aebf0634abdccd169fa630502c53cc187fc94b,954,1506,Receive and inventory conversation-pasted external review ER003 without implementation pending joint adjudication,ER003-RECEIVED
2026-08-16T02:39:47.820501+00:00,created,research_program/external_reviews/ER003_user_pasted/metadata.md,,adc0f195cc624099c6a735d233b20807d4867f1a1624e034308044c272a37aaa,,1097,Receive and inventory conversation-pasted external review ER003 without implementation pending joint adjudication,ER003-RECEIVED
2026-08-16T02:39:47.820501+00:00,created,research_program/external_reviews/ER003_user_pasted/point_inventory.md,,2d328cbfaffcd4f21c53a3f69d7c61959f8290efddd3476f99d65ca0e3920806,,9214,Receive and inventory conversation-pasted external review ER003 without implementation pending joint adjudication,ER003-RECEIVED
2026-08-16T02:58:30.813888+00:00,modified,research_program/action_register.csv,127dcd30e0c07600469d83d9ca46b70730e2ae68dd5cd4193bdfdad1d73aaf07,5e14d423602bc89e31612fc41c745b83e4ae92fa6d6f28c0104ffb3b932e6b88,74771,75168,Receive and inventory five-part external review package ER004 without implementation pending joint adjudication,ER004-RECEIVED
2026-08-16T02:58:30.813888+00:00,modified,research_program/action_register.md,0d16bff31d27af3184fd9f5b4153eacc6b7473486b661189dbf816b0d454e856,a49006fd994e0a9d2027d6a9b2be098353b4d5dece50dc2c5ed3b0ce034b0ac9,102242,102736,Receive and inventory five-part external review package ER004 without implementation pending joint adjudication,ER004-RECEIVED
2026-08-16T02:58:30.813888+00:00,modified,research_program/external_review_registry.csv,2ff47f332db3868a2555f01a85aebf0634abdccd169fa630502c53cc187fc94b,c300ae2f23bc218daf2d997a189f6d4ccee8c13bd0b200d389de5f165686207b,1506,2035,Receive and inventory five-part external review package ER004 without implementation pending joint adjudication,ER004-RECEIVED
2026-08-16T02:58:30.813888+00:00,created,research_program/external_reviews/ER004_qwen_package/metadata.md,,ea654902d3477deebc3fbb0bd0e2fed6f90257bcf31ec917379bc910530826a0,,730,Receive and inventory five-part external review package ER004 without implementation pending joint adjudication,ER004-RECEIVED
2026-08-16T02:58:30.813888+00:00,created,research_program/external_reviews/ER004_qwen_package/package_inventory.md,,7475cfa13a0d93e84ded990794cf79f2d41e08144d7a4d0ea277ffe4e69c8aee,,7837,Receive and inventory five-part external review package ER004 without implementation pending joint adjudication,ER004-RECEIVED
2026-08-16T02:58:30.813888+00:00,created,uploads/qwen.txt,,396d5dfe02019c7796fba52bcd15b428459dd95b3c452527b48b11eee06e8f2a,,16719,Receive and inventory five-part external review package ER004 without implementation pending joint adjudication,ER004-RECEIVED
2026-08-16T02:58:30.813888+00:00,created,uploads/qwen2.txt,,ecb277c408aa39af20fc6956b98dc6b5f1490d25318a8353bc329c8b06872b69,,8410,Receive and inventory five-part external review package ER004 without implementation pending joint adjudication,ER004-RECEIVED
2026-08-16T02:58:30.813888+00:00,created,uploads/qwen3.txt,,4a0d8e0cae668e63a9006d9dd8d48fc5d44bff89a4a9e44afa8449707da77522,,30068,Receive and inventory five-part external review package ER004 without implementation pending joint adjudication,ER004-RECEIVED
2026-08-16T02:58:30.813888+00:00,created,uploads/qwen4.txt,,af7e3160cec4f6ab715889f3700080ccc24202e69ab058458bbe545f776301d1,,18707,Receive and inventory five-part external review package ER004 without implementation pending joint adjudication,ER004-RECEIVED
2026-08-16T02:58:30.813888+00:00,created,uploads/qwen5.txt,,0a459e6593b1c4676b0861c1d728a143c46f39e11520ef275efc9ec51775154a,,20018,Receive and inventory five-part external review package ER004 without implementation pending joint adjudication,ER004-RECEIVED
2026-08-16T03:03:45.204196+00:00,modified,research_program/action_register.csv,5e14d423602bc89e31612fc41c745b83e4ae92fa6d6f28c0104ffb3b932e6b88,6e6f70463a862c0052e676feaa9e1a1be1cf453a4a0ab8e61b468c63cc3e3153,75168,75107,Attach verbatim grok.txt source to existing external review ER003; avoid duplicate vote,ER003-RECEIVED
2026-08-16T03:03:45.204196+00:00,modified,research_program/action_register.md,a49006fd994e0a9d2027d6a9b2be098353b4d5dece50dc2c5ed3b0ce034b0ac9,d1921804dfa3bcdf6d64ba294e03fbb9416b14fe16018633df07047d6e8312f9,102736,102673,Attach verbatim grok.txt source to existing external review ER003; avoid duplicate vote,ER003-RECEIVED
2026-08-16T03:03:45.204196+00:00,modified,research_program/external_review_registry.csv,c300ae2f23bc218daf2d997a189f6d4ccee8c13bd0b200d389de5f165686207b,db40efffb904f2e1443a6305cc1a0262c811118303f68a70174a8f0dad69b248,2035,1994,Attach verbatim grok.txt source to existing external review ER003; avoid duplicate vote,ER003-RECEIVED
2026-08-16T03:03:45.204196+00:00,modified,research_program/external_reviews/ER003_user_pasted/metadata.md,adc0f195cc624099c6a735d233b20807d4867f1a1624e034308044c272a37aaa,a8c013dcfcdc8cdf45fe88deff1a8ac09f92d67b2a7dd95d2b29f3f808cba383,1097,957,Attach verbatim grok.txt source to existing external review ER003; avoid duplicate vote,ER003-RECEIVED
2026-08-16T03:03:45.204196+00:00,created,uploads/grok.txt,,ce6c662d3ca0c261a657d95b11b7d108f866ec76d7e93c451834d8851976d50b,,110121,Attach verbatim grok.txt source to existing external review ER003; avoid duplicate vote,ER003-RECEIVED
2026-08-16T03:13:23.601715+00:00,modified,research_program/action_register.csv,6e6f70463a862c0052e676feaa9e1a1be1cf453a4a0ab8e61b468c63cc3e3153,be40a7973f817c63ba7b2b6889a64ff47bc83b5668fa8e8e2d40bf05be84e23e,75107,75541,Receive and inventory external review ER005 numbered package; deduplicate identical parts; no implementation,ER005-RECEIVED
2026-08-16T03:13:23.601715+00:00,modified,research_program/action_register.md,d1921804dfa3bcdf6d64ba294e03fbb9416b14fe16018633df07047d6e8312f9,f57a392087c2e200d2a7d59cad39bb309447750be12a4f755f7132138293c70f,102673,103206,Receive and inventory external review ER005 numbered package; deduplicate identical parts; no implementation,ER005-RECEIVED
2026-08-16T03:13:23.601715+00:00,modified,research_program/external_review_registry.csv,db40efffb904f2e1443a6305cc1a0262c811118303f68a70174a8f0dad69b248,f7dc13b23695784e74be49385a7662696c9b5e62864ba97e46f2c2450468b7cf,1994,2556,Receive and inventory external review ER005 numbered package; deduplicate identical parts; no implementation,ER005-RECEIVED
2026-08-16T03:13:23.601715+00:00,created,research_program/external_reviews/ER005_numbered_package/metadata.md,,e24dc432d884b0fbb9c95385ac8fc335fbd6fce8e7c715cd9a96a5f7736907e6,,588,Receive and inventory external review ER005 numbered package; deduplicate identical parts; no implementation,ER005-RECEIVED
2026-08-16T03:13:23.601715+00:00,created,research_program/external_reviews/ER005_numbered_package/package_inventory.md,,d6f736b59fc7da244fc433b4feb28a87e96adb93063eb9b4c3cb849002490514,,3883,Receive and inventory external review ER005 numbered package; deduplicate identical parts; no implementation,ER005-RECEIVED
2026-08-16T03:13:23.601715+00:00,created,uploads/1.txt,,b699846d7893ae1aac86371bded2c81fbdab2d146dca8b8c84c1010e00837a4a,,11542,Receive and inventory external review ER005 numbered package; deduplicate identical parts; no implementation,ER005-RECEIVED
2026-08-16T03:13:23.601715+00:00,created,uploads/2.txt,,72c70daa0beff965fb93c4752685c01ac4ad33d656248d79bc639b59b53dbace,,12302,Receive and inventory external review ER005 numbered package; deduplicate identical parts; no implementation,ER005-RECEIVED
2026-08-16T03:13:23.601715+00:00,created,uploads/3.txt,,72c70daa0beff965fb93c4752685c01ac4ad33d656248d79bc639b59b53dbace,,12302,Receive and inventory external review ER005 numbered package; deduplicate identical parts; no implementation,ER005-RECEIVED
2026-08-16T03:13:23.601715+00:00,created,uploads/4.txt,,f2d529065819202f82dafe0df8c2eb652351f7ba43c40fe6cdf2539ea8884dfa,,13052,Receive and inventory external review ER005 numbered package; deduplicate identical parts; no implementation,ER005-RECEIVED
2026-08-16T03:13:23.601715+00:00,created,uploads/5.txt,,3c53a16fe0ee2ecdfc17593f569dc9fed07f3c7084772c4e80b65498ba08edd5,,11745,Receive and inventory external review ER005 numbered package; deduplicate identical parts; no implementation,ER005-RECEIVED
2026-08-16T03:28:04.613048+00:00,modified,research_program/action_register.csv,be40a7973f817c63ba7b2b6889a64ff47bc83b5668fa8e8e2d40bf05be84e23e,400ecb8d2ad8caa1261dde6da39c45e51bf3cf8438b04848046fc9444bd05d76,75541,75536,Add qwen6.txt as sixth part of existing ER004 package; no implementation,ER004-RECEIVED
2026-08-16T03:28:04.613048+00:00,modified,research_program/action_register.md,f57a392087c2e200d2a7d59cad39bb309447750be12a4f755f7132138293c70f,04dc91cc3214998a004a64d48219688c018ac24ec01ce12906631c272bff4164,103206,103203,Add qwen6.txt as sixth part of existing ER004 package; no implementation,ER004-RECEIVED
2026-08-16T03:28:04.613048+00:00,modified,research_program/external_review_registry.csv,f7dc13b23695784e74be49385a7662696c9b5e62864ba97e46f2c2450468b7cf,4c6d1516de3b68c22a904e37c8372711a217e9ef29949467e7fcd0194e9f37d8,2556,2589,Add qwen6.txt as sixth part of existing ER004 package; no implementation,ER004-RECEIVED
2026-08-16T03:28:04.613048+00:00,modified,research_program/external_reviews/ER004_qwen_package/metadata.md,ea654902d3477deebc3fbb0bd0e2fed6f90257bcf31ec917379bc910530826a0,61141668d742d26eb20a0ad59033d8dd76d42ae6a46fe519e5abadfac6e764df,730,742,Add qwen6.txt as sixth part of existing ER004 package; no implementation,ER004-RECEIVED
2026-08-16T03:28:04.613048+00:00,modified,research_program/external_reviews/ER004_qwen_package/package_inventory.md,7475cfa13a0d93e84ded990794cf79f2d41e08144d7a4d0ea277ffe4e69c8aee,a3f95f05583e65affff5d205b9e81957d8e501d8429de8d393f094fe1e92476b,7837,12169,Add qwen6.txt as sixth part of existing ER004 package; no implementation,ER004-RECEIVED
2026-08-16T03:28:04.613048+00:00,created,uploads/qwen6.txt,,51a50749a0884ae633fbd7f477fa1d4591ff7d36d0e064482ec692c60447bc48,,48414,Add qwen6.txt as sixth part of existing ER004 package; no implementation,ER004-RECEIVED
2026-08-16T03:32:21.395871+00:00,modified,research_program/action_register.csv,400ecb8d2ad8caa1261dde6da39c45e51bf3cf8438b04848046fc9444bd05d76,dbb4f2b1bbf4197579f6d7da747c012d71871711cf0476b34788fdfe4b9c3fc9,75536,75923,Complete recency-neutral joint adjudication of external reviews ER001-ER005 without implementation,D-EXT-JOINT-01
2026-08-16T03:32:21.395871+00:00,modified,research_program/action_register.md,04dc91cc3214998a004a64d48219688c018ac24ec01ce12906631c272bff4164,6f6a2d336715a1db9a9a2a64bd8b400981e517b88820c7634038d231bf7d491f,103203,103682,Complete recency-neutral joint adjudication of external reviews ER001-ER005 without implementation,D-EXT-JOINT-01
2026-08-16T03:32:21.395871+00:00,modified,research_program/external_review_registry.csv,4c6d1516de3b68c22a904e37c8372711a217e9ef29949467e7fcd0194e9f37d8,f16ebd505b139ed3f15cdc89ef64013d04b584b183e3c6ca6f84f9989b982e0c,2589,2460,Complete recency-neutral joint adjudication of external reviews ER001-ER005 without implementation,D-EXT-JOINT-01
2026-08-16T03:32:21.395871+00:00,created,research_program/external_reviews/joint_audit_ER001_ER005.md,,8851f995460b408ff33177668b9944ad3d7454e153b9b9090951e632c673e3c9,,36418,Complete recency-neutral joint adjudication of external reviews ER001-ER005 without implementation,D-EXT-JOINT-01
2026-08-16T03:35:40.791686+00:00,modified,research_program/action_register.csv,dbb4f2b1bbf4197579f6d7da747c012d71871711cf0476b34788fdfe4b9c3fc9,3e53fc0c57e1e3238623bcc2ed0a00d3f9a246d1ecb4c3a3c5b5b788b08d1a91,75923,76496,"Complete joint meta-audit of ER001-ER005, assistant summary, and all 435 pre-existing logged recommendations without manuscript implementation",D-EXT-ALLREC-01
2026-08-16T03:35:40.791686+00:00,modified,research_program/action_register.md,6f6a2d336715a1db9a9a2a64bd8b400981e517b88820c7634038d231bf7d491f,6a1edc38bc447e9789f0494c4f2fbe20f5c899243ce9169947685d734708b01c,103682,104343,"Complete joint meta-audit of ER001-ER005, assistant summary, and all 435 pre-existing logged recommendations without manuscript implementation",D-EXT-ALLREC-01
2026-08-16T03:35:40.791686+00:00,created,research_program/external_reviews/joint_audit_ER001_ER005_plus_all_logged_recommendations.md,,048b4d4f5848678acd778370cd0199a5f81840bc81e0d1dfe1c2b721bfb45be3,,20195,"Complete joint meta-audit of ER001-ER005, assistant summary, and all 435 pre-existing logged recommendations without manuscript implementation",D-EXT-ALLREC-01
2026-08-16T03:35:40.791686+00:00,created,research_program/external_reviews/recommendation_reconciliation_all_logged.csv,,b901933bbe9e91033e170589d0078086de3ed8e1ddff9aed47bd1c203a543b18,,112936,"Complete joint meta-audit of ER001-ER005, assistant summary, and all 435 pre-existing logged recommendations without manuscript implementation",D-EXT-ALLREC-01
2026-08-16T03:42:50.332954+00:00,modified,research_program/action_register.csv,3e53fc0c57e1e3238623bcc2ed0a00d3f9a246d1ecb4c3a3c5b5b788b08d1a91,35e5a7a57fe63badcb1967dd91e84082d08bb84638749191feca99e5450f5a26,76496,77195,"Implement authorized joint-audit formal spine, source bridge, traceability, roadmap, and registry updates",I-EXT-JOINT-MANUSCRIPT-01
2026-08-16T03:42:50.332954+00:00,modified,research_program/action_register.md,6a1edc38bc447e9789f0494c4f2fbe20f5c899243ce9169947685d734708b01c,96cb703147359b2af2ee93ba95342a08c58b7651f2ed04e607be59cab2f00f01,104343,105138,"Implement authorized joint-audit formal spine, source bridge, traceability, roadmap, and registry updates",I-EXT-JOINT-MANUSCRIPT-01
2026-08-16T03:42:50.332954+00:00,created,research_program/canonical_formal_specification_post_joint_audit.md,,0dea0749f1dafbe2b81f4ff6760dd38678e005befe0f695e9a53819acf6dafca,,9148,"Implement authorized joint-audit formal spine, source bridge, traceability, roadmap, and registry updates",I-EXT-JOINT-MANUSCRIPT-01
2026-08-16T03:42:50.332954+00:00,modified,research_program/external_review_registry.csv,f16ebd505b139ed3f15cdc89ef64013d04b584b183e3c6ca6f84f9989b982e0c,77219361daecfb97551c51c9e0e98807fb35227e572b10cef5f77b400b7c617a,2460,3090,"Implement authorized joint-audit formal spine, source bridge, traceability, roadmap, and registry updates",I-EXT-JOINT-MANUSCRIPT-01
2026-08-16T03:42:50.332954+00:00,modified,research_program/external_reviews/recommendation_reconciliation_all_logged.csv,b901933bbe9e91033e170589d0078086de3ed8e1ddff9aed47bd1c203a543b18,9a43a210a8f2ddd20d03ffd4ac6477d0010f2d11b05eed0798926cbce6f858be,112936,113277,"Implement authorized joint-audit formal spine, source bridge, traceability, roadmap, and registry updates",I-EXT-JOINT-MANUSCRIPT-01
2026-08-16T03:42:50.332954+00:00,modified,research_program/priority_roadmap.md,dd115e62caaa6a45914376730c59068f56deedd6ee543a34b1456034ea7ad705,d837bd84c36da21aa7a2e81cfe7575a9cad94a58a40e43a3d69fb01ed2602c0b,8817,9519,"Implement authorized joint-audit formal spine, source bridge, traceability, roadmap, and registry updates",I-EXT-JOINT-MANUSCRIPT-01
2026-08-16T03:42:50.332954+00:00,modified,revised_manuscript_traceability.docx,53a13180eb767e04bf465accd70f0ed47982b7f459fdc095fc8b43783e249ddf,9b01b7a0aca178346365802f0cd3a10c7f94d195b881d99acb1ff91c7107e701,43212,44265,"Implement authorized joint-audit formal spine, source bridge, traceability, roadmap, and registry updates",I-EXT-JOINT-MANUSCRIPT-01
2026-08-16T03:42:50.332954+00:00,modified,revised_manuscript_traceability.md,835bc9d6b7aa94382c18f577862ebe5520a466128e78324e453aa9a61d5f51c0,ed5ecb075541baec3aaa1b2f9fb59a98df52226729dffbac5228a592fc43e15f,12105,14354,"Implement authorized joint-audit formal spine, source bridge, traceability, roadmap, and registry updates",I-EXT-JOINT-MANUSCRIPT-01
2026-08-16T03:42:50.332954+00:00,modified,revised_sustainability_manuscript.docx,5bb4644322a75d93c5e820a4ff09a0de81bc6f5d6ec20b90b366fef40b02de9c,01054c5fba712257a16000e1b73e093a4dee30a52bd2ff8f4f7ec71f24b76a57,81041,87256,"Implement authorized joint-audit formal spine, source bridge, traceability, roadmap, and registry updates",I-EXT-JOINT-MANUSCRIPT-01
2026-08-16T03:42:50.332954+00:00,modified,revised_sustainability_manuscript.md,0256219d4fa6a9f1c6580a22168b78428711b4de639b0a4671bb8846217806e1,927ff9f5e315848fd56ffb9f9c8384a37a8a11bdaf94c420d28db63f616b7fd0,110393,126800,"Implement authorized joint-audit formal spine, source bridge, traceability, roadmap, and registry updates",I-EXT-JOINT-MANUSCRIPT-01
2026-08-16T20:00:24.336413+00:00,modified,research_program/action_register.csv,35e5a7a57fe63badcb1967dd91e84082d08bb84638749191feca99e5450f5a26,c24c1454e014a0a2f9e3aa23e03ebc8ed486cff2878cdbf24bcc0c4e0a0d9b59,77195,83687,"Receive, verify, register, and cross-review Articles A014-A017 without integrating uncorrected claims",D-A014-A017-VERIFY-01
2026-08-16T20:00:24.336413+00:00,modified,research_program/action_register.md,96cb703147359b2af2ee93ba95342a08c58b7651f2ed04e607be59cab2f00f01,f386b5eca9ed90446e980e10f86a9e20b4afbec2ca882617731e657ebc17bfa7,105138,113774,"Receive, verify, register, and cross-review Articles A014-A017 without integrating uncorrected claims",D-A014-A017-VERIFY-01
2026-08-16T20:00:24.336413+00:00,created,research_program/article_014_017_external_verification_sources.md,,8d5b1173beed46b834fcd28214d2e16d095d51351c661a490ba2502afb173919,,3269,"Receive, verify, register, and cross-review Articles A014-A017 without integrating uncorrected claims",D-A014-A017-VERIFY-01
2026-08-16T20:00:24.336413+00:00,created,research_program/article_014_northern_cod/evaluation_and_verification.md,,fdedbb236880ad01fa09778732b0e1b93842f31ae853479d772e8c67317a9bc0,,5832,"Receive, verify, register, and cross-review Articles A014-A017 without integrating uncorrected claims",D-A014-A017-VERIFY-01
2026-08-16T20:00:24.336413+00:00,created,research_program/article_014_northern_cod/formal_content_inventory.md,,3d45fdb50a7fb8383aafb6a229fb5cd263b25c7cb210f8b33332166ddae92d59,,1962,"Receive, verify, register, and cross-review Articles A014-A017 without integrating uncorrected claims",D-A014-A017-VERIFY-01
2026-08-16T20:00:24.336413+00:00,created,research_program/article_015_rejected_multidomain/evaluation_and_verification.md,,ad8b9bf1a21d08fe573082ebfb563d55007218d8cedb51cc61bea058c3c36088,,2431,"Receive, verify, register, and cross-review Articles A014-A017 without integrating uncorrected claims",D-A014-A017-VERIFY-01
2026-08-16T20:00:24.336413+00:00,created,research_program/article_015_rejected_multidomain/formal_content_inventory.md,,442271b280e785492c96738a297bcfc4efc546d37cf37d64f0e29a63da5c22dd,,1084,"Receive, verify, register, and cross-review Articles A014-A017 without integrating uncorrected claims",D-A014-A017-VERIFY-01
2026-08-16T20:00:24.336413+00:00,created,research_program/article_016_adaptive_capacity/evaluation_and_verification.md,,62b787ea26fc92756a500b63524feb441ceca857e443954f3a98e8a6edcad891,,4623,"Receive, verify, register, and cross-review Articles A014-A017 without integrating uncorrected claims",D-A014-A017-VERIFY-01
2026-08-16T20:00:24.336413+00:00,created,research_program/article_016_adaptive_capacity/formal_content_inventory.md,,dc05a7ed819086362e8687bc9fe9b5836825588a15fce8cb314559928cdc640e,,1566,"Receive, verify, register, and cross-review Articles A014-A017 without integrating uncorrected claims",D-A014-A017-VERIFY-01
2026-08-16T20:00:24.336413+00:00,created,research_program/article_017_institutional_index_negative/evaluation_and_verification.md,,5ba4d05b0a5f71372f0dddf94f06bfd8b20a118b56a9ecfdb1fa962d9ed8f090,,2591,"Receive, verify, register, and cross-review Articles A014-A017 without integrating uncorrected claims",D-A014-A017-VERIFY-01
2026-08-16T20:00:24.336413+00:00,created,research_program/article_017_institutional_index_negative/formal_content_inventory.md,,73db14ca9e7611d8d35fb2ab499074ec1eb043fb795c28a6452dcbca99c4cf14,,974,"Receive, verify, register, and cross-review Articles A014-A017 without integrating uncorrected claims",D-A014-A017-VERIFY-01
2026-08-16T20:00:24.336413+00:00,modified,research_program/claim_ledger.csv,1aa345eb362271432882093b432360a7e96fbe8ebdf53413470e99d5e6ac74ad,0f7702390e386f7215b69a0c75cdb738934268b5bfc9b40789e4a7caebb08056,3506,6184,"Receive, verify, register, and cross-review Articles A014-A017 without integrating uncorrected claims",D-A014-A017-VERIFY-01
2026-08-16T20:00:24.336413+00:00,modified,research_program/computational_objects.csv,deffb64eb9a3b9169792888cfbdf817f8113e93ce797f10f59d5bdb5154cbf51,7be176cc2c0d04cc5d6204faa6cd40b3f6085b388877fa319696802ecf41d3e7,1034,1626,"Receive, verify, register, and cross-review Articles A014-A017 without integrating uncorrected claims",D-A014-A017-VERIFY-01
2026-08-16T20:00:24.336413+00:00,created,research_program/cross_article_review_A001_A017.md,,6deab8693744d66215448dd21c624a694e126539035fc8be4081d375ea77714b,,20963,"Receive, verify, register, and cross-review Articles A014-A017 without integrating uncorrected claims",D-A014-A017-VERIFY-01
2026-08-16T20:00:24.336413+00:00,modified,research_program/cross_source_gap_register.csv,1d401ed4d772ab8aa309db9f4899487c72e7fd26884d570357d526b91e883f4f,9a88a51df5daf083b7e69a547f584ed5e231f8634a76d41f81f910704079ed7e,2369,3082,"Receive, verify, register, and cross-review Articles A014-A017 without integrating uncorrected claims",D-A014-A017-VERIFY-01
2026-08-16T20:00:24.336413+00:00,modified,research_program/external_reviews/recommendation_reconciliation_all_logged.csv,9a43a210a8f2ddd20d03ffd4ac6477d0010f2d11b05eed0798926cbce6f858be,3be71f01821a65f5aee76beb6e4b96dbe720fd8015140273dc149dc3331e4476,113277,122383,"Receive, verify, register, and cross-review Articles A014-A017 without integrating uncorrected claims",D-A014-A017-VERIFY-01
2026-08-16T20:00:24.336413+00:00,modified,research_program/inference_edges.csv,3f09223f81d7c579ae13049b3061fc0ac26d46cd8221a392423ad4d6a57f059f,5e54e2c2dbcb08a5c014ceb5f5d5c8b8058b1173d2ab05c57546819ab30796d2,585,1261,"Receive, verify, register, and cross-review Articles A014-A017 without integrating uncorrected claims",D-A014-A017-VERIFY-01
2026-08-16T20:00:24.336413+00:00,modified,research_program/mathematical_error_register.md,d394fa53ee6426c282c7c0a47ca586641fed77cec7460ac5521b48a9dfad0fe4,b1a5a96703ad3ef293a7135dc439dc1d6d2e20990ebd131ee4a6043d43537aa8,15780,18021,"Receive, verify, register, and cross-review Articles A014-A017 without integrating uncorrected claims",D-A014-A017-VERIFY-01
2026-08-16T20:00:24.336413+00:00,modified,research_program/priority_roadmap.md,d837bd84c36da21aa7a2e81cfe7575a9cad94a58a40e43a3d69fb01ed2602c0b,8cedec0d1c0942937e3100b6fe4b19790f2943f6ce31da0a5ec654cc0f6b3467,9519,10149,"Receive, verify, register, and cross-review Articles A014-A017 without integrating uncorrected claims",D-A014-A017-VERIFY-01
2026-08-16T20:00:24.336413+00:00,modified,research_program/source_registry.csv,98f0fc59592399b2783b2459e107634c33384492760814b7b3364e66bf55186e,7e1b29ff537f2611e2f234a1609f805875e3567db45f02f27a5e1956b87dd8cb,6893,8861,"Receive, verify, register, and cross-review Articles A014-A017 without integrating uncorrected claims",D-A014-A017-VERIFY-01
2026-08-16T20:00:24.336413+00:00,created,uploads/paper1_final.md,,dbb9145aca0765652737f953ff7ea03162d643a33a336db6893eb6cfb3698795,,10406,"Receive, verify, register, and cross-review Articles A014-A017 without integrating uncorrected claims",D-A014-A017-VERIFY-01
2026-08-16T20:00:24.336413+00:00,created,uploads/paper2_final.md,,9091474d11cc43da7cce5af285e445223dd5896ba028d3c39a8991b5a3d8fca8,,3542,"Receive, verify, register, and cross-review Articles A014-A017 without integrating uncorrected claims",D-A014-A017-VERIFY-01
2026-08-16T20:00:24.336413+00:00,created,uploads/paper3_final.md,,b15afc1e5ddb40fea6d29713f99f23bd3bca4c70d5c23d33e89c299640d19fde,,9139,"Receive, verify, register, and cross-review Articles A014-A017 without integrating uncorrected claims",D-A014-A017-VERIFY-01
2026-08-16T20:00:24.336413+00:00,created,uploads/paper4_final.md,,839d14bfe1eeb770fa704e5228ba6ed84f607b7e042eb6e004be907fd761add3,,4536,"Receive, verify, register, and cross-review Articles A014-A017 without integrating uncorrected claims",D-A014-A017-VERIFY-01
2026-08-16T20:19:19.727774+00:00,modified,research_program/action_register.csv,c24c1454e014a0a2f9e3aa23e03ebc8ed486cff2878cdbf24bcc0c4e0a0d9b59,15eecb2a53835d4dd1aad79029c77240abfeb6bfaec404c49c73c349252c4b06,83687,99303,"Implement authorized article-level corrections for A001-A017 in corrected source files, preserving immutable uploads and separate empirical obligations",I-ALL-ARTICLES-PHASE2
2026-08-16T20:19:19.727774+00:00,modified,research_program/action_register.md,f386b5eca9ed90446e980e10f86a9e20b4afbec2ca882617731e657ebc17bfa7,547e8a1ef12a7f142ccf6e60f216c03d8f2da84138aa525d172b4a781f52f833,113774,131928,"Implement authorized article-level corrections for A001-A017 in corrected source files, preserving immutable uploads and separate empirical obligations",I-ALL-ARTICLES-PHASE2
2026-08-16T20:19:19.727774+00:00,created,research_program/all_article_corrections_implementation_plan.md,,49854d74b21bbecb628e9d291ba8e37dc78b983509533fce4c5d41c29266a375,,2553,"Implement authorized article-level corrections for A001-A017 in corrected source files, preserving immutable uploads and separate empirical obligations",I-ALL-ARTICLES-PHASE2
2026-08-16T20:19:19.727774+00:00,created,research_program/article_correction_implementation_ledger.csv,,49f24409f69b6c70a6ffafb603bd360a54a6eace1ea48a097cdea791a9fdeee6,,5560,"Implement authorized article-level corrections for A001-A017 in corrected source files, preserving immutable uploads and separate empirical obligations",I-ALL-ARTICLES-PHASE2
2026-08-16T20:19:19.727774+00:00,modified,research_program/external_reviews/recommendation_reconciliation_all_logged.csv,3be71f01821a65f5aee76beb6e4b96dbe720fd8015140273dc149dc3331e4476,20c4914b38fc9638bf84cff87af2c385754c7a3036682170c4555be1b09ef7af,122383,124864,"Implement authorized article-level corrections for A001-A017 in corrected source files, preserving immutable uploads and separate empirical obligations",I-ALL-ARTICLES-PHASE2
2026-08-16T20:19:19.727774+00:00,modified,research_program/track_file_changes.py,6fb4200ab493a4d993bc026e48c1ac4631da363222bc0f1ee59d17eae5666a96,f9d90cf14150ccf504b3f9b0dbfdb3baed407cc0d4dc9089edda8e86453ac9d5,4822,4924,"Implement authorized article-level corrections for A001-A017 in corrected source files, preserving immutable uploads and separate empirical obligations",I-ALL-ARTICLES-PHASE2
2026-08-16T20:19:19.727774+00:00,created,revised_articles/A001_viability_theory_corrected.md,,ce77d19f34a82ae131224468905a95b659ff754ea22084bfb927f88cafbce1b8,,139575,"Implement authorized article-level corrections for A001-A017 in corrected source files, preserving immutable uploads and separate empirical obligations",I-ALL-ARTICLES-PHASE2
2026-08-16T20:19:19.727774+00:00,created,revised_articles/A002_general_theory_corrected.tex,,109207dfc2197ee118c76a35db0be2fe527430a06bb952c75aec40d24641cd03,,159827,"Implement authorized article-level corrections for A001-A017 in corrected source files, preserving immutable uploads and separate empirical obligations",I-ALL-ARTICLES-PHASE2
2026-08-16T20:19:19.727774+00:00,created,revised_articles/A003_institutional_feedback_corrected.tex,,26c273fa38e8a66453a8d6f49f1200813ba1abd757161ceab31e66f04b1b4edf,,10581,"Implement authorized article-level corrections for A001-A017 in corrected source files, preserving immutable uploads and separate empirical obligations",I-ALL-ARTICLES-PHASE2
2026-08-16T20:19:19.727774+00:00,created,revised_articles/A004_phosphorus_module_corrected.tex,,0564f18f350409cfbd15b4721f51c0ee3c8f4b015034cb4db607ac87aa13f3f9,,10529,"Implement authorized article-level corrections for A001-A017 in corrected source files, preserving immutable uploads and separate empirical obligations",I-ALL-ARTICLES-PHASE2
2026-08-16T20:19:19.727774+00:00,created,revised_articles/A005_groundwater_module_corrected.tex,,dc9c4352bc2235130c54448446cd088ed45f1fe8c334a6e7de7c3178569d9ce3,,10510,"Implement authorized article-level corrections for A001-A017 in corrected source files, preserving immutable uploads and separate empirical obligations",I-ALL-ARTICLES-PHASE2
2026-08-16T20:19:19.727774+00:00,created,revised_articles/A006_robust_epistemic_corrected.tex,,7ae096185b048fc4f7627baa74658183778eeed3fb697fea71b9531d9c76d847,,17284,"Implement authorized article-level corrections for A001-A017 in corrected source files, preserving immutable uploads and separate empirical obligations",I-ALL-ARTICLES-PHASE2
2026-08-16T20:19:19.727774+00:00,created,revised_articles/A007_hybrid_architecture_corrected.tex,,0f5757032c46586f5caeb68e5d00729637b004a9120023be0057e6962896b584,,13608,"Implement authorized article-level corrections for A001-A017 in corrected source files, preserving immutable uploads and separate empirical obligations",I-ALL-ARTICLES-PHASE2
2026-08-16T20:19:19.727774+00:00,created,revised_articles/A011_periodic_review_corrected.tex,,c64f1c2145b23316b74b167f3a5500179fd17636d17bda256584e780c9633ab1,,38718,"Implement authorized article-level corrections for A001-A017 in corrected source files, preserving immutable uploads and separate empirical obligations",I-ALL-ARTICLES-PHASE2
2026-08-16T20:19:19.727774+00:00,created,revised_articles/A012_delay_dynamics_corrected.tex,,e8ee9c254bb9c22dcbfdd25a0b1b91c5b8b724ef207faf4ecbc898439534326a,,50597,"Implement authorized article-level corrections for A001-A017 in corrected source files, preserving immutable uploads and separate empirical obligations",I-ALL-ARTICLES-PHASE2
2026-08-16T20:19:19.727774+00:00,created,revised_articles/A013_component_accounting_corrected.tex,,554a822a086d16d70be1d1b3e70cf4693dd9f6a23de6cbcda5d2cccd9d24ebbc,,33532,"Implement authorized article-level corrections for A001-A017 in corrected source files, preserving immutable uploads and separate empirical obligations",I-ALL-ARTICLES-PHASE2
2026-08-16T20:19:19.727774+00:00,created,revised_articles/A014_northern_cod_revised.md,,8436dfe1d3e717d16fe9ac26c664411ad4039a1f9ccbbac7e4eed7fdae111279,,8352,"Implement authorized article-level corrections for A001-A017 in corrected source files, preserving immutable uploads and separate empirical obligations",I-ALL-ARTICLES-PHASE2
2026-08-16T20:19:19.727774+00:00,created,revised_articles/A015_rejected_multidomain_archival_note.md,,20c243dc5f5b6cb99553cae667efa34bbc2e7bb0543c058f209747e0a6fca63c,,2601,"Implement authorized article-level corrections for A001-A017 in corrected source files, preserving immutable uploads and separate empirical obligations",I-ALL-ARTICLES-PHASE2
2026-08-16T20:19:19.727774+00:00,created,revised_articles/A016_adaptive_capacity_revised.md,,9d15a40b732aaf497de902c8f504f4273405d7ef5485d88cc5ca64773e285a79,,8961,"Implement authorized article-level corrections for A001-A017 in corrected source files, preserving immutable uploads and separate empirical obligations",I-ALL-ARTICLES-PHASE2
2026-08-16T20:19:19.727774+00:00,created,revised_articles/A017_institutional_index_negative_revised.md,,724325850a685dbe1c1b3e3b23548aaf8fe212b7ca871a3eb8012e6a5cc28a29,,4015,"Implement authorized article-level corrections for A001-A017 in corrected source files, preserving immutable uploads and separate empirical obligations",I-ALL-ARTICLES-PHASE2
2026-08-16T20:19:19.727774+00:00,created,revised_articles/INDEX.md,,38ff42b70f55f5364a5d85c558a0dacbe7c1c07c13a7b8357abacf760fc3695d,,2377,"Implement authorized article-level corrections for A001-A017 in corrected source files, preserving immutable uploads and separate empirical obligations",I-ALL-ARTICLES-PHASE2
2026-08-16T20:34:17.616485+00:00,created,build_revised_manuscript_traceability.py,,bfc06697b6446da7e2ccb380d5b4bfc5b690ce0e2696a676d44d2834baefc73c,,6606,Complete ordered integration pass for A014-A017 followed by corrected A001-A013 into canonical manuscript and traceability,I-INTEGRATE-A001-A013
2026-08-16T20:34:17.616485+00:00,created,build_revised_sustainability_manuscript.py,,78a3934d7faabef43e69251951ee525bf2d59cd9a51dde3928274075ce4ad682,,6683,Complete ordered integration pass for A014-A017 followed by corrected A001-A013 into canonical manuscript and traceability,I-INTEGRATE-A001-A013
2026-08-16T20:34:17.616485+00:00,modified,research_program/action_register.csv,15eecb2a53835d4dd1aad79029c77240abfeb6bfaec404c49c73c349252c4b06,0ddd050cdd2daee759f65ecb9c9582b983935d29391c59134a14c7a0713aadbd,99303,101841,Complete ordered integration pass for A014-A017 followed by corrected A001-A013 into canonical manuscript and traceability,I-INTEGRATE-A001-A013
2026-08-16T20:34:17.616485+00:00,modified,research_program/action_register.md,547e8a1ef12a7f142ccf6e60f216c03d8f2da84138aa525d172b4a781f52f833,ad111d21abb96e317d6f1c8adaefaacddf9d3cc9bd8be48cc12e7ca447a2c430,131928,134976,Complete ordered integration pass for A014-A017 followed by corrected A001-A013 into canonical manuscript and traceability,I-INTEGRATE-A001-A013
2026-08-16T20:34:17.616485+00:00,created,research_program/article_integration_pass_A001_A017.csv,,cc5b2defa93bac829927c0943944b955bd7676767cb6f2438f9e9110f84031ce,,3383,Complete ordered integration pass for A014-A017 followed by corrected A001-A013 into canonical manuscript and traceability,I-INTEGRATE-A001-A013
2026-08-16T20:34:17.616485+00:00,modified,research_program/external_reviews/recommendation_reconciliation_all_logged.csv,20c4914b38fc9638bf84cff87af2c385754c7a3036682170c4555be1b09ef7af,17b3da2a1b2a6f69bf499175314783f9d4fadeae1d356cfab44e6ac0027807c4,124864,125321,Complete ordered integration pass for A014-A017 followed by corrected A001-A013 into canonical manuscript and traceability,I-INTEGRATE-A001-A013
2026-08-16T20:34:17.616485+00:00,modified,research_program/track_file_changes.py,f9d90cf14150ccf504b3f9b0dbfdb3baed407cc0d4dc9089edda8e86453ac9d5,f6e16b2986dc79788ee2d990a10c478f350000e6d6bd3b7d3e41f7568f14ad93,4924,5014,Complete ordered integration pass for A014-A017 followed by corrected A001-A013 into canonical manuscript and traceability,I-INTEGRATE-A001-A013
2026-08-16T20:34:17.616485+00:00,modified,revised_manuscript_traceability.docx,9b01b7a0aca178346365802f0cd3a10c7f94d195b881d99acb1ff91c7107e701,2ae7cc108b831f2dba41109326a05d573c41b18519f882afa9bf30a9479ab5a3,44265,45859,Complete ordered integration pass for A014-A017 followed by corrected A001-A013 into canonical manuscript and traceability,I-INTEGRATE-A001-A013
2026-08-16T20:34:17.616485+00:00,modified,revised_manuscript_traceability.md,ed5ecb075541baec3aaa1b2f9fb59a98df52226729dffbac5228a592fc43e15f,c09c3b6e6e2fed8ec48b2f8492ad7a083d910f29818c32d7c9ba502164c9417f,14354,17926,Complete ordered integration pass for A014-A017 followed by corrected A001-A013 into canonical manuscript and traceability,I-INTEGRATE-A001-A013
2026-08-16T20:34:17.616485+00:00,modified,revised_sustainability_manuscript.docx,01054c5fba712257a16000e1b73e093a4dee30a52bd2ff8f4f7ec71f24b76a57,f3a42bd6c5dde65d3106868e34aead543af65397f48fbe5ab5e2fd66c51a6ea1,87256,93796,Complete ordered integration pass for A014-A017 followed by corrected A001-A013 into canonical manuscript and traceability,I-INTEGRATE-A001-A013
2026-08-16T20:34:17.616485+00:00,modified,revised_sustainability_manuscript.md,927ff9f5e315848fd56ffb9f9c8384a37a8a11bdaf94c420d28db63f616b7fd0,7a7d6697bdd1b0e5d5024f3bb7431dc18c5fff3b90c11ec502d4890d040852e4,126800,143173,Complete ordered integration pass for A014-A017 followed by corrected A001-A013 into canonical manuscript and traceability,I-INTEGRATE-A001-A013
2026-08-16T20:40:34.668588+00:00,modified,research_program/action_register.csv,0ddd050cdd2daee759f65ecb9c9582b983935d29391c59134a14c7a0713aadbd,20d88f33c5068ba7d8275c4064e33301cc4684bc4c059ed5a8ce3d1324bfd141,101841,104931,Complete deep systematic non-loss scan and register flagship/formal-supplement restorations,D-DEEP-LOSS-SCAN-01
2026-08-16T20:40:34.668588+00:00,modified,research_program/action_register.md,ad111d21abb96e317d6f1c8adaefaacddf9d3cc9bd8be48cc12e7ca447a2c430,e98b693f6121aad89eb90a62be20c4f49e0c106973ee5c7de7901cc083874821,134976,139072,Complete deep systematic non-loss scan and register flagship/formal-supplement restorations,D-DEEP-LOSS-SCAN-01
2026-08-16T20:40:34.668588+00:00,created,research_program/deep_content_loss_and_restoration_audit_A001_A017.md,,9904b76fe31736cf8f5180435d6b331a413ff2b73af4611916dd0ddb243d4e5e,,17761,Complete deep systematic non-loss scan and register flagship/formal-supplement restorations,D-DEEP-LOSS-SCAN-01
2026-08-16T20:40:34.668588+00:00,modified,research_program/external_reviews/recommendation_reconciliation_all_logged.csv,17b3da2a1b2a6f69bf499175314783f9d4fadeae1d356cfab44e6ac0027807c4,bfb043f3aebcee73532456d847c53fb6dd0e70ac54cdf64e0c99258481cfa29a,125321,128277,Complete deep systematic non-loss scan and register flagship/formal-supplement restorations,D-DEEP-LOSS-SCAN-01
2026-08-16T20:40:34.668588+00:00,created,research_program/restoration_docket_A001_A017.csv,,3aacb66117632c756dc8e3874734eebba8ba9b8ed1c81724efd2036e32174233,,4115,Complete deep systematic non-loss scan and register flagship/formal-supplement restorations,D-DEEP-LOSS-SCAN-01
2026-08-16T20:51:57.824249+00:00,created,build_formal_supplement_docx.py,,b3e61a219c7923065500e3d1ac21ee31f1af082561e2528cbf4c0722fbebf7e2,,6667,"Restore deep-scan content to flagship and formal supplement, then rerun full non-loss scan across all prior manuscript turns and archives",D-FULL-HISTORY-SCAN-01
2026-08-16T20:51:57.824249+00:00,created,formal_supplement_A001_A002_A006_A010.docx,,92c8b2cddea1427f050cfd74f70e77d9ea53ebcc21418ca637eb479165b66a8e,,45171,"Restore deep-scan content to flagship and formal supplement, then rerun full non-loss scan across all prior manuscript turns and archives",D-FULL-HISTORY-SCAN-01
2026-08-16T20:51:57.824249+00:00,created,formal_supplement_A001_A002_A006_A010.md,,2d3fa3a3a98aa26aff2202ab2b7edff36185400861a73b734b025b0fe4e8c4fc,,15909,"Restore deep-scan content to flagship and formal supplement, then rerun full non-loss scan across all prior manuscript turns and archives",D-FULL-HISTORY-SCAN-01
2026-08-16T20:51:57.824249+00:00,modified,research_program/action_register.csv,20d88f33c5068ba7d8275c4064e33301cc4684bc4c059ed5a8ce3d1324bfd141,86e8bbf73e4e88f8e70cb112046cdfa95d0c3f7b9d8af73d020d21e6b41c5a9b,104931,106991,"Restore deep-scan content to flagship and formal supplement, then rerun full non-loss scan across all prior manuscript turns and archives",D-FULL-HISTORY-SCAN-01
2026-08-16T20:51:57.824249+00:00,modified,research_program/action_register.md,e98b693f6121aad89eb90a62be20c4f49e0c106973ee5c7de7901cc083874821,e682b3f61738f816d91477d0aa3f2ce8684f6c00ac4aa254ce67cf575e0f7cb5,139072,141412,"Restore deep-scan content to flagship and formal supplement, then rerun full non-loss scan across all prior manuscript turns and archives",D-FULL-HISTORY-SCAN-01
2026-08-16T20:51:57.824249+00:00,modified,research_program/deep_content_loss_and_restoration_audit_A001_A017.md,9904b76fe31736cf8f5180435d6b331a413ff2b73af4611916dd0ddb243d4e5e,7d2480d5b9417693730450c22a14f556f701c18e7eb63766515f4e541a4b3ecc,17761,17850,"Restore deep-scan content to flagship and formal supplement, then rerun full non-loss scan across all prior manuscript turns and archives",D-FULL-HISTORY-SCAN-01
2026-08-16T20:51:57.824249+00:00,modified,research_program/external_reviews/recommendation_reconciliation_all_logged.csv,bfb043f3aebcee73532456d847c53fb6dd0e70ac54cdf64e0c99258481cfa29a,f9b4bc4c3bd16577dde4b8df4e956d0e14886c91003296748041d91be871d096,128277,128193,"Restore deep-scan content to flagship and formal supplement, then rerun full non-loss scan across all prior manuscript turns and archives",D-FULL-HISTORY-SCAN-01
2026-08-16T20:51:57.824249+00:00,created,research_program/full_historical_nonloss_rescan_all_prior_turns.md,,5c9a588a1e8fc478ecf1103d4a4ba49d2b94ce98b652f38a2d281a427bf85514,,12114,"Restore deep-scan content to flagship and formal supplement, then rerun full non-loss scan across all prior manuscript turns and archives",D-FULL-HISTORY-SCAN-01
2026-08-16T20:51:57.824249+00:00,created,research_program/full_history_low_match_candidates.txt,,ed8af6bd290b7aa93d97fb16e9a704cf531712aaec8492b56353c83491252b49,,142072,"Restore deep-scan content to flagship and formal supplement, then rerun full non-loss scan across all prior manuscript turns and archives",D-FULL-HISTORY-SCAN-01
2026-08-16T20:51:57.824249+00:00,created,research_program/historical_nonloss_coverage_matrix.csv,,1a7ec805b29d6305fdd4f072bc6bad019702810d91b38590dcb0ad659b0e2cb0,,2808,"Restore deep-scan content to flagship and formal supplement, then rerun full non-loss scan across all prior manuscript turns and archives",D-FULL-HISTORY-SCAN-01
2026-08-16T20:51:57.824249+00:00,modified,research_program/restoration_docket_A001_A017.csv,3aacb66117632c756dc8e3874734eebba8ba9b8ed1c81724efd2036e32174233,4036e06e22f323725d9f5e34cc8f0d981d0c583e48be606ab46489c583e959a9,4115,3833,"Restore deep-scan content to flagship and formal supplement, then rerun full non-loss scan across all prior manuscript turns and archives",D-FULL-HISTORY-SCAN-01
2026-08-16T20:51:57.824249+00:00,modified,research_program/track_file_changes.py,f6e16b2986dc79788ee2d990a10c478f350000e6d6bd3b7d3e41f7568f14ad93,11d23c5966e4bd29726b008ed5501be90cf15d1b5715ce95f930cf9a6c5118f6,5014,5140,"Restore deep-scan content to flagship and formal supplement, then rerun full non-loss scan across all prior manuscript turns and archives",D-FULL-HISTORY-SCAN-01
2026-08-16T20:51:57.824249+00:00,modified,revised_manuscript_traceability.docx,2ae7cc108b831f2dba41109326a05d573c41b18519f882afa9bf30a9479ab5a3,26184671bc43651a4cce05d8a0ef8c4c484c4eb7f26f46406f0f1ca20717b786,45859,46813,"Restore deep-scan content to flagship and formal supplement, then rerun full non-loss scan across all prior manuscript turns and archives",D-FULL-HISTORY-SCAN-01
2026-08-16T20:51:57.824249+00:00,modified,revised_manuscript_traceability.md,c09c3b6e6e2fed8ec48b2f8492ad7a083d910f29818c32d7c9ba502164c9417f,b5f6810f10c68cded91f374beb35bfa894ac09fecb9a31ae8a3f706b5f57cc8a,17926,20029,"Restore deep-scan content to flagship and formal supplement, then rerun full non-loss scan across all prior manuscript turns and archives",D-FULL-HISTORY-SCAN-01
2026-08-16T20:51:57.824249+00:00,modified,revised_sustainability_manuscript.docx,f3a42bd6c5dde65d3106868e34aead543af65397f48fbe5ab5e2fd66c51a6ea1,dfc492a2ce254a661478ab4f8a4782bb113d86ac9585d46028ae53044d83e7cd,93796,99778,"Restore deep-scan content to flagship and formal supplement, then rerun full non-loss scan across all prior manuscript turns and archives",D-FULL-HISTORY-SCAN-01
2026-08-16T20:51:57.824249+00:00,modified,revised_sustainability_manuscript.md,7a7d6697bdd1b0e5d5024f3bb7431dc18c5fff3b90c11ec502d4890d040852e4,1fba10c87846317634b987f5541e73645e67559392914e20d3c3a44885d1b0b6,143173,156755,"Restore deep-scan content to flagship and formal supplement, then rerun full non-loss scan across all prior manuscript turns and archives",D-FULL-HISTORY-SCAN-01
2026-08-19T16:29:22.952673+00:00,modified,research_program/action_register.csv,86e8bbf73e4e88f8e70cb112046cdfa95d0c3f7b9d8af73d020d21e6b41c5a9b,031110ff417780543934f541465af451ba70761311358c966ce20158d9ebc223,106991,115620,"Read, hash, line-audit, register, and cross-review coordinated A018-A025 packet and roadmap under optimal-minimum publication rule",D-CROSS-04
2026-08-19T16:29:22.952673+00:00,modified,research_program/action_register.md,e682b3f61738f816d91477d0aa3f2ce8684f6c00ac4aa254ce67cf575e0f7cb5,3a16fa1bdaed3c74a080ecd25668ae57dc4ed92563429da0a7160fc3afe7b86b,141412,153059,"Read, hash, line-audit, register, and cross-review coordinated A018-A025 packet and roadmap under optimal-minimum publication rule",D-CROSS-04
2026-08-19T16:29:22.952673+00:00,created,research_program/article_018_025_external_verification_sources.md,,c1e8d15a70bd0806c911f256c1d1cffecebe2ab00e5a3d865e21bd89bc3bfe7a,,1572,"Read, hash, line-audit, register, and cross-review coordinated A018-A025 packet and roadmap under optimal-minimum publication rule",D-CROSS-04
2026-08-19T16:29:22.952673+00:00,created,research_program/article_A018_capital_liquidation/evaluation_and_verification.md,,3228feaac0dc145d4001a21c0702bca01b3cbf3d1fb6a70249f33d6826de123e,,1065,"Read, hash, line-audit, register, and cross-review coordinated A018-A025 packet and roadmap under optimal-minimum publication rule",D-CROSS-04
2026-08-19T16:29:22.952673+00:00,created,research_program/article_A018_capital_liquidation/formal_content_inventory.md,,b779e86203f7a7ce43bf721493c3971f4f86b0bf6e4ebb50ac43d2fb6f3b5328,,1085,"Read, hash, line-audit, register, and cross-review coordinated A018-A025 packet and roadmap under optimal-minimum publication rule",D-CROSS-04
2026-08-19T16:29:22.952673+00:00,created,research_program/article_A019_closed_ledger/evaluation_and_verification.md,,1e8b9286360fb94cef532214f04a675fec044d2a8034bfdec30879310e66aec6,,700,"Read, hash, line-audit, register, and cross-review coordinated A018-A025 packet and roadmap under optimal-minimum publication rule",D-CROSS-04
2026-08-19T16:29:22.952673+00:00,created,research_program/article_A019_closed_ledger/formal_content_inventory.md,,03b9267d1afb8451a54ea5f590ebc2ed6a2b03c71e7c588fab70e91171927b41,,370,"Read, hash, line-audit, register, and cross-review coordinated A018-A025 packet and roadmap under optimal-minimum publication rule",D-CROSS-04
2026-08-19T16:29:22.952673+00:00,created,research_program/article_A020_two_channels/evaluation_and_verification.md,,f63bef23e194979ee73df1f0237bb5ddb5cfd89fb4306afa910bccb69667f6f7,,721,"Read, hash, line-audit, register, and cross-review coordinated A018-A025 packet and roadmap under optimal-minimum publication rule",D-CROSS-04
2026-08-19T16:29:22.952673+00:00,created,research_program/article_A020_two_channels/formal_content_inventory.md,,0ea4d3b9d6c6a67939d91a9fa34080ba61578b4639264ca26985c984d17e2afa,,381,"Read, hash, line-audit, register, and cross-review coordinated A018-A025 packet and roadmap under optimal-minimum publication rule",D-CROSS-04
2026-08-19T16:29:22.952673+00:00,created,research_program/article_A021_liebig_graph/evaluation_and_verification.md,,da3c9c4bb4912f64e64e1dbe154d6a2844eef7104ae0b62ed83773490d6e0ad8,,772,"Read, hash, line-audit, register, and cross-review coordinated A018-A025 packet and roadmap under optimal-minimum publication rule",D-CROSS-04
2026-08-19T16:29:22.952673+00:00,created,research_program/article_A021_liebig_graph/formal_content_inventory.md,,9a3fcc971d0044181d06d2e68559335f63ae88b061a4e5f48ae7513276d6e1b4,,435,"Read, hash, line-audit, register, and cross-review coordinated A018-A025 packet and roadmap under optimal-minimum publication rule",D-CROSS-04
2026-08-19T16:29:22.952673+00:00,created,research_program/article_A022_stage_harvest/evaluation_and_verification.md,,9fe81744e6aca201da7b1bd2b8e53f59de539eff243e6d961cdd789ed53f9204,,732,"Read, hash, line-audit, register, and cross-review coordinated A018-A025 packet and roadmap under optimal-minimum publication rule",D-CROSS-04
2026-08-19T16:29:22.952673+00:00,created,research_program/article_A022_stage_harvest/formal_content_inventory.md,,19402747441f9bf8a0ef9830ebbb8756f95b1bfe27371b40bb9aab9b34d0ef1b,,361,"Read, hash, line-audit, register, and cross-review coordinated A018-A025 packet and roadmap under optimal-minimum publication rule",D-CROSS-04
2026-08-19T16:29:22.952673+00:00,created,research_program/article_A023_spatial/evaluation_and_verification.md,,7fb2b854eb2c59dbef2abb8ecda74e132dc5b6d383b2402e2099d00fdcf8dcbc,,872,"Read, hash, line-audit, register, and cross-review coordinated A018-A025 packet and roadmap under optimal-minimum publication rule",D-CROSS-04
2026-08-19T16:29:22.952673+00:00,created,research_program/article_A023_spatial/formal_content_inventory.md,,c40bf1020ee4f6c68fa16640877c8e220bbbcad363697f20465f55af2efaa9fe,,557,"Read, hash, line-audit, register, and cross-review coordinated A018-A025 packet and roadmap under optimal-minimum publication rule",D-CROSS-04
2026-08-19T16:29:22.952673+00:00,created,research_program/article_A024_first_passage/evaluation_and_verification.md,,90700fc88943134b31b401df2c7f7740a0c2e6517a67032edeb472e6644f906d,,516,"Read, hash, line-audit, register, and cross-review coordinated A018-A025 packet and roadmap under optimal-minimum publication rule",D-CROSS-04
2026-08-19T16:29:22.952673+00:00,created,research_program/article_A024_first_passage/formal_content_inventory.md,,655e0f9c79dc898eeb3b487828f746f3b27aa4c2fc1bc5da9a8cebe54c2a0f01,,487,"Read, hash, line-audit, register, and cross-review coordinated A018-A025 packet and roadmap under optimal-minimum publication rule",D-CROSS-04
2026-08-19T16:29:22.952673+00:00,created,research_program/article_A025_validation_status/evaluation_and_verification.md,,6a61ef2d13f82198753073545cbf606c0d38c810c550d77b3db290b3763973b0,,665,"Read, hash, line-audit, register, and cross-review coordinated A018-A025 packet and roadmap under optimal-minimum publication rule",D-CROSS-04
2026-08-19T16:29:22.952673+00:00,created,research_program/article_A025_validation_status/formal_content_inventory.md,,d70ffb1b9bd4fe9bd45799914ac0d50a66c10694fb8a347b4993be2107d9cb4c,,414,"Read, hash, line-audit, register, and cross-review coordinated A018-A025 packet and roadmap under optimal-minimum publication rule",D-CROSS-04
2026-08-19T16:29:22.952673+00:00,modified,research_program/article_correction_implementation_ledger.csv,49f24409f69b6c70a6ffafb603bd360a54a6eace1ea48a097cdea791a9fdeee6,e32b5b5346aaa591235ebd5edb28646917e48e7c8079b6cf5dbead61117c0f2f,5560,7102,"Read, hash, line-audit, register, and cross-review coordinated A018-A025 packet and roadmap under optimal-minimum publication rule",D-CROSS-04
2026-08-19T16:29:22.952673+00:00,modified,research_program/claim_ledger.csv,0f7702390e386f7215b69a0c75cdb738934268b5bfc9b40789e4a7caebb08056,f25e623000238b0a109f38ab3d8bbc5e26a63e0d42d22e34127f4d21f9d61e6a,6184,10272,"Read, hash, line-audit, register, and cross-review coordinated A018-A025 packet and roadmap under optimal-minimum publication rule",D-CROSS-04
2026-08-19T16:29:22.952673+00:00,modified,research_program/computational_objects.csv,7be176cc2c0d04cc5d6204faa6cd40b3f6085b388877fa319696802ecf41d3e7,4ce015e3043bbd44ce7d3cda33681cd8e0ddc4c5e25c735fc2ed8f99fffd90fd,1626,3116,"Read, hash, line-audit, register, and cross-review coordinated A018-A025 packet and roadmap under optimal-minimum publication rule",D-CROSS-04
2026-08-19T16:29:22.952673+00:00,created,research_program/cross_article_review_A001_A025.md,,c776e75c915f63c61ee1321365436f7778e17f766d835b0919b0418e5e26a398,,23619,"Read, hash, line-audit, register, and cross-review coordinated A018-A025 packet and roadmap under optimal-minimum publication rule",D-CROSS-04
2026-08-19T16:29:22.952673+00:00,modified,research_program/cross_source_gap_register.csv,9a88a51df5daf083b7e69a547f584ed5e231f8634a76d41f81f910704079ed7e,2ad3d30e9a6d9b95487d8c7e892887dfcf2aea61e22c4463654b7c2e58b1a27e,3082,4576,"Read, hash, line-audit, register, and cross-review coordinated A018-A025 packet and roadmap under optimal-minimum publication rule",D-CROSS-04
2026-08-19T16:29:22.952673+00:00,modified,research_program/external_reviews/recommendation_reconciliation_all_logged.csv,f9b4bc4c3bd16577dde4b8df4e956d0e14886c91003296748041d91be871d096,dd78cca62a504e43c7f5bfb50aeadf39552b3faf18b71c8d4f3e87d3418ac298,128193,141153,"Read, hash, line-audit, register, and cross-review coordinated A018-A025 packet and roadmap under optimal-minimum publication rule",D-CROSS-04
2026-08-19T16:29:22.952673+00:00,modified,research_program/inference_edges.csv,5e54e2c2dbcb08a5c014ceb5f5d5c8b8058b1173d2ab05c57546819ab30796d2,e0ca40ee0793e2b364c86030187f4d94a8ab90064c2cc465b6b01795cb4587e6,1261,1884,"Read, hash, line-audit, register, and cross-review coordinated A018-A025 packet and roadmap under optimal-minimum publication rule",D-CROSS-04
2026-08-19T16:29:22.952673+00:00,modified,research_program/mathematical_error_register.md,b1a5a96703ad3ef293a7135dc439dc1d6d2e20990ebd131ee4a6043d43537aa8,6ab1eb55699676fb326ea514d91d79fb33f54c7c0701e0a5b573b2b4dd88d30c,18021,20551,"Read, hash, line-audit, register, and cross-review coordinated A018-A025 packet and roadmap under optimal-minimum publication rule",D-CROSS-04
2026-08-19T16:29:22.952673+00:00,created,research_program/new_packet_A018_A025_line_level_joint_audit.md,,8799bebef4eff8e72f403f61f066863729ec66edee5f80d40f724b0fe1d914c3,,19413,"Read, hash, line-audit, register, and cross-review coordinated A018-A025 packet and roadmap under optimal-minimum publication rule",D-CROSS-04
2026-08-19T16:29:22.952673+00:00,modified,research_program/priority_roadmap.md,8cedec0d1c0942937e3100b6fe4b19790f2943f6ce31da0a5ec654cc0f6b3467,b4ca1989580d9acac0fe931328553381d0d164905cb3dcddbbb19ef02006281d,10149,11092,"Read, hash, line-audit, register, and cross-review coordinated A018-A025 packet and roadmap under optimal-minimum publication rule",D-CROSS-04
2026-08-19T16:29:22.952673+00:00,created,research_program/program_roadmap_A018_A025_evaluation.md,,aa24c22db305c55afb4b129113a37d169e89fe5c6e734b106851f3bce09be4cc,,1497,"Read, hash, line-audit, register, and cross-review coordinated A018-A025 packet and roadmap under optimal-minimum publication rule",D-CROSS-04
2026-08-19T16:29:22.952673+00:00,modified,research_program/source_registry.csv,7e1b29ff537f2611e2f234a1609f805875e3567db45f02f27a5e1956b87dd8cb,84d5a04ef74f4bb989c090347e40e7db3656438fe5a531df6f6f0066e2c838a8,8861,12668,"Read, hash, line-audit, register, and cross-review coordinated A018-A025 packet and roadmap under optimal-minimum publication rule",D-CROSS-04
2026-08-19T16:29:22.952673+00:00,created,research_program/source_static_checks_A018_A025.csv,,a85c62de1235e6f64cf577f62d806df91ebf952aaf67259de3b50a68112ca705,,871,"Read, hash, line-audit, register, and cross-review coordinated A018-A025 packet and roadmap under optimal-minimum publication rule",D-CROSS-04
2026-08-19T16:29:22.952673+00:00,modified,research_program_integration_protocol.md,056b1631a82b0352a8e0b5992724261d91cefe5e9b81f3543f23441525a08b1d,4201622d0b3235efed0e367ef0dbf2fcfd0799a1cda7342c1a2f2afe76a9d09c,15668,15821,"Read, hash, line-audit, register, and cross-review coordinated A018-A025 packet and roadmap under optimal-minimum publication rule",D-CROSS-04
2026-08-19T16:29:22.952673+00:00,created,uploads/PAPER_VIII_VALIDATION_STATUS.md,,f0baca08bc8a97f602cbe3875291eacee8b8540ba159f04f6dfb302d3219a339,,2668,"Read, hash, line-audit, register, and cross-review coordinated A018-A025 packet and roadmap under optimal-minimum publication rule",D-CROSS-04
2026-08-19T16:29:22.952673+00:00,created,uploads/PROGRAM_ROADMAP.md,,52f2b43540996be259e854e030bba8b83f2563f2d406b0a0722c0f8eae962bd8,,2709,"Read, hash, line-audit, register, and cross-review coordinated A018-A025 packet and roadmap under optimal-minimum publication rule",D-CROSS-04
2026-08-19T16:29:22.952673+00:00,created,uploads/manuscript.txt,,756b331f3ff99fe9db239d9a6f6cc6d3a3df92e3ed4bcaf007bc52486177e46e,,176190,"Read, hash, line-audit, register, and cross-review coordinated A018-A025 packet and roadmap under optimal-minimum publication rule",D-CROSS-04
2026-08-19T16:29:22.952673+00:00,created,uploads/paper_III_two_channels.txt,,08cfa85a65b366f343165cebe8cb6f1c0d9833d08f73ff1936b5b51ab126b94e,,13200,"Read, hash, line-audit, register, and cross-review coordinated A018-A025 packet and roadmap under optimal-minimum publication rule",D-CROSS-04
2026-08-19T16:29:22.952673+00:00,created,uploads/paper_II_closed_ledger.txt,,0f3dabd48ff6a4c3197c669b4fe955b5ff1933dacda95d06d720c70b74f37764,,13130,"Read, hash, line-audit, register, and cross-review coordinated A018-A025 packet and roadmap under optimal-minimum publication rule",D-CROSS-04
2026-08-19T16:29:22.952673+00:00,created,uploads/paper_IV_liebig_cm.txt,,5e3a71cc9b461eed12a17b8301f3f1daa27b671704deefa418f4ababe4df2ba9,,9592,"Read, hash, line-audit, register, and cross-review coordinated A018-A025 packet and roadmap under optimal-minimum publication rule",D-CROSS-04
2026-08-19T16:29:22.952673+00:00,created,uploads/paper_VII_first_passage.txt,,ed19e2d973773148548e985eb29e2a72f3eddc280c657712e51600362de7ce46,,14362,"Read, hash, line-audit, register, and cross-review coordinated A018-A025 packet and roadmap under optimal-minimum publication rule",D-CROSS-04
2026-08-19T16:29:22.952673+00:00,created,uploads/paper_VI_spatial.txt,,021d419e616c6055e3cf7151961a87ee4ad887de93f6254efdc17af34d69d118,,15745,"Read, hash, line-audit, register, and cross-review coordinated A018-A025 packet and roadmap under optimal-minimum publication rule",D-CROSS-04
2026-08-19T16:29:22.952673+00:00,created,uploads/paper_V_stage_harvest.txt,,ceda90a3ffa2c521ae1617c3b32600384b0076794191c715dbd3d130354ff60e,,6387,"Read, hash, line-audit, register, and cross-review coordinated A018-A025 packet and roadmap under optimal-minimum publication rule",D-CROSS-04
2026-08-19T16:36:57.625560+00:00,created,research_program/A018_A025_rest_packet_inventory.csv,,64cdd73f914af4bb219140e7d0f06d973d1e0b03093341d4d4c95f80d6efa40d,,1093,"Receive, line-audit, and reconcile A018-A025 registry/certification rest packet and full Paper VIII source",D-A018-A025-REST
2026-08-19T16:36:57.625560+00:00,created,research_program/A018_A025_rest_packet_line_audit.md,,57c0e055b164aa27fdd2588a357a0f57f0cf75f965f9a05848437370a0375b85,,7553,"Receive, line-audit, and reconcile A018-A025 registry/certification rest packet and full Paper VIII source",D-A018-A025-REST
2026-08-19T16:36:57.625560+00:00,modified,research_program/action_register.csv,031110ff417780543934f541465af451ba70761311358c966ce20158d9ebc223,0155d4ead8bd13834ff9bca55577c7b389775ff5c8a124215515a8bf2d1e65fc,115620,117211,"Receive, line-audit, and reconcile A018-A025 registry/certification rest packet and full Paper VIII source",D-A018-A025-REST
2026-08-19T16:36:57.625560+00:00,modified,research_program/action_register.md,3a16fa1bdaed3c74a080ecd25668ae57dc4ed92563429da0a7160fc3afe7b86b,55229a7a37b69ff459d66fa70fb658bdf82e35ffb23099e952996287d123168c,153059,155107,"Receive, line-audit, and reconcile A018-A025 registry/certification rest packet and full Paper VIII source",D-A018-A025-REST
2026-08-19T16:36:57.625560+00:00,modified,research_program/article_A025_validation_status/evaluation_and_verification.md,6a61ef2d13f82198753073545cbf606c0d38c810c550d77b3db290b3763973b0,6f8f1706be6d4fc9fd91f41f6cf34c415bf6772521fe858c6efa778aee1a0ef3,665,2435,"Receive, line-audit, and reconcile A018-A025 registry/certification rest packet and full Paper VIII source",D-A018-A025-REST
2026-08-19T16:36:57.625560+00:00,modified,research_program/article_A025_validation_status/formal_content_inventory.md,d70ffb1b9bd4fe9bd45799914ac0d50a66c10694fb8a347b4993be2107d9cb4c,3b212fc5fa19c05cee30da9d60e01615bfbce38e50193c0f8e49e81f02fc7f76,414,1146,"Receive, line-audit, and reconcile A018-A025 registry/certification rest packet and full Paper VIII source",D-A018-A025-REST
2026-08-19T16:36:57.625560+00:00,modified,research_program/article_correction_implementation_ledger.csv,e32b5b5346aaa591235ebd5edb28646917e48e7c8079b6cf5dbead61117c0f2f,828d3d4dde2a71e01aa5dd54a6fbbaf65913942edfc582059a15e25695b6c13f,7102,7230,"Receive, line-audit, and reconcile A018-A025 registry/certification rest packet and full Paper VIII source",D-A018-A025-REST
2026-08-19T16:36:57.625560+00:00,modified,research_program/computational_objects.csv,4ce015e3043bbd44ce7d3cda33681cd8e0ddc4c5e25c735fc2ed8f99fffd90fd,45bcfd36195ea7ca1c1f7d5145d2aa4221fd7a0d14acc29e764ff42f26b1ebcb,3116,3235,"Receive, line-audit, and reconcile A018-A025 registry/certification rest packet and full Paper VIII source",D-A018-A025-REST
2026-08-19T16:36:57.625560+00:00,modified,research_program/cross_article_review_A001_A025.md,c776e75c915f63c61ee1321365436f7778e17f766d835b0919b0418e5e26a398,703be8f26f5ab7bd36d47aeffa2d4aa98b1d697e036bc17e044c66774f41c51b,23619,24744,"Receive, line-audit, and reconcile A018-A025 registry/certification rest packet and full Paper VIII source",D-A018-A025-REST
2026-08-19T16:36:57.625560+00:00,modified,research_program/external_reviews/recommendation_reconciliation_all_logged.csv,dd78cca62a504e43c7f5bfb50aeadf39552b3faf18b71c8d4f3e87d3418ac298,720dcce597e6761a5e9470001761e95a40ddd41ebd1f6b65deab0d5de3066fcc,141153,143026,"Receive, line-audit, and reconcile A018-A025 registry/certification rest packet and full Paper VIII source",D-A018-A025-REST
2026-08-19T16:36:57.625560+00:00,modified,research_program/mathematical_error_register.md,6ab1eb55699676fb326ea514d91d79fb33f54c7c0701e0a5b573b2b4dd88d30c,cd4f155376dfa43786953d172ba3b134261145c3db55a41ee7c4023c553421ee,20551,21180,"Receive, line-audit, and reconcile A018-A025 registry/certification rest packet and full Paper VIII source",D-A018-A025-REST
2026-08-19T16:36:57.625560+00:00,modified,research_program/source_registry.csv,84d5a04ef74f4bb989c090347e40e7db3656438fe5a531df6f6f0066e2c838a8,abf00d3748d26f103564163bc06a019b9d8a03956021537f2a14510b09ab8879,12668,12798,"Receive, line-audit, and reconcile A018-A025 registry/certification rest packet and full Paper VIII source",D-A018-A025-REST
2026-08-19T16:36:57.625560+00:00,modified,research_program/source_static_checks_A018_A025.csv,a85c62de1235e6f64cf577f62d806df91ebf952aaf67259de3b50a68112ca705,4d188f4a28c965a24659dac4a53800061fe3fe9af09dd2d58be44b06b02ecf45,871,866,"Receive, line-audit, and reconcile A018-A025 registry/certification rest packet and full Paper VIII source",D-A018-A025-REST
2026-08-19T16:36:57.625560+00:00,created,uploads/DERIVATIVE_AUDIT.md,,c2663ab27b134446964cf1aa4b5dd68d99d66ceda8dc28d6c9b7fa5b82e615bf,,2989,"Receive, line-audit, and reconcile A018-A025 registry/certification rest packet and full Paper VIII source",D-A018-A025-REST
2026-08-19T16:36:57.625560+00:00,created,uploads/MODEL_REGISTRY.md,,d5223f768b21c221d7ab85194f6e385ab3c8266d826730fdf829639beea3c890,,6014,"Receive, line-audit, and reconcile A018-A025 registry/certification rest packet and full Paper VIII source",D-A018-A025-REST
2026-08-19T16:36:57.625560+00:00,created,uploads/NOTATION_AUDIT.md,,1220b5029d6813bf21dceb38399ad5381c68514d23bcb0bf821d278576bf8a82,,2551,"Receive, line-audit, and reconcile A018-A025 registry/certification rest packet and full Paper VIII source",D-A018-A025-REST
2026-08-19T16:36:57.625560+00:00,created,uploads/PAPER_VIII_CERTIFICATION_PROTOCOL.md,,24c013e32189df8286386c6c9c23a0681458c93e59ecd15b3c6d49251ea1ca57,,4574,"Receive, line-audit, and reconcile A018-A025 registry/certification rest packet and full Paper VIII source",D-A018-A025-REST
2026-08-19T16:36:57.625560+00:00,created,uploads/THRESHOLD_REGISTRY.md,,4975f6ae63f94e5a0bc5bab419793c27fe69f0c5c64954398fcdec4cd77bee81,,4195,"Receive, line-audit, and reconcile A018-A025 registry/certification rest packet and full Paper VIII source",D-A018-A025-REST
2026-08-19T16:36:57.625560+00:00,created,uploads/paper_VIII_interval_folds.txt,,7d6bffe7ade66f356852cdac6ef3f0c58da3d6d8592aee8ca9c9a9b4f9883457,,11611,"Receive, line-audit, and reconcile A018-A025 registry/certification rest packet and full Paper VIII source",D-A018-A025-REST
2026-08-19T16:57:15.841640+00:00,modified,research_program/A018_A025_rest_packet_inventory.csv,64cdd73f914af4bb219140e7d0f06d973d1e0b03093341d4d4c95f80d6efa40d,44c3dffc62a929b2603a9f4982415233f47e6195b31e8cd14ca33bcf2ee91fb0,1093,1294,Apply user attestation that all A018-A025 computational claims were verified externally at exact source-stated status; separate truth from publication archive,D-A018-A025-COMP-VERIFY
2026-08-19T16:57:15.841640+00:00,modified,research_program/A018_A025_rest_packet_line_audit.md,57c0e055b164aa27fdd2588a357a0f57f0cf75f965f9a05848437370a0375b85,f362a1986e1b2c4584409ca851b7f764076fb00f454320ce775db51202e8e0a7,7553,7868,Apply user attestation that all A018-A025 computational claims were verified externally at exact source-stated status; separate truth from publication archive,D-A018-A025-COMP-VERIFY
2026-08-19T16:57:15.841640+00:00,modified,research_program/action_register.csv,0155d4ead8bd13834ff9bca55577c7b389775ff5c8a124215515a8bf2d1e65fc,3462074aa65a7c91e6045af9a76516182fb33f9546c1f3b6f616d66dbba0cff0,117211,120562,Apply user attestation that all A018-A025 computational claims were verified externally at exact source-stated status; separate truth from publication archive,D-A018-A025-COMP-VERIFY
2026-08-19T16:57:15.841640+00:00,modified,research_program/action_register.md,55229a7a37b69ff459d66fa70fb658bdf82e35ffb23099e952996287d123168c,33a6f1fecdf6d63b9d964721aebc59b223896802b558f146d61b2ac430d920a4,155107,159072,Apply user attestation that all A018-A025 computational claims were verified externally at exact source-stated status; separate truth from publication archive,D-A018-A025-COMP-VERIFY
2026-08-19T16:57:15.841640+00:00,modified,research_program/article_A018_capital_liquidation/evaluation_and_verification.md,3228feaac0dc145d4001a21c0702bca01b3cbf3d1fb6a70249f33d6826de123e,5030f688b7f6ea95a82542913b52287881e949a17a4c22d2f39a6894e38415a0,1065,1229,Apply user attestation that all A018-A025 computational claims were verified externally at exact source-stated status; separate truth from publication archive,D-A018-A025-COMP-VERIFY
2026-08-19T16:57:15.841640+00:00,modified,research_program/article_A018_capital_liquidation/formal_content_inventory.md,b779e86203f7a7ce43bf721493c3971f4f86b0bf6e4ebb50ac43d2fb6f3b5328,c9eca3f50104187bb8da9eaf33635ba0eb8ab8bd870d10040feee68e3a79c974,1085,1278,Apply user attestation that all A018-A025 computational claims were verified externally at exact source-stated status; separate truth from publication archive,D-A018-A025-COMP-VERIFY
2026-08-19T16:57:15.841640+00:00,modified,research_program/article_A020_two_channels/evaluation_and_verification.md,f63bef23e194979ee73df1f0237bb5ddb5cfd89fb4306afa910bccb69667f6f7,65e13a87e675ca78eb1ed413dd8904d62055ae80f2810729ec22254f3fc494f3,721,849,Apply user attestation that all A018-A025 computational claims were verified externally at exact source-stated status; separate truth from publication archive,D-A018-A025-COMP-VERIFY
2026-08-19T16:57:15.841640+00:00,modified,research_program/article_A022_stage_harvest/evaluation_and_verification.md,9fe81744e6aca201da7b1bd2b8e53f59de539eff243e6d961cdd789ed53f9204,9ed42d5ed55c144433dae8524496d92021b56ed78edb5798f3bf18619dc46056,732,912,Apply user attestation that all A018-A025 computational claims were verified externally at exact source-stated status; separate truth from publication archive,D-A018-A025-COMP-VERIFY
2026-08-19T16:57:15.841640+00:00,modified,research_program/article_A023_spatial/evaluation_and_verification.md,7fb2b854eb2c59dbef2abb8ecda74e132dc5b6d383b2402e2099d00fdcf8dcbc,8a76254f7b66c09d14ae33a4521a8f55fc3222c915a363968af753d2443d406d,872,1092,Apply user attestation that all A018-A025 computational claims were verified externally at exact source-stated status; separate truth from publication archive,D-A018-A025-COMP-VERIFY
2026-08-19T16:57:15.841640+00:00,modified,research_program/article_A025_validation_status/evaluation_and_verification.md,6f8f1706be6d4fc9fd91f41f6cf34c415bf6772521fe858c6efa778aee1a0ef3,80d084efe8c48c1103d720a33b890f09c220a08668ebb5f8d29f72ae3e808dc2,2435,2528,Apply user attestation that all A018-A025 computational claims were verified externally at exact source-stated status; separate truth from publication archive,D-A018-A025-COMP-VERIFY
2026-08-19T16:57:15.841640+00:00,modified,research_program/article_A025_validation_status/formal_content_inventory.md,3b212fc5fa19c05cee30da9d60e01615bfbce38e50193c0f8e49e81f02fc7f76,fc36eaf0bbc5b942ad9f86254ea3af277d5573101bbe3c36f04a19dbd38b115a,1146,1195,Apply user attestation that all A018-A025 computational claims were verified externally at exact source-stated status; separate truth from publication archive,D-A018-A025-COMP-VERIFY
2026-08-19T16:57:15.841640+00:00,modified,research_program/article_correction_implementation_ledger.csv,828d3d4dde2a71e01aa5dd54a6fbbaf65913942edfc582059a15e25695b6c13f,8b0e5869a80bd9325ec60ddafed97cc03ad479494a664a7d63f6ac41487011f8,7230,7755,Apply user attestation that all A018-A025 computational claims were verified externally at exact source-stated status; separate truth from publication archive,D-A018-A025-COMP-VERIFY
2026-08-19T16:57:15.841640+00:00,modified,research_program/claim_ledger.csv,f25e623000238b0a109f38ab3d8bbc5e26a63e0d42d22e34127f4d21f9d61e6a,7df55d9b85227b37ca4f75697550501f74c923b166d7ffaaabf2c488509373c3,10272,10514,Apply user attestation that all A018-A025 computational claims were verified externally at exact source-stated status; separate truth from publication archive,D-A018-A025-COMP-VERIFY
2026-08-19T16:57:15.841640+00:00,modified,research_program/computational_objects.csv,45bcfd36195ea7ca1c1f7d5145d2aa4221fd7a0d14acc29e764ff42f26b1ebcb,f783c780fce89a90418dbabeeca8dcc51f9cef27cd10dc49d1f9db9c63216725,3235,3910,Apply user attestation that all A018-A025 computational claims were verified externally at exact source-stated status; separate truth from publication archive,D-A018-A025-COMP-VERIFY
2026-08-19T16:57:15.841640+00:00,modified,research_program/cross_article_review_A001_A025.md,703be8f26f5ab7bd36d47aeffa2d4aa98b1d697e036bc17e044c66774f41c51b,24358fa08d38b80006114e5de4bf8421f24619233e9534b3d25d2449ec137796,24744,25075,Apply user attestation that all A018-A025 computational claims were verified externally at exact source-stated status; separate truth from publication archive,D-A018-A025-COMP-VERIFY
2026-08-19T16:57:15.841640+00:00,modified,research_program/cross_source_gap_register.csv,2ad3d30e9a6d9b95487d8c7e892887dfcf2aea61e22c4463654b7c2e58b1a27e,5fa5bdaeeccf27c4323d08f81fe90f200dff43e784de5aee49546afbe300b31b,4576,4695,Apply user attestation that all A018-A025 computational claims were verified externally at exact source-stated status; separate truth from publication archive,D-A018-A025-COMP-VERIFY
2026-08-19T16:57:15.841640+00:00,modified,research_program/external_reviews/recommendation_reconciliation_all_logged.csv,720dcce597e6761a5e9470001761e95a40ddd41ebd1f6b65deab0d5de3066fcc,9544bb0f5fb22ced4328efca1f5df4544abaef8b51ef37e37ce182a437ecf34f,143026,144697,Apply user attestation that all A018-A025 computational claims were verified externally at exact source-stated status; separate truth from publication archive,D-A018-A025-COMP-VERIFY
2026-08-19T16:57:15.841640+00:00,modified,research_program/mathematical_error_register.md,cd4f155376dfa43786953d172ba3b134261145c3db55a41ee7c4023c553421ee,9198b5f4eab3e23bf912b4e22483f5e581e8c02b13052333edbd48ff08382815,21180,21717,Apply user attestation that all A018-A025 computational claims were verified externally at exact source-stated status; separate truth from publication archive,D-A018-A025-COMP-VERIFY
2026-08-19T16:57:15.841640+00:00,modified,research_program/new_packet_A018_A025_line_level_joint_audit.md,8799bebef4eff8e72f403f61f066863729ec66edee5f80d40f724b0fe1d914c3,fc9b31e1bc2b51da86ffde6b24f02d6c0361e1733b3863819cf7eed9dc89e99c,19413,19965,Apply user attestation that all A018-A025 computational claims were verified externally at exact source-stated status; separate truth from publication archive,D-A018-A025-COMP-VERIFY
2026-08-19T16:57:15.841640+00:00,modified,research_program/source_registry.csv,abf00d3748d26f103564163bc06a019b9d8a03956021537f2a14510b09ab8879,d21f7b88babaa51a961badf27a0fbea13c30fa7ac4f1cddd4e47c282bd6f5a30,12798,13150,Apply user attestation that all A018-A025 computational claims were verified externally at exact source-stated status; separate truth from publication archive,D-A018-A025-COMP-VERIFY
2026-08-19T16:57:15.841640+00:00,modified,research_program_integration_protocol.md,4201622d0b3235efed0e367ef0dbf2fcfd0799a1cda7342c1a2f2afe76a9d09c,5c5fe916b6cb4e9305f77d70e941c6b7808bedcb9306e436c2eeaa5d28af1385,15821,16733,Apply user attestation that all A018-A025 computational claims were verified externally at exact source-stated status; separate truth from publication archive,D-A018-A025-COMP-VERIFY
2026-08-19T17:09:56.138766+00:00,modified,research_program/action_register.csv,3462074aa65a7c91e6045af9a76516182fb33f9546c1f3b6f616d66dbba0cff0,aa0c15298827243c6f6f24ff8ed074ac06a8c3b1a71f472b2be95bcf6b2f3430,120562,124690,Implement most feasible A018-A025 source corrections and bridges into one unified applied article plus supplement,I-A018-A025-FEASIBLE
2026-08-19T17:09:56.138766+00:00,modified,research_program/action_register.md,33a6f1fecdf6d63b9d964721aebc59b223896802b558f146d61b2ac430d920a4,29df1e4674f041c82a6ac0dac970083b397b74acee3ccbb1eb69a0e02df1e6ed,159072,164044,Implement most feasible A018-A025 source corrections and bridges into one unified applied article plus supplement,I-A018-A025-FEASIBLE
2026-08-19T17:09:56.138766+00:00,modified,research_program/article_correction_implementation_ledger.csv,8b0e5869a80bd9325ec60ddafed97cc03ad479494a664a7d63f6ac41487011f8,6eb4ed3ce3d4280821709a0ea58e4a52719c9217735f670c82cf493fe369b3d9,7755,8042,Implement most feasible A018-A025 source corrections and bridges into one unified applied article plus supplement,I-A018-A025-FEASIBLE
2026-08-19T17:09:56.138766+00:00,created,research_program/article_integration_pass_A018_A025.csv,,b26ee33c6c3d7ec716000e2eb9f7dcfb7baff9a65f91275a18fe1847affa6a2d,,1545,Implement most feasible A018-A025 source corrections and bridges into one unified applied article plus supplement,I-A018-A025-FEASIBLE
2026-08-19T17:09:56.138766+00:00,modified,research_program/cross_article_review_A001_A025.md,24358fa08d38b80006114e5de4bf8421f24619233e9534b3d25d2449ec137796,958837f9eb1ba81acae8f570bc13d3f6a4736319eec14cd9d7d1c7076bb5919e,25075,25911,Implement most feasible A018-A025 source corrections and bridges into one unified applied article plus supplement,I-A018-A025-FEASIBLE
2026-08-19T17:09:56.138766+00:00,modified,research_program/external_reviews/recommendation_reconciliation_all_logged.csv,9544bb0f5fb22ced4328efca1f5df4544abaef8b51ef37e37ce182a437ecf34f,9757792e4afb81f1a8856cbeed729a33d765bc4a3c0e578bc6a6165a897f7799,144697,145094,Implement most feasible A018-A025 source corrections and bridges into one unified applied article plus supplement,I-A018-A025-FEASIBLE
2026-08-19T17:09:56.138766+00:00,modified,research_program/mathematical_error_register.md,9198b5f4eab3e23bf912b4e22483f5e581e8c02b13052333edbd48ff08382815,dc4677726ec6426de4002a7b7489c40b52b40be7ea8a9be4bd9b23169dba9714,21717,22164,Implement most feasible A018-A025 source corrections and bridges into one unified applied article plus supplement,I-A018-A025-FEASIBLE
2026-08-19T17:09:56.138766+00:00,modified,research_program/priority_roadmap.md,b4ca1989580d9acac0fe931328553381d0d164905cb3dcddbbb19ef02006281d,3a8020da690d16f7d6d2fa48a022c110d4b73d9e414a2eba4973eed61ed3e357,11092,11069,Implement most feasible A018-A025 source corrections and bridges into one unified applied article plus supplement,I-A018-A025-FEASIBLE
2026-08-19T17:09:56.138766+00:00,modified,research_program/source_registry.csv,d21f7b88babaa51a961badf27a0fbea13c30fa7ac4f1cddd4e47c282bd6f5a30,59fdc88f412eaaa986596cebd86bc6adecc98e620180ab2049ab29650c72bbee,13150,12631,Implement most feasible A018-A025 source corrections and bridges into one unified applied article plus supplement,I-A018-A025-FEASIBLE
2026-08-19T17:09:56.138766+00:00,created,revised_articles/A018_capital_liquidation_corrected.tex,,b87e4ce3c63866e8f30a275436b22288d488bd4257515bae05fb68e50c30dbf3,,182779,Implement most feasible A018-A025 source corrections and bridges into one unified applied article plus supplement,I-A018-A025-FEASIBLE
2026-08-19T17:09:56.138766+00:00,created,revised_articles/A019_closed_ledger_corrected.tex,,cca7b6d6b119c1ec26c949a3367f5370e7aa24386dad6a4fae92d82d4c264122,,13432,Implement most feasible A018-A025 source corrections and bridges into one unified applied article plus supplement,I-A018-A025-FEASIBLE
2026-08-19T17:09:56.138766+00:00,created,revised_articles/A020_two_channels_corrected.tex,,fc3fc11b8978a5f775ff7e79c164a383a9c504704b049d17f6b6e75c14a580ea,,13740,Implement most feasible A018-A025 source corrections and bridges into one unified applied article plus supplement,I-A018-A025-FEASIBLE
2026-08-19T17:09:56.138766+00:00,created,revised_articles/A021_liebig_graph_corrected.tex,,d49f14b6a0e789ced96d19f9caf2e906094cfddc5888048b84e2221534743564,,8115,Implement most feasible A018-A025 source corrections and bridges into one unified applied article plus supplement,I-A018-A025-FEASIBLE
2026-08-19T17:09:56.138766+00:00,created,revised_articles/A022_stage_harvest_corrected.tex,,27051da9fb43410de5a4361a53100bf6e184c1c2296b513358d2a8cfb6150c80,,6619,Implement most feasible A018-A025 source corrections and bridges into one unified applied article plus supplement,I-A018-A025-FEASIBLE
2026-08-19T17:09:56.138766+00:00,created,revised_articles/A023_spatial_corrected.tex,,c92b6345db4cee5c407e0a0d47166752fd4cc13742688110dedf79fc6ea04634,,15988,Implement most feasible A018-A025 source corrections and bridges into one unified applied article plus supplement,I-A018-A025-FEASIBLE
2026-08-19T17:09:56.138766+00:00,created,revised_articles/A024_first_passage_corrected.tex,,5321d64cc1a695a6665fe1ba157da0f4c6a03058db7726eca4cf8185efd32ccf,,14644,Implement most feasible A018-A025 source corrections and bridges into one unified applied article plus supplement,I-A018-A025-FEASIBLE
2026-08-19T17:09:56.138766+00:00,created,revised_articles/A025_interval_folds_corrected.tex,,d98c47e77f05031f3582e046d7237646241fdfcf1e69598851e29740e4b9c82e,,11947,Implement most feasible A018-A025 source corrections and bridges into one unified applied article plus supplement,I-A018-A025-FEASIBLE
2026-08-19T17:09:56.138766+00:00,created,revised_articles/APPLIED_LEDGER_DYNAMICS_SUPPLEMENT_INDEX.md,,4cc90ac9ba898e30cd5e4c194af5d0006dc742810d804c910916792a0bbafde0,,1564,Implement most feasible A018-A025 source corrections and bridges into one unified applied article plus supplement,I-A018-A025-FEASIBLE
2026-08-19T17:09:56.138766+00:00,modified,revised_articles/INDEX.md,38ff42b70f55f5364a5d85c558a0dacbe7c1c07c13a7b8357abacf760fc3695d,702305d091e1b0233174d4f4151464077f399d2e9bfaf81526897eb6927eedc9,2377,3449,Implement most feasible A018-A025 source corrections and bridges into one unified applied article plus supplement,I-A018-A025-FEASIBLE
2026-08-19T17:25:30.771739+00:00,modified,research_program/action_register.csv,aa0c15298827243c6f6f24ff8ed074ac06a8c3b1a71f472b2be95bcf6b2f3430,c9c9f33bd798575580aa78a9ee1a789ede165a1f4b0e4b6328bff493c0a35f04,124690,125148,Create self-contained A021 RFDE invariant-graph specialist proof prompt,D-A021-PROOF-PROMPT
2026-08-19T17:25:30.771739+00:00,modified,research_program/action_register.md,29df1e4674f041c82a6ac0dac970083b397b74acee3ccbb1eb69a0e02df1e6ed,dfd864bb416e0482c3f4a523b066672a36f7c69a36ef2bd0ccd999fd5db7619a,164044,164600,Create self-contained A021 RFDE invariant-graph specialist proof prompt,D-A021-PROOF-PROMPT
2026-08-19T17:25:30.771739+00:00,created,research_program/prompts/A021_RFDE_invariant_graph_proof_prompt.md,,a9b7bdd9c525a32e13c6a4138cbe71d2205e7b4ae0e9e047382b3d15440fbd53,,10691,Create self-contained A021 RFDE invariant-graph specialist proof prompt,D-A021-PROOF-PROMPT
2026-08-19T17:30:57.040521+00:00,modified,research_program/action_register.csv,c9c9f33bd798575580aa78a9ee1a789ede165a1f4b0e4b6328bff493c0a35f04,3e87692c8eecea0005e116de6b67b070c7b6b551c5a940c776ff49144ac9e29a,125148,125654,Audit and strengthen A021 RFDE invariant-graph proof prompt to rigorous self-contained version 2,D-A021-PROOF-PROMPT-V2
2026-08-19T17:30:57.040521+00:00,modified,research_program/action_register.md,dfd864bb416e0482c3f4a523b066672a36f7c69a36ef2bd0ccd999fd5db7619a,163d6f7e65babaa02b6b36b05bc76e93c46d60c93f4a50e8c3ab200d964c4b3c,164600,165204,Audit and strengthen A021 RFDE invariant-graph proof prompt to rigorous self-contained version 2,D-A021-PROOF-PROMPT-V2
2026-08-19T17:30:57.040521+00:00,created,research_program/prompts/A021_RFDE_invariant_graph_prompt_self_audit.md,,545b05521e212c8d89530cfaab13216c3cae33ff3b304b0638208aabef79102f,,2418,Audit and strengthen A021 RFDE invariant-graph proof prompt to rigorous self-contained version 2,D-A021-PROOF-PROMPT-V2
2026-08-19T17:30:57.040521+00:00,modified,research_program/prompts/A021_RFDE_invariant_graph_proof_prompt.md,a9b7bdd9c525a32e13c6a4138cbe71d2205e7b4ae0e9e047382b3d15440fbd53,4643c6273bf2fcd6a92ea0781c281b0656b6c00916e7e8a7078000093f73bb99,10691,15920,Audit and strengthen A021 RFDE invariant-graph proof prompt to rigorous self-contained version 2,D-A021-PROOF-PROMPT-V2
2026-08-19T17:35:18.111561+00:00,modified,research_program/prompts/A021_RFDE_invariant_graph_prompt_self_audit.md,545b05521e212c8d89530cfaab13216c3cae33ff3b304b0638208aabef79102f,7e40c332bc36c8910cae917b876c06fc29557bbf6056be136637f81b8f38eeaa,2418,2543,Finalize rigorous A021 RFDE proof prompt with candidate Banach-semiflow references and clean notation,D-A021-PROOF-PROMPT-V2
2026-08-19T17:35:18.111561+00:00,modified,research_program/prompts/A021_RFDE_invariant_graph_proof_prompt.md,4643c6273bf2fcd6a92ea0781c281b0656b6c00916e7e8a7078000093f73bb99,a689db0eeb2ce5dad8870303474d5a5e548849ee86bd5e9f6693c80db762d41f,15920,16714,Finalize rigorous A021 RFDE proof prompt with candidate Banach-semiflow references and clean notation,D-A021-PROOF-PROMPT-V2
2026-08-19T17:45:21.304364+00:00,modified,research_program/action_register.csv,3e87692c8eecea0005e116de6b67b070c7b6b551c5a940c776ff49144ac9e29a,7472274627f82dbdc9d8e23f32fd9397b6cd03cae7936bee9f929a9d47aba17c,125654,126166,Produce internal provisional A021 RFDE invariant-graph proof for later joint comparison without implementation,D-A021-INTERNAL-PROOF
2026-08-19T17:45:21.304364+00:00,modified,research_program/action_register.md,163d6f7e65babaa02b6b36b05bc76e93c46d60c93f4a50e8c3ab200d964c4b3c,bb60b2fc91b74f71efe4dec6804de11307eb8dbdb8e6d40981210efb4a8e6ca9,165204,165809,Produce internal provisional A021 RFDE invariant-graph proof for later joint comparison without implementation,D-A021-INTERNAL-PROOF
2026-08-19T17:45:21.304364+00:00,modified,research_program/external_reviews/recommendation_reconciliation_all_logged.csv,9757792e4afb81f1a8856cbeed729a33d765bc4a3c0e578bc6a6165a897f7799,a84404c245eec00e34071d825ef63bec36e9d0add8ee031020dbe21c82ae4cbc,145094,145832,Produce internal provisional A021 RFDE invariant-graph proof for later joint comparison without implementation,D-A021-INTERNAL-PROOF
2026-08-19T17:45:21.304364+00:00,created,research_program/internal_provisional_A021_RFDE_invariant_graph_proof.md,,013c1bf4dec6b82ad49a14af4ceaab36ef03c3bfd64d9767b3c5269797c684d8,,20819,Produce internal provisional A021 RFDE invariant-graph proof for later joint comparison without implementation,D-A021-INTERNAL-PROOF
2026-08-19T17:49:45.212645+00:00,modified,research_program/action_register.csv,7472274627f82dbdc9d8e23f32fd9397b6cd03cae7936bee9f929a9d47aba17c,785f922a2a2ea34538eb1eb51e61e44c4f01be88a9806e9952f1d417b8d83bf6,126166,126635,Receive and inventory ER006 as first parallel A021 proof audit without implementation,ER006-RECEIVED
2026-08-19T17:49:45.212645+00:00,modified,research_program/action_register.md,bb60b2fc91b74f71efe4dec6804de11307eb8dbdb8e6d40981210efb4a8e6ca9,0380e804c35504dfaebef9aaa0bc4d85167580fc4c482742189b518dd995a8b1,165809,166377,Receive and inventory ER006 as first parallel A021 proof audit without implementation,ER006-RECEIVED
2026-08-19T17:49:45.212645+00:00,modified,research_program/external_review_registry.csv,77219361daecfb97551c51c9e0e98807fb35227e572b10cef5f77b400b7c617a,dfe9b2020f59d7b57181cc2949d687394e8642619f30b9efed48086a688328cb,3090,3596,Receive and inventory ER006 as first parallel A021 proof audit without implementation,ER006-RECEIVED
2026-08-19T17:49:45.212645+00:00,created,research_program/external_reviews/ER006_A021_parallel_1/point_inventory.md,,8ad899ed4779af7069b11f4c68794e6c00d708a9b7fc2468955f6f9cd8c86d3d,,2324,Receive and inventory ER006 as first parallel A021 proof audit without implementation,ER006-RECEIVED
2026-08-19T17:49:45.212645+00:00,created,research_program/external_reviews/ER006_A021_parallel_1/verbatim.md,,c3264a279d0edac669349d3b0293ffaa73b519305bdfea6826df552af4ce4997,,14058,Receive and inventory ER006 as first parallel A021 proof audit without implementation,ER006-RECEIVED
2026-08-19T17:49:45.212645+00:00,modified,research_program/external_reviews/recommendation_reconciliation_all_logged.csv,a84404c245eec00e34071d825ef63bec36e9d0add8ee031020dbe21c82ae4cbc,8c31d3f41e38c1d18f5d071d7a718d448da3b246ffb1c6b21cfc5ef7227865ef,145832,146074,Receive and inventory ER006 as first parallel A021 proof audit without implementation,ER006-RECEIVED
2026-08-19T17:53:43.381749+00:00,modified,research_program/action_register.csv,785f922a2a2ea34538eb1eb51e61e44c4f01be88a9806e9952f1d417b8d83bf6,aa1d8c1a7fb454b746fb750c28011803a85c3ab1acac9da5bb8d0c23620b640a,126635,127128,Receive and inventory ER007 as second parallel A021 proof response without implementation,ER007-RECEIVED
2026-08-19T17:53:43.381749+00:00,modified,research_program/action_register.md,0380e804c35504dfaebef9aaa0bc4d85167580fc4c482742189b518dd995a8b1,6da7971e47b83d554d1a5a89120ba440b2f1668b25a1e5f6d16a6112ea3e6174,166377,166967,Receive and inventory ER007 as second parallel A021 proof response without implementation,ER007-RECEIVED
2026-08-19T17:53:43.381749+00:00,modified,research_program/external_review_registry.csv,dfe9b2020f59d7b57181cc2949d687394e8642619f30b9efed48086a688328cb,4000bfab587f2cc120a20dcfcae1df1d21bab3973fc003e9b2a41182ee83cfa0,3596,4121,Receive and inventory ER007 as second parallel A021 proof response without implementation,ER007-RECEIVED
2026-08-19T17:53:43.381749+00:00,created,research_program/external_reviews/ER007_A021_parallel_2/point_inventory.md,,ad6a7f0bb8e2d6ba00bf7a2d556419037913b92adfcb6227924234d895a4f6cf,,3891,Receive and inventory ER007 as second parallel A021 proof response without implementation,ER007-RECEIVED
2026-08-19T17:53:43.381749+00:00,created,research_program/external_reviews/ER007_A021_parallel_2/verbatim.md,,5173a2cbeb5903a878d72d6f00c4b4b3633e82db70425551543ac8e578433a9d,,30728,Receive and inventory ER007 as second parallel A021 proof response without implementation,ER007-RECEIVED
2026-08-19T17:53:43.381749+00:00,modified,research_program/external_reviews/recommendation_reconciliation_all_logged.csv,8c31d3f41e38c1d18f5d071d7a718d448da3b246ffb1c6b21cfc5ef7227865ef,11277f4e0e09e9e9dc3a062b9d86e9fec881263b06414d2cd3830c6774e66969,146074,146325,Receive and inventory ER007 as second parallel A021 proof response without implementation,ER007-RECEIVED
2026-08-19T17:58:25.792198+00:00,modified,research_program/action_register.csv,aa1d8c1a7fb454b746fb750c28011803a85c3ab1acac9da5bb8d0c23620b640a,fd73cf5675eb76cca6e682abf4c0cb9f0ac52a19f0504abd3a78fe4c5e6a2713,127128,127609,Receive and inventory ER008 as third parallel A021 proof response without implementation,ER008-RECEIVED
2026-08-19T17:58:25.792198+00:00,modified,research_program/action_register.md,6da7971e47b83d554d1a5a89120ba440b2f1668b25a1e5f6d16a6112ea3e6174,0d934f36d1c2951256218f7cd61991a5ecb474e15c8c3f802d5d16f6c40623af,166967,167547,Receive and inventory ER008 as third parallel A021 proof response without implementation,ER008-RECEIVED
2026-08-19T17:58:25.792198+00:00,modified,research_program/external_review_registry.csv,4000bfab587f2cc120a20dcfcae1df1d21bab3973fc003e9b2a41182ee83cfa0,54989bbdf5f2dc3878a6ccdd186f719f2775ee58ba3e4f4787df482a09508e30,4121,4668,Receive and inventory ER008 as third parallel A021 proof response without implementation,ER008-RECEIVED
2026-08-19T17:58:25.792198+00:00,created,research_program/external_reviews/ER008_A021_parallel_3/normalized_capture.md,,695e9a7f2a216a5e1353286e74306b9a73eb7900cb85b1cf36bec7ad249af9af,,7752,Receive and inventory ER008 as third parallel A021 proof response without implementation,ER008-RECEIVED
2026-08-19T17:58:25.792198+00:00,created,research_program/external_reviews/ER008_A021_parallel_3/point_inventory.md,,a9b44cc7398d0e83459c37ef518870b9fc002a3cd6447cad90ffb10369a51b80,,3156,Receive and inventory ER008 as third parallel A021 proof response without implementation,ER008-RECEIVED
2026-08-19T17:58:25.792198+00:00,modified,research_program/external_reviews/recommendation_reconciliation_all_logged.csv,11277f4e0e09e9e9dc3a062b9d86e9fec881263b06414d2cd3830c6774e66969,ae837b57639d62852310691972f92e82746fa4c0affdb8e1c59ca058b864b7d1,146325,146568,Receive and inventory ER008 as third parallel A021 proof response without implementation,ER008-RECEIVED
2026-08-19T18:02:29.198066+00:00,modified,research_program/action_register.csv,fd73cf5675eb76cca6e682abf4c0cb9f0ac52a19f0504abd3a78fe4c5e6a2713,47ea0f194115b18d5ac76c8d255ad19f9762c9f960122afe49931f138a246e2b,127609,128125,Receive and inventory ER009 as fourth parallel A021 proof response without implementation,ER009-RECEIVED
2026-08-19T18:02:29.198066+00:00,modified,research_program/action_register.md,0d934f36d1c2951256218f7cd61991a5ecb474e15c8c3f802d5d16f6c40623af,d9db6b60cf0bf838b8835b5e7ba66572a6a2483569a1c7e1792c2316507d9057,167547,168160,Receive and inventory ER009 as fourth parallel A021 proof response without implementation,ER009-RECEIVED
2026-08-19T18:02:29.198066+00:00,modified,research_program/external_review_registry.csv,54989bbdf5f2dc3878a6ccdd186f719f2775ee58ba3e4f4787df482a09508e30,33c2a2768a0b0a37780e83067e8ff880ad7802555126c1ddc55b159b82493360,4668,5176,Receive and inventory ER009 as fourth parallel A021 proof response without implementation,ER009-RECEIVED
2026-08-19T18:02:29.198066+00:00,created,research_program/external_reviews/ER009_A021_parallel_4/normalized_capture.md,,0021c4b320d465de5a3715138b6bfb8e418ea1b8541881cab99df512b3b8f90b,,2986,Receive and inventory ER009 as fourth parallel A021 proof response without implementation,ER009-RECEIVED
2026-08-19T18:02:29.198066+00:00,created,research_program/external_reviews/ER009_A021_parallel_4/point_inventory.md,,c7d87d09cee640954c6c0c1f6ca12b64ad193f0b57fca9b2de3173cff9aba244,,3848,Receive and inventory ER009 as fourth parallel A021 proof response without implementation,ER009-RECEIVED
2026-08-19T18:02:29.198066+00:00,modified,research_program/external_reviews/recommendation_reconciliation_all_logged.csv,ae837b57639d62852310691972f92e82746fa4c0affdb8e1c59ca058b864b7d1,5c6697347b8fc38b34858f9ef8cc0fe18208b355123f1502d8b1b0f957f9555f,146568,146813,Receive and inventory ER009 as fourth parallel A021 proof response without implementation,ER009-RECEIVED
2026-08-19T18:06:42.211832+00:00,modified,research_program/action_register.csv,47ea0f194115b18d5ac76c8d255ad19f9762c9f960122afe49931f138a246e2b,3a5b00c874f451c7533b8d3d83187e57426247335eaa308111312f8020b52663,128125,128635,Receive and inventory ER010 as fifth parallel A021 proof response without implementation,ER010-RECEIVED
2026-08-19T18:06:42.211832+00:00,modified,research_program/action_register.md,d9db6b60cf0bf838b8835b5e7ba66572a6a2483569a1c7e1792c2316507d9057,c34d512c6bf07027c9ea5ad5519bd68bb01543bda5c1cb8b6be6f84950d47e1e,168160,168767,Receive and inventory ER010 as fifth parallel A021 proof response without implementation,ER010-RECEIVED
2026-08-19T18:06:42.211832+00:00,modified,research_program/external_review_registry.csv,33c2a2768a0b0a37780e83067e8ff880ad7802555126c1ddc55b159b82493360,f2830f39e911f51a2ff96cfd84ec7432d2c472210fca4d22ed6af20557908ac3,5176,5717,Receive and inventory ER010 as fifth parallel A021 proof response without implementation,ER010-RECEIVED
2026-08-19T18:06:42.211832+00:00,created,research_program/external_reviews/ER010_A021_parallel_5/normalized_capture.md,,d8c85096c04e65fcd9df87783051c6d576567e390b5e6e5794d9cf0507710da7,,2717,Receive and inventory ER010 as fifth parallel A021 proof response without implementation,ER010-RECEIVED
2026-08-19T18:06:42.211832+00:00,created,research_program/external_reviews/ER010_A021_parallel_5/point_inventory.md,,e58ec56cd1dd756470f613db4ec97eb92f065f7d149101d25108e25693fd8979,,3371,Receive and inventory ER010 as fifth parallel A021 proof response without implementation,ER010-RECEIVED
2026-08-19T18:06:42.211832+00:00,modified,research_program/external_reviews/recommendation_reconciliation_all_logged.csv,5c6697347b8fc38b34858f9ef8cc0fe18208b355123f1502d8b1b0f957f9555f,7a127b931baacd29aba3ad1d8795e4c348a3fb9c4f0b68fb69c9d3c6dd6ef286,146813,147056,Receive and inventory ER010 as fifth parallel A021 proof response without implementation,ER010-RECEIVED
2026-08-19T18:12:00.142977+00:00,modified,research_program/action_register.csv,3a5b00c874f451c7533b8d3d83187e57426247335eaa308111312f8020b52663,fe67fa11e117fae3a5f06dd9224be4b1768a56c8dc1e39cf3764309d13c299d7,128635,129544,Jointly adjudicate internal A021 proof with parallel specialist responses ER006-ER010 without implementation,D-A021-JOINT-01
2026-08-19T18:12:00.142977+00:00,modified,research_program/action_register.md,c34d512c6bf07027c9ea5ad5519bd68bb01543bda5c1cb8b6be6f84950d47e1e,9ac0978491b6e8cdaedaef7386b2632088d149c3a4ded9e55be9065e8110bd9d,168767,169865,Jointly adjudicate internal A021 proof with parallel specialist responses ER006-ER010 without implementation,D-A021-JOINT-01
2026-08-19T18:12:00.142977+00:00,modified,research_program/external_review_registry.csv,f2830f39e911f51a2ff96cfd84ec7432d2c472210fca4d22ed6af20557908ac3,fd3b3b7df1a52b758c92e9115d8ebc576736c54f1f01e5a65119e2839bb861ca,5717,5878,Jointly adjudicate internal A021 proof with parallel specialist responses ER006-ER010 without implementation,D-A021-JOINT-01
2026-08-19T18:12:00.142977+00:00,created,research_program/external_reviews/A021_joint_decision_docket.csv,,981c5c6ae1fb178b601f9af188cf1a0274916fcbec2c5924dfdfacbf4997ce2b,,2792,Jointly adjudicate internal A021 proof with parallel specialist responses ER006-ER010 without implementation,D-A021-JOINT-01
2026-08-19T18:12:00.142977+00:00,created,research_program/external_reviews/joint_audit_A021_internal_ER006_ER010.md,,c97f8623fde5ad5ac476cc576e45a54b0b0b9c79342cd1e0000155c12a1528fa,,16190,Jointly adjudicate internal A021 proof with parallel specialist responses ER006-ER010 without implementation,D-A021-JOINT-01
2026-08-19T18:12:00.142977+00:00,modified,research_program/external_reviews/recommendation_reconciliation_all_logged.csv,7a127b931baacd29aba3ad1d8795e4c348a3fb9c4f0b68fb69c9d3c6dd6ef286,d844ddaad439cfb79d28e9a1bc2ef767d3a7e63f701e42a7022076709db8292a,147056,147589,Jointly adjudicate internal A021 proof with parallel specialist responses ER006-ER010 without implementation,D-A021-JOINT-01
2026-08-19T18:12:00.142977+00:00,modified,research_program/mathematical_error_register.md,dc4677726ec6426de4002a7b7489c40b52b40be7ea8a9be4bd9b23169dba9714,c7d4786a5f1f386c88eb2780f5b24f9cedb590bb4718e4db57a6957296f3bcc1,22164,22695,Jointly adjudicate internal A021 proof with parallel specialist responses ER006-ER010 without implementation,D-A021-JOINT-01
2026-08-19T18:41:11.476724+00:00,modified,research_program/action_register.csv,fe67fa11e117fae3a5f06dd9224be4b1768a56c8dc1e39cf3764309d13c299d7,05b50ccdab2ac6a7ab15d9b3787be20ac597edbcf405e85739bcc2158fe7c642,129544,130025,Receive and inventory ER011 as first of two additional A021 parallel audits without implementation,ER011-RECEIVED
2026-08-19T18:41:11.476724+00:00,modified,research_program/action_register.md,9ac0978491b6e8cdaedaef7386b2632088d149c3a4ded9e55be9065e8110bd9d,dcf54e906e770e2a98b3cc8fdfb0862de5882b023985397216076904aefb73b9,169865,170445,Receive and inventory ER011 as first of two additional A021 parallel audits without implementation,ER011-RECEIVED
2026-08-19T18:41:11.476724+00:00,modified,research_program/external_review_registry.csv,fd3b3b7df1a52b758c92e9115d8ebc576736c54f1f01e5a65119e2839bb861ca,e9a29b6eb30b82e6ca34ad6ff3d57d848ec122634edc2631b13126ce4e6aca65,5878,6395,Receive and inventory ER011 as first of two additional A021 parallel audits without implementation,ER011-RECEIVED
2026-08-19T18:41:11.476724+00:00,created,research_program/external_reviews/ER011_A021_parallel_6/normalized_capture.md,,3214de8666c4c834a365814be5ba2e4ba7dbd0988a0841f7c07b71eaeceaa79c,,2119,Receive and inventory ER011 as first of two additional A021 parallel audits without implementation,ER011-RECEIVED
2026-08-19T18:41:11.476724+00:00,created,research_program/external_reviews/ER011_A021_parallel_6/point_inventory.md,,b91ffe58cbe84fe493b99803a3760652c22bd1e9bae2fa110f35133bd3cf2e94,,2649,Receive and inventory ER011 as first of two additional A021 parallel audits without implementation,ER011-RECEIVED
2026-08-19T18:41:11.476724+00:00,modified,research_program/external_reviews/recommendation_reconciliation_all_logged.csv,d844ddaad439cfb79d28e9a1bc2ef767d3a7e63f701e42a7022076709db8292a,862f1bd2b35b3eaed427c1ebb6e977b98b82912b3bb0d1025ec825020e09ff0f,147589,147849,Receive and inventory ER011 as first of two additional A021 parallel audits without implementation,ER011-RECEIVED
2026-08-19T18:43:39.386353+00:00,modified,research_program/action_register.csv,05b50ccdab2ac6a7ab15d9b3787be20ac597edbcf405e85739bcc2158fe7c642,85ede9a9e8fdf9cc996fe08cdf1dc1069adb0529c61885d5d799fa0582280a14,130025,130682,Receive and inventory truncated ER012 as second additional A021 audit; await remainder before expanded adjudication,ER012-RECEIVED
2026-08-19T18:43:39.386353+00:00,modified,research_program/action_register.md,dcf54e906e770e2a98b3cc8fdfb0862de5882b023985397216076904aefb73b9,f6de0c42eb6f6a09e4d2100d858980decc01ca741c3182d181cd4fff289539ee,170445,171262,Receive and inventory truncated ER012 as second additional A021 audit; await remainder before expanded adjudication,ER012-RECEIVED
2026-08-19T18:43:39.386353+00:00,modified,research_program/external_review_registry.csv,e9a29b6eb30b82e6ca34ad6ff3d57d848ec122634edc2631b13126ce4e6aca65,7c2b16f827bc1ac362661c9442797d6a676b0ef06b39082ace18ade1a8a47b25,6395,6953,Receive and inventory truncated ER012 as second additional A021 audit; await remainder before expanded adjudication,ER012-RECEIVED
2026-08-19T18:43:39.386353+00:00,created,research_program/external_reviews/ER012_A021_parallel_7/normalized_capture.md,,949e1f4c7c241bf6451d307db54ecf305c19dd619ff84f0a52937d857a00473b,,2368,Receive and inventory truncated ER012 as second additional A021 audit; await remainder before expanded adjudication,ER012-RECEIVED
2026-08-19T18:43:39.386353+00:00,created,research_program/external_reviews/ER012_A021_parallel_7/point_inventory.md,,52cb10d7da7e80a572d304b5edde1f05cf38b756996075be434a10f3cd2e8187,,2028,Receive and inventory truncated ER012 as second additional A021 audit; await remainder before expanded adjudication,ER012-RECEIVED
2026-08-19T18:43:39.386353+00:00,modified,research_program/external_reviews/recommendation_reconciliation_all_logged.csv,862f1bd2b35b3eaed427c1ebb6e977b98b82912b3bb0d1025ec825020e09ff0f,05d4a4758095f6af45bd1bde1fa3328a0f14018a4fedb287bb7611c9a0d86899,147849,148302,Receive and inventory truncated ER012 as second additional A021 audit; await remainder before expanded adjudication,ER012-RECEIVED
2026-08-19T19:12:00.362061+00:00,modified,research_program/action_register.csv,85ede9a9e8fdf9cc996fe08cdf1dc1069adb0529c61885d5d799fa0582280a14,755a95576b6c64a0da67cfcf6af0414a8b4a08aa0aab3755c328eb2883c89a41,130682,130951,"Complete ER012 remainder intake, preserve and hash the continuation, upgrade ER012 from partial to complete, and synchronize receipt records before expanded joint adjudication",ER012-REMAINDER-RECEIVED
2026-08-19T19:12:00.362061+00:00,modified,research_program/action_register.md,f6de0c42eb6f6a09e4d2100d858980decc01ca741c3182d181cd4fff289539ee,c7b68af34e4bdedfad56f89c5a080a982f83357db4fcc50f43d697a1257d53c0,171262,171548,"Complete ER012 remainder intake, preserve and hash the continuation, upgrade ER012 from partial to complete, and synchronize receipt records before expanded joint adjudication",ER012-REMAINDER-RECEIVED
2026-08-19T19:12:00.362061+00:00,modified,research_program/external_review_registry.csv,7c2b16f827bc1ac362661c9442797d6a676b0ef06b39082ace18ade1a8a47b25,f1bbd6bfede24bded3a03c822fd237281285bdff06c5b6a393ab311c2f2e7d2a,6953,7192,"Complete ER012 remainder intake, preserve and hash the continuation, upgrade ER012 from partial to complete, and synchronize receipt records before expanded joint adjudication",ER012-REMAINDER-RECEIVED
2026-08-19T19:12:00.362061+00:00,modified,research_program/external_reviews/ER012_A021_parallel_7/normalized_capture.md,949e1f4c7c241bf6451d307db54ecf305c19dd619ff84f0a52937d857a00473b,f54cfb857574993f6e830936b74ae795e711cd123d7d1e8d399174e3b4c32adf,2368,2334,"Complete ER012 remainder intake, preserve and hash the continuation, upgrade ER012 from partial to complete, and synchronize receipt records before expanded joint adjudication",ER012-REMAINDER-RECEIVED
2026-08-19T19:12:00.362061+00:00,modified,research_program/external_reviews/ER012_A021_parallel_7/point_inventory.md,52cb10d7da7e80a572d304b5edde1f05cf38b756996075be434a10f3cd2e8187,2d1f3e104c3c45461ddbc78ae9e53e95deb77b3113a5f2b138f2640c684bcfe8,2028,3910,"Complete ER012 remainder intake, preserve and hash the continuation, upgrade ER012 from partial to complete, and synchronize receipt records before expanded joint adjudication",ER012-REMAINDER-RECEIVED
2026-08-19T19:12:00.362061+00:00,created,research_program/external_reviews/ER012_A021_parallel_7/remainder_capture.md,,64b8d87f2738e72ea574d53e1309522617015e0af8661d53a63f65804f08fa95,,2310,"Complete ER012 remainder intake, preserve and hash the continuation, upgrade ER012 from partial to complete, and synchronize receipt records before expanded joint adjudication",ER012-REMAINDER-RECEIVED
2026-08-19T19:12:00.362061+00:00,modified,research_program/external_reviews/recommendation_reconciliation_all_logged.csv,05d4a4758095f6af45bd1bde1fa3328a0f14018a4fedb287bb7611c9a0d86899,0177e73e0b64f8034d8af351c60716fdcca133f2c7c3f417e06df2342eb3e2f9,148302,148314,"Complete ER012 remainder intake, preserve and hash the continuation, upgrade ER012 from partial to complete, and synchronize receipt records before expanded joint adjudication",ER012-REMAINDER-RECEIVED
2026-08-19T19:14:21.173622+00:00,modified,research_program/action_register.csv,755a95576b6c64a0da67cfcf6af0414a8b4a08aa0aab3755c328eb2883c89a41,99568e62e035da31d4232caa4fea66cfbc97d886be8588f9c551f413cd79d490,130951,131905,"Expand the controlling A021 joint adjudication from ER006-ER010 through ER012, compare all propositions without recency bias, update the 17-point docket and mathematical status record, and leave the manuscript unchanged",D-A021-JOINT-02
2026-08-19T19:14:21.173622+00:00,modified,research_program/action_register.md,c7b68af34e4bdedfad56f89c5a080a982f83357db4fcc50f43d697a1257d53c0,40c8087bf23b575ebfe8887408681d3477f0f1e032321abe6356585871aaed0c,171548,172670,"Expand the controlling A021 joint adjudication from ER006-ER010 through ER012, compare all propositions without recency bias, update the 17-point docket and mathematical status record, and leave the manuscript unchanged",D-A021-JOINT-02
2026-08-19T19:14:21.173622+00:00,modified,research_program/external_review_registry.csv,f1bbd6bfede24bded3a03c822fd237281285bdff06c5b6a393ab311c2f2e7d2a,9b7a4a1351374c7a97a12bece07023d05d00c927d2ba1ae997f7cea57a43c2d1,7192,7236,"Expand the controlling A021 joint adjudication from ER006-ER010 through ER012, compare all propositions without recency bias, update the 17-point docket and mathematical status record, and leave the manuscript unchanged",D-A021-JOINT-02
2026-08-19T19:14:21.173622+00:00,modified,research_program/external_reviews/A021_joint_decision_docket.csv,981c5c6ae1fb178b601f9af188cf1a0274916fcbec2c5924dfdfacbf4997ce2b,39b4fa5dbf354f0f4e0d21a687174f6d03d2c58a032bebe3584e4755a7ec8f55,2792,4627,"Expand the controlling A021 joint adjudication from ER006-ER010 through ER012, compare all propositions without recency bias, update the 17-point docket and mathematical status record, and leave the manuscript unchanged",D-A021-JOINT-02
2026-08-19T19:14:21.173622+00:00,modified,research_program/external_reviews/joint_audit_A021_internal_ER006_ER010.md,c97f8623fde5ad5ac476cc576e45a54b0b0b9c79342cd1e0000155c12a1528fa,7e97c5060d624a5a95dfde867bb470ff8c848df165f8853257bd25ecca28f166,16190,20672,"Expand the controlling A021 joint adjudication from ER006-ER010 through ER012, compare all propositions without recency bias, update the 17-point docket and mathematical status record, and leave the manuscript unchanged",D-A021-JOINT-02
2026-08-19T19:14:21.173622+00:00,modified,research_program/external_reviews/recommendation_reconciliation_all_logged.csv,0177e73e0b64f8034d8af351c60716fdcca133f2c7c3f417e06df2342eb3e2f9,287c9ab4e82c4b6d51b90dc140130f645dcd06bc9b5a438e4f1d6d5ca9069a00,148314,148800,"Expand the controlling A021 joint adjudication from ER006-ER010 through ER012, compare all propositions without recency bias, update the 17-point docket and mathematical status record, and leave the manuscript unchanged",D-A021-JOINT-02
2026-08-19T19:14:21.173622+00:00,modified,research_program/mathematical_error_register.md,c7d4786a5f1f386c88eb2780f5b24f9cedb590bb4718e4db57a6957296f3bcc1,8e52f0e203542c63715aa8d93dd9eb1de5932c96985059421d24d0aefc2b80f7,22695,22935,"Expand the controlling A021 joint adjudication from ER006-ER010 through ER012, compare all propositions without recency bias, update the 17-point docket and mathematical status record, and leave the manuscript unchanged",D-A021-JOINT-02
2026-08-19T19:24:41.815337+00:00,modified,research_program/action_register.csv,99568e62e035da31d4232caa4fea66cfbc97d886be8588f9c551f413cd79d490,741e72f2d98a35123dbbc1819e5d43aa88efa7f0520f5e4f975b09c1f3a66bf8,131905,132551,"Register and re-audit the resupplied complete ER012 continuation, adding the equilibrium characteristic-matrix sign correction, RFDE periodic-return-map gap, uniform spectral-localization requirement, and localized complete-continuity qualification without changing A021",ER012-COMPLETE-CONTINUATION-REAUDIT
2026-08-19T19:24:41.815337+00:00,modified,research_program/action_register.md,40c8087bf23b575ebfe8887408681d3477f0f1e032321abe6356585871aaed0c,13c3766f5f4f3f3215b93a862c54bb5b373569a093a6f0f29c57aef5caa1985f,172670,173413,"Register and re-audit the resupplied complete ER012 continuation, adding the equilibrium characteristic-matrix sign correction, RFDE periodic-return-map gap, uniform spectral-localization requirement, and localized complete-continuity qualification without changing A021",ER012-COMPLETE-CONTINUATION-REAUDIT
2026-08-19T19:24:41.815337+00:00,modified,research_program/external_review_registry.csv,9b7a4a1351374c7a97a12bece07023d05d00c927d2ba1ae997f7cea57a43c2d1,ca3831e431f927f2cb89709147e6c1f5bbf6e7f482a8a0c0fff6e4a50474032b,7236,7353,"Register and re-audit the resupplied complete ER012 continuation, adding the equilibrium characteristic-matrix sign correction, RFDE periodic-return-map gap, uniform spectral-localization requirement, and localized complete-continuity qualification without changing A021",ER012-COMPLETE-CONTINUATION-REAUDIT
2026-08-19T19:24:41.815337+00:00,modified,research_program/external_reviews/A021_joint_decision_docket.csv,39b4fa5dbf354f0f4e0d21a687174f6d03d2c58a032bebe3584e4755a7ec8f55,e277240bb669605705bb97399cc5913f629d7b51ba2c5ba95b6e3c57e1972a41,4627,4724,"Register and re-audit the resupplied complete ER012 continuation, adding the equilibrium characteristic-matrix sign correction, RFDE periodic-return-map gap, uniform spectral-localization requirement, and localized complete-continuity qualification without changing A021",ER012-COMPLETE-CONTINUATION-REAUDIT
2026-08-19T19:24:41.815337+00:00,created,research_program/external_reviews/ER012_A021_parallel_7/completed_remainder_line_audit.md,,2c6f752ac687308600ff38b48c9b38451c2584b6e910b62b742f1cb920c661c4,,6949,"Register and re-audit the resupplied complete ER012 continuation, adding the equilibrium characteristic-matrix sign correction, RFDE periodic-return-map gap, uniform spectral-localization requirement, and localized complete-continuity qualification without changing A021",ER012-COMPLETE-CONTINUATION-REAUDIT
2026-08-19T19:24:41.815337+00:00,modified,research_program/external_reviews/ER012_A021_parallel_7/point_inventory.md,2d1f3e104c3c45461ddbc78ae9e53e95deb77b3113a5f2b138f2640c684bcfe8,8751b10cc87489eeb7e0cd6864d5cafb24492d04f7795fc24ce4e82bfc3422bf,3910,5081,"Register and re-audit the resupplied complete ER012 continuation, adding the equilibrium characteristic-matrix sign correction, RFDE periodic-return-map gap, uniform spectral-localization requirement, and localized complete-continuity qualification without changing A021",ER012-COMPLETE-CONTINUATION-REAUDIT
2026-08-19T19:24:41.815337+00:00,modified,research_program/external_reviews/joint_audit_A021_internal_ER006_ER010.md,7e97c5060d624a5a95dfde867bb470ff8c848df165f8853257bd25ecca28f166,607d9b2499a19a809faa017401f74881bb01d7f9245e24b826b522dbbbb4a0cb,20672,21227,"Register and re-audit the resupplied complete ER012 continuation, adding the equilibrium characteristic-matrix sign correction, RFDE periodic-return-map gap, uniform spectral-localization requirement, and localized complete-continuity qualification without changing A021",ER012-COMPLETE-CONTINUATION-REAUDIT
2026-08-19T19:24:41.815337+00:00,modified,research_program/external_reviews/recommendation_reconciliation_all_logged.csv,287c9ab4e82c4b6d51b90dc140130f645dcd06bc9b5a438e4f1d6d5ca9069a00,b2ed11831215788c86d45fd521a32d9f4d1cbe7bd89940e0fc66fa0aff4c5d14,148800,149087,"Register and re-audit the resupplied complete ER012 continuation, adding the equilibrium characteristic-matrix sign correction, RFDE periodic-return-map gap, uniform spectral-localization requirement, and localized complete-continuity qualification without changing A021",ER012-COMPLETE-CONTINUATION-REAUDIT
2026-08-19T19:24:41.815337+00:00,modified,research_program/mathematical_error_register.md,8e52f0e203542c63715aa8d93dd9eb1de5932c96985059421d24d0aefc2b80f7,d18f175f5868c691c1da545d78a08a0051252148747b2732308ff173ccfddaad,22935,23144,"Register and re-audit the resupplied complete ER012 continuation, adding the equilibrium characteristic-matrix sign correction, RFDE periodic-return-map gap, uniform spectral-localization requirement, and localized complete-continuity qualification without changing A021",ER012-COMPLETE-CONTINUATION-REAUDIT
2026-08-19T19:35:14.981503+00:00,modified,research_program/action_register.csv,741e72f2d98a35123dbbc1819e5d43aa88efa7f0520f5e4f975b09c1f3a66bf8,fc389f20f80dca895718f5072de15de43980585a1b2edfe237ba06c3b9ecec28,132551,133557,Register ER013 claimed full A021 proofs and reopen joint adjudication; reject the invalid Lyapunov-Perron and nonlinear-Hopf proof package while preserving useful conditional targets and leaving the manuscript unchanged,D-A021-JOINT-03
2026-08-19T19:35:14.981503+00:00,modified,research_program/action_register.md,13c3766f5f4f3f3215b93a862c54bb5b373569a093a6f0f29c57aef5caa1985f,11e83d7431778f75b7e94321748ea070081fb4096b5047a00c84f06f65bbf443,173413,174587,Register ER013 claimed full A021 proofs and reopen joint adjudication; reject the invalid Lyapunov-Perron and nonlinear-Hopf proof package while preserving useful conditional targets and leaving the manuscript unchanged,D-A021-JOINT-03
2026-08-19T19:35:14.981503+00:00,modified,research_program/external_review_registry.csv,ca3831e431f927f2cb89709147e6c1f5bbf6e7f482a8a0c0fff6e4a50474032b,84aa2116cf3be0d50b9ba65b32f720d70f25fee8cbff7065216e03c92923867f,7353,7886,Register ER013 claimed full A021 proofs and reopen joint adjudication; reject the invalid Lyapunov-Perron and nonlinear-Hopf proof package while preserving useful conditional targets and leaving the manuscript unchanged,D-A021-JOINT-03
2026-08-19T19:35:14.981503+00:00,modified,research_program/external_reviews/A021_joint_decision_docket.csv,e277240bb669605705bb97399cc5913f629d7b51ba2c5ba95b6e3c57e1972a41,024876f72b1a07021d50df6aef72dbee43e5e00c6f1922d5a5cf11dc1818bb1a,4724,6801,Register ER013 claimed full A021 proofs and reopen joint adjudication; reject the invalid Lyapunov-Perron and nonlinear-Hopf proof package while preserving useful conditional targets and leaving the manuscript unchanged,D-A021-JOINT-03
2026-08-19T19:35:14.981503+00:00,created,research_program/external_reviews/ER013_A021_claimed_full_proofs/normalized_capture.md,,3707ca1f1df033123269bfe25e1fc6910444caf097436503f1e0029410ddcb9f,,2552,Register ER013 claimed full A021 proofs and reopen joint adjudication; reject the invalid Lyapunov-Perron and nonlinear-Hopf proof package while preserving useful conditional targets and leaving the manuscript unchanged,D-A021-JOINT-03
2026-08-19T19:35:14.981503+00:00,created,research_program/external_reviews/ER013_A021_claimed_full_proofs/point_inventory.md,,32e174c442e3940fd1e30705edd8cd77f1c3c967d82447457646f40f00c881cd,,9996,Register ER013 claimed full A021 proofs and reopen joint adjudication; reject the invalid Lyapunov-Perron and nonlinear-Hopf proof package while preserving useful conditional targets and leaving the manuscript unchanged,D-A021-JOINT-03
2026-08-19T19:35:14.981503+00:00,modified,research_program/external_reviews/joint_audit_A021_internal_ER006_ER010.md,607d9b2499a19a809faa017401f74881bb01d7f9245e24b826b522dbbbb4a0cb,837ec26b1a527b3127c852f8a3a9b09c49c7a91bf2e0b5a7416afcf7aabbfbc8,21227,22883,Register ER013 claimed full A021 proofs and reopen joint adjudication; reject the invalid Lyapunov-Perron and nonlinear-Hopf proof package while preserving useful conditional targets and leaving the manuscript unchanged,D-A021-JOINT-03
2026-08-19T19:35:14.981503+00:00,modified,research_program/external_reviews/recommendation_reconciliation_all_logged.csv,b2ed11831215788c86d45fd521a32d9f4d1cbe7bd89940e0fc66fa0aff4c5d14,dca7e1104db860f3a4b3887221c75016f9a8b0751d203d36271fec36dee9f314,149087,149577,Register ER013 claimed full A021 proofs and reopen joint adjudication; reject the invalid Lyapunov-Perron and nonlinear-Hopf proof package while preserving useful conditional targets and leaving the manuscript unchanged,D-A021-JOINT-03
2026-08-19T19:35:14.981503+00:00,modified,research_program/mathematical_error_register.md,d18f175f5868c691c1da545d78a08a0051252148747b2732308ff173ccfddaad,73c06f5165cd3423e5c5654e6b11acf81a8ec8638338ad25e9592e41d9bcd64a,23144,23488,Register ER013 claimed full A021 proofs and reopen joint adjudication; reject the invalid Lyapunov-Perron and nonlinear-Hopf proof package while preserving useful conditional targets and leaving the manuscript unchanged,D-A021-JOINT-03
2026-08-19T19:42:55.300030+00:00,modified,research_program/action_register.csv,fc389f20f80dca895718f5072de15de43980585a1b2edfe237ba06c3b9ecec28,c5c5d97bfb130c78a1dadcd3fc058222b9ebb4f7ee674da93e8b6746c3f55422,133557,134523,Register ER014 and jointly assess its improved time-T graph transform and matched-smoothness Hopf proposal; retain the route but reject proof completion because sampled-to-semiflow invariance and full Hopf stability remain unproved,D-A021-JOINT-04
2026-08-19T19:42:55.300030+00:00,modified,research_program/action_register.md,11e83d7431778f75b7e94321748ea070081fb4096b5047a00c84f06f65bbf443,5e1d54fa5b7338c9a65a1090e622656f755df3ba0ade896c5eacf64efdc027ef,174587,175721,Register ER014 and jointly assess its improved time-T graph transform and matched-smoothness Hopf proposal; retain the route but reject proof completion because sampled-to-semiflow invariance and full Hopf stability remain unproved,D-A021-JOINT-04
2026-08-19T19:42:55.300030+00:00,modified,research_program/external_review_registry.csv,84aa2116cf3be0d50b9ba65b32f720d70f25fee8cbff7065216e03c92923867f,e10b4a2036d8ba0aac2d58fe26614210e4e24442daae86a48a075c052a1b17f7,7886,8412,Register ER014 and jointly assess its improved time-T graph transform and matched-smoothness Hopf proposal; retain the route but reject proof completion because sampled-to-semiflow invariance and full Hopf stability remain unproved,D-A021-JOINT-04
2026-08-19T19:42:55.300030+00:00,modified,research_program/external_reviews/A021_joint_decision_docket.csv,024876f72b1a07021d50df6aef72dbee43e5e00c6f1922d5a5cf11dc1818bb1a,c6fc9a92036c2ce12f9f667ca3d81fa54049806098304a824a77429ae1234321,6801,8219,Register ER014 and jointly assess its improved time-T graph transform and matched-smoothness Hopf proposal; retain the route but reject proof completion because sampled-to-semiflow invariance and full Hopf stability remain unproved,D-A021-JOINT-04
2026-08-19T19:42:55.300030+00:00,created,research_program/external_reviews/ER014_A021_time_T_graph_Hopf/normalized_capture.md,,0cbef1a62cfed1d9e92f54c192ec9643b238b3142c7f57a3016b1e30e3672e4b,,1928,Register ER014 and jointly assess its improved time-T graph transform and matched-smoothness Hopf proposal; retain the route but reject proof completion because sampled-to-semiflow invariance and full Hopf stability remain unproved,D-A021-JOINT-04
2026-08-19T19:42:55.300030+00:00,created,research_program/external_reviews/ER014_A021_time_T_graph_Hopf/point_inventory.md,,0bf5b25dd68231a7e73950187a99cf93fb9d7b6cc41dfa27cfd0af1651461175,,8173,Register ER014 and jointly assess its improved time-T graph transform and matched-smoothness Hopf proposal; retain the route but reject proof completion because sampled-to-semiflow invariance and full Hopf stability remain unproved,D-A021-JOINT-04
2026-08-19T19:42:55.300030+00:00,modified,research_program/external_reviews/joint_audit_A021_internal_ER006_ER010.md,837ec26b1a527b3127c852f8a3a9b09c49c7a91bf2e0b5a7416afcf7aabbfbc8,e61783162aa9a288a3ea9c4a4fd10c81ca9b22cdb2987310bcabacec0375aada,22883,23984,Register ER014 and jointly assess its improved time-T graph transform and matched-smoothness Hopf proposal; retain the route but reject proof completion because sampled-to-semiflow invariance and full Hopf stability remain unproved,D-A021-JOINT-04
2026-08-19T19:42:55.300030+00:00,modified,research_program/external_reviews/recommendation_reconciliation_all_logged.csv,dca7e1104db860f3a4b3887221c75016f9a8b0751d203d36271fec36dee9f314,a43f1679ea642d126936329b07359bd5e67598bf7ef251da0e7f749ac9f53fa8,149577,150020,Register ER014 and jointly assess its improved time-T graph transform and matched-smoothness Hopf proposal; retain the route but reject proof completion because sampled-to-semiflow invariance and full Hopf stability remain unproved,D-A021-JOINT-04
2026-08-19T19:42:55.300030+00:00,modified,research_program/mathematical_error_register.md,73c06f5165cd3423e5c5654e6b11acf81a8ec8638338ad25e9592e41d9bcd64a,7aa8e8848e06488968f46b30e75133405447e092b83f50797312d529cd0d8271,23488,23729,Register ER014 and jointly assess its improved time-T graph transform and matched-smoothness Hopf proposal; retain the route but reject proof completion because sampled-to-semiflow invariance and full Hopf stability remain unproved,D-A021-JOINT-04
2026-08-19T19:46:48.909038+00:00,modified,research_program/action_register.csv,c5c5d97bfb130c78a1dadcd3fc058222b9ebb4f7ee674da93e8b6746c3f55422,8eaf32f40d6c22ac34cbfe304e93928e257bf95597bd24acdc4c83f794c4dc39,134523,135499,"Register ER015 and jointly assess its BLZ time-map NHIM and direct Hopf report; retain the conditional architecture while rejecting unmatched theorem, sampled-invariance, Cr-rate, complete-continuity, Hopf, and parity overclaims",D-A021-JOINT-05
2026-08-19T19:46:48.909038+00:00,modified,research_program/action_register.md,5e1d54fa5b7338c9a65a1090e622656f755df3ba0ade896c5eacf64efdc027ef,ec765ab113432a391dc1cb1b1dba52b5443cba067ba938694ddbdbd51f395f9f,175721,176865,"Register ER015 and jointly assess its BLZ time-map NHIM and direct Hopf report; retain the conditional architecture while rejecting unmatched theorem, sampled-invariance, Cr-rate, complete-continuity, Hopf, and parity overclaims",D-A021-JOINT-05
2026-08-19T19:46:48.909038+00:00,modified,research_program/external_review_registry.csv,e10b4a2036d8ba0aac2d58fe26614210e4e24442daae86a48a075c052a1b17f7,da933c91c38c6626c36f09b9f05c4c54518a63e415ba3f1c60f52dbc0c6afcf5,8412,8982,"Register ER015 and jointly assess its BLZ time-map NHIM and direct Hopf report; retain the conditional architecture while rejecting unmatched theorem, sampled-invariance, Cr-rate, complete-continuity, Hopf, and parity overclaims",D-A021-JOINT-05
2026-08-19T19:46:48.909038+00:00,modified,research_program/external_reviews/A021_joint_decision_docket.csv,c6fc9a92036c2ce12f9f667ca3d81fa54049806098304a824a77429ae1234321,5abbb860209316798308e8941430dff7b200af7cc11c4d4257a7bab797754fcd,8219,9490,"Register ER015 and jointly assess its BLZ time-map NHIM and direct Hopf report; retain the conditional architecture while rejecting unmatched theorem, sampled-invariance, Cr-rate, complete-continuity, Hopf, and parity overclaims",D-A021-JOINT-05
2026-08-19T19:46:48.909038+00:00,created,research_program/external_reviews/ER015_A021_BLZ_time_map_report/normalized_capture.md,,8fc7cc31195a5f40baf178470c79e5ba83100846c7250a31175c7809de10d29c,,1331,"Register ER015 and jointly assess its BLZ time-map NHIM and direct Hopf report; retain the conditional architecture while rejecting unmatched theorem, sampled-invariance, Cr-rate, complete-continuity, Hopf, and parity overclaims",D-A021-JOINT-05
2026-08-19T19:46:48.909038+00:00,created,research_program/external_reviews/ER015_A021_BLZ_time_map_report/point_inventory.md,,b8f3ff29e03f352ebbd74384c1d8f35edb107d7596d730646c89c278c22b7c21,,6844,"Register ER015 and jointly assess its BLZ time-map NHIM and direct Hopf report; retain the conditional architecture while rejecting unmatched theorem, sampled-invariance, Cr-rate, complete-continuity, Hopf, and parity overclaims",D-A021-JOINT-05
2026-08-19T19:46:48.909038+00:00,modified,research_program/external_reviews/joint_audit_A021_internal_ER006_ER010.md,e61783162aa9a288a3ea9c4a4fd10c81ca9b22cdb2987310bcabacec0375aada,02abcc1b045d2f8fdd838faf20b5c1ed3de8222751e66d4d1dd2d66318b2763b,23984,24991,"Register ER015 and jointly assess its BLZ time-map NHIM and direct Hopf report; retain the conditional architecture while rejecting unmatched theorem, sampled-invariance, Cr-rate, complete-continuity, Hopf, and parity overclaims",D-A021-JOINT-05
2026-08-19T19:46:48.909038+00:00,modified,research_program/external_reviews/recommendation_reconciliation_all_logged.csv,a43f1679ea642d126936329b07359bd5e67598bf7ef251da0e7f749ac9f53fa8,14fc09b88c0673ba232358b25c000aca1bb77acae11b522c8d942e9438868326,150020,150462,"Register ER015 and jointly assess its BLZ time-map NHIM and direct Hopf report; retain the conditional architecture while rejecting unmatched theorem, sampled-invariance, Cr-rate, complete-continuity, Hopf, and parity overclaims",D-A021-JOINT-05
2026-08-19T19:46:48.909038+00:00,modified,research_program/mathematical_error_register.md,7aa8e8848e06488968f46b30e75133405447e092b83f50797312d529cd0d8271,98e5792fb506772a68c70501d4766493661f30399958a875dcf4e10eeb2ae6b6,23729,24046,"Register ER015 and jointly assess its BLZ time-map NHIM and direct Hopf report; retain the conditional architecture while rejecting unmatched theorem, sampled-invariance, Cr-rate, complete-continuity, Hopf, and parity overclaims",D-A021-JOINT-05
2026-08-19T19:50:25.548178+00:00,modified,research_program/action_register.csv,8eaf32f40d6c22ac34cbfe304e93928e257bf95597bd24acdc4c83f794c4dc39,0ece4058159d90ac9a37a0b5d255621eeea857358fa343b273f7f18fec4c5be5,135499,136526,"Register ER016 and jointly assess its comprehensive repairs; accept the tubular, embedding, derivative, and intermediate-graph strategy while retaining the gate for unfinished bundle/higher-jet estimates, wrong citation, delay smoothness, slack formula, Hopf spectrum, and parity",D-A021-JOINT-06
2026-08-19T19:50:25.548178+00:00,modified,research_program/action_register.md,ec765ab113432a391dc1cb1b1dba52b5443cba067ba938694ddbdbd51f395f9f,7bb1f99ffbbb349e0d7551133eebce8ebeb2727f1e1bc2b7011ad8fd61a54624,176865,178060,"Register ER016 and jointly assess its comprehensive repairs; accept the tubular, embedding, derivative, and intermediate-graph strategy while retaining the gate for unfinished bundle/higher-jet estimates, wrong citation, delay smoothness, slack formula, Hopf spectrum, and parity",D-A021-JOINT-06
2026-08-19T19:50:25.548178+00:00,modified,research_program/external_review_registry.csv,da933c91c38c6626c36f09b9f05c4c54518a63e415ba3f1c60f52dbc0c6afcf5,5782e1b271ff3f771a1ee622367cbc782c4927abd68531b38a139ce5d7a61a0a,8982,9578,"Register ER016 and jointly assess its comprehensive repairs; accept the tubular, embedding, derivative, and intermediate-graph strategy while retaining the gate for unfinished bundle/higher-jet estimates, wrong citation, delay smoothness, slack formula, Hopf spectrum, and parity",D-A021-JOINT-06
2026-08-19T19:50:25.548178+00:00,modified,research_program/external_reviews/A021_joint_decision_docket.csv,5abbb860209316798308e8941430dff7b200af7cc11c4d4257a7bab797754fcd,4b89d0d9bacccc2cd01d6c5a68838160b4f8adadf7b63bd9bb1ea50db5ac1b16,9490,11038,"Register ER016 and jointly assess its comprehensive repairs; accept the tubular, embedding, derivative, and intermediate-graph strategy while retaining the gate for unfinished bundle/higher-jet estimates, wrong citation, delay smoothness, slack formula, Hopf spectrum, and parity",D-A021-JOINT-06
2026-08-19T19:50:25.548178+00:00,created,research_program/external_reviews/ER016_A021_comprehensive_resolution/normalized_capture.md,,bed55aa5d630cd0a2ddbd7992b128309e0e1735b6e6dbd2be002376e9980e23b,,1620,"Register ER016 and jointly assess its comprehensive repairs; accept the tubular, embedding, derivative, and intermediate-graph strategy while retaining the gate for unfinished bundle/higher-jet estimates, wrong citation, delay smoothness, slack formula, Hopf spectrum, and parity",D-A021-JOINT-06
2026-08-19T19:50:25.548178+00:00,created,research_program/external_reviews/ER016_A021_comprehensive_resolution/point_inventory.md,,78e42951eaf6ef00332b8b03ce57ac2effb2b4abd1f00012fad7d353cc0ddc88,,6222,"Register ER016 and jointly assess its comprehensive repairs; accept the tubular, embedding, derivative, and intermediate-graph strategy while retaining the gate for unfinished bundle/higher-jet estimates, wrong citation, delay smoothness, slack formula, Hopf spectrum, and parity",D-A021-JOINT-06
2026-08-19T19:50:25.548178+00:00,modified,research_program/external_reviews/joint_audit_A021_internal_ER006_ER010.md,02abcc1b045d2f8fdd838faf20b5c1ed3de8222751e66d4d1dd2d66318b2763b,6213732b89ba71112ac187f2f52b4245c23004bb87f40c229461e4e162ce57a7,24991,25905,"Register ER016 and jointly assess its comprehensive repairs; accept the tubular, embedding, derivative, and intermediate-graph strategy while retaining the gate for unfinished bundle/higher-jet estimates, wrong citation, delay smoothness, slack formula, Hopf spectrum, and parity",D-A021-JOINT-06
2026-08-19T19:50:25.548178+00:00,modified,research_program/external_reviews/recommendation_reconciliation_all_logged.csv,14fc09b88c0673ba232358b25c000aca1bb77acae11b522c8d942e9438868326,7186c597654702ed06d6c7ea91f8057c164170a676f9bb06c0f4cf3a7a1a0f94,150462,150918,"Register ER016 and jointly assess its comprehensive repairs; accept the tubular, embedding, derivative, and intermediate-graph strategy while retaining the gate for unfinished bundle/higher-jet estimates, wrong citation, delay smoothness, slack formula, Hopf spectrum, and parity",D-A021-JOINT-06
2026-08-19T19:50:25.548178+00:00,modified,research_program/mathematical_error_register.md,98e5792fb506772a68c70501d4766493661f30399958a875dcf4e10eeb2ae6b6,8e0d5a9f926e1c9101dd1563a2cd6eba442bf68f2af970de879e92bb6e39fc10,24046,24186,"Register ER016 and jointly assess its comprehensive repairs; accept the tubular, embedding, derivative, and intermediate-graph strategy while retaining the gate for unfinished bundle/higher-jet estimates, wrong citation, delay smoothness, slack formula, Hopf spectrum, and parity",D-A021-JOINT-06
2026-08-19T19:56:37.603560+00:00,modified,research_program/action_register.csv,0ece4058159d90ac9a37a0b5d255621eeea857358fa343b273f7f18fec4c5be5,58f6183c6d7d89867a7283f3ab912887e2ad3d24da333fd95a958811359b2cf0,136526,137896,"Register the user-designated final audit ER017, close the ER006-ER017 batch, and ratify the final conservative A021 hierarchy while preserving repaired time-map lemmas as future proof material and leaving the manuscript unchanged",D-A021-JOINT-07
2026-08-19T19:56:37.603560+00:00,modified,research_program/action_register.md,7bb1f99ffbbb349e0d7551133eebce8ebeb2727f1e1bc2b7011ad8fd61a54624,4695db52b623b0e99f35b9b2b2570021e98f4e71e680494d7dfaf800241ae067,178060,179697,"Register the user-designated final audit ER017, close the ER006-ER017 batch, and ratify the final conservative A021 hierarchy while preserving repaired time-map lemmas as future proof material and leaving the manuscript unchanged",D-A021-JOINT-07
2026-08-19T19:56:37.603560+00:00,modified,research_program/external_review_registry.csv,5782e1b271ff3f771a1ee622367cbc782c4927abd68531b38a139ce5d7a61a0a,1596e38b2e59e0a9af5f3ea079fb8853160d71127b6629a8ad1b34fc1b9552b2,9578,10180,"Register the user-designated final audit ER017, close the ER006-ER017 batch, and ratify the final conservative A021 hierarchy while preserving repaired time-map lemmas as future proof material and leaving the manuscript unchanged",D-A021-JOINT-07
2026-08-19T19:56:37.603560+00:00,modified,research_program/external_reviews/A021_joint_decision_docket.csv,4b89d0d9bacccc2cd01d6c5a68838160b4f8adadf7b63bd9bb1ea50db5ac1b16,197c6d3882ba9e7815ab64dd1e73a4816bf127460158ca4e5f75cac3a65c019f,11038,12214,"Register the user-designated final audit ER017, close the ER006-ER017 batch, and ratify the final conservative A021 hierarchy while preserving repaired time-map lemmas as future proof material and leaving the manuscript unchanged",D-A021-JOINT-07
2026-08-19T19:56:37.603560+00:00,created,research_program/external_reviews/ER017_A021_final_conservative_audit/normalized_capture.md,,6a4b3c39976586c70086583927357e05885f41d47fbb36ce299f2cfaa3830f73,,1267,"Register the user-designated final audit ER017, close the ER006-ER017 batch, and ratify the final conservative A021 hierarchy while preserving repaired time-map lemmas as future proof material and leaving the manuscript unchanged",D-A021-JOINT-07
2026-08-19T19:56:37.603560+00:00,created,research_program/external_reviews/ER017_A021_final_conservative_audit/point_inventory.md,,1076d47d32af5545853d826caa7f11343a2ab2fae02aaa6e7780f39ffc2ffebb,,4920,"Register the user-designated final audit ER017, close the ER006-ER017 batch, and ratify the final conservative A021 hierarchy while preserving repaired time-map lemmas as future proof material and leaving the manuscript unchanged",D-A021-JOINT-07
2026-08-19T19:56:37.603560+00:00,modified,research_program/external_reviews/joint_audit_A021_internal_ER006_ER010.md,6213732b89ba71112ac187f2f52b4245c23004bb87f40c229461e4e162ce57a7,ebda386313b1c97d70c8f27653887026b46dbc9152793a84c8a48d9399f60754,25905,26772,"Register the user-designated final audit ER017, close the ER006-ER017 batch, and ratify the final conservative A021 hierarchy while preserving repaired time-map lemmas as future proof material and leaving the manuscript unchanged",D-A021-JOINT-07
2026-08-19T19:56:37.603560+00:00,modified,research_program/external_reviews/recommendation_reconciliation_all_logged.csv,7186c597654702ed06d6c7ea91f8057c164170a676f9bb06c0f4cf3a7a1a0f94,2f6cfae4ccc3cae702cbe924769ac38064e817cdafb48e9e8463329715f5da58,150918,151475,"Register the user-designated final audit ER017, close the ER006-ER017 batch, and ratify the final conservative A021 hierarchy while preserving repaired time-map lemmas as future proof material and leaving the manuscript unchanged",D-A021-JOINT-07
2026-08-19T19:56:37.603560+00:00,modified,research_program/mathematical_error_register.md,8e0d5a9f926e1c9101dd1563a2cd6eba442bf68f2af970de879e92bb6e39fc10,dccaf051f1bf9d5fe3e1de66d986a9b9a6babb2ff6c0b2203e1f828587163f8c,24186,24390,"Register the user-designated final audit ER017, close the ER006-ER017 batch, and ratify the final conservative A021 hierarchy while preserving repaired time-map lemmas as future proof material and leaving the manuscript unchanged",D-A021-JOINT-07
2026-08-19T20:02:48.208322+00:00,modified,research_program/action_register.csv,58f6183c6d7d89867a7283f3ab912887e2ad3d24da333fd95a958811359b2cf0,f99e1a1130f329e73114901e08660f86701e596c39ccefd8e3c28107cfafbeb0,137896,138491,"Implement the final ER006-ER017 joint A021 adjudication in the corrected manuscript: proved finite-time, slack-tube, compact-history, equilibrium, and characteristic-crossing results; exact-theorem conditional NAIM and nonlinear Hopf; narrow parity; corrected bibliography and persistent ledgers",I-A021-JOINT-FINAL
2026-08-19T20:02:48.208322+00:00,modified,research_program/action_register.md,4695db52b623b0e99f35b9b2b2570021e98f4e71e680494d7dfaf800241ae067,9e56328f6498869fbac01addb1c6d9cb4b1a5e4411cad4deef1a3add0b4de354,179697,180392,"Implement the final ER006-ER017 joint A021 adjudication in the corrected manuscript: proved finite-time, slack-tube, compact-history, equilibrium, and characteristic-crossing results; exact-theorem conditional NAIM and nonlinear Hopf; narrow parity; corrected bibliography and persistent ledgers",I-A021-JOINT-FINAL
2026-08-19T20:02:48.208322+00:00,modified,research_program/article_correction_implementation_ledger.csv,6eb4ed3ce3d4280821709a0ea58e4a52719c9217735f670c82cf493fe369b3d9,95634c6fc069d94c0f836feb6d36b5c334385c24e9260a46f7fcd1b5317b285d,8042,8183,"Implement the final ER006-ER017 joint A021 adjudication in the corrected manuscript: proved finite-time, slack-tube, compact-history, equilibrium, and characteristic-crossing results; exact-theorem conditional NAIM and nonlinear Hopf; narrow parity; corrected bibliography and persistent ledgers",I-A021-JOINT-FINAL
2026-08-19T20:02:48.208322+00:00,modified,research_program/article_integration_pass_A018_A025.csv,b26ee33c6c3d7ec716000e2eb9f7dcfb7baff9a65f91275a18fe1847affa6a2d,3dfc49c21bd1bb0e38aba38716ef87f33f0f2cb6d99c847f0f8607021e71c839,1545,1638,"Implement the final ER006-ER017 joint A021 adjudication in the corrected manuscript: proved finite-time, slack-tube, compact-history, equilibrium, and characteristic-crossing results; exact-theorem conditional NAIM and nonlinear Hopf; narrow parity; corrected bibliography and persistent ledgers",I-A021-JOINT-FINAL
2026-08-19T20:02:48.208322+00:00,modified,research_program/external_reviews/A021_joint_decision_docket.csv,197c6d3882ba9e7815ab64dd1e73a4816bf127460158ca4e5f75cac3a65c019f,eaa6257e1664477215b3cdc370f2c5fc18151811aec90e52af9aa5b57bf644ff,12214,13200,"Implement the final ER006-ER017 joint A021 adjudication in the corrected manuscript: proved finite-time, slack-tube, compact-history, equilibrium, and characteristic-crossing results; exact-theorem conditional NAIM and nonlinear Hopf; narrow parity; corrected bibliography and persistent ledgers",I-A021-JOINT-FINAL
2026-08-19T20:02:48.208322+00:00,modified,research_program/external_reviews/joint_audit_A021_internal_ER006_ER010.md,ebda386313b1c97d70c8f27653887026b46dbc9152793a84c8a48d9399f60754,b80a4bcc8292140ff781792257c8aa6122a63050a21dbe6b35e1c6132a700020,26772,26877,"Implement the final ER006-ER017 joint A021 adjudication in the corrected manuscript: proved finite-time, slack-tube, compact-history, equilibrium, and characteristic-crossing results; exact-theorem conditional NAIM and nonlinear Hopf; narrow parity; corrected bibliography and persistent ledgers",I-A021-JOINT-FINAL
2026-08-19T20:02:48.208322+00:00,modified,research_program/external_reviews/recommendation_reconciliation_all_logged.csv,2f6cfae4ccc3cae702cbe924769ac38064e817cdafb48e9e8463329715f5da58,a896aee46c14989e0f91655ff3dd1cd2b526f5c65b2468f5d4f6a2a9e8bf54cd,151475,151753,"Implement the final ER006-ER017 joint A021 adjudication in the corrected manuscript: proved finite-time, slack-tube, compact-history, equilibrium, and characteristic-crossing results; exact-theorem conditional NAIM and nonlinear Hopf; narrow parity; corrected bibliography and persistent ledgers",I-A021-JOINT-FINAL
2026-08-19T20:02:48.208322+00:00,modified,research_program/mathematical_error_register.md,dccaf051f1bf9d5fe3e1de66d986a9b9a6babb2ff6c0b2203e1f828587163f8c,ef3acbc0ad86534c1eb67735d9cc19a36f8b9b7ec4aba058d44189cd23f21eb5,24390,24515,"Implement the final ER006-ER017 joint A021 adjudication in the corrected manuscript: proved finite-time, slack-tube, compact-history, equilibrium, and characteristic-crossing results; exact-theorem conditional NAIM and nonlinear Hopf; narrow parity; corrected bibliography and persistent ledgers",I-A021-JOINT-FINAL
2026-08-19T20:02:48.208322+00:00,modified,revised_articles/A021_liebig_graph_corrected.tex,d49f14b6a0e789ced96d19f9caf2e906094cfddc5888048b84e2221534743564,60cc2e1d040839cff1933e58e34e08fe5ac84fad99bb0d44b1f6ca8e4c30a81e,8115,20042,"Implement the final ER006-ER017 joint A021 adjudication in the corrected manuscript: proved finite-time, slack-tube, compact-history, equilibrium, and characteristic-crossing results; exact-theorem conditional NAIM and nonlinear Hopf; narrow parity; corrected bibliography and persistent ledgers",I-A021-JOINT-FINAL
2026-08-19T20:05:44.899503+00:00,modified,research_program/action_register.csv,f99e1a1130f329e73114901e08660f86701e596c39ccefd8e3c28107cfafbeb0,6e8d576fc056739f0315f9ffc37cd14429c7e4aa46717b67da9fce593eb3a9d2,138491,139210,Reconcile stale A021 actions after final implementation: close supplement-placement and notation/transient tasks while retaining only the three concrete NAIM/rate/theorem-match research obligations,I-A021-JOINT-FINAL
2026-08-19T20:05:44.899503+00:00,modified,research_program/action_register.md,9e56328f6498869fbac01addb1c6d9cb4b1a5e4411cad4deef1a3add0b4de354,c586bc6c65133af264a23ac66c436781ba3e128a0d163bfe187167914ca6762c,180392,181215,Reconcile stale A021 actions after final implementation: close supplement-placement and notation/transient tasks while retaining only the three concrete NAIM/rate/theorem-match research obligations,I-A021-JOINT-FINAL
2026-08-19T20:05:44.899503+00:00,modified,research_program/external_reviews/recommendation_reconciliation_all_logged.csv,a896aee46c14989e0f91655ff3dd1cd2b526f5c65b2468f5d4f6a2a9e8bf54cd,b2eb3843d5673d205924c3d613a60fd9f02a5331221cd752d87a4c3fa4cefe3d,151753,151693,Reconcile stale A021 actions after final implementation: close supplement-placement and notation/transient tasks while retaining only the three concrete NAIM/rate/theorem-match research obligations,I-A021-JOINT-FINAL
2026-08-19T20:14:02.464377+00:00,modified,research_program/action_register.csv,6e8d576fc056739f0315f9ffc37cd14429c7e4aa46717b67da9fce593eb3a9d2,a48624deaafa7e1615e8aa679e8cfa627a0049432e267fe981174686ae652c25,139210,139912,"Receive and inventory ER018 as the first of two post-implementation A021 audits, preserve its missing-model and domination analysis, and defer joint disposition and source changes until ER019 arrives",ER018-RECEIVED
2026-08-19T20:14:02.464377+00:00,modified,research_program/action_register.md,c586bc6c65133af264a23ac66c436781ba3e128a0d163bfe187167914ca6762c,f6f9a0ff6ddb1f04a8f9554b90f6256525a7c6ea3fc1ec2bf3e5bb17198a22fd,181215,182077,"Receive and inventory ER018 as the first of two post-implementation A021 audits, preserve its missing-model and domination analysis, and defer joint disposition and source changes until ER019 arrives",ER018-RECEIVED
2026-08-19T20:14:02.464377+00:00,modified,research_program/external_review_registry.csv,1596e38b2e59e0a9af5f3ea079fb8853160d71127b6629a8ad1b34fc1b9552b2,ab87ad6a75ed52849f6d6ab6a14e74b9b497b202bdc0d680b8436eec489e49af,10180,10794,"Receive and inventory ER018 as the first of two post-implementation A021 audits, preserve its missing-model and domination analysis, and defer joint disposition and source changes until ER019 arrives",ER018-RECEIVED
2026-08-19T20:14:02.464377+00:00,created,research_program/external_reviews/ER018_A021_missing_model_NAIM_BLZ/normalized_capture.md,,c0f69b5dbb591fbede23a640ba227d14dbf9b0ef3c91811702ca567920502392,,1538,"Receive and inventory ER018 as the first of two post-implementation A021 audits, preserve its missing-model and domination analysis, and defer joint disposition and source changes until ER019 arrives",ER018-RECEIVED
2026-08-19T20:14:02.464377+00:00,created,research_program/external_reviews/ER018_A021_missing_model_NAIM_BLZ/point_inventory.md,,25c4a5b0f3624e73cd0bc67c55d95918fdad16f4ddca12f61dc8091f9e2e50ce,,3800,"Receive and inventory ER018 as the first of two post-implementation A021 audits, preserve its missing-model and domination analysis, and defer joint disposition and source changes until ER019 arrives",ER018-RECEIVED
2026-08-19T20:14:02.464377+00:00,modified,research_program/external_reviews/recommendation_reconciliation_all_logged.csv,b2eb3843d5673d205924c3d613a60fd9f02a5331221cd752d87a4c3fa4cefe3d,8c1a45bfa7226642a7b5153c7e9a54b3b47ac5adbda988aa77516b82f54ecffa,151693,152069,"Receive and inventory ER018 as the first of two post-implementation A021 audits, preserve its missing-model and domination analysis, and defer joint disposition and source changes until ER019 arrives",ER018-RECEIVED
2026-08-19T20:17:32.174691+00:00,modified,research_program/action_register.csv,a48624deaafa7e1615e8aa679e8cfa627a0049432e267fe981174686ae652c25,112cd07e722603ea2204f3e3a9c63b1bf825eaa6737ac0f96cca88376ce6574a,139912,140862,"Jointly adjudicate ER018 and ER019: retain the missing-model diagnosis with qualifications, reject ER019's fabricated non-A021 oscillator and algebraically invalid periodic orbit, preserve the implemented manuscript, and mark the three concrete verification tasks blocked pending actual equations",D-A021-JOINT-08
2026-08-19T20:17:32.174691+00:00,modified,research_program/action_register.md,f6f9a0ff6ddb1f04a8f9554b90f6256525a7c6ea3fc1ec2bf3e5bb17198a22fd,737bf14b448c837ad0c65942a1f28d7302bf57bcd0372dc04c6bfafbd5ca212f,182077,183132,"Jointly adjudicate ER018 and ER019: retain the missing-model diagnosis with qualifications, reject ER019's fabricated non-A021 oscillator and algebraically invalid periodic orbit, preserve the implemented manuscript, and mark the three concrete verification tasks blocked pending actual equations",D-A021-JOINT-08
2026-08-19T20:17:32.174691+00:00,modified,research_program/external_review_registry.csv,ab87ad6a75ed52849f6d6ab6a14e74b9b497b202bdc0d680b8436eec489e49af,95a803a48aa9989c9ae0df1a2be48792e1950e9691d4ab22855d96f1875c8880,10794,11390,"Jointly adjudicate ER018 and ER019: retain the missing-model diagnosis with qualifications, reject ER019's fabricated non-A021 oscillator and algebraically invalid periodic orbit, preserve the implemented manuscript, and mark the three concrete verification tasks blocked pending actual equations",D-A021-JOINT-08
2026-08-19T20:17:32.174691+00:00,modified,research_program/external_reviews/A021_joint_decision_docket.csv,eaa6257e1664477215b3cdc370f2c5fc18151811aec90e52af9aa5b57bf644ff,59d562413d6a7b485a9c8e33af90cd42695225da2d417f9da2082973a9d4273c,13200,15163,"Jointly adjudicate ER018 and ER019: retain the missing-model diagnosis with qualifications, reject ER019's fabricated non-A021 oscillator and algebraically invalid periodic orbit, preserve the implemented manuscript, and mark the three concrete verification tasks blocked pending actual equations",D-A021-JOINT-08
2026-08-19T20:17:32.174691+00:00,created,research_program/external_reviews/ER019_A021_invented_oscillator_BLZ/normalized_capture.md,,01ce65bb2665c00ffa6a52c0349d2d6c9564e1eeb3896c244f56e02534b94ec3,,1110,"Jointly adjudicate ER018 and ER019: retain the missing-model diagnosis with qualifications, reject ER019's fabricated non-A021 oscillator and algebraically invalid periodic orbit, preserve the implemented manuscript, and mark the three concrete verification tasks blocked pending actual equations",D-A021-JOINT-08
2026-08-19T20:17:32.174691+00:00,created,research_program/external_reviews/ER019_A021_invented_oscillator_BLZ/point_inventory.md,,bb870ab30b38bd7d6e13e634bfccf2c990916ce32f7ed244a73e92d9e1a0586f,,4502,"Jointly adjudicate ER018 and ER019: retain the missing-model diagnosis with qualifications, reject ER019's fabricated non-A021 oscillator and algebraically invalid periodic orbit, preserve the implemented manuscript, and mark the three concrete verification tasks blocked pending actual equations",D-A021-JOINT-08
2026-08-19T20:17:32.174691+00:00,modified,research_program/external_reviews/joint_audit_A021_internal_ER006_ER010.md,b80a4bcc8292140ff781792257c8aa6122a63050a21dbe6b35e1c6132a700020,62990c38f6a87e81e6ceb581101308e87ddbd2cc3c921abcf73ae518970b7ca8,26877,28306,"Jointly adjudicate ER018 and ER019: retain the missing-model diagnosis with qualifications, reject ER019's fabricated non-A021 oscillator and algebraically invalid periodic orbit, preserve the implemented manuscript, and mark the three concrete verification tasks blocked pending actual equations",D-A021-JOINT-08
2026-08-19T20:17:32.174691+00:00,modified,research_program/external_reviews/recommendation_reconciliation_all_logged.csv,8c1a45bfa7226642a7b5153c7e9a54b3b47ac5adbda988aa77516b82f54ecffa,1b3f3d91ad2d602578c1ffae18d4353b4afbc96234094c14a6f97ab9e8edc639,152069,152424,"Jointly adjudicate ER018 and ER019: retain the missing-model diagnosis with qualifications, reject ER019's fabricated non-A021 oscillator and algebraically invalid periodic orbit, preserve the implemented manuscript, and mark the three concrete verification tasks blocked pending actual equations",D-A021-JOINT-08
2026-08-19T20:17:32.174691+00:00,modified,research_program/mathematical_error_register.md,ef3acbc0ad86534c1eb67735d9cc19a36f8b9b7ec4aba058d44189cd23f21eb5,3c405829ac4d1dc434f8e9d7273d5b16b948d8c559cbfc9a6097c8d01c2a611e,24515,24811,"Jointly adjudicate ER018 and ER019: retain the missing-model diagnosis with qualifications, reject ER019's fabricated non-A021 oscillator and algebraically invalid periodic orbit, preserve the implemented manuscript, and mark the three concrete verification tasks blocked pending actual equations",D-A021-JOINT-08
2026-08-19T20:21:08.651908+00:00,modified,research_program/action_register.csv,112cd07e722603ea2204f3e3a9c63b1bf825eaa6737ac0f96cca88376ce6574a,509a00687330e1dbc1ab7d69ea1e5c387c5101889cabcd374c91c4a9cc67be09,140862,141550,"Correct the post-audit data-availability record: A021 itself is abstract, but A018 contains candidate core equations, parameters, delay structure, characteristic data, and selected Floquet evidence; retain verification blocks on missing A021 selection/crosswalk and complete NAIM package",D-A021-DATA-AVAILABILITY-01
2026-08-19T20:21:08.651908+00:00,modified,research_program/action_register.md,737bf14b448c837ad0c65942a1f28d7302bf57bcd0372dc04c6bfafbd5ca212f,ae4bc7d3b096c0c7b24c340d28f1feb024ed80c048c60f42e3e966946d71aa4c,183132,183909,"Correct the post-audit data-availability record: A021 itself is abstract, but A018 contains candidate core equations, parameters, delay structure, characteristic data, and selected Floquet evidence; retain verification blocks on missing A021 selection/crosswalk and complete NAIM package",D-A021-DATA-AVAILABILITY-01
2026-08-19T20:21:08.651908+00:00,created,research_program/article_A021_liebig_graph/data_availability_crosswalk.md,,97b5517ec933c9126bb7987a623e87dfb32a89bbe3cbc6d68db8df3b5d8e8f4f,,3724,"Correct the post-audit data-availability record: A021 itself is abstract, but A018 contains candidate core equations, parameters, delay structure, characteristic data, and selected Floquet evidence; retain verification blocks on missing A021 selection/crosswalk and complete NAIM package",D-A021-DATA-AVAILABILITY-01
2026-08-19T20:21:08.651908+00:00,modified,research_program/external_reviews/joint_audit_A021_internal_ER006_ER010.md,62990c38f6a87e81e6ceb581101308e87ddbd2cc3c921abcf73ae518970b7ca8,d89cdee01194815fdfd8fdc652287ef2de89b744a8079e130e7c4ce200f3622d,28306,28571,"Correct the post-audit data-availability record: A021 itself is abstract, but A018 contains candidate core equations, parameters, delay structure, characteristic data, and selected Floquet evidence; retain verification blocks on missing A021 selection/crosswalk and complete NAIM package",D-A021-DATA-AVAILABILITY-01
2026-08-19T20:21:08.651908+00:00,modified,research_program/external_reviews/recommendation_reconciliation_all_logged.csv,1b3f3d91ad2d602578c1ffae18d4353b4afbc96234094c14a6f97ab9e8edc639,896c6f48ccffd4cc04aeb1b3b2be2958e8707cbfab0ee5572c7dfed9525c18a5,152424,152713,"Correct the post-audit data-availability record: A021 itself is abstract, but A018 contains candidate core equations, parameters, delay structure, characteristic data, and selected Floquet evidence; retain verification blocks on missing A021 selection/crosswalk and complete NAIM package",D-A021-DATA-AVAILABILITY-01
2026-08-19T20:21:08.651908+00:00,modified,research_program/mathematical_error_register.md,3c405829ac4d1dc434f8e9d7273d5b16b948d8c559cbfc9a6097c8d01c2a611e,a8b472d9beef98b4c7cc69cf9a559f9dbdfcf1340bbf507fbe017d4a62c0ef16,24811,25123,"Correct the post-audit data-availability record: A021 itself is abstract, but A018 contains candidate core equations, parameters, delay structure, characteristic data, and selected Floquet evidence; retain verification blocks on missing A021 selection/crosswalk and complete NAIM package",D-A021-DATA-AVAILABILITY-01
2026-08-19T20:34:25.029203+00:00,modified,research_program/action_register.csv,509a00687330e1dbc1ab7d69ea1e5c387c5101889cabcd374c91c4a9cc67be09,79dea39e12bde2db086cf15fe52506d3efd71fbc03a0f6ea1954fe143d8a8bdf,141550,142058,"Create a self-contained A018-to-A021 formal crosswalk prompt requiring exact source provenance, candidate selection, binding/slack coupling formulas, complete NAIM/Floquet data, prefactor domination, source-opened theorem matching, and auditable publication decisions",D-A021-CROSSWALK-PROMPT
2026-08-19T20:34:25.029203+00:00,modified,research_program/action_register.md,ae4bc7d3b096c0c7b24c340d28f1feb024ed80c048c60f42e3e966946d71aa4c,48c48afd1cb6d638ccea8c3e4f550a0dbee283bf30877e04fd6f96b230d2efd0,183909,184515,"Create a self-contained A018-to-A021 formal crosswalk prompt requiring exact source provenance, candidate selection, binding/slack coupling formulas, complete NAIM/Floquet data, prefactor domination, source-opened theorem matching, and auditable publication decisions",D-A021-CROSSWALK-PROMPT
2026-08-19T20:34:25.029203+00:00,modified,research_program/external_reviews/recommendation_reconciliation_all_logged.csv,896c6f48ccffd4cc04aeb1b3b2be2958e8707cbfab0ee5572c7dfed9525c18a5,069141394b9236ced7b85aa2fb7c5fe694a1652aeaf65069a5e6004951072497,152713,152946,"Create a self-contained A018-to-A021 formal crosswalk prompt requiring exact source provenance, candidate selection, binding/slack coupling formulas, complete NAIM/Floquet data, prefactor domination, source-opened theorem matching, and auditable publication decisions",D-A021-CROSSWALK-PROMPT
2026-08-19T20:34:25.029203+00:00,created,research_program/prompts/A018_to_A021_formal_crosswalk_prompt.md,,4f28a01c55bf5b54f15474715887c13cf612c3a3d5784ca0905591dd8c9a6252,,18353,"Create a self-contained A018-to-A021 formal crosswalk prompt requiring exact source provenance, candidate selection, binding/slack coupling formulas, complete NAIM/Floquet data, prefactor domination, source-opened theorem matching, and auditable publication decisions",D-A021-CROSSWALK-PROMPT
2026-08-19T20:44:08.203621+00:00,modified,research_program/action_register.csv,79dea39e12bde2db086cf15fe52506d3efd71fbc03a0f6ea1954fe143d8a8bdf,aad73223068502d60e6eacd823a54793b777d159578c8f681464c3f49a1b6802,142058,142486,"Complete the internal A018-to-A021 crosswalk attempt: select the gated Candidate-A four-state core as the natural architectural candidate, identify a supportable equilibrium point, reject positive-dimensional promotion, and inventory missing slack/coupling, complete spectrum, domination, and exact theorem-match data",D-A021-INTERNAL-CROSSWALK-ATTEMPT
2026-08-19T20:44:08.203621+00:00,modified,research_program/action_register.md,48c48afd1cb6d638ccea8c3e4f550a0dbee283bf30877e04fd6f96b230d2efd0,83ea11b84b49ddb972dbf6bf15b1565169ba6517ee8c4827f00d0942570d7b19,184515,185038,"Complete the internal A018-to-A021 crosswalk attempt: select the gated Candidate-A four-state core as the natural architectural candidate, identify a supportable equilibrium point, reject positive-dimensional promotion, and inventory missing slack/coupling, complete spectrum, domination, and exact theorem-match data",D-A021-INTERNAL-CROSSWALK-ATTEMPT
2026-08-19T20:44:08.203621+00:00,created,research_program/article_A021_liebig_graph/internal_A018_to_A021_crosswalk_attempt.md,,ab0fa7579018f7fcf70c709128a0a2f7ecf4ef3140a42ea487c53d8be2d6aed5,,21778,"Complete the internal A018-to-A021 crosswalk attempt: select the gated Candidate-A four-state core as the natural architectural candidate, identify a supportable equilibrium point, reject positive-dimensional promotion, and inventory missing slack/coupling, complete spectrum, domination, and exact theorem-match data",D-A021-INTERNAL-CROSSWALK-ATTEMPT
2026-08-19T20:44:08.203621+00:00,modified,research_program/external_reviews/recommendation_reconciliation_all_logged.csv,069141394b9236ced7b85aa2fb7c5fe694a1652aeaf65069a5e6004951072497,a36901b10be8cf33aa69dadc966d1574af49ad6e464fb9fad6025dda33b3453e,152946,153242,"Complete the internal A018-to-A021 crosswalk attempt: select the gated Candidate-A four-state core as the natural architectural candidate, identify a supportable equilibrium point, reject positive-dimensional promotion, and inventory missing slack/coupling, complete spectrum, domination, and exact theorem-match data",D-A021-INTERNAL-CROSSWALK-ATTEMPT
2026-08-19T20:53:15.297085+00:00,modified,research_program/action_register.csv,aad73223068502d60e6eacd823a54793b777d159578c8f681464c3f49a1b6802,043e0b32700e467bfc724b880ad260a10e1be3260da607e8857a080f4fb26f14,142486,143255,"Receive and inventory ER020 as the first of several A018-to-A021 crosswalk audits, preserve its safeguards and partial-crosswalk decision, flag access-limited claims and floor-smoothness localization, and defer implementation until batch completion",ER020-RECEIVED
2026-08-19T20:53:15.297085+00:00,modified,research_program/action_register.md,83ea11b84b49ddb972dbf6bf15b1565169ba6517ee8c4827f00d0942570d7b19,c80478e6489b059d271717135aabc7cc9f2edb877fea3d25a0c188a9c602c51b,185038,185967,"Receive and inventory ER020 as the first of several A018-to-A021 crosswalk audits, preserve its safeguards and partial-crosswalk decision, flag access-limited claims and floor-smoothness localization, and defer implementation until batch completion",ER020-RECEIVED
2026-08-19T20:53:15.297085+00:00,modified,research_program/external_review_registry.csv,95a803a48aa9989c9ae0df1a2be48792e1950e9691d4ab22855d96f1875c8880,7eef26dc16afda7f1ade596a9abba704ed9965605eac7b9105bb7bddd3e31ac4,11390,11986,"Receive and inventory ER020 as the first of several A018-to-A021 crosswalk audits, preserve its safeguards and partial-crosswalk decision, flag access-limited claims and floor-smoothness localization, and defer implementation until batch completion",ER020-RECEIVED
2026-08-19T20:53:15.297085+00:00,created,research_program/external_reviews/ER020_A018_A021_crosswalk_parallel_1/normalized_capture.md,,cba272613d4176f659331c96c778d4cd68b0935fe78c14607ccaaa732f7c25cc,,1659,"Receive and inventory ER020 as the first of several A018-to-A021 crosswalk audits, preserve its safeguards and partial-crosswalk decision, flag access-limited claims and floor-smoothness localization, and defer implementation until batch completion",ER020-RECEIVED
2026-08-19T20:53:15.297085+00:00,created,research_program/external_reviews/ER020_A018_A021_crosswalk_parallel_1/point_inventory.md,,07fc5150aea023abac7827db9b395cab90f97422eeacb0847e982c97f993b24e,,3743,"Receive and inventory ER020 as the first of several A018-to-A021 crosswalk audits, preserve its safeguards and partial-crosswalk decision, flag access-limited claims and floor-smoothness localization, and defer implementation until batch completion",ER020-RECEIVED
2026-08-19T20:53:15.297085+00:00,modified,research_program/external_reviews/recommendation_reconciliation_all_logged.csv,a36901b10be8cf33aa69dadc966d1574af49ad6e464fb9fad6025dda33b3453e,fd4ac7f08a6d5fe2da0b4a9cdae6f71f6b7f26584dfd20e5b3ac6cb1f9070b74,153242,153673,"Receive and inventory ER020 as the first of several A018-to-A021 crosswalk audits, preserve its safeguards and partial-crosswalk decision, flag access-limited claims and floor-smoothness localization, and defer implementation until batch completion",ER020-RECEIVED
2026-08-19T20:55:17.293986+00:00,modified,research_program/action_register.csv,043e0b32700e467bfc724b880ad260a10e1be3260da607e8857a080f4fb26f14,383d360794cf35a54e0b3e9aba4cc70165a2edebf72c2493c6f1dcf13fd80f47,143255,143691,"Record that the A018-to-A021 prompt was task-self-contained but not strictly evidence-self-contained, explain ER020's access-limited result, and defer a dossier-embedded revision until joint audit completion",D-A021-CROSSWALK-PROMPT-SELF-AUDIT
2026-08-19T20:55:17.293986+00:00,modified,research_program/action_register.md,c80478e6489b059d271717135aabc7cc9f2edb877fea3d25a0c188a9c602c51b,0ee884a60339c00322c600cc3e6c684e3771a3f5630a0641d91ec7f1e724b7bb,185967,186496,"Record that the A018-to-A021 prompt was task-self-contained but not strictly evidence-self-contained, explain ER020's access-limited result, and defer a dossier-embedded revision until joint audit completion",D-A021-CROSSWALK-PROMPT-SELF-AUDIT
2026-08-19T20:55:17.293986+00:00,modified,research_program/external_reviews/recommendation_reconciliation_all_logged.csv,fd4ac7f08a6d5fe2da0b4a9cdae6f71f6b7f26584dfd20e5b3ac6cb1f9070b74,c528cf0f330e188012025279381746daa3aa89f7c679467b746f4eb8b5e5ff99,153673,153935,"Record that the A018-to-A021 prompt was task-self-contained but not strictly evidence-self-contained, explain ER020's access-limited result, and defer a dossier-embedded revision until joint audit completion",D-A021-CROSSWALK-PROMPT-SELF-AUDIT
2026-08-19T20:55:17.293986+00:00,created,research_program/prompts/A018_to_A021_crosswalk_prompt_self_containment_audit.md,,5a817f8bbabe714e642178671b3cb8bf870fc6ff96d887b18e9d5cc74542be8c,,1903,"Record that the A018-to-A021 prompt was task-self-contained but not strictly evidence-self-contained, explain ER020's access-limited result, and defer a dossier-embedded revision until joint audit completion",D-A021-CROSSWALK-PROMPT-SELF-AUDIT
2026-08-19T20:58:23.863687+00:00,modified,research_program/action_register.csv,383d360794cf35a54e0b3e9aba4cc70165a2edebf72c2493c6f1dcf13fd80f47,d3c2a2dfe35a3f3dee4f9b6f82e2522451946d81f65c26a58fc4b9f7655aa3c9,143691,144177,"Replace the packet-dependent A018-to-A021 prompt with a strictly self-contained version embedding the relevant C3/C4/C5 equations, parameters, equilibria, characteristic/Hopf/Floquet evidence, model distinctions, genuine missing data, theorem limits, and acceptance criteria",D-A021-CROSSWALK-PROMPT-V2
2026-08-19T20:58:23.863687+00:00,modified,research_program/action_register.md,0ee884a60339c00322c600cc3e6c684e3771a3f5630a0641d91ec7f1e724b7bb,fc390c69101cee18dd0620f55a7474f154dec2ab417661070583ec98dac19d6c,186496,187080,"Replace the packet-dependent A018-to-A021 prompt with a strictly self-contained version embedding the relevant C3/C4/C5 equations, parameters, equilibria, characteristic/Hopf/Floquet evidence, model distinctions, genuine missing data, theorem limits, and acceptance criteria",D-A021-CROSSWALK-PROMPT-V2
2026-08-19T20:58:23.863687+00:00,modified,research_program/external_reviews/recommendation_reconciliation_all_logged.csv,c528cf0f330e188012025279381746daa3aa89f7c679467b746f4eb8b5e5ff99,8c7da236e39f334bdbddb4b3f3bdcbacd363f752946c4425f494bce3091d4463,153935,154221,"Replace the packet-dependent A018-to-A021 prompt with a strictly self-contained version embedding the relevant C3/C4/C5 equations, parameters, equilibria, characteristic/Hopf/Floquet evidence, model distinctions, genuine missing data, theorem limits, and acceptance criteria",D-A021-CROSSWALK-PROMPT-V2
2026-08-19T20:58:23.863687+00:00,modified,research_program/prompts/A018_to_A021_formal_crosswalk_prompt.md,4f28a01c55bf5b54f15474715887c13cf612c3a3d5784ca0905591dd8c9a6252,57ff3bd20195a5a7bf441a0979597d6de348d9597f084a9f27baed654a7e3120,18353,16914,"Replace the packet-dependent A018-to-A021 prompt with a strictly self-contained version embedding the relevant C3/C4/C5 equations, parameters, equilibria, characteristic/Hopf/Floquet evidence, model distinctions, genuine missing data, theorem limits, and acceptance criteria",D-A021-CROSSWALK-PROMPT-V2
2026-08-19T21:02:04.071751+00:00,modified,research_program/action_register.csv,d3c2a2dfe35a3f3dee4f9b6f82e2522451946d81f65c26a58fc4b9f7655aa3c9,01d5db9ad336bc766f5be91d7560f2d3613e9ec3376ebd3ffacafab1342915c7,144177,144667,"Receive and inventory ER021 as the second crosswalk audit, retain its model/spectrum safeguards and partial decision, flag that it evaluated the superseded packet-dependent prompt, and defer implementation pending batch completion",ER021-RECEIVED
2026-08-19T21:02:04.071751+00:00,modified,research_program/action_register.md,fc390c69101cee18dd0620f55a7474f154dec2ab417661070583ec98dac19d6c,881a729453281e68aa82aa0c6eec705fe57c9180e994dbc5cdd21b9b32d46b57,187080,187667,"Receive and inventory ER021 as the second crosswalk audit, retain its model/spectrum safeguards and partial decision, flag that it evaluated the superseded packet-dependent prompt, and defer implementation pending batch completion",ER021-RECEIVED
2026-08-19T21:02:04.071751+00:00,modified,research_program/external_review_registry.csv,7eef26dc16afda7f1ade596a9abba704ed9965605eac7b9105bb7bddd3e31ac4,9589f5cca67491e7bc01d4a3a3f6d942c8c95f9647c5bb54c787b7bc7d872937,11986,12565,"Receive and inventory ER021 as the second crosswalk audit, retain its model/spectrum safeguards and partial decision, flag that it evaluated the superseded packet-dependent prompt, and defer implementation pending batch completion",ER021-RECEIVED
2026-08-19T21:02:04.071751+00:00,created,research_program/external_reviews/ER021_A018_A021_crosswalk_parallel_2/normalized_capture.md,,4d019b7107a3a8338e08b96b8da17671f6ee22d8e895eb425a3bcd7d940f8b19,,1199,"Receive and inventory ER021 as the second crosswalk audit, retain its model/spectrum safeguards and partial decision, flag that it evaluated the superseded packet-dependent prompt, and defer implementation pending batch completion",ER021-RECEIVED
2026-08-19T21:02:04.071751+00:00,created,research_program/external_reviews/ER021_A018_A021_crosswalk_parallel_2/point_inventory.md,,74dea9dc360aec290ff045b6ad307d1ce6e18b34c68a82c720c774996baa0632,,2062,"Receive and inventory ER021 as the second crosswalk audit, retain its model/spectrum safeguards and partial decision, flag that it evaluated the superseded packet-dependent prompt, and defer implementation pending batch completion",ER021-RECEIVED
2026-08-19T21:02:04.071751+00:00,modified,research_program/external_reviews/recommendation_reconciliation_all_logged.csv,8c7da236e39f334bdbddb4b3f3bdcbacd363f752946c4425f494bce3091d4463,5df39bb22ca33a13eef0f13f32e604f5c8195390d05fc2311d7b442bd659cd5f,154221,154457,"Receive and inventory ER021 as the second crosswalk audit, retain its model/spectrum safeguards and partial decision, flag that it evaluated the superseded packet-dependent prompt, and defer implementation pending batch completion",ER021-RECEIVED
2026-08-19T21:05:21.846761+00:00,modified,research_program/action_register.csv,01d5db9ad336bc766f5be91d7560f2d3613e9ec3376ebd3ffacafab1342915c7,4dfc40192394f3b1da7f7d58f178e30f2dda5bd0df391e63d62caba085ec5955,144667,145139,"Receive and inventory ER022, the first evidence-based corrected-prompt crosswalk audit; preserve its C4/C5 mapping, missing NAIM data, smooth-floor obligation, and optional crosswalk remark while deferring implementation pending batch completion",ER022-RECEIVED
2026-08-19T21:05:21.846761+00:00,modified,research_program/action_register.md,881a729453281e68aa82aa0c6eec705fe57c9180e994dbc5cdd21b9b32d46b57,d0a108e2d35b1e2b08d099e4ea69ee6f11c23116732dc8244eefa305500c5bdd,187667,188238,"Receive and inventory ER022, the first evidence-based corrected-prompt crosswalk audit; preserve its C4/C5 mapping, missing NAIM data, smooth-floor obligation, and optional crosswalk remark while deferring implementation pending batch completion",ER022-RECEIVED
2026-08-19T21:05:21.846761+00:00,modified,research_program/external_review_registry.csv,9589f5cca67491e7bc01d4a3a3f6d942c8c95f9647c5bb54c787b7bc7d872937,5a7fc99d2419c367cd19492369bdf7e973a0bd8912c723f8f37c126fb3fd90e1,12565,13172,"Receive and inventory ER022, the first evidence-based corrected-prompt crosswalk audit; preserve its C4/C5 mapping, missing NAIM data, smooth-floor obligation, and optional crosswalk remark while deferring implementation pending batch completion",ER022-RECEIVED
2026-08-19T21:05:21.846761+00:00,created,research_program/external_reviews/ER022_A018_A021_crosswalk_parallel_3/normalized_capture.md,,96de6c1246fb3c34466c195340890b8553f4ef14271e2fde44052bb295e4d905,,1642,"Receive and inventory ER022, the first evidence-based corrected-prompt crosswalk audit; preserve its C4/C5 mapping, missing NAIM data, smooth-floor obligation, and optional crosswalk remark while deferring implementation pending batch completion",ER022-RECEIVED
2026-08-19T21:05:21.846761+00:00,created,research_program/external_reviews/ER022_A018_A021_crosswalk_parallel_3/point_inventory.md,,5ae60c3b43efce7de36a49584dc32ca7ac06778d89ab63080d9c2fa271de4478,,2755,"Receive and inventory ER022, the first evidence-based corrected-prompt crosswalk audit; preserve its C4/C5 mapping, missing NAIM data, smooth-floor obligation, and optional crosswalk remark while deferring implementation pending batch completion",ER022-RECEIVED
2026-08-19T21:05:21.846761+00:00,modified,research_program/external_reviews/recommendation_reconciliation_all_logged.csv,5df39bb22ca33a13eef0f13f32e604f5c8195390d05fc2311d7b442bd659cd5f,649e51d77f231e6ec8a5739ac65da6e79ed220274e3c26a490820400e060a3e4,154457,154698,"Receive and inventory ER022, the first evidence-based corrected-prompt crosswalk audit; preserve its C4/C5 mapping, missing NAIM data, smooth-floor obligation, and optional crosswalk remark while deferring implementation pending batch completion",ER022-RECEIVED
2026-08-19T21:06:41.136295+00:00,modified,research_program/action_register.csv,4dfc40192394f3b1da7f7d58f178e30f2dda5bd0df391e63d62caba085ec5955,9dba5634f8a6aa150194b0c825daadd67a589eb3031328fef3d5a77dfacf646b,145139,145604,"Receive and inventory ER023, a convergent evidence-based A018-to-A021 source-traceability audit; preserve its C4 bridge and no-promotion result while deferring the optional remark to batch adjudication",ER023-RECEIVED
2026-08-19T21:06:41.136295+00:00,modified,research_program/action_register.md,d0a108e2d35b1e2b08d099e4ea69ee6f11c23116732dc8244eefa305500c5bdd,be3c116ff40623657a41df487280069bc34e799d5ab64906a10987ad048e3557,188238,188802,"Receive and inventory ER023, a convergent evidence-based A018-to-A021 source-traceability audit; preserve its C4 bridge and no-promotion result while deferring the optional remark to batch adjudication",ER023-RECEIVED
2026-08-19T21:06:41.136295+00:00,modified,research_program/external_review_registry.csv,5a7fc99d2419c367cd19492369bdf7e973a0bd8912c723f8f37c126fb3fd90e1,2755fc57482167a1b2566f5a06767df9c8ba04b7acbf15313df462012ba2e13c,13172,13739,"Receive and inventory ER023, a convergent evidence-based A018-to-A021 source-traceability audit; preserve its C4 bridge and no-promotion result while deferring the optional remark to batch adjudication",ER023-RECEIVED
2026-08-19T21:06:41.136295+00:00,created,research_program/external_reviews/ER023_A018_A021_crosswalk_parallel_4/normalized_capture.md,,cc32aa0386ddf16997d15e9f1d9d4aca64a792239dc99f77ec71f90237f7e4e4,,1370,"Receive and inventory ER023, a convergent evidence-based A018-to-A021 source-traceability audit; preserve its C4 bridge and no-promotion result while deferring the optional remark to batch adjudication",ER023-RECEIVED
2026-08-19T21:06:41.136295+00:00,created,research_program/external_reviews/ER023_A018_A021_crosswalk_parallel_4/point_inventory.md,,864901eb82adddc3ed2f2619fac982d777a3550b79cd1b3d369d50639ad8f64d,,2173,"Receive and inventory ER023, a convergent evidence-based A018-to-A021 source-traceability audit; preserve its C4 bridge and no-promotion result while deferring the optional remark to batch adjudication",ER023-RECEIVED
2026-08-19T21:06:41.136295+00:00,modified,research_program/external_reviews/recommendation_reconciliation_all_logged.csv,649e51d77f231e6ec8a5739ac65da6e79ed220274e3c26a490820400e060a3e4,7a153cc169719c1be0a13db975b6595e229861f6a79ffb3d7aa5f3159ff66d61,154698,154937,"Receive and inventory ER023, a convergent evidence-based A018-to-A021 source-traceability audit; preserve its C4 bridge and no-promotion result while deferring the optional remark to batch adjudication",ER023-RECEIVED
2026-08-19T21:20:20.680601+00:00,modified,research_program/action_register.csv,9dba5634f8a6aa150194b0c825daadd67a589eb3031328fef3d5a77dfacf646b,e4f18a8675394dddbe079363258a5263bf7dd17d5f166c7f299f32120908bbb3,145604,146107,"Receive and inventory ER024; retain its C4 architectural crosswalk while flagging contradictory equilibrium-NAIM status, deletion of the memory floor, gate/model transfer, invalid delay-semigroup formula, and unsupported attraction, foliation, nonlinear Hopf, and publication claims",ER024-RECEIVED
2026-08-19T21:20:20.680601+00:00,modified,research_program/action_register.md,be3c116ff40623657a41df487280069bc34e799d5ab64906a10987ad048e3557,4e38a3b1fa4417f9383fb15212073001deff1ace2fd730d81b02aee422b6afe4,188802,189402,"Receive and inventory ER024; retain its C4 architectural crosswalk while flagging contradictory equilibrium-NAIM status, deletion of the memory floor, gate/model transfer, invalid delay-semigroup formula, and unsupported attraction, foliation, nonlinear Hopf, and publication claims",ER024-RECEIVED
2026-08-19T21:20:20.680601+00:00,modified,research_program/external_review_registry.csv,2755fc57482167a1b2566f5a06767df9c8ba04b7acbf15313df462012ba2e13c,3f0674f340f6f45e73c9f2138f2e4a1535bc13883a3bfa76675195b4392cfebc,13739,14322,"Receive and inventory ER024; retain its C4 architectural crosswalk while flagging contradictory equilibrium-NAIM status, deletion of the memory floor, gate/model transfer, invalid delay-semigroup formula, and unsupported attraction, foliation, nonlinear Hopf, and publication claims",ER024-RECEIVED
2026-08-19T21:20:20.680601+00:00,created,research_program/external_reviews/ER024_A018_A021_crosswalk_parallel_5/normalized_capture.md,,413872eeee04b4f769c7a790d9c43065ee810685b58f02d60a9a51ed92a01cec,,1008,"Receive and inventory ER024; retain its C4 architectural crosswalk while flagging contradictory equilibrium-NAIM status, deletion of the memory floor, gate/model transfer, invalid delay-semigroup formula, and unsupported attraction, foliation, nonlinear Hopf, and publication claims",ER024-RECEIVED
2026-08-19T21:20:20.680601+00:00,created,research_program/external_reviews/ER024_A018_A021_crosswalk_parallel_5/point_inventory.md,,8a36ca8de851f7a1b4d25322608a0b0f61af3ee5cd58b87f778e1b039e8ce831,,3566,"Receive and inventory ER024; retain its C4 architectural crosswalk while flagging contradictory equilibrium-NAIM status, deletion of the memory floor, gate/model transfer, invalid delay-semigroup formula, and unsupported attraction, foliation, nonlinear Hopf, and publication claims",ER024-RECEIVED
2026-08-19T21:20:20.680601+00:00,modified,research_program/external_reviews/recommendation_reconciliation_all_logged.csv,7a153cc169719c1be0a13db975b6595e229861f6a79ffb3d7aa5f3159ff66d61,9c4452a7cc791125be727db995dd71cd338f9532bf028d8f4f977b68cab1e86f,154937,155202,"Receive and inventory ER024; retain its C4 architectural crosswalk while flagging contradictory equilibrium-NAIM status, deletion of the memory floor, gate/model transfer, invalid delay-semigroup formula, and unsupported attraction, foliation, nonlinear Hopf, and publication claims",ER024-RECEIVED
2026-08-19T21:22:51.935119+00:00,modified,research_program/action_register.csv,e4f18a8675394dddbe079363258a5263bf7dd17d5f166c7f299f32120908bbb3,677e9dc74d183647c8b48b48d58b4879e76db5c49f73599fcd4f67df176f9323,146107,146586,"Receive and inventory ER025; preserve its conservative C4 crosswalk and concise optional remark while flagging incorrect DT(0), universal history-cube, and parity wording and deferring implementation",ER025-RECEIVED
2026-08-19T21:22:51.935119+00:00,modified,research_program/action_register.md,4e38a3b1fa4417f9383fb15212073001deff1ace2fd730d81b02aee422b6afe4,18869317767d2e225313149a30d080740c3e9a1efa9de56fe54df5e051d0ac3b,189402,189978,"Receive and inventory ER025; preserve its conservative C4 crosswalk and concise optional remark while flagging incorrect DT(0), universal history-cube, and parity wording and deferring implementation",ER025-RECEIVED
2026-08-19T21:22:51.935119+00:00,modified,research_program/external_review_registry.csv,3f0674f340f6f45e73c9f2138f2e4a1535bc13883a3bfa76675195b4392cfebc,f79ff165ce17e0e1eb0b1dc8435aa5fc7a0e0baf88a900087e1858c37b585920,14322,14867,"Receive and inventory ER025; preserve its conservative C4 crosswalk and concise optional remark while flagging incorrect DT(0), universal history-cube, and parity wording and deferring implementation",ER025-RECEIVED
2026-08-19T21:22:51.935119+00:00,created,research_program/external_reviews/ER025_A018_A021_crosswalk_parallel_6/normalized_capture.md,,2f37425b247d5cea53d7af580e5d24ba3e1e99290b8873d7ab5f9099723b1c16,,1119,"Receive and inventory ER025; preserve its conservative C4 crosswalk and concise optional remark while flagging incorrect DT(0), universal history-cube, and parity wording and deferring implementation",ER025-RECEIVED
2026-08-19T21:22:51.935119+00:00,created,research_program/external_reviews/ER025_A018_A021_crosswalk_parallel_6/point_inventory.md,,075e676eb470171d1269c1e4eff6e0f76b2913b406e273eac9ec05022e29a721,,2388,"Receive and inventory ER025; preserve its conservative C4 crosswalk and concise optional remark while flagging incorrect DT(0), universal history-cube, and parity wording and deferring implementation",ER025-RECEIVED
2026-08-19T21:22:51.935119+00:00,modified,research_program/external_reviews/recommendation_reconciliation_all_logged.csv,9c4452a7cc791125be727db995dd71cd338f9532bf028d8f4f977b68cab1e86f,a41b18e0b8a9ff2b08cd7416f6640f28a8b8119e4cf059146c19c6d6c724da4a,155202,155458,"Receive and inventory ER025; preserve its conservative C4 crosswalk and concise optional remark while flagging incorrect DT(0), universal history-cube, and parity wording and deferring implementation",ER025-RECEIVED
2026-08-19T21:35:50.644716+00:00,modified,research_program/action_register.csv,677e9dc74d183647c8b48b48d58b4879e76db5c49f73599fcd4f67df176f9323,eb1d294cb35bf892d17003153b2b0b8f98fa635dd603042862c63302c3a13bbf,146586,147455,"Proceed with Option C numerical verification: select the gated Candidate-A C4 tau=4.5 periodic orbit, reproduce its profile and period, compute three-level discrete monodromy/Floquet convergence, tangent and nonnormal bunching estimates, and a provisional identical-C4 slack equilibrium spectrum without manuscript promotion",D-A021-C4-PERIODIC-NAIM-NUMERICAL
2026-08-19T21:35:50.644716+00:00,modified,research_program/action_register.md,18869317767d2e225313149a30d080740c3e9a1efa9de56fe54df5e051d0ac3b,0707deff49da06713159ed9e18e055bd8646648dfda2481d913cfffb58ed1b17,189978,190938,"Proceed with Option C numerical verification: select the gated Candidate-A C4 tau=4.5 periodic orbit, reproduce its profile and period, compute three-level discrete monodromy/Floquet convergence, tangent and nonnormal bunching estimates, and a provisional identical-C4 slack equilibrium spectrum without manuscript promotion",D-A021-C4-PERIODIC-NAIM-NUMERICAL
2026-08-19T21:35:50.644716+00:00,created,research_program/article_A021_liebig_graph/c4_periodic_naim_verification_attempt.md,,24caebc6693fce2d1a116409fee4a3d939abc3653ec1b58b5ce0adb5cb7dbcdf,,6371,"Proceed with Option C numerical verification: select the gated Candidate-A C4 tau=4.5 periodic orbit, reproduce its profile and period, compute three-level discrete monodromy/Floquet convergence, tangent and nonnormal bunching estimates, and a provisional identical-C4 slack equilibrium spectrum without manuscript promotion",D-A021-C4-PERIODIC-NAIM-NUMERICAL
2026-08-19T21:35:50.644716+00:00,created,research_program/article_A021_liebig_graph/computations/c4_bunching_discrete.json,,89876503cbbf6e0d738b5bb713b277881d80a83fe6847f1e61f4c980af4886a6,,1249,"Proceed with Option C numerical verification: select the gated Candidate-A C4 tau=4.5 periodic orbit, reproduce its profile and period, compute three-level discrete monodromy/Floquet convergence, tangent and nonnormal bunching estimates, and a provisional identical-C4 slack equilibrium spectrum without manuscript promotion",D-A021-C4-PERIODIC-NAIM-NUMERICAL
2026-08-19T21:35:50.644716+00:00,created,research_program/article_A021_liebig_graph/computations/c4_cycle_naim.py,,e0e8c0b33dba571a2b3bb8067907a33e7e18740ced69455eefe09b5e1bb06d78,,3953,"Proceed with Option C numerical verification: select the gated Candidate-A C4 tau=4.5 periodic orbit, reproduce its profile and period, compute three-level discrete monodromy/Floquet convergence, tangent and nonnormal bunching estimates, and a provisional identical-C4 slack equilibrium spectrum without manuscript promotion",D-A021-C4-PERIODIC-NAIM-NUMERICAL
2026-08-19T21:35:50.644716+00:00,created,research_program/article_A021_liebig_graph/computations/c4_equilibrium_spectrum.py,,81fd25eb76ceac69cd8ad893709b588bac3501e60ea62ba1b0ca8614029b0b71,,1202,"Proceed with Option C numerical verification: select the gated Candidate-A C4 tau=4.5 periodic orbit, reproduce its profile and period, compute three-level discrete monodromy/Floquet convergence, tangent and nonnormal bunching estimates, and a provisional identical-C4 slack equilibrium spectrum without manuscript promotion",D-A021-C4-PERIODIC-NAIM-NUMERICAL
2026-08-19T21:35:50.644716+00:00,created,research_program/article_A021_liebig_graph/computations/c4_equilibrium_tau4p5_spectrum.json,,4742b3aac2a30cd67fe2460477aadb722e3a2bd5d94a316db51ffecaf9c053dd,,5297,"Proceed with Option C numerical verification: select the gated Candidate-A C4 tau=4.5 periodic orbit, reproduce its profile and period, compute three-level discrete monodromy/Floquet convergence, tangent and nonnormal bunching estimates, and a provisional identical-C4 slack equilibrium spectrum without manuscript promotion",D-A021-C4-PERIODIC-NAIM-NUMERICAL
2026-08-19T21:35:50.644716+00:00,created,research_program/article_A021_liebig_graph/computations/c4_floquet_discrete.py,,d231f63928b3ebd5b6f77c981e011fe31e00b450310c918d9359c106c743c59b,,3447,"Proceed with Option C numerical verification: select the gated Candidate-A C4 tau=4.5 periodic orbit, reproduce its profile and period, compute three-level discrete monodromy/Floquet convergence, tangent and nonnormal bunching estimates, and a provisional identical-C4 slack equilibrium spectrum without manuscript promotion",D-A021-C4-PERIODIC-NAIM-NUMERICAL
2026-08-19T21:35:50.644716+00:00,created,research_program/article_A021_liebig_graph/computations/c4_floquet_dt0p05.json,,d0c744e8055a46331caad02f563289bd57ed76d712e7fc75d3e85b4134e6bcb4,,2804,"Proceed with Option C numerical verification: select the gated Candidate-A C4 tau=4.5 periodic orbit, reproduce its profile and period, compute three-level discrete monodromy/Floquet convergence, tangent and nonnormal bunching estimates, and a provisional identical-C4 slack equilibrium spectrum without manuscript promotion",D-A021-C4-PERIODIC-NAIM-NUMERICAL
2026-08-19T21:35:50.644716+00:00,created,research_program/article_A021_liebig_graph/computations/c4_floquet_dt0p05.npz,,8cc7a3d95be5ebff2b9bd1838d041d0d61a543531604474a72caffda134e61ca,,268286,"Proceed with Option C numerical verification: select the gated Candidate-A C4 tau=4.5 periodic orbit, reproduce its profile and period, compute three-level discrete monodromy/Floquet convergence, tangent and nonnormal bunching estimates, and a provisional identical-C4 slack equilibrium spectrum without manuscript promotion",D-A021-C4-PERIODIC-NAIM-NUMERICAL
2026-08-19T21:35:50.644716+00:00,created,research_program/article_A021_liebig_graph/computations/c4_floquet_dt0p1.json,,53730c0f1b518b7ad956b95b10b03f6423c6f2e28c4dd96bec00b2aefa745879,,2750,"Proceed with Option C numerical verification: select the gated Candidate-A C4 tau=4.5 periodic orbit, reproduce its profile and period, compute three-level discrete monodromy/Floquet convergence, tangent and nonnormal bunching estimates, and a provisional identical-C4 slack equilibrium spectrum without manuscript promotion",D-A021-C4-PERIODIC-NAIM-NUMERICAL
2026-08-19T21:35:50.644716+00:00,created,research_program/article_A021_liebig_graph/computations/c4_floquet_dt0p1.npz,,c9a98d2723feb21242313fba2e0f9a4f09a8b29fa8e5d9ac81c2267c8396b043,,72256,"Proceed with Option C numerical verification: select the gated Candidate-A C4 tau=4.5 periodic orbit, reproduce its profile and period, compute three-level discrete monodromy/Floquet convergence, tangent and nonnormal bunching estimates, and a provisional identical-C4 slack equilibrium spectrum without manuscript promotion",D-A021-C4-PERIODIC-NAIM-NUMERICAL
2026-08-19T21:35:50.644716+00:00,created,research_program/article_A021_liebig_graph/computations/c4_floquet_dt0p25.json,,a5d4508bb043b4f94e768769f94c425714bbb9193d0485ae2de667346f4b944a,,2722,"Proceed with Option C numerical verification: select the gated Candidate-A C4 tau=4.5 periodic orbit, reproduce its profile and period, compute three-level discrete monodromy/Floquet convergence, tangent and nonnormal bunching estimates, and a provisional identical-C4 slack equilibrium spectrum without manuscript promotion",D-A021-C4-PERIODIC-NAIM-NUMERICAL
2026-08-19T21:35:50.644716+00:00,created,research_program/article_A021_liebig_graph/computations/c4_floquet_dt0p25.npz,,e8a723d697b341213939386caacae7832fbc412a81e99e69961efe1d59236625,,14149,"Proceed with Option C numerical verification: select the gated Candidate-A C4 tau=4.5 periodic orbit, reproduce its profile and period, compute three-level discrete monodromy/Floquet convergence, tangent and nonnormal bunching estimates, and a provisional identical-C4 slack equilibrium spectrum without manuscript promotion",D-A021-C4-PERIODIC-NAIM-NUMERICAL
2026-08-19T21:35:50.644716+00:00,created,research_program/article_A021_liebig_graph/computations/c4_naim_numerical_summary.json,,50121010e74d25c94d38734c8e7b53d3a142a03ded95c423243dc7a99f7b3564,,1850,"Proceed with Option C numerical verification: select the gated Candidate-A C4 tau=4.5 periodic orbit, reproduce its profile and period, compute three-level discrete monodromy/Floquet convergence, tangent and nonnormal bunching estimates, and a provisional identical-C4 slack equilibrium spectrum without manuscript promotion",D-A021-C4-PERIODIC-NAIM-NUMERICAL
2026-08-19T21:35:50.644716+00:00,created,research_program/article_A021_liebig_graph/computations/c4_tau4p5.json,,84c4136cff40488060a3a1908148ee9d36b601c969b15b00ad1bc3d88a8aaf5b,,826,"Proceed with Option C numerical verification: select the gated Candidate-A C4 tau=4.5 periodic orbit, reproduce its profile and period, compute three-level discrete monodromy/Floquet convergence, tangent and nonnormal bunching estimates, and a provisional identical-C4 slack equilibrium spectrum without manuscript promotion",D-A021-C4-PERIODIC-NAIM-NUMERICAL
2026-08-19T21:35:50.644716+00:00,created,research_program/article_A021_liebig_graph/computations/c4_tau4p5.npz,,d4f89bfb1664917942f13f6ac32696ab9127d5cc4a3c72dcef0f6d71d02ecac1,,3161030,"Proceed with Option C numerical verification: select the gated Candidate-A C4 tau=4.5 periodic orbit, reproduce its profile and period, compute three-level discrete monodromy/Floquet convergence, tangent and nonnormal bunching estimates, and a provisional identical-C4 slack equilibrium spectrum without manuscript promotion",D-A021-C4-PERIODIC-NAIM-NUMERICAL
2026-08-19T21:35:50.644716+00:00,created,research_program/article_A021_liebig_graph/computations/c4_tau4p5_dt0p1.json,,1b5c327aafd1b42b4ff343869e40333b3bf56ed17ae9fa3a336073e2202d0f4c,,834,"Proceed with Option C numerical verification: select the gated Candidate-A C4 tau=4.5 periodic orbit, reproduce its profile and period, compute three-level discrete monodromy/Floquet convergence, tangent and nonnormal bunching estimates, and a provisional identical-C4 slack equilibrium spectrum without manuscript promotion",D-A021-C4-PERIODIC-NAIM-NUMERICAL
2026-08-19T21:35:50.644716+00:00,created,research_program/article_A021_liebig_graph/computations/c4_tau4p5_dt0p1.npz,,86f242a4fa96d81812313264c55d700f42e326c27e2f480f6e71dacd3ebe5e04,,15627173,"Proceed with Option C numerical verification: select the gated Candidate-A C4 tau=4.5 periodic orbit, reproduce its profile and period, compute three-level discrete monodromy/Floquet convergence, tangent and nonnormal bunching estimates, and a provisional identical-C4 slack equilibrium spectrum without manuscript promotion",D-A021-C4-PERIODIC-NAIM-NUMERICAL
2026-08-19T21:35:50.644716+00:00,created,research_program/article_A021_liebig_graph/computations/c4_tau4p5_dt0p25.json,,a0373715a153f802dc222f22755f1e8b52a1d8753a26686ced123dc21ee9500f,,825,"Proceed with Option C numerical verification: select the gated Candidate-A C4 tau=4.5 periodic orbit, reproduce its profile and period, compute three-level discrete monodromy/Floquet convergence, tangent and nonnormal bunching estimates, and a provisional identical-C4 slack equilibrium spectrum without manuscript promotion",D-A021-C4-PERIODIC-NAIM-NUMERICAL
2026-08-19T21:35:50.644716+00:00,created,research_program/article_A021_liebig_graph/computations/c4_tau4p5_dt0p25.npz,,4873fd418bab50890874da87f0dfe80e60367e5199fc7786faeb2dc3a49a6fbf,,6276876,"Proceed with Option C numerical verification: select the gated Candidate-A C4 tau=4.5 periodic orbit, reproduce its profile and period, compute three-level discrete monodromy/Floquet convergence, tangent and nonnormal bunching estimates, and a provisional identical-C4 slack equilibrium spectrum without manuscript promotion",D-A021-C4-PERIODIC-NAIM-NUMERICAL
2026-08-19T21:35:50.644716+00:00,created,research_program/article_A021_liebig_graph/computations/c4_tau4p5_fine.json,,df768a438ab524f17b87f52d56d94bc0ec7adafa6b07049c3e030a91445795c1,,837,"Proceed with Option C numerical verification: select the gated Candidate-A C4 tau=4.5 periodic orbit, reproduce its profile and period, compute three-level discrete monodromy/Floquet convergence, tangent and nonnormal bunching estimates, and a provisional identical-C4 slack equilibrium spectrum without manuscript promotion",D-A021-C4-PERIODIC-NAIM-NUMERICAL
2026-08-19T21:35:50.644716+00:00,created,research_program/article_A021_liebig_graph/computations/c4_tau4p5_fine.npz,,0dd5f82d8c222f46a5d7174d991815847a47be9578ea537eff7145a1c88a9740,,30704826,"Proceed with Option C numerical verification: select the gated Candidate-A C4 tau=4.5 periodic orbit, reproduce its profile and period, compute three-level discrete monodromy/Floquet convergence, tangent and nonnormal bunching estimates, and a provisional identical-C4 slack equilibrium spectrum without manuscript promotion",D-A021-C4-PERIODIC-NAIM-NUMERICAL
2026-08-19T21:35:50.644716+00:00,created,research_program/article_A021_liebig_graph/computations/summarize_c4_naim.py,,a5c10a615bb21b3ed153ef80b7efe4ab4afd6375a4a6740a674213fc3c6ad7aa,,1947,"Proceed with Option C numerical verification: select the gated Candidate-A C4 tau=4.5 periodic orbit, reproduce its profile and period, compute three-level discrete monodromy/Floquet convergence, tangent and nonnormal bunching estimates, and a provisional identical-C4 slack equilibrium spectrum without manuscript promotion",D-A021-C4-PERIODIC-NAIM-NUMERICAL
2026-08-19T21:35:50.644716+00:00,modified,research_program/computational_objects.csv,f783c780fce89a90418dbabeeca8dcc51f9cef27cd10dc49d1f9db9c63216725,0ac6de3582c48a185011e500a694d475bf7576ad5408a9b39cfa046f85000ca9,3910,5164,"Proceed with Option C numerical verification: select the gated Candidate-A C4 tau=4.5 periodic orbit, reproduce its profile and period, compute three-level discrete monodromy/Floquet convergence, tangent and nonnormal bunching estimates, and a provisional identical-C4 slack equilibrium spectrum without manuscript promotion",D-A021-C4-PERIODIC-NAIM-NUMERICAL
2026-08-19T21:35:50.644716+00:00,modified,research_program/external_reviews/recommendation_reconciliation_all_logged.csv,a41b18e0b8a9ff2b08cd7416f6640f28a8b8119e4cf059146c19c6d6c724da4a,064f6ae03505760892f429f6040e695637efb8d566dc299f531e193465530202,155458,155755,"Proceed with Option C numerical verification: select the gated Candidate-A C4 tau=4.5 periodic orbit, reproduce its profile and period, compute three-level discrete monodromy/Floquet convergence, tangent and nonnormal bunching estimates, and a provisional identical-C4 slack equilibrium spectrum without manuscript promotion",D-A021-C4-PERIODIC-NAIM-NUMERICAL
2026-08-19T21:42:44.490732+00:00,modified,research_program/action_register.csv,eb1d294cb35bf892d17003153b2b0b8f98fa635dd603042862c63302c3a13bbf,234518e3cf2e38558483b66046720296526d08a171ab236813d71eca964efd43,147455,148141,"Define the next Option-C scaffold: binding gated C4 tau=4.5 periodic orbit plus identical C4 tau=10 slack equilibrium on a common max-delay phase space, refine slack roots, compute the product asymptotic rate, and derive prefactor-dependent bunching thresholds without manuscript promotion",D-A021-MINIMAL-TWOBLOCK-SCAFFOLD
2026-08-19T21:42:44.490732+00:00,modified,research_program/action_register.md,0707deff49da06713159ed9e18e055bd8646648dfda2481d913cfffb58ed1b17,cb702a7cab65b4e7510249f3f53f05f49822bfaed440744bc881ab5b6c64f915,190938,191717,"Define the next Option-C scaffold: binding gated C4 tau=4.5 periodic orbit plus identical C4 tau=10 slack equilibrium on a common max-delay phase space, refine slack roots, compute the product asymptotic rate, and derive prefactor-dependent bunching thresholds without manuscript promotion",D-A021-MINIMAL-TWOBLOCK-SCAFFOLD
2026-08-19T21:42:44.490732+00:00,created,research_program/article_A021_liebig_graph/computations/c4_equilibrium_tau10_exact_roots.json,,6e90b8f9edc348e073cf1952869aa79227329ef5ada0c762c3aa2633daacc96d,,614,"Define the next Option-C scaffold: binding gated C4 tau=4.5 periodic orbit plus identical C4 tau=10 slack equilibrium on a common max-delay phase space, refine slack roots, compute the product asymptotic rate, and derive prefactor-dependent bunching thresholds without manuscript promotion",D-A021-MINIMAL-TWOBLOCK-SCAFFOLD
2026-08-19T21:42:44.490732+00:00,created,research_program/article_A021_liebig_graph/computations/c4_equilibrium_tau10_projection.json,,829ee718d6f5bd6a006d2d34671bac68853ca3277bb36f2c56d37106461ad909,,927,"Define the next Option-C scaffold: binding gated C4 tau=4.5 periodic orbit plus identical C4 tau=10 slack equilibrium on a common max-delay phase space, refine slack roots, compute the product asymptotic rate, and derive prefactor-dependent bunching thresholds without manuscript promotion",D-A021-MINIMAL-TWOBLOCK-SCAFFOLD
2026-08-19T21:42:44.490732+00:00,created,research_program/article_A021_liebig_graph/minimal_two_block_periodic_naim_scaffold.md,,670f659013d5178eaba1c7113c5f13412eb21c1c60ef30c03c4929a48f8ed720,,4630,"Define the next Option-C scaffold: binding gated C4 tau=4.5 periodic orbit plus identical C4 tau=10 slack equilibrium on a common max-delay phase space, refine slack roots, compute the product asymptotic rate, and derive prefactor-dependent bunching thresholds without manuscript promotion",D-A021-MINIMAL-TWOBLOCK-SCAFFOLD
2026-08-19T21:42:44.490732+00:00,modified,research_program/computational_objects.csv,0ac6de3582c48a185011e500a694d475bf7576ad5408a9b39cfa046f85000ca9,e7e5f4fea97eaf032fa9a27e00a335c957781049dbbb55796c1726020965d395,5164,5349,"Define the next Option-C scaffold: binding gated C4 tau=4.5 periodic orbit plus identical C4 tau=10 slack equilibrium on a common max-delay phase space, refine slack roots, compute the product asymptotic rate, and derive prefactor-dependent bunching thresholds without manuscript promotion",D-A021-MINIMAL-TWOBLOCK-SCAFFOLD
2026-08-19T21:42:44.490732+00:00,modified,research_program/external_reviews/recommendation_reconciliation_all_logged.csv,064f6ae03505760892f429f6040e695637efb8d566dc299f531e193465530202,ce4be4737c9e58958bf7b6b48a00308eb9fed5778a7874fb22c5faea8e1b2387,155755,156049,"Define the next Option-C scaffold: binding gated C4 tau=4.5 periodic orbit plus identical C4 tau=10 slack equilibrium on a common max-delay phase space, refine slack roots, compute the product asymptotic rate, and derive prefactor-dependent bunching thresholds without manuscript promotion",D-A021-MINIMAL-TWOBLOCK-SCAFFOLD
2026-08-19T22:20:52.025342+00:00,modified,research_program/action_register.csv,234518e3cf2e38558483b66046720296526d08a171ab236813d71eca964efd43,ed48088d624a16487048fbf05978f23f9a58a70fc86c828f0e3254675f26b748,148141,148757,"Strengthen the two-block scaffold by combining an analytic exterior root-exclusion bound with 70-digit mesh-converged argument-principle counts, isolating the unique rightmost slack pair while retaining interval-enclosure status as open",D-A021-SLACK-ROOT-COUNT
2026-08-19T22:20:52.025342+00:00,modified,research_program/action_register.md,cb702a7cab65b4e7510249f3f53f05f49822bfaed440744bc881ab5b6c64f915,c5e84260c3d818fa8368601e50380ff1bff7591182768438ece6ed8679a6fdae,191717,192428,"Strengthen the two-block scaffold by combining an analytic exterior root-exclusion bound with 70-digit mesh-converged argument-principle counts, isolating the unique rightmost slack pair while retaining interval-enclosure status as open",D-A021-SLACK-ROOT-COUNT
2026-08-19T22:20:52.025342+00:00,created,research_program/article_A021_liebig_graph/computations/c4_slack_argument_count.py,,5118592ba3b4499c7351d0f6106e411354e183be1d42ee2b53baab7b61553293,,2179,"Strengthen the two-block scaffold by combining an analytic exterior root-exclusion bound with 70-digit mesh-converged argument-principle counts, isolating the unique rightmost slack pair while retaining interval-enclosure status as open",D-A021-SLACK-ROOT-COUNT
2026-08-19T22:20:52.025342+00:00,created,research_program/article_A021_liebig_graph/computations/c4_slack_tau10_argument_count.json,,b2f10a8ab424be944557009df2668cc567963748e2806b4e745c630d6d9b109c,,6499,"Strengthen the two-block scaffold by combining an analytic exterior root-exclusion bound with 70-digit mesh-converged argument-principle counts, isolating the unique rightmost slack pair while retaining interval-enclosure status as open",D-A021-SLACK-ROOT-COUNT
2026-08-19T22:20:52.025342+00:00,created,research_program/article_A021_liebig_graph/slack_root_count_verification.md,,5748147754e18ef6a2c41d03a61a67e1d34d079ae0dd04b76db7b5be6b707dbe,,2232,"Strengthen the two-block scaffold by combining an analytic exterior root-exclusion bound with 70-digit mesh-converged argument-principle counts, isolating the unique rightmost slack pair while retaining interval-enclosure status as open",D-A021-SLACK-ROOT-COUNT
2026-08-19T22:20:52.025342+00:00,modified,research_program/computational_objects.csv,e7e5f4fea97eaf032fa9a27e00a335c957781049dbbb55796c1726020965d395,1ce3bee9c3fc3cda9b35bdd7baf8bcd830b8530ed49d374e46175dcf65013309,5349,5497,"Strengthen the two-block scaffold by combining an analytic exterior root-exclusion bound with 70-digit mesh-converged argument-principle counts, isolating the unique rightmost slack pair while retaining interval-enclosure status as open",D-A021-SLACK-ROOT-COUNT
2026-08-19T22:20:52.025342+00:00,modified,research_program/external_reviews/recommendation_reconciliation_all_logged.csv,ce4be4737c9e58958bf7b6b48a00308eb9fed5778a7874fb22c5faea8e1b2387,86159504a819461e14f239073265efb27cca2a5028f183ed14b79bade327fbe8,156049,156323,"Strengthen the two-block scaffold by combining an analytic exterior root-exclusion bound with 70-digit mesh-converged argument-principle counts, isolating the unique rightmost slack pair while retaining interval-enclosure status as open",D-A021-SLACK-ROOT-COUNT
2026-08-19T23:54:45.957577+00:00,modified,research_program/action_register.csv,ed48088d624a16487048fbf05978f23f9a58a70fc86c828f0e3254675f26b748,39e8e2c6f8dc5542dfec44b7b6ceb0f2dd829d2ee59dbffcde6c46d05e56ab4b,148757,149337,Complete the next feasible binding-spectrum step by quantifying three-level full-history Floquet convergence and recording a conservative empirical multiplier envelope; accept removal of large duplicate NPZ working copies because their content-addressed archives and hashes remain preserved,D-A021-BINDING-FLOQUET-CONVERGENCE
2026-08-19T23:54:45.957577+00:00,modified,research_program/action_register.md,c5e84260c3d818fa8368601e50380ff1bff7591182768438ece6ed8679a6fdae,e38750c45d9feaa144aa6ac828e296ee81de3adca1bc567d3499a529a2302c02,192428,193099,Complete the next feasible binding-spectrum step by quantifying three-level full-history Floquet convergence and recording a conservative empirical multiplier envelope; accept removal of large duplicate NPZ working copies because their content-addressed archives and hashes remain preserved,D-A021-BINDING-FLOQUET-CONVERGENCE
2026-08-19T23:54:45.957577+00:00,created,research_program/article_A021_liebig_graph/binding_floquet_convergence_assessment.md,,72c832f1b10c20a618c247524efe8ebb868f5bc89907dfa765141db24840b9c3,,1798,Complete the next feasible binding-spectrum step by quantifying three-level full-history Floquet convergence and recording a conservative empirical multiplier envelope; accept removal of large duplicate NPZ working copies because their content-addressed archives and hashes remain preserved,D-A021-BINDING-FLOQUET-CONVERGENCE
2026-08-19T23:54:45.957577+00:00,created,research_program/article_A021_liebig_graph/computations/c4_floquet_convergence_envelope.json,,08c757e946705c30820dd53a0c9094792629f04f24e2f8aca69d7b11289ef9a2,,729,Complete the next feasible binding-spectrum step by quantifying three-level full-history Floquet convergence and recording a conservative empirical multiplier envelope; accept removal of large duplicate NPZ working copies because their content-addressed archives and hashes remain preserved,D-A021-BINDING-FLOQUET-CONVERGENCE
2026-08-19T23:54:45.957577+00:00,deleted,research_program/article_A021_liebig_graph/computations/c4_floquet_dt0p05.npz,8cc7a3d95be5ebff2b9bd1838d041d0d61a543531604474a72caffda134e61ca,,268286,,Complete the next feasible binding-spectrum step by quantifying three-level full-history Floquet convergence and recording a conservative empirical multiplier envelope; accept removal of large duplicate NPZ working copies because their content-addressed archives and hashes remain preserved,D-A021-BINDING-FLOQUET-CONVERGENCE
2026-08-19T23:54:45.957577+00:00,deleted,research_program/article_A021_liebig_graph/computations/c4_tau4p5.npz,d4f89bfb1664917942f13f6ac32696ab9127d5cc4a3c72dcef0f6d71d02ecac1,,3161030,,Complete the next feasible binding-spectrum step by quantifying three-level full-history Floquet convergence and recording a conservative empirical multiplier envelope; accept removal of large duplicate NPZ working copies because their content-addressed archives and hashes remain preserved,D-A021-BINDING-FLOQUET-CONVERGENCE
2026-08-19T23:54:45.957577+00:00,deleted,research_program/article_A021_liebig_graph/computations/c4_tau4p5_dt0p1.npz,86f242a4fa96d81812313264c55d700f42e326c27e2f480f6e71dacd3ebe5e04,,15627173,,Complete the next feasible binding-spectrum step by quantifying three-level full-history Floquet convergence and recording a conservative empirical multiplier envelope; accept removal of large duplicate NPZ working copies because their content-addressed archives and hashes remain preserved,D-A021-BINDING-FLOQUET-CONVERGENCE
2026-08-19T23:54:45.957577+00:00,deleted,research_program/article_A021_liebig_graph/computations/c4_tau4p5_dt0p25.npz,4873fd418bab50890874da87f0dfe80e60367e5199fc7786faeb2dc3a49a6fbf,,6276876,,Complete the next feasible binding-spectrum step by quantifying three-level full-history Floquet convergence and recording a conservative empirical multiplier envelope; accept removal of large duplicate NPZ working copies because their content-addressed archives and hashes remain preserved,D-A021-BINDING-FLOQUET-CONVERGENCE
2026-08-19T23:54:45.957577+00:00,deleted,research_program/article_A021_liebig_graph/computations/c4_tau4p5_fine.npz,0dd5f82d8c222f46a5d7174d991815847a47be9578ea537eff7145a1c88a9740,,30704826,,Complete the next feasible binding-spectrum step by quantifying three-level full-history Floquet convergence and recording a conservative empirical multiplier envelope; accept removal of large duplicate NPZ working copies because their content-addressed archives and hashes remain preserved,D-A021-BINDING-FLOQUET-CONVERGENCE
2026-08-19T23:54:45.957577+00:00,modified,research_program/computational_objects.csv,1ce3bee9c3fc3cda9b35bdd7baf8bcd830b8530ed49d374e46175dcf65013309,48898a3d47c00f13f2b86524430017a9415ba62a16019b6e1a6bda33da257b27,5497,5627,Complete the next feasible binding-spectrum step by quantifying three-level full-history Floquet convergence and recording a conservative empirical multiplier envelope; accept removal of large duplicate NPZ working copies because their content-addressed archives and hashes remain preserved,D-A021-BINDING-FLOQUET-CONVERGENCE
2026-08-19T23:54:45.957577+00:00,modified,research_program/external_reviews/recommendation_reconciliation_all_logged.csv,86159504a819461e14f239073265efb27cca2a5028f183ed14b79bade327fbe8,5917138f42e329e0f740b51af1dc61365ef0b3a0262664eb536022332d4d08a5,156323,156572,Complete the next feasible binding-spectrum step by quantifying three-level full-history Floquet convergence and recording a conservative empirical multiplier envelope; accept removal of large duplicate NPZ working copies because their content-addressed archives and hashes remain preserved,D-A021-BINDING-FLOQUET-CONVERGENCE
2026-08-20T00:09:34.258374+00:00,modified,research_program/action_register.csv,39e8e2c6f8dc5542dfec44b7b6ceb0f2dd829d2ee59dbffcde6c46d05e56ab4b,94a8cda2baa3fc4b2856cba7d2227b919b0b3213d5f9e67ac59b6f7a31ededc5,149337,150132,"Receive and inventory ER026 as the first numerical periodic-NAIM audit; preserve its numerical base upgrade while flagging floor-margin, empirical-envelope, product-bunching, compactness, slack, and publication-timing corrections and deferring implementation",ER026-RECEIVED
2026-08-20T00:09:34.258374+00:00,modified,research_program/action_register.md,e38750c45d9feaa144aa6ac828e296ee81de3adca1bc567d3499a529a2302c02,e02704d9f9847655149e2f6161ec6710d5b9d3898e773aa8a11eb15c73da0f0d,193099,194052,"Receive and inventory ER026 as the first numerical periodic-NAIM audit; preserve its numerical base upgrade while flagging floor-margin, empirical-envelope, product-bunching, compactness, slack, and publication-timing corrections and deferring implementation",ER026-RECEIVED
2026-08-20T00:09:34.258374+00:00,modified,research_program/external_review_registry.csv,f79ff165ce17e0e1eb0b1dc8435aa5fc7a0e0baf88a900087e1858c37b585920,7ef0809ebe481202a621092f391bb722e4e6deb33a4e01a6017e34cf5696871a,14867,15447,"Receive and inventory ER026 as the first numerical periodic-NAIM audit; preserve its numerical base upgrade while flagging floor-margin, empirical-envelope, product-bunching, compactness, slack, and publication-timing corrections and deferring implementation",ER026-RECEIVED
2026-08-20T00:09:34.258374+00:00,created,research_program/external_reviews/ER026_A021_C4_NAIM_numerical_parallel_1/normalized_capture.md,,70e181ed6b4eda8b0341a45eeef1ad356720f8460eeb538db0c2a3e98b393f3d,,1087,"Receive and inventory ER026 as the first numerical periodic-NAIM audit; preserve its numerical base upgrade while flagging floor-margin, empirical-envelope, product-bunching, compactness, slack, and publication-timing corrections and deferring implementation",ER026-RECEIVED
2026-08-20T00:09:34.258374+00:00,created,research_program/external_reviews/ER026_A021_C4_NAIM_numerical_parallel_1/point_inventory.md,,9eec20edf8997828f9132a41531cf201e45037c83ff5ef013f94b71129b4acfb,,3330,"Receive and inventory ER026 as the first numerical periodic-NAIM audit; preserve its numerical base upgrade while flagging floor-margin, empirical-envelope, product-bunching, compactness, slack, and publication-timing corrections and deferring implementation",ER026-RECEIVED
2026-08-20T00:09:34.258374+00:00,modified,research_program/external_reviews/recommendation_reconciliation_all_logged.csv,5917138f42e329e0f740b51af1dc61365ef0b3a0262664eb536022332d4d08a5,7c236b55ee1e15fcbe5e540a9c3b5f66a2cd2105c58661c101dd985172cd028d,156572,157034,"Receive and inventory ER026 as the first numerical periodic-NAIM audit; preserve its numerical base upgrade while flagging floor-margin, empirical-envelope, product-bunching, compactness, slack, and publication-timing corrections and deferring implementation",ER026-RECEIVED
2026-08-20T00:12:09.630724+00:00,modified,research_program/action_register.csv,94a8cda2baa3fc4b2856cba7d2227b919b0b3213d5f9e67ac59b6f7a31ededc5,cc703596e564ac0def4e67656a6d5e6264eaf52016c7b4c99fcd626ccd7250d4,150132,150637,"Receive and inventory ER027; preserve its continuum-Floquet caution and no-promotion ladder, update superseded orbit-passport/slack findings, and flag C4 fold-multiplier transfer and DT(0) wording for joint review",ER027-RECEIVED
2026-08-20T00:12:09.630724+00:00,modified,research_program/action_register.md,e02704d9f9847655149e2f6161ec6710d5b9d3898e773aa8a11eb15c73da0f0d,bcd2045e6bc1a662e03b55ccafb1a6184063f055c3f6314d4ace069dcffad129,194052,194656,"Receive and inventory ER027; preserve its continuum-Floquet caution and no-promotion ladder, update superseded orbit-passport/slack findings, and flag C4 fold-multiplier transfer and DT(0) wording for joint review",ER027-RECEIVED
2026-08-20T00:12:09.630724+00:00,modified,research_program/external_review_registry.csv,7ef0809ebe481202a621092f391bb722e4e6deb33a4e01a6017e34cf5696871a,e29840cf6cd8b552c61db2e2e0bda992de89fa33c750190a97288688e8263669,15447,16048,"Receive and inventory ER027; preserve its continuum-Floquet caution and no-promotion ladder, update superseded orbit-passport/slack findings, and flag C4 fold-multiplier transfer and DT(0) wording for joint review",ER027-RECEIVED
2026-08-20T00:12:09.630724+00:00,created,research_program/external_reviews/ER027_A021_C4_NAIM_numerical_parallel_2/normalized_capture.md,,40a03a417c62f7aa30238a5bc6d756423dc87733642f92e1a79c87444c0f96de,,1004,"Receive and inventory ER027; preserve its continuum-Floquet caution and no-promotion ladder, update superseded orbit-passport/slack findings, and flag C4 fold-multiplier transfer and DT(0) wording for joint review",ER027-RECEIVED
2026-08-20T00:12:09.630724+00:00,created,research_program/external_reviews/ER027_A021_C4_NAIM_numerical_parallel_2/point_inventory.md,,f0d51c4f4f7697ed2d7daa8d460095709e321c208c1807aa05dc8ec107f5d7b9,,3054,"Receive and inventory ER027; preserve its continuum-Floquet caution and no-promotion ladder, update superseded orbit-passport/slack findings, and flag C4 fold-multiplier transfer and DT(0) wording for joint review",ER027-RECEIVED
2026-08-20T00:12:09.630724+00:00,modified,research_program/external_reviews/recommendation_reconciliation_all_logged.csv,7c236b55ee1e15fcbe5e540a9c3b5f66a2cd2105c58661c101dd985172cd028d,7b5ee4194f5b38cff48b88e61650c3283ed060b3c27fa62c5a850b10790ce5fb,157034,157285,"Receive and inventory ER027; preserve its continuum-Floquet caution and no-promotion ladder, update superseded orbit-passport/slack findings, and flag C4 fold-multiplier transfer and DT(0) wording for joint review",ER027-RECEIVED
2026-08-20T00:16:03.968500+00:00,modified,research_program/action_register.csv,cc703596e564ac0def4e67656a6d5e6264eaf52016c7b4c99fcd626ccd7250d4,7b8d38b771a3f7bbe42113cacf6d1b7a883b990436bf534924ab565baaa35a79,150637,151142,"Receive and inventory ER028; preserve its continuum-validation roadmap and conservative publication boundary, update superseded orbit/slack findings, and flag lower-bistable and C4-fold wording for joint review",ER028-RECEIVED
2026-08-20T00:16:03.968500+00:00,modified,research_program/action_register.md,bcd2045e6bc1a662e03b55ccafb1a6184063f055c3f6314d4ace069dcffad129,32a45ed1424ee6f63475d91a9d34a86f0e19a87e710fe4d9281b9eb6366b5399,194656,195260,"Receive and inventory ER028; preserve its continuum-validation roadmap and conservative publication boundary, update superseded orbit/slack findings, and flag lower-bistable and C4-fold wording for joint review",ER028-RECEIVED
2026-08-20T00:16:03.968500+00:00,modified,research_program/external_review_registry.csv,e29840cf6cd8b552c61db2e2e0bda992de89fa33c750190a97288688e8263669,e418b4291ce55438fee440a5f58d51b809bbae2663c1a881ab2779ecf438618c,16048,16638,"Receive and inventory ER028; preserve its continuum-validation roadmap and conservative publication boundary, update superseded orbit/slack findings, and flag lower-bistable and C4-fold wording for joint review",ER028-RECEIVED
2026-08-20T00:16:03.968500+00:00,created,research_program/external_reviews/ER028_A021_C4_NAIM_numerical_parallel_3/normalized_capture.md,,60ae64ebac1a69f315285fd08619985591e9e8dcf3ba2141d77f7d1d725a8dbc,,888,"Receive and inventory ER028; preserve its continuum-validation roadmap and conservative publication boundary, update superseded orbit/slack findings, and flag lower-bistable and C4-fold wording for joint review",ER028-RECEIVED
2026-08-20T00:16:03.968500+00:00,created,research_program/external_reviews/ER028_A021_C4_NAIM_numerical_parallel_3/point_inventory.md,,4deb41d7c34e2b7cf249035fa0d45186db7ad8d736f540a08d09f8533d515ca2,,2004,"Receive and inventory ER028; preserve its continuum-validation roadmap and conservative publication boundary, update superseded orbit/slack findings, and flag lower-bistable and C4-fold wording for joint review",ER028-RECEIVED
2026-08-20T00:16:03.968500+00:00,modified,research_program/external_reviews/recommendation_reconciliation_all_logged.csv,7b5ee4194f5b38cff48b88e61650c3283ed060b3c27fa62c5a850b10790ce5fb,51cf8ecc3763108113d1a0cfdfcbd30b7eb4767bbd6c1c6582390344820ecbed,157285,157534,"Receive and inventory ER028; preserve its continuum-validation roadmap and conservative publication boundary, update superseded orbit/slack findings, and flag lower-bistable and C4-fold wording for joint review",ER028-RECEIVED
2026-08-20T00:17:44.395444+00:00,modified,research_program/action_register.csv,7b8d38b771a3f7bbe42113cacf6d1b7a883b990436bf534924ab565baaa35a79,603df25c077dc50663fe9eb7e8457fd2cdc251d35bd0447844017f6a865bcb6d,151142,151630,"Receive and inventory ER029; preserve its validated-numerics roadmap while flagging missing dt=0.25 data, phase-error and simplicity errors, outdated period/branch/floor/slack claims, invalid one-period product bunching, C4-fold transfer, parity overstatement, and incomplete theorem sketch",ER029-RECEIVED
2026-08-20T00:17:44.395444+00:00,modified,research_program/action_register.md,32a45ed1424ee6f63475d91a9d34a86f0e19a87e710fe4d9281b9eb6366b5399,b2f11e38eb27c96eb94470690de41a1436da28949a4f18e501576845a7120911,195260,195847,"Receive and inventory ER029; preserve its validated-numerics roadmap while flagging missing dt=0.25 data, phase-error and simplicity errors, outdated period/branch/floor/slack claims, invalid one-period product bunching, C4-fold transfer, parity overstatement, and incomplete theorem sketch",ER029-RECEIVED
2026-08-20T00:17:44.395444+00:00,modified,research_program/external_review_registry.csv,e418b4291ce55438fee440a5f58d51b809bbae2663c1a881ab2779ecf438618c,905909ff1de54b49fe2d7c40281a4b9c6d83111a04a18bcb18f67639da80df4e,16638,17230,"Receive and inventory ER029; preserve its validated-numerics roadmap while flagging missing dt=0.25 data, phase-error and simplicity errors, outdated period/branch/floor/slack claims, invalid one-period product bunching, C4-fold transfer, parity overstatement, and incomplete theorem sketch",ER029-RECEIVED
2026-08-20T00:17:44.395444+00:00,created,research_program/external_reviews/ER029_A021_C4_NAIM_numerical_parallel_4/normalized_capture.md,,2258c1cfe40920f7bd36d839320cd9d235520986ec27ffd3d242d171eeb83f14,,822,"Receive and inventory ER029; preserve its validated-numerics roadmap while flagging missing dt=0.25 data, phase-error and simplicity errors, outdated period/branch/floor/slack claims, invalid one-period product bunching, C4-fold transfer, parity overstatement, and incomplete theorem sketch",ER029-RECEIVED
2026-08-20T00:17:44.395444+00:00,created,research_program/external_reviews/ER029_A021_C4_NAIM_numerical_parallel_4/point_inventory.md,,5c5fbbb24b396394d8efd8f0543f80937b31efcf51e6dd6dbf5bee7b6f23b1ce,,2991,"Receive and inventory ER029; preserve its validated-numerics roadmap while flagging missing dt=0.25 data, phase-error and simplicity errors, outdated period/branch/floor/slack claims, invalid one-period product bunching, C4-fold transfer, parity overstatement, and incomplete theorem sketch",ER029-RECEIVED
2026-08-20T00:17:44.395444+00:00,modified,research_program/external_reviews/recommendation_reconciliation_all_logged.csv,51cf8ecc3763108113d1a0cfdfcbd30b7eb4767bbd6c1c6582390344820ecbed,7467b9478748745a38828d77a18d08e220e2b55f12903e979204d52fd4c3e281,157534,157827,"Receive and inventory ER029; preserve its validated-numerics roadmap while flagging missing dt=0.25 data, phase-error and simplicity errors, outdated period/branch/floor/slack claims, invalid one-period product bunching, C4-fold transfer, parity overstatement, and incomplete theorem sketch",ER029-RECEIVED
2026-08-20T00:21:36.733529+00:00,modified,research_program/action_register.csv,603df25c077dc50663fe9eb7e8457fd2cdc251d35bd0447844017f6a865bcb6d,1671459835632816be6aaa7629c7e4d167c87d36cc8f83af0588aa296fed12a5,151630,152709,"Jointly adjudicate ER020-ER029 and implement only surviving content: concise C4/C5 crosswalk, reproduced tau=4.5 C4 orbit passport, caveated Floquet convergence, tau=10 slack root count, product-rate/bunching target, and explicit non-promotion of the NAIM theorem",I-A021-CROSSWALK-NUMERICS
2026-08-20T00:21:36.733529+00:00,modified,research_program/action_register.md,b2f11e38eb27c96eb94470690de41a1436da28949a4f18e501576845a7120911,81a629280b3ad784479fa47787358cb4e213805b63a1a271f2f78c2dc3b686ad,195847,197146,"Jointly adjudicate ER020-ER029 and implement only surviving content: concise C4/C5 crosswalk, reproduced tau=4.5 C4 orbit passport, caveated Floquet convergence, tau=10 slack root count, product-rate/bunching target, and explicit non-promotion of the NAIM theorem",I-A021-CROSSWALK-NUMERICS
2026-08-20T00:21:36.733529+00:00,modified,research_program/article_correction_implementation_ledger.csv,95634c6fc069d94c0f836feb6d36b5c334385c24e9260a46f7fcd1b5317b285d,684cf6c601f2da5655147ddc07b7f318c932ae68cbc69c6c4264e2edfd84e273,8183,8433,"Jointly adjudicate ER020-ER029 and implement only surviving content: concise C4/C5 crosswalk, reproduced tau=4.5 C4 orbit passport, caveated Floquet convergence, tau=10 slack root count, product-rate/bunching target, and explicit non-promotion of the NAIM theorem",I-A021-CROSSWALK-NUMERICS
2026-08-20T00:21:36.733529+00:00,modified,research_program/article_integration_pass_A018_A025.csv,3dfc49c21bd1bb0e38aba38716ef87f33f0f2cb6d99c847f0f8607021e71c839,fde2a7a7b7919d756c5d84142822b1d6aa2bf2e002e37ca5b4c334d04bcbc520,1638,1631,"Jointly adjudicate ER020-ER029 and implement only surviving content: concise C4/C5 crosswalk, reproduced tau=4.5 C4 orbit passport, caveated Floquet convergence, tau=10 slack root count, product-rate/bunching target, and explicit non-promotion of the NAIM theorem",I-A021-CROSSWALK-NUMERICS
2026-08-20T00:21:36.733529+00:00,modified,research_program/external_review_registry.csv,905909ff1de54b49fe2d7c40281a4b9c6d83111a04a18bcb18f67639da80df4e,5ca6bbfc4ad2ed998d148680a12b49f520066cf5857868866a5699390e9cda27,17230,17409,"Jointly adjudicate ER020-ER029 and implement only surviving content: concise C4/C5 crosswalk, reproduced tau=4.5 C4 orbit passport, caveated Floquet convergence, tau=10 slack root count, product-rate/bunching target, and explicit non-promotion of the NAIM theorem",I-A021-CROSSWALK-NUMERICS
2026-08-20T00:21:36.733529+00:00,created,research_program/external_reviews/A021_crosswalk_numerical_joint_docket_ER020_ER029.csv,,31a984ccb61409a6bf87df6468b3a188dd97bebe3174b2d4dd95e1e9b574fccf,,3421,"Jointly adjudicate ER020-ER029 and implement only surviving content: concise C4/C5 crosswalk, reproduced tau=4.5 C4 orbit passport, caveated Floquet convergence, tau=10 slack root count, product-rate/bunching target, and explicit non-promotion of the NAIM theorem",I-A021-CROSSWALK-NUMERICS
2026-08-20T00:21:36.733529+00:00,created,research_program/external_reviews/joint_audit_A021_crosswalk_numerics_ER020_ER029.md,,f5a4c3f1960e659295e578f799efaf62d772bf01ee738ef13b8e3c0de2f56b74,,8894,"Jointly adjudicate ER020-ER029 and implement only surviving content: concise C4/C5 crosswalk, reproduced tau=4.5 C4 orbit passport, caveated Floquet convergence, tau=10 slack root count, product-rate/bunching target, and explicit non-promotion of the NAIM theorem",I-A021-CROSSWALK-NUMERICS
2026-08-20T00:21:36.733529+00:00,modified,research_program/external_reviews/recommendation_reconciliation_all_logged.csv,7467b9478748745a38828d77a18d08e220e2b55f12903e979204d52fd4c3e281,5a063b546e1152dd78d9f785cda8203d0b5783132f7a0c4e06bdb0a582956224,157827,158384,"Jointly adjudicate ER020-ER029 and implement only surviving content: concise C4/C5 crosswalk, reproduced tau=4.5 C4 orbit passport, caveated Floquet convergence, tau=10 slack root count, product-rate/bunching target, and explicit non-promotion of the NAIM theorem",I-A021-CROSSWALK-NUMERICS
2026-08-20T00:21:36.733529+00:00,modified,research_program/mathematical_error_register.md,a8b472d9beef98b4c7cc69cf9a559f9dbdfcf1340bbf507fbe017d4a62c0ef16,01fec98c4789b5509f1a3c487cf21267f5593503fbbb6ba200b1e7a5e7e11555,25123,25770,"Jointly adjudicate ER020-ER029 and implement only surviving content: concise C4/C5 crosswalk, reproduced tau=4.5 C4 orbit passport, caveated Floquet convergence, tau=10 slack root count, product-rate/bunching target, and explicit non-promotion of the NAIM theorem",I-A021-CROSSWALK-NUMERICS
2026-08-20T00:21:36.733529+00:00,modified,revised_articles/A021_liebig_graph_corrected.tex,60cc2e1d040839cff1933e58e34e08fe5ac84fad99bb0d44b1f6ca8e4c30a81e,806ad85c79eeac7d8ad5130102710d1842c5448a4ac8291daeb418187c902cb0,20042,24113,"Jointly adjudicate ER020-ER029 and implement only surviving content: concise C4/C5 crosswalk, reproduced tau=4.5 C4 orbit passport, caveated Floquet convergence, tau=10 slack root count, product-rate/bunching target, and explicit non-promotion of the NAIM theorem",I-A021-CROSSWALK-NUMERICS
2026-08-20T00:24:47.819601+00:00,modified,research_program/action_register.csv,1671459835632816be6aaa7629c7e4d167c87d36cc8f83af0588aa296fed12a5,65ad11826dabe01d788e7d059b32d3f97cf538642e361d6167a6e16b69ca6be1,152709,153411,"Proceed to the next feasible Option-C step by computing induced-sup-norm binding stable-complement powers and slack semigroup norms across refinements, obtaining direct prefactor-aware finite-discrete product bunching q35 approximately 0.317 while retaining continuum domination as open",D-A021-PRODUCT-PREFACTOR-BUNCHING
2026-08-20T00:24:47.819601+00:00,modified,research_program/action_register.md,81a629280b3ad784479fa47787358cb4e213805b63a1a271f2f78c2dc3b686ad,68300f46b73a64a8c9737674bbf71f4d1430f73baec52c52eea0de423d629c1c,197146,197943,"Proceed to the next feasible Option-C step by computing induced-sup-norm binding stable-complement powers and slack semigroup norms across refinements, obtaining direct prefactor-aware finite-discrete product bunching q35 approximately 0.317 while retaining continuum domination as open",D-A021-PRODUCT-PREFACTOR-BUNCHING
2026-08-20T00:24:47.819601+00:00,created,research_program/article_A021_liebig_graph/computations/c4_discrete_prefactor.py,,1596b329334dde0cf66adb21d741139b3d7bace8e297e6ffb0f4c0b878e0ecf3,,1219,"Proceed to the next feasible Option-C step by computing induced-sup-norm binding stable-complement powers and slack semigroup norms across refinements, obtaining direct prefactor-aware finite-discrete product bunching q35 approximately 0.317 while retaining continuum domination as open",D-A021-PRODUCT-PREFACTOR-BUNCHING
2026-08-20T00:24:47.819601+00:00,created,research_program/article_A021_liebig_graph/computations/c4_discrete_prefactor_convergence.json,,62ef555b27dc226f005cb91f29587cb94033e4e118aa52b0bf76038ca83e7689,,5389,"Proceed to the next feasible Option-C step by computing induced-sup-norm binding stable-complement powers and slack semigroup norms across refinements, obtaining direct prefactor-aware finite-discrete product bunching q35 approximately 0.317 while retaining continuum domination as open",D-A021-PRODUCT-PREFACTOR-BUNCHING
2026-08-20T00:24:47.819601+00:00,created,research_program/article_A021_liebig_graph/computations/c4_floquet_dt0p05.npz,,8cc7a3d95be5ebff2b9bd1838d041d0d61a543531604474a72caffda134e61ca,,268286,"Proceed to the next feasible Option-C step by computing induced-sup-norm binding stable-complement powers and slack semigroup norms across refinements, obtaining direct prefactor-aware finite-discrete product bunching q35 approximately 0.317 while retaining continuum domination as open",D-A021-PRODUCT-PREFACTOR-BUNCHING
2026-08-20T00:24:47.819601+00:00,created,research_program/article_A021_liebig_graph/computations/c4_slack_semigroup_inf_convergence.json,,9086f48ce4f8bf5f6f4e0bd7b33a19d6cb4e82be0c5eff0eb7f263683d75a6c4,,4406,"Proceed to the next feasible Option-C step by computing induced-sup-norm binding stable-complement powers and slack semigroup norms across refinements, obtaining direct prefactor-aware finite-discrete product bunching q35 approximately 0.317 while retaining continuum domination as open",D-A021-PRODUCT-PREFACTOR-BUNCHING
2026-08-20T00:24:47.819601+00:00,created,research_program/article_A021_liebig_graph/computations/c4_slack_semigroup_prefactor.py,,23f9fcedeaeb31be714fa29ce76bb1009bfdc282711345136424fe64d680813e,,871,"Proceed to the next feasible Option-C step by computing induced-sup-norm binding stable-complement powers and slack semigroup norms across refinements, obtaining direct prefactor-aware finite-discrete product bunching q35 approximately 0.317 while retaining continuum domination as open",D-A021-PRODUCT-PREFACTOR-BUNCHING
2026-08-20T00:24:47.819601+00:00,created,research_program/article_A021_liebig_graph/product_prefactor_bunching_assessment.md,,1e41ec268782cf732f555dcdd5a0f7aeceeb88b7e3735e24480a080cce6e2ba0,,3171,"Proceed to the next feasible Option-C step by computing induced-sup-norm binding stable-complement powers and slack semigroup norms across refinements, obtaining direct prefactor-aware finite-discrete product bunching q35 approximately 0.317 while retaining continuum domination as open",D-A021-PRODUCT-PREFACTOR-BUNCHING
2026-08-20T00:24:47.819601+00:00,modified,research_program/computational_objects.csv,48898a3d47c00f13f2b86524430017a9415ba62a16019b6e1a6bda33da257b27,1f3314b650c34f206eb72711f7ce4b439cb584379bd292e3187d1fe9681aba45,5627,5853,"Proceed to the next feasible Option-C step by computing induced-sup-norm binding stable-complement powers and slack semigroup norms across refinements, obtaining direct prefactor-aware finite-discrete product bunching q35 approximately 0.317 while retaining continuum domination as open",D-A021-PRODUCT-PREFACTOR-BUNCHING
2026-08-20T00:24:47.819601+00:00,modified,research_program/external_reviews/recommendation_reconciliation_all_logged.csv,5a063b546e1152dd78d9f785cda8203d0b5783132f7a0c4e06bdb0a582956224,d7e8b0787c99c77fe3e425fdb72b81744b2247fcd329db4c7e4afd8e46646417,158384,158641,"Proceed to the next feasible Option-C step by computing induced-sup-norm binding stable-complement powers and slack semigroup norms across refinements, obtaining direct prefactor-aware finite-discrete product bunching q35 approximately 0.317 while retaining continuum domination as open",D-A021-PRODUCT-PREFACTOR-BUNCHING
2026-08-20T00:33:36.391554+00:00,modified,research_program/action_register.csv,65ad11826dabe01d788e7d059b32d3f97cf538642e361d6167a6e16b69ca6be1,d7f5b126518d645a51ff64ac9a06e1f9536cf561a2203be4ccbc2903fd37dac4,153411,153983,"Refine the most feasible remaining domination step with slack semigroup history resolutions 100, 200, and 400, extrapolating direct product operator-norm bunching q30 approximately 0.952, q35 approximately 0.338, and q40 approximately 0.116, and update only the caveated numerical manuscript status",D-A021-PREFACTOR-REFINEMENT
2026-08-20T00:33:36.391554+00:00,modified,research_program/action_register.md,68300f46b73a64a8c9737674bbf71f4d1430f73baec52c52eea0de423d629c1c,407997a78f0aab7fb24086af65392b5932d8cb1074bbbad2796e91843c78bfc0,197943,198604,"Refine the most feasible remaining domination step with slack semigroup history resolutions 100, 200, and 400, extrapolating direct product operator-norm bunching q30 approximately 0.952, q35 approximately 0.338, and q40 approximately 0.116, and update only the caveated numerical manuscript status",D-A021-PREFACTOR-REFINEMENT
2026-08-20T00:33:36.391554+00:00,created,research_program/article_A021_liebig_graph/computations/c4_slack_semigroup_convergence_extrapolation.json,,38834b70496055a3c1bfad217c6c27191d009f5278e7c3a8e5b0fbf0b256053a,,863,"Refine the most feasible remaining domination step with slack semigroup history resolutions 100, 200, and 400, extrapolating direct product operator-norm bunching q30 approximately 0.952, q35 approximately 0.338, and q40 approximately 0.116, and update only the caveated numerical manuscript status",D-A021-PREFACTOR-REFINEMENT
2026-08-20T00:33:36.391554+00:00,created,research_program/article_A021_liebig_graph/computations/c4_slack_semigroup_m200.json,,5df2704f40e4f4e5b442efcae70d37bfa2fa5b405857ed34a051508e11006505,,455,"Refine the most feasible remaining domination step with slack semigroup history resolutions 100, 200, and 400, extrapolating direct product operator-norm bunching q30 approximately 0.952, q35 approximately 0.338, and q40 approximately 0.116, and update only the caveated numerical manuscript status",D-A021-PREFACTOR-REFINEMENT
2026-08-20T00:33:36.391554+00:00,created,research_program/article_A021_liebig_graph/computations/c4_slack_semigroup_m400.json,,bd516eee5dbe7da5f625d84bdd90e9f1c852ecf0225d72f3a1999b00bc22e32a,,455,"Refine the most feasible remaining domination step with slack semigroup history resolutions 100, 200, and 400, extrapolating direct product operator-norm bunching q30 approximately 0.952, q35 approximately 0.338, and q40 approximately 0.116, and update only the caveated numerical manuscript status",D-A021-PREFACTOR-REFINEMENT
2026-08-20T00:33:36.391554+00:00,modified,research_program/article_A021_liebig_graph/product_prefactor_bunching_assessment.md,1e41ec268782cf732f555dcdd5a0f7aeceeb88b7e3735e24480a080cce6e2ba0,74537c1cbd2986882393bc3a6115630341104aa7c0fbf7c1891ed55789841300,3171,3460,"Refine the most feasible remaining domination step with slack semigroup history resolutions 100, 200, and 400, extrapolating direct product operator-norm bunching q30 approximately 0.952, q35 approximately 0.338, and q40 approximately 0.116, and update only the caveated numerical manuscript status",D-A021-PREFACTOR-REFINEMENT
2026-08-20T00:33:36.391554+00:00,modified,research_program/computational_objects.csv,1f3314b650c34f206eb72711f7ce4b439cb584379bd292e3187d1fe9681aba45,57d7d3f9450ab93bbe6d5b894c8e47cfb134f66713c28abbca8c5dd0bb6b32e6,5853,6064,"Refine the most feasible remaining domination step with slack semigroup history resolutions 100, 200, and 400, extrapolating direct product operator-norm bunching q30 approximately 0.952, q35 approximately 0.338, and q40 approximately 0.116, and update only the caveated numerical manuscript status",D-A021-PREFACTOR-REFINEMENT
2026-08-20T00:33:36.391554+00:00,modified,research_program/external_reviews/recommendation_reconciliation_all_logged.csv,d7e8b0787c99c77fe3e425fdb72b81744b2247fcd329db4c7e4afd8e46646417,e09c935310f35fa0bcca02292bcf60247f34f4005d4d418dccc1c95291bd41a2,158641,158932,"Refine the most feasible remaining domination step with slack semigroup history resolutions 100, 200, and 400, extrapolating direct product operator-norm bunching q30 approximately 0.952, q35 approximately 0.338, and q40 approximately 0.116, and update only the caveated numerical manuscript status",D-A021-PREFACTOR-REFINEMENT
2026-08-20T00:33:36.391554+00:00,modified,revised_articles/A021_liebig_graph_corrected.tex,806ad85c79eeac7d8ad5130102710d1842c5448a4ac8291daeb418187c902cb0,d3cef15cdcf7caf36d249a2db4f09cd24cd4c0315e99c778ded2c03f94e8a644,24113,24487,"Refine the most feasible remaining domination step with slack semigroup history resolutions 100, 200, and 400, extrapolating direct product operator-norm bunching q30 approximately 0.952, q35 approximately 0.338, and q40 approximately 0.116, and update only the caveated numerical manuscript status",D-A021-PREFACTOR-REFINEMENT
2026-08-20T00:41:22.479624+00:00,modified,research_program/action_register.csv,d7f5b126518d645a51ff64ac9a06e1f9536cf561a2203be4ccbc2903fd37dac4,54e0f7c9dd9457d3627a93079f80a7158dbac455bc9b1643ff14a01ec20ad995,153983,154555,"Register and adjudicate ER030: retain its modular validation roadmap and conditional geometric arguments while rejecting fabricated continuum-error constants, the nonexistent binding N=400 computation, nonnormality omission, circular projections, incomplete graph transform, and unconditional theorem claim",ER030-RECEIVED
2026-08-20T00:41:22.479624+00:00,modified,research_program/action_register.md,407997a78f0aab7fb24086af65392b5932d8cb1074bbbad2796e91843c78bfc0,ebb2a5ed78ae3932fe16af5627e5aead50034ca73cdc47b897e708f85c6f3bdd,198604,199273,"Register and adjudicate ER030: retain its modular validation roadmap and conditional geometric arguments while rejecting fabricated continuum-error constants, the nonexistent binding N=400 computation, nonnormality omission, circular projections, incomplete graph transform, and unconditional theorem claim",ER030-RECEIVED
2026-08-20T00:41:22.479624+00:00,modified,research_program/external_review_registry.csv,5ca6bbfc4ad2ed998d148680a12b49f520066cf5857868866a5699390e9cda27,ff085492cd4a12031325d4c8a105fecd5e3555c9b2dd50d65eff6d9079c5be4e,17409,18015,"Register and adjudicate ER030: retain its modular validation roadmap and conditional geometric arguments while rejecting fabricated continuum-error constants, the nonexistent binding N=400 computation, nonnormality omission, circular projections, incomplete graph transform, and unconditional theorem claim",ER030-RECEIVED
2026-08-20T00:41:22.479624+00:00,created,research_program/external_reviews/ER030_A021_C4_operator_enclosure_graph_transform/normalized_capture.md,,a5459c311414c4b04afa024f9cdb50e7be248426f8cc09f6d4d85750370fac0b,,1200,"Register and adjudicate ER030: retain its modular validation roadmap and conditional geometric arguments while rejecting fabricated continuum-error constants, the nonexistent binding N=400 computation, nonnormality omission, circular projections, incomplete graph transform, and unconditional theorem claim",ER030-RECEIVED
2026-08-20T00:41:22.479624+00:00,created,research_program/external_reviews/ER030_A021_C4_operator_enclosure_graph_transform/point_inventory.md,,01613e8ee7259dad5bce35f6962c857b7bbd3beb9f52fcfa4211bd50604d66f4,,4920,"Register and adjudicate ER030: retain its modular validation roadmap and conditional geometric arguments while rejecting fabricated continuum-error constants, the nonexistent binding N=400 computation, nonnormality omission, circular projections, incomplete graph transform, and unconditional theorem claim",ER030-RECEIVED
2026-08-20T00:41:22.479624+00:00,modified,research_program/external_reviews/recommendation_reconciliation_all_logged.csv,e09c935310f35fa0bcca02292bcf60247f34f4005d4d418dccc1c95291bd41a2,1e8bbc6332b9dfbcbff4c301e7671fe9830245cb631ab60b8e0badcdd3a99996,158932,159201,"Register and adjudicate ER030: retain its modular validation roadmap and conditional geometric arguments while rejecting fabricated continuum-error constants, the nonexistent binding N=400 computation, nonnormality omission, circular projections, incomplete graph transform, and unconditional theorem claim",ER030-RECEIVED
2026-08-20T00:43:51.064244+00:00,modified,research_program/action_register.csv,54e0f7c9dd9457d3627a93079f80a7158dbac455bc9b1643ff14a01ec20ad995,2ac1c088c5ddf9aa7e1307cd3563fb37f527a4a664af52306d9ffd16f45162e5,154555,155035,"Register and adjudicate ER031; retain its operator-product and graph-transform roadmap, correct DT(0) and superseded passport/slack claims, and record that its numerical bunching remark is already implemented while continuum validation remains next",ER031-RECEIVED
2026-08-20T00:43:51.064244+00:00,modified,research_program/action_register.md,ebb2a5ed78ae3932fe16af5627e5aead50034ca73cdc47b897e708f85c6f3bdd,1e8459ca069a635f3565cb64b5956cb8802842e644452d032ba0d8fe6003fb70,199273,199852,"Register and adjudicate ER031; retain its operator-product and graph-transform roadmap, correct DT(0) and superseded passport/slack claims, and record that its numerical bunching remark is already implemented while continuum validation remains next",ER031-RECEIVED
2026-08-20T00:43:51.064244+00:00,modified,research_program/external_review_registry.csv,ff085492cd4a12031325d4c8a105fecd5e3555c9b2dd50d65eff6d9079c5be4e,c70dd56d2c2f510d870deaf5c59f00cdaf2dd64f5591b5b2b89f938d3d0ef9dc,18015,18573,"Register and adjudicate ER031; retain its operator-product and graph-transform roadmap, correct DT(0) and superseded passport/slack claims, and record that its numerical bunching remark is already implemented while continuum validation remains next",ER031-RECEIVED
2026-08-20T00:43:51.064244+00:00,created,research_program/external_reviews/ER031_A021_product_bunching_proof_roadmap/normalized_capture.md,,faccd8284c837774eed976ca1e65f37ed7351592b6dc08b5010666dfd831eab3,,889,"Register and adjudicate ER031; retain its operator-product and graph-transform roadmap, correct DT(0) and superseded passport/slack claims, and record that its numerical bunching remark is already implemented while continuum validation remains next",ER031-RECEIVED
2026-08-20T00:43:51.064244+00:00,created,research_program/external_reviews/ER031_A021_product_bunching_proof_roadmap/point_inventory.md,,0ced05b05cdfe12e78d29d10c04c3a9600e49b99274df285eaf3db4d410a2e5d,,2577,"Register and adjudicate ER031; retain its operator-product and graph-transform roadmap, correct DT(0) and superseded passport/slack claims, and record that its numerical bunching remark is already implemented while continuum validation remains next",ER031-RECEIVED
2026-08-20T00:43:51.064244+00:00,modified,research_program/external_reviews/recommendation_reconciliation_all_logged.csv,1e8bbc6332b9dfbcbff4c301e7671fe9830245cb631ab60b8e0badcdd3a99996,f01d28f5e93d3157d25fca78d1648ad04bb9c9a67a9e60f21f6d9417398899c6,159201,159437,"Register and adjudicate ER031; retain its operator-product and graph-transform roadmap, correct DT(0) and superseded passport/slack claims, and record that its numerical bunching remark is already implemented while continuum validation remains next",ER031-RECEIVED
2026-08-20T00:48:10.438220+00:00,modified,research_program/action_register.csv,2ac1c088c5ddf9aa7e1307cd3563fb37f527a4a664af52306d9ffd16f45162e5,00fad7e5262678894c60eca510ff50940142d9d6e730aacdc8299a9385d00325,155035,155722,"Proceed to the validated-numerics stage by constructing a phase-corrected 1025-mode Fourier seed for the C4 tau=4.5 orbit, reducing the spectral residual to 6.8e-6, and specifying the radii-polynomial orbit, Floquet, slack, projection, and continuum-bunching acceptance tests without inventing error bounds",D-A021-CAP-SPECIFICATION
2026-08-20T00:48:10.438220+00:00,modified,research_program/action_register.md,1e8459ca069a635f3565cb64b5956cb8802842e644452d032ba0d8fe6003fb70,428c9ccbc3a94c7d6dc062e438bbcdeab6ae5615bcc4c7e58f9f5855b66ec546,199852,200630,"Proceed to the validated-numerics stage by constructing a phase-corrected 1025-mode Fourier seed for the C4 tau=4.5 orbit, reducing the spectral residual to 6.8e-6, and specifying the radii-polynomial orbit, Floquet, slack, projection, and continuum-bunching acceptance tests without inventing error bounds",D-A021-CAP-SPECIFICATION
2026-08-20T00:48:10.438220+00:00,created,research_program/article_A021_liebig_graph/c4_validated_numerics_specification.md,,c8e689f24d8b018f7efd1463b0b0f22c32f364cd95c2d9aff15254767e9173bf,,6110,"Proceed to the validated-numerics stage by constructing a phase-corrected 1025-mode Fourier seed for the C4 tau=4.5 orbit, reducing the spectral residual to 6.8e-6, and specifying the radii-polynomial orbit, Floquet, slack, projection, and continuum-bunching acceptance tests without inventing error bounds",D-A021-CAP-SPECIFICATION
2026-08-20T00:48:10.438220+00:00,created,research_program/article_A021_liebig_graph/computations/c4_tau4p5_cap_seed.json,,2491ca9c6c8b4d216bb57ac75a77e6fef406203a6ee46c8a84fa2c3f9c81dcc8,,554,"Proceed to the validated-numerics stage by constructing a phase-corrected 1025-mode Fourier seed for the C4 tau=4.5 orbit, reducing the spectral residual to 6.8e-6, and specifying the radii-polynomial orbit, Floquet, slack, projection, and continuum-bunching acceptance tests without inventing error bounds",D-A021-CAP-SPECIFICATION
2026-08-20T00:48:10.438220+00:00,created,research_program/article_A021_liebig_graph/computations/c4_tau4p5_cap_seed.npz,,51f5ebefe07240e64087e373ada8fe3fd11df1cdb83d7c6c3363df98f7640df8,,65574,"Proceed to the validated-numerics stage by constructing a phase-corrected 1025-mode Fourier seed for the C4 tau=4.5 orbit, reducing the spectral residual to 6.8e-6, and specifying the radii-polynomial orbit, Floquet, slack, projection, and continuum-bunching acceptance tests without inventing error bounds",D-A021-CAP-SPECIFICATION
2026-08-20T00:48:10.438220+00:00,created,research_program/article_A021_liebig_graph/computations/prepare_c4_cap_seed.py,,cd3eb29c30ec450ef10db5714876b78838b6648b8280ae5d5bfb9e8909ff4dcc,,2118,"Proceed to the validated-numerics stage by constructing a phase-corrected 1025-mode Fourier seed for the C4 tau=4.5 orbit, reducing the spectral residual to 6.8e-6, and specifying the radii-polynomial orbit, Floquet, slack, projection, and continuum-bunching acceptance tests without inventing error bounds",D-A021-CAP-SPECIFICATION
2026-08-20T00:48:10.438220+00:00,modified,research_program/computational_objects.csv,57d7d3f9450ab93bbe6d5b894c8e47cfb134f66713c28abbca8c5dd0bb6b32e6,1ddf012ccdf13e57d580b671df6679b4eb18006524a225e86de523ea3ecae8e3,6064,6265,"Proceed to the validated-numerics stage by constructing a phase-corrected 1025-mode Fourier seed for the C4 tau=4.5 orbit, reducing the spectral residual to 6.8e-6, and specifying the radii-polynomial orbit, Floquet, slack, projection, and continuum-bunching acceptance tests without inventing error bounds",D-A021-CAP-SPECIFICATION
2026-08-20T00:48:10.438220+00:00,modified,research_program/external_reviews/recommendation_reconciliation_all_logged.csv,f01d28f5e93d3157d25fca78d1648ad04bb9c9a67a9e60f21f6d9417398899c6,f1a055b621c559f3bb7e8988c53ac90493ce72c28c91bbb15933f06da134c837,159437,159746,"Proceed to the validated-numerics stage by constructing a phase-corrected 1025-mode Fourier seed for the C4 tau=4.5 orbit, reducing the spectral residual to 6.8e-6, and specifying the radii-polynomial orbit, Floquet, slack, projection, and continuum-bunching acceptance tests without inventing error bounds",D-A021-CAP-SPECIFICATION
2026-08-20T00:53:05.780062+00:00,modified,research_program/action_register.csv,00fad7e5262678894c60eca510ff50940142d9d6e730aacdc8299a9385d00325,e3296965e05e8fb4054e7f296c3bee717575d4374a5bd3dcc0caf7db0d8ff716,155722,156528,"Receive ER032 and jointly adjudicate ER031-ER032: retain their operator-product and graph-transform roadmap, correct superseded passport/slack/Mc claims, make no new manuscript change, and keep validated-numerics execution as the controlling next step",D-A021-JOINT-10
2026-08-20T00:53:05.780062+00:00,modified,research_program/action_register.md,428c9ccbc3a94c7d6dc062e438bbcdeab6ae5615bcc4c7e58f9f5855b66ec546,c78b3ceb223e7d6b819d4632226a0a1089519c8f596ede5fc0b46ed7a3f44bc1,200630,201625,"Receive ER032 and jointly adjudicate ER031-ER032: retain their operator-product and graph-transform roadmap, correct superseded passport/slack/Mc claims, make no new manuscript change, and keep validated-numerics execution as the controlling next step",D-A021-JOINT-10
2026-08-20T00:53:05.780062+00:00,modified,research_program/external_review_registry.csv,c70dd56d2c2f510d870deaf5c59f00cdaf2dd64f5591b5b2b89f938d3d0ef9dc,debec71aa702bbbc6ed167789f2f751f503f447efaf40c8ed8e7af6e7acf18cd,18573,19038,"Receive ER032 and jointly adjudicate ER031-ER032: retain their operator-product and graph-transform roadmap, correct superseded passport/slack/Mc claims, make no new manuscript change, and keep validated-numerics execution as the controlling next step",D-A021-JOINT-10
2026-08-20T00:53:05.780062+00:00,created,research_program/external_reviews/ER032_A021_product_bunching_proof_parallel_2/normalized_capture.md,,1f748cccab85b9394437a51a8ff1c14844bb51ca0a941f2114f121deae6478a5,,910,"Receive ER032 and jointly adjudicate ER031-ER032: retain their operator-product and graph-transform roadmap, correct superseded passport/slack/Mc claims, make no new manuscript change, and keep validated-numerics execution as the controlling next step",D-A021-JOINT-10
2026-08-20T00:53:05.780062+00:00,created,research_program/external_reviews/ER032_A021_product_bunching_proof_parallel_2/point_inventory.md,,5b56946f700c32e7437a68df6439c381c9082880e135cfec12ec94593bbb1683,,2085,"Receive ER032 and jointly adjudicate ER031-ER032: retain their operator-product and graph-transform roadmap, correct superseded passport/slack/Mc claims, make no new manuscript change, and keep validated-numerics execution as the controlling next step",D-A021-JOINT-10
2026-08-20T00:53:05.780062+00:00,created,research_program/external_reviews/joint_audit_A021_prefactor_proof_ER031_ER032.md,,9785b07dc543cb1a64e8255c20b4396d124561e9f563bdb674eb2bc1c45294f4,,1415,"Receive ER032 and jointly adjudicate ER031-ER032: retain their operator-product and graph-transform roadmap, correct superseded passport/slack/Mc claims, make no new manuscript change, and keep validated-numerics execution as the controlling next step",D-A021-JOINT-10
2026-08-20T00:53:05.780062+00:00,modified,research_program/external_reviews/recommendation_reconciliation_all_logged.csv,f1a055b621c559f3bb7e8988c53ac90493ce72c28c91bbb15933f06da134c837,a4da75dae9d856850000dca92a26400f1b7f3579e21c682da09b8093d10c5ce2,159746,160126,"Receive ER032 and jointly adjudicate ER031-ER032: retain their operator-product and graph-transform roadmap, correct superseded passport/slack/Mc claims, make no new manuscript change, and keep validated-numerics execution as the controlling next step",D-A021-JOINT-10
2026-08-20T00:56:53.702561+00:00,modified,research_program/action_register.csv,e3296965e05e8fb4054e7f296c3bee717575d4374a5bd3dcc0caf7db0d8ff716,abbd2bbf29b4ad8f48879ccccb2d0a78d3d21bf6ffb093e8a91b3a582e0196d7,156528,157015,"Register and adjudicate ER033: retain its continuum-error/no-promotion caution while rejecting its reading of 30/35/40 as years, binding/slack grid conflation, invalid Ms(T) calculation, and outdated period/branch/floor claims",ER033-RECEIVED
2026-08-20T00:56:53.702561+00:00,modified,research_program/action_register.md,c78b3ceb223e7d6b819d4632226a0a1089519c8f596ede5fc0b46ed7a3f44bc1,5d19b5f76e9199cae789003838c70210bd28ca36aad41d47d83397153b1ccdfa,201625,202209,"Register and adjudicate ER033: retain its continuum-error/no-promotion caution while rejecting its reading of 30/35/40 as years, binding/slack grid conflation, invalid Ms(T) calculation, and outdated period/branch/floor claims",ER033-RECEIVED
2026-08-20T00:56:53.702561+00:00,modified,research_program/external_review_registry.csv,debec71aa702bbbc6ed167789f2f751f503f447efaf40c8ed8e7af6e7acf18cd,4e5abfc74e57e35418250fc7888b8cfaf4a286f40b79f9f69c0fb277f9393af5,19038,19596,"Register and adjudicate ER033: retain its continuum-error/no-promotion caution while rejecting its reading of 30/35/40 as years, binding/slack grid conflation, invalid Ms(T) calculation, and outdated period/branch/floor claims",ER033-RECEIVED
2026-08-20T00:56:53.702561+00:00,created,research_program/external_reviews/ER033_A021_discrete_domination_consistency/normalized_capture.md,,70dd1430041a2fcd0970d98b333461eff4c8165f2e4d1595714d6ace2213e066,,776,"Register and adjudicate ER033: retain its continuum-error/no-promotion caution while rejecting its reading of 30/35/40 as years, binding/slack grid conflation, invalid Ms(T) calculation, and outdated period/branch/floor claims",ER033-RECEIVED
2026-08-20T00:56:53.702561+00:00,created,research_program/external_reviews/ER033_A021_discrete_domination_consistency/point_inventory.md,,98c9b2f908defb5727c40d126d1a105d4f1b7bafc0f56b52d81347116815ac79,,2931,"Register and adjudicate ER033: retain its continuum-error/no-promotion caution while rejecting its reading of 30/35/40 as years, binding/slack grid conflation, invalid Ms(T) calculation, and outdated period/branch/floor claims",ER033-RECEIVED
2026-08-20T00:56:53.702561+00:00,modified,research_program/external_reviews/recommendation_reconciliation_all_logged.csv,a4da75dae9d856850000dca92a26400f1b7f3579e21c682da09b8093d10c5ce2,87ecf91dc125a9e58bd663c1f8b6b9b2b5f5f8a15691693a805958605fe0f6ce,160126,160383,"Register and adjudicate ER033: retain its continuum-error/no-promotion caution while rejecting its reading of 30/35/40 as years, binding/slack grid conflation, invalid Ms(T) calculation, and outdated period/branch/floor claims",ER033-RECEIVED
2026-08-20T01:00:53.755353+00:00,modified,research_program/action_register.csv,abbd2bbf29b4ad8f48879ccccb2d0a78d3d21bf6ffb093e8a91b3a582e0196d7,416970c6a36a91ea9e3a01ea404f14ee05c5520cafacf89727bb638e47e602d6,157015,157677,"Receive ER034 as the first of two CAP-specification audits, preserve its execution approval and non-promotion decision, flag floor-functional, binding-prefactor, slack, bunching, coupling-norm, and seed-clearance wording, and defer implementation",ER034-RECEIVED
2026-08-20T01:00:53.755353+00:00,modified,research_program/action_register.md,5d19b5f76e9199cae789003838c70210bd28ca36aad41d47d83397153b1ccdfa,972d6349ad5c978fef68a8be5516f0940d1a8c1b827d1304e9bea5bc7e4bb450,202209,203031,"Receive ER034 as the first of two CAP-specification audits, preserve its execution approval and non-promotion decision, flag floor-functional, binding-prefactor, slack, bunching, coupling-norm, and seed-clearance wording, and defer implementation",ER034-RECEIVED
2026-08-20T01:00:53.755353+00:00,modified,research_program/external_review_registry.csv,4e5abfc74e57e35418250fc7888b8cfaf4a286f40b79f9f69c0fb277f9393af5,7010f6a5803fd9554935bb64b73edfe4d02e34518030124fed0ebdaf67a2ae8f,19596,20132,"Receive ER034 as the first of two CAP-specification audits, preserve its execution approval and non-promotion decision, flag floor-functional, binding-prefactor, slack, bunching, coupling-norm, and seed-clearance wording, and defer implementation",ER034-RECEIVED
2026-08-20T01:00:53.755353+00:00,created,research_program/external_reviews/ER034_A021_CAP_spec_parallel_1/normalized_capture.md,,e79f670cd5a82f629b3d22839e902000df3a8fd7ff7c09664cf19b0d0c648b79,,777,"Receive ER034 as the first of two CAP-specification audits, preserve its execution approval and non-promotion decision, flag floor-functional, binding-prefactor, slack, bunching, coupling-norm, and seed-clearance wording, and defer implementation",ER034-RECEIVED
2026-08-20T01:00:53.755353+00:00,created,research_program/external_reviews/ER034_A021_CAP_spec_parallel_1/point_inventory.md,,f3d633b4c27d0d464e0157abe8c7c8be40ee5b1109c898e0fe0c3fddc39add69,,2050,"Receive ER034 as the first of two CAP-specification audits, preserve its execution approval and non-promotion decision, flag floor-functional, binding-prefactor, slack, bunching, coupling-norm, and seed-clearance wording, and defer implementation",ER034-RECEIVED
2026-08-20T01:00:53.755353+00:00,modified,research_program/external_reviews/recommendation_reconciliation_all_logged.csv,87ecf91dc125a9e58bd663c1f8b6b9b2b5f5f8a15691693a805958605fe0f6ce,ddcb917542087d10d2128b04c860ef440d8cbd657c1c59a506400742d225d41c,160383,160776,"Receive ER034 as the first of two CAP-specification audits, preserve its execution approval and non-promotion decision, flag floor-functional, binding-prefactor, slack, bunching, coupling-norm, and seed-clearance wording, and defer implementation",ER034-RECEIVED
2026-08-20T01:05:46.379580+00:00,modified,research_program/action_register.csv,416970c6a36a91ea9e3a01ea404f14ee05c5520cafacf89727bb638e47e602d6,e3622d83733ed6e25e45f1379272db9c22478491ebff1ec86d8cb1dab4ff5e8d,157677,158928,"Jointly adjudicate ER034-ER035 and implement only the approved seed/specification status: phase-corrected period, residuals, numerical floor margin, and five-module CAP plan, with outward-rounded execution and theorem promotion explicitly pending",I-A021-CAP-STATUS
2026-08-20T01:05:46.379580+00:00,modified,research_program/action_register.md,972d6349ad5c978fef68a8be5516f0940d1a8c1b827d1304e9bea5bc7e4bb450,0695e56d0b8f2ab3ad826f57c7d6b7d9b0862469c68290ca5e7680acbb48ee16,203031,204588,"Jointly adjudicate ER034-ER035 and implement only the approved seed/specification status: phase-corrected period, residuals, numerical floor margin, and five-module CAP plan, with outward-rounded execution and theorem promotion explicitly pending",I-A021-CAP-STATUS
2026-08-20T01:05:46.379580+00:00,modified,research_program/article_correction_implementation_ledger.csv,684cf6c601f2da5655147ddc07b7f318c932ae68cbc69c6c4264e2edfd84e273,bf41d770806afb6e9d89044d755b20b337e56af6ab890cf9953f76f258e7af5e,8433,8516,"Jointly adjudicate ER034-ER035 and implement only the approved seed/specification status: phase-corrected period, residuals, numerical floor margin, and five-module CAP plan, with outward-rounded execution and theorem promotion explicitly pending",I-A021-CAP-STATUS
2026-08-20T01:05:46.379580+00:00,modified,research_program/external_review_registry.csv,7010f6a5803fd9554935bb64b73edfe4d02e34518030124fed0ebdaf67a2ae8f,be2b37b85ddcf782467f2fff44c7169f13b2de85a6bfcf2bf0c295cba3417c0f,20132,20605,"Jointly adjudicate ER034-ER035 and implement only the approved seed/specification status: phase-corrected period, residuals, numerical floor margin, and five-module CAP plan, with outward-rounded execution and theorem promotion explicitly pending",I-A021-CAP-STATUS
2026-08-20T01:05:46.379580+00:00,created,research_program/external_reviews/ER035_A021_CAP_spec_parallel_2/normalized_capture.md,,1e8034c7b3e5b574d4abdff5f01d0c9c644126f72abe2a0b22d14e832cfaef1a,,746,"Jointly adjudicate ER034-ER035 and implement only the approved seed/specification status: phase-corrected period, residuals, numerical floor margin, and five-module CAP plan, with outward-rounded execution and theorem promotion explicitly pending",I-A021-CAP-STATUS
2026-08-20T01:05:46.379580+00:00,created,research_program/external_reviews/ER035_A021_CAP_spec_parallel_2/point_inventory.md,,21fa09b432ba81d84f6d37f4e0a9e807cf557c88eefe5acca7caf608a3d47a21,,1688,"Jointly adjudicate ER034-ER035 and implement only the approved seed/specification status: phase-corrected period, residuals, numerical floor margin, and five-module CAP plan, with outward-rounded execution and theorem promotion explicitly pending",I-A021-CAP-STATUS
2026-08-20T01:05:46.379580+00:00,created,research_program/external_reviews/joint_audit_A021_CAP_spec_ER034_ER035.md,,532e51e9861c9a5d9b39288fe0ee0e57e39dddab98aaa64b9ae5131220f01672,,1382,"Jointly adjudicate ER034-ER035 and implement only the approved seed/specification status: phase-corrected period, residuals, numerical floor margin, and five-module CAP plan, with outward-rounded execution and theorem promotion explicitly pending",I-A021-CAP-STATUS
2026-08-20T01:05:46.379580+00:00,modified,research_program/external_reviews/recommendation_reconciliation_all_logged.csv,ddcb917542087d10d2128b04c860ef440d8cbd657c1c59a506400742d225d41c,87e6ee9d8351d3fd7a51af3c094ad6eb7326f4399b03545012656cb4aef36040,160776,161412,"Jointly adjudicate ER034-ER035 and implement only the approved seed/specification status: phase-corrected period, residuals, numerical floor margin, and five-module CAP plan, with outward-rounded execution and theorem promotion explicitly pending",I-A021-CAP-STATUS
2026-08-20T01:05:46.379580+00:00,modified,research_program/mathematical_error_register.md,01fec98c4789b5509f1a3c487cf21267f5593503fbbb6ba200b1e7a5e7e11555,2b32a94c77286f61b51022d70a97274a7c39dab5028ff26f2c5e416d48fbcd9e,25770,26014,"Jointly adjudicate ER034-ER035 and implement only the approved seed/specification status: phase-corrected period, residuals, numerical floor margin, and five-module CAP plan, with outward-rounded execution and theorem promotion explicitly pending",I-A021-CAP-STATUS
2026-08-20T01:05:46.379580+00:00,modified,revised_articles/A021_liebig_graph_corrected.tex,d3cef15cdcf7caf36d249a2db4f09cd24cd4c0315e99c778ded2c03f94e8a644,f9c12ae626ea3595411046d8f1682d702e4281f18816c262c0de678efd7cb419,24487,25634,"Jointly adjudicate ER034-ER035 and implement only the approved seed/specification status: phase-corrected period, residuals, numerical floor margin, and five-module CAP plan, with outward-rounded execution and theorem promotion explicitly pending",I-A021-CAP-STATUS
2026-08-20T01:09:07.984004+00:00,modified,research_program/action_register.csv,e3622d83733ed6e25e45f1379272db9c22478491ebff1ec86d8cb1dab4ff5e8d,fd72db13ad338f14fe2020b4203d82fdf3378c60e83ecee99c3f89bb7d27191d,158928,159475,"Proceed with Module-1 CAP preparation by measuring Fourier decay, comparing K=40/60/80/100 residuals, rejecting noise-floor modes as tail evidence, and selecting K=80 with nu=1.05 for the first outward-rounded interval Newton attempt",D-A021-FOURIER-WEIGHT-SELECTION
2026-08-20T01:09:07.984004+00:00,modified,research_program/action_register.md,0695e56d0b8f2ab3ad826f57c7d6b7d9b0862469c68290ca5e7680acbb48ee16,b04af907519616d9e591d90cbd598dda5f3e85f5b34967f74dcc6c9cd13bf768,204588,205226,"Proceed with Module-1 CAP preparation by measuring Fourier decay, comparing K=40/60/80/100 residuals, rejecting noise-floor modes as tail evidence, and selecting K=80 with nu=1.05 for the first outward-rounded interval Newton attempt",D-A021-FOURIER-WEIGHT-SELECTION
2026-08-20T01:09:07.984004+00:00,created,research_program/article_A021_liebig_graph/computations/analyze_c4_fourier_seed.py,,ef20aa1ccd9224ffc6843a7cfe70dfca24d049a256ba7c9b87fd5a631e302e9c,,2255,"Proceed with Module-1 CAP preparation by measuring Fourier decay, comparing K=40/60/80/100 residuals, rejecting noise-floor modes as tail evidence, and selecting K=80 with nu=1.05 for the first outward-rounded interval Newton attempt",D-A021-FOURIER-WEIGHT-SELECTION
2026-08-20T01:09:07.984004+00:00,created,research_program/article_A021_liebig_graph/computations/c4_fourier_weight_diagnostics.json,,ffe658ea258a117daeec55f1e4a984cea98cef2401b34d94ee99c4a7ffbb1278,,6253,"Proceed with Module-1 CAP preparation by measuring Fourier decay, comparing K=40/60/80/100 residuals, rejecting noise-floor modes as tail evidence, and selecting K=80 with nu=1.05 for the first outward-rounded interval Newton attempt",D-A021-FOURIER-WEIGHT-SELECTION
2026-08-20T01:09:07.984004+00:00,created,research_program/article_A021_liebig_graph/fourier_weight_selection_assessment.md,,b47e7b13f230247c6c6fd3ca788ec6e76f898b40de6cd6c7fbbe0c3773aa7e80,,2355,"Proceed with Module-1 CAP preparation by measuring Fourier decay, comparing K=40/60/80/100 residuals, rejecting noise-floor modes as tail evidence, and selecting K=80 with nu=1.05 for the first outward-rounded interval Newton attempt",D-A021-FOURIER-WEIGHT-SELECTION
2026-08-20T01:09:07.984004+00:00,modified,research_program/computational_objects.csv,1ddf012ccdf13e57d580b671df6679b4eb18006524a225e86de523ea3ecae8e3,1b6f0aec8422e7ff4f2126f10487ed813e74afd9ee1eca93209583311e042082,6265,6441,"Proceed with Module-1 CAP preparation by measuring Fourier decay, comparing K=40/60/80/100 residuals, rejecting noise-floor modes as tail evidence, and selecting K=80 with nu=1.05 for the first outward-rounded interval Newton attempt",D-A021-FOURIER-WEIGHT-SELECTION
2026-08-20T01:09:07.984004+00:00,modified,research_program/external_reviews/recommendation_reconciliation_all_logged.csv,87e6ee9d8351d3fd7a51af3c094ad6eb7326f4399b03545012656cb4aef36040,a6d05e2c39219898e0618a1889a9cdf0fe5ae3a058a57c3cc4b04d18230c9fdf,161412,161678,"Proceed with Module-1 CAP preparation by measuring Fourier decay, comparing K=40/60/80/100 residuals, rejecting noise-floor modes as tail evidence, and selecting K=80 with nu=1.05 for the first outward-rounded interval Newton attempt",D-A021-FOURIER-WEIGHT-SELECTION
2026-08-20T01:15:26.036246+00:00,modified,research_program/action_register.csv,fd72db13ad338f14fe2020b4203d82fdf3378c60e83ecee99c3f89bb7d27191d,fcc78dba3b7bb72c68b639466dca2fc691bfe2a174df212951c5318962e6cc93,159475,160077,"Proceed with Module-1 execution by solving the phase-fixed K=80 Fourier collocation system, reducing the residual to 1.54e-10, correcting the period, and computing the finite Jacobian inverse norm/defect as the numerical preconditioner for outward-rounded radii-polynomial bounds",D-A021-FOURIER-NEWTON
2026-08-20T01:15:26.036246+00:00,modified,research_program/action_register.md,b04af907519616d9e591d90cbd598dda5f3e85f5b34967f74dcc6c9cd13bf768,c5f8a3cafa65a9578d0d2b5853e86f0cb3c662b3bc0cd92e92b94fef90fcaffa,205226,205921,"Proceed with Module-1 execution by solving the phase-fixed K=80 Fourier collocation system, reducing the residual to 1.54e-10, correcting the period, and computing the finite Jacobian inverse norm/defect as the numerical preconditioner for outward-rounded radii-polynomial bounds",D-A021-FOURIER-NEWTON
2026-08-20T01:15:26.036246+00:00,created,research_program/article_A021_liebig_graph/c4_fourier_newton_assessment.md,,0085d44401165d2e8e8f5e2e57f76e847878da5c8a3df9883a88b7cce8dbf439,,2862,"Proceed with Module-1 execution by solving the phase-fixed K=80 Fourier collocation system, reducing the residual to 1.54e-10, correcting the period, and computing the finite Jacobian inverse norm/defect as the numerical preconditioner for outward-rounded radii-polynomial bounds",D-A021-FOURIER-NEWTON
2026-08-20T01:15:26.036246+00:00,created,research_program/article_A021_liebig_graph/computations/c4_fourier_K80_newton.json,,002785efb59a611663c6ae57cd55b46a0bc33da0c380b0e7ee46e692f5db7758,,859,"Proceed with Module-1 execution by solving the phase-fixed K=80 Fourier collocation system, reducing the residual to 1.54e-10, correcting the period, and computing the finite Jacobian inverse norm/defect as the numerical preconditioner for outward-rounded radii-polynomial bounds",D-A021-FOURIER-NEWTON
2026-08-20T01:15:26.036246+00:00,created,research_program/article_A021_liebig_graph/computations/c4_fourier_K80_newton.npz,,b8af05e74ff853d6a112cf6131cab1bd58d7c9c76fe60fe8aa6fa029e407f17d,,562278,"Proceed with Module-1 execution by solving the phase-fixed K=80 Fourier collocation system, reducing the residual to 1.54e-10, correcting the period, and computing the finite Jacobian inverse norm/defect as the numerical preconditioner for outward-rounded radii-polynomial bounds",D-A021-FOURIER-NEWTON
2026-08-20T01:15:26.036246+00:00,created,research_program/article_A021_liebig_graph/computations/c4_fourier_newton.py,,c9df036ff15de4637014d053e94a983bfdde56042b390d69770e03be45e2b30d,,2952,"Proceed with Module-1 execution by solving the phase-fixed K=80 Fourier collocation system, reducing the residual to 1.54e-10, correcting the period, and computing the finite Jacobian inverse norm/defect as the numerical preconditioner for outward-rounded radii-polynomial bounds",D-A021-FOURIER-NEWTON
2026-08-20T01:15:26.036246+00:00,modified,research_program/computational_objects.csv,1b6f0aec8422e7ff4f2126f10487ed813e74afd9ee1eca93209583311e042082,a63f1d97e0e306eae8e332f09c4a1820a645a3d983ea6091ecd169dcdbc5e9f7,6441,6674,"Proceed with Module-1 execution by solving the phase-fixed K=80 Fourier collocation system, reducing the residual to 1.54e-10, correcting the period, and computing the finite Jacobian inverse norm/defect as the numerical preconditioner for outward-rounded radii-polynomial bounds",D-A021-FOURIER-NEWTON
2026-08-20T01:15:26.036246+00:00,modified,research_program/external_reviews/recommendation_reconciliation_all_logged.csv,a6d05e2c39219898e0618a1889a9cdf0fe5ae3a058a57c3cc4b04d18230c9fdf,393110e949cb4b87aeda02b5222b1c12de3668bfcc7691ac3049a4924b8ff2d7,161678,161952,"Proceed with Module-1 execution by solving the phase-fixed K=80 Fourier collocation system, reducing the residual to 1.54e-10, correcting the period, and computing the finite Jacobian inverse norm/defect as the numerical preconditioner for outward-rounded radii-polynomial bounds",D-A021-FOURIER-NEWTON
2026-08-20T01:18:08.636734+00:00,modified,research_program/action_register.csv,fcc78dba3b7bb72c68b639466dca2fc691bfe2a174df212951c5318962e6cc93,e9834d54fb988762c892e84d51c4f63031ced4e30a4e8d8dcdc990ea1e5b18ba,160077,160587,"Proceed with finite-block CAP feasibility by computing the K=80 Newton-preconditioned residual, inverse defect, and directional Jacobian-Lipschitz precursor, obtaining numerical Kantorovich h approximately 2.04e-5 while retaining interval Hessian and analytic tail as open",D-A021-KANTOROVICH-PRECURSOR
2026-08-20T01:18:08.636734+00:00,modified,research_program/action_register.md,c5f8a3cafa65a9578d0d2b5853e86f0cb3c662b3bc0cd92e92b94fef90fcaffa,b8c81e0cb6c1cba675a0244feb8e089a34de57080b7d1038353ffe52b099ef33,205921,206522,"Proceed with finite-block CAP feasibility by computing the K=80 Newton-preconditioned residual, inverse defect, and directional Jacobian-Lipschitz precursor, obtaining numerical Kantorovich h approximately 2.04e-5 while retaining interval Hessian and analytic tail as open",D-A021-KANTOROVICH-PRECURSOR
2026-08-20T01:18:08.636734+00:00,created,research_program/article_A021_liebig_graph/c4_kantorovich_precursor_assessment.md,,9683e6a6fe9de1ace7be5115a5c58b75372c52967a209f3ffb67936099b1b5d2,,2301,"Proceed with finite-block CAP feasibility by computing the K=80 Newton-preconditioned residual, inverse defect, and directional Jacobian-Lipschitz precursor, obtaining numerical Kantorovich h approximately 2.04e-5 while retaining interval Hessian and analytic tail as open",D-A021-KANTOROVICH-PRECURSOR
2026-08-20T01:18:08.636734+00:00,created,research_program/article_A021_liebig_graph/computations/c4_fourier_K80_kantorovich_precursor.json,,4f92bff7e21d38fe680d6f2915700c6155f1aea52c783a61af913ee7c790711b,,543,"Proceed with finite-block CAP feasibility by computing the K=80 Newton-preconditioned residual, inverse defect, and directional Jacobian-Lipschitz precursor, obtaining numerical Kantorovich h approximately 2.04e-5 while retaining interval Hessian and analytic tail as open",D-A021-KANTOROVICH-PRECURSOR
2026-08-20T01:18:08.636734+00:00,modified,research_program/article_A021_liebig_graph/computations/c4_fourier_K80_newton.json,002785efb59a611663c6ae57cd55b46a0bc33da0c380b0e7ee46e692f5db7758,605ddc8cbc6b89c7b0428e1e587a546e1fefb53e570eb72cb6ed542bf0ec2d71,859,744,"Proceed with finite-block CAP feasibility by computing the K=80 Newton-preconditioned residual, inverse defect, and directional Jacobian-Lipschitz precursor, obtaining numerical Kantorovich h approximately 2.04e-5 while retaining interval Hessian and analytic tail as open",D-A021-KANTOROVICH-PRECURSOR
2026-08-20T01:18:08.636734+00:00,created,research_program/article_A021_liebig_graph/computations/c4_fourier_kantorovich_precursor.py,,87c1f66a00883dcdfbe81e54f4b6516b8d1cb3539cc6d3d65597e75bd3f0e63d,,1947,"Proceed with finite-block CAP feasibility by computing the K=80 Newton-preconditioned residual, inverse defect, and directional Jacobian-Lipschitz precursor, obtaining numerical Kantorovich h approximately 2.04e-5 while retaining interval Hessian and analytic tail as open",D-A021-KANTOROVICH-PRECURSOR
2026-08-20T01:18:08.636734+00:00,modified,research_program/computational_objects.csv,a63f1d97e0e306eae8e332f09c4a1820a645a3d983ea6091ecd169dcdbc5e9f7,3f4c5b6887f5860f386f46baabbcda12107f19b2ddf1c46d9aefaff824b11d98,6674,6865,"Proceed with finite-block CAP feasibility by computing the K=80 Newton-preconditioned residual, inverse defect, and directional Jacobian-Lipschitz precursor, obtaining numerical Kantorovich h approximately 2.04e-5 while retaining interval Hessian and analytic tail as open",D-A021-KANTOROVICH-PRECURSOR
2026-08-20T01:18:08.636734+00:00,modified,research_program/external_reviews/recommendation_reconciliation_all_logged.csv,393110e949cb4b87aeda02b5222b1c12de3668bfcc7691ac3049a4924b8ff2d7,5f929cdbb149700e2fac16999bf72004e592a90ab25ff5ec23bbe656cda2bc09,161952,162207,"Proceed with finite-block CAP feasibility by computing the K=80 Newton-preconditioned residual, inverse defect, and directional Jacobian-Lipschitz precursor, obtaining numerical Kantorovich h approximately 2.04e-5 while retaining interval Hessian and analytic tail as open",D-A021-KANTOROVICH-PRECURSOR
2026-08-20T01:23:09.653700+00:00,modified,research_program/action_register.csv,e9834d54fb988762c892e84d51c4f63031ced4e30a4e8d8dcdc990ea1e5b18ba,9387c7c5615407dac301da2cf10ef4f50d41b8e48e4bc5d5f6ce7937f2001c29,160587,161201,"Continue Module-1 validation by computing outward interval C4 vector-field, Jacobian, Hessian, and floor bounds on a broad orbit box, deriving a conservative finite-collocation Hessian budget L<=2000 with Kantorovich margin below 4.8e-5, while retaining Fourier tail and interval linear algebra as open",D-A021-FINITE-INTERVAL-DERIVATIVES
2026-08-20T01:23:09.653700+00:00,modified,research_program/action_register.md,b8c81e0cb6c1cba675a0244feb8e089a34de57080b7d1038353ffe52b099ef33,dd167cc1a7d8927e5e07ff51ad2a8c23df49ca479e9ec4cd3d4e1bcff51b2571,206522,207227,"Continue Module-1 validation by computing outward interval C4 vector-field, Jacobian, Hessian, and floor bounds on a broad orbit box, deriving a conservative finite-collocation Hessian budget L<=2000 with Kantorovich margin below 4.8e-5, while retaining Fourier tail and interval linear algebra as open",D-A021-FINITE-INTERVAL-DERIVATIVES
2026-08-20T01:23:09.653700+00:00,created,research_program/article_A021_liebig_graph/c4_finite_block_interval_bound_assessment.md,,bb9caf6c529212386104ae62a66974a19fa97482f0590122fbdae76f2f96cdcd,,3023,"Continue Module-1 validation by computing outward interval C4 vector-field, Jacobian, Hessian, and floor bounds on a broad orbit box, deriving a conservative finite-collocation Hessian budget L<=2000 with Kantorovich margin below 4.8e-5, while retaining Fourier tail and interval linear algebra as open",D-A021-FINITE-INTERVAL-DERIVATIVES
2026-08-20T01:23:09.653700+00:00,created,research_program/article_A021_liebig_graph/computations/c4_interval_derivative_box.json,,f37bf0bd89486e0cef8dd868f0425b7f13d65666e9ea5653261bea9e129f0cd9,,1440,"Continue Module-1 validation by computing outward interval C4 vector-field, Jacobian, Hessian, and floor bounds on a broad orbit box, deriving a conservative finite-collocation Hessian budget L<=2000 with Kantorovich margin below 4.8e-5, while retaining Fourier tail and interval linear algebra as open",D-A021-FINITE-INTERVAL-DERIVATIVES
2026-08-20T01:23:09.653700+00:00,created,research_program/article_A021_liebig_graph/computations/c4_interval_derivative_box.py,,5bb22ec605effbcdf902986d132a8f0f29a1134355656a03d9f2576e1c797692,,3109,"Continue Module-1 validation by computing outward interval C4 vector-field, Jacobian, Hessian, and floor bounds on a broad orbit box, deriving a conservative finite-collocation Hessian budget L<=2000 with Kantorovich margin below 4.8e-5, while retaining Fourier tail and interval linear algebra as open",D-A021-FINITE-INTERVAL-DERIVATIVES
2026-08-20T01:23:09.653700+00:00,modified,research_program/computational_objects.csv,3f4c5b6887f5860f386f46baabbcda12107f19b2ddf1c46d9aefaff824b11d98,0da05d18e9205bc150ac3ea83a4f5f043d8ac59705ad3ced058231679ff0cbff,6865,7076,"Continue Module-1 validation by computing outward interval C4 vector-field, Jacobian, Hessian, and floor bounds on a broad orbit box, deriving a conservative finite-collocation Hessian budget L<=2000 with Kantorovich margin below 4.8e-5, while retaining Fourier tail and interval linear algebra as open",D-A021-FINITE-INTERVAL-DERIVATIVES
2026-08-20T01:23:09.653700+00:00,modified,research_program/external_reviews/recommendation_reconciliation_all_logged.csv,5f929cdbb149700e2fac16999bf72004e592a90ab25ff5ec23bbe656cda2bc09,1429eb21b93ed2e536fee7a7aa01ef85f64250a05fe1ffd0fbe0da28f8ed9b32,162207,162510,"Continue Module-1 validation by computing outward interval C4 vector-field, Jacobian, Hessian, and floor bounds on a broad orbit box, deriving a conservative finite-collocation Hessian budget L<=2000 with Kantorovich margin below 4.8e-5, while retaining Fourier tail and interval linear algebra as open",D-A021-FINITE-INTERVAL-DERIVATIVES
2026-08-20T01:25:42.244361+00:00,modified,research_program/action_register.csv,9387c7c5615407dac301da2cf10ef4f50d41b8e48e4bc5d5f6ce7937f2001c29,f4ea3bb127fc05ecf8ebec32aea68c3c43e1165c978b19a9a955117aa2de177a,161201,161788,"Continue CAP execution by bounding IEEE finite-matrix inverse/residual rounding for the K=80 system and defining conservative Fourier delay-shift norm targets over a period interval, isolating exact coefficient intervals and the infinite tail as the remaining Module-1 obstacles",D-A021-FINITE-ROUNDING-BOUNDS
2026-08-20T01:25:42.244361+00:00,modified,research_program/action_register.md,dd167cc1a7d8927e5e07ff51ad2a8c23df49ca479e9ec4cd3d4e1bcff51b2571,0e2c72bd3fdcacbb8544ca6880bc451852df7da16445a5d14e4fe7493f76c97a,207227,207907,"Continue CAP execution by bounding IEEE finite-matrix inverse/residual rounding for the K=80 system and defining conservative Fourier delay-shift norm targets over a period interval, isolating exact coefficient intervals and the infinite tail as the remaining Module-1 obstacles",D-A021-FINITE-ROUNDING-BOUNDS
2026-08-20T01:25:42.244361+00:00,created,research_program/article_A021_liebig_graph/c4_finite_linear_algebra_rounding_assessment.md,,7b8939093d7b75bfc556b1742832c42e7a4e4e00b2938c7f3e0d20360c54b32c,,2511,"Continue CAP execution by bounding IEEE finite-matrix inverse/residual rounding for the K=80 system and defining conservative Fourier delay-shift norm targets over a period interval, isolating exact coefficient intervals and the infinite tail as the remaining Module-1 obstacles",D-A021-FINITE-ROUNDING-BOUNDS
2026-08-20T01:25:42.244361+00:00,created,research_program/article_A021_liebig_graph/computations/c4_fourier_K80_rounding_bounds.json,,51398419b3e3d1b072125f85c0ffeb4f568d21ad44386adc32d99dde21405f1f,,544,"Continue CAP execution by bounding IEEE finite-matrix inverse/residual rounding for the K=80 system and defining conservative Fourier delay-shift norm targets over a period interval, isolating exact coefficient intervals and the infinite tail as the remaining Module-1 obstacles",D-A021-FINITE-ROUNDING-BOUNDS
2026-08-20T01:25:42.244361+00:00,modified,research_program/computational_objects.csv,0da05d18e9205bc150ac3ea83a4f5f043d8ac59705ad3ced058231679ff0cbff,32a8d8529a2cff77a14b9a4242e20661a4af80738e20022c38141e3fe3dc3437,7076,7277,"Continue CAP execution by bounding IEEE finite-matrix inverse/residual rounding for the K=80 system and defining conservative Fourier delay-shift norm targets over a period interval, isolating exact coefficient intervals and the infinite tail as the remaining Module-1 obstacles",D-A021-FINITE-ROUNDING-BOUNDS
2026-08-20T01:25:42.244361+00:00,modified,research_program/external_reviews/recommendation_reconciliation_all_logged.csv,1429eb21b93ed2e536fee7a7aa01ef85f64250a05fe1ffd0fbe0da28f8ed9b32,7f5f626ff6660d646ae27c9e7c40a2967a27f73f2d92561501d91a47c4ce1034,162510,162786,"Continue CAP execution by bounding IEEE finite-matrix inverse/residual rounding for the K=80 system and defining conservative Fourier delay-shift norm targets over a period interval, isolating exact coefficient intervals and the infinite tail as the remaining Module-1 obstacles",D-A021-FINITE-ROUNDING-BOUNDS
2026-08-20T01:42:30.930623+00:00,modified,research_program/action_register.csv,f4ea3bb127fc05ecf8ebec32aea68c3c43e1165c978b19a9a955117aa2de177a,53ca000e18ef47f293aa9871b2502f868e5b3c980d6dcb49b716d73f6bf26d4f,161788,162403,"Continue Module-1 execution by evaluating the finite K=80 radii polynomial, fitting an empirical geometric coefficient majorant, quantifying weighted-tail amplification, and revising the first interval weight to nu=1.01 while retaining a rigorous diagonal Fourier-tail bound as open",D-A021-FINITE-RADII-TAIL-PRECURSOR
2026-08-20T01:42:30.930623+00:00,modified,research_program/action_register.md,0e2c72bd3fdcacbb8544ca6880bc451852df7da16445a5d14e4fe7493f76c97a,d4430d872eeb6fe3ffc2509ff996adff0289e21d2936b403f57a74a85bf76760,207907,208617,"Continue Module-1 execution by evaluating the finite K=80 radii polynomial, fitting an empirical geometric coefficient majorant, quantifying weighted-tail amplification, and revising the first interval weight to nu=1.01 while retaining a rigorous diagonal Fourier-tail bound as open",D-A021-FINITE-RADII-TAIL-PRECURSOR
2026-08-20T01:42:30.930623+00:00,created,research_program/article_A021_liebig_graph/c4_finite_radii_and_tail_precursor.md,,ccf0df006ff70e9881e8a45f41547a1fedc8723bbd7cbe114dd3980e5b13ace7,,2490,"Continue Module-1 execution by evaluating the finite K=80 radii polynomial, fitting an empirical geometric coefficient majorant, quantifying weighted-tail amplification, and revising the first interval weight to nu=1.01 while retaining a rigorous diagonal Fourier-tail bound as open",D-A021-FINITE-RADII-TAIL-PRECURSOR
2026-08-20T01:42:30.930623+00:00,created,research_program/article_A021_liebig_graph/computations/c4_fourier_tail_precursor.json,,382775723c30934ad0db45120e01a361895d99218bf7ca9471e0f1914ac688a6,,671,"Continue Module-1 execution by evaluating the finite K=80 radii polynomial, fitting an empirical geometric coefficient majorant, quantifying weighted-tail amplification, and revising the first interval weight to nu=1.01 while retaining a rigorous diagonal Fourier-tail bound as open",D-A021-FINITE-RADII-TAIL-PRECURSOR
2026-08-20T01:42:30.930623+00:00,modified,research_program/computational_objects.csv,32a8d8529a2cff77a14b9a4242e20661a4af80738e20022c38141e3fe3dc3437,393287eab30dcf152575f1144e0fb97b794909b6495f1fdb2276dd80867f698b,7277,7451,"Continue Module-1 execution by evaluating the finite K=80 radii polynomial, fitting an empirical geometric coefficient majorant, quantifying weighted-tail amplification, and revising the first interval weight to nu=1.01 while retaining a rigorous diagonal Fourier-tail bound as open",D-A021-FINITE-RADII-TAIL-PRECURSOR
2026-08-20T01:42:30.930623+00:00,modified,research_program/external_reviews/recommendation_reconciliation_all_logged.csv,7f5f626ff6660d646ae27c9e7c40a2967a27f73f2d92561501d91a47c4ce1034,f286abd6b190f01adfdf708e31d01b8fdcb0b40ade9c84f369d05b5b9e00a9aa,162786,163072,"Continue Module-1 execution by evaluating the finite K=80 radii polynomial, fitting an empirical geometric coefficient majorant, quantifying weighted-tail amplification, and revising the first interval weight to nu=1.01 while retaining a rigorous diagonal Fourier-tail bound as open",D-A021-FINITE-RADII-TAIL-PRECURSOR
2026-08-20T01:50:53.751880+00:00,modified,research_program/action_register.csv,53ca000e18ef47f293aa9871b2502f868e5b3c980d6dcb49b716d73f6bf26d4f,e8c99c08c0791d044943a4be6c4d32f078d08ea587d9a66af17d3bd0ee283b56,162403,162916,Test the infinite Fourier-tail contraction and reject the naive K=80 diagonal tail after factors 15.1 broad and greater than one locally; select validated collocation/Sobolev enclosure as the feasible route rather than inventing a tail or building an enormous interval Fourier inverse,D-A021-TAIL-FEASIBILITY
2026-08-20T01:50:53.751880+00:00,modified,research_program/action_register.md,d4430d872eeb6fe3ffc2509ff996adff0289e21d2936b403f57a74a85bf76760,850a10d3b831ca95b5422c94666d0ea4ffff1214a5aadd6997f29e7ad0881aae,208617,209223,Test the infinite Fourier-tail contraction and reject the naive K=80 diagonal tail after factors 15.1 broad and greater than one locally; select validated collocation/Sobolev enclosure as the feasible route rather than inventing a tail or building an enormous interval Fourier inverse,D-A021-TAIL-FEASIBILITY
2026-08-20T01:50:53.751880+00:00,created,research_program/article_A021_liebig_graph/c4_tail_feasibility_and_method_pivot.md,,a67cf139a0fafdfe57121651589000a9fac04e5cfe16228fa69d587714560132,,3374,Test the infinite Fourier-tail contraction and reject the naive K=80 diagonal tail after factors 15.1 broad and greater than one locally; select validated collocation/Sobolev enclosure as the feasible route rather than inventing a tail or building an enormous interval Fourier inverse,D-A021-TAIL-FEASIBILITY
2026-08-20T01:50:53.751880+00:00,modified,research_program/computational_objects.csv,393287eab30dcf152575f1144e0fb97b794909b6495f1fdb2276dd80867f698b,d9e360bbb65f602e7a123d05dd5a3bdfd4e78fa2c212378fea03393e2e0be0b5,7451,7616,Test the infinite Fourier-tail contraction and reject the naive K=80 diagonal tail after factors 15.1 broad and greater than one locally; select validated collocation/Sobolev enclosure as the feasible route rather than inventing a tail or building an enormous interval Fourier inverse,D-A021-TAIL-FEASIBILITY
2026-08-20T01:50:53.751880+00:00,modified,research_program/external_reviews/recommendation_reconciliation_all_logged.csv,f286abd6b190f01adfdf708e31d01b8fdcb0b40ade9c84f369d05b5b9e00a9aa,f3c8d9c238ba55d52063ccbb6997f3bd36a2da174908ac4d7c1db4b9e8b3d7eb,163072,163358,Test the infinite Fourier-tail contraction and reject the naive K=80 diagonal tail after factors 15.1 broad and greater than one locally; select validated collocation/Sobolev enclosure as the feasible route rather than inventing a tail or building an enormous interval Fourier inverse,D-A021-TAIL-FEASIBILITY
2026-08-20T01:57:01.934666+00:00,modified,research_program/action_register.csv,e8c99c08c0791d044943a4be6c4d32f078d08ea587d9a66af17d3bd0ee283b56,b66e341ee74ea741d45a8be48e26b5106427b854e39905d6b8e691ee36eb61f7,162916,163485,"Continue the validated collocation route by evaluating the Newton-corrected K=80 orbit on independent grids through 16384 points, obtaining continuous off-grid residual below 7.87e-9 and inverse-times-defect about 1.45e-5, safely below the floor margin, while retaining continuum inverse transfer as open",D-A021-OFFGRID-RESIDUAL
2026-08-20T01:57:01.934666+00:00,modified,research_program/action_register.md,850a10d3b831ca95b5422c94666d0ea4ffff1214a5aadd6997f29e7ad0881aae,8e178cb23a066735e33884f45702a4e3d4913e47999c80b2c6bd5c954a38e5c4,209223,209885,"Continue the validated collocation route by evaluating the Newton-corrected K=80 orbit on independent grids through 16384 points, obtaining continuous off-grid residual below 7.87e-9 and inverse-times-defect about 1.45e-5, safely below the floor margin, while retaining continuum inverse transfer as open",D-A021-OFFGRID-RESIDUAL
2026-08-20T01:57:01.934666+00:00,created,research_program/article_A021_liebig_graph/c4_validated_collocation_precursor.md,,51d1b104ed658c9db7ea8642e66061c5fb9b84888767b46b79a66323b7dc9d4f,,2620,"Continue the validated collocation route by evaluating the Newton-corrected K=80 orbit on independent grids through 16384 points, obtaining continuous off-grid residual below 7.87e-9 and inverse-times-defect about 1.45e-5, safely below the floor margin, while retaining continuum inverse transfer as open",D-A021-OFFGRID-RESIDUAL
2026-08-20T01:57:01.934666+00:00,created,research_program/article_A021_liebig_graph/computations/c4_fourier_K80_offgrid_residual.json,,c976b06e0b137fb6674ae54a7cf7b43c49ab7d49605dd932ac2c0e8acf98db81,,489,"Continue the validated collocation route by evaluating the Newton-corrected K=80 orbit on independent grids through 16384 points, obtaining continuous off-grid residual below 7.87e-9 and inverse-times-defect about 1.45e-5, safely below the floor margin, while retaining continuum inverse transfer as open",D-A021-OFFGRID-RESIDUAL
2026-08-20T01:57:01.934666+00:00,modified,research_program/computational_objects.csv,d9e360bbb65f602e7a123d05dd5a3bdfd4e78fa2c212378fea03393e2e0be0b5,f94e1bb2fb1a64623e2d639a561ea85dd63a23c825aa51a9f1d190b522405623,7616,7807,"Continue the validated collocation route by evaluating the Newton-corrected K=80 orbit on independent grids through 16384 points, obtaining continuous off-grid residual below 7.87e-9 and inverse-times-defect about 1.45e-5, safely below the floor margin, while retaining continuum inverse transfer as open",D-A021-OFFGRID-RESIDUAL
2026-08-20T01:57:01.934666+00:00,modified,research_program/external_reviews/recommendation_reconciliation_all_logged.csv,f3c8d9c238ba55d52063ccbb6997f3bd36a2da174908ac4d7c1db4b9e8b3d7eb,4635db30aa5a415e982943c54a63e952735c54bc24de6fc9647942e16029443d,163358,163648,"Continue the validated collocation route by evaluating the Newton-corrected K=80 orbit on independent grids through 16384 points, obtaining continuous off-grid residual below 7.87e-9 and inverse-times-defect about 1.45e-5, safely below the floor margin, while retaining continuum inverse transfer as open",D-A021-OFFGRID-RESIDUAL
2026-08-20T01:59:03.776815+00:00,modified,research_program/action_register.csv,b66e341ee74ea741d45a8be48e26b5106427b854e39905d6b8e691ee36eb61f7,9c293ce19dd4f88e75f31c6af92bc9a15765dc3997888a60a30709b0e7406bef,163485,164048,"Continue validated collocation analysis by solving K=40/60/80/100 phase-fixed Fourier systems, demonstrating period convergence, inverse infinity norms stably below 1848, and K100 off-grid residual 2.67e-10, while retaining rigorous finite-to-continuum delta_L as open",D-A021-INVERSE-CONVERGENCE
2026-08-20T01:59:03.776815+00:00,modified,research_program/action_register.md,8e178cb23a066735e33884f45702a4e3d4913e47999c80b2c6bd5c954a38e5c4,95c69217820e978e9b57f9d526305717d93d2bf122d83b0ecdd8be7a52cc6c3f,209885,210541,"Continue validated collocation analysis by solving K=40/60/80/100 phase-fixed Fourier systems, demonstrating period convergence, inverse infinity norms stably below 1848, and K100 off-grid residual 2.67e-10, while retaining rigorous finite-to-continuum delta_L as open",D-A021-INVERSE-CONVERGENCE
2026-08-20T01:59:03.776815+00:00,created,research_program/article_A021_liebig_graph/c4_collocation_inverse_convergence_assessment.md,,ff4d9fd583984a8f9b31fdeab9fe0831dd8f1f05428db760cc6933c64570b4cb,,2148,"Continue validated collocation analysis by solving K=40/60/80/100 phase-fixed Fourier systems, demonstrating period convergence, inverse infinity norms stably below 1848, and K100 off-grid residual 2.67e-10, while retaining rigorous finite-to-continuum delta_L as open",D-A021-INVERSE-CONVERGENCE
2026-08-20T01:59:03.776815+00:00,created,research_program/article_A021_liebig_graph/computations/c4_fourier_newton_K_convergence.json,,95a8de354d654ea1ee1994573df5e56b86eaef3c9ca267a35c0376a9145f59ad,,1856,"Continue validated collocation analysis by solving K=40/60/80/100 phase-fixed Fourier systems, demonstrating period convergence, inverse infinity norms stably below 1848, and K100 off-grid residual 2.67e-10, while retaining rigorous finite-to-continuum delta_L as open",D-A021-INVERSE-CONVERGENCE
2026-08-20T01:59:03.776815+00:00,created,research_program/article_A021_liebig_graph/computations/c4_fourier_newton_convergence.py,,892658078662c2d18a7b5f0e071fb789c4afcd23a467357ec9102af5729ec62e,,2492,"Continue validated collocation analysis by solving K=40/60/80/100 phase-fixed Fourier systems, demonstrating period convergence, inverse infinity norms stably below 1848, and K100 off-grid residual 2.67e-10, while retaining rigorous finite-to-continuum delta_L as open",D-A021-INVERSE-CONVERGENCE
2026-08-20T01:59:03.776815+00:00,modified,research_program/computational_objects.csv,f94e1bb2fb1a64623e2d639a561ea85dd63a23c825aa51a9f1d190b522405623,9dd39752a25a605c15d7fd16ca26a90e061d6a894b7665c2b13745af8fb69bd7,7807,7997,"Continue validated collocation analysis by solving K=40/60/80/100 phase-fixed Fourier systems, demonstrating period convergence, inverse infinity norms stably below 1848, and K100 off-grid residual 2.67e-10, while retaining rigorous finite-to-continuum delta_L as open",D-A021-INVERSE-CONVERGENCE
2026-08-20T01:59:03.776815+00:00,modified,research_program/external_reviews/recommendation_reconciliation_all_logged.csv,4635db30aa5a415e982943c54a63e952735c54bc24de6fc9647942e16029443d,19b94ebe18185d0c8dc186f26582ae873bc07c78f35d4d240b6ab8589d8e93a3,163648,163930,"Continue validated collocation analysis by solving K=40/60/80/100 phase-fixed Fourier systems, demonstrating period convergence, inverse infinity norms stably below 1848, and K100 off-grid residual 2.67e-10, while retaining rigorous finite-to-continuum delta_L as open",D-A021-INVERSE-CONVERGENCE
2026-08-20T02:02:04.586802+00:00,modified,research_program/action_register.csv,9c293ce19dd4f88e75f31c6af92bc9a15765dc3997888a60a30709b0e7406bef,42a6075c171544cdb97b3ca10d8fa6c3fa23e8edc9b7403fd6b103e92b7f666f,164048,164746,"Continue continuum inverse-transfer work by solving K120 and comparing phase-fixed Jacobians under explicit Fourier prolongation/restriction, reducing the preconditioned consistency defect to 0.00594 at K100-to-120 while retaining the continuum tail block as open",D-A021-OPERATOR-CONSISTENCY
2026-08-20T02:02:04.586802+00:00,modified,research_program/action_register.md,95c69217820e978e9b57f9d526305717d93d2bf122d83b0ecdd8be7a52cc6c3f,8b73225300b16b9306e004d45a2659992d3369281d0636d27a62051e0475ef6c,210541,211332,"Continue continuum inverse-transfer work by solving K120 and comparing phase-fixed Jacobians under explicit Fourier prolongation/restriction, reducing the preconditioned consistency defect to 0.00594 at K100-to-120 while retaining the continuum tail block as open",D-A021-OPERATOR-CONSISTENCY
2026-08-20T02:02:04.586802+00:00,created,research_program/article_A021_liebig_graph/c4_operator_consistency_assessment.md,,8c6178877fdf35766c5c6bd07f5997e8af8efe589eed1d52a750ec283a2032b6,,2321,"Continue continuum inverse-transfer work by solving K120 and comparing phase-fixed Jacobians under explicit Fourier prolongation/restriction, reducing the preconditioned consistency defect to 0.00594 at K100-to-120 while retaining the continuum tail block as open",D-A021-OPERATOR-CONSISTENCY
2026-08-20T02:02:04.586802+00:00,created,research_program/article_A021_liebig_graph/computations/c4_fourier_K100_operator.npz,,08156365963e204a986fd52637050d434652c0114d57ddd745bce118d8efd7dc,,880908,"Continue continuum inverse-transfer work by solving K120 and comparing phase-fixed Jacobians under explicit Fourier prolongation/restriction, reducing the preconditioned consistency defect to 0.00594 at K100-to-120 while retaining the continuum tail block as open",D-A021-OPERATOR-CONSISTENCY
2026-08-20T02:02:04.586802+00:00,created,research_program/article_A021_liebig_graph/computations/c4_fourier_K120_operator.npz,,a9bf4a09b7f55c8e05b02d1fc5158def71a4238e13d4223aec0f6345f2324fef,,1291490,"Continue continuum inverse-transfer work by solving K120 and comparing phase-fixed Jacobians under explicit Fourier prolongation/restriction, reducing the preconditioned consistency defect to 0.00594 at K100-to-120 while retaining the continuum tail block as open",D-A021-OPERATOR-CONSISTENCY
2026-08-20T02:02:04.586802+00:00,created,research_program/article_A021_liebig_graph/computations/c4_fourier_K40_operator.npz,,191ce9312ea615d24a41c1e98b9dc348fdf7013be1892ce778763d3b150cb622,,139745,"Continue continuum inverse-transfer work by solving K120 and comparing phase-fixed Jacobians under explicit Fourier prolongation/restriction, reducing the preconditioned consistency defect to 0.00594 at K100-to-120 while retaining the continuum tail block as open",D-A021-OPERATOR-CONSISTENCY
2026-08-20T02:02:04.586802+00:00,created,research_program/article_A021_liebig_graph/computations/c4_fourier_K60_operator.npz,,8d3655c7a1010df706ed42aa3367abb3c83fc70cd95bbe9f4abed01363af506e,,305012,"Continue continuum inverse-transfer work by solving K120 and comparing phase-fixed Jacobians under explicit Fourier prolongation/restriction, reducing the preconditioned consistency defect to 0.00594 at K100-to-120 while retaining the continuum tail block as open",D-A021-OPERATOR-CONSISTENCY
2026-08-20T02:02:04.586802+00:00,created,research_program/article_A021_liebig_graph/computations/c4_fourier_K80_K100_operator_consistency.json,,bc0bc29b0db3ca0304bf72d787226a7adaa664e431041a69355a84dc70407f15,,365,"Continue continuum inverse-transfer work by solving K120 and comparing phase-fixed Jacobians under explicit Fourier prolongation/restriction, reducing the preconditioned consistency defect to 0.00594 at K100-to-120 while retaining the continuum tail block as open",D-A021-OPERATOR-CONSISTENCY
2026-08-20T02:02:04.586802+00:00,created,research_program/article_A021_liebig_graph/computations/c4_fourier_K80_operator.npz,,e3b5da81ee3e212b690b8809ba0be391e23bfaf281faf33fb2b3e2cc24f65403,,562442,"Continue continuum inverse-transfer work by solving K120 and comparing phase-fixed Jacobians under explicit Fourier prolongation/restriction, reducing the preconditioned consistency defect to 0.00594 at K100-to-120 while retaining the continuum tail block as open",D-A021-OPERATOR-CONSISTENCY
2026-08-20T02:02:04.586802+00:00,created,research_program/article_A021_liebig_graph/computations/c4_fourier_newton_K_convergence_latest.json,,35d89ea0ef0dc253f212cc2ab3add01189b63af9bf3996d7a1a331e96764a1ec,,532,"Continue continuum inverse-transfer work by solving K120 and comparing phase-fixed Jacobians under explicit Fourier prolongation/restriction, reducing the preconditioned consistency defect to 0.00594 at K100-to-120 while retaining the continuum tail block as open",D-A021-OPERATOR-CONSISTENCY
2026-08-20T02:02:04.586802+00:00,modified,research_program/article_A021_liebig_graph/computations/c4_fourier_newton_convergence.py,892658078662c2d18a7b5f0e071fb789c4afcd23a467357ec9102af5729ec62e,ab25d5aff80c993a646b0da1263087e90ce3e40bc812a91f950624ac42f303b9,2492,2696,"Continue continuum inverse-transfer work by solving K120 and comparing phase-fixed Jacobians under explicit Fourier prolongation/restriction, reducing the preconditioned consistency defect to 0.00594 at K100-to-120 while retaining the continuum tail block as open",D-A021-OPERATOR-CONSISTENCY
2026-08-20T02:02:04.586802+00:00,created,research_program/article_A021_liebig_graph/computations/c4_fourier_operator_consistency.py,,273cb21f918d3b5e7accd73cee1d41686e1fcf1d88ff3136705165731e81b5bd,,1394,"Continue continuum inverse-transfer work by solving K120 and comparing phase-fixed Jacobians under explicit Fourier prolongation/restriction, reducing the preconditioned consistency defect to 0.00594 at K100-to-120 while retaining the continuum tail block as open",D-A021-OPERATOR-CONSISTENCY
2026-08-20T02:02:04.586802+00:00,created,research_program/article_A021_liebig_graph/computations/c4_fourier_operator_consistency_convergence.json,,ee8d661a12b183c1596daf869d89ea664e28afbdd91bb27f521285b9877f9a0f,,1422,"Continue continuum inverse-transfer work by solving K120 and comparing phase-fixed Jacobians under explicit Fourier prolongation/restriction, reducing the preconditioned consistency defect to 0.00594 at K100-to-120 while retaining the continuum tail block as open",D-A021-OPERATOR-CONSISTENCY
2026-08-20T02:02:04.586802+00:00,modified,research_program/computational_objects.csv,9dd39752a25a605c15d7fd16ca26a90e061d6a894b7665c2b13745af8fb69bd7,6450f1fd67c1d9fa137e08f7b51918a19e0a99db96d73397024a28f3d2c9c0a6,7997,8238,"Continue continuum inverse-transfer work by solving K120 and comparing phase-fixed Jacobians under explicit Fourier prolongation/restriction, reducing the preconditioned consistency defect to 0.00594 at K100-to-120 while retaining the continuum tail block as open",D-A021-OPERATOR-CONSISTENCY
2026-08-20T02:02:04.586802+00:00,modified,research_program/external_reviews/recommendation_reconciliation_all_logged.csv,19b94ebe18185d0c8dc186f26582ae873bc07c78f35d4d240b6ab8589d8e93a3,5466107ac8df2f5a96d0cf09ca6e437c43d80c8060ec5593b69a8987c783950c,163930,164206,"Continue continuum inverse-transfer work by solving K120 and comparing phase-fixed Jacobians under explicit Fourier prolongation/restriction, reducing the preconditioned consistency defect to 0.00594 at K100-to-120 while retaining the continuum tail block as open",D-A021-OPERATOR-CONSISTENCY
2026-08-20T08:31:52.554051+00:00,modified,research_program/action_register.csv,42a6075c171544cdb97b3ca10d8fa6c3fa23e8edc9b7403fd6b103e92b7f666f,321350a0c328fe951629f5033c2a3d61c9681ccd4880acf2c912f2a49feaae61,164746,165375,"Continue continuum inverse-transfer work by solving the K160 phase-fixed system and comparing K120-to160 operators, obtaining off-grid residual 2.35e-12 and preconditioned transfer defect 4.58e-5, leaving only an analytic bound on modes above 160",D-A021-HIGHMODE-INVERSE-TRANSFER
2026-08-20T08:31:52.554051+00:00,modified,research_program/action_register.md,8b73225300b16b9306e004d45a2659992d3369281d0636d27a62051e0475ef6c,a92d0be2d5ea5e29b15d18bc047bf15821d597ec711db0be56e7a3bdb976fab8,211332,212052,"Continue continuum inverse-transfer work by solving the K160 phase-fixed system and comparing K120-to160 operators, obtaining off-grid residual 2.35e-12 and preconditioned transfer defect 4.58e-5, leaving only an analytic bound on modes above 160",D-A021-HIGHMODE-INVERSE-TRANSFER
2026-08-20T08:31:52.554051+00:00,created,research_program/article_A021_liebig_graph/c4_high_mode_inverse_transfer_assessment.md,,0261dc1fc7d5584ed0a9d08dfd941b1373080e93181c65ec7f4418645eaf4641,,2007,"Continue continuum inverse-transfer work by solving the K160 phase-fixed system and comparing K120-to160 operators, obtaining off-grid residual 2.35e-12 and preconditioned transfer defect 4.58e-5, leaving only an analytic bound on modes above 160",D-A021-HIGHMODE-INVERSE-TRANSFER
2026-08-20T08:31:52.554051+00:00,created,research_program/article_A021_liebig_graph/computations/c4_fourier_K160_operator.npz,,cacbc21adfa2fd77e422aec8733558d5438dc0c8f17f4aaac791a8e4ef4c539f,,2488340,"Continue continuum inverse-transfer work by solving the K160 phase-fixed system and comparing K120-to160 operators, obtaining off-grid residual 2.35e-12 and preconditioned transfer defect 4.58e-5, leaving only an analytic bound on modes above 160",D-A021-HIGHMODE-INVERSE-TRANSFER
2026-08-20T08:31:52.554051+00:00,modified,research_program/article_A021_liebig_graph/computations/c4_fourier_newton_K_convergence_latest.json,35d89ea0ef0dc253f212cc2ab3add01189b63af9bf3996d7a1a331e96764a1ec,bfed4c8e58b74db7177b1094b0c5e4ad909320045460992be0a6b78cc21364da,532,564,"Continue continuum inverse-transfer work by solving the K160 phase-fixed system and comparing K120-to160 operators, obtaining off-grid residual 2.35e-12 and preconditioned transfer defect 4.58e-5, leaving only an analytic bound on modes above 160",D-A021-HIGHMODE-INVERSE-TRANSFER
2026-08-20T08:31:52.554051+00:00,modified,research_program/article_A021_liebig_graph/computations/c4_fourier_operator_consistency.py,273cb21f918d3b5e7accd73cee1d41686e1fcf1d88ff3136705165731e81b5bd,efc3c52fe8287e25445ba05355683416f42fa383ad911f786f01eaef98cc834d,1394,1404,"Continue continuum inverse-transfer work by solving the K160 phase-fixed system and comparing K120-to160 operators, obtaining off-grid residual 2.35e-12 and preconditioned transfer defect 4.58e-5, leaving only an analytic bound on modes above 160",D-A021-HIGHMODE-INVERSE-TRANSFER
2026-08-20T08:31:52.554051+00:00,modified,research_program/article_A021_liebig_graph/computations/c4_fourier_operator_consistency_convergence.json,ee8d661a12b183c1596daf869d89ea664e28afbdd91bb27f521285b9877f9a0f,cf7a6edf44ef6e400cfac6e4c39a22eeb612898a1ff13239e5ce05e0bc7105d7,1422,1759,"Continue continuum inverse-transfer work by solving the K160 phase-fixed system and comparing K120-to160 operators, obtaining off-grid residual 2.35e-12 and preconditioned transfer defect 4.58e-5, leaving only an analytic bound on modes above 160",D-A021-HIGHMODE-INVERSE-TRANSFER
2026-08-20T08:31:52.554051+00:00,modified,research_program/computational_objects.csv,6450f1fd67c1d9fa137e08f7b51918a19e0a99db96d73397024a28f3d2c9c0a6,e5713331be9c9daac7510e6baf9311f0744f36083298632e2a9ba0bbcb0b74b5,8238,8415,"Continue continuum inverse-transfer work by solving the K160 phase-fixed system and comparing K120-to160 operators, obtaining off-grid residual 2.35e-12 and preconditioned transfer defect 4.58e-5, leaving only an analytic bound on modes above 160",D-A021-HIGHMODE-INVERSE-TRANSFER
2026-08-20T08:31:52.554051+00:00,modified,research_program/external_reviews/recommendation_reconciliation_all_logged.csv,5466107ac8df2f5a96d0cf09ca6e437c43d80c8060ec5593b69a8987c783950c,64fb9b51b64175e925e55f74cb1285c6a70b990fe2d2951b91afbb83f39e1457,164206,164445,"Continue continuum inverse-transfer work by solving the K160 phase-fixed system and comparing K120-to160 operators, obtaining off-grid residual 2.35e-12 and preconditioned transfer defect 4.58e-5, leaving only an analytic bound on modes above 160",D-A021-HIGHMODE-INVERSE-TRANSFER
2026-08-20T08:36:05.843358+00:00,modified,research_program/action_register.csv,321350a0c328fe951629f5033c2a3d61c9681ccd4880acf2c912f2a49feaae61,eae0d459f05636a54c2f3ae5b33cb151c007ed57dc9782e60079f05ae1362b5c,165375,165941,"Extend phase-fixed Fourier consistency through K200 and K240, obtaining preconditioned defects 3.12e-5 and 2.18e-5 and a conservative empirical unresolved tail allowance 1e-4, while retaining a rigorous all-mode transfer bound as open",D-A021-HIGHMODE-TAIL-EXTRAPOLATION
2026-08-20T08:36:05.843358+00:00,modified,research_program/action_register.md,a92d0be2d5ea5e29b15d18bc047bf15821d597ec711db0be56e7a3bdb976fab8,7678692f54d3f003e5b6ce763cb36a9b0816cdb83e5fb3e5f3d0686dfd1248a0,212052,212711,"Extend phase-fixed Fourier consistency through K200 and K240, obtaining preconditioned defects 3.12e-5 and 2.18e-5 and a conservative empirical unresolved tail allowance 1e-4, while retaining a rigorous all-mode transfer bound as open",D-A021-HIGHMODE-TAIL-EXTRAPOLATION
2026-08-20T08:36:05.843358+00:00,created,research_program/article_A021_liebig_graph/c4_highmode_tail_extrapolation.md,,b05df07f632d79e36a1f741a0002b0f67e2389e5755361d10848c3390b86d2bb,,1824,"Extend phase-fixed Fourier consistency through K200 and K240, obtaining preconditioned defects 3.12e-5 and 2.18e-5 and a conservative empirical unresolved tail allowance 1e-4, while retaining a rigorous all-mode transfer bound as open",D-A021-HIGHMODE-TAIL-EXTRAPOLATION
2026-08-20T08:36:05.843358+00:00,created,research_program/article_A021_liebig_graph/computations/c4_fourier_K200_operator.npz,,616a1aafd6be21ce7425a0644661e7578fcf27a90db2b394f153b5ab3b5dbdb6,,3777246,"Extend phase-fixed Fourier consistency through K200 and K240, obtaining preconditioned defects 3.12e-5 and 2.18e-5 and a conservative empirical unresolved tail allowance 1e-4, while retaining a rigorous all-mode transfer bound as open",D-A021-HIGHMODE-TAIL-EXTRAPOLATION
2026-08-20T08:36:05.843358+00:00,created,research_program/article_A021_liebig_graph/computations/c4_fourier_K240_operator.npz,,b45ac34cee0adbe5c9dd67342ef6b113fac75264c2022f78cd4b44ee6306017c,,5512964,"Extend phase-fixed Fourier consistency through K200 and K240, obtaining preconditioned defects 3.12e-5 and 2.18e-5 and a conservative empirical unresolved tail allowance 1e-4, while retaining a rigorous all-mode transfer bound as open",D-A021-HIGHMODE-TAIL-EXTRAPOLATION
2026-08-20T08:36:05.843358+00:00,modified,research_program/article_A021_liebig_graph/computations/c4_fourier_newton_K_convergence_latest.json,bfed4c8e58b74db7177b1094b0c5e4ad909320045460992be0a6b78cc21364da,ce7eff7a80c0dabed75e2096509970f4ef3e5488061561a429f4a8b52be8c16d,564,604,"Extend phase-fixed Fourier consistency through K200 and K240, obtaining preconditioned defects 3.12e-5 and 2.18e-5 and a conservative empirical unresolved tail allowance 1e-4, while retaining a rigorous all-mode transfer bound as open",D-A021-HIGHMODE-TAIL-EXTRAPOLATION
2026-08-20T08:36:05.843358+00:00,modified,research_program/article_A021_liebig_graph/computations/c4_fourier_newton_convergence.py,ab25d5aff80c993a646b0da1263087e90ce3e40bc812a91f950624ac42f303b9,15aa89f9929fecc01692c90720e73dc08d73ee68895d93c474cda53ae6394f1a,2696,2871,"Extend phase-fixed Fourier consistency through K200 and K240, obtaining preconditioned defects 3.12e-5 and 2.18e-5 and a conservative empirical unresolved tail allowance 1e-4, while retaining a rigorous all-mode transfer bound as open",D-A021-HIGHMODE-TAIL-EXTRAPOLATION
2026-08-20T08:36:05.843358+00:00,modified,research_program/article_A021_liebig_graph/computations/c4_fourier_operator_consistency.py,efc3c52fe8287e25445ba05355683416f42fa383ad911f786f01eaef98cc834d,2e0895a85e469d458b5797298aa89b7d0576fe5664ec813da853ed647895eb5f,1404,1424,"Extend phase-fixed Fourier consistency through K200 and K240, obtaining preconditioned defects 3.12e-5 and 2.18e-5 and a conservative empirical unresolved tail allowance 1e-4, while retaining a rigorous all-mode transfer bound as open",D-A021-HIGHMODE-TAIL-EXTRAPOLATION
2026-08-20T08:36:05.843358+00:00,modified,research_program/article_A021_liebig_graph/computations/c4_fourier_operator_consistency_convergence.json,cf7a6edf44ef6e400cfac6e4c39a22eeb612898a1ff13239e5ce05e0bc7105d7,ce31cfb79706dfecd09140c9e58db3591f4f2982f1d9e723595ef11a31712392,1759,2431,"Extend phase-fixed Fourier consistency through K200 and K240, obtaining preconditioned defects 3.12e-5 and 2.18e-5 and a conservative empirical unresolved tail allowance 1e-4, while retaining a rigorous all-mode transfer bound as open",D-A021-HIGHMODE-TAIL-EXTRAPOLATION
2026-08-20T08:36:05.843358+00:00,modified,research_program/computational_objects.csv,e5713331be9c9daac7510e6baf9311f0744f36083298632e2a9ba0bbcb0b74b5,bd3d9341ca21665e50689b5fb6deb1b112dd6c80be181fc2ed2867997f5744af,8415,8604,"Extend phase-fixed Fourier consistency through K200 and K240, obtaining preconditioned defects 3.12e-5 and 2.18e-5 and a conservative empirical unresolved tail allowance 1e-4, while retaining a rigorous all-mode transfer bound as open",D-A021-HIGHMODE-TAIL-EXTRAPOLATION
2026-08-20T08:36:05.843358+00:00,modified,research_program/external_reviews/recommendation_reconciliation_all_logged.csv,64fb9b51b64175e925e55f74cb1285c6a70b990fe2d2951b91afbb83f39e1457,8cd7c44a638db8824cf6009cbfee8977893ce854793a84efd4a21af90590147f,164445,164721,"Extend phase-fixed Fourier consistency through K200 and K240, obtaining preconditioned defects 3.12e-5 and 2.18e-5 and a conservative empirical unresolved tail allowance 1e-4, while retaining a rigorous all-mode transfer bound as open",D-A021-HIGHMODE-TAIL-EXTRAPOLATION
2026-08-20T08:39:32.875166+00:00,modified,research_program/action_register.csv,eae0d459f05636a54c2f3ae5b33cb151c007ed57dc9782e60079f05ae1362b5c,7d99e1d22c9f2ce565dd67c8f6ceaabc6e92882c46eda14249e2d1cb67ea9bd6,165941,166572,"Continue the continuum-tail analysis by computing Fourier convolution norms of the actual periodic linearization, reducing the diagonal-tail threshold from the broad K>1200 bound to K approximately 540 and selecting a structured K600 plus diagonal-tail validation route",D-A021-LINEARIZED-TAIL-THRESHOLD
2026-08-20T08:39:32.875166+00:00,modified,research_program/action_register.md,7678692f54d3f003e5b6ce763cb36a9b0816cdb83e5fb3e5f3d0686dfd1248a0,50d003dda0b460207fa6cafc9252ece11770fa838b0e07c55fbed1e62151a8be,212711,213435,"Continue the continuum-tail analysis by computing Fourier convolution norms of the actual periodic linearization, reducing the diagonal-tail threshold from the broad K>1200 bound to K approximately 540 and selecting a structured K600 plus diagonal-tail validation route",D-A021-LINEARIZED-TAIL-THRESHOLD
2026-08-20T08:39:32.875166+00:00,created,research_program/article_A021_liebig_graph/c4_linearized_tail_threshold_assessment.md,,ddb919fec0a05ce4c003586f120bb9eee9d7ba72083773277dbacf30bbcff0ad,,2418,"Continue the continuum-tail analysis by computing Fourier convolution norms of the actual periodic linearization, reducing the diagonal-tail threshold from the broad K>1200 bound to K approximately 540 and selecting a structured K600 plus diagonal-tail validation route",D-A021-LINEARIZED-TAIL-THRESHOLD
2026-08-20T08:39:32.875166+00:00,created,research_program/article_A021_liebig_graph/computations/c4_linearization_fourier_decay.json,,ada64cd16ce546db9d47e7aab4d0ff90e16fd7aa526b0ea3c41f59b1a6771010,,42731,"Continue the continuum-tail analysis by computing Fourier convolution norms of the actual periodic linearization, reducing the diagonal-tail threshold from the broad K>1200 bound to K approximately 540 and selecting a structured K600 plus diagonal-tail validation route",D-A021-LINEARIZED-TAIL-THRESHOLD
2026-08-20T08:39:32.875166+00:00,created,research_program/article_A021_liebig_graph/computations/c4_linearization_fourier_decay.py,,8acedfd05c7482459f4a5753fd968b708bd5f7e313f29ecdd0cf93db03b49edb,,1469,"Continue the continuum-tail analysis by computing Fourier convolution norms of the actual periodic linearization, reducing the diagonal-tail threshold from the broad K>1200 bound to K approximately 540 and selecting a structured K600 plus diagonal-tail validation route",D-A021-LINEARIZED-TAIL-THRESHOLD
2026-08-20T08:39:32.875166+00:00,modified,research_program/computational_objects.csv,bd3d9341ca21665e50689b5fb6deb1b112dd6c80be181fc2ed2867997f5744af,2ce3eb46ba795f4b49e0737cca4be0019cd598ef92dc7e5f6d588d46280e5d6c,8604,8831,"Continue the continuum-tail analysis by computing Fourier convolution norms of the actual periodic linearization, reducing the diagonal-tail threshold from the broad K>1200 bound to K approximately 540 and selecting a structured K600 plus diagonal-tail validation route",D-A021-LINEARIZED-TAIL-THRESHOLD
2026-08-20T08:39:32.875166+00:00,modified,research_program/external_reviews/recommendation_reconciliation_all_logged.csv,8cd7c44a638db8824cf6009cbfee8977893ce854793a84efd4a21af90590147f,34cf1ff8464d4c99807b9214e4c9b7927fb5eaf6cc4f78b32d69b92974a5da60,164721,165004,"Continue the continuum-tail analysis by computing Fourier convolution norms of the actual periodic linearization, reducing the diagonal-tail threshold from the broad K>1200 bound to K approximately 540 and selecting a structured K600 plus diagonal-tail validation route",D-A021-LINEARIZED-TAIL-THRESHOLD
2026-08-20T09:08:50.915217+00:00,modified,research_program/action_register.csv,7d99e1d22c9f2ce565dd67c8f6ceaabc6e92882c46eda14249e2d1cb67ea9bd6,08cee22649a0a83bd008caaeb68dd47421434a29edc76caa9f876b5fe5ef13f0,166572,167140,"Implement the hybrid structured-tail architecture by applying the K600 Jacobian matrix-free to prolonged K240 modes, obtaining preconditioned defect 1.595e-6 and diagonal tail factor 0.8993 above K600, leaving outward interval coefficient norms and block Neumann closure",D-A021-STRUCTURED-K600-TAIL
2026-08-20T09:08:50.915217+00:00,modified,research_program/action_register.md,50d003dda0b460207fa6cafc9252ece11770fa838b0e07c55fbed1e62151a8be,e3d61e33a22aaaf4d7862f1c0ce04e1022f09dbe8403520175c7a82ec7b94c23,213435,214096,"Implement the hybrid structured-tail architecture by applying the K600 Jacobian matrix-free to prolonged K240 modes, obtaining preconditioned defect 1.595e-6 and diagonal tail factor 0.8993 above K600, leaving outward interval coefficient norms and block Neumann closure",D-A021-STRUCTURED-K600-TAIL
2026-08-20T09:08:50.915217+00:00,created,research_program/article_A021_liebig_graph/c4_structured_K600_tail_assessment.md,,30178c3244b4e8fe8bee02ce60bffe0e6d2011f7d9c5edd6f5fd4bae719a8fa0,,2432,"Implement the hybrid structured-tail architecture by applying the K600 Jacobian matrix-free to prolonged K240 modes, obtaining preconditioned defect 1.595e-6 and diagonal tail factor 0.8993 above K600, leaving outward interval coefficient norms and block Neumann closure",D-A021-STRUCTURED-K600-TAIL
2026-08-20T09:08:50.915217+00:00,created,research_program/article_A021_liebig_graph/computations/c4_fourier_structured_transfer.py,,83d58230738d7f4d0c91c1e391191854fc71d47ec4126d45cb985d9fd580aace,,2769,"Implement the hybrid structured-tail architecture by applying the K600 Jacobian matrix-free to prolonged K240 modes, obtaining preconditioned defect 1.595e-6 and diagonal tail factor 0.8993 above K600, leaving outward interval coefficient norms and block Neumann closure",D-A021-STRUCTURED-K600-TAIL
2026-08-20T09:08:50.915217+00:00,created,research_program/article_A021_liebig_graph/computations/c4_fourier_structured_transfer_K240_K600.json,,0803c15fbee13a0ee87c5303cf65dfc311db5867a745c744531501910d1ddc80,,389,"Implement the hybrid structured-tail architecture by applying the K600 Jacobian matrix-free to prolonged K240 modes, obtaining preconditioned defect 1.595e-6 and diagonal tail factor 0.8993 above K600, leaving outward interval coefficient norms and block Neumann closure",D-A021-STRUCTURED-K600-TAIL
2026-08-20T09:08:50.915217+00:00,modified,research_program/computational_objects.csv,2ce3eb46ba795f4b49e0737cca4be0019cd598ef92dc7e5f6d588d46280e5d6c,e4af42f60f98f9e34efc333b59981533c7f1e2b6df9ec383b7dca66f7361bb7a,8831,9061,"Implement the hybrid structured-tail architecture by applying the K600 Jacobian matrix-free to prolonged K240 modes, obtaining preconditioned defect 1.595e-6 and diagonal tail factor 0.8993 above K600, leaving outward interval coefficient norms and block Neumann closure",D-A021-STRUCTURED-K600-TAIL
2026-08-20T09:08:50.915217+00:00,modified,research_program/external_reviews/recommendation_reconciliation_all_logged.csv,34cf1ff8464d4c99807b9214e4c9b7927fb5eaf6cc4f78b32d69b92974a5da60,a4630758f7a07e6c238bd56f827ea165396f9078dc09a6ec79beed7dd189993f,165004,165275,"Implement the hybrid structured-tail architecture by applying the K600 Jacobian matrix-free to prolonged K240 modes, obtaining preconditioned defect 1.595e-6 and diagonal tail factor 0.8993 above K600, leaving outward interval coefficient norms and block Neumann closure",D-A021-STRUCTURED-K600-TAIL
2026-08-20T09:49:31.154502+00:00,modified,research_program/action_register.csv,08cee22649a0a83bd008caaeb68dd47421434a29edc76caa9f876b5fe5ef13f0,e9cabb1067e010eb4a2b41f51c9bc7a208ddf7b1498f71f03d2fe7e23f5a35d8,167140,167727,"Continue the continuum tail proof using a subdivided outward interval bound on the tight orbit box, obtaining pointwise periodic linearization norm 7.60895 and a Sobolev/L2 diagonal tail factor 0.7475 above K600, leaving only finite-tail block norm coupling",D-A021-SOBOLEV-TAIL-BOUND
2026-08-20T09:49:31.154502+00:00,modified,research_program/action_register.md,e3d61e33a22aaaf4d7862f1c0ce04e1022f09dbe8403520175c7a82ec7b94c23,d3f01b528aa90cdfe2fdd2ccf64714d18ba99a842d0eb8a8c60f3eae0b882bfb,214096,214774,"Continue the continuum tail proof using a subdivided outward interval bound on the tight orbit box, obtaining pointwise periodic linearization norm 7.60895 and a Sobolev/L2 diagonal tail factor 0.7475 above K600, leaving only finite-tail block norm coupling",D-A021-SOBOLEV-TAIL-BOUND
2026-08-20T09:49:31.154502+00:00,created,research_program/article_A021_liebig_graph/c4_sobolev_tail_bound_assessment.md,,0f0ac18e3362ffb37cf395cd1e70f795169b619db4dd5fbc74123c30d4c7f7cf,,2681,"Continue the continuum tail proof using a subdivided outward interval bound on the tight orbit box, obtaining pointwise periodic linearization norm 7.60895 and a Sobolev/L2 diagonal tail factor 0.7475 above K600, leaving only finite-tail block norm coupling",D-A021-SOBOLEV-TAIL-BOUND
2026-08-20T09:49:31.154502+00:00,created,research_program/article_A021_liebig_graph/computations/c4_tight_jacobian_interval.json,,0171fc55dba784edf71bf114014ede170e32504d8689463ecccfa7b9a900212e,,546,"Continue the continuum tail proof using a subdivided outward interval bound on the tight orbit box, obtaining pointwise periodic linearization norm 7.60895 and a Sobolev/L2 diagonal tail factor 0.7475 above K600, leaving only finite-tail block norm coupling",D-A021-SOBOLEV-TAIL-BOUND
2026-08-20T09:49:31.154502+00:00,created,research_program/article_A021_liebig_graph/computations/c4_tight_jacobian_interval.py,,bf9230e343d656a9392a8320035a25a2af88d2ecc15b25db85b6350825030469,,1942,"Continue the continuum tail proof using a subdivided outward interval bound on the tight orbit box, obtaining pointwise periodic linearization norm 7.60895 and a Sobolev/L2 diagonal tail factor 0.7475 above K600, leaving only finite-tail block norm coupling",D-A021-SOBOLEV-TAIL-BOUND
2026-08-20T09:49:31.154502+00:00,modified,research_program/computational_objects.csv,e4af42f60f98f9e34efc333b59981533c7f1e2b6df9ec383b7dca66f7361bb7a,afcee535e23fd66699c3a639e317825c58a2beaefa6e036a5e18456bd45e0ac7,9061,9255,"Continue the continuum tail proof using a subdivided outward interval bound on the tight orbit box, obtaining pointwise periodic linearization norm 7.60895 and a Sobolev/L2 diagonal tail factor 0.7475 above K600, leaving only finite-tail block norm coupling",D-A021-SOBOLEV-TAIL-BOUND
2026-08-20T09:49:31.154502+00:00,modified,research_program/external_reviews/recommendation_reconciliation_all_logged.csv,a4630758f7a07e6c238bd56f827ea165396f9078dc09a6ec79beed7dd189993f,ae266a97ea629d9f79e5af724020ba9edbde82fedb56ac6f12e325ff59cbf432,165275,165579,"Continue the continuum tail proof using a subdivided outward interval bound on the tight orbit box, obtaining pointwise periodic linearization norm 7.60895 and a Sobolev/L2 diagonal tail factor 0.7475 above K600, leaving only finite-tail block norm coupling",D-A021-SOBOLEV-TAIL-BOUND
2026-08-20T09:55:05.210636+00:00,modified,research_program/action_register.csv,e9cabb1067e010eb4a2b41f51c9bc7a208ddf7b1498f71f03d2fe7e23f5a35d8,0a0faaf618656896cb1c395ad48d1696bbe8d823c9d64966cdc9cd9cb4af1f3b,167727,168312,"Continue the continuum inverse proof by using sixth-derivative Fourier integration-by-parts tails to estimate low-tail and tail-low couplings, obtaining a numerical block-Neumann contraction below 0.748 and isolating an interval sixth-derivative bound as the remaining tail proof",D-A021-BLOCK-NEUMANN-PRECURSOR
2026-08-20T09:55:05.210636+00:00,modified,research_program/action_register.md,d3f01b528aa90cdfe2fdd2ccf64714d18ba99a842d0eb8a8c60f3eae0b882bfb,311a9d5a13d32d2a93fa9185f1de2ce16c099de8b70f7fccfa3d13854fe2ecca,214774,215450,"Continue the continuum inverse proof by using sixth-derivative Fourier integration-by-parts tails to estimate low-tail and tail-low couplings, obtaining a numerical block-Neumann contraction below 0.748 and isolating an interval sixth-derivative bound as the remaining tail proof",D-A021-BLOCK-NEUMANN-PRECURSOR
2026-08-20T09:55:05.210636+00:00,created,research_program/article_A021_liebig_graph/c4_block_neumann_precursor.md,,87a8848a35d1083fde9fffe0168edffe838ca4fe7cc25d9b6925cddf78d14d53,,2284,"Continue the continuum inverse proof by using sixth-derivative Fourier integration-by-parts tails to estimate low-tail and tail-low couplings, obtaining a numerical block-Neumann contraction below 0.748 and isolating an interval sixth-derivative bound as the remaining tail proof",D-A021-BLOCK-NEUMANN-PRECURSOR
2026-08-20T09:55:05.210636+00:00,created,research_program/article_A021_liebig_graph/computations/c4_linearization_derivative_tail.json,,bf47d60fe6a8943de5b30ae74d40d5bc94f322750856432fe849499ae9cadfeb,,679,"Continue the continuum inverse proof by using sixth-derivative Fourier integration-by-parts tails to estimate low-tail and tail-low couplings, obtaining a numerical block-Neumann contraction below 0.748 and isolating an interval sixth-derivative bound as the remaining tail proof",D-A021-BLOCK-NEUMANN-PRECURSOR
2026-08-20T09:55:05.210636+00:00,modified,research_program/computational_objects.csv,afcee535e23fd66699c3a639e317825c58a2beaefa6e036a5e18456bd45e0ac7,4501cbb4ffcfd2d6533805b8a46358543e894e27301d78a23a6d1808b5cfb454,9255,9446,"Continue the continuum inverse proof by using sixth-derivative Fourier integration-by-parts tails to estimate low-tail and tail-low couplings, obtaining a numerical block-Neumann contraction below 0.748 and isolating an interval sixth-derivative bound as the remaining tail proof",D-A021-BLOCK-NEUMANN-PRECURSOR
2026-08-20T09:55:05.210636+00:00,modified,research_program/external_reviews/recommendation_reconciliation_all_logged.csv,ae266a97ea629d9f79e5af724020ba9edbde82fedb56ac6f12e325ff59cbf432,8c63ae986a815d9e2df6f484ec0761b0e8fb949e52a1a9f303b95ca36d5e3ad9,165579,165875,"Continue the continuum inverse proof by using sixth-derivative Fourier integration-by-parts tails to estimate low-tail and tail-low couplings, obtaining a numerical block-Neumann contraction below 0.748 and isolating an interval sixth-derivative bound as the remaining tail proof",D-A021-BLOCK-NEUMANN-PRECURSOR
2026-08-20T10:01:25.188902+00:00,modified,research_program/action_register.csv,0a0faaf618656896cb1c395ad48d1696bbe8d823c9d64966cdc9cd9cb4af1f3b,f293fd5ef0b52f6d9c91d3132afca13e510744c75a8fe4c43a9f63b934bf512c,168312,168874,"Continue the block-Neumann tail proof by replacing pointwise spectral differentiation with a converged Fourier coefficient-sum bound for the sixth periodic derivative, obtaining 9.214e-5 and a factor-two target 1.843e-4 below the required 2e-4",D-A021-SIXTH-DERIVATIVE-COEFFICIENT
2026-08-20T10:01:25.188902+00:00,modified,research_program/action_register.md,311a9d5a13d32d2a93fa9185f1de2ce16c099de8b70f7fccfa3d13854fe2ecca,c97a89ab8ab0459963f0f0a0167907ee5af9270b49efbf32ac1e5c5ac7e9616c,215450,216105,"Continue the block-Neumann tail proof by replacing pointwise spectral differentiation with a converged Fourier coefficient-sum bound for the sixth periodic derivative, obtaining 9.214e-5 and a factor-two target 1.843e-4 below the required 2e-4",D-A021-SIXTH-DERIVATIVE-COEFFICIENT
2026-08-20T10:01:25.188902+00:00,created,research_program/article_A021_liebig_graph/c4_sixth_derivative_coefficient_assessment.md,,3c5bdaf9b12e99e9f9ad17e6ba24b51a576736b6ce8b4e61d78a4af0b57ab52e,,2219,"Continue the block-Neumann tail proof by replacing pointwise spectral differentiation with a converged Fourier coefficient-sum bound for the sixth periodic derivative, obtaining 9.214e-5 and a factor-two target 1.843e-4 below the required 2e-4",D-A021-SIXTH-DERIVATIVE-COEFFICIENT
2026-08-20T10:01:25.188902+00:00,created,research_program/article_A021_liebig_graph/computations/c4_sixth_derivative_coefficient_sum.json,,1d633a72f530540b4cf68f9d104020e456f63b058a4162b5cee211422328a0b6,,574,"Continue the block-Neumann tail proof by replacing pointwise spectral differentiation with a converged Fourier coefficient-sum bound for the sixth periodic derivative, obtaining 9.214e-5 and a factor-two target 1.843e-4 below the required 2e-4",D-A021-SIXTH-DERIVATIVE-COEFFICIENT
2026-08-20T10:01:25.188902+00:00,modified,research_program/computational_objects.csv,4501cbb4ffcfd2d6533805b8a46358543e894e27301d78a23a6d1808b5cfb454,aa5c1127c2d797311bc299a6e2677d7ecc9f4ab02bfbdda8bc57d72b94e4f702,9446,9620,"Continue the block-Neumann tail proof by replacing pointwise spectral differentiation with a converged Fourier coefficient-sum bound for the sixth periodic derivative, obtaining 9.214e-5 and a factor-two target 1.843e-4 below the required 2e-4",D-A021-SIXTH-DERIVATIVE-COEFFICIENT
2026-08-20T10:01:25.188902+00:00,modified,research_program/external_reviews/recommendation_reconciliation_all_logged.csv,8c63ae986a815d9e2df6f484ec0761b0e8fb949e52a1a9f303b95ca36d5e3ad9,fcceff8169758789411b7c9753c4bbc86fdc34cb347a585affd14d44d34b68d9,165875,166162,"Continue the block-Neumann tail proof by replacing pointwise spectral differentiation with a converged Fourier coefficient-sum bound for the sixth periodic derivative, obtaining 9.214e-5 and a factor-two target 1.843e-4 below the required 2e-4",D-A021-SIXTH-DERIVATIVE-COEFFICIENT
2026-08-21T11:54:11.711037+00:00,modified,research_program/action_register.csv,f293fd5ef0b52f6d9c91d3132afca13e510744c75a8fe4c43a9f63b934bf512c,88d0a8d6ef27f69039d3bb1b5b6ba0e942b0cc6331b6c7e2b0a94f771e28542b,168874,169494,"Continue the block-Neumann validation by perturbing the periodic orbit within the expected 2e-5 correction ball, showing sixth-derivative coefficient-sum changes below 1.27e-8 and empirical sensitivity three orders beneath the available validation margin",D-A021-SIXTH-DERIVATIVE-SENSITIVITY
2026-08-21T11:54:11.711037+00:00,modified,research_program/action_register.md,c97a89ab8ab0459963f0f0a0167907ee5af9270b49efbf32ac1e5c5ac7e9616c,7610017442e410e80b198ccd90d7a0ab5816c9c9631bebe0ed6b36712cd203c4,216105,216816,"Continue the block-Neumann validation by perturbing the periodic orbit within the expected 2e-5 correction ball, showing sixth-derivative coefficient-sum changes below 1.27e-8 and empirical sensitivity three orders beneath the available validation margin",D-A021-SIXTH-DERIVATIVE-SENSITIVITY
2026-08-21T11:54:11.711037+00:00,created,research_program/article_A021_liebig_graph/c4_sixth_derivative_orbit_ball_sensitivity.md,,ad31083b0a668d4f024235ee1c6717f4e78aa6ec14b52e4c94a6cbc3e6ccc65c,,1722,"Continue the block-Neumann validation by perturbing the periodic orbit within the expected 2e-5 correction ball, showing sixth-derivative coefficient-sum changes below 1.27e-8 and empirical sensitivity three orders beneath the available validation margin",D-A021-SIXTH-DERIVATIVE-SENSITIVITY
2026-08-21T11:54:11.711037+00:00,created,research_program/article_A021_liebig_graph/computations/c4_sixth_derivative_sensitivity.json,,8e037b41a3ca66c29c96950ca5fcacb29b301ac19e370c5fa1338f27e39a3086,,424,"Continue the block-Neumann validation by perturbing the periodic orbit within the expected 2e-5 correction ball, showing sixth-derivative coefficient-sum changes below 1.27e-8 and empirical sensitivity three orders beneath the available validation margin",D-A021-SIXTH-DERIVATIVE-SENSITIVITY
2026-08-21T11:54:11.711037+00:00,created,research_program/article_A021_liebig_graph/computations/c4_sixth_derivative_sensitivity.py,,f8b2b694feaedec5a59f7c3a82a00b74f137123aa62b4c577c660cf128c72578,,2102,"Continue the block-Neumann validation by perturbing the periodic orbit within the expected 2e-5 correction ball, showing sixth-derivative coefficient-sum changes below 1.27e-8 and empirical sensitivity three orders beneath the available validation margin",D-A021-SIXTH-DERIVATIVE-SENSITIVITY
2026-08-21T11:54:11.711037+00:00,modified,research_program/computational_objects.csv,aa5c1127c2d797311bc299a6e2677d7ecc9f4ab02bfbdda8bc57d72b94e4f702,2a03bc5fcadf4df50bfd82196d4dc49b5bc95283b497773b218b2eeb40f8c81f,9620,9820,"Continue the block-Neumann validation by perturbing the periodic orbit within the expected 2e-5 correction ball, showing sixth-derivative coefficient-sum changes below 1.27e-8 and empirical sensitivity three orders beneath the available validation margin",D-A021-SIXTH-DERIVATIVE-SENSITIVITY
2026-08-21T11:54:11.711037+00:00,modified,research_program/external_reviews/recommendation_reconciliation_all_logged.csv,fcceff8169758789411b7c9753c4bbc86fdc34cb347a585affd14d44d34b68d9,2b79bdf7958bd1c5c68c586e5fab369798863a225320a1e9bf38e95b21761eaf,166162,166451,"Continue the block-Neumann validation by perturbing the periodic orbit within the expected 2e-5 correction ball, showing sixth-derivative coefficient-sum changes below 1.27e-8 and empirical sensitivity three orders beneath the available validation margin",D-A021-SIXTH-DERIVATIVE-SENSITIVITY
2026-08-21T12:27:04.235750+00:00,modified,research_program/action_register.csv,88d0a8d6ef27f69039d3bb1b5b6ba0e942b0cc6331b6c7e2b0a94f771e28542b,6d3a985f2f35ee8592a89827ba6950a516ac4efc31589cb6e451c1d7817460d1,169494,170057,"Assemble a genuinely self-contained rigorous-theorem completion dossier embedding the concrete two-block model, equations, parameters, orbit/Floquet/slack/product data, CAP and finite-tail bounds, exact remaining proof gates, target theorem, required deliverables, and reproducibility paths",D-A021-RIGOROUS-THEOREM-DOSSIER
2026-08-21T12:27:04.235750+00:00,modified,research_program/action_register.md,7610017442e410e80b198ccd90d7a0ab5816c9c9631bebe0ed6b36712cd203c4,638bee5d54dcb27d1825bba39892a18b16eddad0de2115c75b46f2946d3cec3b,216816,217477,"Assemble a genuinely self-contained rigorous-theorem completion dossier embedding the concrete two-block model, equations, parameters, orbit/Floquet/slack/product data, CAP and finite-tail bounds, exact remaining proof gates, target theorem, required deliverables, and reproducibility paths",D-A021-RIGOROUS-THEOREM-DOSSIER
2026-08-21T12:27:04.235750+00:00,created,research_program/article_A021_liebig_graph/A021_rigorous_theorem_completion_data_dossier.md,,0b7696a3f30b497d93a0bdad7e899a73722ea8a0de2b7b6f8ac28e46bda16184,,14726,"Assemble a genuinely self-contained rigorous-theorem completion dossier embedding the concrete two-block model, equations, parameters, orbit/Floquet/slack/product data, CAP and finite-tail bounds, exact remaining proof gates, target theorem, required deliverables, and reproducibility paths",D-A021-RIGOROUS-THEOREM-DOSSIER
2026-08-21T12:27:04.235750+00:00,modified,research_program/external_reviews/recommendation_reconciliation_all_logged.csv,2b79bdf7958bd1c5c68c586e5fab369798863a225320a1e9bf38e95b21761eaf,a50065b5d3b404ff170d4b38168426b92d6ee5fd712da766b828978f12b33712,166451,166743,"Assemble a genuinely self-contained rigorous-theorem completion dossier embedding the concrete two-block model, equations, parameters, orbit/Floquet/slack/product data, CAP and finite-tail bounds, exact remaining proof gates, target theorem, required deliverables, and reproducibility paths",D-A021-RIGOROUS-THEOREM-DOSSIER
2026-08-21T12:41:26.697739+00:00,modified,research_program/action_register.csv,6d3a985f2f35ee8592a89827ba6950a516ac4efc31589cb6e451c1d7817460d1,8b84ee82ecc65645fdfeac39f1432b3d8c7d954d08180762967e0ab4699779d0,170057,171329,"Accept ER036's valid raw-data delivery defect and export K80/K120/K240 Newton Fourier coefficients as portable CSV with signed modes, state labels, periods, one-ULP storage hulls, hashes, and reconstruction convention, updating the self-contained theorem dossier without theorem promotion",I-A021-FOURIER-COEFFICIENT-EXPORT
2026-08-21T12:41:26.697739+00:00,modified,research_program/action_register.md,638bee5d54dcb27d1825bba39892a18b16eddad0de2115c75b46f2946d3cec3b,1805925b6f2eb0b302a903e6909172828b5207a59d666b12b11d0da6c0b7a57d,217477,218946,"Accept ER036's valid raw-data delivery defect and export K80/K120/K240 Newton Fourier coefficients as portable CSV with signed modes, state labels, periods, one-ULP storage hulls, hashes, and reconstruction convention, updating the self-contained theorem dossier without theorem promotion",I-A021-FOURIER-COEFFICIENT-EXPORT
2026-08-21T12:41:26.697739+00:00,modified,research_program/article_A021_liebig_graph/A021_rigorous_theorem_completion_data_dossier.md,0b7696a3f30b497d93a0bdad7e899a73722ea8a0de2b7b6f8ac28e46bda16184,c52b62d339b67606d14e15d1ef2daa489e259cc376da32ad9919e31d830d9795,14726,15839,"Accept ER036's valid raw-data delivery defect and export K80/K120/K240 Newton Fourier coefficients as portable CSV with signed modes, state labels, periods, one-ULP storage hulls, hashes, and reconstruction convention, updating the self-contained theorem dossier without theorem promotion",I-A021-FOURIER-COEFFICIENT-EXPORT
2026-08-21T12:41:26.697739+00:00,created,research_program/article_A021_liebig_graph/computations/c4_fourier_coefficients_K120.csv,,f6273d99f2eefcd21a0b843da0783ca26eec537e164962d54f0c8d5f29d5b783,,162615,"Accept ER036's valid raw-data delivery defect and export K80/K120/K240 Newton Fourier coefficients as portable CSV with signed modes, state labels, periods, one-ULP storage hulls, hashes, and reconstruction convention, updating the self-contained theorem dossier without theorem promotion",I-A021-FOURIER-COEFFICIENT-EXPORT
2026-08-21T12:41:26.697739+00:00,created,research_program/article_A021_liebig_graph/computations/c4_fourier_coefficients_K240.csv,,7f730b92bb4345b923152aa37d39cc1b02a17297085ca08e54a9cefaccd1c5aa,,326235,"Accept ER036's valid raw-data delivery defect and export K80/K120/K240 Newton Fourier coefficients as portable CSV with signed modes, state labels, periods, one-ULP storage hulls, hashes, and reconstruction convention, updating the self-contained theorem dossier without theorem promotion",I-A021-FOURIER-COEFFICIENT-EXPORT
2026-08-21T12:41:26.697739+00:00,created,research_program/article_A021_liebig_graph/computations/c4_fourier_coefficients_K80.csv,,9ee11550ec447ed5638e57a232161d61e7bdca7eea8429e640a207eb69f4977d,,107423,"Accept ER036's valid raw-data delivery defect and export K80/K120/K240 Newton Fourier coefficients as portable CSV with signed modes, state labels, periods, one-ULP storage hulls, hashes, and reconstruction convention, updating the self-contained theorem dossier without theorem promotion",I-A021-FOURIER-COEFFICIENT-EXPORT
2026-08-21T12:41:26.697739+00:00,created,research_program/article_A021_liebig_graph/computations/c4_fourier_coefficients_manifest.json,,9fccb20c6df8b11dfcc97ea8b7b64a8a9e8c21c2ef7a99cbcf9e57a2fc9c7c52,,967,"Accept ER036's valid raw-data delivery defect and export K80/K120/K240 Newton Fourier coefficients as portable CSV with signed modes, state labels, periods, one-ULP storage hulls, hashes, and reconstruction convention, updating the self-contained theorem dossier without theorem promotion",I-A021-FOURIER-COEFFICIENT-EXPORT
2026-08-21T12:41:26.697739+00:00,created,research_program/article_A021_liebig_graph/computations/export_c4_fourier_coefficients.py,,a3808f9b7c465806f92796663537ba5a2b62da31984fa8e16e09464fcad152c3,,1528,"Accept ER036's valid raw-data delivery defect and export K80/K120/K240 Newton Fourier coefficients as portable CSV with signed modes, state labels, periods, one-ULP storage hulls, hashes, and reconstruction convention, updating the self-contained theorem dossier without theorem promotion",I-A021-FOURIER-COEFFICIENT-EXPORT
2026-08-21T12:41:26.697739+00:00,modified,research_program/computational_objects.csv,2a03bc5fcadf4df50bfd82196d4dc49b5bc95283b497773b218b2eeb40f8c81f,77e97a1cf9dbfaaee52f7a3650c2456e003f3d4322c2fbc4a5da772205827a97,9820,9881,"Accept ER036's valid raw-data delivery defect and export K80/K120/K240 Newton Fourier coefficients as portable CSV with signed modes, state labels, periods, one-ULP storage hulls, hashes, and reconstruction convention, updating the self-contained theorem dossier without theorem promotion",I-A021-FOURIER-COEFFICIENT-EXPORT
2026-08-21T12:41:26.697739+00:00,modified,research_program/external_review_registry.csv,be2b37b85ddcf782467f2fff44c7169f13b2de85a6bfcf2bf0c295cba3417c0f,4d086c0bc0a5eb9826fc8de340941f921327582142a6c6b91dbcb3cd008317cd,20605,21085,"Accept ER036's valid raw-data delivery defect and export K80/K120/K240 Newton Fourier coefficients as portable CSV with signed modes, state labels, periods, one-ULP storage hulls, hashes, and reconstruction convention, updating the self-contained theorem dossier without theorem promotion",I-A021-FOURIER-COEFFICIENT-EXPORT
2026-08-21T12:41:26.697739+00:00,created,research_program/external_reviews/ER036_A021_missing_raw_coefficients/normalized_capture.md,,3bf611aeb6e178e61044edd73aea9deedcfac9efc138c71d337d3c4d45d89e74,,669,"Accept ER036's valid raw-data delivery defect and export K80/K120/K240 Newton Fourier coefficients as portable CSV with signed modes, state labels, periods, one-ULP storage hulls, hashes, and reconstruction convention, updating the self-contained theorem dossier without theorem promotion",I-A021-FOURIER-COEFFICIENT-EXPORT
2026-08-21T12:41:26.697739+00:00,created,research_program/external_reviews/ER036_A021_missing_raw_coefficients/point_inventory.md,,69527d0208714a0013a946cab9f33e80e51afa7e13c33f11a0827d04a6c977ba,,894,"Accept ER036's valid raw-data delivery defect and export K80/K120/K240 Newton Fourier coefficients as portable CSV with signed modes, state labels, periods, one-ULP storage hulls, hashes, and reconstruction convention, updating the self-contained theorem dossier without theorem promotion",I-A021-FOURIER-COEFFICIENT-EXPORT
2026-08-21T12:41:26.697739+00:00,modified,research_program/external_reviews/recommendation_reconciliation_all_logged.csv,a50065b5d3b404ff170d4b38168426b92d6ee5fd712da766b828978f12b33712,168beeb686053b54c9d74f2565909a0c1739e2c84c7deb5231ddda300143d1ca,166743,167193,"Accept ER036's valid raw-data delivery defect and export K80/K120/K240 Newton Fourier coefficients as portable CSV with signed modes, state labels, periods, one-ULP storage hulls, hashes, and reconstruction convention, updating the self-contained theorem dossier without theorem promotion",I-A021-FOURIER-COEFFICIENT-EXPORT
2026-08-21T12:50:46.651075+00:00,modified,research_program/action_register.csv,8b84ee82ecc65645fdfeac39f1432b3d8c7d954d08180762967e0ab4699779d0,3a197a5c4385d9b11c151ed768b1f5d764f17759aa3acdcc39b0ddf00d3f9f34,171329,171908,"Use the exported one-ULP K80 Fourier coefficient and period hulls in outward interval vector-field evaluation, obtaining storage-aware Y<=3.49e-9, Z0<=4.27e-5, and a negative finite radii polynomial while retaining the infinite tail and true orbit ball as open",D-A021-STORAGE-HULL-INTERVAL
2026-08-21T12:50:46.651075+00:00,modified,research_program/action_register.md,1805925b6f2eb0b302a903e6909172828b5207a59d666b12b11d0da6c0b7a57d,769955dc59b7e7ddff32d4199f59605cad515478c3344f41a796bcc845b40f3e,218946,219616,"Use the exported one-ULP K80 Fourier coefficient and period hulls in outward interval vector-field evaluation, obtaining storage-aware Y<=3.49e-9, Z0<=4.27e-5, and a negative finite radii polynomial while retaining the infinite tail and true orbit ball as open",D-A021-STORAGE-HULL-INTERVAL
2026-08-21T12:50:46.651075+00:00,created,research_program/article_A021_liebig_graph/c4_storage_hull_interval_assessment.md,,cfc6d9ee425e9006050544a05112cb5c34fce0075725d6eecff573ffc3544640,,2306,"Use the exported one-ULP K80 Fourier coefficient and period hulls in outward interval vector-field evaluation, obtaining storage-aware Y<=3.49e-9, Z0<=4.27e-5, and a negative finite radii polynomial while retaining the infinite tail and true orbit ball as open",D-A021-STORAGE-HULL-INTERVAL
2026-08-21T12:50:46.651075+00:00,created,research_program/article_A021_liebig_graph/computations/c4_K80_storage_interval_certificate.json,,a1bd4a21c4fb6e94bc6de45cff8f7cdb0c21027a72ae5e67919d877eddaeaa81,,979,"Use the exported one-ULP K80 Fourier coefficient and period hulls in outward interval vector-field evaluation, obtaining storage-aware Y<=3.49e-9, Z0<=4.27e-5, and a negative finite radii polynomial while retaining the infinite tail and true orbit ball as open",D-A021-STORAGE-HULL-INTERVAL
2026-08-21T12:50:46.651075+00:00,created,research_program/article_A021_liebig_graph/computations/c4_K80_storage_interval_certificate.py,,905ba7bb5553fd9bfd75eda3bd3030e070137e9a227403e509049705ffc0f845,,3533,"Use the exported one-ULP K80 Fourier coefficient and period hulls in outward interval vector-field evaluation, obtaining storage-aware Y<=3.49e-9, Z0<=4.27e-5, and a negative finite radii polynomial while retaining the infinite tail and true orbit ball as open",D-A021-STORAGE-HULL-INTERVAL
2026-08-21T12:50:46.651075+00:00,modified,research_program/computational_objects.csv,77e97a1cf9dbfaaee52f7a3650c2456e003f3d4322c2fbc4a5da772205827a97,ea31dae3c8b631b30080e604d81f12e381be739c98958fdc6fdd68f989016191,9881,10112,"Use the exported one-ULP K80 Fourier coefficient and period hulls in outward interval vector-field evaluation, obtaining storage-aware Y<=3.49e-9, Z0<=4.27e-5, and a negative finite radii polynomial while retaining the infinite tail and true orbit ball as open",D-A021-STORAGE-HULL-INTERVAL
2026-08-21T12:50:46.651075+00:00,modified,research_program/external_reviews/recommendation_reconciliation_all_logged.csv,168beeb686053b54c9d74f2565909a0c1739e2c84c7deb5231ddda300143d1ca,3a57e3699969e3c41c341d32ead4efb4ae1f2dde2457a72467082bb801bff49c,167193,167451,"Use the exported one-ULP K80 Fourier coefficient and period hulls in outward interval vector-field evaluation, obtaining storage-aware Y<=3.49e-9, Z0<=4.27e-5, and a negative finite radii polynomial while retaining the infinite tail and true orbit ball as open",D-A021-STORAGE-HULL-INTERVAL
2026-08-21T13:22:40.205220+00:00,modified,research_program/action_register.csv,3a197a5c4385d9b11c151ed768b1f5d764f17759aa3acdcc39b0ddf00d3f9f34,bd44c20c31f3149953ff8bebba11063c9a53203ba10d89ed13cd1a8e6ad5c18d,171908,172494,"Log ER037 as the first of two CAP-deliverables audits, preserve its no-promotion gate structure, note superseding finite interval and tail progress, and defer joint adjudication until ER038",ER037-RECEIVED
2026-08-21T13:22:40.205220+00:00,modified,research_program/action_register.md,769955dc59b7e7ddff32d4199f59605cad515478c3344f41a796bcc845b40f3e,51e5c194e4beee78df2ec41cd98c1c67dd52708b33756fad60e51505964adf41,219616,220362,"Log ER037 as the first of two CAP-deliverables audits, preserve its no-promotion gate structure, note superseding finite interval and tail progress, and defer joint adjudication until ER038",ER037-RECEIVED
2026-08-21T13:22:40.205220+00:00,modified,research_program/external_review_registry.csv,4d086c0bc0a5eb9826fc8de340941f921327582142a6c6b91dbcb3cd008317cd,ac996b0244e1eb2e31d4d222b525127e28ce76d9d452236cbd6b62598f59a514,21085,21616,"Log ER037 as the first of two CAP-deliverables audits, preserve its no-promotion gate structure, note superseding finite interval and tail progress, and defer joint adjudication until ER038",ER037-RECEIVED
2026-08-21T13:22:40.205220+00:00,created,research_program/external_reviews/ER037_A021_CAP_deliverables_parallel_1/normalized_capture.md,,989c4ab8ab97c97576b3fb2b1bd4752503f4a37a72644743d3162bc42326d4a3,,800,"Log ER037 as the first of two CAP-deliverables audits, preserve its no-promotion gate structure, note superseding finite interval and tail progress, and defer joint adjudication until ER038",ER037-RECEIVED
2026-08-21T13:22:40.205220+00:00,created,research_program/external_reviews/ER037_A021_CAP_deliverables_parallel_1/point_inventory.md,,9beb2e0be39761aba624c14f420ed1f6d727ea1d7d4b548fa6d7a8aed379537f,,1690,"Log ER037 as the first of two CAP-deliverables audits, preserve its no-promotion gate structure, note superseding finite interval and tail progress, and defer joint adjudication until ER038",ER037-RECEIVED
2026-08-21T13:22:40.205220+00:00,modified,research_program/external_reviews/recommendation_reconciliation_all_logged.csv,3a57e3699969e3c41c341d32ead4efb4ae1f2dde2457a72467082bb801bff49c,5def36af6291164b39204cfe6712f0f3993295cba4a568c772a82008b055bbf2,167451,167782,"Log ER037 as the first of two CAP-deliverables audits, preserve its no-promotion gate structure, note superseding finite interval and tail progress, and defer joint adjudication until ER038",ER037-RECEIVED
2026-08-21T13:27:01.916852+00:00,modified,research_program/action_register.csv,bd44c20c31f3149953ff8bebba11063c9a53203ba10d89ed13cd1a8e6ad5c18d,c70461ee4a084468e36dd52be7f53c43e9bd0baaf72fcb03e5b7da8a2325a3c9,172494,173043,"Close the abstract theorem-proof gate with a self-contained quantitative time-T graph transform, derivative fiber contraction, sampled-to-semiflow uniqueness argument, local attraction, and projected-curve embedding proof, leaving only concrete continuum certificates, coupling, and localization for C4 application",D-A021-SELF-CONTAINED-PERSISTENCE-PROOF
2026-08-21T13:27:01.916852+00:00,modified,research_program/action_register.md,51e5c194e4beee78df2ec41cd98c1c67dd52708b33756fad60e51505964adf41,6c3d8018ddfc06f9f776e32b33eaa00166fa90a4d54ad5f14ade3cf0609953e1,220362,221002,"Close the abstract theorem-proof gate with a self-contained quantitative time-T graph transform, derivative fiber contraction, sampled-to-semiflow uniqueness argument, local attraction, and projected-curve embedding proof, leaving only concrete continuum certificates, coupling, and localization for C4 application",D-A021-SELF-CONTAINED-PERSISTENCE-PROOF
2026-08-21T13:27:01.916852+00:00,created,research_program/article_A021_liebig_graph/generic_two_block_periodic_persistence_theorem.md,,bb4ece8798d8f7d6a8d4be515f53a776981454d093abd78f84d7062e2d21640f,,8405,"Close the abstract theorem-proof gate with a self-contained quantitative time-T graph transform, derivative fiber contraction, sampled-to-semiflow uniqueness argument, local attraction, and projected-curve embedding proof, leaving only concrete continuum certificates, coupling, and localization for C4 application",D-A021-SELF-CONTAINED-PERSISTENCE-PROOF
2026-08-21T13:27:01.916852+00:00,modified,research_program/external_reviews/recommendation_reconciliation_all_logged.csv,5def36af6291164b39204cfe6712f0f3993295cba4a568c772a82008b055bbf2,ae9fd6efd3c54dac72561079fb4ec644c6a8cc98f56a0fe842bfb05dbd0177d2,167782,168071,"Close the abstract theorem-proof gate with a self-contained quantitative time-T graph transform, derivative fiber contraction, sampled-to-semiflow uniqueness argument, local attraction, and projected-curve embedding proof, leaving only concrete continuum certificates, coupling, and localization for C4 application",D-A021-SELF-CONTAINED-PERSISTENCE-PROOF
2026-08-21T14:12:29.696171+00:00,modified,research_program/action_register.csv,c70461ee4a084468e36dd52be7f53c43e9bd0baaf72fcb03e5b7da8a2325a3c9,e4bd712b6e678c13c3d847c4b0d66530e31f2b62a7f34521469fb5286b55f09e,173043,173589,"Register the supplied 72,580-word manuscript v18 as a supplemental A018 candidate and assess its A021 relevance: it supplies the general smooth vector-Liebig service but explicitly leaves the vector-to-C4 reduction open, so concrete f,g remain absent and canonical substitution awaits a full version audit",SRC-A018-V18-RECEIVED
2026-08-21T14:12:29.696171+00:00,modified,research_program/action_register.md,6c3d8018ddfc06f9f776e32b33eaa00166fa90a4d54ad5f14ade3cf0609953e1,ca25e334e72614a2ccbf0a341c75980708cfa57534e96b6d9306e7af8e12ec74,221002,221644,"Register the supplied 72,580-word manuscript v18 as a supplemental A018 candidate and assess its A021 relevance: it supplies the general smooth vector-Liebig service but explicitly leaves the vector-to-C4 reduction open, so concrete f,g remain absent and canonical substitution awaits a full version audit",SRC-A018-V18-RECEIVED
2026-08-21T14:12:29.696171+00:00,created,research_program/article_A021_liebig_graph/manuscript_v18_coupling_assessment.md,,35139873dfd2612ddc5acd4669fecebb910366bf23023bc4cc45563b16c9d2dc,,4004,"Register the supplied 72,580-word manuscript v18 as a supplemental A018 candidate and assess its A021 relevance: it supplies the general smooth vector-Liebig service but explicitly leaves the vector-to-C4 reduction open, so concrete f,g remain absent and canonical substitution awaits a full version audit",SRC-A018-V18-RECEIVED
2026-08-21T14:12:29.696171+00:00,modified,research_program/external_reviews/recommendation_reconciliation_all_logged.csv,ae9fd6efd3c54dac72561079fb4ec644c6a8cc98f56a0fe842bfb05dbd0177d2,a9599f196362331e7ab01f45ab45026603ca13a1274faef7fbc5f92d0851b9e4,168071,168351,"Register the supplied 72,580-word manuscript v18 as a supplemental A018 candidate and assess its A021 relevance: it supplies the general smooth vector-Liebig service but explicitly leaves the vector-to-C4 reduction open, so concrete f,g remain absent and canonical substitution awaits a full version audit",SRC-A018-V18-RECEIVED
2026-08-21T14:12:29.696171+00:00,modified,research_program/source_registry.csv,59fdc88f412eaaa986596cebd86bc6adecc98e620180ab2049ab29650c72bbee,56149fe43c279c37fe34e646627229cac288dafb2c76a6ed32d45010e744edd3,12631,13028,"Register the supplied 72,580-word manuscript v18 as a supplemental A018 candidate and assess its A021 relevance: it supplies the general smooth vector-Liebig service but explicitly leaves the vector-to-C4 reduction open, so concrete f,g remain absent and canonical substitution awaits a full version audit",SRC-A018-V18-RECEIVED
2026-08-21T14:12:29.696171+00:00,created,uploads/manuscript_v18_dehedged.txt,,15b6da19449d40ae9c5233dc8110e44b4f604f1673fd34a1671ab45b50d99acd,,606247,"Register the supplied 72,580-word manuscript v18 as a supplemental A018 candidate and assess its A021 relevance: it supplies the general smooth vector-Liebig service but explicitly leaves the vector-to-C4 reduction open, so concrete f,g remain absent and canonical substitution awaits a full version audit",SRC-A018-V18-RECEIVED
2026-08-21T14:28:11.303124+00:00,modified,research_program/action_register.csv,e4bd712b6e678c13c3d847c4b0d66530e31f2b62a7f34521469fb5286b55f09e,38ac3dd4d00aa6c148d414477f9bd54f090d8f6c44a971e226b0f6dcf60d93fa,173589,174409,"Correct the overcompressed programme publication plan after reassessing the master corpus and A001-A025: supersede the two-paper architecture with five assured coherent papers, a near-ready conditional A021 paper, a conditional stage/spatial paper, and gated later domain papers under the joint non-loss/minimum rule",D-PUB-ARCH-REASSESS-02
2026-08-21T14:28:11.303124+00:00,modified,research_program/action_register.md,ca25e334e72614a2ccbf0a341c75980708cfa57534e96b6d9306e7af8e12ec74,8fa7aa33d6575bcce115c960a0fc19e212c0f1ae9de0ce0ef8a496b65315b1d2,221644,222612,"Correct the overcompressed programme publication plan after reassessing the master corpus and A001-A025: supersede the two-paper architecture with five assured coherent papers, a near-ready conditional A021 paper, a conditional stage/spatial paper, and gated later domain papers under the joint non-loss/minimum rule",D-PUB-ARCH-REASSESS-02
2026-08-21T14:28:11.303124+00:00,modified,research_program/cross_article_review_A001_A025.md,958837f9eb1ba81acae8f570bc13d3f6a4736319eec14cd9d7d1c7076bb5919e,1add1c7ba1d5b8580b5279a8fda78b4f7f2100e9338fac8b03ba4ef9ec6b81de,25911,26297,"Correct the overcompressed programme publication plan after reassessing the master corpus and A001-A025: supersede the two-paper architecture with five assured coherent papers, a near-ready conditional A021 paper, a conditional stage/spatial paper, and gated later domain papers under the joint non-loss/minimum rule",D-PUB-ARCH-REASSESS-02
2026-08-21T14:28:11.303124+00:00,modified,research_program/external_reviews/recommendation_reconciliation_all_logged.csv,a9599f196362331e7ab01f45ab45026603ca13a1274faef7fbc5f92d0851b9e4,beb134b59bbb49542b8b9ad7a5f83684fc9fe851d5852c6665e26308fbb29433,168351,168656,"Correct the overcompressed programme publication plan after reassessing the master corpus and A001-A025: supersede the two-paper architecture with five assured coherent papers, a near-ready conditional A021 paper, a conditional stage/spatial paper, and gated later domain papers under the joint non-loss/minimum rule",D-PUB-ARCH-REASSESS-02
2026-08-21T14:28:11.303124+00:00,modified,research_program/program_roadmap_A018_A025_evaluation.md,aa24c22db305c55afb4b129113a37d169e89fe5c6e734b106851f3bce09be4cc,8e1b0e03006134aac5f479050385419273d0b396ce8e5631c25ddf6ee539622d,1497,1657,"Correct the overcompressed programme publication plan after reassessing the master corpus and A001-A025: supersede the two-paper architecture with five assured coherent papers, a near-ready conditional A021 paper, a conditional stage/spatial paper, and gated later domain papers under the joint non-loss/minimum rule",D-PUB-ARCH-REASSESS-02
2026-08-21T14:28:11.303124+00:00,created,research_program/revised_optimal_publication_architecture_A001_A025.md,,a9841227bf1b399738ef98b16d0ec0a4a8c02e1939e7b585512461f1c8057d26,,8125,"Correct the overcompressed programme publication plan after reassessing the master corpus and A001-A025: supersede the two-paper architecture with five assured coherent papers, a near-ready conditional A021 paper, a conditional stage/spatial paper, and gated later domain papers under the joint non-loss/minimum rule",D-PUB-ARCH-REASSESS-02
2026-08-21T15:25:00.487126+00:00,modified,research_program/action_register.csv,38ac3dd4d00aa6c148d414477f9bd54f090d8f6c44a971e226b0f6dcf60d93fa,a21b8e2f37279cfd6f9c70f682713ef9d53729aca73dc6eac8eeb626f3d9c2cd,174409,175591,"Receive ER039 as the first publication-strategy audit and inventory the remaining obstacles to a coherent general theory: canonical typed schema, full concordance, notation, theorem interfaces, composition, empirical closure, institutional/distributive implementation, reproducibility, novelty, and disciplined scope",D-GENERAL-THEORY-OBSTACLES-01
2026-08-21T15:25:00.487126+00:00,modified,research_program/action_register.md,8fa7aa33d6575bcce115c960a0fc19e212c0f1ae9de0ce0ef8a496b65315b1d2,5768534e934f51160255fa1c7990e29fe71d0b0acf4002982bf418a3dfe3ebe0,222612,224045,"Receive ER039 as the first publication-strategy audit and inventory the remaining obstacles to a coherent general theory: canonical typed schema, full concordance, notation, theorem interfaces, composition, empirical closure, institutional/distributive implementation, reproducibility, novelty, and disciplined scope",D-GENERAL-THEORY-OBSTACLES-01
2026-08-21T15:25:00.487126+00:00,modified,research_program/external_review_registry.csv,ac996b0244e1eb2e31d4d222b525127e28ce76d9d452236cbd6b62598f59a514,77c700011dba42b25d9668a6e1332bb4a84414e011a511a181881924d01c2273,21616,22150,"Receive ER039 as the first publication-strategy audit and inventory the remaining obstacles to a coherent general theory: canonical typed schema, full concordance, notation, theorem interfaces, composition, empirical closure, institutional/distributive implementation, reproducibility, novelty, and disciplined scope",D-GENERAL-THEORY-OBSTACLES-01
2026-08-21T15:25:00.487126+00:00,created,research_program/external_reviews/ER039_publication_strategy_monograph_led/normalized_capture.md,,7b1fbef85b1fd3d01be88901f9bb0c8e36e2d6243b3330339efdd3389fcdabc5,,935,"Receive ER039 as the first publication-strategy audit and inventory the remaining obstacles to a coherent general theory: canonical typed schema, full concordance, notation, theorem interfaces, composition, empirical closure, institutional/distributive implementation, reproducibility, novelty, and disciplined scope",D-GENERAL-THEORY-OBSTACLES-01
2026-08-21T15:25:00.487126+00:00,created,research_program/external_reviews/ER039_publication_strategy_monograph_led/point_inventory.md,,1a15d72f896d0dd0cdfa65b741156519f0b342c73f75be95598da993a4c40884,,2348,"Receive ER039 as the first publication-strategy audit and inventory the remaining obstacles to a coherent general theory: canonical typed schema, full concordance, notation, theorem interfaces, composition, empirical closure, institutional/distributive implementation, reproducibility, novelty, and disciplined scope",D-GENERAL-THEORY-OBSTACLES-01
2026-08-21T15:25:00.487126+00:00,modified,research_program/external_reviews/recommendation_reconciliation_all_logged.csv,beb134b59bbb49542b8b9ad7a5f83684fc9fe851d5852c6665e26308fbb29433,85f179f82271e0bfbb671c72a7e16e59e2ac3e5111d44bd6ea113e7fb706a823,168656,169314,"Receive ER039 as the first publication-strategy audit and inventory the remaining obstacles to a coherent general theory: canonical typed schema, full concordance, notation, theorem interfaces, composition, empirical closure, institutional/distributive implementation, reproducibility, novelty, and disciplined scope",D-GENERAL-THEORY-OBSTACLES-01
2026-08-21T15:25:00.487126+00:00,created,research_program/remaining_obstacles_to_general_theory.md,,8542a02fd1e1f8255f8ed8d8a43acdd64ac99805fa3faf352b5f2a6663c6bb49,,7287,"Receive ER039 as the first publication-strategy audit and inventory the remaining obstacles to a coherent general theory: canonical typed schema, full concordance, notation, theorem interfaces, composition, empirical closure, institutional/distributive implementation, reproducibility, novelty, and disciplined scope",D-GENERAL-THEORY-OBSTACLES-01
2026-08-21T15:25:07.364133+00:00,modified,research_program/external_review_registry.csv,77c700011dba42b25d9668a6e1332bb4a84414e011a511a181881924d01c2273,e9ef69bb2a35a4a07f0e1fd1240f7dfec0a38dc8ea44aae71a3edce11eb93792,22150,22214,Complete ER039 registry metadata with normalized-capture SHA-256,ER039-RECEIVED
2026-08-21T16:18:40.474216+00:00,modified,research_program/action_register.csv,a21b8e2f37279cfd6f9c70f682713ef9d53729aca73dc6eac8eeb626f3d9c2cd,df45c6550148c5870e99faa68abad764d7ad5a7179c9207bff8871c46f781ab2,175591,176088,"Log ER040 as the second publication-strategy audit, preserving its constrained minimum-paper principle, five-paper core, conditional Papers 6-7, monograph/full-report and living-concordance recommendations, while leaving the announced publication audit batch open",ER040-RECEIVED
2026-08-21T16:18:40.474216+00:00,modified,research_program/action_register.md,5768534e934f51160255fa1c7990e29fe71d0b0acf4002982bf418a3dfe3ebe0,82b8329d9f03d439d181168d629e5252a3a4c8a748846fc7718f4b1001cef598,224045,224641,"Log ER040 as the second publication-strategy audit, preserving its constrained minimum-paper principle, five-paper core, conditional Papers 6-7, monograph/full-report and living-concordance recommendations, while leaving the announced publication audit batch open",ER040-RECEIVED
2026-08-21T16:18:40.474216+00:00,modified,research_program/external_review_registry.csv,e9ef69bb2a35a4a07f0e1fd1240f7dfec0a38dc8ea44aae71a3edce11eb93792,256a122d8a3b25a11016c5d8a07d4995b54bf2cd8e7a932490d98bfcc5953247,22214,22770,"Log ER040 as the second publication-strategy audit, preserving its constrained minimum-paper principle, five-paper core, conditional Papers 6-7, monograph/full-report and living-concordance recommendations, while leaving the announced publication audit batch open",ER040-RECEIVED
2026-08-21T16:18:40.474216+00:00,created,research_program/external_reviews/ER040_publication_strategy_coherent_series/normalized_capture.md,,6cc57835edcfc25da107133de824d13d12c52ac1654ae9e5e022e2c233d4305f,,1203,"Log ER040 as the second publication-strategy audit, preserving its constrained minimum-paper principle, five-paper core, conditional Papers 6-7, monograph/full-report and living-concordance recommendations, while leaving the announced publication audit batch open",ER040-RECEIVED
2026-08-21T16:18:40.474216+00:00,created,research_program/external_reviews/ER040_publication_strategy_coherent_series/point_inventory.md,,9693c6f218b3159281e45c23ec5dadf74f446aa79e2dfbea5dc3d9cdff60da32,,1597,"Log ER040 as the second publication-strategy audit, preserving its constrained minimum-paper principle, five-paper core, conditional Papers 6-7, monograph/full-report and living-concordance recommendations, while leaving the announced publication audit batch open",ER040-RECEIVED
2026-08-21T16:18:40.474216+00:00,modified,research_program/external_reviews/recommendation_reconciliation_all_logged.csv,85f179f82271e0bfbb671c72a7e16e59e2ac3e5111d44bd6ea113e7fb706a823,17c5a3cbb56f2c484e0c1da047629a46056f5d866891e0ac9ebd37d605a1563f,169314,169554,"Log ER040 as the second publication-strategy audit, preserving its constrained minimum-paper principle, five-paper core, conditional Papers 6-7, monograph/full-report and living-concordance recommendations, while leaving the announced publication audit batch open",ER040-RECEIVED
2026-08-21T16:38:26.890084+00:00,modified,research_program/action_register.csv,df45c6550148c5870e99faa68abad764d7ad5a7179c9207bff8871c46f781ab2,e38938b7c5a0bd9592d23a0fc3ba8cd8c56aa4d0869484819b53e9191f283828,176088,176625,"Log ER041 as the third publication-strategy audit, preserving its citation-closure/dependency-graph criterion, theorem-atlas independence test, A018 seam test, Paper-1 wrapper challenge, and trigger-based 5-now/6-on-proof/7-plus-on-gates sequence",ER041-RECEIVED
2026-08-21T16:38:26.890084+00:00,modified,research_program/action_register.md,82b8329d9f03d439d181168d629e5252a3a4c8a748846fc7718f4b1001cef598,0dcb5d07ed61fdfcdda55b8da1ffb378b02cb6781fc01ac8b45c29e23f97575b,224641,225275,"Log ER041 as the third publication-strategy audit, preserving its citation-closure/dependency-graph criterion, theorem-atlas independence test, A018 seam test, Paper-1 wrapper challenge, and trigger-based 5-now/6-on-proof/7-plus-on-gates sequence",ER041-RECEIVED
2026-08-21T16:38:26.890084+00:00,modified,research_program/external_review_registry.csv,256a122d8a3b25a11016c5d8a07d4995b54bf2cd8e7a932490d98bfcc5953247,82fa28e70c5329ff4542a92c96a8c20d9e864a4e7f082211ec0ac77870cbe64a,22770,23381,"Log ER041 as the third publication-strategy audit, preserving its citation-closure/dependency-graph criterion, theorem-atlas independence test, A018 seam test, Paper-1 wrapper challenge, and trigger-based 5-now/6-on-proof/7-plus-on-gates sequence",ER041-RECEIVED
2026-08-21T16:38:26.890084+00:00,created,research_program/external_reviews/ER041_publication_strategy_dependency_graph/normalized_capture.md,,83183343f4c55e0fe4ac0b670edfc0c9f880dbc9847cc719043847d3cbc3ea87,,1291,"Log ER041 as the third publication-strategy audit, preserving its citation-closure/dependency-graph criterion, theorem-atlas independence test, A018 seam test, Paper-1 wrapper challenge, and trigger-based 5-now/6-on-proof/7-plus-on-gates sequence",ER041-RECEIVED
2026-08-21T16:38:26.890084+00:00,created,research_program/external_reviews/ER041_publication_strategy_dependency_graph/point_inventory.md,,664b4bcc07627713177720d7b84566dad1c14d389b9463c6a40beec72762d461,,2128,"Log ER041 as the third publication-strategy audit, preserving its citation-closure/dependency-graph criterion, theorem-atlas independence test, A018 seam test, Paper-1 wrapper challenge, and trigger-based 5-now/6-on-proof/7-plus-on-gates sequence",ER041-RECEIVED
2026-08-21T16:38:26.890084+00:00,modified,research_program/external_reviews/recommendation_reconciliation_all_logged.csv,17c5a3cbb56f2c484e0c1da047629a46056f5d866891e0ac9ebd37d605a1563f,2e924f6bee5b0def3bb53d07ec99bb2276bb60db290a03a111ee3b7fe2cf4bbe,169554,169800,"Log ER041 as the third publication-strategy audit, preserving its citation-closure/dependency-graph criterion, theorem-atlas independence test, A018 seam test, Paper-1 wrapper challenge, and trigger-based 5-now/6-on-proof/7-plus-on-gates sequence",ER041-RECEIVED
2026-08-21T17:14:40.447202+00:00,modified,research_program/action_register.csv,e38938b7c5a0bd9592d23a0fc3ba8cd8c56aa4d0869484819b53e9191f283828,e6a46d24a3fe59d0346fc3c36520f2a437270578ec3fcb1ef0026194a3672f09,176625,178652,"Log ER042 and ER043, close and jointly adjudicate ER039-ER043, and implement the federated citation-closed publication architecture",I-PUB-STRATEGY-JOINT-ARCH-01
2026-08-21T17:14:40.447202+00:00,modified,research_program/action_register.md,0dcb5d07ed61fdfcdda55b8da1ffb378b02cb6781fc01ac8b45c29e23f97575b,697d1450f3d9055ba23b3c4baa0617159928c5c65c9f032b61af16faafd117ff,225275,227724,"Log ER042 and ER043, close and jointly adjudicate ER039-ER043, and implement the federated citation-closed publication architecture",I-PUB-STRATEGY-JOINT-ARCH-01
2026-08-21T17:14:40.447202+00:00,modified,research_program/cross_article_review_A001_A025.md,1add1c7ba1d5b8580b5279a8fda78b4f7f2100e9338fac8b03ba4ef9ec6b81de,8d651ca889ef542de7d58254f37c2fe13607a346cd0e52ffefab91dd4faa9a61,26297,26655,"Log ER042 and ER043, close and jointly adjudicate ER039-ER043, and implement the federated citation-closed publication architecture",I-PUB-STRATEGY-JOINT-ARCH-01
2026-08-21T17:14:40.447202+00:00,modified,research_program/external_review_registry.csv,82fa28e70c5329ff4542a92c96a8c20d9e864a4e7f082211ec0ac77870cbe64a,61a1a3286ff91d1b7b4ac9103b0013b5f0532aacc3d47ef7b14aad13c3f2d106,23381,24463,"Log ER042 and ER043, close and jointly adjudicate ER039-ER043, and implement the federated citation-closed publication architecture",I-PUB-STRATEGY-JOINT-ARCH-01
2026-08-21T17:14:40.447202+00:00,created,research_program/external_reviews/ER042_publication_strategy_flagship_orbit/normalized_capture.md,,c17e871fed4f9fc0243f37d0afb644c1771628a80d7728998b19feb67c50a1f3,,1200,"Log ER042 and ER043, close and jointly adjudicate ER039-ER043, and implement the federated citation-closed publication architecture",I-PUB-STRATEGY-JOINT-ARCH-01
2026-08-21T17:14:40.447202+00:00,created,research_program/external_reviews/ER042_publication_strategy_flagship_orbit/point_inventory.md,,268708d31fdb816ac05115ce36ec2a36a2f124933acbe2c9d592b0cf54c38d48,,1829,"Log ER042 and ER043, close and jointly adjudicate ER039-ER043, and implement the federated citation-closed publication architecture",I-PUB-STRATEGY-JOINT-ARCH-01
2026-08-21T17:14:40.447202+00:00,created,research_program/external_reviews/ER043_publication_strategy_hub_spoke_cascade/normalized_capture.md,,fa21b6da27d0e49284dbc0ea739f8c7ad41ebba8d4d51e96cbc3b117a8901ad8,,1138,"Log ER042 and ER043, close and jointly adjudicate ER039-ER043, and implement the federated citation-closed publication architecture",I-PUB-STRATEGY-JOINT-ARCH-01
2026-08-21T17:14:40.447202+00:00,created,research_program/external_reviews/ER043_publication_strategy_hub_spoke_cascade/point_inventory.md,,ec3ddabbaf0dca3c49dfac150141c5119a2bbada9d3c2319b1453b0a6a30d2d1,,2086,"Log ER042 and ER043, close and jointly adjudicate ER039-ER043, and implement the federated citation-closed publication architecture",I-PUB-STRATEGY-JOINT-ARCH-01
2026-08-21T17:14:40.447202+00:00,created,research_program/external_reviews/joint_audit_publication_strategy_ER039_ER043.md,,7bb7b5d9a3f86a845837337ba8010d530a703e9badf2c5580891a42d98305aa3,,13750,"Log ER042 and ER043, close and jointly adjudicate ER039-ER043, and implement the federated citation-closed publication architecture",I-PUB-STRATEGY-JOINT-ARCH-01
2026-08-21T17:14:40.447202+00:00,modified,research_program/external_reviews/recommendation_reconciliation_all_logged.csv,2e924f6bee5b0def3bb53d07ec99bb2276bb60db290a03a111ee3b7fe2cf4bbe,cbb43903cc7b510e978b2d4c0993b2d0d288049ca518925e5f92319ceca8bf75,169800,171057,"Log ER042 and ER043, close and jointly adjudicate ER039-ER043, and implement the federated citation-closed publication architecture",I-PUB-STRATEGY-JOINT-ARCH-01
2026-08-21T17:14:40.447202+00:00,modified,research_program/program_roadmap_A018_A025_evaluation.md,8e1b0e03006134aac5f479050385419273d0b396ce8e5631c25ddf6ee539622d,26754dc1e18d79eac5bdf128897dfaa73f966f2166af4f7588875142a410c4df,1657,1929,"Log ER042 and ER043, close and jointly adjudicate ER039-ER043, and implement the federated citation-closed publication architecture",I-PUB-STRATEGY-JOINT-ARCH-01
2026-08-21T17:14:40.447202+00:00,modified,research_program/revised_optimal_publication_architecture_A001_A025.md,a9841227bf1b399738ef98b16d0ec0a4a8c02e1939e7b585512461f1c8057d26,5c6e24c574a17685c132f3e6960228899f5082b66675971ab1bfc73da3fc9713,8125,11074,"Log ER042 and ER043, close and jointly adjudicate ER039-ER043, and implement the federated citation-closed publication architecture",I-PUB-STRATEGY-JOINT-ARCH-01
2026-08-21T17:29:52.596690+00:00,created,research_program/A018_ledger_to_dynamics_interface_contract.md,,48194b26724f8e6fd2c6f87a5d5fb44d2055402dbbccc75c0894913eb2085c92,,8148,"Execute dependency-first general-theory closure wave: freeze TCS-1.0, enumerate A001-A025 concordance, establish notation/version registry, and close A018 seam",D-OBSTACLE-DEPENDENCY-ORDER-01
2026-08-21T17:29:52.596690+00:00,modified,research_program/action_register.csv,e6a46d24a3fe59d0346fc3c36520f2a437270578ec3fcb1ef0026194a3672f09,07c397d8eccc04a362729bdf951d1b310eb113c04179841ed077a87323a4b363,178652,181272,"Execute dependency-first general-theory closure wave: freeze TCS-1.0, enumerate A001-A025 concordance, establish notation/version registry, and close A018 seam",D-OBSTACLE-DEPENDENCY-ORDER-01
2026-08-21T17:29:52.596690+00:00,modified,research_program/action_register.md,697d1450f3d9055ba23b3c4baa0617159928c5c65c9f032b61af16faafd117ff,99b20592b1631d13e1680937315154e96a1a350270936187de8b43cc4099f619,227724,230840,"Execute dependency-first general-theory closure wave: freeze TCS-1.0, enumerate A001-A025 concordance, establish notation/version registry, and close A018 seam",D-OBSTACLE-DEPENDENCY-ORDER-01
2026-08-21T17:29:52.596690+00:00,created,research_program/build_canonical_concordance.py,,965bd949fb7aa3afe6e72f717d02e862d8fad6e40a3caa7b9831c8cf65ac8b71,,10546,"Execute dependency-first general-theory closure wave: freeze TCS-1.0, enumerate A001-A025 concordance, establish notation/version registry, and close A018 seam",D-OBSTACLE-DEPENDENCY-ORDER-01
2026-08-21T17:29:52.596690+00:00,created,research_program/canonical_concordance_A001_A025.csv,,bbf75ac7bec073e7c0b7c3adc18f3b620bad63768f46c0e83cafc7c35d1f8c91,,287357,"Execute dependency-first general-theory closure wave: freeze TCS-1.0, enumerate A001-A025 concordance, establish notation/version registry, and close A018 seam",D-OBSTACLE-DEPENDENCY-ORDER-01
2026-08-21T17:29:52.596690+00:00,created,research_program/canonical_concordance_A001_A025_coverage.md,,eb3ab609b84198905ace7df0c94efcfa1ae758d7337d9a586e0225fcdc4ac465,,1261,"Execute dependency-first general-theory closure wave: freeze TCS-1.0, enumerate A001-A025 concordance, establish notation/version registry, and close A018 seam",D-OBSTACLE-DEPENDENCY-ORDER-01
2026-08-21T17:29:52.596690+00:00,created,research_program/canonical_notation_variant_registry_v1_0.csv,,5f55186085f43d35026bdb6c4c1b543a3f786e4a57f432b6a348b7fad1ad467a,,4853,"Execute dependency-first general-theory closure wave: freeze TCS-1.0, enumerate A001-A025 concordance, establish notation/version registry, and close A018 seam",D-OBSTACLE-DEPENDENCY-ORDER-01
2026-08-21T17:29:52.596690+00:00,created,research_program/canonical_system_schema_v1_0.json,,db1b70e12400a255eef9469f816ac0ad196eb6a943f7f33884052ffbf7eca59c,,1794,"Execute dependency-first general-theory closure wave: freeze TCS-1.0, enumerate A001-A025 concordance, establish notation/version registry, and close A018 seam",D-OBSTACLE-DEPENDENCY-ORDER-01
2026-08-21T17:29:52.596690+00:00,created,research_program/canonical_system_schema_v1_0.md,,460d39cfe618a2eedb2de2374fbe754e990345f1fbafb2ddd8de60630e7e5e8d,,11336,"Execute dependency-first general-theory closure wave: freeze TCS-1.0, enumerate A001-A025 concordance, establish notation/version registry, and close A018 seam",D-OBSTACLE-DEPENDENCY-ORDER-01
2026-08-21T17:29:52.596690+00:00,modified,research_program/cross_article_review_A001_A025.md,8d651ca889ef542de7d58254f37c2fe13607a346cd0e52ffefab91dd4faa9a61,5e8f98d8ae6399fa2aafd1013ba931cea20ede5def1b5c2c41b99a4a3027622c,26655,26837,"Execute dependency-first general-theory closure wave: freeze TCS-1.0, enumerate A001-A025 concordance, establish notation/version registry, and close A018 seam",D-OBSTACLE-DEPENDENCY-ORDER-01
2026-08-21T17:29:52.596690+00:00,created,research_program/dependency_aware_obstacle_closure_plan.md,,c3a5b66fb808fd6ef157dfd175be80de597662cf91480981417b32488cbc9478,,6189,"Execute dependency-first general-theory closure wave: freeze TCS-1.0, enumerate A001-A025 concordance, establish notation/version registry, and close A018 seam",D-OBSTACLE-DEPENDENCY-ORDER-01
2026-08-21T17:29:52.596690+00:00,modified,research_program/external_reviews/recommendation_reconciliation_all_logged.csv,cbb43903cc7b510e978b2d4c0993b2d0d288049ca518925e5f92319ceca8bf75,20e3bd3f93c0639fc8216e15ddaec5793be7529b1377d3fa0305d424dd03fdf8,171057,172469,"Execute dependency-first general-theory closure wave: freeze TCS-1.0, enumerate A001-A025 concordance, establish notation/version registry, and close A018 seam",D-OBSTACLE-DEPENDENCY-ORDER-01
2026-08-21T17:29:52.596690+00:00,modified,research_program/program_roadmap_A018_A025_evaluation.md,26754dc1e18d79eac5bdf128897dfaa73f966f2166af4f7588875142a410c4df,f89e587a4f28547444c956223a81feac9fe0aff4695da96550e75d9d40b17f8a,1929,2073,"Execute dependency-first general-theory closure wave: freeze TCS-1.0, enumerate A001-A025 concordance, establish notation/version registry, and close A018 seam",D-OBSTACLE-DEPENDENCY-ORDER-01
2026-08-21T17:29:52.596690+00:00,modified,research_program/remaining_obstacles_to_general_theory.md,8542a02fd1e1f8255f8ed8d8a43acdd64ac99805fa3faf352b5f2a6663c6bb49,fcfd3e47d016294fd8ed0eca3b7f888ef81135c9c3cc8f77c5f617c9d4c69f15,7287,8893,"Execute dependency-first general-theory closure wave: freeze TCS-1.0, enumerate A001-A025 concordance, establish notation/version registry, and close A018 seam",D-OBSTACLE-DEPENDENCY-ORDER-01
2026-08-21T17:29:52.596690+00:00,modified,research_program/revised_optimal_publication_architecture_A001_A025.md,5c6e24c574a17685c132f3e6960228899f5082b66675971ab1bfc73da3fc9713,61d0903ec9d52eac4cd15110e111c6ccb3410676d8e591c005060346f61e113f,11074,11206,"Execute dependency-first general-theory closure wave: freeze TCS-1.0, enumerate A001-A025 concordance, establish notation/version registry, and close A018 seam",D-OBSTACLE-DEPENDENCY-ORDER-01
2026-08-21T17:44:24.020478+00:00,created,research_program/A001_A002_theorem_interface_map.csv,,7e7ea11714ba4a382bdade7deac96e595b6eca07dc6ff55a2fc87698ddd47ce6,,86088,"Execute theorem-interface closure batch 2A: align Operator I, classify all A001/A002 rows, prove restricted Operator II candidate, and measure Paper 2 overrun",D-PAPER2-CONTENT-BUDGET-01
2026-08-21T17:44:24.020478+00:00,created,research_program/A001_A002_theorem_interface_map_summary.md,,9760e39b5ee7fd7392f4f80d6939e23549359a623d1d0a0139139d6ad1071622,,1379,"Execute theorem-interface closure batch 2A: align Operator I, classify all A001/A002 rows, prove restricted Operator II candidate, and measure Paper 2 overrun",D-PAPER2-CONTENT-BUDGET-01
2026-08-21T17:44:24.020478+00:00,modified,research_program/action_register.csv,07c397d8eccc04a362729bdf951d1b310eb113c04179841ed077a87323a4b363,8465c6f4eee325fc3a725da8f0186b2ada7f6ed92fbd96807616661d286c7ac8,181272,183504,"Execute theorem-interface closure batch 2A: align Operator I, classify all A001/A002 rows, prove restricted Operator II candidate, and measure Paper 2 overrun",D-PAPER2-CONTENT-BUDGET-01
2026-08-21T17:44:24.020478+00:00,modified,research_program/action_register.md,99b20592b1631d13e1680937315154e96a1a350270936187de8b43cc4099f619,5b238ffd306073854c964629d042ec48a8ed986d1079a6132332ed3dab9ee9b2,230840,233473,"Execute theorem-interface closure batch 2A: align Operator I, classify all A001/A002 rows, prove restricted Operator II candidate, and measure Paper 2 overrun",D-PAPER2-CONTENT-BUDGET-01
2026-08-21T17:44:24.020478+00:00,created,research_program/build_A001_A002_theorem_map.py,,3a4b2089f8d4238ad3138ce85f40e437f77c87f3ca182ed6122913c62036c7a6,,7785,"Execute theorem-interface closure batch 2A: align Operator I, classify all A001/A002 rows, prove restricted Operator II candidate, and measure Paper 2 overrun",D-PAPER2-CONTENT-BUDGET-01
2026-08-21T17:44:24.020478+00:00,modified,research_program/dependency_aware_obstacle_closure_plan.md,c3a5b66fb808fd6ef157dfd175be80de597662cf91480981417b32488cbc9478,5e74c207aca606ec9a1c6def85d12597410a6910ce28d12cd9a5f7633975b3b7,6189,6731,"Execute theorem-interface closure batch 2A: align Operator I, classify all A001/A002 rows, prove restricted Operator II candidate, and measure Paper 2 overrun",D-PAPER2-CONTENT-BUDGET-01
2026-08-21T17:44:24.020478+00:00,modified,research_program/external_reviews/recommendation_reconciliation_all_logged.csv,20e3bd3f93c0639fc8216e15ddaec5793be7529b1377d3fa0305d424dd03fdf8,ac1961883598105219040c07f67807de589d51c9ad56cd2d344553c21fe48d18,172469,173635,"Execute theorem-interface closure batch 2A: align Operator I, classify all A001/A002 rows, prove restricted Operator II candidate, and measure Paper 2 overrun",D-PAPER2-CONTENT-BUDGET-01
2026-08-21T17:44:24.020478+00:00,created,research_program/operator_I_hierarchy_v1_0.md,,273cdb7619182d82c023584781fe4b8f65363da736fe1f8233ddd2d46bb27465,,8145,"Execute theorem-interface closure batch 2A: align Operator I, classify all A001/A002 rows, prove restricted Operator II candidate, and measure Paper 2 overrun",D-PAPER2-CONTENT-BUDGET-01
2026-08-21T17:44:24.020478+00:00,created,research_program/paper1_finite_architecture_transformation_theorem.md,,29a1114b7cc4d9f287a6d1057492f60753c65f97c29ffda051345e8d2b1cec82,,8368,"Execute theorem-interface closure batch 2A: align Operator I, classify all A001/A002 rows, prove restricted Operator II candidate, and measure Paper 2 overrun",D-PAPER2-CONTENT-BUDGET-01
2026-08-21T17:44:24.020478+00:00,created,research_program/paper2_theorem_atlas_content_budget.md,,a9a0067dad4893e30c3d2754b84f3d0d986dec8f3515cf81607a3d07d7c6ecdd,,5777,"Execute theorem-interface closure batch 2A: align Operator I, classify all A001/A002 rows, prove restricted Operator II candidate, and measure Paper 2 overrun",D-PAPER2-CONTENT-BUDGET-01
2026-08-21T17:44:24.020478+00:00,modified,research_program/remaining_obstacles_to_general_theory.md,fcfd3e47d016294fd8ed0eca3b7f888ef81135c9c3cc8f77c5f617c9d4c69f15,29adbbeff821420fb38623bbd2910074d005da7a5a58436fde0bfb087cddb3b4,8893,9175,"Execute theorem-interface closure batch 2A: align Operator I, classify all A001/A002 rows, prove restricted Operator II candidate, and measure Paper 2 overrun",D-PAPER2-CONTENT-BUDGET-01
2026-08-21T17:44:24.020478+00:00,modified,research_program/revised_optimal_publication_architecture_A001_A025.md,61d0903ec9d52eac4cd15110e111c6ccb3410676d8e591c005060346f61e113f,6dc1cd14b78482dba73ee8bf506dbd38c7dd6a509677d698796c5473bba21461,11206,11830,"Execute theorem-interface closure batch 2A: align Operator I, classify all A001/A002 rows, prove restricted Operator II candidate, and measure Paper 2 overrun",D-PAPER2-CONTENT-BUDGET-01
2026-08-21T18:11:48.529809+00:00,created,research_program/A001_A002_source_proof_locator.csv,,80d61e90ac69422f0479eb04992a1bd5cf88f891154a74c94c3a3e9fe9f7a6ba,,55779,"Continue theorem closure: source-locate 152 A001/A002 items, deduplicate canonical sources, audit 20 A002 objects, and compute retained Paper 2 budget",D-A002-SAMPLED-HYBRID-PROOF-AUDIT-01
2026-08-21T18:11:48.529809+00:00,created,research_program/A001_A002_source_proof_locator_report.md,,659994f221680ca2307a1eda58bcc5acd611d6cd9eaff223022460ce43f850b1,,1081,"Continue theorem closure: source-locate 152 A001/A002 items, deduplicate canonical sources, audit 20 A002 objects, and compute retained Paper 2 budget",D-A002-SAMPLED-HYBRID-PROOF-AUDIT-01
2026-08-21T18:11:48.529809+00:00,created,research_program/A001_A002_source_selection_and_deduplication.md,,5c7352ca6f4e2111ef5c7abbf6e0b1d3383d64f9dec72d879b7336f6fae065e3,,6082,"Continue theorem closure: source-locate 152 A001/A002 items, deduplicate canonical sources, audit 20 A002 objects, and compute retained Paper 2 budget",D-A002-SAMPLED-HYBRID-PROOF-AUDIT-01
2026-08-21T18:11:48.529809+00:00,modified,research_program/A001_A002_theorem_interface_map.csv,7e7ea11714ba4a382bdade7deac96e595b6eca07dc6ff55a2fc87698ddd47ce6,cdb44babcdcffbd09a2f16be9b6437ed021e5eed3affdeef245217011f6ab90b,86088,86038,"Continue theorem closure: source-locate 152 A001/A002 items, deduplicate canonical sources, audit 20 A002 objects, and compute retained Paper 2 budget",D-A002-SAMPLED-HYBRID-PROOF-AUDIT-01
2026-08-21T18:11:48.529809+00:00,modified,research_program/A001_A002_theorem_interface_map_summary.md,9760e39b5ee7fd7392f4f80d6939e23549359a623d1d0a0139139d6ad1071622,8260333e40361d1c8c88c22ebe4e6b11f7b480536ca74ccdadad02bed27a11a7,1379,1380,"Continue theorem closure: source-locate 152 A001/A002 items, deduplicate canonical sources, audit 20 A002 objects, and compute retained Paper 2 budget",D-A002-SAMPLED-HYBRID-PROOF-AUDIT-01
2026-08-21T18:11:48.529809+00:00,created,research_program/A002_mature_foundation_proof_audit.md,,26904f7d7e35f34d8f5afb03126cdce73ff6a5b2821a859940b2cbd83d4b2389,,5002,"Continue theorem closure: source-locate 152 A001/A002 items, deduplicate canonical sources, audit 20 A002 objects, and compute retained Paper 2 budget",D-A002-SAMPLED-HYBRID-PROOF-AUDIT-01
2026-08-21T18:11:48.529809+00:00,created,research_program/A002_sampled_hybrid_kernel_proof_audit.md,,6a765a128399c11b525614010a2d44f6512026d02fd2d1b833e96e1a582b7dc5,,5688,"Continue theorem closure: source-locate 152 A001/A002 items, deduplicate canonical sources, audit 20 A002 objects, and compute retained Paper 2 budget",D-A002-SAMPLED-HYBRID-PROOF-AUDIT-01
2026-08-21T18:11:48.529809+00:00,modified,research_program/action_register.csv,8465c6f4eee325fc3a725da8f0186b2ada7f6ed92fbd96807616661d286c7ac8,4bcd4bb13a0f3bba4712a756dcf99b56032cca6663fed023b9116269fd7a9180,183504,187149,"Continue theorem closure: source-locate 152 A001/A002 items, deduplicate canonical sources, audit 20 A002 objects, and compute retained Paper 2 budget",D-A002-SAMPLED-HYBRID-PROOF-AUDIT-01
2026-08-21T18:11:48.529809+00:00,modified,research_program/action_register.md,5b238ffd306073854c964629d042ec48a8ed986d1079a6132332ed3dab9ee9b2,39d80c58da128dfe4f71208f173893dacdefefefd671e7d56e4c760c167d05c1,233473,237824,"Continue theorem closure: source-locate 152 A001/A002 items, deduplicate canonical sources, audit 20 A002 objects, and compute retained Paper 2 budget",D-A002-SAMPLED-HYBRID-PROOF-AUDIT-01
2026-08-21T18:11:48.529809+00:00,created,research_program/build_A001_A002_source_proof_locator.py,,b80602c3010766c2ea4b23a699a2dd32c6adecf122ff55a436569549e42b59db,,8887,"Continue theorem closure: source-locate 152 A001/A002 items, deduplicate canonical sources, audit 20 A002 objects, and compute retained Paper 2 budget",D-A002-SAMPLED-HYBRID-PROOF-AUDIT-01
2026-08-21T18:11:48.529809+00:00,modified,research_program/build_A001_A002_theorem_map.py,3a4b2089f8d4238ad3138ce85f40e437f77c87f3ca182ed6122913c62036c7a6,9bc11cbf1653e015d14420e1868b2a91795cb82ebc8d395e92e3b7ca4b1a5219,7785,7764,"Continue theorem closure: source-locate 152 A001/A002 items, deduplicate canonical sources, audit 20 A002 objects, and compute retained Paper 2 budget",D-A002-SAMPLED-HYBRID-PROOF-AUDIT-01
2026-08-21T18:11:48.529809+00:00,created,research_program/build_paper2_retained_budget.py,,19021f883872536334081390a2d0a1af6f07ef87b9fd5d763b0dc17a8adbcbdd,,5284,"Continue theorem closure: source-locate 152 A001/A002 items, deduplicate canonical sources, audit 20 A002 objects, and compute retained Paper 2 budget",D-A002-SAMPLED-HYBRID-PROOF-AUDIT-01
2026-08-21T18:11:48.529809+00:00,modified,research_program/dependency_aware_obstacle_closure_plan.md,5e74c207aca606ec9a1c6def85d12597410a6910ce28d12cd9a5f7633975b3b7,4d8b372237fafcfc3f7a55f0b268b992bceabc91e382cd68edadb1d3f6d8500f,6731,7701,"Continue theorem closure: source-locate 152 A001/A002 items, deduplicate canonical sources, audit 20 A002 objects, and compute retained Paper 2 budget",D-A002-SAMPLED-HYBRID-PROOF-AUDIT-01
2026-08-21T18:11:48.529809+00:00,modified,research_program/external_reviews/recommendation_reconciliation_all_logged.csv,ac1961883598105219040c07f67807de589d51c9ad56cd2d344553c21fe48d18,1689e9c8e158bc2c1ddd5dbff82a1e10d97d41bba0596e41b0cbd9c8ae9765fb,173635,174883,"Continue theorem closure: source-locate 152 A001/A002 items, deduplicate canonical sources, audit 20 A002 objects, and compute retained Paper 2 budget",D-A002-SAMPLED-HYBRID-PROOF-AUDIT-01
2026-08-21T18:11:48.529809+00:00,created,research_program/paper2_retained_row_budget.csv,,c7f2ee14b77c09299a4174317f35098f936e84ae51f1b4482f686cc860beac17,,33642,"Continue theorem closure: source-locate 152 A001/A002 items, deduplicate canonical sources, audit 20 A002 objects, and compute retained Paper 2 budget",D-A002-SAMPLED-HYBRID-PROOF-AUDIT-01
2026-08-21T18:11:48.529809+00:00,created,research_program/paper2_retained_row_budget_report.md,,bbae194baab851e17885c45425e90655afaa6ea2ce65cf291693f51fa635dd20,,1078,"Continue theorem closure: source-locate 152 A001/A002 items, deduplicate canonical sources, audit 20 A002 objects, and compute retained Paper 2 budget",D-A002-SAMPLED-HYBRID-PROOF-AUDIT-01
2026-08-21T18:11:48.529809+00:00,modified,research_program/paper2_theorem_atlas_content_budget.md,a9a0067dad4893e30c3d2754b84f3d0d986dec8f3515cf81607a3d07d7c6ecdd,8c01b676bacdaca1197860562097bbe8ea8e63744db26359a646e372a5386d9e,5777,6479,"Continue theorem closure: source-locate 152 A001/A002 items, deduplicate canonical sources, audit 20 A002 objects, and compute retained Paper 2 budget",D-A002-SAMPLED-HYBRID-PROOF-AUDIT-01
2026-08-21T18:11:48.529809+00:00,modified,research_program/remaining_obstacles_to_general_theory.md,29adbbeff821420fb38623bbd2910074d005da7a5a58436fde0bfb087cddb3b4,59201a2e13eae5d19d62f266d1a36727ad6d187a8c730989b6dbb6caa12368b8,9175,9341,"Continue theorem closure: source-locate 152 A001/A002 items, deduplicate canonical sources, audit 20 A002 objects, and compute retained Paper 2 budget",D-A002-SAMPLED-HYBRID-PROOF-AUDIT-01
2026-08-21T18:31:13.373089+00:00,modified,research_program/A001_A002_source_proof_locator.csv,80d61e90ac69422f0479eb04992a1bd5cf88f891154a74c94c3a3e9fe9f7a6ba,1b3bc3be809fffbf4c1a824f3a5dda74a4f7ef34601bbddb5a262094122a445a,55779,55885,Audit A002 reduction/diagnostic proofs and pause difficult A001 composition and Paper 1 novelty gates with self-contained specialist prompts,D-DIFFICULT-TASK-PROMPTS-01
2026-08-21T18:31:13.373089+00:00,created,research_program/A002_reduction_diagnostic_stability_proof_audit.md,,1c205ad6c5b969dd93e6d9ef4498ca85e4f5e58ec3d95e3e53e4995973bcfe58,,4444,Audit A002 reduction/diagnostic proofs and pause difficult A001 composition and Paper 1 novelty gates with self-contained specialist prompts,D-DIFFICULT-TASK-PROMPTS-01
2026-08-21T18:31:13.373089+00:00,modified,research_program/action_register.csv,4bcd4bb13a0f3bba4712a756dcf99b56032cca6663fed023b9116269fd7a9180,c3f9f8f53b28d8c8007b2d05277389279a0cb8e600b0f55761d8ad6452134dbb,187149,189788,Audit A002 reduction/diagnostic proofs and pause difficult A001 composition and Paper 1 novelty gates with self-contained specialist prompts,D-DIFFICULT-TASK-PROMPTS-01
2026-08-21T18:31:13.373089+00:00,modified,research_program/action_register.md,39d80c58da128dfe4f71208f173893dacdefefefd671e7d56e4c760c167d05c1,993d8c65998e7ee3387767b7df2a66ee2b746731d3d1ef95ca466135e6a34de2,237824,240981,Audit A002 reduction/diagnostic proofs and pause difficult A001 composition and Paper 1 novelty gates with self-contained specialist prompts,D-DIFFICULT-TASK-PROMPTS-01
2026-08-21T18:31:13.373089+00:00,modified,research_program/build_A001_A002_source_proof_locator.py,b80602c3010766c2ea4b23a699a2dd32c6adecf122ff55a436569549e42b59db,b5d6fe6d800d67e3a6361c591a6b0eaf9c607163eaad3b70a9a12883ec38f865,8887,9109,Audit A002 reduction/diagnostic proofs and pause difficult A001 composition and Paper 1 novelty gates with self-contained specialist prompts,D-DIFFICULT-TASK-PROMPTS-01
2026-08-21T18:31:13.373089+00:00,modified,research_program/dependency_aware_obstacle_closure_plan.md,4d8b372237fafcfc3f7a55f0b268b992bceabc91e382cd68edadb1d3f6d8500f,1b9ac5e581c5f0750ca50753b935f8583ede361d4c2a083bb23828196bff222e,7701,8151,Audit A002 reduction/diagnostic proofs and pause difficult A001 composition and Paper 1 novelty gates with self-contained specialist prompts,D-DIFFICULT-TASK-PROMPTS-01
2026-08-21T18:31:13.373089+00:00,modified,research_program/external_reviews/recommendation_reconciliation_all_logged.csv,1689e9c8e158bc2c1ddd5dbff82a1e10d97d41bba0596e41b0cbd9c8ae9765fb,790e884066458940ec858bf4a4dd00e3079d4f2a8727bf30da15d01fe913385f,174883,175871,Audit A002 reduction/diagnostic proofs and pause difficult A001 composition and Paper 1 novelty gates with self-contained specialist prompts,D-DIFFICULT-TASK-PROMPTS-01
2026-08-21T18:31:13.373089+00:00,created,research_program/prompts/A001_restricted_composition_theorem_repair_prompt.md,,bfd16346e6e793894acb283be24fac1557637f0d7ce8e4095c0ff5162c57c969,,4789,Audit A002 reduction/diagnostic proofs and pause difficult A001 composition and Paper 1 novelty gates with self-contained specialist prompts,D-DIFFICULT-TASK-PROMPTS-01
2026-08-21T18:31:13.373089+00:00,created,research_program/prompts/Paper1_operatorII_novelty_and_independent_contribution_prompt.md,,a72cc520fba631b11ac6cb01a8ba897f57d940b802e3a1f21d20d49afda3aa8d,,5143,Audit A002 reduction/diagnostic proofs and pause difficult A001 composition and Paper 1 novelty gates with self-contained specialist prompts,D-DIFFICULT-TASK-PROMPTS-01
2026-08-21T18:31:13.373089+00:00,modified,research_program/remaining_obstacles_to_general_theory.md,59201a2e13eae5d19d62f266d1a36727ad6d187a8c730989b6dbb6caa12368b8,5e8c94c35b3a48d1b1f88689ae725786f5c798ab4487838c45eaa5fddbab9506,9341,9586,Audit A002 reduction/diagnostic proofs and pause difficult A001 composition and Paper 1 novelty gates with self-contained specialist prompts,D-DIFFICULT-TASK-PROMPTS-01
2026-08-22T21:04:42.519513+00:00,modified,research_program/action_register.csv,c3f9f8f53b28d8c8007b2d05277389279a0cb8e600b0f55761d8ad6452134dbb,499c7ecceab134c176ed5a31c9644b147d53203008cfa75df07d9a71cde4dfcf,189788,191226,"Complete internal provisional answers for composition repair and Operator II novelty, preserve them for future joint audit, and record workflow continuity correction",D-PAPER1-NOVELTY-INTERNAL-ANSWER-01
2026-08-22T21:04:42.519513+00:00,modified,research_program/action_register.md,993d8c65998e7ee3387767b7df2a66ee2b746731d3d1ef95ca466135e6a34de2,e3f3fa60d6e2d47876854feed97b5e469154e487adad8d603d21b7fecf09d284,240981,242681,"Complete internal provisional answers for composition repair and Operator II novelty, preserve them for future joint audit, and record workflow continuity correction",D-PAPER1-NOVELTY-INTERNAL-ANSWER-01
2026-08-22T21:04:42.519513+00:00,modified,research_program/dependency_aware_obstacle_closure_plan.md,1b9ac5e581c5f0750ca50753b935f8583ede361d4c2a083bb23828196bff222e,de2fa49703e24f30e28d513b09d61bb335fc0e784ee5080af6dfc172dbe2e2bd,8151,8644,"Complete internal provisional answers for composition repair and Operator II novelty, preserve them for future joint audit, and record workflow continuity correction",D-PAPER1-NOVELTY-INTERNAL-ANSWER-01
2026-08-22T21:04:42.519513+00:00,modified,research_program/external_reviews/recommendation_reconciliation_all_logged.csv,790e884066458940ec858bf4a4dd00e3079d4f2a8727bf30da15d01fe913385f,d7b507d688f4474e5e36c3e1b2a5eb4c951bb9565b6e3cede51aa61fc96a3f6a,175871,176751,"Complete internal provisional answers for composition repair and Operator II novelty, preserve them for future joint audit, and record workflow continuity correction",D-PAPER1-NOVELTY-INTERNAL-ANSWER-01
2026-08-22T21:04:42.519513+00:00,created,research_program/internal_provisional_A001_composition_theorem_answer.md,,5396c7733b1b7f71e668efd35c3b4c371c40bd0c5b31a59efb078d3b7546b01b,,7435,"Complete internal provisional answers for composition repair and Operator II novelty, preserve them for future joint audit, and record workflow continuity correction",D-PAPER1-NOVELTY-INTERNAL-ANSWER-01
2026-08-22T21:04:42.519513+00:00,created,research_program/internal_provisional_Paper1_operatorII_novelty_answer.md,,d9906c2c7251ddb073cc9f706bb53572538e010e478d080c34774c1d75fe11cb,,10172,"Complete internal provisional answers for composition repair and Operator II novelty, preserve them for future joint audit, and record workflow continuity correction",D-PAPER1-NOVELTY-INTERNAL-ANSWER-01
2026-08-22T21:04:42.519513+00:00,created,research_program/internal_provisional_difficult_gate_answers_index.md,,65278a1890dc63a9345c68e4ce0d15081f04800c820d7ef2ecb1199a59595a1e,,1992,"Complete internal provisional answers for composition repair and Operator II novelty, preserve them for future joint audit, and record workflow continuity correction",D-PAPER1-NOVELTY-INTERNAL-ANSWER-01
2026-08-22T21:04:42.519513+00:00,modified,research_program/remaining_obstacles_to_general_theory.md,5e8c94c35b3a48d1b1f88689ae725786f5c798ab4487838c45eaa5fddbab9506,9a3161f0161424dfc29878059adc381ecd2a7cef3be075d41337974f6b050f4a,9586,9769,"Complete internal provisional answers for composition repair and Operator II novelty, preserve them for future joint audit, and record workflow continuity correction",D-PAPER1-NOVELTY-INTERNAL-ANSWER-01
2026-08-22T21:04:42.519513+00:00,created,research_program/workflow_continuity_correction.md,,d0685e971cda34f2faa484f9f269b48619047de5c8d77a904f981f67d83cf051,,1056,"Complete internal provisional answers for composition repair and Operator II novelty, preserve them for future joint audit, and record workflow continuity correction",D-PAPER1-NOVELTY-INTERNAL-ANSWER-01
2026-08-22T21:42:33.949946+00:00,modified,research_program/action_register.csv,499c7ecceab134c176ed5a31c9644b147d53203008cfa75df07d9a71cde4dfcf,ed9051a3b11e5a81e0deae7c67284f3e26cf008f0eeb1f612cd995b0ea1ffac1,191226,193381,Log ER044 and ER045 composition-repair audits and provisionally reconcile them with the internal answer without implementation,D-A001-COMPOSITION-PROVISIONAL-RECON-01
2026-08-22T21:42:33.949946+00:00,modified,research_program/action_register.md,e3f3fa60d6e2d47876854feed97b5e469154e487adad8d603d21b7fecf09d284,6c43c9a91f4fb5779376ea2973727b53c259106845e05f07a5c908fab05fb54b,242681,245221,Log ER044 and ER045 composition-repair audits and provisionally reconcile them with the internal answer without implementation,D-A001-COMPOSITION-PROVISIONAL-RECON-01
2026-08-22T21:42:33.949946+00:00,modified,research_program/external_review_registry.csv,61a1a3286ff91d1b7b4ac9103b0013b5f0532aacc3d47ef7b14aad13c3f2d106,485673cbe6c8be78fad373e9b835a6c48c36782a599b3b1b344e9a28f8c7f64b,24463,25707,Log ER044 and ER045 composition-repair audits and provisionally reconcile them with the internal answer without implementation,D-A001-COMPOSITION-PROVISIONAL-RECON-01
2026-08-22T21:42:33.949946+00:00,created,research_program/external_reviews/ER044_A001_composition_repair_strong_invariance/normalized_capture.md,,6b7795ef264bfc4b95326f988d65a5efe236bcf437a2cf40ad7874a05a32b901,,1431,Log ER044 and ER045 composition-repair audits and provisionally reconcile them with the internal answer without implementation,D-A001-COMPOSITION-PROVISIONAL-RECON-01
2026-08-22T21:42:33.949946+00:00,created,research_program/external_reviews/ER044_A001_composition_repair_strong_invariance/point_inventory.md,,5903db99411a61fc9bddfe007fefc08247f4c144192774874e9a925ff7ac9394,,1944,Log ER044 and ER045 composition-repair audits and provisionally reconcile them with the internal answer without implementation,D-A001-COMPOSITION-PROVISIONAL-RECON-01
2026-08-22T21:42:33.949946+00:00,created,research_program/external_reviews/ER045_A001_composition_repair_Carathéodory/normalized_capture.md,,4a7d53803954c723918b82cb34dafabacedfcb31301af240cbc73712c2c6a780,,1395,Log ER044 and ER045 composition-repair audits and provisionally reconcile them with the internal answer without implementation,D-A001-COMPOSITION-PROVISIONAL-RECON-01
2026-08-22T21:42:33.949946+00:00,created,research_program/external_reviews/ER045_A001_composition_repair_Carathéodory/point_inventory.md,,e742bde46eeebb874ce182fa57d527210e859a129d68431aaf4d98f12a6a4810,,2246,Log ER044 and ER045 composition-repair audits and provisionally reconcile them with the internal answer without implementation,D-A001-COMPOSITION-PROVISIONAL-RECON-01
2026-08-22T21:42:33.949946+00:00,created,research_program/external_reviews/composition_audit_batch_provisional_reconciliation.md,,c76d625fe6f3443b4993f32c86138c1cfd01868b5dbee310d5de3e28a59bce5f,,4361,Log ER044 and ER045 composition-repair audits and provisionally reconcile them with the internal answer without implementation,D-A001-COMPOSITION-PROVISIONAL-RECON-01
2026-08-22T21:42:33.949946+00:00,modified,research_program/external_reviews/recommendation_reconciliation_all_logged.csv,d7b507d688f4474e5e36c3e1b2a5eb4c951bb9565b6e3cede51aa61fc96a3f6a,6768301bb52b8f813f2b1000b45a01b2bd558a6d1d3e15731445bc5310332a0d,176751,177809,Log ER044 and ER045 composition-repair audits and provisionally reconcile them with the internal answer without implementation,D-A001-COMPOSITION-PROVISIONAL-RECON-01
2026-08-22T22:06:05.926692+00:00,modified,research_program/action_register.csv,ed9051a3b11e5a81e0deae7c67284f3e26cf008f0eeb1f612cd995b0ea1ffac1,de7a233f36993e21f19d5bc1209da4af2d34be4446120f7d5807e918d110df27,193381,194443,Log ER046 and extend provisional A001 composition reconciliation without implementation,D-A001-COMPOSITION-PROVISIONAL-RECON-02
2026-08-22T22:06:05.926692+00:00,modified,research_program/action_register.md,6c43c9a91f4fb5779376ea2973727b53c259106845e05f07a5c908fab05fb54b,44dd83a7d9123c02acde125c05b14c11a27b478729a5408f8542e7ac0ffb11c9,245221,246472,Log ER046 and extend provisional A001 composition reconciliation without implementation,D-A001-COMPOSITION-PROVISIONAL-RECON-02
2026-08-22T22:06:05.926692+00:00,modified,research_program/external_review_registry.csv,485673cbe6c8be78fad373e9b835a6c48c36782a599b3b1b344e9a28f8c7f64b,16636921d40ec6111c3ecf807c501862bfaf5cfe770ac2c7c57fe779fe8400f8,25707,26288,Log ER046 and extend provisional A001 composition reconciliation without implementation,D-A001-COMPOSITION-PROVISIONAL-RECON-02
2026-08-22T22:06:05.926692+00:00,created,research_program/external_reviews/ER046_A001_composition_robust_joint_invariance/normalized_capture.md,,f0c06b2732c8d4deed2a15b2d2be0e253ecfcaa2b73bc7e54f7b0b11f2dabc16,,1498,Log ER046 and extend provisional A001 composition reconciliation without implementation,D-A001-COMPOSITION-PROVISIONAL-RECON-02
2026-08-22T22:06:05.926692+00:00,created,research_program/external_reviews/ER046_A001_composition_robust_joint_invariance/point_inventory.md,,936c4b6703081b12b518dc68fe278e2241a8d11e92d2752005f572f48cd3ee86,,2079,Log ER046 and extend provisional A001 composition reconciliation without implementation,D-A001-COMPOSITION-PROVISIONAL-RECON-02
2026-08-22T22:06:05.926692+00:00,modified,research_program/external_reviews/composition_audit_batch_provisional_reconciliation.md,c76d625fe6f3443b4993f32c86138c1cfd01868b5dbee310d5de3e28a59bce5f,8da6c1bde0a08513f43e4c0e73e8b2f6bba00747d75825e7ddd0479be7498bd0,4361,5050,Log ER046 and extend provisional A001 composition reconciliation without implementation,D-A001-COMPOSITION-PROVISIONAL-RECON-02
2026-08-22T22:06:05.926692+00:00,modified,research_program/external_reviews/recommendation_reconciliation_all_logged.csv,6768301bb52b8f813f2b1000b45a01b2bd558a6d1d3e15731445bc5310332a0d,538056a3db78726316db5ab86cce8d2af7586718fcc2bd12e815ce00f6ceccb8,177809,178372,Log ER046 and extend provisional A001 composition reconciliation without implementation,D-A001-COMPOSITION-PROVISIONAL-RECON-02
2026-08-22T22:56:09.248365+00:00,created,research_program/A001_restricted_composition_theorem_corrected.md,,ff65cdc6a1632cb6326f5129353e47db929d3f3cedfe2c012a5e0ca8b81e1d8e,,5590,"Log ER047, jointly adjudicate internal and ER044-ER047 composition responses, and implement corrected proximal-normal theorem",I-A001-COMPOSITION-CORRECTED-01
2026-08-22T22:56:09.248365+00:00,modified,research_program/action_register.csv,de7a233f36993e21f19d5bc1209da4af2d34be4446120f7d5807e918d110df27,8e917028fdc1a66b28dc8ad1f1ffc81c53016b8dff45b595553c4a0377077d6f,194443,196074,"Log ER047, jointly adjudicate internal and ER044-ER047 composition responses, and implement corrected proximal-normal theorem",I-A001-COMPOSITION-CORRECTED-01
2026-08-22T22:56:09.248365+00:00,modified,research_program/action_register.md,44dd83a7d9123c02acde125c05b14c11a27b478729a5408f8542e7ac0ffb11c9,ad8720540c8d7a93df91b04cb60a9834dddd3f166af3d70c8fbaa28670b8929e,246472,248392,"Log ER047, jointly adjudicate internal and ER044-ER047 composition responses, and implement corrected proximal-normal theorem",I-A001-COMPOSITION-CORRECTED-01
2026-08-22T22:56:09.248365+00:00,modified,research_program/canonical_system_schema_v1_0.md,460d39cfe618a2eedb2de2374fbe754e990345f1fbafb2ddd8de60630e7e5e8d,0ddfec3161ee99c488e0168ffa89fccad6d042aaa27ab99bc103dd93984cec55,11336,11840,"Log ER047, jointly adjudicate internal and ER044-ER047 composition responses, and implement corrected proximal-normal theorem",I-A001-COMPOSITION-CORRECTED-01
2026-08-22T22:56:09.248365+00:00,modified,research_program/external_review_registry.csv,16636921d40ec6111c3ecf807c501862bfaf5cfe770ac2c7c57fe779fe8400f8,74a631e0cba145ff7231d9b5927381f43b60a9244fd8b433defade5291dd1554,26288,26797,"Log ER047, jointly adjudicate internal and ER044-ER047 composition responses, and implement corrected proximal-normal theorem",I-A001-COMPOSITION-CORRECTED-01
2026-08-22T22:56:09.248365+00:00,created,research_program/external_reviews/ER047_A001_composition_product_cone_selector_growth/normalized_capture.md,,072d78c146f88013dc452f1545908d5990fca6663f243f43f6694cc102a2ed8e,,1606,"Log ER047, jointly adjudicate internal and ER044-ER047 composition responses, and implement corrected proximal-normal theorem",I-A001-COMPOSITION-CORRECTED-01
2026-08-22T22:56:09.248365+00:00,created,research_program/external_reviews/ER047_A001_composition_product_cone_selector_growth/point_inventory.md,,7ba312a2cbe039ca207cf5862a74d6713c7f02a7aeea7b5f1b51c98fcea75654,,1891,"Log ER047, jointly adjudicate internal and ER044-ER047 composition responses, and implement corrected proximal-normal theorem",I-A001-COMPOSITION-CORRECTED-01
2026-08-22T22:56:09.248365+00:00,created,research_program/external_reviews/joint_audit_A001_composition_internal_ER044_ER047.md,,58ee964f3aada6727d4bb829d031ae881a2926e94e07d2fc2b7d47e5f7c2d61f,,3519,"Log ER047, jointly adjudicate internal and ER044-ER047 composition responses, and implement corrected proximal-normal theorem",I-A001-COMPOSITION-CORRECTED-01
2026-08-22T22:56:09.248365+00:00,modified,research_program/external_reviews/recommendation_reconciliation_all_logged.csv,538056a3db78726316db5ab86cce8d2af7586718fcc2bd12e815ce00f6ceccb8,1fd52741cb45ba1151b6ed0765f840285dfa14fadde1e054d69656fe332515cf,178372,179139,"Log ER047, jointly adjudicate internal and ER044-ER047 composition responses, and implement corrected proximal-normal theorem",I-A001-COMPOSITION-CORRECTED-01
2026-08-23T09:02:17.642541+00:00,created,research_program/A001_operatorI_strong_invariance_erosion_corrected.md,,04aebcba7313ebda47f56fe69134a059e310b0a430c29f332e2552fcb5f3ac07,,5307,Implement final joint Operator I strong-invariance and tubular erosion corrections,I-A001-OPERATORI-CORRECTED-01
2026-08-23T09:02:17.642541+00:00,created,research_program/A001_selected_operatorI_proof_audit.md,,f9c929f3394392d8e4fa2e33db0f62dfd04be5c17c4fb6593279577b1138586e,,9353,Implement final joint Operator I strong-invariance and tubular erosion corrections,I-A001-OPERATORI-CORRECTED-01
2026-08-23T09:02:17.642541+00:00,modified,research_program/action_register.csv,8e917028fdc1a66b28dc8ad1f1ffc81c53016b8dff45b595553c4a0377077d6f,c53bb2e82e8e9df9412a1b7fa6702f72e478382b70ffdc693103768096509486,196074,198276,Implement final joint Operator I strong-invariance and tubular erosion corrections,I-A001-OPERATORI-CORRECTED-01
2026-08-23T09:02:17.642541+00:00,modified,research_program/action_register.md,ad8720540c8d7a93df91b04cb60a9834dddd3f166af3d70c8fbaa28670b8929e,c2036e7cdb48ddbcc4bc7d21707523499c29a3f0b469a1cda411c42ac6460a06,248392,251067,Implement final joint Operator I strong-invariance and tubular erosion corrections,I-A001-OPERATORI-CORRECTED-01
2026-08-23T09:02:17.642541+00:00,created,research_program/audits/internal_reasoning_surviving_partB_audit.md,,7235c7ed8c397898e7cf768ab280faf3076b1127e0e0f378ec31e6e05b2e647a,,4455,Implement final joint Operator I strong-invariance and tubular erosion corrections,I-A001-OPERATORI-CORRECTED-01
2026-08-23T09:02:17.642541+00:00,modified,research_program/canonical_system_schema_v1_0.md,0ddfec3161ee99c488e0168ffa89fccad6d042aaa27ab99bc103dd93984cec55,58a80ec2e0784dd1a0dbf7b40f689c22127573f40e9b9bc440f97998e4b64136,11840,12206,Implement final joint Operator I strong-invariance and tubular erosion corrections,I-A001-OPERATORI-CORRECTED-01
2026-08-23T09:02:17.642541+00:00,created,research_program/external_reviews/joint_audit_A001_operatorI_strong_invariance_erosion.md,,236715574f438ebfdfbfa5ab88b03d579b4340db842122494c6be4368a952f8a,,2614,Implement final joint Operator I strong-invariance and tubular erosion corrections,I-A001-OPERATORI-CORRECTED-01
2026-08-23T09:02:17.642541+00:00,modified,research_program/external_reviews/recommendation_reconciliation_all_logged.csv,1fd52741cb45ba1151b6ed0765f840285dfa14fadde1e054d69656fe332515cf,793c608cdc00ff05ec3fe2783b1bacb3f13698f8d1bbe7081e1074c3e5e3ff5d,179139,180503,Implement final joint Operator I strong-invariance and tubular erosion corrections,I-A001-OPERATORI-CORRECTED-01
2026-08-23T09:02:17.642541+00:00,created,research_program/prompts/A001_operatorI_strong_invariance_and_erosion_prompt.md,,e5eacfc31c49f7774f2a197c50b5d97c36c4c031f0f577376e4262b340685a8b,,3428,Implement final joint Operator I strong-invariance and tubular erosion corrections,I-A001-OPERATORI-CORRECTED-01
2026-08-23T09:02:17.642541+00:00,created,uploads/glm 5.3.txt,,680f26a6285a31d16844d05779abb31b78f533aa3c06a12d8b0f03cebb07d96f,,193405,Implement final joint Operator I strong-invariance and tubular erosion corrections,I-A001-OPERATORI-CORRECTED-01
2026-08-23T09:02:17.642541+00:00,created,uploads/glm 5.3_2.txt,,e382324ee633007cac9af4b2d3aa07ffc90376df4bd1590d2e3236b1593b1dc2,,194638,Implement final joint Operator I strong-invariance and tubular erosion corrections,I-A001-OPERATORI-CORRECTED-01
