action_id,source,action_type,title,target,priority,status,dependencies,completion_evidence,notes
D-A001-05,A001,integration_decision,Maintain both one-paper-plus-supplement and two-paper-minimum designs,publication architecture,high,completed,,research_program/revised_optimal_publication_architecture_A001_A025.md,Historical one/two-paper designs superseded by full-corpus five-paper minimum architecture.
B-A001-04,A001,bridge,Recovery versus transformation,Operator I/II interface,high,open,,,Treat emergency-envelope capture as within-architecture recovery; connect but do not equate it with Operator II.
V-A001-02,A001,verification,Verify strong robust invariance assumptions in tangency theorem,Theorem 4.5,critical,completed,,revised_articles/A001_viability_theory_corrected.md,Implemented in corrected publication source; any empirical/reproducibility dependencies remain separate actions.
V-A001-03,A001,verification,Correct all-trajectories wording in order-minimal proof while preserving existential result,Theorem 6.1,high,completed,,revised_articles/A001_viability_theory_corrected.md,Implemented in corrected publication source; any empirical/reproducibility dependencies remain separate actions.
V-A001-04,A001,verification,Correct pollution-feedback comparison sign,Theorem 6.6(b),high,completed,,revised_articles/A001_viability_theory_corrected.md,Implemented in corrected publication source; any empirical/reproducibility dependencies remain separate actions.
V-A001-05,A001,verification,Remove or qualify claim that every larger consumption preserves capital kernel,Lemma 7.1,high,completed,,revised_articles/A001_viability_theory_corrected.md,Implemented in corrected publication source; any empirical/reproducibility dependencies remain separate actions.
V-A001-06,A001,verification,Verify generic non-polyhedrality/transversality argument or demote to conjecture,Proposition 10.1,critical,completed,,revised_articles/A001_viability_theory_corrected.md,Implemented in corrected publication source; any empirical/reproducibility dependencies remain separate actions.
V-A001-07,A001,verification,Verify Rosen DSC conditions for heterogeneous damage functions or restrict theorem,Lemma 12.1,critical,completed,,revised_articles/A001_viability_theory_corrected.md,Implemented in corrected publication source; any empirical/reproducibility dependencies remain separate actions.
V-A001-08,A001,verification,Define H_safe and sufficient drift conditions precisely,Theorem 12.2,high,completed,,revised_articles/A001_viability_theory_corrected.md,Implemented in corrected publication source; any empirical/reproducibility dependencies remain separate actions.
V-A001-09,A001,verification,Reconcile quota aggregate with minimum harvest/output floor,Corollary 12.1,critical,completed,,revised_articles/A001_viability_theory_corrected.md,Implemented in corrected publication source; any empirical/reproducibility dependencies remain separate actions.
V-A001-10,A001,verification,Add below-quota conditions or weaken unique-best-response claim,Theorem 13.3,critical,completed,,revised_articles/A001_viability_theory_corrected.md,Implemented in corrected publication source; any empirical/reproducibility dependencies remain separate actions.
V-A001-11,A001,verification,"Audit Ostrom sufficiency, constructed necessity, and open individual-necessity wording",Theorems 13.5–13.6 and Conjecture 18.3,critical,completed,,revised_articles/A001_viability_theory_corrected.md,Implemented in corrected publication source; any empirical/reproducibility dependencies remain separate actions.
V-A001-12,A001,verification,Clarify implementation-lattice order property; arbitrary contraction may destroy viability,Proposition 13.1,critical,completed,,revised_articles/A001_viability_theory_corrected.md,Implemented in corrected publication source; any empirical/reproducibility dependencies remain separate actions.
D-GLOBAL-01,GLOBAL,manuscript_policy,Prohibit AI references outside the AI declaration section,all manuscripts,critical,completed,,Revised manuscript scanned; only §31 AI declaration contains AI references,"AI-assisted workflow remains backstage in research-program records, not manuscript exposition."
D-A002-05,A002,integration_decision,Keep architecture transformation as master Operator II; do not equate it with capture,Operator I/II,critical,active,B-A002-04,,
B-A002-04,A002,bridge,Capture versus transformation,Operator I/II,high,open,,,Retain capture within architecture; connect to but distinguish from Operator II.
B-A002-08,A002,bridge,Recoverability alignment,recovery module,high,open,,,Use A002 capture definition with A001 emergency-envelope nontriviality theorem.
I-A002-07,A002,implementation,Integrate capture and policy-relative irreversibility,recovery and transformation interface,high,blocked,B-A002-04;B-A002-08,,
X-A001-A002-03,A001+A002,cross_article_bridge,"Unify capture, emergency envelopes, informational recovery, and irreversibility",recovery module,high,open,B-A001-04;B-A002-08,,
V-A003-09,A003,verification,Refine structured-persistence conjecture by dynamical class and fold nondegeneracy,structured persistence conjecture,critical,completed,,revised_articles/A003_institutional_feedback_corrected.tex,"Implemented as corrected model definition, admission condition, or status qualification; empirical calibration and references remain separate."
V-A003-13,A003,verification,Preserve claim status: no Hopf/fold/SNPO/empirical result is verified by this source alone,entire article,critical,completed,,revised_articles/A003_institutional_feedback_corrected.tex,"Implemented as corrected model definition, admission condition, or status qualification; empirical calibration and references remain separate."
B-A003-04,A003,bridge,Merge structured-persistence conjecture with Article 002 periodic-fold conjecture,conjecture registry,high,blocked,V-A003-09;V-A003-10,,
V-A005-07,A005,verification,Add donor/recipient capacity and nonnegative-invariance conditions,physical admissibility,critical,completed,,revised_articles/A005_groundwater_module_corrected.tex,"Implemented as corrected model definition, admission condition, or status qualification; empirical calibration and references remain separate."
V-A005-15,A005,verification,Add groundwater-domain references and qualify GRACE/G3P spatial claims,references,high,open,,,
V-A006-06,A006,verification,Correct mismatch between finite-horizon recursion and Tarski operator,sampled epistemic-institutional theorem,critical,completed,,revised_articles/A006_robust_epistemic_corrected.tex,Implemented in corrected publication source; any empirical/reproducibility dependencies remain separate actions.
V-A006-07,A006,verification,Verify countable-intersection conditions after operator correction,infinite-horizon fixed point,critical,completed,,revised_articles/A006_robust_epistemic_corrected.tex,Implemented in corrected publication source; any empirical/reproducibility dependencies remain separate actions.
V-A007-01,A007,verification,Remove discrete institutional mode from continuous physical history or define proper hybrid history space,state/phase architecture,critical,completed,,revised_articles/A007_hybrid_architecture_corrected.tex,Implemented in corrected publication source; any empirical/reproducibility dependencies remain separate actions.
V-A007-02,A007,verification,Eliminate duplication of institutional state between B_t histories and separate h_t,information state,critical,completed,,revised_articles/A007_hybrid_architecture_corrected.tex,Implemented in corrected publication source; any empirical/reproducibility dependencies remain separate actions.
B-A007-07,A007,bridge,"Integrate substitution, spatial, and diagnostic scope warnings",scope and module interfaces,high,blocked,V-A007-10,,
R-AUDIT6-04,AUDIT-006,audit_residual,Enforce computational-object reproducibility standard,numerical proposition protocol,high,completed,,Computational standard implemented in protocol and research_program/computational_objects.csv,Internal methodology only; not a publication candidate.
V-A008-10,A008,verification,Remove or validate regulatory-capture index and denominator,RCI,critical,open,,,
B-A008-02,A008,bridge,Design multidimensional institutional response-capacity vector,master institutional module,high,blocked,V-A008-06;V-A008-13;V-A008-14,,
V-A009-05,A009,verification,"Operationalize each adaptive-capacity axis, scale, data source, floor, and uncertainty",measurement model,critical,open,,,
V-A009-12,A009,verification,"Add reproducible PIP queries, weights, survey coverage, and code",data provenance,critical,open,,,
P-CORE-01,PROGRAM,strategic_priority,Canonicalize formal spine and theorem-source hierarchy,canonical specification and flagship spine,critical,active,X-A001-A002-01;X-A001-A002-11;B-A002-01;V-A006-14;V-A007-10,research_program/canonical_system_schema_v1_0.md; research_program/canonical_concordance_A001_A025.csv; research_program/canonical_notation_variant_registry_v1_0.csv,Canonical object and inventory coverage closed; row-level theorem/source verification remains active.
P-DYN-01,PROGRAM,strategic_priority,Develop safety-relevant nonlinear transition module,advanced dynamics,medium,open,P-CORE-02;P-EMP-01;V-A003-11,,Requires reproducible variant archive and sampled/RFDE bridge.
P-PUB-01,PROGRAM,strategic_priority,Complete novelty review and minimum-paper partition,publication architecture,high,active,P-CORE-01;P-CORE-04;P-EMP-01;LIT-GLOBAL-01,research_program/revised_optimal_publication_architecture_A001_A025.md; research_program/A018_ledger_to_dynamics_interface_contract.md; research_program/paper1_finite_architecture_transformation_theorem.md; research_program/paper2_theorem_atlas_content_budget.md,Architecture and A018 seam fixed; Paper 1 proof candidate exists but novelty is open; Paper 2 one-paper length remains unproved pending deduplication.
V-A010-05,A010,verification,Refine periodic-fold conjecture to use fold-specific transverse conditions,conjecture programme,high,open,,,
B-A010-02,A010,bridge,Preserve status-qualified reproduction targets without promoting results,computational registry,high,blocked,V-A010-10;V-A010-11,,
B-A010-03,A010,bridge,Integrate stage-structure interpretation into domain module guidance,stage module,high,blocked,V-A010-12,,
D-GLOBAL-06,GLOBAL,manuscript_policy,Persist every substantive conversational instruction and decision in the same turn,all research-program work,critical,active,,Immediate conversation-to-file capture rule added to research_program_integration_protocol.md,Conversation memory is never authoritative; unlogged content cannot drive revisions.
D-A011-01,A011,integration_decision,Preserve Article 011 source unchanged,source archive,critical,completed,,Source retained at uploads/paper3_empirical.txt,
D-A011-02,A011,integration_decision,Treat as promising empirical/computational companion candidate conditional on reproducibility,publication architecture,high,active,,,
D-A011-03,A011,integration_decision,Keep all reported numerical and empirical results on integration hold,integration queue,critical,active,,,
V-A011-01,A011,verification,Resolve zero-order hold versus convex interpolation inconsistency,sampled model and invariance proposition,high,completed,,revised_articles/A011_periodic_review_corrected.tex,Implemented in corrected publication source; any empirical/reproducibility dependencies remain separate actions.
V-A011-02,A011,verification,Add tau_m positivity and complete units/parameter domains,sampled model,high,completed,,revised_articles/A011_periodic_review_corrected.tex,Implemented in corrected publication source; any empirical/reproducibility dependencies remain separate actions.
V-A011-03,A011,verification,Clarify softplus boundary behavior and delta parameter,signal map,high,completed,,revised_articles/A011_periodic_review_corrected.tex,Implemented in corrected publication source; any empirical/reproducibility dependencies remain separate actions.
V-A011-04,A011,verification,Register delayed-recruitment equations and class-specific parameter vectors,simulation models,critical,open,,,
V-A011-05,A011,verification,Register initial histories solver time steps tolerances event rules and horizons,simulation protocol,critical,open,,,
V-A011-06,A011,verification,Register amplitude/tail classification and refinement rules,trajectory classification,critical,open,,,
V-A011-07,A011,verification,Provide machine-readable trajectories and independent rerun,simulation outputs,critical,open,,,
V-A011-08,A011,verification,Provide frozen RAM stock IDs release query and annual-review eligibility evidence,spectral cohort,critical,open,,,
V-A011-09,A011,verification,Provide processed series detrending frequency bands AR1 null and multiplicity procedure,spectral analysis,critical,open,,,
V-A011-10,A011,verification,Provide spectral code outputs and endpoint/detrending sensitivity,spectral analysis,critical,open,,,
V-A011-11,A011,verification,Provide power simulation code seeds replications normalization and intervals,power analysis,critical,open,,,
V-A011-12,A011,verification,Provide field-case candidate universe screening table sources and calculations,case search,critical,open,,,
V-A011-13,A011,verification,Identify exact ENSO product and reproduce anchoveta calculations,case analysis,high,open,,,
V-A011-14,A011,verification,Preregister MSE endpoints operating-model ensemble and tail-risk precision,prospective MSE,high,open,,,
V-A011-15,A011,verification,Run multiplier analysis before labeling any sampled bifurcation boundary,stability analysis,high,open,,,
V-A011-16,A011,verification,Resolve shared references input for standalone compilation,LaTeX/source,medium,open,,,
B-A011-01,A011,bridge,Integrate governance-time ontology into canonical temporal architecture,flagship timing module,high,blocked,V-A011-02,,
B-A011-02,A011,bridge,Use Article 002 as canonical rapid-review theorem source,theorem registry,high,blocked,V-A011-01,,
B-A011-03,A011,bridge,Connect simulation variants to A003/A010 registry and nonlinear-transition programme,advanced dynamics,high,blocked,V-A011-04;V-A011-05;V-A011-06;V-A011-07,,
B-A011-04,A011,bridge,Assess 42-stock spectral null after reproducibility,empirical evidence module,high,blocked,V-A011-08;V-A011-09;V-A011-10,,
B-A011-05,A011,bridge,Assess power and field-case evidence after reproduction,empirical evidence module,high,blocked,V-A011-11;V-A011-12;V-A011-13,,
B-A011-06,A011,bridge,Develop closed-loop MSE as prospective empirical test,MSE module,high,blocked,V-A011-14,,
B-A011-07,A011,bridge,Decide separate empirical-paper merit after reproducibility gate,publication architecture,high,blocked,V-A011-04;V-A011-07;V-A011-08;V-A011-10;V-A011-11;V-A011-12;V-A011-14,,
B-A011-08,A011,bridge,If evidence fails gate preserve ontology MSE and negative lessons in flagship/supplement,non-loss destination,high,blocked,V-A011-07;V-A011-10;V-A011-12,,
D-A011-04,A011,integration_decision,Treat paper3_empirical2.txt as byte-for-byte duplicate of A011 source,source registry,medium,completed,,Canonical V2 renamed to uploads/paper3_empirical.txt; superseded active upload files deleted by user instruction; V2 SHA-256 unchanged.,Historical provenance remains in source_versions.csv and file-level audit archive.
V-A011-17,A011,verification,Develop source-linked governance-event coding protocol,prospective event panels,critical,open,,,
V-A011-18,A011,verification,Preregister causal estimands and design-specific assumptions,quasi-experimental programme,critical,open,,,
V-A011-19,A011,verification,Specify held-out mechanism-comparison scoring and splits,model comparison,high,open,,,
V-A011-20,A011,verification,"Develop ethical, powered human-in-the-loop protocol",simulated-resource experiment,critical,open,,,
V-A011-21,A011,verification,Preserve distinct uncertainty classes and decision criteria in MSE,MSE uncertainty architecture,high,open,,,
B-A011-09,A011,bridge,Integrate prospective identification programme into empirical companion design,empirical programme,high,blocked,V-A011-17;V-A011-18;V-A011-19;V-A011-20,,
B-A011-10,A011,bridge,Integrate expanded uncertainty-class design into MSE,MSE module,high,blocked,V-A011-21,,
D-A012-01,A012,integration_decision,Preserve Article 012 source unchanged,source archive,critical,completed,,Source retained at uploads/paper2_dynamics.txt,
D-A012-02,A012,integration_decision,Treat as strong separate applied-dynamics paper candidate conditional on reproducibility,publication architecture,high,active,,,
D-A012-03,A012,integration_decision,Permit analytical and source-stated numerical integration; retain targeted model corrections,integration queue,critical,active,,,"Numerical claims accepted by user attestation; source distinctions among numerical result, inferred classification, and conjecture remain binding."
V-A012-01,A012,verification,Clarify admissible history means all history values lie in invariant box,forward-invariance theorem,medium,open,,,
V-A012-02,A012,verification,Correct extinction-face effort equilibrium wording and classify boundary equilibrium,equilibrium section,high,completed,,revised_articles/A012_delay_dynamics_corrected.tex,Implemented in corrected publication source; any empirical/reproducibility dependencies remain separate actions.
V-A012-03,A012,verification,Verify simplicity/transversality for every reported local Hopf crossing,local thresholds,critical,completed,,Accepted as verified by explicit user instruction; publication-level artifact archive still tracked separately.,
V-A012-04,A012,verification,Supply complete computational supplement and source hashes,numerical results,critical,completed,,Accepted as verified by explicit user instruction; publication-level artifact archive still tracked separately.,
V-A012-05,A012,verification,Independently rerun characteristic roots continuation shooting and Floquet calculations,numerical verification,critical,completed,,Accepted as verified by explicit user instruction; publication-level artifact archive still tracked separately.,
V-A012-06,A012,verification,Verify branch turning and nondegeneracy before fold/SNPO labels,periodic folds,critical,completed,,Accepted as verified by explicit user instruction; publication-level artifact archive still tracked separately.,
V-A012-07,A012,verification,State stopping or donor-limiting rule for fixed-demand stock-culling experiment,M3-LC,critical,completed,,revised_articles/A012_delay_dynamics_corrected.tex,Implemented in corrected publication source; any empirical/reproducibility dependencies remain separate actions.
V-A012-08,A012,verification,Resolve omega_A versus kappa_A turnover notation,M4-A,critical,completed,,revised_articles/A012_delay_dynamics_corrected.tex,Implemented in corrected publication source; any empirical/reproducibility dependencies remain separate actions.
V-A012-09,A012,verification,Verify active-material boundary X+U<=M for MPF,MPF admissibility,critical,completed,,revised_articles/A012_delay_dynamics_corrected.tex,Implemented in corrected publication source; any empirical/reproducibility dependencies remain separate actions.
V-A012-10,A012,verification,Register all M3-LC M4-A MPF equations parameters histories and outputs,variant registry,critical,completed,,Accepted as verified by explicit user instruction; publication-level artifact archive still tracked separately.,
V-A012-11,A012,verification,Verify full unstable-root count around stabilizing/destabilizing crossings,spectral classification,critical,completed,,Accepted as verified by explicit user instruction; publication-level artifact archive still tracked separately.,
V-A012-12,A012,verification,Complete nondimensionalization before comparing thresholds across systems,model comparison,high,open,,,
V-A012-13,A012,verification,Resolve shared references input for standalone compilation,LaTeX/source,medium,open,,,
V-A012-14,A012,verification,Preserve protective-controller scope limitation,interpretation,high,open,,,
B-A012-01,A012,bridge,Integrate verified M3-B analytical core as registered flagship instantiation,flagship advanced dynamics,high,blocked,V-A012-01;V-A012-02,,
B-A012-02,A012,bridge,Connect characteristic/cubic theorem to general delay module,Operator I/delay module,high,blocked,V-A012-03,,
B-A012-03,A012,bridge,Connect model registry to A003/A010/A011 and mark non-equivalence,advanced dynamics registry,high,blocked,V-A012-10,,
B-A012-04,A012,bridge,Integrate identifiability transformation into empirical design,identification module,high,blocked,V-A012-12,,
B-A012-05,A012,bridge,Integrate support-saturated identity with A002 reduction theorem,ecological reduction,high,blocked,V-A012-09,,
B-A012-06,A012,bridge,Evaluate numerical propositions after independent rerun,numerical evidence module,high,open,V-A012-04;V-A012-05;V-A012-06;V-A012-11,Numerical propositions accepted as verified by D-A012-04; ready for integration review.,
B-A012-07,A012,bridge,Finalize separate-paper merit after numerical gate,publication architecture,high,blocked,V-A012-04;V-A012-05;V-A012-06;V-A012-10;V-A012-13,,
D-A012-04,A012,verification_decision,Accept Article 012 numerical claims as verified at their source-stated status,Article 012 integration and publication planning,critical,completed,,Explicit user instruction: trust that extensive numerical claims have been verified,Do not upgrade inferred classifications or conjectures beyond source wording. Reproducibility archive remains a publication obligation.
P-A012-01,A012,publication_documentation,Archive Article 012 code parameters histories branches multipliers and outputs for publication,computational supplement,high,open,,,Numerical truth status accepted; this task concerns reproducibility and reader auditability.
P-A012-02,A012,publication_documentation,Document independent rerun provenance for Article 012 numerical results,computational supplement,high,open,,,Numerical truth status accepted; this task concerns reproducibility and reader auditability.
D-A013-01,A013,integration_decision,Preserve Article 013 source unchanged,source archive,critical,completed,,Source retained at uploads/paper1_accounting.txt,
D-A013-02,A013,integration_decision,Permit analytical accounting and reported application-value integration,integration queue,critical,active,,,Values accepted as verified; publication documentation remains pending.
D-A013-03,A013,integration_decision,Prefer flagship/accounting supplement unless independent application contribution emerges,publication architecture,high,active,,,
V-A013-01,A013,verification,Rename service readout to avoid observation-operator collision,notation,medium,completed,,revised_articles/A013_component_accounting_corrected.tex,Implemented in corrected publication source; any empirical/reproducibility dependencies remain separate actions.
V-A013-02,A013,verification,State closedness/attainment qualification for regenerative support fraction,support gap,high,completed,,revised_articles/A013_component_accounting_corrected.tex,Implemented in corrected publication source; any empirical/reproducibility dependencies remain separate actions.
V-A013-03,A013,verification,Optionally add boundedness/global continuation corollary,six-compartment ledger,low,open,,,
V-A013-04,A013,verification,Provide G3P files masks processing code trend method and outputs,groundwater application,critical,completed,,Accepted as verified by explicit user instruction; source/supplement documentation deferred to submission.,
V-A013-05,A013,verification,Verify groundwater trend units and reported magnitudes,groundwater application,critical,completed,,Accepted as verified by explicit user instruction; source/supplement documentation deferred to submission.,
V-A013-06,A013,verification,Provide exact USGS reserve/production vintage,phosphate application,high,completed,,Accepted as verified by explicit user instruction; source/supplement documentation deferred to submission.,
V-A013-07,A013,verification,Resolve shared references input for standalone compilation,LaTeX/source,medium,open,,,
V-A013-08,A013,verification,Provide computational supplement claimed by data/code section,application reproducibility,critical,completed,,Accepted as verified by explicit user instruction; source/supplement documentation deferred to submission.,
V-A013-09,A013,verification,Run canonical-source selection against Article 002,theorem/source registry,high,open,,,
B-A013-01,A013,bridge,Integrate six-compartment ledger as worked accounting example,flagship/accounting supplement,high,completed,V-A013-01;V-A013-09,revised_sustainability_manuscript.md §19A,Integrated at the source-appropriate evidence status; remaining calibration or documentation tasks remain separate.
B-A013-02,A013,bridge,Integrate depletion-diagnostic taxonomy,master diagnostic module,high,completed,V-A013-09,revised_sustainability_manuscript.md §19A,Integrated at the source-appropriate evidence status; remaining calibration or documentation tasks remain separate.
B-A013-03,A013,bridge,Integrate service readout and support-provenance example,service/substitution module,high,completed,V-A013-01;V-A013-02,revised_sustainability_manuscript.md §19A,Integrated at the source-appropriate evidence status; remaining calibration or documentation tasks remain separate.
B-A013-04,A013,bridge,Assess groundwater anomaly application after reproduction,domain evidence,high,open,V-A013-04;V-A013-05;V-A013-08,Application values accepted as verified by D-A013-04.,
B-A013-05,A013,bridge,Integrate phosphate/fisheries examples after source documentation,accounting examples,high,open,V-A013-06,Application values accepted as verified by D-A013-04.,
B-A013-06,A013,bridge,Mark general theorem overlap superseded by Article 002 where appropriate,non-loss/source registry,high,blocked,V-A013-09,,
B-A013-07,A013,bridge,Reassess separate accounting-paper merit after application gate,publication architecture,high,blocked,V-A013-04;V-A013-05;V-A013-06;V-A013-08,,
D-A013-04,A013,verification_decision,Accept Article 013 empirical application values as verified,Article 013 integration and publication planning,critical,completed,,Explicit user instruction that application values have been verified and supporting materials will be provided at submission,Do not treat absence of current workspace supplement as a truth-verification hold; retain submission documentation tasks.
P-A013-01,A013,publication_documentation,Provide G3P files masks processing code trend method and outputs at submission,submission supplement,high,open,,,Truth status accepted; task concerns reproducibility and source disclosure.
P-A013-02,A013,publication_documentation,Provide exact USGS reserve/production source vintage at submission,submission references,high,open,,,Truth status accepted; task concerns reproducibility and source disclosure.
P-A013-03,A013,publication_documentation,Provide shared bibliography and computational supplement at submission,submission package,high,open,,,Truth status accepted; task concerns reproducibility and source disclosure.
D-CROSS-01,PROGRAM,cross_source_decision,Complete cross-review of Articles 001–013 and update canonical source hierarchy,source registry and publication architecture,critical,completed,,research_program/cross_article_review_A001_A013.md and cross_source_gap_register.csv created,Later sources partially close groundwater phosphorus nonlinear dynamics sampled governance accounting and epistemic gaps.
D-A014-02,A014,integration_decision,Retain corrected scalar-autonomous obstruction and crash/non-recovery split,A011 or flagship case,high,active,,,
D-A014-03,A014,integration_decision,Defer separate-paper role until correction and reproducibility,publication architecture,high,active,,,
V-A014-01,A014,verification,Restate exact autonomous scalar phase-line theorem and separate time-varying catch,core theorem,critical,completed,,revised_articles/A014_northern_cod_revised.md,Implemented in corrected publication source; any empirical/reproducibility dependencies remain separate actions.
V-A014-02,A014,verification,Add threshold-shift existence conditions and remove unsupported finite-time climb claim,threshold lemma and trichotomy,critical,completed,,revised_articles/A014_northern_cod_revised.md,Implemented in corrected publication source; any empirical/reproducibility dependencies remain separate actions.
V-A014-03,A014,verification,Replace biological-cause language with model-formulation attribution,NCAM interpretation,critical,completed,,revised_articles/A014_northern_cod_revised.md,Implemented in corrected publication source; any empirical/reproducibility dependencies remain separate actions.
V-A014-05,A014,verification,Remove annual-SSB timing inference and distinguish response speed from adequacy,institutional analysis,critical,completed,,revised_articles/A014_northern_cod_revised.md,Implemented in corrected publication source; any empirical/reproducibility dependencies remain separate actions.
V-A014-07,A014,verification,Replace internal programme labels and status icons with publication prose,entire article,medium,completed,,revised_articles/A014_northern_cod_revised.md,Implemented in corrected publication source; any empirical/reproducibility dependencies remain separate actions.
B-A014-01,A014,bridge,Integrate corrected cod case into A011 empirical architecture,A011 companion,high,blocked,V-A014-01;V-A014-03;V-A014-04;V-A014-05,,
V-A015-01,A015,verification,Remove settled biological-cause and adequate-governance claims,cod interpretation,critical,completed,,revised_articles/A015_rejected_multidomain_archival_note.md,Implemented in corrected publication source; any empirical/reproducibility dependencies remain separate actions.
V-A015-02,A015,verification,Preserve rejected conjunction only with exact formula and counterexample,negative result,high,completed,,revised_articles/A015_rejected_multidomain_archival_note.md,Implemented in corrected publication source; any empirical/reproducibility dependencies remain separate actions.
V-A016-01,A016,verification,Use current $3.00 2021-PPP poverty line or explicitly historical $2.15 2017-PPP vintage,PIP measurement,critical,completed,,revised_articles/A016_adaptive_capacity_revised.md,Implemented in corrected publication source; any empirical/reproducibility dependencies remain separate actions.
V-A016-02,A016,verification,Align declared population with CSD or licence-holder data,population definition,critical,completed,,revised_articles/A016_adaptive_capacity_revised.md,Implemented in corrected publication source; any empirical/reproducibility dependencies remain separate actions.
V-A016-05,A016,verification,Correct contradiction about whether Newfoundland table was computed,limitations,high,completed,,revised_articles/A016_adaptive_capacity_revised.md,Implemented in corrected publication source; any empirical/reproducibility dependencies remain separate actions.
V-A016-06,A016,verification,Define authority baselines uncertainty and diversification semantics for floors,normative measurement,high,completed,,revised_articles/A016_adaptive_capacity_revised.md,Implemented in corrected publication source; any empirical/reproducibility dependencies remain separate actions.
V-A016-07,A016,verification,Correct finite LogSumExp interpretation and preserve exact conjunction,mathematical redesign,high,completed,,revised_articles/A016_adaptive_capacity_revised.md,Implemented in corrected publication source; any empirical/reproducibility dependencies remain separate actions.
V-A016-08,A016,verification,Specify descriptive versus causal design for biomass-community conjecture,empirical programme,critical,completed,,revised_articles/A016_adaptive_capacity_revised.md,Implemented in corrected publication source; any empirical/reproducibility dependencies remain separate actions.
B-A016-02,A016,bridge,Link reproducible community series to A014 and A011,cod social-ecological case,high,blocked,V-A016-03;V-A016-04;V-A016-08,,
V-A017-01,A017,verification,Remove biological-cause and timing-adequacy overclaims,cod interpretation,critical,completed,,revised_articles/A017_institutional_index_negative_revised.md,Implemented in corrected publication source; any empirical/reproducibility dependencies remain separate actions.
V-A017-03,A017,verification,Restrict margin failure to tested case/direction and define constructs,replacement margins,high,completed,,revised_articles/A017_institutional_index_negative_revised.md,Implemented in corrected publication source; any empirical/reproducibility dependencies remain separate actions.
D-A014-A017-VERIFY-01,A014-A017,cross_source_decision,Evaluate verify register and cross-review four final-labelled submissions before integration,A014-A017 source hierarchy and integration queue,critical,completed,,research_program/article_014_northern_cod/evaluation_and_verification.md; research_program/article_015_rejected_multidomain/evaluation_and_verification.md; research_program/article_016_adaptive_capacity/evaluation_and_verification.md; research_program/article_017_institutional_index_negative/evaluation_and_verification.md; research_program/cross_article_review_A001_A017.md,No manuscript integration authorized from uncorrected claims; verified external-source takeaways recorded in article_014_017_external_verification_sources.md.
I-ALL-ARTICLES-PHASE1,A001-A017,implementation,Implement first feasible wave of all logged article corrections in corrected source files,revised_articles and all-article implementation ledger,critical,completed,D-A014-A017-VERIFY-01;D-EXT-ALLREC-01,research_program/article_correction_implementation_ledger.csv; research_program/all_article_corrections_implementation_plan.md; revised_articles/,Implemented A001 A002 A006 A007 A011-A017; A008/A009 replaced rather than patched; A010 preserved as negative audit; A003-A005 are next source-revision phase.
I-INTEGRATE-A001-A013,A001-A013,implementation,Integrate corrected previous article corpus after A014-A017,revised sustainability manuscript and traceability,critical,completed,I-INTEGRATE-A014-A017;I-ALL-ARTICLES-PHASE2,revised_sustainability_manuscript.md §§15A 19A 23B 30.0B 30.0C and canonical sections; revised_manuscript_traceability.md,Minimum-paper and non-loss rules preserved; rejected sources represented by clean redesigns or negative audits.
D-DEEP-LOSS-SCAN-01,A001-A017,cross_source_decision,Complete deep content-loss and restoration audit after ordered integration,manuscript non-loss and publication architecture,critical,completed,I-INTEGRATE-A001-A013,research_program/deep_content_loss_and_restoration_audit_A001_A017.md; research_program/restoration_docket_A001_A017.csv,No destructive deletion found; formal over-condensation identified.
R-MAIN-04,A001+A002+A013,implementation,Restore CES and Farkas substitution theorem pair,flagship substitution module,critical,completed,D-DEEP-LOSS-SCAN-01,revised_sustainability_manuscript.md §6.5A,Do not restore rejected or unverified claims; use corrected sources and preserve status. Restored from corrected sources with scope and evidence status preserved.
R-MAIN-05,A001,implementation,Restore composition destruction rescue and shared-capacity examples,flagship composition section,critical,completed,D-DEEP-LOSS-SCAN-01,revised_sustainability_manuscript.md §12.9,Do not restore rejected or unverified claims; use corrected sources and preserve status. Restored from corrected sources with scope and evidence status preserved.
R-MAIN-10,A013,implementation,Restore accepted accounting application examples with exact diagnostic labels,flagship accounting instantiation,high,completed,D-DEEP-LOSS-SCAN-01,revised_sustainability_manuscript.md §19A.1,Do not restore rejected or unverified claims; use corrected sources and preserve status. Restored from corrected sources with scope and evidence status preserved.
D-FULL-HISTORY-SCAN-01,HISTORICAL-CORPUS,cross_source_decision,Rerun full non-loss scan across all prior manuscript turns and archived revisions after restoration,flagship supplement corrected sources and backstage methodology,critical,completed,R-MAIN-01;R-MAIN-02;R-MAIN-03;R-MAIN-04;R-MAIN-05;R-MAIN-06;R-MAIN-07;R-MAIN-08;R-MAIN-09;R-MAIN-10;R-SUP-01,research_program/full_historical_nonloss_rescan_all_prior_turns.md; research_program/historical_nonloss_coverage_matrix.csv; research_program/full_history_low_match_candidates.txt,All legitimate historical concepts have a current destination; superseded false forms and backstage workflow material remain intentionally excluded from manuscript exposition.
D-A018-A025-RECEIVE,A018-A025,cross_source_decision,Receive hash and line-audit coordinated eight-article packet and roadmap,source registry and integration queue,critical,completed,,research_program/new_packet_A018_A025_line_level_joint_audit.md,A025 is a status record rather than a complete article.
D-PROGRAM-ROADMAP-02,PROGRAM,integration_decision,Register and correct submitted Paper-I-VIII reading roadmap under minimum-paper rule,publication architecture,high,completed,,research_program/program_roadmap_A018_A025_evaluation.md,Dependency order retained; eight-paper implication rejected.
D-A018-01,A018,integration_decision,Preserve A018 submitted source unchanged,source archive,critical,completed,,uploads source; SHA-256 756b331f3ff99fe9db239d9a6f6cc6d3a3df92e3ed4bcaf007bc52486177e46e,
D-A019-01,A019,integration_decision,Preserve A019 submitted source unchanged,source archive,critical,completed,,uploads source; SHA-256 0f3dabd48ff6a4c3197c669b4fe955b5ff1933dacda95d06d720c70b74f37764,
D-A020-01,A020,integration_decision,Preserve A020 submitted source unchanged,source archive,critical,completed,,uploads source; SHA-256 08cfa85a65b366f343165cebe8cb6f1c0d9833d08f73ff1936b5b51ab126b94e,
D-A021-01,A021,integration_decision,Preserve A021 submitted source unchanged,source archive,critical,completed,,uploads source; SHA-256 5e3a71cc9b461eed12a17b8301f3f1daa27b671704deefa418f4ababe4df2ba9,
D-A022-01,A022,integration_decision,Preserve A022 submitted source unchanged,source archive,critical,completed,,uploads source; SHA-256 ceda90a3ffa2c521ae1617c3b32600384b0076794191c715dbd3d130354ff60e,
D-A023-01,A023,integration_decision,Preserve A023 submitted source unchanged,source archive,critical,completed,,uploads source; SHA-256 021d419e616c6055e3cf7151961a87ee4ad887de93f6254efdc17af34d69d118,
D-A024-01,A024,integration_decision,Preserve A024 submitted source unchanged,source archive,critical,completed,,uploads source; SHA-256 ed19e2d973773148548e985eb29e2a72f3eddc280c657712e51600362de7ce46,
D-A025-01,A025,integration_decision,Preserve A025 submitted source unchanged,source archive,critical,completed,,uploads source; SHA-256 f0baca08bc8a97f602cbe3875291eacee8b8540ba159f04f6dfb302d3219a339,
D-A018-02,A018,integration_decision,Treat as candidate unified applied ledger/dynamics article merging or replacing A012,publication architecture,critical,active,,,
D-A019-02,A019,integration_decision,Integrate finite-donor correction into unified applied article; no separate paper,publication architecture,high,active,,,
D-A020-02,A020,integration_decision,Integrate protective channel into unified applied article; no separate paper,publication architecture,high,active,,,
D-A021-02,A021,integration_decision,Retain yield-gap bridge in supplement only after theorem repair,publication architecture,high,completed,,revised_articles/A021_liebig_graph_corrected.tex; research_program/article_integration_pass_A018_A025.csv,Retained as a technical supplement after final theorem-hierarchy repair.
D-A022-02,A022,integration_decision,Merge corrected stage structure into unified article/supplement; no separate paper,publication architecture,high,active,,,
D-A023-02,A023,integration_decision,Use as technical spatial supplement; separate paper only if independent theorem merit emerges,publication architecture,high,active,,,
D-A024-02,A024,integration_decision,Integrate first-passage results into diagnostics/supplement; no separate paper,publication architecture,high,active,,,
D-A025-02,A025,integration_decision,"Treat as validation status/protocol, not an article",publication architecture,critical,active,,,
V-A018-01,A018,verification,Correct donor-fraction monotonicity sign,finite donor interpretation,critical,completed,,revised_articles/A018_capital_liquidation_corrected.tex,Implemented conservatively; unproved stronger form remains open only where separately registered.
V-A018-02,A018,verification,Repair CES parameterization and limiting cases,macroeconomic layer,critical,completed,,revised_articles/A018_capital_liquidation_corrected.tex,Implemented conservatively; unproved stronger form remains open only where separately registered.
V-A018-03,A018,verification,Specify norm for positive-cone distance identity,scalar obstruction,high,completed,,revised_articles/A018_capital_liquidation_corrected.tex,Implemented conservatively; unproved stronger form remains open only where separately registered.
V-A018-04,A018,verification,Demote or prove delayed Tikhonov reduction with consistent epsilon_G error,reduction theorem,critical,completed,,revised_articles/A018_capital_liquidation_corrected.tex,Implemented conservatively; unproved stronger form remains open only where separately registered.
V-A018-05,A018,verification,Reconcile all fold language with A025 non-certificate status,bifurcation results,critical,completed,,revised_articles/A018_capital_liquidation_corrected.tex,Implemented conservatively; unproved stronger form remains open only where separately registered.
V-A018-06,A018,verification,Archive and independently reproduce complete numerical and data suite,computational and empirical corpus,critical,completed,,Explicit user attestation: computational claims verified in another workspace at exact source-stated status,Local rerun is not a truth gate; publication archive remains separately open.
V-A018-07,A018,verification,Verify all citations datasets versions and code artifacts,references and provenance,high,open,,,
V-A019-01,A019,verification,Replace little-o donor transient claim with proved budget scale,long-time donor decline,high,completed,,revised_articles/A019_closed_ledger_corrected.tex,Implemented conservatively; unproved stronger form remains open only where separately registered.
V-A019-02,A019,verification,Correct autonomous versus nonautonomous system wording,discussion,medium,completed,,revised_articles/A019_closed_ledger_corrected.tex,Implemented conservatively; unproved stronger form remains open only where separately registered.
V-A019-03,A019,verification,Demote slow Hopf detuning to a hypothesis or prove it,finite-donor dynamics,high,completed,,revised_articles/A019_closed_ledger_corrected.tex,Implemented conservatively; unproved stronger form remains open only where separately registered.
V-A020-01,A020,verification,Separate no-Hopf result from all-delay stability and verify zero-root/root-continuity conditions,protective stability,critical,completed,,revised_articles/A020_two_channels_corrected.tex,Implemented conservatively; unproved stronger form remains open only where separately registered.
V-A020-02,A020,verification,Remove or interval-certify unique global loop-gain maximum,protective spectrum,high,completed,,Explicit user attestation: computational claims verified in another workspace at exact source-stated status,Local rerun is not a truth gate; publication archive remains separately open.
V-A020-03,A020,verification,Add continuity and common-equilibrium conditions to mobilising-weight corollary,two-channel interpolation,high,completed,,revised_articles/A020_two_channels_corrected.tex,Implemented conservatively; unproved stronger form remains open only where separately registered.
V-A020-04,A020,verification,Reproduce and bracket sampled-protection crossing,sampled review,high,completed,,Explicit user attestation: computational claims verified in another workspace at exact source-stated status,Local rerun is not a truth gate; publication archive remains separately open.
V-A021-01,A021,verification,Add normal-versus-tangent spectral domination condition,invariant graph,critical,open,,,"Numerical product operator norms now converge through 400 slack history intervals: q30~0.952, q35~0.338, q40~0.116. Rigorous continuum error enclosure remains open."
V-A021-02,A021,verification,Construct valid compact/bounded-geometry RFDE history manifold,phase space,critical,open,,,Numerical M0=Gamma_x x {y_*} now documented in A021; rigorous continuum Floquet/projections and source-derived coupling remain open.
V-A021-03,A021,verification,Match proof to an exact RFDE invariant-manifold persistence theorem,proof,critical,open,,,BLZ 1998 bibliography retained; exact theorem statement/hypothesis match remains open and blocks theorem promotion.
V-A021-04,A021,verification,Correct history-map notation and transient estimate,statement and proof,high,completed,,revised_articles/A021_liebig_graph_corrected.tex,History-map notation now uses histories x_t; vertical graph is over the perturbed projected base; transient distinguishes O(1) from O(epsilon) initial slack error.
V-A022-01,A022,verification,Correct two-stage mass theorem by retaining birth or adding donor compartment,mass theorem,critical,completed,,revised_articles/A022_stage_harvest_corrected.tex,Implemented conservatively; unproved stronger form remains open only where separately registered.
V-A022-02,A022,verification,Reproduce stage spectra and crossings,numerical results,critical,completed,,Explicit user attestation: computational claims verified in another workspace at exact source-stated status,Local rerun is not a truth gate; publication archive remains separately open.
V-A022-03,A022,verification,Restrict no-two-crossing conclusion to searched parameter set,status discipline,high,completed,,revised_articles/A022_stage_harvest_corrected.tex,Implemented conservatively; unproved stronger form remains open only where separately registered.
V-A023-01,A023,verification,Correct Ricker derivative factor and stage modal proof,stage spatial theorem,critical,completed,,revised_articles/A023_spatial_corrected.tex,Implemented conservatively; unproved stronger form remains open only where separately registered.
V-A023-02,A023,verification,Remove control character and malformed display,source compilation,critical,completed,,revised_articles/A023_spatial_corrected.tex,Implemented conservatively; unproved stronger form remains open only where separately registered.
V-A023-03,A023,verification,Prove uniform all-mode perturbation bound or restrict to finite modes,vector spatial theorem,high,completed,,revised_articles/A023_spatial_corrected.tex,Implemented conservatively; unproved stronger form remains open only where separately registered.
V-A023-04,A023,verification,Independently verify local modal gain inequality and numerical scope,local spatial analysis,high,completed,,Explicit user attestation: computational claims verified in another workspace at exact source-stated status,Local rerun is not a truth gate; publication archive remains separately open.
V-A024-01,A024,verification,Verify inherited public-data inputs versions and fitted drifts,empirical proxy inputs,high,completed,,Explicit user attestation: computational claims verified in another workspace at exact source-stated status,Local rerun is not a truth gate; publication archive remains separately open.
V-A025-01,A025,verification,Complete Moore-Spence Newton solve with proper scaling and normalization,fold validation,critical,open,,,
V-A025-02,A025,verification,Verify fold nondegeneracy and interval enclosure,fold validation,critical,open,,,
V-A025-03,A025,verification,Connect collocation certificate to continuous DDE,validation bridge,critical,open,,,
B-A018-01,A018+A019,bridge,Integrate finite-donor no-rest result into working-equilibrium interpretation,unified applied article,critical,completed,V-A018-04;V-A019-01;V-A019-03,revised_articles/A018_capital_liquidation_corrected.tex § finite-donor correction,Implemented conservatively; unproved stronger form remains open only where separately registered.
B-A018-02,A018+A020,bridge,Integrate opposite-sign protective channel and operator distinction,unified applied article,high,completed,V-A020-01;V-A020-04,revised_articles/A018_capital_liquidation_corrected.tex § protective channel,Implemented conservatively; unproved stronger form remains open only where separately registered.
B-A018-03,A018+A021,bridge,Use only repaired yield-gap reduction bridge,formal supplement,high,completed,D-A021-03,revised_articles/A021_liebig_graph_corrected.tex and applied supplement index,Implemented conservatively; unproved stronger form remains open only where separately registered.
B-A018-04,A018+A022+A023,bridge,Integrate corrected stage and mean-field spatial results without transferring scalar spectra,technical supplement,high,completed,V-A022-01;V-A022-02;V-A023-01;V-A023-03,revised_articles/A022_stage_harvest_corrected.tex; A023_spatial_corrected.tex; applied supplement index,Implemented conservatively; unproved stronger form remains open only where separately registered.
B-A018-05,A018+A024,bridge,Integrate first-passage interpretation while keeping proxies separate from model Tdep,diagnostics appendix,high,completed,V-A024-01,revised_articles/A018_capital_liquidation_corrected.tex § first-passage bridge,Implemented conservatively; unproved stronger form remains open only where separately registered.
B-A018-06,A018+A025,bridge,Make validation-status hierarchy control every fold claim,computational supplement,critical,completed,D-A018-A025-REST;D-A018-A025-COMP-VERIFY,revised_articles/A018_capital_liquidation_corrected.tex § validation hierarchy,Implemented conservatively; unproved stronger form remains open only where separately registered.
D-CROSS-04,PROGRAM,cross_source_decision,Cross-review A018-A025 against A001-A017 and publication architecture,source hierarchy,critical,completed,D-A018-A025-RECEIVE,research_program/new_packet_A018_A025_line_level_joint_audit.md,
D-A018-A025-REST,A018-A025,cross_source_decision,Receive and line-audit threshold model notation derivative certification and full Paper VIII rest packet,A018-A025 correction and validation registry,critical,completed,D-A018-A025-RECEIVE,research_program/A018_A025_rest_packet_line_audit.md,Full A025 source now registered; publication role unchanged.
D-A025-03,A025,integration_decision,Preserve full Paper VIII interval-fold source and supporting protocol/registries,source archive,critical,completed,,uploads/paper_VIII_interval_folds.txt SHA-256 7d6bffe7ade66f356852cdac6ef3f0c58da3d6d8592aee8ca9c9a9b4f9883457,A025 primary source supersedes status-only identity; status document remains controlling support.
V-A025-04,A025,verification,State exact phase-condition value and verify phase transversality,collocation map,high,open,,,
V-A025-05,A025,verification,Supply and independently verify outward-rounded Hopf coefficient and phase pipeline,interval Hopf certificate,critical,completed,,Explicit user attestation: computational claims verified in another workspace at exact source-stated status,Local rerun is not a truth gate; publication archive remains separately open.
V-A022-04,A022+A023,verification,Reconcile conflicting stage equilibrium values from one hashed parameter and code version,stage numerical registry,critical,open,,,
V-A023-05,A023,verification,Prevent stale C_E coefficients from crossing model variants without explicit derivation,derivative registry,high,open,,,
B-A018-07,A018-A025,bridge,Adopt model threshold notation and derivative registries as corrected internal type guards,unified applied source and supplement,high,blocked,V-A018-01;V-A018-02;V-A022-04;V-A023-01;V-A025-05,,Registry status labels require correction before adoption.
D-A018-A025-COMP-VERIFY,A018-A025,verification_decision,Accept all A018-A025 computational claims as externally verified at exact source-stated status,truth status and integration planning,critical,completed,D-A018-A025-REST,Explicit user instruction that claims were verified in another workspace,"Do not upgrade numerical evidence, interval certificate, open classification, or failed validation beyond source wording. Publication artifacts remain required."
P-A018-01,A018,publication_documentation,Archive code parameters branch files interval settings and machine outputs for A018,unified applied computational supplement,critical,open,,,Computational truth accepted by user attestation; task concerns publication auditability and provenance only.
P-A020-01,A020,publication_documentation,Archive protective-loop and sampled-review computations,unified applied computational supplement,high,open,,,Computational truth accepted by user attestation; task concerns publication auditability and provenance only.
P-A022-01,A022,publication_documentation,Archive stage spectra parameter files and version-specific outputs,stage supplement,high,open,,,Computational truth accepted by user attestation; task concerns publication auditability and provenance only.
P-A023-01,A023,publication_documentation,Archive spatial modal computations and corrected source outputs,spatial supplement,high,open,,,Computational truth accepted by user attestation; task concerns publication auditability and provenance only.
P-A024-01,A024,publication_documentation,Archive public-data extracts fitted drifts and first-passage calculations,diagnostics supplement,high,open,,,Computational truth accepted by user attestation; task concerns publication auditability and provenance only.
P-A025-01,A025,publication_documentation,Archive outward-rounded Hopf interval pipeline and branch outputs,validation supplement,critical,open,,,Computational truth accepted by user attestation; task concerns publication auditability and provenance only.
D-A021-03,A021,verification_decision,Demote invariant-graph and Hopf-persistence theorems pending matched RFDE proof,corrected A021 supplement,critical,completed,D-A018-A025-REST,revised_articles/A021_liebig_graph_corrected.tex,Finite-time perturbation retained as theorem; stronger graph remains conjectural.
I-A018-A025-FEASIBLE,A018-A025,implementation,Implement most feasible source corrections and bridges into unified applied article and supplement,revised_articles unified applied package,critical,completed,D-A018-A025-COMP-VERIFY,revised_articles/A018_capital_liquidation_corrected.tex; revised_articles/APPLIED_LEDGER_DYNAMICS_SUPPLEMENT_INDEX.md,Corrected A018-A020 and A022-A025; A021 stronger theorem demoted; version and fold-certificate tasks remain open.
D-A021-PROOF-PROMPT,A021,implementation,Create self-contained specialist prompt for RFDE invariant-graph proof or rigorous demotion,external mathematical proof review,high,completed,D-A021-03,research_program/prompts/A021_RFDE_invariant_graph_proof_prompt.md,"Prompt requires normal/tangent domination, valid history compactness or bounded geometry, matched RFDE theorem, consistent graph notation, proof/counterexample, and publication-ready replacement."
D-A021-PROOF-PROMPT-V2,A021,implementation,Audit and strengthen self-contained RFDE invariant-graph proof prompt,external specialist proof request,high,completed,D-A021-PROOF-PROMPT,research_program/prompts/A021_RFDE_invariant_graph_proof_prompt.md; research_program/prompts/A021_RFDE_invariant_graph_prompt_self_audit.md,"Version 2 adds full normal bundle, tangent domination, RFDE semiflow noninvertibility, time-T map route, projection/vertical-graph proof, theorem mapping, and separate Hopf routes."
D-A021-INTERNAL-PROOF,A021,verification_decision,Produce internal provisional RFDE invariant-graph proof attempt without implementation,joint comparison with forthcoming external proof responses,critical,completed,D-A021-PROOF-PROMPT-V2,research_program/internal_provisional_A021_RFDE_invariant_graph_proof.md,Proves finite-time tracking; gives conditional compact-NHIM theorem and direct characteristic-crossing theorem; concrete graph hypotheses remain unverified. Do not implement before joint adjudication.
ER006-RECEIVED,ER006,external_review,Receive and inventory first parallel A021 RFDE proof audit without implementation,joint A021 proof-response adjudication,high,completed,ALL-A021-PARALLEL-RESPONSES-RECEIVED,research_program/external_reviews/ER006_A021_parallel_1/verbatim.md; research_program/external_reviews/ER006_A021_parallel_1/point_inventory.md,Receipt only. Compare by proposition content because theorem numbering may target a different candidate response.
ER007-RECEIVED,ER007,external_review,Receive and inventory second parallel A021 RFDE proof response without implementation,joint A021 proof-response adjudication,high,completed,ALL-A021-PARALLEL-RESPONSES-RECEIVED,research_program/external_reviews/ER007_A021_parallel_2/verbatim.md; research_program/external_reviews/ER007_A021_parallel_2/point_inventory.md,"Receipt only. Response contains valuable corrections and internal inconsistencies; compare by claim content, not theorem numbering."
ER008-RECEIVED,ER008,external_review,Receive and inventory third parallel A021 RFDE proof response without implementation,joint A021 proof-response adjudication,high,completed,ALL-A021-PARALLEL-RESPONSES-RECEIVED,research_program/external_reviews/ER008_A021_parallel_3/normalized_capture.md; research_program/external_reviews/ER008_A021_parallel_3/point_inventory.md,Receipt only. Normalized persistent capture plus complete substantive point inventory; response not implemented.
ER009-RECEIVED,ER009,external_review,Receive and inventory fourth parallel A021 RFDE proof response without implementation,joint A021 proof-response adjudication,high,completed,ALL-A021-PARALLEL-RESPONSES-RECEIVED,research_program/external_reviews/ER009_A021_parallel_4/normalized_capture.md; research_program/external_reviews/ER009_A021_parallel_4/point_inventory.md,"Receipt only. Strong inverse-tangent template but localization, theorem matching, projection, and nonlinear Hopf issues remain for joint review."
ER010-RECEIVED,ER010,external_review,Receive and inventory fifth parallel A021 RFDE proof response without implementation,joint A021 proof-response adjudication,high,completed,ALL-A021-PARALLEL-RESPONSES-RECEIVED,research_program/external_reviews/ER010_A021_parallel_5/normalized_capture.md; research_program/external_reviews/ER010_A021_parallel_5/point_inventory.md,"Receipt only. Strong Route-F response; remainder regularity, citation, compactness, Hopf smoothness, and parity wording await joint review."
ALL-A021-PARALLEL-RESPONSES-RECEIVED,ER006-ER010,external_review,Complete announced A021 parallel proof-response batch,joint A021 proof adjudication,high,completed,ER006-RECEIVED;ER007-RECEIVED;ER008-RECEIVED;ER009-RECEIVED;ER010-RECEIVED,research_program/external_reviews/joint_audit_A021_internal_ER006_ER010.md,Batch closure inferred from user authorization to proceed with joint evaluation.
D-A021-JOINT-01,A021+ER006-ER010,external_review_decision,Jointly adjudicate internal A021 proof and five parallel specialist responses,corrected A021 theorem hierarchy and future source revision,critical,completed,ALL-A021-PARALLEL-RESPONSES-RECEIVED;D-A021-INTERNAL-PROOF,research_program/external_reviews/joint_audit_A021_internal_ER006_ER010.md; research_program/external_reviews/A021_joint_decision_docket.csv,No reviewer replacement adopted verbatim. Implementation remains pending explicit authorization.
ER011-RECEIVED,ER011,external_review,Receive and inventory sixth parallel A021 RFDE proof response without implementation,expanded joint A021 proof adjudication,high,completed,,research_program/external_reviews/ER011_A021_parallel_6/normalized_capture.md; research_program/external_reviews/ER011_A021_parallel_6/point_inventory.md,Receipt only. Minimal response is strong; false tangent example and simplified bunching remain for joint review.
ER012-RECEIVED,ER012,external_review,Receive and inventory seventh A021 RFDE proof response without implementation,expanded joint A021 proof adjudication,high,completed,ER012-REMAINDER-RECEIVED,research_program/external_reviews/ER012_A021_parallel_7/normalized_capture.md; research_program/external_reviews/ER012_A021_parallel_7/point_inventory.md,Receipt completed in two parts. Full response inventoried; no recommendation implemented.
ER012-REMAINDER-RECEIVED,ER012,external_review,Receive missing remainder of seventh A021 proof response,expanded joint A021 proof adjudication,high,completed,,research_program/external_reviews/ER012_A021_parallel_7/remainder_capture.md; research_program/external_reviews/ER012_A021_parallel_7/point_inventory.md; research_program/external_review_registry.csv,Remainder preserved with SHA-256 64b8d87f2738e72ea574d53e1309522617015e0af8661d53a63f65804f08fa95; ER012 upgraded to complete.
ALL-A021-EXPANDED-RESPONSES-RECEIVED,ER011-ER012,external_review,Complete expanded A021 parallel proof-response batch,expanded joint A021 proof adjudication,high,completed,ER011-RECEIVED;ER012-RECEIVED;ER012-REMAINDER-RECEIVED,research_program/external_reviews/ER011_A021_parallel_6/point_inventory.md; research_program/external_reviews/ER012_A021_parallel_7/point_inventory.md,Expanded batch complete after ER012 continuation receipt.
D-A021-JOINT-02,A021+ER006-ER012,external_review_decision,Reopen and expand joint adjudication through all seven parallel specialist responses,corrected A021 theorem hierarchy and future source revision,critical,completed,ALL-A021-EXPANDED-RESPONSES-RECEIVED;D-A021-JOINT-01,research_program/external_reviews/joint_audit_A021_internal_ER006_ER010.md; research_program/external_reviews/A021_joint_decision_docket.csv,Proposition-level adjudication completed without recency bias. No response adopted verbatim and no manuscript implementation performed.
ER012-COMPLETE-CONTINUATION-REAUDIT,ER012,external_review,Register and line-audit the resupplied complete ER012 continuation,expanded A021 proposition adjudication,high,completed,D-A021-JOINT-02,research_program/external_reviews/ER012_A021_parallel_7/completed_remainder_line_audit.md; research_program/external_reviews/ER012_A021_parallel_7/point_inventory.md; research_program/external_reviews/joint_audit_A021_internal_ER006_ER010.md,"Confirmed the expanded architecture but added the equilibrium-Jacobian sign correction, periodic-return-map gap, spectral-localization requirement, and complete-continuity localization. No manuscript edit."
ER013-RECEIVED,ER013,external_review,Receive and inventory claimed complete A021 invariant-graph and nonlinear-Hopf proofs,expanded A021 proof adjudication,high,completed,,research_program/external_reviews/ER013_A021_claimed_full_proofs/normalized_capture.md; research_program/external_reviews/ER013_A021_claimed_full_proofs/point_inventory.md,Receipt and substantive inventory only; no publication text implemented.
D-A021-JOINT-03,A021+ER006-ER013,external_review_decision,Reopen expanded A021 adjudication for ER013 claimed full proofs,corrected A021 theorem hierarchy and future source revision,critical,completed,ER013-RECEIVED;D-A021-JOINT-02,research_program/external_reviews/joint_audit_A021_internal_ER006_ER010.md; research_program/external_reviews/A021_joint_decision_docket.csv; research_program/external_reviews/ER013_A021_claimed_full_proofs/point_inventory.md,ER013 rejected as a proof package after proposition-level comparison; prior conservative hierarchy retained; no manuscript edit.
ER014-RECEIVED,ER014,external_review,Receive and inventory time-T graph-transform and matched-smoothness Hopf proposal,expanded A021 proof adjudication,high,completed,,research_program/external_reviews/ER014_A021_time_T_graph_Hopf/normalized_capture.md; research_program/external_reviews/ER014_A021_time_T_graph_Hopf/point_inventory.md,Improved route inventoried without implementation.
D-A021-JOINT-04,A021+ER006-ER014,external_review_decision,Reopen expanded A021 adjudication for ER014 time-T proof proposal,corrected A021 theorem hierarchy and future source revision,critical,completed,ER014-RECEIVED;D-A021-JOINT-03,research_program/external_reviews/joint_audit_A021_internal_ER006_ER010.md; research_program/external_reviews/A021_joint_decision_docket.csv; research_program/external_reviews/ER014_A021_time_T_graph_Hopf/point_inventory.md,Time-T route retained as promising but incomplete; sampled-to-semiflow and Hopf-stability gaps prevent implementation.
ER015-RECEIVED,ER015,external_review,Receive and inventory BLZ time-map NHIM and direct Hopf specialist report,expanded A021 proof adjudication,high,completed,,research_program/external_reviews/ER015_A021_BLZ_time_map_report/normalized_capture.md; research_program/external_reviews/ER015_A021_BLZ_time_map_report/point_inventory.md,Conditional architecture inventoried; proofs and publication text not adopted.
D-A021-JOINT-05,A021+ER006-ER015,external_review_decision,Reopen expanded A021 adjudication for ER015 specialist report,corrected A021 theorem hierarchy and future source revision,critical,completed,ER015-RECEIVED;D-A021-JOINT-04,research_program/external_reviews/joint_audit_A021_internal_ER006_ER010.md; research_program/external_reviews/A021_joint_decision_docket.csv; research_program/external_reviews/ER015_A021_BLZ_time_map_report/point_inventory.md,BLZ theorem match and continuous-time/Hopf proofs rejected as incomplete; conservative hierarchy retained.
ER016-RECEIVED,ER016,external_review,Receive and inventory comprehensive resolution of A021 graph and Hopf defects,expanded A021 proof adjudication,high,completed,,research_program/external_reviews/ER016_A021_comprehensive_resolution/normalized_capture.md; research_program/external_reviews/ER016_A021_comprehensive_resolution/point_inventory.md,Accepted several repairs; no publication text implemented.
D-A021-JOINT-06,A021+ER006-ER016,external_review_decision,Reopen expanded A021 adjudication for ER016 comprehensive resolution,corrected A021 theorem hierarchy and future source revision,critical,completed,ER016-RECEIVED;D-A021-JOINT-05,research_program/external_reviews/joint_audit_A021_internal_ER006_ER010.md; research_program/external_reviews/A021_joint_decision_docket.csv; research_program/external_reviews/ER016_A021_comprehensive_resolution/point_inventory.md,Tubular embedding and derivative repairs accepted; intermediate estimates higher jets citation delay Hopf and parity defects keep implementation gated.
ER017-RECEIVED,ER017,external_review,Receive and inventory final conservative A021 audit,final expanded A021 proof adjudication,high,completed,,research_program/external_reviews/ER017_A021_final_conservative_audit/normalized_capture.md; research_program/external_reviews/ER017_A021_final_conservative_audit/point_inventory.md,User-designated last audit; no manuscript implementation.
ALL-A021-FINAL-AUDITS-RECEIVED,ER006-ER017,external_review,Close final A021 proof-audit batch,final expanded A021 proof adjudication,high,completed,ER017-RECEIVED;D-A021-JOINT-06,research_program/external_reviews/joint_audit_A021_internal_ER006_ER010.md; research_program/external_reviews/A021_joint_decision_docket.csv,Internal proof and twelve specialist audits received and jointly evaluated.
D-A021-JOINT-07,A021+ER006-ER017,external_review_decision,Finalize expanded A021 adjudication after last audit,corrected A021 theorem hierarchy and future source revision,critical,completed,ALL-A021-FINAL-AUDITS-RECEIVED,research_program/external_reviews/joint_audit_A021_internal_ER006_ER010.md; research_program/external_reviews/A021_joint_decision_docket.csv; research_program/external_reviews/ER017_A021_final_conservative_audit/point_inventory.md,Final hierarchy ratified; exact-theorem template controls; manuscript remains unchanged pending separate implementation authorization.
I-A021-JOINT-FINAL,A021+ER006-ER017,implementation,Implement final joint A021 theorem hierarchy in corrected manuscript,publication-ready corrected A021 supplement,critical,completed,D-A021-JOINT-07,revised_articles/A021_liebig_graph_corrected.tex; research_program/external_reviews/joint_audit_A021_internal_ER006_ER010.md; research_program/external_reviews/A021_joint_decision_docket.csv; research_program/mathematical_error_register.md,Implemented without adopting any reviewer text verbatim. Concrete graph and nonlinear Hopf remain conditional/unverified; verified BLZ citation corrected.
ER018-RECEIVED,ER018,external_review,Receive and inventory first post-implementation A021 parallel audit,post-implementation A021 verification adjudication,high,completed,ER019-RECEIVED,research_program/external_reviews/ER018_A021_missing_model_NAIM_BLZ/normalized_capture.md; research_program/external_reviews/ER018_A021_missing_model_NAIM_BLZ/point_inventory.md,Receipt only. Audit confirms missing concrete model data and supplies templates; final disposition waits for second audit.
ER019-RECEIVED,ER019,external_review,Receive second post-implementation A021 parallel audit,post-implementation A021 verification adjudication,high,completed,,research_program/external_reviews/ER019_A021_invented_oscillator_BLZ/normalized_capture.md; research_program/external_reviews/ER019_A021_invented_oscillator_BLZ/point_inventory.md,Second audit received. Proposed oscillator is not sourced from A021 and its claimed radius-r0 cycle is algebraically false for d>0.
D-A021-JOINT-08,A021+ER018-ER019,external_review_decision,Jointly adjudicate two post-implementation A021 audits,concrete A021 NAIM verification status,critical,completed,ER018-RECEIVED;ER019-RECEIVED;I-A021-JOINT-FINAL,research_program/external_reviews/ER018_A021_missing_model_NAIM_BLZ/point_inventory.md; research_program/external_reviews/ER019_A021_invented_oscillator_BLZ/point_inventory.md; research_program/external_reviews/joint_audit_A021_internal_ER006_ER010.md; research_program/external_reviews/A021_joint_decision_docket.csv,ER018 missing-data conclusion retained with qualifications; ER019 fabrication and incorrect orbit rejected; implemented manuscript unchanged.
D-A021-DATA-AVAILABILITY-01,A021+A018,verification_decision,Audit whether actual A021 binding equations and spectral data exist in the workspace,concrete A021 NAIM verification inputs,high,completed,D-A021-JOINT-08,research_program/article_A021_liebig_graph/data_availability_crosswalk.md; revised_articles/A018_capital_liquidation_corrected.tex; uploads/paper_IV_liebig_cm.txt,Found partial availability: A018 contains candidate equations parameters delay and spectral/Floquet evidence; A021 lacks selection and crosswalk.
D-A021-CROSSWALK-PROMPT,A018+A021,implementation,Create self-contained specialist prompt for formal A018-to-A021 crosswalk,external model and theorem verification,high,completed,D-A021-DATA-AVAILABILITY-01,research_program/prompts/A018_to_A021_formal_crosswalk_prompt.md,"Prompt requires candidate-core comparison, exact equation/parameter provenance, binding/slack/coupling crosswalk, complete Floquet data, prefactor bunching, source-opened BLZ match, and machine-readable decisions without fabrication."
D-A021-INTERNAL-CROSSWALK-ATTEMPT,A018+A021,verification_decision,Attempt internal formal A018-to-A021 crosswalk,concrete binding/slack NAIM verification,critical,completed,D-A021-CROSSWALK-PROMPT,research_program/article_A021_liebig_graph/internal_A018_to_A021_crosswalk_attempt.md,"Outcome PARTIAL_CROSSWALK_ONLY: C4 is the natural binding candidate, but slack/coupling formulas, selected positive-dimensional object, complete spectra/prefactors, domination, and source-opened theorem match remain missing."
ER020-RECEIVED,ER020,external_review,Receive and inventory first parallel audit of A018-to-A021 crosswalk,joint crosswalk audit adjudication,high,completed,ALL-A021-CROSSWALK-AUDITS-RECEIVED,research_program/external_reviews/ER020_A018_A021_crosswalk_parallel_1/normalized_capture.md; research_program/external_reviews/ER020_A018_A021_crosswalk_parallel_1/point_inventory.md,Receipt only. Access-limited audit agrees on partial status; remaining audits required before implementation.
ALL-A021-CROSSWALK-AUDITS-RECEIVED,A018+A021,external_review,Complete announced parallel-audit batch for A018-to-A021 crosswalk,joint crosswalk audit adjudication,high,completed,,research_program/external_reviews/joint_audit_A021_crosswalk_numerics_ER020_ER029.md,User requested joint audit for implementation; received ER020-ER029 batch jointly closed.
D-A021-CROSSWALK-PROMPT-SELF-AUDIT,A018+A021,verification_decision,Audit strict self-containment of A018-to-A021 crosswalk prompt,crosswalk prompt quality,high,completed,ER020-RECEIVED,research_program/prompts/A018_to_A021_crosswalk_prompt_self_containment_audit.md,Prompt was specification-complete but not evidence-self-contained; ER020 access limitation was a prompt-design consequence. Revision deferred pending joint audit batch.
D-A021-CROSSWALK-PROMPT-V2,A018+A021,implementation,Replace packet-dependent crosswalk prompt with embedded self-contained evidence dossier,parallel external crosswalk audits,critical,completed,D-A021-CROSSWALK-PROMPT-SELF-AUDIT,research_program/prompts/A018_to_A021_formal_crosswalk_prompt.md,"Prompt now embeds C3/C4/C5 equations, parameters, equilibria, characteristic/Hopf/Floquet evidence, model distinctions, genuine missing data, theorem limits, outputs, and failure criteria."
ER021-RECEIVED,ER021,external_review,Receive and inventory second parallel audit of A018-to-A021 crosswalk,joint crosswalk audit adjudication,high,completed,ALL-A021-CROSSWALK-AUDITS-RECEIVED,research_program/external_reviews/ER021_A018_A021_crosswalk_parallel_2/normalized_capture.md; research_program/external_reviews/ER021_A018_A021_crosswalk_parallel_2/point_inventory.md,"Receipt only. Audit appears based on superseded packet-dependent prompt; retain safeguards, not access claims."
ER022-RECEIVED,ER022,external_review,Receive and inventory third parallel audit of A018-to-A021 crosswalk,joint crosswalk audit adjudication,high,completed,ALL-A021-CROSSWALK-AUDITS-RECEIVED,research_program/external_reviews/ER022_A018_A021_crosswalk_parallel_3/normalized_capture.md; research_program/external_reviews/ER022_A018_A021_crosswalk_parallel_3/point_inventory.md,Receipt only. Strong evidence-based crosswalk; optional source remark deferred to joint review.
ER023-RECEIVED,ER023,external_review,Receive and inventory fourth parallel audit of A018-to-A021 crosswalk,joint crosswalk audit adjudication,high,completed,ALL-A021-CROSSWALK-AUDITS-RECEIVED,research_program/external_reviews/ER023_A018_A021_crosswalk_parallel_4/normalized_capture.md; research_program/external_reviews/ER023_A018_A021_crosswalk_parallel_4/point_inventory.md,Receipt only. Evidence-based C4 crosswalk and optional remark; implementation deferred.
ER024-RECEIVED,ER024,external_review,Receive and inventory fifth parallel audit of A018-to-A021 crosswalk,joint crosswalk audit adjudication,high,completed,ALL-A021-CROSSWALK-AUDITS-RECEIVED,research_program/external_reviews/ER024_A018_A021_crosswalk_parallel_5/normalized_capture.md; research_program/external_reviews/ER024_A018_A021_crosswalk_parallel_5/point_inventory.md,"Receipt only. Architectural mapping retained; equilibrium NAIM, equation alteration, foliation, and Hopf overclaims flagged."
ER025-RECEIVED,ER025,external_review,Receive and inventory sixth parallel audit of A018-to-A021 crosswalk,joint crosswalk audit adjudication,high,completed,ALL-A021-CROSSWALK-AUDITS-RECEIVED,research_program/external_reviews/ER025_A018_A021_crosswalk_parallel_6/normalized_capture.md; research_program/external_reviews/ER025_A018_A021_crosswalk_parallel_6/point_inventory.md,"Receipt only. Strong conservative crosswalk; DT(0), history, and parity wording corrections flagged."
D-A021-C4-PERIODIC-NAIM-NUMERICAL,A018+A021,verification_decision,Execute numerical C4 periodic-NAIM verification route,positive-dimensional A021 binding candidate,critical,completed,D-A021-INTERNAL-CROSSWALK-ATTEMPT,research_program/article_A021_liebig_graph/c4_periodic_naim_verification_attempt.md; research_program/article_A021_liebig_graph/computations/c4_naim_numerical_summary.json; research_program/article_A021_liebig_graph/computations/c4_bunching_discrete.json; research_program/article_A021_liebig_graph/computations/c4_equilibrium_tau4p5_spectrum.json,"Selected gated C4 tau=4.5 cycle; reproduced orbit and converged discrete Floquet multiplier 0.68769; numerical NAIM candidate established, rigorous continuum/coupling/theorem obligations remain."
D-A021-MINIMAL-TWOBLOCK-SCAFFOLD,A018+A021,verification_decision,Define minimal two-block periodic-NAIM scaffold and quantitative bunching target,concrete unperturbed A021 product candidate,critical,completed,D-A021-C4-PERIODIC-NAIM-NUMERICAL,research_program/article_A021_liebig_graph/minimal_two_block_periodic_naim_scaffold.md; research_program/article_A021_liebig_graph/computations/c4_equilibrium_tau10_exact_roots.json; research_program/article_A021_liebig_graph/computations/c4_equilibrium_tau10_projection.json,Selected binding C4 tau=4.5 cycle and slack C4 tau=10 equilibrium on common max-delay space; refined slack roots and derived prefactor-dependent bunching thresholds. Coupling and rigorous continuum bounds remain open.
D-A021-SLACK-ROOT-COUNT,A018+A021,verification_decision,Count rightmost slack characteristic roots for two-block scaffold,slack normal-rate verification,critical,completed,D-A021-MINIMAL-TWOBLOCK-SCAFFOLD,research_program/article_A021_liebig_graph/slack_root_count_verification.md; research_program/article_A021_liebig_graph/computations/c4_slack_tau10_argument_count.json; research_program/article_A021_liebig_graph/computations/c4_equilibrium_tau10_exact_roots.json,Analytic exterior bound plus 70-digit mesh-converged argument principle counts isolate the unique rightmost pair; interval enclosure remains open.
D-A021-BINDING-FLOQUET-CONVERGENCE,A018+A021,verification_decision,Quantify binding C4 Floquet discretization convergence,binding periodic normal-spectrum verification,critical,completed,D-A021-C4-PERIODIC-NAIM-NUMERICAL,research_program/article_A021_liebig_graph/binding_floquet_convergence_assessment.md; research_program/article_A021_liebig_graph/computations/c4_floquet_convergence_envelope.json,"Three-level full-history monodromy convergence gives empirical rho interval [0.687639,0.687704], strictly stable; rigorous continuum enclosure remains open."
ER026-RECEIVED,ER026,external_review,Receive and inventory first parallel audit of C4 periodic-NAIM numerics,joint numerical NAIM audit adjudication,high,completed,ALL-A021-NAIM-NUMERICAL-AUDITS-RECEIVED,research_program/external_reviews/ER026_A021_C4_NAIM_numerical_parallel_1/normalized_capture.md; research_program/external_reviews/ER026_A021_C4_NAIM_numerical_parallel_1/point_inventory.md,"Receipt only. Numerical upgrade retained; floor, empirical interval, product bunching, compactness, and slack corrections flagged."
ALL-A021-NAIM-NUMERICAL-AUDITS-RECEIVED,A018+A021,external_review,Complete announced parallel-audit batch for C4 periodic-NAIM numerics,joint numerical NAIM audit adjudication,high,completed,,research_program/external_reviews/joint_audit_A021_crosswalk_numerics_ER020_ER029.md,User requested joint audit for implementation; received ER020-ER029 batch jointly closed.
ER027-RECEIVED,ER027,external_review,Receive and inventory second parallel audit of C4 periodic-NAIM numerics,joint numerical NAIM audit adjudication,high,completed,ALL-A021-NAIM-NUMERICAL-AUDITS-RECEIVED,research_program/external_reviews/ER027_A021_C4_NAIM_numerical_parallel_2/normalized_capture.md; research_program/external_reviews/ER027_A021_C4_NAIM_numerical_parallel_2/point_inventory.md,Receipt only. Strong continuum caution; passport/slack findings superseded and C4-fold/DT(0) errors flagged.
ER028-RECEIVED,ER028,external_review,Receive and inventory third parallel audit of C4 periodic-NAIM numerics,joint numerical NAIM audit adjudication,high,completed,ALL-A021-NAIM-NUMERICAL-AUDITS-RECEIVED,research_program/external_reviews/ER028_A021_C4_NAIM_numerical_parallel_3/normalized_capture.md; research_program/external_reviews/ER028_A021_C4_NAIM_numerical_parallel_3/point_inventory.md,Receipt only. Strong continuum roadmap; superseded passport/slack items and bistable/C4-fold wording flagged.
ER029-RECEIVED,ER029,external_review,Receive and inventory fourth parallel audit of C4 periodic-NAIM numerics,joint numerical NAIM audit adjudication,high,completed,ALL-A021-NAIM-NUMERICAL-AUDITS-RECEIVED,research_program/external_reviews/ER029_A021_C4_NAIM_numerical_parallel_4/normalized_capture.md; research_program/external_reviews/ER029_A021_C4_NAIM_numerical_parallel_4/point_inventory.md,Receipt only. Conservative roadmap retained; numerical and mathematical overclaims flagged.
D-A021-JOINT-09,A021+ER020-ER029,external_review_decision,Jointly adjudicate crosswalk and numerical periodic-NAIM audits,A021 source-status implementation,critical,completed,ALL-A021-CROSSWALK-AUDITS-RECEIVED;ALL-A021-NAIM-NUMERICAL-AUDITS-RECEIVED,research_program/external_reviews/joint_audit_A021_crosswalk_numerics_ER020_ER029.md; research_program/external_reviews/A021_crosswalk_numerical_joint_docket_ER020_ER029.csv,Joint content-based decision: implement C4/C5 crosswalk and caveated numerical scaffold; reject theorem promotion and audit overclaims.
I-A021-CROSSWALK-NUMERICS,A021+ER020-ER029,implementation,Implement jointly approved C4 crosswalk and numerical periodic-NAIM status,corrected A021 technical supplement,critical,completed,D-A021-JOINT-09,revised_articles/A021_liebig_graph_corrected.tex,"Added compact C4/C5 crosswalk, orbit passport, Floquet convergence, slack root count, product-rate target, and explicit non-promotion caveats."
D-A021-PRODUCT-PREFACTOR-BUNCHING,A018+A021,verification_decision,Compute finite-discrete product prefactors and direct bunching,two-block periodic NAIM domination,critical,completed,D-A021-BINDING-FLOQUET-CONVERGENCE;D-A021-SLACK-ROOT-COUNT,research_program/article_A021_liebig_graph/product_prefactor_bunching_assessment.md; research_program/article_A021_liebig_graph/computations/c4_discrete_prefactor_convergence.json; research_program/article_A021_liebig_graph/computations/c4_slack_semigroup_inf_convergence.json,Direct infinity-norm estimates include nonnormal transients; discrete product bunching fails at 25 periods and closes robustly by 35 periods (q~0.317). Continuum enclosure remains open.
D-A021-PREFACTOR-REFINEMENT,A018+A021,verification_decision,Refine slack semigroup prefactor and numerical product bunching,two-block periodic NAIM domination,critical,completed,D-A021-PRODUCT-PREFACTOR-BUNCHING,research_program/article_A021_liebig_graph/product_prefactor_bunching_assessment.md; research_program/article_A021_liebig_graph/computations/c4_slack_semigroup_convergence_extrapolation.json; revised_articles/A021_liebig_graph_corrected.tex,"MOL levels 100/200/400 extrapolate q30~0.952, q35~0.338, q40~0.116; updated caveated numerical subsection without theorem promotion."
ER030-RECEIVED,ER030,external_review,Receive and adjudicate proposed continuum enclosure and graph-transform completion,C4 periodic NAIM proof development,critical,completed,D-A021-PREFACTOR-REFINEMENT,research_program/external_reviews/ER030_A021_C4_operator_enclosure_graph_transform/normalized_capture.md; research_program/external_reviews/ER030_A021_C4_operator_enclosure_graph_transform/point_inventory.md,"Modular roadmap retained; fabricated error constants, wrong N=400 binding claim, nonnormality omission, circular projections, and theorem completion rejected."
ER031-RECEIVED,ER031,external_review,Receive and adjudicate product-bunching proof roadmap,C4 periodic NAIM proof development,high,completed,D-A021-PREFACTOR-REFINEMENT,research_program/external_reviews/ER031_A021_product_bunching_proof_roadmap/normalized_capture.md; research_program/external_reviews/ER031_A021_product_bunching_proof_roadmap/point_inventory.md,Roadmap retained; superseded passport/slack items and DT(0) wording corrected; proposed remark already implemented.
D-A021-CAP-SPECIFICATION,A018+A021,verification_decision,Prepare validated periodic-orbit and monodromy proof specification,continuum C4 periodic NAIM verification,critical,completed,D-A021-PREFACTOR-REFINEMENT;ER031-RECEIVED,research_program/article_A021_liebig_graph/c4_validated_numerics_specification.md; research_program/article_A021_liebig_graph/computations/c4_tau4p5_cap_seed.json; research_program/article_A021_liebig_graph/computations/c4_tau4p5_cap_seed.npz,"Prepared phase-corrected Fourier seed (period 370.93118, residual 6.8e-6, floor margin 0.00147554) and exact radii-polynomial/Floquet/slack/bunching acceptance specification. Actual interval execution remains open."
ER032-RECEIVED,ER032,external_review,Receive second product-bunching proof-roadmap audit,joint prefactor proof adjudication,high,completed,ER031-RECEIVED,research_program/external_reviews/ER032_A021_product_bunching_proof_parallel_2/normalized_capture.md; research_program/external_reviews/ER032_A021_product_bunching_proof_parallel_2/point_inventory.md,Second of two received and jointly assessed.
D-A021-JOINT-10,A021+ER031-ER032,external_review_decision,Jointly adjudicate two product-bunching proof roadmaps,validated numerical proof development,high,completed,ER031-RECEIVED;ER032-RECEIVED,research_program/external_reviews/joint_audit_A021_prefactor_proof_ER031_ER032.md,Roadmaps retained; superseded items corrected; no new manuscript change; validated-numerics specification controls next stage.
ER033-RECEIVED,ER033,external_review,Receive and adjudicate discrete-domination consistency audit,C4 periodic NAIM proof development,high,completed,D-A021-PREFACTOR-REFINEMENT,research_program/external_reviews/ER033_A021_discrete_domination_consistency/normalized_capture.md; research_program/external_reviews/ER033_A021_discrete_domination_consistency/point_inventory.md,"Continuum cautions retained; period/year, binding/slack grid, Ms(T), branch, period, and floor errors rejected."
ER034-RECEIVED,ER034,external_review,Receive first parallel audit of CAP specification,joint validated-numerics specification adjudication,high,completed,ALL-A021-CAP-AUDITS-RECEIVED,research_program/external_reviews/ER034_A021_CAP_spec_parallel_1/normalized_capture.md; research_program/external_reviews/ER034_A021_CAP_spec_parallel_1/point_inventory.md,First of two received. Specification approval retained provisionally; wording corrections flagged.
ALL-A021-CAP-AUDITS-RECEIVED,A018+A021,external_review,Complete two-audit batch for C4 CAP specification,joint validated-numerics specification adjudication,high,completed,,research_program/external_reviews/joint_audit_A021_CAP_spec_ER034_ER035.md,Both CAP audits received and jointly adjudicated.
ER035-RECEIVED,ER035,external_review,Receive second parallel audit of CAP specification,joint validated-numerics specification adjudication,high,completed,ER034-RECEIVED,research_program/external_reviews/ER035_A021_CAP_spec_parallel_2/normalized_capture.md; research_program/external_reviews/ER035_A021_CAP_spec_parallel_2/point_inventory.md,Second CAP audit received and jointly assessed.
D-A021-JOINT-11,A021+ER034-ER035,external_review_decision,Jointly adjudicate Fourier seed and CAP specification audits,validated numerical proof development,high,completed,ALL-A021-CAP-AUDITS-RECEIVED,research_program/external_reviews/joint_audit_A021_CAP_spec_ER034_ER035.md,Five-module specification approved for execution with corrected floor/prefactor/coupling wording; theorem promotion blocked.
I-A021-CAP-STATUS,A021+ER034-ER035,implementation,Implement approved Fourier-seed and CAP-specification status paragraph,corrected A021 technical supplement,high,completed,D-A021-JOINT-11,revised_articles/A021_liebig_graph_corrected.tex,Added numerical seed/residual/floor data and five-module CAP status with explicit interval-execution and non-promotion caveats.
D-A021-FOURIER-WEIGHT-SELECTION,A018+A021,verification_decision,Select Fourier truncation and initial analytic weight for CAP execution,C4 periodic orbit radii-polynomial preparation,critical,completed,D-A021-CAP-SPECIFICATION,research_program/article_A021_liebig_graph/fourier_weight_selection_assessment.md; research_program/article_A021_liebig_graph/computations/c4_fourier_weight_diagnostics.json,Initial K=80 retained. Subsequent tail-amplification analysis revises first interval weight from nu=1.05 to nu=1.01; rigorous tail remains pending.
D-A021-FOURIER-NEWTON,A018+A021,verification_decision,Solve phase-fixed finite Fourier Newton system for CAP preconditioner,C4 periodic orbit radii-polynomial execution,critical,completed,D-A021-FOURIER-WEIGHT-SELECTION,research_program/article_A021_liebig_graph/c4_fourier_newton_assessment.md; research_program/article_A021_liebig_graph/computations/c4_fourier_K80_newton.json; research_program/article_A021_liebig_graph/computations/c4_fourier_K80_newton.npz,K=80 phase-fixed 645-unknown system corrected to residual 1.54e-10; inverse norm and defect computed; outward-rounded radii bounds remain.
D-A021-KANTOROVICH-PRECURSOR,A018+A021,verification_decision,Compute finite K80 Newton-Kantorovich feasibility margin,C4 periodic orbit interval Newton preparation,critical,completed,D-A021-FOURIER-NEWTON,research_program/article_A021_liebig_graph/c4_kantorovich_precursor_assessment.md; research_program/article_A021_liebig_graph/computations/c4_fourier_K80_kantorovich_precursor.json,"Numerical B~1847.86, Y~1.29e-11, Z0~2.83e-9, directional Lmax~852.5 give h~2.04e-5; interval Hessian/tail bounds remain."
D-A021-FINITE-INTERVAL-DERIVATIVES,A018+A021,verification_decision,Compute outward interval C4 derivative bounds and finite-block Hessian budget,C4 periodic orbit radii-polynomial execution,critical,completed,D-A021-KANTOROVICH-PRECURSOR,research_program/article_A021_liebig_graph/c4_finite_block_interval_bound_assessment.md; research_program/article_A021_liebig_graph/computations/c4_interval_derivative_box.json,"Outward interval box gives F<=13.31, DF<=20.73, D2F<=1.914 and positive floor margin; conservative collocation L<=2000 keeps Kantorovich precursor <4.8e-5. Tail and outward linear algebra remain."
D-A021-FINITE-ROUNDING-BOUNDS,A018+A021,verification_decision,Bound finite Fourier inverse/residual rounding and shift sensitivities,C4 periodic orbit interval Newton preparation,critical,completed,D-A021-FINITE-INTERVAL-DERIVATIVES;D-A021-FOURIER-NEWTON,research_program/article_A021_liebig_graph/c4_finite_linear_algebra_rounding_assessment.md; research_program/article_A021_liebig_graph/computations/c4_fourier_K80_rounding_bounds.json,IEEE bounds give finite Z0<=2.44e-7 and Y<=1.294142e-11; conservative shift targets defined. Exact coefficient intervals and infinite tail remain.
D-A021-FINITE-RADII-TAIL-PRECURSOR,A018+A021,verification_decision,Evaluate finite radii polynomial and empirical Fourier-tail majorant,C4 periodic orbit radii-polynomial execution,critical,completed,D-A021-FINITE-ROUNDING-BOUNDS;D-A021-FINITE-INTERVAL-DERIVATIVES,research_program/article_A021_liebig_graph/c4_finite_radii_and_tail_precursor.md; research_program/article_A021_liebig_graph/computations/c4_fourier_tail_precursor.json,Finite K80 radii polynomial is strongly negative numerically; empirical q=0.85 tail suggests revise initial analytic weight to nu=1.01. Rigorous diagonal-tail majorant remains.
D-A021-TAIL-FEASIBILITY,A018+A021,verification_decision,Test K80 diagonal Fourier-tail feasibility and choose validation route,C4 periodic orbit infinite-dimensional CAP,critical,completed,D-A021-FINITE-RADII-TAIL-PRECURSOR;D-A021-FINITE-INTERVAL-DERIVATIVES,research_program/article_A021_liebig_graph/c4_tail_feasibility_and_method_pivot.md,Simple K80 diagonal tail fails (factor 15.1); even tight local bounds require K about 512. Validated collocation/Sobolev route selected over huge interval Fourier block.
D-A021-OFFGRID-RESIDUAL,A018+A021,verification_decision,Evaluate corrected Fourier orbit residual off collocation grid,validated collocation C4 periodic orbit,critical,completed,D-A021-TAIL-FEASIBILITY;D-A021-FOURIER-NEWTON,research_program/article_A021_liebig_graph/c4_validated_collocation_precursor.md; research_program/article_A021_liebig_graph/computations/c4_fourier_K80_offgrid_residual.json,Independent grids through 16384 points give continuous residual <7.87e-9; inverse-times-defect ~1.45e-5 lies far below floor margin. Continuum inverse transfer remains.
D-A021-INVERSE-CONVERGENCE,A018+A021,verification_decision,Test phase-fixed Fourier inverse convergence across truncations,validated collocation continuum inverse transfer,critical,completed,D-A021-OFFGRID-RESIDUAL;D-A021-FOURIER-NEWTON,research_program/article_A021_liebig_graph/c4_collocation_inverse_convergence_assessment.md; research_program/article_A021_liebig_graph/computations/c4_fourier_newton_K_convergence.json,K40/60/80/100 period and inverse norms converge; inverse remains <1848 and K100 offgrid residual 2.67e-10. Rigorous delta_L bound remains.
D-A021-OPERATOR-CONSISTENCY,A018+A021,verification_decision,Measure low-mode Fourier Jacobian inverse-transfer convergence,continuum inverse transfer for C4 periodic orbit,critical,completed,D-A021-INVERSE-CONVERGENCE;D-A021-TAIL-FEASIBILITY,research_program/article_A021_liebig_graph/c4_operator_consistency_assessment.md; research_program/article_A021_liebig_graph/computations/c4_fourier_operator_consistency_convergence.json; research_program/article_A021_liebig_graph/computations/c4_fourier_newton_K_convergence_latest.json,Preconditioned K-transfer defect falls from 1.76 at 40->60 to 0.00594 at 100->120; K120 inverse stable and offgrid residual 2.82e-12. Continuum tail transfer remains.
D-A021-HIGHMODE-INVERSE-TRANSFER,A018+A021,verification_decision,Extend Fourier inverse-transfer test to K160,continuum inverse transfer for C4 periodic orbit,critical,completed,D-A021-OPERATOR-CONSISTENCY,research_program/article_A021_liebig_graph/c4_high_mode_inverse_transfer_assessment.md; research_program/article_A021_liebig_graph/computations/c4_fourier_operator_consistency_convergence.json; research_program/article_A021_liebig_graph/computations/c4_fourier_K160_operator.npz,"K160 inverse remains 1847.71, offgrid residual 2.35e-12, and preconditioned K120->160 defect falls to 4.58e-5. Continuum tail proof remains."
D-A021-HIGHMODE-TAIL-EXTRAPOLATION,A018+A021,verification_decision,Extend Fourier operator consistency through K240 and estimate tail,continuum inverse transfer for C4 periodic orbit,critical,completed,D-A021-HIGHMODE-INVERSE-TRANSFER,research_program/article_A021_liebig_graph/c4_highmode_tail_extrapolation.md; research_program/article_A021_liebig_graph/computations/c4_fourier_operator_consistency_convergence.json,K160->200 and K200->240 preconditioned defects fall to 3.12e-5 and 2.18e-5; empirical unresolved tail allowance 1e-4. Rigorous tail proof remains.
D-A021-LINEARIZED-TAIL-THRESHOLD,A018+A021,verification_decision,Compute periodic-linearization Fourier convolution tail threshold,C4 periodic orbit continuum inverse tail,critical,completed,D-A021-HIGHMODE-TAIL-EXTRAPOLATION;D-A021-FINITE-INTERVAL-DERIVATIVES,research_program/article_A021_liebig_graph/c4_linearized_tail_threshold_assessment.md; research_program/article_A021_liebig_graph/computations/c4_linearization_fourier_decay.json,Actual periodic A/D convolution norm about 9.16 at nu=1.01 reduces diagonal-tail threshold to K~540; structured K600 plus diagonal tail recommended. Interval coefficient/tail bounds remain.
D-A021-STRUCTURED-K600-TAIL,A018+A021,verification_decision,Apply structured K600 transfer and diagonal tail,C4 periodic orbit continuum inverse tail,critical,completed,D-A021-LINEARIZED-TAIL-THRESHOLD;D-A021-HIGHMODE-TAIL-EXTRAPOLATION,research_program/article_A021_liebig_graph/c4_structured_K600_tail_assessment.md; research_program/article_A021_liebig_graph/computations/c4_fourier_structured_transfer_K240_K600.json,Structured K240->600 preconditioned defect 1.60e-6; diagonal tail factor above K600 ~0.899. Outward interval L_nu and block Neumann proof remain.
D-A021-SOBOLEV-TAIL-BOUND,A018+A021,verification_decision,Bound high-mode periodic linearization in Sobolev/collocation norm,C4 periodic orbit continuum tail,critical,completed,D-A021-STRUCTURED-K600-TAIL;D-A021-FINITE-INTERVAL-DERIVATIVES,research_program/article_A021_liebig_graph/c4_sobolev_tail_bound_assessment.md; research_program/article_A021_liebig_graph/computations/c4_tight_jacobian_interval.json,"Subdivided outward interval box gives pointwise linearization <=7.60895; periodic L2/Sobolev tail factor <=0.7475 above K600, with threshold K449. Block norm coupling remains."
D-A021-BLOCK-NEUMANN-PRECURSOR,A018+A021,verification_decision,Estimate finite-tail block Neumann contraction using sixth-derivative Fourier tail,C4 periodic orbit continuum inverse tail,critical,completed,D-A021-STRUCTURED-K600-TAIL;D-A021-SOBOLEV-TAIL-BOUND,research_program/article_A021_liebig_graph/c4_block_neumann_precursor.md; research_program/article_A021_liebig_graph/computations/c4_linearization_derivative_tail.json,"Numerical sixth-derivative tail yields low-tail coupling ~0.286, tail-low ~4.1e-8, and block contraction <0.748. Interval sixth-derivative bound remains."
D-A021-SIXTH-DERIVATIVE-COEFFICIENT,A018+A021,verification_decision,Bound sixth periodic derivative by Fourier coefficient sum,C4 periodic orbit block-Neumann tail validation,critical,completed,D-A021-BLOCK-NEUMANN-PRECURSOR,research_program/article_A021_liebig_graph/c4_sixth_derivative_coefficient_assessment.md; research_program/article_A021_liebig_graph/computations/c4_sixth_derivative_coefficient_sum.json,Coefficient sum stabilizes at 9.214e-5; factor-two target 1.843e-4 remains below required 2e-4. Interval coefficient/orbit-ball sensitivity remains.
D-A021-SIXTH-DERIVATIVE-SENSITIVITY,A018+A021,verification_decision,Test sixth-derivative bound sensitivity over expected orbit correction ball,C4 periodic orbit block-Neumann tail validation,critical,completed,D-A021-SIXTH-DERIVATIVE-COEFFICIENT;D-A021-OFFGRID-RESIDUAL,research_program/article_A021_liebig_graph/c4_sixth_derivative_orbit_ball_sensitivity.md; research_program/article_A021_liebig_graph/computations/c4_sixth_derivative_sensitivity.json,"At sup radius 2e-5, 88 perturbations change L6 by at most 1.26e-8; empirical sensitivity 6.32e-4, leaving factor-two margin. Interval all-direction bound remains."
D-A021-RIGOROUS-THEOREM-DOSSIER,A018+A021,implementation,Assemble self-contained data dossier for completing rigorous periodic-NAIM theorem,external validated-numerics and theorem completion,critical,completed,D-A021-BLOCK-NEUMANN-PRECURSOR;D-A021-CAP-SPECIFICATION,research_program/article_A021_liebig_graph/A021_rigorous_theorem_completion_data_dossier.md,"Embedded model, parameters, orbit, Floquet, slack, bunching, CAP, finite/tail bounds, missing gates, target theorem, required outputs, and reproducibility paths without relying on conversation context."
ER036-RECEIVED,ER036,external_review,Receive and correct missing raw Fourier coefficient delivery,self-contained CAP data package,high,completed,D-A021-RIGOROUS-THEOREM-DOSSIER,research_program/external_reviews/ER036_A021_missing_raw_coefficients/point_inventory.md; research_program/article_A021_liebig_graph/computations/c4_fourier_coefficients_manifest.json,Valid defect: NPZ references were insufficient. Portable K80/K120/K240 CSV coefficient arrays with one-ULP hulls exported and dossier updated.
I-A021-FOURIER-COEFFICIENT-EXPORT,A018+A021,implementation,Export raw Newton Fourier coefficients for external interval execution,self-contained CAP data package,critical,completed,ER036-RECEIVED,research_program/article_A021_liebig_graph/computations/c4_fourier_coefficients_K80.csv; research_program/article_A021_liebig_graph/computations/c4_fourier_coefficients_K120.csv; research_program/article_A021_liebig_graph/computations/c4_fourier_coefficients_K240.csv; research_program/article_A021_liebig_graph/computations/c4_fourier_coefficients_manifest.json; research_program/article_A021_liebig_graph/A021_rigorous_theorem_completion_data_dossier.md,"Exported signed-mode state coefficients, periods, one-ULP storage hulls, hashes, and reconstruction convention."
D-A021-STORAGE-HULL-INTERVAL,A018+A021,verification_decision,Interval-evaluate exported K80 coefficient storage hull,C4 periodic orbit finite radii validation,critical,completed,I-A021-FOURIER-COEFFICIENT-EXPORT;D-A021-FINITE-ROUNDING-BOUNDS,research_program/article_A021_liebig_graph/c4_storage_hull_interval_assessment.md; research_program/article_A021_liebig_graph/computations/c4_K80_storage_interval_certificate.json,"One-ULP coefficient/period hull yields Y<=3.49e-9, Z0<=4.27e-5 and negative finite radii polynomial through r=2e-7. Infinite tail/true orbit ball remain."
ER037-RECEIVED,ER037,external_review,Receive first of two CAP-deliverables audits,joint CAP deliverables adjudication,high,completed,ER038-RECEIVED,research_program/external_reviews/ER037_A021_CAP_deliverables_parallel_1/normalized_capture.md; research_program/external_reviews/ER037_A021_CAP_deliverables_parallel_1/point_inventory.md,First audit logged. Gate structure retained; finite interval/tail progress updates flagged.
ER038-RECEIVED,ER038,external_review,Receive second CAP-deliverables audit,joint CAP deliverables adjudication,high,open,,,Awaiting second announced audit.
D-A021-SELF-CONTAINED-PERSISTENCE-PROOF,A018+A021,verification_decision,Write self-contained quantitative periodic-base graph-transform theorem,generic two-block periodic NAIM persistence,critical,completed,D-A021-JOINT-10;D-A021-CAP-SPECIFICATION,research_program/article_A021_liebig_graph/generic_two_block_periodic_persistence_theorem.md,"Completed abstract time-T graph transform, C1 fiber contraction, sampled-to-semiflow, attraction, and projected-curve proof under explicit continuum/tube/C1 hypotheses. C4 application remains conditional."
SRC-A018-V18-RECEIVED,SRC-A018-V18,source_intake,Register supplied manuscript v18 and assess A021 coupling relevance,A018 version control and A021 coupling,high,completed,,uploads/manuscript_v18_dehedged.txt; research_program/article_A021_liebig_graph/manuscript_v18_coupling_assessment.md; research_program/source_registry.csv,"Hash 15b6da...; general vector Liebig equations found, but manuscript explicitly says core is not a rigorous projection, so concrete A021 f,g remain absent. Full version audit pending before canonical substitution."
D-PUB-ARCH-REASSESS-02,PROGRAM,publication_decision,Reassess optimal paper count across master corpus and A001-A025,publication architecture,critical,completed,D-GLOBAL-07;D-CROSS-04,research_program/revised_optimal_publication_architecture_A001_A025.md; research_program/cross_article_review_A001_A025.md; research_program/program_roadmap_A018_A025_evaluation.md,"Corrected overcompression: five assured papers, near-ready conditional A021 paper, conditional stage/spatial paper, later domain papers only after empirical gates."
ER039-RECEIVED,ER039,external_review,Receive first publication-strategy audit on monograph-led programme,joint publication-strategy adjudication,high,completed,ALL-PUBLICATION-STRATEGY-AUDITS-RECEIVED,research_program/external_reviews/ER039_publication_strategy_monograph_led/normalized_capture.md; research_program/external_reviews/ER039_publication_strategy_monograph_led/point_inventory.md,Strong flagship + problem-led articles + monograph + compendium proposal; canonical-schema prerequisite flagged.
D-GENERAL-THEORY-OBSTACLES-01,PROGRAM,verification_decision,Inventory remaining obstacles to a coherent general theory of sustainability,programme synthesis and publication architecture,critical,completed,D-PUB-ARCH-REASSESS-02,research_program/remaining_obstacles_to_general_theory.md,"Identified canonical-schema, concordance, notation, theorem, bridge, composition, empirical, institutional/distributive, reproducibility, novelty, and scope obstacles."
ER040-RECEIVED,ER040,external_review,Receive second publication-strategy audit on coherent multi-paper series,joint publication-strategy adjudication,high,completed,ALL-PUBLICATION-STRATEGY-AUDITS-RECEIVED,research_program/external_reviews/ER040_publication_strategy_coherent_series/normalized_capture.md; research_program/external_reviews/ER040_publication_strategy_coherent_series/point_inventory.md,Jointly adjudicated in ER039–ER043 batch; constrained minimum-paper principle retained.
ER041-RECEIVED,ER041,external_review,Receive third publication-strategy audit on dependency graph and citation closure,joint publication-strategy adjudication,high,completed,ALL-PUBLICATION-STRATEGY-AUDITS-RECEIVED,research_program/external_reviews/ER041_publication_strategy_dependency_graph/normalized_capture.md; research_program/external_reviews/ER041_publication_strategy_dependency_graph/point_inventory.md,"Jointly adjudicated; citation closure, Paper-1 result, Paper-2 independence, and A018 seam tests adopted."
ER042-RECEIVED,ER042,external_review,Receive fourth publication-strategy audit on flagship-and-orbit routing,joint publication-strategy adjudication,high,completed,ALL-PUBLICATION-STRATEGY-AUDITS-RECEIVED,research_program/external_reviews/ER042_publication_strategy_flagship_orbit/normalized_capture.md; research_program/external_reviews/ER042_publication_strategy_flagship_orbit/point_inventory.md,Constrained partition and theorem-class overrun trigger retained; proof-dependent flagship rejected.
ER043-RECEIVED,ER043,external_review,Receive final publication-strategy audit on hub/spoke and cascading submission,joint publication-strategy adjudication,high,completed,ALL-PUBLICATION-STRATEGY-AUDITS-RECEIVED,research_program/external_reviews/ER043_publication_strategy_hub_spoke_cascade/normalized_capture.md; research_program/external_reviews/ER043_publication_strategy_hub_spoke_cascade/point_inventory.md,MWR and staged release retained; proof hub and simultaneous-preprint assumptions corrected.
D-PUB-STRATEGY-JOINT-01,PROGRAM+ER039-ER043,external_review_decision,Jointly adjudicate all publication-strategy audits with independent assessment,publication architecture and dependency graph,critical,completed,ALL-PUBLICATION-STRATEGY-AUDITS-RECEIVED,research_program/external_reviews/joint_audit_publication_strategy_ER039_ER043.md,"Adopt federated citation-closed series, MWR, readiness waves, independent Paper 1 result, Paper 2 closure, and A018 seam tests."
I-PUB-STRATEGY-JOINT-ARCH-01,PROGRAM+ER039-ER043,implementation,Implement jointly approved publication dependency and orchestration rules,controlling publication architecture,critical,completed,D-PUB-STRATEGY-JOINT-01,research_program/revised_optimal_publication_architecture_A001_A025.md,Implemented after joint audit: five now; six on A021 closure; seven plus only on independent gates.
D-CONCORDANCE-COVERAGE-V1-01,A001-A025,cross_source_decision,Build complete inventory-level A001-A025 canonical concordance,source-to-canonical-to-publication traceability,critical,completed,D-CANONICAL-SCHEMA-V1-01,research_program/canonical_concordance_A001_A025.csv; research_program/canonical_concordance_A001_A025_coverage.md; research_program/build_canonical_concordance.py,407 inventoried items across 25/25 sources have stable rows; scientific row verification remains explicitly flagged.
D-NOTATION-VARIANT-REGISTRY-V1-01,A001-A025,cross_source_decision,Establish canonical notation and model-variant registry,notation and version control,critical,completed,D-CANONICAL-SCHEMA-V1-01,research_program/canonical_notation_variant_registry_v1_0.csv,"Global collisions resolved; active A018, A021, and stage/spatial version conflicts remain visible as blockers."
D-A018-SEAM-CLOSURE-01,A018+A019,cross_source_decision,Close the A018 ledger-to-dynamics publication and theorem interface,Paper 3/Paper 4 noncircular seam,critical,completed,D-CANONICAL-SCHEMA-V1-01;D-NOTATION-VARIANT-REGISTRY-V1-01,research_program/A018_ledger_to_dynamics_interface_contract.md; research_program/revised_optimal_publication_architecture_A001_A025.md,Accepted exact diagnostic specialization; rejected exact dynamic reduction from primitive closed ledger to working C4.
D-OBSTACLE-DEPENDENCY-ORDER-01,PROGRAM,strategic_priority,"Sequence remaining general-theory obstacles by dependency, feasibility, and value",programme execution order,critical,completed,D-CANONICAL-SCHEMA-V1-01;D-CONCORDANCE-COVERAGE-V1-01;D-A018-SEAM-CLOSURE-01,research_program/dependency_aware_obstacle_closure_plan.md; research_program/remaining_obstacles_to_general_theory.md,"Next active batch is A001/A002 theorem-interface closure, followed by local version conflicts and remaining interface contracts."
D-A002-REDUCTION-DIAGNOSTIC-AUDIT-01,A002,verification_decision,Audit A002 projectability reduction aggregation diagnostic and stability proofs,Paper 2 reduction and diagnostic theorem closure,critical,completed,D-A002-SAMPLED-HYBRID-PROOF-AUDIT-01,research_program/A002_reduction_diagnostic_stability_proof_audit.md,"Seven objects accepted at exact scope; no automatic A018 reduction, spatial closure, global horizon, or Hopf claim."
ER044-RECEIVED,ER044,external_review,Receive first A001 composition-repair specialist response,joint composition theorem adjudication,critical,completed,ALL-A001-COMPOSITION-AUDITS-RECEIVED,research_program/external_reviews/ER044_A001_composition_repair_strong_invariance/normalized_capture.md; research_program/external_reviews/ER044_A001_composition_repair_strong_invariance/point_inventory.md,Strong robust-quantifier repair; linear-growth and selector implications qualified; Paper 1 routing disputed.
ER045-RECEIVED,ER045,external_review,Receive second A001 composition-repair specialist response,joint composition theorem adjudication,critical,completed,ALL-A001-COMPOSITION-AUDITS-RECEIVED,research_program/external_reviews/ER045_A001_composition_repair_Carathéodory/normalized_capture.md; research_program/external_reviews/ER045_A001_composition_repair_Carathéodory/point_inventory.md,Useful smooth theorem; main feedback depends on measured disturbance and must be rewritten for robust unmeasured order.
ER046-RECEIVED,ER046,external_review,Receive third A001 composition-repair specialist response,joint composition theorem adjudication,critical,completed,ALL-A001-COMPOSITION-AUDITS-RECEIVED,research_program/external_reviews/ER046_A001_composition_robust_joint_invariance/normalized_capture.md; research_program/external_reviews/ER046_A001_composition_robust_joint_invariance/point_inventory.md,Most complete robust architecture so far; exact cone/invariance citation and selector regularity remain pending.
ER047-RECEIVED,ER047,external_review,Receive fourth and final A001 composition-repair response,joint composition theorem adjudication,critical,completed,ALL-A001-COMPOSITION-AUDITS-RECEIVED,research_program/external_reviews/ER047_A001_composition_product_cone_selector_growth/normalized_capture.md; research_program/external_reviews/ER047_A001_composition_product_cone_selector_growth/point_inventory.md,"Product-cone, selector, Filippov, growth, and regularity corrections retained."
