dgp,sigma,rep,band_retained_h1,unc_retained_h1,m1_margin_ci_h1,band_retained_h5,unc_retained_h5,m1_margin_ci_h5,band_retained,unc_retained,hybrid_retained,mcs_h1_survivors,mcs_h1_eliminated,mcs_h1_true_in_set,mcs_h1_persist_in_set,mcs_h1_size
D1_M1_collapse,11.8,0,"{'M1_autonomous_Schaefer': True, 'M1b_autonomous_Allee': False, 'M2_stockflow_regimeC': False, 'M3_AR_residual': False, 'M4_delayed_info': False}","{'M1_autonomous_Schaefer': True, 'M1b_autonomous_Allee': False, 'M2_stockflow_regimeC': False, 'M3_AR_residual': False, 'M4_delayed_info': False}","[-14.02570487077693, -6.8213331640752815]","{'M1_autonomous_Schaefer': True, 'M1b_autonomous_Allee': False, 'M2_stockflow_regimeC': False, 'M3_AR_residual': False, 'M4_delayed_info': False}","{'M1_autonomous_Schaefer': True, 'M1b_autonomous_Allee': False, 'M2_stockflow_regimeC': False, 'M3_AR_residual': True, 'M4_delayed_info': False}","[-12.043409456919266, -0.24279859956391206]","{'M1_autonomous_Schaefer': True, 'M1b_autonomous_Allee': False, 'M2_stockflow_regimeC': False, 'M3_AR_residual': False, 'M4_delayed_info': False}","{'M1_autonomous_Schaefer': True, 'M1b_autonomous_Allee': False, 'M2_stockflow_regimeC': False, 'M3_AR_residual': False, 'M4_delayed_info': False}","{'M1_autonomous_Schaefer': True, 'M1b_autonomous_Allee': False, 'M2_stockflow_regimeC': False, 'M3_AR_residual': False, 'M4_delayed_info': False}",['M2_stockflow_regimeC'],"['M1_autonomous_Schaefer', 'naive_persist', 'M4_delayed_info', 'M1b_autonomous_Allee', 'M3_AR_residual']",False,False,1
D1_M1_collapse,11.8,1,"{'M1_autonomous_Schaefer': True, 'M1b_autonomous_Allee': False, 'M2_stockflow_regimeC': False, 'M3_AR_residual': False, 'M4_delayed_info': True}","{'M1_autonomous_Schaefer': False, 'M1b_autonomous_Allee': False, 'M2_stockflow_regimeC': False, 'M3_AR_residual': False, 'M4_delayed_info': False}","[-7.232539114435722, 0.0076513905990295405]","{'M1_autonomous_Schaefer': True, 'M1b_autonomous_Allee': False, 'M2_stockflow_regimeC': False, 'M3_AR_residual': False, 'M4_delayed_info': False}","{'M1_autonomous_Schaefer': True, 'M1b_autonomous_Allee': False, 'M2_stockflow_regimeC': False, 'M3_AR_residual': True, 'M4_delayed_info': False}","[-8.57623319769786, -2.375656463769587]","{'M1_autonomous_Schaefer': True, 'M1b_autonomous_Allee': False, 'M2_stockflow_regimeC': False, 'M3_AR_residual': False, 'M4_delayed_info': False}","{'M1_autonomous_Schaefer': False, 'M1b_autonomous_Allee': False, 'M2_stockflow_regimeC': False, 'M3_AR_residual': False, 'M4_delayed_info': False}","{'M1_autonomous_Schaefer': False, 'M1b_autonomous_Allee': False, 'M2_stockflow_regimeC': False, 'M3_AR_residual': False, 'M4_delayed_info': False}",['M1b_autonomous_Allee'],"['M1_autonomous_Schaefer', 'M4_delayed_info', 'M2_stockflow_regimeC', 'naive_persist', 'M3_AR_residual']",False,False,1
D1_M1_collapse,11.8,2,"{'M1_autonomous_Schaefer': True, 'M1b_autonomous_Allee': False, 'M2_stockflow_regimeC': False, 'M3_AR_residual': False, 'M4_delayed_info': False}","{'M1_autonomous_Schaefer': True, 'M1b_autonomous_Allee': False, 'M2_stockflow_regimeC': False, 'M3_AR_residual': False, 'M4_delayed_info': False}","[-4.408831337666427, -0.14275836638516629]","{'M1_autonomous_Schaefer': True, 'M1b_autonomous_Allee': False, 'M2_stockflow_regimeC': False, 'M3_AR_residual': False, 'M4_delayed_info': False}","{'M1_autonomous_Schaefer': True, 'M1b_autonomous_Allee': False, 'M2_stockflow_regimeC': False, 'M3_AR_residual': False, 'M4_delayed_info': False}","[-7.862136574688069, -0.8085893093286537]","{'M1_autonomous_Schaefer': True, 'M1b_autonomous_Allee': False, 'M2_stockflow_regimeC': False, 'M3_AR_residual': False, 'M4_delayed_info': False}","{'M1_autonomous_Schaefer': True, 'M1b_autonomous_Allee': False, 'M2_stockflow_regimeC': False, 'M3_AR_residual': False, 'M4_delayed_info': False}","{'M1_autonomous_Schaefer': True, 'M1b_autonomous_Allee': False, 'M2_stockflow_regimeC': False, 'M3_AR_residual': False, 'M4_delayed_info': False}",['M3_AR_residual'],"['M1_autonomous_Schaefer', 'M1b_autonomous_Allee', 'naive_persist', 'M2_stockflow_regimeC', 'M4_delayed_info']",False,False,1
D1_M1_collapse,11.8,3,"{'M1_autonomous_Schaefer': True, 'M1b_autonomous_Allee': False, 'M2_stockflow_regimeC': False, 'M3_AR_residual': False, 'M4_delayed_info': False}","{'M1_autonomous_Schaefer': True, 'M1b_autonomous_Allee': False, 'M2_stockflow_regimeC': False, 'M3_AR_residual': False, 'M4_delayed_info': False}","[-12.27338688507614, -4.261352981988346]","{'M1_autonomous_Schaefer': True, 'M1b_autonomous_Allee': False, 'M2_stockflow_regimeC': False, 'M3_AR_residual': False, 'M4_delayed_info': False}","{'M1_autonomous_Schaefer': True, 'M1b_autonomous_Allee': False, 'M2_stockflow_regimeC': False, 'M3_AR_residual': False, 'M4_delayed_info': False}","[-11.763717304132719, -2.4595528111831677]","{'M1_autonomous_Schaefer': True, 'M1b_autonomous_Allee': False, 'M2_stockflow_regimeC': False, 'M3_AR_residual': False, 'M4_delayed_info': False}","{'M1_autonomous_Schaefer': True, 'M1b_autonomous_Allee': False, 'M2_stockflow_regimeC': False, 'M3_AR_residual': False, 'M4_delayed_info': False}","{'M1_autonomous_Schaefer': True, 'M1b_autonomous_Allee': False, 'M2_stockflow_regimeC': False, 'M3_AR_residual': False, 'M4_delayed_info': False}",['M3_AR_residual'],"['M1_autonomous_Schaefer', 'naive_persist', 'M1b_autonomous_Allee', 'M2_stockflow_regimeC', 'M4_delayed_info']",False,False,1
D1_M1_collapse,11.8,4,"{'M1_autonomous_Schaefer': True, 'M1b_autonomous_Allee': False, 'M2_stockflow_regimeC': False, 'M3_AR_residual': False, 'M4_delayed_info': False}","{'M1_autonomous_Schaefer': True, 'M1b_autonomous_Allee': False, 'M2_stockflow_regimeC': False, 'M3_AR_residual': False, 'M4_delayed_info': False}","[-27.77116657048438, -6.580021702928481]","{'M1_autonomous_Schaefer': True, 'M1b_autonomous_Allee': False, 'M2_stockflow_regimeC': False, 'M3_AR_residual': False, 'M4_delayed_info': False}","{'M1_autonomous_Schaefer': True, 'M1b_autonomous_Allee': False, 'M2_stockflow_regimeC': False, 'M3_AR_residual': False, 'M4_delayed_info': False}","[-13.664886058634146, -1.9109332197759148]","{'M1_autonomous_Schaefer': True, 'M1b_autonomous_Allee': False, 'M2_stockflow_regimeC': False, 'M3_AR_residual': False, 'M4_delayed_info': False}","{'M1_autonomous_Schaefer': True, 'M1b_autonomous_Allee': False, 'M2_stockflow_regimeC': False, 'M3_AR_residual': False, 'M4_delayed_info': False}","{'M1_autonomous_Schaefer': True, 'M1b_autonomous_Allee': False, 'M2_stockflow_regimeC': False, 'M3_AR_residual': False, 'M4_delayed_info': False}",['M3_AR_residual'],"['M1_autonomous_Schaefer', 'M1b_autonomous_Allee', 'naive_persist', 'M4_delayed_info', 'M2_stockflow_regimeC']",False,False,1
D1_M1_collapse,11.8,5,"{'M1_autonomous_Schaefer': True, 'M1b_autonomous_Allee': False, 'M2_stockflow_regimeC': False, 'M3_AR_residual': False, 'M4_delayed_info': False}","{'M1_autonomous_Schaefer': True, 'M1b_autonomous_Allee': False, 'M2_stockflow_regimeC': False, 'M3_AR_residual': False, 'M4_delayed_info': False}","[-8.936980964039611, -3.47254097870733]","{'M1_autonomous_Schaefer': True, 'M1b_autonomous_Allee': False, 'M2_stockflow_regimeC': False, 'M3_AR_residual': False, 'M4_delayed_info': False}","{'M1_autonomous_Schaefer': True, 'M1b_autonomous_Allee': False, 'M2_stockflow_regimeC': False, 'M3_AR_residual': False, 'M4_delayed_info': False}","[-7.7127992080555146, -1.9720613501987543]","{'M1_autonomous_Schaefer': True, 'M1b_autonomous_Allee': False, 'M2_stockflow_regimeC': False, 'M3_AR_residual': False, 'M4_delayed_info': False}","{'M1_autonomous_Schaefer': True, 'M1b_autonomous_Allee': False, 'M2_stockflow_regimeC': False, 'M3_AR_residual': False, 'M4_delayed_info': False}","{'M1_autonomous_Schaefer': True, 'M1b_autonomous_Allee': False, 'M2_stockflow_regimeC': False, 'M3_AR_residual': False, 'M4_delayed_info': False}",['M2_stockflow_regimeC'],"['M1_autonomous_Schaefer', 'naive_persist', 'M1b_autonomous_Allee', 'M4_delayed_info', 'M3_AR_residual']",False,False,1
D1_M1_collapse,11.8,6,"{'M1_autonomous_Schaefer': True, 'M1b_autonomous_Allee': False, 'M2_stockflow_regimeC': False, 'M3_AR_residual': False, 'M4_delayed_info': False}","{'M1_autonomous_Schaefer': True, 'M1b_autonomous_Allee': False, 'M2_stockflow_regimeC': False, 'M3_AR_residual': False, 'M4_delayed_info': False}","[-19.350778720450933, -2.3501902717114933]","{'M1_autonomous_Schaefer': True, 'M1b_autonomous_Allee': False, 'M2_stockflow_regimeC': False, 'M3_AR_residual': False, 'M4_delayed_info': False}","{'M1_autonomous_Schaefer': True, 'M1b_autonomous_Allee': False, 'M2_stockflow_regimeC': False, 'M3_AR_residual': False, 'M4_delayed_info': False}","[-16.518464310071494, -4.287491599163246]","{'M1_autonomous_Schaefer': True, 'M1b_autonomous_Allee': False, 'M2_stockflow_regimeC': False, 'M3_AR_residual': False, 'M4_delayed_info': False}","{'M1_autonomous_Schaefer': True, 'M1b_autonomous_Allee': False, 'M2_stockflow_regimeC': False, 'M3_AR_residual': False, 'M4_delayed_info': False}","{'M1_autonomous_Schaefer': True, 'M1b_autonomous_Allee': False, 'M2_stockflow_regimeC': False, 'M3_AR_residual': False, 'M4_delayed_info': False}",['M4_delayed_info'],"['M1_autonomous_Schaefer', 'naive_persist', 'M2_stockflow_regimeC', 'M1b_autonomous_Allee', 'M3_AR_residual']",False,False,1
D1_M1_collapse,11.8,7,"{'M1_autonomous_Schaefer': True, 'M1b_autonomous_Allee': False, 'M2_stockflow_regimeC': False, 'M3_AR_residual': False, 'M4_delayed_info': False}","{'M1_autonomous_Schaefer': True, 'M1b_autonomous_Allee': False, 'M2_stockflow_regimeC': False, 'M3_AR_residual': False, 'M4_delayed_info': False}","[-15.32303810039228, -5.205715514559268]","{'M1_autonomous_Schaefer': True, 'M1b_autonomous_Allee': False, 'M2_stockflow_regimeC': False, 'M3_AR_residual': False, 'M4_delayed_info': True}","{'M1_autonomous_Schaefer': False, 'M1b_autonomous_Allee': False, 'M2_stockflow_regimeC': False, 'M3_AR_residual': False, 'M4_delayed_info': False}","[-8.507006963913776, 0.23233322194432063]","{'M1_autonomous_Schaefer': True, 'M1b_autonomous_Allee': False, 'M2_stockflow_regimeC': False, 'M3_AR_residual': False, 'M4_delayed_info': False}","{'M1_autonomous_Schaefer': False, 'M1b_autonomous_Allee': False, 'M2_stockflow_regimeC': False, 'M3_AR_residual': False, 'M4_delayed_info': False}","{'M1_autonomous_Schaefer': False, 'M1b_autonomous_Allee': False, 'M2_stockflow_regimeC': False, 'M3_AR_residual': False, 'M4_delayed_info': False}",['M3_AR_residual'],"['M1_autonomous_Schaefer', 'naive_persist', 'M4_delayed_info', 'M1b_autonomous_Allee', 'M2_stockflow_regimeC']",False,False,1
D1_M1_collapse,11.8,8,"{'M1_autonomous_Schaefer': True, 'M1b_autonomous_Allee': False, 'M2_stockflow_regimeC': False, 'M3_AR_residual': False, 'M4_delayed_info': False}","{'M1_autonomous_Schaefer': True, 'M1b_autonomous_Allee': False, 'M2_stockflow_regimeC': False, 'M3_AR_residual': False, 'M4_delayed_info': False}","[-14.984647995796019, -3.63931268255831]","{'M1_autonomous_Schaefer': True, 'M1b_autonomous_Allee': False, 'M2_stockflow_regimeC': False, 'M3_AR_residual': False, 'M4_delayed_info': False}","{'M1_autonomous_Schaefer': True, 'M1b_autonomous_Allee': False, 'M2_stockflow_regimeC': False, 'M3_AR_residual': False, 'M4_delayed_info': False}","[-10.806541375701737, -1.683102051295769]","{'M1_autonomous_Schaefer': True, 'M1b_autonomous_Allee': False, 'M2_stockflow_regimeC': False, 'M3_AR_residual': False, 'M4_delayed_info': False}","{'M1_autonomous_Schaefer': True, 'M1b_autonomous_Allee': False, 'M2_stockflow_regimeC': False, 'M3_AR_residual': False, 'M4_delayed_info': False}","{'M1_autonomous_Schaefer': True, 'M1b_autonomous_Allee': False, 'M2_stockflow_regimeC': False, 'M3_AR_residual': False, 'M4_delayed_info': False}",['M2_stockflow_regimeC'],"['M1_autonomous_Schaefer', 'naive_persist', 'M4_delayed_info', 'M1b_autonomous_Allee', 'M3_AR_residual']",False,False,1
D1_M1_collapse,11.8,9,"{'M1_autonomous_Schaefer': True, 'M1b_autonomous_Allee': False, 'M2_stockflow_regimeC': False, 'M3_AR_residual': False, 'M4_delayed_info': False}","{'M1_autonomous_Schaefer': True, 'M1b_autonomous_Allee': False, 'M2_stockflow_regimeC': False, 'M3_AR_residual': False, 'M4_delayed_info': False}","[-18.893793352669956, -6.149897831797933]","{'M1_autonomous_Schaefer': True, 'M1b_autonomous_Allee': False, 'M2_stockflow_regimeC': False, 'M3_AR_residual': False, 'M4_delayed_info': False}","{'M1_autonomous_Schaefer': False, 'M1b_autonomous_Allee': False, 'M2_stockflow_regimeC': False, 'M3_AR_residual': False, 'M4_delayed_info': False}","[-9.784536363126621, 3.8590469808781593]","{'M1_autonomous_Schaefer': True, 'M1b_autonomous_Allee': False, 'M2_stockflow_regimeC': False, 'M3_AR_residual': False, 'M4_delayed_info': False}","{'M1_autonomous_Schaefer': False, 'M1b_autonomous_Allee': False, 'M2_stockflow_regimeC': False, 'M3_AR_residual': False, 'M4_delayed_info': False}","{'M1_autonomous_Schaefer': False, 'M1b_autonomous_Allee': False, 'M2_stockflow_regimeC': False, 'M3_AR_residual': False, 'M4_delayed_info': False}",['M4_delayed_info'],"['M1_autonomous_Schaefer', 'naive_persist', 'M1b_autonomous_Allee', 'M2_stockflow_regimeC', 'M3_AR_residual']",False,False,1
D1_M1_collapse,11.8,10,"{'M1_autonomous_Schaefer': True, 'M1b_autonomous_Allee': False, 'M2_stockflow_regimeC': False, 'M3_AR_residual': False, 'M4_delayed_info': False}","{'M1_autonomous_Schaefer': True, 'M1b_autonomous_Allee': False, 'M2_stockflow_regimeC': False, 'M3_AR_residual': False, 'M4_delayed_info': False}","[-8.969733565493879, -3.8537154892926204]","{'M1_autonomous_Schaefer': True, 'M1b_autonomous_Allee': False, 'M2_stockflow_regimeC': False, 'M3_AR_residual': False, 'M4_delayed_info': False}","{'M1_autonomous_Schaefer': False, 'M1b_autonomous_Allee': False, 'M2_stockflow_regimeC': False, 'M3_AR_residual': False, 'M4_delayed_info': False}","[-5.993821636792235, 0.6290081349005741]","{'M1_autonomous_Schaefer': True, 'M1b_autonomous_Allee': False, 'M2_stockflow_regimeC': False, 'M3_AR_residual': False, 'M4_delayed_info': False}","{'M1_autonomous_Schaefer': False, 'M1b_autonomous_Allee': False, 'M2_stockflow_regimeC': False, 'M3_AR_residual': False, 'M4_delayed_info': False}","{'M1_autonomous_Schaefer': False, 'M1b_autonomous_Allee': False, 'M2_stockflow_regimeC': False, 'M3_AR_residual': False, 'M4_delayed_info': False}",['M2_stockflow_regimeC'],"['M1_autonomous_Schaefer', 'naive_persist', 'M1b_autonomous_Allee', 'M4_delayed_info', 'M3_AR_residual']",False,False,1
D1_M1_collapse,11.8,11,"{'M1_autonomous_Schaefer': True, 'M1b_autonomous_Allee': False, 'M2_stockflow_regimeC': False, 'M3_AR_residual': False, 'M4_delayed_info': False}","{'M1_autonomous_Schaefer': True, 'M1b_autonomous_Allee': False, 'M2_stockflow_regimeC': False, 'M3_AR_residual': False, 'M4_delayed_info': False}","[-13.168951082332443, -3.4372179142741506]","{'M1_autonomous_Schaefer': True, 'M1b_autonomous_Allee': False, 'M2_stockflow_regimeC': False, 'M3_AR_residual': False, 'M4_delayed_info': False}","{'M1_autonomous_Schaefer': True, 'M1b_autonomous_Allee': False, 'M2_stockflow_regimeC': False, 'M3_AR_residual': False, 'M4_delayed_info': False}","[-10.169111952935657, -2.3449308284243386]","{'M1_autonomous_Schaefer': True, 'M1b_autonomous_Allee': False, 'M2_stockflow_regimeC': False, 'M3_AR_residual': False, 'M4_delayed_info': False}","{'M1_autonomous_Schaefer': True, 'M1b_autonomous_Allee': False, 'M2_stockflow_regimeC': False, 'M3_AR_residual': False, 'M4_delayed_info': False}","{'M1_autonomous_Schaefer': True, 'M1b_autonomous_Allee': False, 'M2_stockflow_regimeC': False, 'M3_AR_residual': False, 'M4_delayed_info': False}",['M2_stockflow_regimeC'],"['M1_autonomous_Schaefer', 'naive_persist', 'M1b_autonomous_Allee', 'M4_delayed_info', 'M3_AR_residual']",False,False,1
D1_M1_collapse,11.8,12,"{'M1_autonomous_Schaefer': True, 'M1b_autonomous_Allee': False, 'M2_stockflow_regimeC': False, 'M3_AR_residual': False, 'M4_delayed_info': False}","{'M1_autonomous_Schaefer': True, 'M1b_autonomous_Allee': False, 'M2_stockflow_regimeC': False, 'M3_AR_residual': False, 'M4_delayed_info': False}","[-17.104806756183617, -6.402339601343256]","{'M1_autonomous_Schaefer': False, 'M1b_autonomous_Allee': False, 'M2_stockflow_regimeC': False, 'M3_AR_residual': False, 'M4_delayed_info': False}","{'M1_autonomous_Schaefer': False, 'M1b_autonomous_Allee': False, 'M2_stockflow_regimeC': False, 'M3_AR_residual': False, 'M4_delayed_info': False}","[-4.374560927412889, 4.985476620533028]","{'M1_autonomous_Schaefer': False, 'M1b_autonomous_Allee': False, 'M2_stockflow_regimeC': False, 'M3_AR_residual': False, 'M4_delayed_info': False}","{'M1_autonomous_Schaefer': False, 'M1b_autonomous_Allee': False, 'M2_stockflow_regimeC': False, 'M3_AR_residual': False, 'M4_delayed_info': False}","{'M1_autonomous_Schaefer': False, 'M1b_autonomous_Allee': False, 'M2_stockflow_regimeC': False, 'M3_AR_residual': False, 'M4_delayed_info': False}",['M3_AR_residual'],"['M1_autonomous_Schaefer', 'naive_persist', 'M1b_autonomous_Allee', 'M4_delayed_info', 'M2_stockflow_regimeC']",False,False,1
D1_M1_collapse,11.8,13,"{'M1_autonomous_Schaefer': True, 'M1b_autonomous_Allee': False, 'M2_stockflow_regimeC': False, 'M3_AR_residual': False, 'M4_delayed_info': False}","{'M1_autonomous_Schaefer': True, 'M1b_autonomous_Allee': False, 'M2_stockflow_regimeC': False, 'M3_AR_residual': False, 'M4_delayed_info': False}","[-13.56841611093816, -5.215560493088002]","{'M1_autonomous_Schaefer': True, 'M1b_autonomous_Allee': False, 'M2_stockflow_regimeC': False, 'M3_AR_residual': False, 'M4_delayed_info': False}","{'M1_autonomous_Schaefer': True, 'M1b_autonomous_Allee': False, 'M2_stockflow_regimeC': False, 'M3_AR_residual': False, 'M4_delayed_info': False}","[-12.34902804931247, -5.464067506439648]","{'M1_autonomous_Schaefer': True, 'M1b_autonomous_Allee': False, 'M2_stockflow_regimeC': False, 'M3_AR_residual': False, 'M4_delayed_info': False}","{'M1_autonomous_Schaefer': True, 'M1b_autonomous_Allee': False, 'M2_stockflow_regimeC': False, 'M3_AR_residual': False, 'M4_delayed_info': False}","{'M1_autonomous_Schaefer': True, 'M1b_autonomous_Allee': False, 'M2_stockflow_regimeC': False, 'M3_AR_residual': False, 'M4_delayed_info': False}",['M2_stockflow_regimeC'],"['M1_autonomous_Schaefer', 'naive_persist', 'M1b_autonomous_Allee', 'M4_delayed_info', 'M3_AR_residual']",False,False,1
D1_M1_collapse,11.8,14,"{'M1_autonomous_Schaefer': True, 'M1b_autonomous_Allee': False, 'M2_stockflow_regimeC': False, 'M3_AR_residual': False, 'M4_delayed_info': False}","{'M1_autonomous_Schaefer': True, 'M1b_autonomous_Allee': False, 'M2_stockflow_regimeC': False, 'M3_AR_residual': False, 'M4_delayed_info': False}","[-13.595597638770522, -0.5778704675215507]","{'M1_autonomous_Schaefer': True, 'M1b_autonomous_Allee': False, 'M2_stockflow_regimeC': False, 'M3_AR_residual': False, 'M4_delayed_info': False}","{'M1_autonomous_Schaefer': False, 'M1b_autonomous_Allee': False, 'M2_stockflow_regimeC': False, 'M3_AR_residual': False, 'M4_delayed_info': False}","[-10.394737990026218, 0.6867448335462251]","{'M1_autonomous_Schaefer': True, 'M1b_autonomous_Allee': False, 'M2_stockflow_regimeC': False, 'M3_AR_residual': False, 'M4_delayed_info': False}","{'M1_autonomous_Schaefer': False, 'M1b_autonomous_Allee': False, 'M2_stockflow_regimeC': False, 'M3_AR_residual': False, 'M4_delayed_info': False}","{'M1_autonomous_Schaefer': False, 'M1b_autonomous_Allee': False, 'M2_stockflow_regimeC': False, 'M3_AR_residual': False, 'M4_delayed_info': False}",['M4_delayed_info'],"['M1_autonomous_Schaefer', 'naive_persist', 'M1b_autonomous_Allee', 'M3_AR_residual', 'M2_stockflow_regimeC']",False,False,1
D1_M1_collapse,11.8,15,"{'M1_autonomous_Schaefer': True, 'M1b_autonomous_Allee': False, 'M2_stockflow_regimeC': False, 'M3_AR_residual': False, 'M4_delayed_info': False}","{'M1_autonomous_Schaefer': True, 'M1b_autonomous_Allee': False, 'M2_stockflow_regimeC': False, 'M3_AR_residual': False, 'M4_delayed_info': False}","[-14.391237607445294, -5.15911954480167]","{'M1_autonomous_Schaefer': True, 'M1b_autonomous_Allee': False, 'M2_stockflow_regimeC': False, 'M3_AR_residual': False, 'M4_delayed_info': False}","{'M1_autonomous_Schaefer': True, 'M1b_autonomous_Allee': False, 'M2_stockflow_regimeC': False, 'M3_AR_residual': False, 'M4_delayed_info': False}","[-14.638601988637323, -3.4883853983261845]","{'M1_autonomous_Schaefer': True, 'M1b_autonomous_Allee': False, 'M2_stockflow_regimeC': False, 'M3_AR_residual': False, 'M4_delayed_info': False}","{'M1_autonomous_Schaefer': True, 'M1b_autonomous_Allee': False, 'M2_stockflow_regimeC': False, 'M3_AR_residual': False, 'M4_delayed_info': False}","{'M1_autonomous_Schaefer': True, 'M1b_autonomous_Allee': False, 'M2_stockflow_regimeC': False, 'M3_AR_residual': False, 'M4_delayed_info': False}",['M3_AR_residual'],"['M1_autonomous_Schaefer', 'M1b_autonomous_Allee', 'naive_persist', 'M2_stockflow_regimeC', 'M4_delayed_info']",False,False,1
D1_M1_collapse,11.8,16,"{'M1_autonomous_Schaefer': True, 'M1b_autonomous_Allee': False, 'M2_stockflow_regimeC': False, 'M3_AR_residual': False, 'M4_delayed_info': False}","{'M1_autonomous_Schaefer': True, 'M1b_autonomous_Allee': False, 'M2_stockflow_regimeC': False, 'M3_AR_residual': False, 'M4_delayed_info': False}","[-10.281209585786579, -2.1623356869622308]","{'M1_autonomous_Schaefer': True, 'M1b_autonomous_Allee': False, 'M2_stockflow_regimeC': False, 'M3_AR_residual': False, 'M4_delayed_info': False}","{'M1_autonomous_Schaefer': False, 'M1b_autonomous_Allee': False, 'M2_stockflow_regimeC': False, 'M3_AR_residual': False, 'M4_delayed_info': False}","[-8.268579731402312, 0.43597854431256]","{'M1_autonomous_Schaefer': True, 'M1b_autonomous_Allee': False, 'M2_stockflow_regimeC': False, 'M3_AR_residual': False, 'M4_delayed_info': False}","{'M1_autonomous_Schaefer': False, 'M1b_autonomous_Allee': False, 'M2_stockflow_regimeC': False, 'M3_AR_residual': False, 'M4_delayed_info': False}","{'M1_autonomous_Schaefer': False, 'M1b_autonomous_Allee': False, 'M2_stockflow_regimeC': False, 'M3_AR_residual': False, 'M4_delayed_info': False}",['M2_stockflow_regimeC'],"['M1_autonomous_Schaefer', 'naive_persist', 'M1b_autonomous_Allee', 'M3_AR_residual', 'M4_delayed_info']",False,False,1
D1_M1_collapse,11.8,17,"{'M1_autonomous_Schaefer': True, 'M1b_autonomous_Allee': False, 'M2_stockflow_regimeC': False, 'M3_AR_residual': False, 'M4_delayed_info': False}","{'M1_autonomous_Schaefer': True, 'M1b_autonomous_Allee': False, 'M2_stockflow_regimeC': False, 'M3_AR_residual': False, 'M4_delayed_info': False}","[-10.75645072601432, -4.357324721265686]","{'M1_autonomous_Schaefer': True, 'M1b_autonomous_Allee': False, 'M2_stockflow_regimeC': False, 'M3_AR_residual': False, 'M4_delayed_info': False}","{'M1_autonomous_Schaefer': True, 'M1b_autonomous_Allee': False, 'M2_stockflow_regimeC': False, 'M3_AR_residual': False, 'M4_delayed_info': False}","[-6.300204880745438, -0.9285040406513928]","{'M1_autonomous_Schaefer': True, 'M1b_autonomous_Allee': False, 'M2_stockflow_regimeC': False, 'M3_AR_residual': False, 'M4_delayed_info': False}","{'M1_autonomous_Schaefer': True, 'M1b_autonomous_Allee': False, 'M2_stockflow_regimeC': False, 'M3_AR_residual': False, 'M4_delayed_info': False}","{'M1_autonomous_Schaefer': True, 'M1b_autonomous_Allee': False, 'M2_stockflow_regimeC': False, 'M3_AR_residual': False, 'M4_delayed_info': False}",['M3_AR_residual'],"['M1_autonomous_Schaefer', 'naive_persist', 'M1b_autonomous_Allee', 'M4_delayed_info', 'M2_stockflow_regimeC']",False,False,1
D1_M1_collapse,11.8,18,"{'M1_autonomous_Schaefer': True, 'M1b_autonomous_Allee': False, 'M2_stockflow_regimeC': False, 'M3_AR_residual': False, 'M4_delayed_info': False}","{'M1_autonomous_Schaefer': True, 'M1b_autonomous_Allee': False, 'M2_stockflow_regimeC': False, 'M3_AR_residual': False, 'M4_delayed_info': False}","[-17.104048899685736, -5.782527070610256]","{'M1_autonomous_Schaefer': True, 'M1b_autonomous_Allee': False, 'M2_stockflow_regimeC': False, 'M3_AR_residual': False, 'M4_delayed_info': False}","{'M1_autonomous_Schaefer': False, 'M1b_autonomous_Allee': False, 'M2_stockflow_regimeC': False, 'M3_AR_residual': False, 'M4_delayed_info': False}","[-8.316700344928472, 0.8679559051448661]","{'M1_autonomous_Schaefer': True, 'M1b_autonomous_Allee': False, 'M2_stockflow_regimeC': False, 'M3_AR_residual': False, 'M4_delayed_info': False}","{'M1_autonomous_Schaefer': False, 'M1b_autonomous_Allee': False, 'M2_stockflow_regimeC': False, 'M3_AR_residual': False, 'M4_delayed_info': False}","{'M1_autonomous_Schaefer': False, 'M1b_autonomous_Allee': False, 'M2_stockflow_regimeC': False, 'M3_AR_residual': False, 'M4_delayed_info': False}",['M3_AR_residual'],"['M1_autonomous_Schaefer', 'naive_persist', 'M1b_autonomous_Allee', 'M4_delayed_info', 'M2_stockflow_regimeC']",False,False,1
D1_M1_collapse,11.8,19,"{'M1_autonomous_Schaefer': True, 'M1b_autonomous_Allee': False, 'M2_stockflow_regimeC': False, 'M3_AR_residual': False, 'M4_delayed_info': False}","{'M1_autonomous_Schaefer': True, 'M1b_autonomous_Allee': False, 'M2_stockflow_regimeC': False, 'M3_AR_residual': False, 'M4_delayed_info': False}","[-15.891638972189918, -6.840436798003884]","{'M1_autonomous_Schaefer': True, 'M1b_autonomous_Allee': False, 'M2_stockflow_regimeC': False, 'M3_AR_residual': False, 'M4_delayed_info': False}","{'M1_autonomous_Schaefer': True, 'M1b_autonomous_Allee': False, 'M2_stockflow_regimeC': False, 'M3_AR_residual': False, 'M4_delayed_info': False}","[-11.536454312018009, -1.312641844799128]","{'M1_autonomous_Schaefer': True, 'M1b_autonomous_Allee': False, 'M2_stockflow_regimeC': False, 'M3_AR_residual': False, 'M4_delayed_info': False}","{'M1_autonomous_Schaefer': True, 'M1b_autonomous_Allee': False, 'M2_stockflow_regimeC': False, 'M3_AR_residual': False, 'M4_delayed_info': False}","{'M1_autonomous_Schaefer': True, 'M1b_autonomous_Allee': False, 'M2_stockflow_regimeC': False, 'M3_AR_residual': False, 'M4_delayed_info': False}",['M4_delayed_info'],"['M1_autonomous_Schaefer', 'naive_persist', 'M1b_autonomous_Allee', 'M2_stockflow_regimeC', 'M3_AR_residual']",False,False,1
D1_M1_collapse,11.8,20,"{'M1_autonomous_Schaefer': True, 'M1b_autonomous_Allee': False, 'M2_stockflow_regimeC': False, 'M3_AR_residual': False, 'M4_delayed_info': True}","{'M1_autonomous_Schaefer': True, 'M1b_autonomous_Allee': False, 'M2_stockflow_regimeC': False, 'M3_AR_residual': False, 'M4_delayed_info': False}","[-11.512830754880698, -4.588657791180593]","{'M1_autonomous_Schaefer': True, 'M1b_autonomous_Allee': False, 'M2_stockflow_regimeC': False, 'M3_AR_residual': False, 'M4_delayed_info': False}","{'M1_autonomous_Schaefer': True, 'M1b_autonomous_Allee': False, 'M2_stockflow_regimeC': False, 'M3_AR_residual': False, 'M4_delayed_info': False}","[-11.881619949889481, -3.1511947398009488]","{'M1_autonomous_Schaefer': True, 'M1b_autonomous_Allee': False, 'M2_stockflow_regimeC': False, 'M3_AR_residual': False, 'M4_delayed_info': False}","{'M1_autonomous_Schaefer': True, 'M1b_autonomous_Allee': False, 'M2_stockflow_regimeC': False, 'M3_AR_residual': False, 'M4_delayed_info': False}","{'M1_autonomous_Schaefer': True, 'M1b_autonomous_Allee': False, 'M2_stockflow_regimeC': False, 'M3_AR_residual': False, 'M4_delayed_info': False}",['M4_delayed_info'],"['M1_autonomous_Schaefer', 'naive_persist', 'M1b_autonomous_Allee', 'M3_AR_residual', 'M2_stockflow_regimeC']",False,False,1
D1_M1_collapse,11.8,21,"{'M1_autonomous_Schaefer': True, 'M1b_autonomous_Allee': False, 'M2_stockflow_regimeC': False, 'M3_AR_residual': False, 'M4_delayed_info': False}","{'M1_autonomous_Schaefer': True, 'M1b_autonomous_Allee': False, 'M2_stockflow_regimeC': False, 'M3_AR_residual': False, 'M4_delayed_info': False}","[-15.619121066454388, -4.380435739026009]","{'M1_autonomous_Schaefer': True, 'M1b_autonomous_Allee': False, 'M2_stockflow_regimeC': False, 'M3_AR_residual': False, 'M4_delayed_info': False}","{'M1_autonomous_Schaefer': True, 'M1b_autonomous_Allee': False, 'M2_stockflow_regimeC': False, 'M3_AR_residual': False, 'M4_delayed_info': False}","[-13.033291528358482, -3.217862916143491]","{'M1_autonomous_Schaefer': True, 'M1b_autonomous_Allee': False, 'M2_stockflow_regimeC': False, 'M3_AR_residual': False, 'M4_delayed_info': False}","{'M1_autonomous_Schaefer': True, 'M1b_autonomous_Allee': False, 'M2_stockflow_regimeC': False, 'M3_AR_residual': False, 'M4_delayed_info': False}","{'M1_autonomous_Schaefer': True, 'M1b_autonomous_Allee': False, 'M2_stockflow_regimeC': False, 'M3_AR_residual': False, 'M4_delayed_info': False}",['M2_stockflow_regimeC'],"['M1_autonomous_Schaefer', 'naive_persist', 'M1b_autonomous_Allee', 'M3_AR_residual', 'M4_delayed_info']",False,False,1
D1_M1_collapse,11.8,22,"{'M1_autonomous_Schaefer': True, 'M1b_autonomous_Allee': False, 'M2_stockflow_regimeC': False, 'M3_AR_residual': False, 'M4_delayed_info': False}","{'M1_autonomous_Schaefer': True, 'M1b_autonomous_Allee': False, 'M2_stockflow_regimeC': False, 'M3_AR_residual': False, 'M4_delayed_info': False}","[-10.807543357602114, -1.0466955011412904]","{'M1_autonomous_Schaefer': True, 'M1b_autonomous_Allee': False, 'M2_stockflow_regimeC': False, 'M3_AR_residual': False, 'M4_delayed_info': False}","{'M1_autonomous_Schaefer': True, 'M1b_autonomous_Allee': False, 'M2_stockflow_regimeC': False, 'M3_AR_residual': False, 'M4_delayed_info': False}","[-4.57339339864804, -1.1010693908244136]","{'M1_autonomous_Schaefer': True, 'M1b_autonomous_Allee': False, 'M2_stockflow_regimeC': False, 'M3_AR_residual': False, 'M4_delayed_info': False}","{'M1_autonomous_Schaefer': True, 'M1b_autonomous_Allee': False, 'M2_stockflow_regimeC': False, 'M3_AR_residual': False, 'M4_delayed_info': False}","{'M1_autonomous_Schaefer': True, 'M1b_autonomous_Allee': False, 'M2_stockflow_regimeC': False, 'M3_AR_residual': False, 'M4_delayed_info': False}",['M4_delayed_info'],"['M1_autonomous_Schaefer', 'naive_persist', 'M1b_autonomous_Allee', 'M2_stockflow_regimeC', 'M3_AR_residual']",False,False,1
D1_M1_collapse,11.8,23,"{'M1_autonomous_Schaefer': True, 'M1b_autonomous_Allee': False, 'M2_stockflow_regimeC': False, 'M3_AR_residual': False, 'M4_delayed_info': False}","{'M1_autonomous_Schaefer': True, 'M1b_autonomous_Allee': False, 'M2_stockflow_regimeC': False, 'M3_AR_residual': False, 'M4_delayed_info': False}","[-7.201257409906041, -1.0399937324569326]","{'M1_autonomous_Schaefer': True, 'M1b_autonomous_Allee': False, 'M2_stockflow_regimeC': False, 'M3_AR_residual': False, 'M4_delayed_info': False}","{'M1_autonomous_Schaefer': True, 'M1b_autonomous_Allee': False, 'M2_stockflow_regimeC': False, 'M3_AR_residual': False, 'M4_delayed_info': True}","[-8.518251549995094, -3.0122483195019387]","{'M1_autonomous_Schaefer': True, 'M1b_autonomous_Allee': False, 'M2_stockflow_regimeC': False, 'M3_AR_residual': False, 'M4_delayed_info': False}","{'M1_autonomous_Schaefer': True, 'M1b_autonomous_Allee': False, 'M2_stockflow_regimeC': False, 'M3_AR_residual': False, 'M4_delayed_info': False}","{'M1_autonomous_Schaefer': True, 'M1b_autonomous_Allee': False, 'M2_stockflow_regimeC': False, 'M3_AR_residual': False, 'M4_delayed_info': False}",['naive_persist'],"['M1_autonomous_Schaefer', 'M4_delayed_info', 'M3_AR_residual', 'M2_stockflow_regimeC', 'M1b_autonomous_Allee']",False,True,1
D1_M1_collapse,11.8,24,"{'M1_autonomous_Schaefer': True, 'M1b_autonomous_Allee': False, 'M2_stockflow_regimeC': False, 'M3_AR_residual': False, 'M4_delayed_info': True}","{'M1_autonomous_Schaefer': True, 'M1b_autonomous_Allee': False, 'M2_stockflow_regimeC': False, 'M3_AR_residual': False, 'M4_delayed_info': False}","[-10.220968496840788, -3.5227914062771855]","{'M1_autonomous_Schaefer': False, 'M1b_autonomous_Allee': False, 'M2_stockflow_regimeC': False, 'M3_AR_residual': False, 'M4_delayed_info': False}","{'M1_autonomous_Schaefer': False, 'M1b_autonomous_Allee': False, 'M2_stockflow_regimeC': False, 'M3_AR_residual': False, 'M4_delayed_info': False}","[0.8315650003234745, 4.955618344244274]","{'M1_autonomous_Schaefer': False, 'M1b_autonomous_Allee': False, 'M2_stockflow_regimeC': False, 'M3_AR_residual': False, 'M4_delayed_info': False}","{'M1_autonomous_Schaefer': False, 'M1b_autonomous_Allee': False, 'M2_stockflow_regimeC': False, 'M3_AR_residual': False, 'M4_delayed_info': False}","{'M1_autonomous_Schaefer': False, 'M1b_autonomous_Allee': False, 'M2_stockflow_regimeC': False, 'M3_AR_residual': False, 'M4_delayed_info': False}",['M4_delayed_info'],"['M1_autonomous_Schaefer', 'naive_persist', 'M1b_autonomous_Allee', 'M3_AR_residual', 'M2_stockflow_regimeC']",False,False,1
D1_M1_collapse,33.8,0,"{'M1_autonomous_Schaefer': True, 'M1b_autonomous_Allee': False, 'M2_stockflow_regimeC': False, 'M3_AR_residual': False, 'M4_delayed_info': False}","{'M1_autonomous_Schaefer': True, 'M1b_autonomous_Allee': False, 'M2_stockflow_regimeC': False, 'M3_AR_residual': False, 'M4_delayed_info': False}","[-38.569256222061185, -12.028288278654198]","{'M1_autonomous_Schaefer': True, 'M1b_autonomous_Allee': False, 'M2_stockflow_regimeC': False, 'M3_AR_residual': False, 'M4_delayed_info': True}","{'M1_autonomous_Schaefer': True, 'M1b_autonomous_Allee': False, 'M2_stockflow_regimeC': False, 'M3_AR_residual': False, 'M4_delayed_info': False}","[-31.23633781113111, -0.07531556252264539]","{'M1_autonomous_Schaefer': True, 'M1b_autonomous_Allee': False, 'M2_stockflow_regimeC': False, 'M3_AR_residual': False, 'M4_delayed_info': False}","{'M1_autonomous_Schaefer': True, 'M1b_autonomous_Allee': False, 'M2_stockflow_regimeC': False, 'M3_AR_residual': False, 'M4_delayed_info': False}","{'M1_autonomous_Schaefer': True, 'M1b_autonomous_Allee': False, 'M2_stockflow_regimeC': False, 'M3_AR_residual': False, 'M4_delayed_info': False}",['M1b_autonomous_Allee'],"['M1_autonomous_Schaefer', 'naive_persist', 'M2_stockflow_regimeC', 'M3_AR_residual', 'M4_delayed_info']",False,False,1
D1_M1_collapse,33.8,1,"{'M1_autonomous_Schaefer': True, 'M1b_autonomous_Allee': False, 'M2_stockflow_regimeC': False, 'M3_AR_residual': False, 'M4_delayed_info': False}","{'M1_autonomous_Schaefer': True, 'M1b_autonomous_Allee': False, 'M2_stockflow_regimeC': False, 'M3_AR_residual': False, 'M4_delayed_info': False}","[-50.09672849166957, -15.538970715244425]","{'M1_autonomous_Schaefer': True, 'M1b_autonomous_Allee': False, 'M2_stockflow_regimeC': False, 'M3_AR_residual': False, 'M4_delayed_info': False}","{'M1_autonomous_Schaefer': True, 'M1b_autonomous_Allee': False, 'M2_stockflow_regimeC': False, 'M3_AR_residual': False, 'M4_delayed_info': False}","[-28.6185041120466, -6.182706003550171]","{'M1_autonomous_Schaefer': True, 'M1b_autonomous_Allee': False, 'M2_stockflow_regimeC': False, 'M3_AR_residual': False, 'M4_delayed_info': False}","{'M1_autonomous_Schaefer': True, 'M1b_autonomous_Allee': False, 'M2_stockflow_regimeC': False, 'M3_AR_residual': False, 'M4_delayed_info': False}","{'M1_autonomous_Schaefer': True, 'M1b_autonomous_Allee': False, 'M2_stockflow_regimeC': False, 'M3_AR_residual': False, 'M4_delayed_info': False}",['M3_AR_residual'],"['M1_autonomous_Schaefer', 'M1b_autonomous_Allee', 'naive_persist', 'M4_delayed_info', 'M2_stockflow_regimeC']",False,False,1
D1_M1_collapse,33.8,2,"{'M1_autonomous_Schaefer': True, 'M1b_autonomous_Allee': False, 'M2_stockflow_regimeC': False, 'M3_AR_residual': False, 'M4_delayed_info': False}","{'M1_autonomous_Schaefer': True, 'M1b_autonomous_Allee': False, 'M2_stockflow_regimeC': False, 'M3_AR_residual': False, 'M4_delayed_info': False}","[-50.51659222422407, -4.4004296372372504]","{'M1_autonomous_Schaefer': True, 'M1b_autonomous_Allee': False, 'M2_stockflow_regimeC': False, 'M3_AR_residual': False, 'M4_delayed_info': False}","{'M1_autonomous_Schaefer': False, 'M1b_autonomous_Allee': False, 'M2_stockflow_regimeC': False, 'M3_AR_residual': False, 'M4_delayed_info': False}","[-15.909503145393698, 3.211125031069807]","{'M1_autonomous_Schaefer': True, 'M1b_autonomous_Allee': False, 'M2_stockflow_regimeC': False, 'M3_AR_residual': False, 'M4_delayed_info': False}","{'M1_autonomous_Schaefer': False, 'M1b_autonomous_Allee': False, 'M2_stockflow_regimeC': False, 'M3_AR_residual': False, 'M4_delayed_info': False}","{'M1_autonomous_Schaefer': False, 'M1b_autonomous_Allee': False, 'M2_stockflow_regimeC': False, 'M3_AR_residual': False, 'M4_delayed_info': False}",['M4_delayed_info'],"['M1_autonomous_Schaefer', 'M1b_autonomous_Allee', 'naive_persist', 'M2_stockflow_regimeC', 'M3_AR_residual']",False,False,1
D1_M1_collapse,33.8,3,"{'M1_autonomous_Schaefer': True, 'M1b_autonomous_Allee': False, 'M2_stockflow_regimeC': False, 'M3_AR_residual': False, 'M4_delayed_info': False}","{'M1_autonomous_Schaefer': True, 'M1b_autonomous_Allee': False, 'M2_stockflow_regimeC': False, 'M3_AR_residual': False, 'M4_delayed_info': False}","[-27.84082778290743, -5.756451334919774]","{'M1_autonomous_Schaefer': True, 'M1b_autonomous_Allee': False, 'M2_stockflow_regimeC': False, 'M3_AR_residual': False, 'M4_delayed_info': False}","{'M1_autonomous_Schaefer': True, 'M1b_autonomous_Allee': False, 'M2_stockflow_regimeC': False, 'M3_AR_residual': False, 'M4_delayed_info': False}","[-18.70020748034832, -0.06387503579252952]","{'M1_autonomous_Schaefer': True, 'M1b_autonomous_Allee': False, 'M2_stockflow_regimeC': False, 'M3_AR_residual': False, 'M4_delayed_info': False}","{'M1_autonomous_Schaefer': True, 'M1b_autonomous_Allee': False, 'M2_stockflow_regimeC': False, 'M3_AR_residual': False, 'M4_delayed_info': False}","{'M1_autonomous_Schaefer': True, 'M1b_autonomous_Allee': False, 'M2_stockflow_regimeC': False, 'M3_AR_residual': False, 'M4_delayed_info': False}",['M4_delayed_info'],"['M1_autonomous_Schaefer', 'naive_persist', 'M1b_autonomous_Allee', 'M3_AR_residual', 'M2_stockflow_regimeC']",False,False,1
D1_M1_collapse,33.8,4,"{'M1_autonomous_Schaefer': True, 'M1b_autonomous_Allee': False, 'M2_stockflow_regimeC': False, 'M3_AR_residual': False, 'M4_delayed_info': False}","{'M1_autonomous_Schaefer': True, 'M1b_autonomous_Allee': False, 'M2_stockflow_regimeC': False, 'M3_AR_residual': False, 'M4_delayed_info': False}","[-40.17812972526337, -19.7196795197583]","{'M1_autonomous_Schaefer': True, 'M1b_autonomous_Allee': False, 'M2_stockflow_regimeC': False, 'M3_AR_residual': False, 'M4_delayed_info': False}","{'M1_autonomous_Schaefer': True, 'M1b_autonomous_Allee': False, 'M2_stockflow_regimeC': False, 'M3_AR_residual': False, 'M4_delayed_info': False}","[-25.737215947823437, -3.2108639179582146]","{'M1_autonomous_Schaefer': True, 'M1b_autonomous_Allee': False, 'M2_stockflow_regimeC': False, 'M3_AR_residual': False, 'M4_delayed_info': False}","{'M1_autonomous_Schaefer': True, 'M1b_autonomous_Allee': False, 'M2_stockflow_regimeC': False, 'M3_AR_residual': False, 'M4_delayed_info': False}","{'M1_autonomous_Schaefer': True, 'M1b_autonomous_Allee': False, 'M2_stockflow_regimeC': False, 'M3_AR_residual': False, 'M4_delayed_info': False}",['M3_AR_residual'],"['M1_autonomous_Schaefer', 'naive_persist', 'M1b_autonomous_Allee', 'M2_stockflow_regimeC', 'M4_delayed_info']",False,False,1
D1_M1_collapse,33.8,5,"{'M1_autonomous_Schaefer': True, 'M1b_autonomous_Allee': False, 'M2_stockflow_regimeC': False, 'M3_AR_residual': False, 'M4_delayed_info': False}","{'M1_autonomous_Schaefer': True, 'M1b_autonomous_Allee': False, 'M2_stockflow_regimeC': False, 'M3_AR_residual': False, 'M4_delayed_info': False}","[-34.241438714899736, -7.131328304252507]","{'M1_autonomous_Schaefer': True, 'M1b_autonomous_Allee': False, 'M2_stockflow_regimeC': False, 'M3_AR_residual': False, 'M4_delayed_info': False}","{'M1_autonomous_Schaefer': False, 'M1b_autonomous_Allee': False, 'M2_stockflow_regimeC': False, 'M3_AR_residual': False, 'M4_delayed_info': False}","[-25.93950859313038, 0.12614057566884956]","{'M1_autonomous_Schaefer': True, 'M1b_autonomous_Allee': False, 'M2_stockflow_regimeC': False, 'M3_AR_residual': False, 'M4_delayed_info': False}","{'M1_autonomous_Schaefer': False, 'M1b_autonomous_Allee': False, 'M2_stockflow_regimeC': False, 'M3_AR_residual': False, 'M4_delayed_info': False}","{'M1_autonomous_Schaefer': False, 'M1b_autonomous_Allee': False, 'M2_stockflow_regimeC': False, 'M3_AR_residual': False, 'M4_delayed_info': False}",['M4_delayed_info'],"['M1_autonomous_Schaefer', 'naive_persist', 'M1b_autonomous_Allee', 'M3_AR_residual', 'M2_stockflow_regimeC']",False,False,1
D1_M1_collapse,33.8,6,"{'M1_autonomous_Schaefer': True, 'M1b_autonomous_Allee': False, 'M2_stockflow_regimeC': False, 'M3_AR_residual': False, 'M4_delayed_info': False}","{'M1_autonomous_Schaefer': True, 'M1b_autonomous_Allee': False, 'M2_stockflow_regimeC': False, 'M3_AR_residual': False, 'M4_delayed_info': False}","[-48.695857319433046, -16.311339920334156]","{'M1_autonomous_Schaefer': True, 'M1b_autonomous_Allee': False, 'M2_stockflow_regimeC': False, 'M3_AR_residual': False, 'M4_delayed_info': False}","{'M1_autonomous_Schaefer': True, 'M1b_autonomous_Allee': False, 'M2_stockflow_regimeC': False, 'M3_AR_residual': False, 'M4_delayed_info': False}","[-23.514962460629377, -4.179243672718697]","{'M1_autonomous_Schaefer': True, 'M1b_autonomous_Allee': False, 'M2_stockflow_regimeC': False, 'M3_AR_residual': False, 'M4_delayed_info': False}","{'M1_autonomous_Schaefer': True, 'M1b_autonomous_Allee': False, 'M2_stockflow_regimeC': False, 'M3_AR_residual': False, 'M4_delayed_info': False}","{'M1_autonomous_Schaefer': True, 'M1b_autonomous_Allee': False, 'M2_stockflow_regimeC': False, 'M3_AR_residual': False, 'M4_delayed_info': False}",['M2_stockflow_regimeC'],"['M1_autonomous_Schaefer', 'naive_persist', 'M1b_autonomous_Allee', 'M4_delayed_info', 'M3_AR_residual']",False,False,1
D1_M1_collapse,33.8,7,"{'M1_autonomous_Schaefer': True, 'M1b_autonomous_Allee': False, 'M2_stockflow_regimeC': False, 'M3_AR_residual': False, 'M4_delayed_info': False}","{'M1_autonomous_Schaefer': True, 'M1b_autonomous_Allee': False, 'M2_stockflow_regimeC': False, 'M3_AR_residual': False, 'M4_delayed_info': False}","[-73.27244813310332, -14.61352268944905]","{'M1_autonomous_Schaefer': True, 'M1b_autonomous_Allee': False, 'M2_stockflow_regimeC': False, 'M3_AR_residual': False, 'M4_delayed_info': False}","{'M1_autonomous_Schaefer': True, 'M1b_autonomous_Allee': False, 'M2_stockflow_regimeC': False, 'M3_AR_residual': False, 'M4_delayed_info': False}","[-39.61751301241582, -6.738710547616135]","{'M1_autonomous_Schaefer': True, 'M1b_autonomous_Allee': False, 'M2_stockflow_regimeC': False, 'M3_AR_residual': False, 'M4_delayed_info': False}","{'M1_autonomous_Schaefer': True, 'M1b_autonomous_Allee': False, 'M2_stockflow_regimeC': False, 'M3_AR_residual': False, 'M4_delayed_info': False}","{'M1_autonomous_Schaefer': True, 'M1b_autonomous_Allee': False, 'M2_stockflow_regimeC': False, 'M3_AR_residual': False, 'M4_delayed_info': False}",['M4_delayed_info'],"['M1_autonomous_Schaefer', 'naive_persist', 'M1b_autonomous_Allee', 'M2_stockflow_regimeC', 'M3_AR_residual']",False,False,1
D1_M1_collapse,33.8,8,"{'M1_autonomous_Schaefer': True, 'M1b_autonomous_Allee': False, 'M2_stockflow_regimeC': False, 'M3_AR_residual': False, 'M4_delayed_info': False}","{'M1_autonomous_Schaefer': True, 'M1b_autonomous_Allee': False, 'M2_stockflow_regimeC': False, 'M3_AR_residual': False, 'M4_delayed_info': False}","[-25.543800087419527, -7.297631265842202]","{'M1_autonomous_Schaefer': True, 'M1b_autonomous_Allee': False, 'M2_stockflow_regimeC': False, 'M3_AR_residual': False, 'M4_delayed_info': False}","{'M1_autonomous_Schaefer': True, 'M1b_autonomous_Allee': False, 'M2_stockflow_regimeC': False, 'M3_AR_residual': False, 'M4_delayed_info': False}","[-21.48543696075858, -3.3614549907693725]","{'M1_autonomous_Schaefer': True, 'M1b_autonomous_Allee': False, 'M2_stockflow_regimeC': False, 'M3_AR_residual': False, 'M4_delayed_info': False}","{'M1_autonomous_Schaefer': True, 'M1b_autonomous_Allee': False, 'M2_stockflow_regimeC': False, 'M3_AR_residual': False, 'M4_delayed_info': False}","{'M1_autonomous_Schaefer': True, 'M1b_autonomous_Allee': False, 'M2_stockflow_regimeC': False, 'M3_AR_residual': False, 'M4_delayed_info': False}",['M4_delayed_info'],"['M1_autonomous_Schaefer', 'naive_persist', 'M1b_autonomous_Allee', 'M3_AR_residual', 'M2_stockflow_regimeC']",False,False,1
D1_M1_collapse,33.8,9,"{'M1_autonomous_Schaefer': True, 'M1b_autonomous_Allee': False, 'M2_stockflow_regimeC': False, 'M3_AR_residual': False, 'M4_delayed_info': False}","{'M1_autonomous_Schaefer': True, 'M1b_autonomous_Allee': False, 'M2_stockflow_regimeC': False, 'M3_AR_residual': False, 'M4_delayed_info': False}","[-35.365998481345855, -12.452282773247942]","{'M1_autonomous_Schaefer': True, 'M1b_autonomous_Allee': False, 'M2_stockflow_regimeC': False, 'M3_AR_residual': False, 'M4_delayed_info': False}","{'M1_autonomous_Schaefer': True, 'M1b_autonomous_Allee': False, 'M2_stockflow_regimeC': False, 'M3_AR_residual': False, 'M4_delayed_info': False}","[-30.985903191867166, -2.3261844035946138]","{'M1_autonomous_Schaefer': True, 'M1b_autonomous_Allee': False, 'M2_stockflow_regimeC': False, 'M3_AR_residual': False, 'M4_delayed_info': False}","{'M1_autonomous_Schaefer': True, 'M1b_autonomous_Allee': False, 'M2_stockflow_regimeC': False, 'M3_AR_residual': False, 'M4_delayed_info': False}","{'M1_autonomous_Schaefer': True, 'M1b_autonomous_Allee': False, 'M2_stockflow_regimeC': False, 'M3_AR_residual': False, 'M4_delayed_info': False}",['M3_AR_residual'],"['M1_autonomous_Schaefer', 'naive_persist', 'M1b_autonomous_Allee', 'M4_delayed_info', 'M2_stockflow_regimeC']",False,False,1
D1_M1_collapse,33.8,10,"{'M1_autonomous_Schaefer': True, 'M1b_autonomous_Allee': False, 'M2_stockflow_regimeC': False, 'M3_AR_residual': False, 'M4_delayed_info': False}","{'M1_autonomous_Schaefer': True, 'M1b_autonomous_Allee': False, 'M2_stockflow_regimeC': False, 'M3_AR_residual': False, 'M4_delayed_info': False}","[-45.43398820527646, -22.449305993607908]","{'M1_autonomous_Schaefer': True, 'M1b_autonomous_Allee': False, 'M2_stockflow_regimeC': False, 'M3_AR_residual': False, 'M4_delayed_info': False}","{'M1_autonomous_Schaefer': False, 'M1b_autonomous_Allee': False, 'M2_stockflow_regimeC': False, 'M3_AR_residual': False, 'M4_delayed_info': False}","[-23.64345136164363, 4.818553080317242]","{'M1_autonomous_Schaefer': True, 'M1b_autonomous_Allee': False, 'M2_stockflow_regimeC': False, 'M3_AR_residual': False, 'M4_delayed_info': False}","{'M1_autonomous_Schaefer': False, 'M1b_autonomous_Allee': False, 'M2_stockflow_regimeC': False, 'M3_AR_residual': False, 'M4_delayed_info': False}","{'M1_autonomous_Schaefer': False, 'M1b_autonomous_Allee': False, 'M2_stockflow_regimeC': False, 'M3_AR_residual': False, 'M4_delayed_info': False}",['M3_AR_residual'],"['M1_autonomous_Schaefer', 'naive_persist', 'M1b_autonomous_Allee', 'M4_delayed_info', 'M2_stockflow_regimeC']",False,False,1
D1_M1_collapse,33.8,11,"{'M1_autonomous_Schaefer': True, 'M1b_autonomous_Allee': False, 'M2_stockflow_regimeC': False, 'M3_AR_residual': False, 'M4_delayed_info': False}","{'M1_autonomous_Schaefer': True, 'M1b_autonomous_Allee': False, 'M2_stockflow_regimeC': False, 'M3_AR_residual': False, 'M4_delayed_info': False}","[-29.642009154431378, -7.208824447318552]","{'M1_autonomous_Schaefer': True, 'M1b_autonomous_Allee': False, 'M2_stockflow_regimeC': False, 'M3_AR_residual': False, 'M4_delayed_info': False}","{'M1_autonomous_Schaefer': True, 'M1b_autonomous_Allee': False, 'M2_stockflow_regimeC': False, 'M3_AR_residual': False, 'M4_delayed_info': False}","[-29.722551454028, -10.805829896263983]","{'M1_autonomous_Schaefer': True, 'M1b_autonomous_Allee': False, 'M2_stockflow_regimeC': False, 'M3_AR_residual': False, 'M4_delayed_info': False}","{'M1_autonomous_Schaefer': True, 'M1b_autonomous_Allee': False, 'M2_stockflow_regimeC': False, 'M3_AR_residual': False, 'M4_delayed_info': False}","{'M1_autonomous_Schaefer': True, 'M1b_autonomous_Allee': False, 'M2_stockflow_regimeC': False, 'M3_AR_residual': False, 'M4_delayed_info': False}",['M4_delayed_info'],"['M1_autonomous_Schaefer', 'naive_persist', 'M1b_autonomous_Allee', 'M3_AR_residual', 'M2_stockflow_regimeC']",False,False,1
D1_M1_collapse,33.8,12,"{'M1_autonomous_Schaefer': True, 'M1b_autonomous_Allee': False, 'M2_stockflow_regimeC': False, 'M3_AR_residual': False, 'M4_delayed_info': False}","{'M1_autonomous_Schaefer': True, 'M1b_autonomous_Allee': False, 'M2_stockflow_regimeC': False, 'M3_AR_residual': False, 'M4_delayed_info': False}","[-26.81373018543516, -8.742955544778951]","{'M1_autonomous_Schaefer': True, 'M1b_autonomous_Allee': False, 'M2_stockflow_regimeC': False, 'M3_AR_residual': False, 'M4_delayed_info': False}","{'M1_autonomous_Schaefer': True, 'M1b_autonomous_Allee': False, 'M2_stockflow_regimeC': False, 'M3_AR_residual': False, 'M4_delayed_info': False}","[-24.376649967531556, -1.8560488673930196]","{'M1_autonomous_Schaefer': True, 'M1b_autonomous_Allee': False, 'M2_stockflow_regimeC': False, 'M3_AR_residual': False, 'M4_delayed_info': False}","{'M1_autonomous_Schaefer': True, 'M1b_autonomous_Allee': False, 'M2_stockflow_regimeC': False, 'M3_AR_residual': False, 'M4_delayed_info': False}","{'M1_autonomous_Schaefer': True, 'M1b_autonomous_Allee': False, 'M2_stockflow_regimeC': False, 'M3_AR_residual': False, 'M4_delayed_info': False}",['M2_stockflow_regimeC'],"['M1_autonomous_Schaefer', 'naive_persist', 'M1b_autonomous_Allee', 'M4_delayed_info', 'M3_AR_residual']",False,False,1
D1_M1_collapse,33.8,13,"{'M1_autonomous_Schaefer': True, 'M1b_autonomous_Allee': False, 'M2_stockflow_regimeC': False, 'M3_AR_residual': False, 'M4_delayed_info': False}","{'M1_autonomous_Schaefer': True, 'M1b_autonomous_Allee': False, 'M2_stockflow_regimeC': False, 'M3_AR_residual': False, 'M4_delayed_info': False}","[-40.273212740353124, -3.0618785836497175]","{'M1_autonomous_Schaefer': True, 'M1b_autonomous_Allee': False, 'M2_stockflow_regimeC': False, 'M3_AR_residual': False, 'M4_delayed_info': False}","{'M1_autonomous_Schaefer': False, 'M1b_autonomous_Allee': False, 'M2_stockflow_regimeC': False, 'M3_AR_residual': False, 'M4_delayed_info': False}","[-28.49029219170311, 9.49364035439501]","{'M1_autonomous_Schaefer': True, 'M1b_autonomous_Allee': False, 'M2_stockflow_regimeC': False, 'M3_AR_residual': False, 'M4_delayed_info': False}","{'M1_autonomous_Schaefer': False, 'M1b_autonomous_Allee': False, 'M2_stockflow_regimeC': False, 'M3_AR_residual': False, 'M4_delayed_info': False}","{'M1_autonomous_Schaefer': False, 'M1b_autonomous_Allee': False, 'M2_stockflow_regimeC': False, 'M3_AR_residual': False, 'M4_delayed_info': False}",['M4_delayed_info'],"['M1_autonomous_Schaefer', 'naive_persist', 'M1b_autonomous_Allee', 'M2_stockflow_regimeC', 'M3_AR_residual']",False,False,1
D1_M1_collapse,33.8,14,"{'M1_autonomous_Schaefer': True, 'M1b_autonomous_Allee': False, 'M2_stockflow_regimeC': False, 'M3_AR_residual': False, 'M4_delayed_info': False}","{'M1_autonomous_Schaefer': True, 'M1b_autonomous_Allee': False, 'M2_stockflow_regimeC': False, 'M3_AR_residual': False, 'M4_delayed_info': False}","[-41.76151883332344, -4.412053869715941]","{'M1_autonomous_Schaefer': True, 'M1b_autonomous_Allee': False, 'M2_stockflow_regimeC': False, 'M3_AR_residual': False, 'M4_delayed_info': False}","{'M1_autonomous_Schaefer': True, 'M1b_autonomous_Allee': False, 'M2_stockflow_regimeC': False, 'M3_AR_residual': False, 'M4_delayed_info': False}","[-30.520055171217205, -11.86213377416123]","{'M1_autonomous_Schaefer': True, 'M1b_autonomous_Allee': False, 'M2_stockflow_regimeC': False, 'M3_AR_residual': False, 'M4_delayed_info': False}","{'M1_autonomous_Schaefer': True, 'M1b_autonomous_Allee': False, 'M2_stockflow_regimeC': False, 'M3_AR_residual': False, 'M4_delayed_info': False}","{'M1_autonomous_Schaefer': True, 'M1b_autonomous_Allee': False, 'M2_stockflow_regimeC': False, 'M3_AR_residual': False, 'M4_delayed_info': False}",['M4_delayed_info'],"['M1_autonomous_Schaefer', 'naive_persist', 'M1b_autonomous_Allee', 'M2_stockflow_regimeC', 'M3_AR_residual']",False,False,1
D1_M1_collapse,33.8,15,"{'M1_autonomous_Schaefer': True, 'M1b_autonomous_Allee': False, 'M2_stockflow_regimeC': False, 'M3_AR_residual': False, 'M4_delayed_info': False}","{'M1_autonomous_Schaefer': True, 'M1b_autonomous_Allee': False, 'M2_stockflow_regimeC': False, 'M3_AR_residual': False, 'M4_delayed_info': False}","[-24.818079073875044, -0.650995027833196]","{'M1_autonomous_Schaefer': True, 'M1b_autonomous_Allee': False, 'M2_stockflow_regimeC': False, 'M3_AR_residual': False, 'M4_delayed_info': False}","{'M1_autonomous_Schaefer': False, 'M1b_autonomous_Allee': False, 'M2_stockflow_regimeC': False, 'M3_AR_residual': False, 'M4_delayed_info': False}","[-18.084391325929047, 3.521669283656518]","{'M1_autonomous_Schaefer': True, 'M1b_autonomous_Allee': False, 'M2_stockflow_regimeC': False, 'M3_AR_residual': False, 'M4_delayed_info': False}","{'M1_autonomous_Schaefer': False, 'M1b_autonomous_Allee': False, 'M2_stockflow_regimeC': False, 'M3_AR_residual': False, 'M4_delayed_info': False}","{'M1_autonomous_Schaefer': False, 'M1b_autonomous_Allee': False, 'M2_stockflow_regimeC': False, 'M3_AR_residual': False, 'M4_delayed_info': False}",['M2_stockflow_regimeC'],"['M1_autonomous_Schaefer', 'naive_persist', 'M1b_autonomous_Allee', 'M3_AR_residual', 'M4_delayed_info']",False,False,1
D1_M1_collapse,33.8,16,"{'M1_autonomous_Schaefer': True, 'M1b_autonomous_Allee': False, 'M2_stockflow_regimeC': False, 'M3_AR_residual': False, 'M4_delayed_info': False}","{'M1_autonomous_Schaefer': True, 'M1b_autonomous_Allee': False, 'M2_stockflow_regimeC': False, 'M3_AR_residual': False, 'M4_delayed_info': False}","[-36.03627680396829, -4.019025207203906]","{'M1_autonomous_Schaefer': True, 'M1b_autonomous_Allee': False, 'M2_stockflow_regimeC': False, 'M3_AR_residual': False, 'M4_delayed_info': False}","{'M1_autonomous_Schaefer': False, 'M1b_autonomous_Allee': False, 'M2_stockflow_regimeC': False, 'M3_AR_residual': False, 'M4_delayed_info': False}","[-21.943642125978553, 9.201179903856783]","{'M1_autonomous_Schaefer': True, 'M1b_autonomous_Allee': False, 'M2_stockflow_regimeC': False, 'M3_AR_residual': False, 'M4_delayed_info': False}","{'M1_autonomous_Schaefer': False, 'M1b_autonomous_Allee': False, 'M2_stockflow_regimeC': False, 'M3_AR_residual': False, 'M4_delayed_info': False}","{'M1_autonomous_Schaefer': False, 'M1b_autonomous_Allee': False, 'M2_stockflow_regimeC': False, 'M3_AR_residual': False, 'M4_delayed_info': False}",['M4_delayed_info'],"['M1_autonomous_Schaefer', 'naive_persist', 'M1b_autonomous_Allee', 'M3_AR_residual', 'M2_stockflow_regimeC']",False,False,1
D1_M1_collapse,33.8,17,"{'M1_autonomous_Schaefer': True, 'M1b_autonomous_Allee': False, 'M2_stockflow_regimeC': False, 'M3_AR_residual': False, 'M4_delayed_info': False}","{'M1_autonomous_Schaefer': True, 'M1b_autonomous_Allee': False, 'M2_stockflow_regimeC': False, 'M3_AR_residual': False, 'M4_delayed_info': False}","[-37.82811349593372, -17.50013656295182]","{'M1_autonomous_Schaefer': True, 'M1b_autonomous_Allee': False, 'M2_stockflow_regimeC': False, 'M3_AR_residual': False, 'M4_delayed_info': False}","{'M1_autonomous_Schaefer': False, 'M1b_autonomous_Allee': False, 'M2_stockflow_regimeC': False, 'M3_AR_residual': False, 'M4_delayed_info': False}","[-20.993835999019193, 6.5256939013423]","{'M1_autonomous_Schaefer': True, 'M1b_autonomous_Allee': False, 'M2_stockflow_regimeC': False, 'M3_AR_residual': False, 'M4_delayed_info': False}","{'M1_autonomous_Schaefer': False, 'M1b_autonomous_Allee': False, 'M2_stockflow_regimeC': False, 'M3_AR_residual': False, 'M4_delayed_info': False}","{'M1_autonomous_Schaefer': False, 'M1b_autonomous_Allee': False, 'M2_stockflow_regimeC': False, 'M3_AR_residual': False, 'M4_delayed_info': False}",['M2_stockflow_regimeC'],"['M1_autonomous_Schaefer', 'naive_persist', 'M1b_autonomous_Allee', 'M4_delayed_info', 'M3_AR_residual']",False,False,1
D1_M1_collapse,33.8,18,"{'M1_autonomous_Schaefer': True, 'M1b_autonomous_Allee': False, 'M2_stockflow_regimeC': False, 'M3_AR_residual': False, 'M4_delayed_info': False}","{'M1_autonomous_Schaefer': True, 'M1b_autonomous_Allee': False, 'M2_stockflow_regimeC': False, 'M3_AR_residual': False, 'M4_delayed_info': False}","[-27.5613581026629, -5.782860107974604]","{'M1_autonomous_Schaefer': True, 'M1b_autonomous_Allee': False, 'M2_stockflow_regimeC': False, 'M3_AR_residual': False, 'M4_delayed_info': False}","{'M1_autonomous_Schaefer': True, 'M1b_autonomous_Allee': False, 'M2_stockflow_regimeC': False, 'M3_AR_residual': False, 'M4_delayed_info': False}","[-21.40138122243443, -0.8810611399721641]","{'M1_autonomous_Schaefer': True, 'M1b_autonomous_Allee': False, 'M2_stockflow_regimeC': False, 'M3_AR_residual': False, 'M4_delayed_info': False}","{'M1_autonomous_Schaefer': True, 'M1b_autonomous_Allee': False, 'M2_stockflow_regimeC': False, 'M3_AR_residual': False, 'M4_delayed_info': False}","{'M1_autonomous_Schaefer': True, 'M1b_autonomous_Allee': False, 'M2_stockflow_regimeC': False, 'M3_AR_residual': False, 'M4_delayed_info': False}",['M3_AR_residual'],"['M1_autonomous_Schaefer', 'naive_persist', 'M1b_autonomous_Allee', 'M2_stockflow_regimeC', 'M4_delayed_info']",False,False,1
D1_M1_collapse,33.8,19,"{'M1_autonomous_Schaefer': True, 'M1b_autonomous_Allee': False, 'M2_stockflow_regimeC': False, 'M3_AR_residual': False, 'M4_delayed_info': False}","{'M1_autonomous_Schaefer': True, 'M1b_autonomous_Allee': False, 'M2_stockflow_regimeC': False, 'M3_AR_residual': False, 'M4_delayed_info': False}","[-15.308530017351135, -2.495167959860635]","{'M1_autonomous_Schaefer': True, 'M1b_autonomous_Allee': False, 'M2_stockflow_regimeC': False, 'M3_AR_residual': False, 'M4_delayed_info': False}","{'M1_autonomous_Schaefer': True, 'M1b_autonomous_Allee': False, 'M2_stockflow_regimeC': False, 'M3_AR_residual': False, 'M4_delayed_info': False}","[-16.229569964700698, -3.984860844517498]","{'M1_autonomous_Schaefer': True, 'M1b_autonomous_Allee': False, 'M2_stockflow_regimeC': False, 'M3_AR_residual': False, 'M4_delayed_info': False}","{'M1_autonomous_Schaefer': True, 'M1b_autonomous_Allee': False, 'M2_stockflow_regimeC': False, 'M3_AR_residual': False, 'M4_delayed_info': False}","{'M1_autonomous_Schaefer': True, 'M1b_autonomous_Allee': False, 'M2_stockflow_regimeC': False, 'M3_AR_residual': False, 'M4_delayed_info': False}",['M4_delayed_info'],"['M1_autonomous_Schaefer', 'naive_persist', 'M1b_autonomous_Allee', 'M3_AR_residual', 'M2_stockflow_regimeC']",False,False,1
D1_M1_collapse,33.8,20,"{'M1_autonomous_Schaefer': True, 'M1b_autonomous_Allee': False, 'M2_stockflow_regimeC': False, 'M3_AR_residual': False, 'M4_delayed_info': False}","{'M1_autonomous_Schaefer': True, 'M1b_autonomous_Allee': False, 'M2_stockflow_regimeC': False, 'M3_AR_residual': False, 'M4_delayed_info': False}","[-24.771192486515126, -9.913731805827586]","{'M1_autonomous_Schaefer': True, 'M1b_autonomous_Allee': False, 'M2_stockflow_regimeC': False, 'M3_AR_residual': False, 'M4_delayed_info': False}","{'M1_autonomous_Schaefer': True, 'M1b_autonomous_Allee': False, 'M2_stockflow_regimeC': False, 'M3_AR_residual': False, 'M4_delayed_info': False}","[-21.75266703638427, -9.186153044623637]","{'M1_autonomous_Schaefer': True, 'M1b_autonomous_Allee': False, 'M2_stockflow_regimeC': False, 'M3_AR_residual': False, 'M4_delayed_info': False}","{'M1_autonomous_Schaefer': True, 'M1b_autonomous_Allee': False, 'M2_stockflow_regimeC': False, 'M3_AR_residual': False, 'M4_delayed_info': False}","{'M1_autonomous_Schaefer': True, 'M1b_autonomous_Allee': False, 'M2_stockflow_regimeC': False, 'M3_AR_residual': False, 'M4_delayed_info': False}",['M2_stockflow_regimeC'],"['M1_autonomous_Schaefer', 'naive_persist', 'M1b_autonomous_Allee', 'M4_delayed_info', 'M3_AR_residual']",False,False,1
D1_M1_collapse,33.8,21,"{'M1_autonomous_Schaefer': True, 'M1b_autonomous_Allee': False, 'M2_stockflow_regimeC': False, 'M3_AR_residual': False, 'M4_delayed_info': False}","{'M1_autonomous_Schaefer': True, 'M1b_autonomous_Allee': False, 'M2_stockflow_regimeC': False, 'M3_AR_residual': False, 'M4_delayed_info': False}","[-26.932002812840178, -2.6052975640170084]","{'M1_autonomous_Schaefer': True, 'M1b_autonomous_Allee': False, 'M2_stockflow_regimeC': False, 'M3_AR_residual': False, 'M4_delayed_info': False}","{'M1_autonomous_Schaefer': True, 'M1b_autonomous_Allee': False, 'M2_stockflow_regimeC': False, 'M3_AR_residual': False, 'M4_delayed_info': False}","[-19.41029027370452, -7.343632792714322]","{'M1_autonomous_Schaefer': True, 'M1b_autonomous_Allee': False, 'M2_stockflow_regimeC': False, 'M3_AR_residual': False, 'M4_delayed_info': False}","{'M1_autonomous_Schaefer': True, 'M1b_autonomous_Allee': False, 'M2_stockflow_regimeC': False, 'M3_AR_residual': False, 'M4_delayed_info': False}","{'M1_autonomous_Schaefer': True, 'M1b_autonomous_Allee': False, 'M2_stockflow_regimeC': False, 'M3_AR_residual': False, 'M4_delayed_info': False}",['M4_delayed_info'],"['M1_autonomous_Schaefer', 'naive_persist', 'M2_stockflow_regimeC', 'M1b_autonomous_Allee', 'M3_AR_residual']",False,False,1
D1_M1_collapse,33.8,22,"{'M1_autonomous_Schaefer': True, 'M1b_autonomous_Allee': False, 'M2_stockflow_regimeC': False, 'M3_AR_residual': False, 'M4_delayed_info': False}","{'M1_autonomous_Schaefer': False, 'M1b_autonomous_Allee': False, 'M2_stockflow_regimeC': False, 'M3_AR_residual': False, 'M4_delayed_info': False}","[-30.532710933363834, 0.24574045487343893]","{'M1_autonomous_Schaefer': True, 'M1b_autonomous_Allee': False, 'M2_stockflow_regimeC': False, 'M3_AR_residual': False, 'M4_delayed_info': False}","{'M1_autonomous_Schaefer': False, 'M1b_autonomous_Allee': False, 'M2_stockflow_regimeC': False, 'M3_AR_residual': False, 'M4_delayed_info': False}","[-17.21283503895817, 0.6077738859737004]","{'M1_autonomous_Schaefer': True, 'M1b_autonomous_Allee': False, 'M2_stockflow_regimeC': False, 'M3_AR_residual': False, 'M4_delayed_info': False}","{'M1_autonomous_Schaefer': False, 'M1b_autonomous_Allee': False, 'M2_stockflow_regimeC': False, 'M3_AR_residual': False, 'M4_delayed_info': False}","{'M1_autonomous_Schaefer': False, 'M1b_autonomous_Allee': False, 'M2_stockflow_regimeC': False, 'M3_AR_residual': False, 'M4_delayed_info': False}",['M4_delayed_info'],"['M1_autonomous_Schaefer', 'naive_persist', 'M1b_autonomous_Allee', 'M2_stockflow_regimeC', 'M3_AR_residual']",False,False,1
D1_M1_collapse,33.8,23,"{'M1_autonomous_Schaefer': True, 'M1b_autonomous_Allee': False, 'M2_stockflow_regimeC': False, 'M3_AR_residual': False, 'M4_delayed_info': False}","{'M1_autonomous_Schaefer': True, 'M1b_autonomous_Allee': False, 'M2_stockflow_regimeC': False, 'M3_AR_residual': False, 'M4_delayed_info': False}","[-25.3512636702493, -2.9839496425754257]","{'M1_autonomous_Schaefer': True, 'M1b_autonomous_Allee': False, 'M2_stockflow_regimeC': False, 'M3_AR_residual': False, 'M4_delayed_info': False}","{'M1_autonomous_Schaefer': True, 'M1b_autonomous_Allee': False, 'M2_stockflow_regimeC': False, 'M3_AR_residual': False, 'M4_delayed_info': False}","[-26.857741910528258, -2.6884282061072375]","{'M1_autonomous_Schaefer': True, 'M1b_autonomous_Allee': False, 'M2_stockflow_regimeC': False, 'M3_AR_residual': False, 'M4_delayed_info': False}","{'M1_autonomous_Schaefer': True, 'M1b_autonomous_Allee': False, 'M2_stockflow_regimeC': False, 'M3_AR_residual': False, 'M4_delayed_info': False}","{'M1_autonomous_Schaefer': True, 'M1b_autonomous_Allee': False, 'M2_stockflow_regimeC': False, 'M3_AR_residual': False, 'M4_delayed_info': False}",['M3_AR_residual'],"['M1_autonomous_Schaefer', 'naive_persist', 'M4_delayed_info', 'M2_stockflow_regimeC', 'M1b_autonomous_Allee']",False,False,1
D1_M1_collapse,33.8,24,"{'M1_autonomous_Schaefer': True, 'M1b_autonomous_Allee': False, 'M2_stockflow_regimeC': False, 'M3_AR_residual': False, 'M4_delayed_info': False}","{'M1_autonomous_Schaefer': True, 'M1b_autonomous_Allee': False, 'M2_stockflow_regimeC': False, 'M3_AR_residual': False, 'M4_delayed_info': False}","[-27.355254166481604, -10.779657072250929]","{'M1_autonomous_Schaefer': True, 'M1b_autonomous_Allee': False, 'M2_stockflow_regimeC': False, 'M3_AR_residual': False, 'M4_delayed_info': False}","{'M1_autonomous_Schaefer': False, 'M1b_autonomous_Allee': False, 'M2_stockflow_regimeC': False, 'M3_AR_residual': False, 'M4_delayed_info': False}","[-13.75241363177243, 5.319712087842579]","{'M1_autonomous_Schaefer': True, 'M1b_autonomous_Allee': False, 'M2_stockflow_regimeC': False, 'M3_AR_residual': False, 'M4_delayed_info': False}","{'M1_autonomous_Schaefer': False, 'M1b_autonomous_Allee': False, 'M2_stockflow_regimeC': False, 'M3_AR_residual': False, 'M4_delayed_info': False}","{'M1_autonomous_Schaefer': False, 'M1b_autonomous_Allee': False, 'M2_stockflow_regimeC': False, 'M3_AR_residual': False, 'M4_delayed_info': False}",['M3_AR_residual'],"['M1_autonomous_Schaefer', 'naive_persist', 'M1b_autonomous_Allee', 'M4_delayed_info', 'M2_stockflow_regimeC']",False,False,1
D2_M1_recovery,11.8,0,"{'M1_autonomous_Schaefer': True, 'M1b_autonomous_Allee': False, 'M2_stockflow_regimeC': False, 'M3_AR_residual': False, 'M4_delayed_info': False}","{'M1_autonomous_Schaefer': True, 'M1b_autonomous_Allee': False, 'M2_stockflow_regimeC': False, 'M3_AR_residual': False, 'M4_delayed_info': False}","[-22.58751026726493, -3.4371467323028275]","{'M1_autonomous_Schaefer': True, 'M1b_autonomous_Allee': False, 'M2_stockflow_regimeC': False, 'M3_AR_residual': False, 'M4_delayed_info': False}","{'M1_autonomous_Schaefer': False, 'M1b_autonomous_Allee': False, 'M2_stockflow_regimeC': False, 'M3_AR_residual': False, 'M4_delayed_info': False}","[-78.50799913042191, 30.714665712340743]","{'M1_autonomous_Schaefer': True, 'M1b_autonomous_Allee': False, 'M2_stockflow_regimeC': False, 'M3_AR_residual': False, 'M4_delayed_info': False}","{'M1_autonomous_Schaefer': False, 'M1b_autonomous_Allee': False, 'M2_stockflow_regimeC': False, 'M3_AR_residual': False, 'M4_delayed_info': False}","{'M1_autonomous_Schaefer': False, 'M1b_autonomous_Allee': False, 'M2_stockflow_regimeC': False, 'M3_AR_residual': False, 'M4_delayed_info': False}",['M2_stockflow_regimeC'],"['M1_autonomous_Schaefer', 'M1b_autonomous_Allee', 'naive_persist', 'M4_delayed_info', 'M3_AR_residual']",False,False,1
D2_M1_recovery,11.8,1,"{'M1_autonomous_Schaefer': True, 'M1b_autonomous_Allee': False, 'M2_stockflow_regimeC': False, 'M3_AR_residual': True, 'M4_delayed_info': False}","{'M1_autonomous_Schaefer': False, 'M1b_autonomous_Allee': False, 'M2_stockflow_regimeC': False, 'M3_AR_residual': False, 'M4_delayed_info': False}","[-12.120847075917254, 4.46868149307579]","{'M1_autonomous_Schaefer': False, 'M1b_autonomous_Allee': False, 'M2_stockflow_regimeC': False, 'M3_AR_residual': False, 'M4_delayed_info': False}","{'M1_autonomous_Schaefer': False, 'M1b_autonomous_Allee': False, 'M2_stockflow_regimeC': False, 'M3_AR_residual': False, 'M4_delayed_info': False}","[-23.102603031339687, 146.63305034205786]","{'M1_autonomous_Schaefer': False, 'M1b_autonomous_Allee': False, 'M2_stockflow_regimeC': False, 'M3_AR_residual': False, 'M4_delayed_info': False}","{'M1_autonomous_Schaefer': False, 'M1b_autonomous_Allee': False, 'M2_stockflow_regimeC': False, 'M3_AR_residual': False, 'M4_delayed_info': False}","{'M1_autonomous_Schaefer': False, 'M1b_autonomous_Allee': False, 'M2_stockflow_regimeC': False, 'M3_AR_residual': False, 'M4_delayed_info': False}",['M4_delayed_info'],"['M1_autonomous_Schaefer', 'M3_AR_residual', 'M2_stockflow_regimeC', 'M1b_autonomous_Allee', 'naive_persist']",False,False,1
D2_M1_recovery,11.8,2,"{'M1_autonomous_Schaefer': True, 'M1b_autonomous_Allee': False, 'M2_stockflow_regimeC': False, 'M3_AR_residual': False, 'M4_delayed_info': False}","{'M1_autonomous_Schaefer': False, 'M1b_autonomous_Allee': False, 'M2_stockflow_regimeC': False, 'M3_AR_residual': False, 'M4_delayed_info': False}","[-8.114835948645972, 3.8869460724881777]","{'M1_autonomous_Schaefer': True, 'M1b_autonomous_Allee': False, 'M2_stockflow_regimeC': False, 'M3_AR_residual': False, 'M4_delayed_info': False}","{'M1_autonomous_Schaefer': False, 'M1b_autonomous_Allee': False, 'M2_stockflow_regimeC': False, 'M3_AR_residual': False, 'M4_delayed_info': False}","[-20.249649248957507, 7.161495204797605]","{'M1_autonomous_Schaefer': True, 'M1b_autonomous_Allee': False, 'M2_stockflow_regimeC': False, 'M3_AR_residual': False, 'M4_delayed_info': False}","{'M1_autonomous_Schaefer': False, 'M1b_autonomous_Allee': False, 'M2_stockflow_regimeC': False, 'M3_AR_residual': False, 'M4_delayed_info': False}","{'M1_autonomous_Schaefer': False, 'M1b_autonomous_Allee': False, 'M2_stockflow_regimeC': False, 'M3_AR_residual': False, 'M4_delayed_info': False}",['M2_stockflow_regimeC'],"['M1_autonomous_Schaefer', 'M1b_autonomous_Allee', 'M4_delayed_info', 'naive_persist', 'M3_AR_residual']",False,False,1
D2_M1_recovery,11.8,3,"{'M1_autonomous_Schaefer': True, 'M1b_autonomous_Allee': False, 'M2_stockflow_regimeC': False, 'M3_AR_residual': False, 'M4_delayed_info': False}","{'M1_autonomous_Schaefer': False, 'M1b_autonomous_Allee': False, 'M2_stockflow_regimeC': False, 'M3_AR_residual': False, 'M4_delayed_info': False}","[-19.416600085113597, 2.5343434082260745]","{'M1_autonomous_Schaefer': False, 'M1b_autonomous_Allee': True, 'M2_stockflow_regimeC': False, 'M3_AR_residual': False, 'M4_delayed_info': False}","{'M1_autonomous_Schaefer': False, 'M1b_autonomous_Allee': False, 'M2_stockflow_regimeC': False, 'M3_AR_residual': False, 'M4_delayed_info': False}","[-39.297132892141725, 84.81751108515296]","{'M1_autonomous_Schaefer': False, 'M1b_autonomous_Allee': False, 'M2_stockflow_regimeC': False, 'M3_AR_residual': False, 'M4_delayed_info': False}","{'M1_autonomous_Schaefer': False, 'M1b_autonomous_Allee': False, 'M2_stockflow_regimeC': False, 'M3_AR_residual': False, 'M4_delayed_info': False}","{'M1_autonomous_Schaefer': False, 'M1b_autonomous_Allee': False, 'M2_stockflow_regimeC': False, 'M3_AR_residual': False, 'M4_delayed_info': False}",['M2_stockflow_regimeC'],"['M1_autonomous_Schaefer', 'M4_delayed_info', 'M1b_autonomous_Allee', 'naive_persist', 'M3_AR_residual']",False,False,1
D2_M1_recovery,11.8,4,"{'M1_autonomous_Schaefer': True, 'M1b_autonomous_Allee': False, 'M2_stockflow_regimeC': False, 'M3_AR_residual': False, 'M4_delayed_info': False}","{'M1_autonomous_Schaefer': False, 'M1b_autonomous_Allee': False, 'M2_stockflow_regimeC': False, 'M3_AR_residual': False, 'M4_delayed_info': False}","[-18.942549416549255, 1.9282516005076817]","{'M1_autonomous_Schaefer': False, 'M1b_autonomous_Allee': False, 'M2_stockflow_regimeC': False, 'M3_AR_residual': False, 'M4_delayed_info': False}","{'M1_autonomous_Schaefer': False, 'M1b_autonomous_Allee': False, 'M2_stockflow_regimeC': False, 'M3_AR_residual': False, 'M4_delayed_info': False}","[-52.31238132046522, 120.23199741903461]","{'M1_autonomous_Schaefer': False, 'M1b_autonomous_Allee': False, 'M2_stockflow_regimeC': False, 'M3_AR_residual': False, 'M4_delayed_info': False}","{'M1_autonomous_Schaefer': False, 'M1b_autonomous_Allee': False, 'M2_stockflow_regimeC': False, 'M3_AR_residual': False, 'M4_delayed_info': False}","{'M1_autonomous_Schaefer': False, 'M1b_autonomous_Allee': False, 'M2_stockflow_regimeC': False, 'M3_AR_residual': False, 'M4_delayed_info': False}",['M3_AR_residual'],"['M1_autonomous_Schaefer', 'M1b_autonomous_Allee', 'M4_delayed_info', 'naive_persist', 'M2_stockflow_regimeC']",False,False,1
D2_M1_recovery,11.8,5,"{'M1_autonomous_Schaefer': True, 'M1b_autonomous_Allee': False, 'M2_stockflow_regimeC': False, 'M3_AR_residual': False, 'M4_delayed_info': False}","{'M1_autonomous_Schaefer': False, 'M1b_autonomous_Allee': False, 'M2_stockflow_regimeC': False, 'M3_AR_residual': False, 'M4_delayed_info': False}","[-8.352249373492207, 0.5518786873554694]","{'M1_autonomous_Schaefer': True, 'M1b_autonomous_Allee': False, 'M2_stockflow_regimeC': False, 'M3_AR_residual': False, 'M4_delayed_info': False}","{'M1_autonomous_Schaefer': True, 'M1b_autonomous_Allee': False, 'M2_stockflow_regimeC': False, 'M3_AR_residual': False, 'M4_delayed_info': False}","[-31.165149009406232, -2.770497335308862]","{'M1_autonomous_Schaefer': True, 'M1b_autonomous_Allee': False, 'M2_stockflow_regimeC': False, 'M3_AR_residual': False, 'M4_delayed_info': False}","{'M1_autonomous_Schaefer': False, 'M1b_autonomous_Allee': False, 'M2_stockflow_regimeC': False, 'M3_AR_residual': False, 'M4_delayed_info': False}","{'M1_autonomous_Schaefer': False, 'M1b_autonomous_Allee': False, 'M2_stockflow_regimeC': False, 'M3_AR_residual': False, 'M4_delayed_info': False}",['M1b_autonomous_Allee'],"['M1_autonomous_Schaefer', 'M2_stockflow_regimeC', 'M3_AR_residual', 'M4_delayed_info', 'naive_persist']",False,False,1
D2_M1_recovery,11.8,6,"{'M1_autonomous_Schaefer': True, 'M1b_autonomous_Allee': False, 'M2_stockflow_regimeC': False, 'M3_AR_residual': False, 'M4_delayed_info': False}","{'M1_autonomous_Schaefer': False, 'M1b_autonomous_Allee': False, 'M2_stockflow_regimeC': False, 'M3_AR_residual': False, 'M4_delayed_info': False}","[-11.566735476322187, 0.19225762514275202]","{'M1_autonomous_Schaefer': True, 'M1b_autonomous_Allee': False, 'M2_stockflow_regimeC': False, 'M3_AR_residual': False, 'M4_delayed_info': False}","{'M1_autonomous_Schaefer': False, 'M1b_autonomous_Allee': False, 'M2_stockflow_regimeC': False, 'M3_AR_residual': False, 'M4_delayed_info': False}","[-27.54037999012106, 4.174412412330476]","{'M1_autonomous_Schaefer': True, 'M1b_autonomous_Allee': False, 'M2_stockflow_regimeC': False, 'M3_AR_residual': False, 'M4_delayed_info': False}","{'M1_autonomous_Schaefer': False, 'M1b_autonomous_Allee': False, 'M2_stockflow_regimeC': False, 'M3_AR_residual': False, 'M4_delayed_info': False}","{'M1_autonomous_Schaefer': False, 'M1b_autonomous_Allee': False, 'M2_stockflow_regimeC': False, 'M3_AR_residual': False, 'M4_delayed_info': False}",['M4_delayed_info'],"['M1_autonomous_Schaefer', 'M2_stockflow_regimeC', 'M1b_autonomous_Allee', 'M3_AR_residual', 'naive_persist']",False,False,1
D2_M1_recovery,11.8,7,"{'M1_autonomous_Schaefer': True, 'M1b_autonomous_Allee': False, 'M2_stockflow_regimeC': False, 'M3_AR_residual': False, 'M4_delayed_info': False}","{'M1_autonomous_Schaefer': True, 'M1b_autonomous_Allee': False, 'M2_stockflow_regimeC': False, 'M3_AR_residual': False, 'M4_delayed_info': False}","[-15.973696304984482, -1.401698538227936]","{'M1_autonomous_Schaefer': True, 'M1b_autonomous_Allee': False, 'M2_stockflow_regimeC': False, 'M3_AR_residual': False, 'M4_delayed_info': False}","{'M1_autonomous_Schaefer': True, 'M1b_autonomous_Allee': False, 'M2_stockflow_regimeC': False, 'M3_AR_residual': False, 'M4_delayed_info': False}","[-49.26447286384449, -4.801819053834583]","{'M1_autonomous_Schaefer': True, 'M1b_autonomous_Allee': False, 'M2_stockflow_regimeC': False, 'M3_AR_residual': False, 'M4_delayed_info': False}","{'M1_autonomous_Schaefer': True, 'M1b_autonomous_Allee': False, 'M2_stockflow_regimeC': False, 'M3_AR_residual': False, 'M4_delayed_info': False}","{'M1_autonomous_Schaefer': True, 'M1b_autonomous_Allee': False, 'M2_stockflow_regimeC': False, 'M3_AR_residual': False, 'M4_delayed_info': False}",['M4_delayed_info'],"['M1_autonomous_Schaefer', 'M2_stockflow_regimeC', 'M1b_autonomous_Allee', 'naive_persist', 'M3_AR_residual']",False,False,1
D2_M1_recovery,11.8,8,"{'M1_autonomous_Schaefer': True, 'M1b_autonomous_Allee': False, 'M2_stockflow_regimeC': False, 'M3_AR_residual': False, 'M4_delayed_info': False}","{'M1_autonomous_Schaefer': True, 'M1b_autonomous_Allee': False, 'M2_stockflow_regimeC': False, 'M3_AR_residual': False, 'M4_delayed_info': False}","[-12.15842880932404, -0.2237120174760167]","{'M1_autonomous_Schaefer': True, 'M1b_autonomous_Allee': False, 'M2_stockflow_regimeC': False, 'M3_AR_residual': False, 'M4_delayed_info': False}","{'M1_autonomous_Schaefer': True, 'M1b_autonomous_Allee': False, 'M2_stockflow_regimeC': False, 'M3_AR_residual': False, 'M4_delayed_info': False}","[-31.589543067029734, -0.1716905267916128]","{'M1_autonomous_Schaefer': True, 'M1b_autonomous_Allee': False, 'M2_stockflow_regimeC': False, 'M3_AR_residual': False, 'M4_delayed_info': False}","{'M1_autonomous_Schaefer': True, 'M1b_autonomous_Allee': False, 'M2_stockflow_regimeC': False, 'M3_AR_residual': False, 'M4_delayed_info': False}","{'M1_autonomous_Schaefer': True, 'M1b_autonomous_Allee': False, 'M2_stockflow_regimeC': False, 'M3_AR_residual': False, 'M4_delayed_info': False}",['M2_stockflow_regimeC'],"['M1_autonomous_Schaefer', 'naive_persist', 'M1b_autonomous_Allee', 'M4_delayed_info', 'M3_AR_residual']",False,False,1
D2_M1_recovery,11.8,9,"{'M1_autonomous_Schaefer': True, 'M1b_autonomous_Allee': False, 'M2_stockflow_regimeC': False, 'M3_AR_residual': False, 'M4_delayed_info': False}","{'M1_autonomous_Schaefer': True, 'M1b_autonomous_Allee': False, 'M2_stockflow_regimeC': False, 'M3_AR_residual': False, 'M4_delayed_info': False}","[-21.17288391655929, -1.8699451751946872]","{'M1_autonomous_Schaefer': True, 'M1b_autonomous_Allee': False, 'M2_stockflow_regimeC': False, 'M3_AR_residual': False, 'M4_delayed_info': False}","{'M1_autonomous_Schaefer': True, 'M1b_autonomous_Allee': False, 'M2_stockflow_regimeC': False, 'M3_AR_residual': False, 'M4_delayed_info': False}","[-54.28053536222765, -4.467446322371522]","{'M1_autonomous_Schaefer': True, 'M1b_autonomous_Allee': False, 'M2_stockflow_regimeC': False, 'M3_AR_residual': False, 'M4_delayed_info': False}","{'M1_autonomous_Schaefer': True, 'M1b_autonomous_Allee': False, 'M2_stockflow_regimeC': False, 'M3_AR_residual': False, 'M4_delayed_info': False}","{'M1_autonomous_Schaefer': True, 'M1b_autonomous_Allee': False, 'M2_stockflow_regimeC': False, 'M3_AR_residual': False, 'M4_delayed_info': False}",['M3_AR_residual'],"['M1_autonomous_Schaefer', 'M1b_autonomous_Allee', 'M4_delayed_info', 'naive_persist', 'M2_stockflow_regimeC']",False,False,1
D2_M1_recovery,11.8,10,"{'M1_autonomous_Schaefer': True, 'M1b_autonomous_Allee': False, 'M2_stockflow_regimeC': False, 'M3_AR_residual': False, 'M4_delayed_info': False}","{'M1_autonomous_Schaefer': True, 'M1b_autonomous_Allee': False, 'M2_stockflow_regimeC': False, 'M3_AR_residual': False, 'M4_delayed_info': False}","[-23.585347206539346, -3.039292766535094]","{'M1_autonomous_Schaefer': True, 'M1b_autonomous_Allee': True, 'M2_stockflow_regimeC': False, 'M3_AR_residual': False, 'M4_delayed_info': False}","{'M1_autonomous_Schaefer': False, 'M1b_autonomous_Allee': True, 'M2_stockflow_regimeC': False, 'M3_AR_residual': False, 'M4_delayed_info': False}","[-62.4020292734519, 34.58404746148889]","{'M1_autonomous_Schaefer': True, 'M1b_autonomous_Allee': False, 'M2_stockflow_regimeC': False, 'M3_AR_residual': False, 'M4_delayed_info': False}","{'M1_autonomous_Schaefer': False, 'M1b_autonomous_Allee': False, 'M2_stockflow_regimeC': False, 'M3_AR_residual': False, 'M4_delayed_info': False}","{'M1_autonomous_Schaefer': False, 'M1b_autonomous_Allee': False, 'M2_stockflow_regimeC': False, 'M3_AR_residual': False, 'M4_delayed_info': False}",['M4_delayed_info'],"['M1_autonomous_Schaefer', 'naive_persist', 'M2_stockflow_regimeC', 'M3_AR_residual', 'M1b_autonomous_Allee']",False,False,1
D2_M1_recovery,11.8,11,"{'M1_autonomous_Schaefer': True, 'M1b_autonomous_Allee': False, 'M2_stockflow_regimeC': False, 'M3_AR_residual': False, 'M4_delayed_info': False}","{'M1_autonomous_Schaefer': True, 'M1b_autonomous_Allee': False, 'M2_stockflow_regimeC': False, 'M3_AR_residual': False, 'M4_delayed_info': False}","[-20.01724198817258, -1.3768261391409007]","{'M1_autonomous_Schaefer': True, 'M1b_autonomous_Allee': False, 'M2_stockflow_regimeC': False, 'M3_AR_residual': False, 'M4_delayed_info': False}","{'M1_autonomous_Schaefer': True, 'M1b_autonomous_Allee': False, 'M2_stockflow_regimeC': False, 'M3_AR_residual': False, 'M4_delayed_info': False}","[-68.78419595547624, -0.2535799999089065]","{'M1_autonomous_Schaefer': True, 'M1b_autonomous_Allee': False, 'M2_stockflow_regimeC': False, 'M3_AR_residual': False, 'M4_delayed_info': False}","{'M1_autonomous_Schaefer': True, 'M1b_autonomous_Allee': False, 'M2_stockflow_regimeC': False, 'M3_AR_residual': False, 'M4_delayed_info': False}","{'M1_autonomous_Schaefer': True, 'M1b_autonomous_Allee': False, 'M2_stockflow_regimeC': False, 'M3_AR_residual': False, 'M4_delayed_info': False}",['M2_stockflow_regimeC'],"['M1_autonomous_Schaefer', 'naive_persist', 'M1b_autonomous_Allee', 'M3_AR_residual', 'M4_delayed_info']",False,False,1
D2_M1_recovery,11.8,12,"{'M1_autonomous_Schaefer': True, 'M1b_autonomous_Allee': False, 'M2_stockflow_regimeC': False, 'M3_AR_residual': False, 'M4_delayed_info': False}","{'M1_autonomous_Schaefer': False, 'M1b_autonomous_Allee': False, 'M2_stockflow_regimeC': False, 'M3_AR_residual': False, 'M4_delayed_info': False}","[-13.946885531641353, 1.7984048161315478]","{'M1_autonomous_Schaefer': False, 'M1b_autonomous_Allee': False, 'M2_stockflow_regimeC': False, 'M3_AR_residual': False, 'M4_delayed_info': False}","{'M1_autonomous_Schaefer': False, 'M1b_autonomous_Allee': False, 'M2_stockflow_regimeC': False, 'M3_AR_residual': False, 'M4_delayed_info': False}","[-36.085707997659114, 47.26426709218827]","{'M1_autonomous_Schaefer': False, 'M1b_autonomous_Allee': False, 'M2_stockflow_regimeC': False, 'M3_AR_residual': False, 'M4_delayed_info': False}","{'M1_autonomous_Schaefer': False, 'M1b_autonomous_Allee': False, 'M2_stockflow_regimeC': False, 'M3_AR_residual': False, 'M4_delayed_info': False}","{'M1_autonomous_Schaefer': False, 'M1b_autonomous_Allee': False, 'M2_stockflow_regimeC': False, 'M3_AR_residual': False, 'M4_delayed_info': False}",['M2_stockflow_regimeC'],"['M1_autonomous_Schaefer', 'M4_delayed_info', 'M1b_autonomous_Allee', 'M3_AR_residual', 'naive_persist']",False,False,1
D2_M1_recovery,11.8,13,"{'M1_autonomous_Schaefer': True, 'M1b_autonomous_Allee': False, 'M2_stockflow_regimeC': False, 'M3_AR_residual': False, 'M4_delayed_info': False}","{'M1_autonomous_Schaefer': True, 'M1b_autonomous_Allee': False, 'M2_stockflow_regimeC': False, 'M3_AR_residual': False, 'M4_delayed_info': False}","[-17.512908517167602, -0.7614609093906602]","{'M1_autonomous_Schaefer': True, 'M1b_autonomous_Allee': False, 'M2_stockflow_regimeC': False, 'M3_AR_residual': False, 'M4_delayed_info': False}","{'M1_autonomous_Schaefer': True, 'M1b_autonomous_Allee': False, 'M2_stockflow_regimeC': False, 'M3_AR_residual': False, 'M4_delayed_info': False}","[-58.72779548936996, -0.5074178509371337]","{'M1_autonomous_Schaefer': True, 'M1b_autonomous_Allee': False, 'M2_stockflow_regimeC': False, 'M3_AR_residual': False, 'M4_delayed_info': False}","{'M1_autonomous_Schaefer': True, 'M1b_autonomous_Allee': False, 'M2_stockflow_regimeC': False, 'M3_AR_residual': False, 'M4_delayed_info': False}","{'M1_autonomous_Schaefer': True, 'M1b_autonomous_Allee': False, 'M2_stockflow_regimeC': False, 'M3_AR_residual': False, 'M4_delayed_info': False}",['M3_AR_residual'],"['M1_autonomous_Schaefer', 'M1b_autonomous_Allee', 'naive_persist', 'M4_delayed_info', 'M2_stockflow_regimeC']",False,False,1
D2_M1_recovery,11.8,14,"{'M1_autonomous_Schaefer': True, 'M1b_autonomous_Allee': False, 'M2_stockflow_regimeC': False, 'M3_AR_residual': False, 'M4_delayed_info': False}","{'M1_autonomous_Schaefer': False, 'M1b_autonomous_Allee': False, 'M2_stockflow_regimeC': False, 'M3_AR_residual': False, 'M4_delayed_info': False}","[-19.854692281175492, 0.6353414519510144]","{'M1_autonomous_Schaefer': True, 'M1b_autonomous_Allee': False, 'M2_stockflow_regimeC': False, 'M3_AR_residual': False, 'M4_delayed_info': False}","{'M1_autonomous_Schaefer': True, 'M1b_autonomous_Allee': False, 'M2_stockflow_regimeC': False, 'M3_AR_residual': False, 'M4_delayed_info': False}","[-64.71286883990251, -6.757046776791856]","{'M1_autonomous_Schaefer': True, 'M1b_autonomous_Allee': False, 'M2_stockflow_regimeC': False, 'M3_AR_residual': False, 'M4_delayed_info': False}","{'M1_autonomous_Schaefer': False, 'M1b_autonomous_Allee': False, 'M2_stockflow_regimeC': False, 'M3_AR_residual': False, 'M4_delayed_info': False}","{'M1_autonomous_Schaefer': False, 'M1b_autonomous_Allee': False, 'M2_stockflow_regimeC': False, 'M3_AR_residual': False, 'M4_delayed_info': False}",['M4_delayed_info'],"['M1_autonomous_Schaefer', 'M1b_autonomous_Allee', 'M2_stockflow_regimeC', 'naive_persist', 'M3_AR_residual']",False,False,1
D2_M1_recovery,11.8,15,"{'M1_autonomous_Schaefer': True, 'M1b_autonomous_Allee': False, 'M2_stockflow_regimeC': False, 'M3_AR_residual': False, 'M4_delayed_info': False}","{'M1_autonomous_Schaefer': True, 'M1b_autonomous_Allee': False, 'M2_stockflow_regimeC': False, 'M3_AR_residual': False, 'M4_delayed_info': False}","[-9.43421102137768, -0.45226455659775355]","{'M1_autonomous_Schaefer': True, 'M1b_autonomous_Allee': False, 'M2_stockflow_regimeC': False, 'M3_AR_residual': False, 'M4_delayed_info': False}","{'M1_autonomous_Schaefer': False, 'M1b_autonomous_Allee': False, 'M2_stockflow_regimeC': False, 'M3_AR_residual': False, 'M4_delayed_info': False}","[-23.616486778354236, 1.7689338276732876]","{'M1_autonomous_Schaefer': True, 'M1b_autonomous_Allee': False, 'M2_stockflow_regimeC': False, 'M3_AR_residual': False, 'M4_delayed_info': False}","{'M1_autonomous_Schaefer': False, 'M1b_autonomous_Allee': False, 'M2_stockflow_regimeC': False, 'M3_AR_residual': False, 'M4_delayed_info': False}","{'M1_autonomous_Schaefer': False, 'M1b_autonomous_Allee': False, 'M2_stockflow_regimeC': False, 'M3_AR_residual': False, 'M4_delayed_info': False}",['naive_persist'],"['M1_autonomous_Schaefer', 'M4_delayed_info', 'M2_stockflow_regimeC', 'M3_AR_residual', 'M1b_autonomous_Allee']",False,True,1
D2_M1_recovery,11.8,16,"{'M1_autonomous_Schaefer': True, 'M1b_autonomous_Allee': False, 'M2_stockflow_regimeC': False, 'M3_AR_residual': False, 'M4_delayed_info': False}","{'M1_autonomous_Schaefer': False, 'M1b_autonomous_Allee': False, 'M2_stockflow_regimeC': False, 'M3_AR_residual': False, 'M4_delayed_info': False}","[-6.040545342849361, 1.1970823766086516]","{'M1_autonomous_Schaefer': True, 'M1b_autonomous_Allee': False, 'M2_stockflow_regimeC': False, 'M3_AR_residual': False, 'M4_delayed_info': False}","{'M1_autonomous_Schaefer': False, 'M1b_autonomous_Allee': False, 'M2_stockflow_regimeC': False, 'M3_AR_residual': False, 'M4_delayed_info': False}","[-17.158719623605915, 7.956854758145344]","{'M1_autonomous_Schaefer': True, 'M1b_autonomous_Allee': False, 'M2_stockflow_regimeC': False, 'M3_AR_residual': False, 'M4_delayed_info': False}","{'M1_autonomous_Schaefer': False, 'M1b_autonomous_Allee': False, 'M2_stockflow_regimeC': False, 'M3_AR_residual': False, 'M4_delayed_info': False}","{'M1_autonomous_Schaefer': False, 'M1b_autonomous_Allee': False, 'M2_stockflow_regimeC': False, 'M3_AR_residual': False, 'M4_delayed_info': False}",['M4_delayed_info'],"['M1_autonomous_Schaefer', 'M2_stockflow_regimeC', 'M3_AR_residual', 'M1b_autonomous_Allee', 'naive_persist']",False,False,1
D2_M1_recovery,11.8,17,"{'M1_autonomous_Schaefer': True, 'M1b_autonomous_Allee': False, 'M2_stockflow_regimeC': False, 'M3_AR_residual': False, 'M4_delayed_info': False}","{'M1_autonomous_Schaefer': True, 'M1b_autonomous_Allee': False, 'M2_stockflow_regimeC': False, 'M3_AR_residual': False, 'M4_delayed_info': False}","[-16.838122333869705, -0.20388866545921686]","{'M1_autonomous_Schaefer': True, 'M1b_autonomous_Allee': False, 'M2_stockflow_regimeC': False, 'M3_AR_residual': False, 'M4_delayed_info': True}","{'M1_autonomous_Schaefer': False, 'M1b_autonomous_Allee': False, 'M2_stockflow_regimeC': False, 'M3_AR_residual': False, 'M4_delayed_info': False}","[-74.70475487164727, 12.14923223096476]","{'M1_autonomous_Schaefer': True, 'M1b_autonomous_Allee': False, 'M2_stockflow_regimeC': False, 'M3_AR_residual': False, 'M4_delayed_info': False}","{'M1_autonomous_Schaefer': False, 'M1b_autonomous_Allee': False, 'M2_stockflow_regimeC': False, 'M3_AR_residual': False, 'M4_delayed_info': False}","{'M1_autonomous_Schaefer': False, 'M1b_autonomous_Allee': False, 'M2_stockflow_regimeC': False, 'M3_AR_residual': False, 'M4_delayed_info': False}",['naive_persist'],"['M1_autonomous_Schaefer', 'M2_stockflow_regimeC', 'M3_AR_residual', 'M4_delayed_info', 'M1b_autonomous_Allee']",False,True,1
D2_M1_recovery,11.8,18,"{'M1_autonomous_Schaefer': True, 'M1b_autonomous_Allee': False, 'M2_stockflow_regimeC': False, 'M3_AR_residual': False, 'M4_delayed_info': False}","{'M1_autonomous_Schaefer': False, 'M1b_autonomous_Allee': False, 'M2_stockflow_regimeC': False, 'M3_AR_residual': False, 'M4_delayed_info': False}","[-12.159611913257573, 0.7885950993589129]","{'M1_autonomous_Schaefer': True, 'M1b_autonomous_Allee': False, 'M2_stockflow_regimeC': False, 'M3_AR_residual': False, 'M4_delayed_info': False}","{'M1_autonomous_Schaefer': False, 'M1b_autonomous_Allee': False, 'M2_stockflow_regimeC': False, 'M3_AR_residual': False, 'M4_delayed_info': False}","[-46.62689264429658, 0.666466372510509]","{'M1_autonomous_Schaefer': True, 'M1b_autonomous_Allee': False, 'M2_stockflow_regimeC': False, 'M3_AR_residual': False, 'M4_delayed_info': False}","{'M1_autonomous_Schaefer': False, 'M1b_autonomous_Allee': False, 'M2_stockflow_regimeC': False, 'M3_AR_residual': False, 'M4_delayed_info': False}","{'M1_autonomous_Schaefer': False, 'M1b_autonomous_Allee': False, 'M2_stockflow_regimeC': False, 'M3_AR_residual': False, 'M4_delayed_info': False}",['M4_delayed_info'],"['M1_autonomous_Schaefer', 'M2_stockflow_regimeC', 'M3_AR_residual', 'M1b_autonomous_Allee', 'naive_persist']",False,False,1
D2_M1_recovery,11.8,19,"{'M1_autonomous_Schaefer': True, 'M1b_autonomous_Allee': False, 'M2_stockflow_regimeC': False, 'M3_AR_residual': False, 'M4_delayed_info': False}","{'M1_autonomous_Schaefer': False, 'M1b_autonomous_Allee': False, 'M2_stockflow_regimeC': False, 'M3_AR_residual': False, 'M4_delayed_info': False}","[-15.310682654929115, 0.5045047506869711]","{'M1_autonomous_Schaefer': False, 'M1b_autonomous_Allee': True, 'M2_stockflow_regimeC': False, 'M3_AR_residual': False, 'M4_delayed_info': False}","{'M1_autonomous_Schaefer': False, 'M1b_autonomous_Allee': False, 'M2_stockflow_regimeC': False, 'M3_AR_residual': False, 'M4_delayed_info': False}","[-15.975834210845226, 28.654445112645355]","{'M1_autonomous_Schaefer': False, 'M1b_autonomous_Allee': False, 'M2_stockflow_regimeC': False, 'M3_AR_residual': False, 'M4_delayed_info': False}","{'M1_autonomous_Schaefer': False, 'M1b_autonomous_Allee': False, 'M2_stockflow_regimeC': False, 'M3_AR_residual': False, 'M4_delayed_info': False}","{'M1_autonomous_Schaefer': False, 'M1b_autonomous_Allee': False, 'M2_stockflow_regimeC': False, 'M3_AR_residual': False, 'M4_delayed_info': False}",['M2_stockflow_regimeC'],"['M1_autonomous_Schaefer', 'naive_persist', 'M1b_autonomous_Allee', 'M4_delayed_info', 'M3_AR_residual']",False,False,1
D2_M1_recovery,11.8,20,"{'M1_autonomous_Schaefer': True, 'M1b_autonomous_Allee': False, 'M2_stockflow_regimeC': False, 'M3_AR_residual': False, 'M4_delayed_info': False}","{'M1_autonomous_Schaefer': True, 'M1b_autonomous_Allee': False, 'M2_stockflow_regimeC': False, 'M3_AR_residual': False, 'M4_delayed_info': False}","[-26.941278325953814, -2.396148379638934]","{'M1_autonomous_Schaefer': True, 'M1b_autonomous_Allee': False, 'M2_stockflow_regimeC': False, 'M3_AR_residual': False, 'M4_delayed_info': False}","{'M1_autonomous_Schaefer': True, 'M1b_autonomous_Allee': False, 'M2_stockflow_regimeC': False, 'M3_AR_residual': False, 'M4_delayed_info': False}","[-131.16027298788313, -24.8700076812707]","{'M1_autonomous_Schaefer': True, 'M1b_autonomous_Allee': False, 'M2_stockflow_regimeC': False, 'M3_AR_residual': False, 'M4_delayed_info': False}","{'M1_autonomous_Schaefer': True, 'M1b_autonomous_Allee': False, 'M2_stockflow_regimeC': False, 'M3_AR_residual': False, 'M4_delayed_info': False}","{'M1_autonomous_Schaefer': True, 'M1b_autonomous_Allee': False, 'M2_stockflow_regimeC': False, 'M3_AR_residual': False, 'M4_delayed_info': False}",['M2_stockflow_regimeC'],"['M1_autonomous_Schaefer', 'M1b_autonomous_Allee', 'naive_persist', 'M4_delayed_info', 'M3_AR_residual']",False,False,1
D2_M1_recovery,11.8,21,"{'M1_autonomous_Schaefer': True, 'M1b_autonomous_Allee': False, 'M2_stockflow_regimeC': False, 'M3_AR_residual': False, 'M4_delayed_info': False}","{'M1_autonomous_Schaefer': False, 'M1b_autonomous_Allee': False, 'M2_stockflow_regimeC': False, 'M3_AR_residual': False, 'M4_delayed_info': False}","[-15.519463575902858, 3.603585095657124]","{'M1_autonomous_Schaefer': True, 'M1b_autonomous_Allee': False, 'M2_stockflow_regimeC': False, 'M3_AR_residual': False, 'M4_delayed_info': False}","{'M1_autonomous_Schaefer': False, 'M1b_autonomous_Allee': False, 'M2_stockflow_regimeC': False, 'M3_AR_residual': False, 'M4_delayed_info': False}","[-54.97135115910197, 6.670649493147263]","{'M1_autonomous_Schaefer': True, 'M1b_autonomous_Allee': False, 'M2_stockflow_regimeC': False, 'M3_AR_residual': False, 'M4_delayed_info': False}","{'M1_autonomous_Schaefer': False, 'M1b_autonomous_Allee': False, 'M2_stockflow_regimeC': False, 'M3_AR_residual': False, 'M4_delayed_info': False}","{'M1_autonomous_Schaefer': False, 'M1b_autonomous_Allee': False, 'M2_stockflow_regimeC': False, 'M3_AR_residual': False, 'M4_delayed_info': False}",['M2_stockflow_regimeC'],"['M1_autonomous_Schaefer', 'M1b_autonomous_Allee', 'M4_delayed_info', 'naive_persist', 'M3_AR_residual']",False,False,1
D2_M1_recovery,11.8,22,"{'M1_autonomous_Schaefer': True, 'M1b_autonomous_Allee': False, 'M2_stockflow_regimeC': False, 'M3_AR_residual': False, 'M4_delayed_info': False}","{'M1_autonomous_Schaefer': False, 'M1b_autonomous_Allee': False, 'M2_stockflow_regimeC': False, 'M3_AR_residual': False, 'M4_delayed_info': False}","[-20.935582223638065, 1.2009581148062676]","{'M1_autonomous_Schaefer': True, 'M1b_autonomous_Allee': True, 'M2_stockflow_regimeC': False, 'M3_AR_residual': False, 'M4_delayed_info': False}","{'M1_autonomous_Schaefer': False, 'M1b_autonomous_Allee': False, 'M2_stockflow_regimeC': False, 'M3_AR_residual': False, 'M4_delayed_info': False}","[-38.79987084987625, 11.953734785441506]","{'M1_autonomous_Schaefer': True, 'M1b_autonomous_Allee': False, 'M2_stockflow_regimeC': False, 'M3_AR_residual': False, 'M4_delayed_info': False}","{'M1_autonomous_Schaefer': False, 'M1b_autonomous_Allee': False, 'M2_stockflow_regimeC': False, 'M3_AR_residual': False, 'M4_delayed_info': False}","{'M1_autonomous_Schaefer': False, 'M1b_autonomous_Allee': False, 'M2_stockflow_regimeC': False, 'M3_AR_residual': False, 'M4_delayed_info': False}",['M1b_autonomous_Allee'],"['M1_autonomous_Schaefer', 'M2_stockflow_regimeC', 'M3_AR_residual', 'M4_delayed_info', 'naive_persist']",False,False,1
D2_M1_recovery,11.8,23,"{'M1_autonomous_Schaefer': True, 'M1b_autonomous_Allee': False, 'M2_stockflow_regimeC': False, 'M3_AR_residual': False, 'M4_delayed_info': False}","{'M1_autonomous_Schaefer': False, 'M1b_autonomous_Allee': False, 'M2_stockflow_regimeC': False, 'M3_AR_residual': False, 'M4_delayed_info': False}","[-19.34339877047223, 0.40316775193876087]","{'M1_autonomous_Schaefer': True, 'M1b_autonomous_Allee': False, 'M2_stockflow_regimeC': False, 'M3_AR_residual': False, 'M4_delayed_info': False}","{'M1_autonomous_Schaefer': False, 'M1b_autonomous_Allee': False, 'M2_stockflow_regimeC': False, 'M3_AR_residual': False, 'M4_delayed_info': False}","[-68.93247949450499, 3.9101815240272724]","{'M1_autonomous_Schaefer': True, 'M1b_autonomous_Allee': False, 'M2_stockflow_regimeC': False, 'M3_AR_residual': False, 'M4_delayed_info': False}","{'M1_autonomous_Schaefer': False, 'M1b_autonomous_Allee': False, 'M2_stockflow_regimeC': False, 'M3_AR_residual': False, 'M4_delayed_info': False}","{'M1_autonomous_Schaefer': False, 'M1b_autonomous_Allee': False, 'M2_stockflow_regimeC': False, 'M3_AR_residual': False, 'M4_delayed_info': False}",['M1b_autonomous_Allee'],"['M1_autonomous_Schaefer', 'M4_delayed_info', 'M2_stockflow_regimeC', 'M3_AR_residual', 'naive_persist']",False,False,1
D2_M1_recovery,11.8,24,"{'M1_autonomous_Schaefer': True, 'M1b_autonomous_Allee': False, 'M2_stockflow_regimeC': False, 'M3_AR_residual': False, 'M4_delayed_info': False}","{'M1_autonomous_Schaefer': True, 'M1b_autonomous_Allee': False, 'M2_stockflow_regimeC': False, 'M3_AR_residual': False, 'M4_delayed_info': False}","[-18.720438951119288, -0.7403041004203417]","{'M1_autonomous_Schaefer': True, 'M1b_autonomous_Allee': False, 'M2_stockflow_regimeC': False, 'M3_AR_residual': False, 'M4_delayed_info': False}","{'M1_autonomous_Schaefer': False, 'M1b_autonomous_Allee': False, 'M2_stockflow_regimeC': False, 'M3_AR_residual': False, 'M4_delayed_info': False}","[-49.83006180748965, 2.208329997228563]","{'M1_autonomous_Schaefer': True, 'M1b_autonomous_Allee': False, 'M2_stockflow_regimeC': False, 'M3_AR_residual': False, 'M4_delayed_info': False}","{'M1_autonomous_Schaefer': False, 'M1b_autonomous_Allee': False, 'M2_stockflow_regimeC': False, 'M3_AR_residual': False, 'M4_delayed_info': False}","{'M1_autonomous_Schaefer': False, 'M1b_autonomous_Allee': False, 'M2_stockflow_regimeC': False, 'M3_AR_residual': False, 'M4_delayed_info': False}",['M4_delayed_info'],"['M1_autonomous_Schaefer', 'naive_persist', 'M1b_autonomous_Allee', 'M3_AR_residual', 'M2_stockflow_regimeC']",False,False,1
D2_M1_recovery,33.8,0,"{'M1_autonomous_Schaefer': False, 'M1b_autonomous_Allee': True, 'M2_stockflow_regimeC': False, 'M3_AR_residual': False, 'M4_delayed_info': False}","{'M1_autonomous_Schaefer': False, 'M1b_autonomous_Allee': False, 'M2_stockflow_regimeC': False, 'M3_AR_residual': False, 'M4_delayed_info': False}","[-2.818373503092049, 11.711476544430688]","{'M1_autonomous_Schaefer': False, 'M1b_autonomous_Allee': True, 'M2_stockflow_regimeC': False, 'M3_AR_residual': False, 'M4_delayed_info': False}","{'M1_autonomous_Schaefer': False, 'M1b_autonomous_Allee': False, 'M2_stockflow_regimeC': False, 'M3_AR_residual': False, 'M4_delayed_info': False}","[-16.10163326672868, 257.8482584931661]","{'M1_autonomous_Schaefer': False, 'M1b_autonomous_Allee': True, 'M2_stockflow_regimeC': False, 'M3_AR_residual': False, 'M4_delayed_info': False}","{'M1_autonomous_Schaefer': False, 'M1b_autonomous_Allee': False, 'M2_stockflow_regimeC': False, 'M3_AR_residual': False, 'M4_delayed_info': False}","{'M1_autonomous_Schaefer': False, 'M1b_autonomous_Allee': False, 'M2_stockflow_regimeC': False, 'M3_AR_residual': False, 'M4_delayed_info': False}",['M1b_autonomous_Allee'],"['M1_autonomous_Schaefer', 'M4_delayed_info', 'M3_AR_residual', 'M2_stockflow_regimeC', 'naive_persist']",False,False,1
D2_M1_recovery,33.8,1,"{'M1_autonomous_Schaefer': False, 'M1b_autonomous_Allee': False, 'M2_stockflow_regimeC': False, 'M3_AR_residual': False, 'M4_delayed_info': False}","{'M1_autonomous_Schaefer': False, 'M1b_autonomous_Allee': False, 'M2_stockflow_regimeC': False, 'M3_AR_residual': False, 'M4_delayed_info': False}","[-7.24010469500824, 9.73203024903646]","{'M1_autonomous_Schaefer': False, 'M1b_autonomous_Allee': True, 'M2_stockflow_regimeC': False, 'M3_AR_residual': False, 'M4_delayed_info': False}","{'M1_autonomous_Schaefer': False, 'M1b_autonomous_Allee': True, 'M2_stockflow_regimeC': False, 'M3_AR_residual': False, 'M4_delayed_info': False}","[-20.60027698291671, 415.9246348680111]","{'M1_autonomous_Schaefer': False, 'M1b_autonomous_Allee': False, 'M2_stockflow_regimeC': False, 'M3_AR_residual': False, 'M4_delayed_info': False}","{'M1_autonomous_Schaefer': False, 'M1b_autonomous_Allee': False, 'M2_stockflow_regimeC': False, 'M3_AR_residual': False, 'M4_delayed_info': False}","{'M1_autonomous_Schaefer': False, 'M1b_autonomous_Allee': False, 'M2_stockflow_regimeC': False, 'M3_AR_residual': False, 'M4_delayed_info': False}",['naive_persist'],"['M1_autonomous_Schaefer', 'M4_delayed_info', 'M3_AR_residual', 'M1b_autonomous_Allee', 'M2_stockflow_regimeC']",False,True,1
D2_M1_recovery,33.8,2,"{'M1_autonomous_Schaefer': False, 'M1b_autonomous_Allee': False, 'M2_stockflow_regimeC': False, 'M3_AR_residual': False, 'M4_delayed_info': True}","{'M1_autonomous_Schaefer': False, 'M1b_autonomous_Allee': False, 'M2_stockflow_regimeC': False, 'M3_AR_residual': False, 'M4_delayed_info': False}","[-3.9730820623273595, 7.630717033360924]","{'M1_autonomous_Schaefer': False, 'M1b_autonomous_Allee': False, 'M2_stockflow_regimeC': False, 'M3_AR_residual': False, 'M4_delayed_info': False}","{'M1_autonomous_Schaefer': False, 'M1b_autonomous_Allee': False, 'M2_stockflow_regimeC': False, 'M3_AR_residual': False, 'M4_delayed_info': False}","[-42.85760502225937, 107.84667490502024]","{'M1_autonomous_Schaefer': False, 'M1b_autonomous_Allee': False, 'M2_stockflow_regimeC': False, 'M3_AR_residual': False, 'M4_delayed_info': False}","{'M1_autonomous_Schaefer': False, 'M1b_autonomous_Allee': False, 'M2_stockflow_regimeC': False, 'M3_AR_residual': False, 'M4_delayed_info': False}","{'M1_autonomous_Schaefer': False, 'M1b_autonomous_Allee': False, 'M2_stockflow_regimeC': False, 'M3_AR_residual': False, 'M4_delayed_info': False}",['M4_delayed_info'],"['M1_autonomous_Schaefer', 'M1b_autonomous_Allee', 'M2_stockflow_regimeC', 'naive_persist', 'M3_AR_residual']",False,False,1
D2_M1_recovery,33.8,3,"{'M1_autonomous_Schaefer': True, 'M1b_autonomous_Allee': False, 'M2_stockflow_regimeC': False, 'M3_AR_residual': False, 'M4_delayed_info': False}","{'M1_autonomous_Schaefer': False, 'M1b_autonomous_Allee': False, 'M2_stockflow_regimeC': False, 'M3_AR_residual': False, 'M4_delayed_info': False}","[-7.383307035224201, 2.9834933914632624]","{'M1_autonomous_Schaefer': False, 'M1b_autonomous_Allee': False, 'M2_stockflow_regimeC': False, 'M3_AR_residual': False, 'M4_delayed_info': True}","{'M1_autonomous_Schaefer': False, 'M1b_autonomous_Allee': False, 'M2_stockflow_regimeC': False, 'M3_AR_residual': False, 'M4_delayed_info': False}","[-35.58109645279179, 42.583789492593645]","{'M1_autonomous_Schaefer': False, 'M1b_autonomous_Allee': False, 'M2_stockflow_regimeC': False, 'M3_AR_residual': False, 'M4_delayed_info': False}","{'M1_autonomous_Schaefer': False, 'M1b_autonomous_Allee': False, 'M2_stockflow_regimeC': False, 'M3_AR_residual': False, 'M4_delayed_info': False}","{'M1_autonomous_Schaefer': False, 'M1b_autonomous_Allee': False, 'M2_stockflow_regimeC': False, 'M3_AR_residual': False, 'M4_delayed_info': False}",['naive_persist'],"['M1_autonomous_Schaefer', 'M1b_autonomous_Allee', 'M2_stockflow_regimeC', 'M3_AR_residual', 'M4_delayed_info']",False,True,1
D2_M1_recovery,33.8,4,"{'M1_autonomous_Schaefer': False, 'M1b_autonomous_Allee': False, 'M2_stockflow_regimeC': False, 'M3_AR_residual': False, 'M4_delayed_info': False}","{'M1_autonomous_Schaefer': False, 'M1b_autonomous_Allee': False, 'M2_stockflow_regimeC': False, 'M3_AR_residual': False, 'M4_delayed_info': False}","[-6.611786966902361, 6.0565181469222615]","{'M1_autonomous_Schaefer': False, 'M1b_autonomous_Allee': False, 'M2_stockflow_regimeC': False, 'M3_AR_residual': False, 'M4_delayed_info': False}","{'M1_autonomous_Schaefer': False, 'M1b_autonomous_Allee': False, 'M2_stockflow_regimeC': False, 'M3_AR_residual': False, 'M4_delayed_info': False}","[-15.185910467672946, 13.60345486482821]","{'M1_autonomous_Schaefer': False, 'M1b_autonomous_Allee': False, 'M2_stockflow_regimeC': False, 'M3_AR_residual': False, 'M4_delayed_info': False}","{'M1_autonomous_Schaefer': False, 'M1b_autonomous_Allee': False, 'M2_stockflow_regimeC': False, 'M3_AR_residual': False, 'M4_delayed_info': False}","{'M1_autonomous_Schaefer': False, 'M1b_autonomous_Allee': False, 'M2_stockflow_regimeC': False, 'M3_AR_residual': False, 'M4_delayed_info': False}",['naive_persist'],"['M1_autonomous_Schaefer', 'M3_AR_residual', 'M4_delayed_info', 'M1b_autonomous_Allee', 'M2_stockflow_regimeC']",False,True,1
D2_M1_recovery,33.8,5,"{'M1_autonomous_Schaefer': False, 'M1b_autonomous_Allee': False, 'M2_stockflow_regimeC': False, 'M3_AR_residual': False, 'M4_delayed_info': False}","{'M1_autonomous_Schaefer': False, 'M1b_autonomous_Allee': False, 'M2_stockflow_regimeC': False, 'M3_AR_residual': False, 'M4_delayed_info': False}","[-4.37895724936962, 17.441693176369103]","{'M1_autonomous_Schaefer': False, 'M1b_autonomous_Allee': False, 'M2_stockflow_regimeC': False, 'M3_AR_residual': False, 'M4_delayed_info': False}","{'M1_autonomous_Schaefer': False, 'M1b_autonomous_Allee': False, 'M2_stockflow_regimeC': False, 'M3_AR_residual': False, 'M4_delayed_info': False}","[-19.978484437253332, 75.63316297373305]","{'M1_autonomous_Schaefer': False, 'M1b_autonomous_Allee': False, 'M2_stockflow_regimeC': False, 'M3_AR_residual': False, 'M4_delayed_info': False}","{'M1_autonomous_Schaefer': False, 'M1b_autonomous_Allee': False, 'M2_stockflow_regimeC': False, 'M3_AR_residual': False, 'M4_delayed_info': False}","{'M1_autonomous_Schaefer': False, 'M1b_autonomous_Allee': False, 'M2_stockflow_regimeC': False, 'M3_AR_residual': False, 'M4_delayed_info': False}",['M2_stockflow_regimeC'],"['M1_autonomous_Schaefer', 'M1b_autonomous_Allee', 'naive_persist', 'M3_AR_residual', 'M4_delayed_info']",False,False,1
D2_M1_recovery,33.8,6,"{'M1_autonomous_Schaefer': False, 'M1b_autonomous_Allee': False, 'M2_stockflow_regimeC': False, 'M3_AR_residual': False, 'M4_delayed_info': False}","{'M1_autonomous_Schaefer': False, 'M1b_autonomous_Allee': False, 'M2_stockflow_regimeC': False, 'M3_AR_residual': False, 'M4_delayed_info': False}","[-4.12796888438881, 3.83928045486186]","{'M1_autonomous_Schaefer': False, 'M1b_autonomous_Allee': False, 'M2_stockflow_regimeC': False, 'M3_AR_residual': False, 'M4_delayed_info': False}","{'M1_autonomous_Schaefer': False, 'M1b_autonomous_Allee': False, 'M2_stockflow_regimeC': False, 'M3_AR_residual': False, 'M4_delayed_info': False}","[-5.758216383514738, 103.63190117617984]","{'M1_autonomous_Schaefer': False, 'M1b_autonomous_Allee': False, 'M2_stockflow_regimeC': False, 'M3_AR_residual': False, 'M4_delayed_info': False}","{'M1_autonomous_Schaefer': False, 'M1b_autonomous_Allee': False, 'M2_stockflow_regimeC': False, 'M3_AR_residual': False, 'M4_delayed_info': False}","{'M1_autonomous_Schaefer': False, 'M1b_autonomous_Allee': False, 'M2_stockflow_regimeC': False, 'M3_AR_residual': False, 'M4_delayed_info': False}",['naive_persist'],"['M1_autonomous_Schaefer', 'M4_delayed_info', 'M1b_autonomous_Allee', 'M3_AR_residual', 'M2_stockflow_regimeC']",False,True,1
D2_M1_recovery,33.8,7,"{'M1_autonomous_Schaefer': False, 'M1b_autonomous_Allee': False, 'M2_stockflow_regimeC': False, 'M3_AR_residual': False, 'M4_delayed_info': False}","{'M1_autonomous_Schaefer': False, 'M1b_autonomous_Allee': False, 'M2_stockflow_regimeC': False, 'M3_AR_residual': False, 'M4_delayed_info': False}","[-6.765084714595816, 7.469130311384019]","{'M1_autonomous_Schaefer': True, 'M1b_autonomous_Allee': False, 'M2_stockflow_regimeC': False, 'M3_AR_residual': False, 'M4_delayed_info': False}","{'M1_autonomous_Schaefer': False, 'M1b_autonomous_Allee': False, 'M2_stockflow_regimeC': False, 'M3_AR_residual': False, 'M4_delayed_info': False}","[-16.08240982062351, 21.562630906910517]","{'M1_autonomous_Schaefer': False, 'M1b_autonomous_Allee': False, 'M2_stockflow_regimeC': False, 'M3_AR_residual': False, 'M4_delayed_info': False}","{'M1_autonomous_Schaefer': False, 'M1b_autonomous_Allee': False, 'M2_stockflow_regimeC': False, 'M3_AR_residual': False, 'M4_delayed_info': False}","{'M1_autonomous_Schaefer': False, 'M1b_autonomous_Allee': False, 'M2_stockflow_regimeC': False, 'M3_AR_residual': False, 'M4_delayed_info': False}",['M2_stockflow_regimeC'],"['M1_autonomous_Schaefer', 'M4_delayed_info', 'M1b_autonomous_Allee', 'M3_AR_residual', 'naive_persist']",False,False,1
D2_M1_recovery,33.8,8,"{'M1_autonomous_Schaefer': False, 'M1b_autonomous_Allee': False, 'M2_stockflow_regimeC': False, 'M3_AR_residual': False, 'M4_delayed_info': False}","{'M1_autonomous_Schaefer': False, 'M1b_autonomous_Allee': False, 'M2_stockflow_regimeC': False, 'M3_AR_residual': False, 'M4_delayed_info': False}","[-0.7313288335919741, 13.910996440631264]","{'M1_autonomous_Schaefer': False, 'M1b_autonomous_Allee': False, 'M2_stockflow_regimeC': False, 'M3_AR_residual': False, 'M4_delayed_info': False}","{'M1_autonomous_Schaefer': False, 'M1b_autonomous_Allee': False, 'M2_stockflow_regimeC': False, 'M3_AR_residual': False, 'M4_delayed_info': False}","[-10.616334043333008, 45.31373570758654]","{'M1_autonomous_Schaefer': False, 'M1b_autonomous_Allee': False, 'M2_stockflow_regimeC': False, 'M3_AR_residual': False, 'M4_delayed_info': False}","{'M1_autonomous_Schaefer': False, 'M1b_autonomous_Allee': False, 'M2_stockflow_regimeC': False, 'M3_AR_residual': False, 'M4_delayed_info': False}","{'M1_autonomous_Schaefer': False, 'M1b_autonomous_Allee': False, 'M2_stockflow_regimeC': False, 'M3_AR_residual': False, 'M4_delayed_info': False}",['M1b_autonomous_Allee'],"['M1_autonomous_Schaefer', 'naive_persist', 'M2_stockflow_regimeC', 'M3_AR_residual', 'M4_delayed_info']",False,False,1
D2_M1_recovery,33.8,9,"{'M1_autonomous_Schaefer': False, 'M1b_autonomous_Allee': False, 'M2_stockflow_regimeC': False, 'M3_AR_residual': False, 'M4_delayed_info': False}","{'M1_autonomous_Schaefer': False, 'M1b_autonomous_Allee': False, 'M2_stockflow_regimeC': False, 'M3_AR_residual': False, 'M4_delayed_info': False}","[-3.644742021191047, 4.088619703411776]","{'M1_autonomous_Schaefer': True, 'M1b_autonomous_Allee': False, 'M2_stockflow_regimeC': False, 'M3_AR_residual': False, 'M4_delayed_info': False}","{'M1_autonomous_Schaefer': False, 'M1b_autonomous_Allee': False, 'M2_stockflow_regimeC': False, 'M3_AR_residual': False, 'M4_delayed_info': False}","[-17.99659991651207, 0.4135721982465216]","{'M1_autonomous_Schaefer': False, 'M1b_autonomous_Allee': False, 'M2_stockflow_regimeC': False, 'M3_AR_residual': False, 'M4_delayed_info': False}","{'M1_autonomous_Schaefer': False, 'M1b_autonomous_Allee': False, 'M2_stockflow_regimeC': False, 'M3_AR_residual': False, 'M4_delayed_info': False}","{'M1_autonomous_Schaefer': False, 'M1b_autonomous_Allee': False, 'M2_stockflow_regimeC': False, 'M3_AR_residual': False, 'M4_delayed_info': False}",['naive_persist'],"['M1_autonomous_Schaefer', 'M4_delayed_info', 'M1b_autonomous_Allee', 'M3_AR_residual', 'M2_stockflow_regimeC']",False,True,1
D2_M1_recovery,33.8,10,"{'M1_autonomous_Schaefer': False, 'M1b_autonomous_Allee': True, 'M2_stockflow_regimeC': False, 'M3_AR_residual': False, 'M4_delayed_info': False}","{'M1_autonomous_Schaefer': False, 'M1b_autonomous_Allee': False, 'M2_stockflow_regimeC': False, 'M3_AR_residual': False, 'M4_delayed_info': False}","[-11.867719766991266, 9.17909181283011]","{'M1_autonomous_Schaefer': False, 'M1b_autonomous_Allee': False, 'M2_stockflow_regimeC': False, 'M3_AR_residual': False, 'M4_delayed_info': False}","{'M1_autonomous_Schaefer': False, 'M1b_autonomous_Allee': False, 'M2_stockflow_regimeC': False, 'M3_AR_residual': False, 'M4_delayed_info': False}","[-20.683500549778696, 239.84921174288212]","{'M1_autonomous_Schaefer': False, 'M1b_autonomous_Allee': False, 'M2_stockflow_regimeC': False, 'M3_AR_residual': False, 'M4_delayed_info': False}","{'M1_autonomous_Schaefer': False, 'M1b_autonomous_Allee': False, 'M2_stockflow_regimeC': False, 'M3_AR_residual': False, 'M4_delayed_info': False}","{'M1_autonomous_Schaefer': False, 'M1b_autonomous_Allee': False, 'M2_stockflow_regimeC': False, 'M3_AR_residual': False, 'M4_delayed_info': False}",['M2_stockflow_regimeC'],"['M1_autonomous_Schaefer', 'M4_delayed_info', 'M1b_autonomous_Allee', 'naive_persist', 'M3_AR_residual']",False,False,1
D2_M1_recovery,33.8,11,"{'M1_autonomous_Schaefer': False, 'M1b_autonomous_Allee': False, 'M2_stockflow_regimeC': False, 'M3_AR_residual': False, 'M4_delayed_info': False}","{'M1_autonomous_Schaefer': False, 'M1b_autonomous_Allee': False, 'M2_stockflow_regimeC': False, 'M3_AR_residual': False, 'M4_delayed_info': False}","[-3.1767887402150765, 6.5047500542733205]","{'M1_autonomous_Schaefer': False, 'M1b_autonomous_Allee': False, 'M2_stockflow_regimeC': False, 'M3_AR_residual': False, 'M4_delayed_info': False}","{'M1_autonomous_Schaefer': False, 'M1b_autonomous_Allee': False, 'M2_stockflow_regimeC': False, 'M3_AR_residual': False, 'M4_delayed_info': False}","[-22.712574593770732, 33.103389479057]","{'M1_autonomous_Schaefer': False, 'M1b_autonomous_Allee': False, 'M2_stockflow_regimeC': False, 'M3_AR_residual': False, 'M4_delayed_info': False}","{'M1_autonomous_Schaefer': False, 'M1b_autonomous_Allee': False, 'M2_stockflow_regimeC': False, 'M3_AR_residual': False, 'M4_delayed_info': False}","{'M1_autonomous_Schaefer': False, 'M1b_autonomous_Allee': False, 'M2_stockflow_regimeC': False, 'M3_AR_residual': False, 'M4_delayed_info': False}",['M3_AR_residual'],"['M1_autonomous_Schaefer', 'M4_delayed_info', 'M2_stockflow_regimeC', 'naive_persist', 'M1b_autonomous_Allee']",False,False,1
D2_M1_recovery,33.8,12,"{'M1_autonomous_Schaefer': False, 'M1b_autonomous_Allee': False, 'M2_stockflow_regimeC': False, 'M3_AR_residual': False, 'M4_delayed_info': False}","{'M1_autonomous_Schaefer': False, 'M1b_autonomous_Allee': False, 'M2_stockflow_regimeC': False, 'M3_AR_residual': False, 'M4_delayed_info': False}","[-5.835307839523358, 3.820899724008849]","{'M1_autonomous_Schaefer': True, 'M1b_autonomous_Allee': False, 'M2_stockflow_regimeC': False, 'M3_AR_residual': False, 'M4_delayed_info': False}","{'M1_autonomous_Schaefer': False, 'M1b_autonomous_Allee': False, 'M2_stockflow_regimeC': False, 'M3_AR_residual': False, 'M4_delayed_info': False}","[-33.88247249417936, 20.69616664821658]","{'M1_autonomous_Schaefer': False, 'M1b_autonomous_Allee': False, 'M2_stockflow_regimeC': False, 'M3_AR_residual': False, 'M4_delayed_info': False}","{'M1_autonomous_Schaefer': False, 'M1b_autonomous_Allee': False, 'M2_stockflow_regimeC': False, 'M3_AR_residual': False, 'M4_delayed_info': False}","{'M1_autonomous_Schaefer': False, 'M1b_autonomous_Allee': False, 'M2_stockflow_regimeC': False, 'M3_AR_residual': False, 'M4_delayed_info': False}",['M2_stockflow_regimeC'],"['M1_autonomous_Schaefer', 'M4_delayed_info', 'M1b_autonomous_Allee', 'M3_AR_residual', 'naive_persist']",False,False,1
D2_M1_recovery,33.8,13,"{'M1_autonomous_Schaefer': False, 'M1b_autonomous_Allee': False, 'M2_stockflow_regimeC': False, 'M3_AR_residual': False, 'M4_delayed_info': False}","{'M1_autonomous_Schaefer': False, 'M1b_autonomous_Allee': False, 'M2_stockflow_regimeC': False, 'M3_AR_residual': False, 'M4_delayed_info': False}","[-7.071889419219552, 17.806957947278054]","{'M1_autonomous_Schaefer': False, 'M1b_autonomous_Allee': False, 'M2_stockflow_regimeC': False, 'M3_AR_residual': False, 'M4_delayed_info': False}","{'M1_autonomous_Schaefer': False, 'M1b_autonomous_Allee': False, 'M2_stockflow_regimeC': False, 'M3_AR_residual': False, 'M4_delayed_info': False}","[-3.316453023295058, 80.73460769812513]","{'M1_autonomous_Schaefer': False, 'M1b_autonomous_Allee': False, 'M2_stockflow_regimeC': False, 'M3_AR_residual': False, 'M4_delayed_info': False}","{'M1_autonomous_Schaefer': False, 'M1b_autonomous_Allee': False, 'M2_stockflow_regimeC': False, 'M3_AR_residual': False, 'M4_delayed_info': False}","{'M1_autonomous_Schaefer': False, 'M1b_autonomous_Allee': False, 'M2_stockflow_regimeC': False, 'M3_AR_residual': False, 'M4_delayed_info': False}",['M2_stockflow_regimeC'],"['M1_autonomous_Schaefer', 'M4_delayed_info', 'naive_persist', 'M1b_autonomous_Allee', 'M3_AR_residual']",False,False,1
D2_M1_recovery,33.8,14,"{'M1_autonomous_Schaefer': True, 'M1b_autonomous_Allee': False, 'M2_stockflow_regimeC': False, 'M3_AR_residual': False, 'M4_delayed_info': False}","{'M1_autonomous_Schaefer': False, 'M1b_autonomous_Allee': False, 'M2_stockflow_regimeC': False, 'M3_AR_residual': False, 'M4_delayed_info': False}","[-13.436478479325508, 2.2159075192389937]","{'M1_autonomous_Schaefer': True, 'M1b_autonomous_Allee': True, 'M2_stockflow_regimeC': False, 'M3_AR_residual': False, 'M4_delayed_info': False}","{'M1_autonomous_Schaefer': False, 'M1b_autonomous_Allee': False, 'M2_stockflow_regimeC': False, 'M3_AR_residual': False, 'M4_delayed_info': False}","[-46.96031606487138, 20.864838028692073]","{'M1_autonomous_Schaefer': True, 'M1b_autonomous_Allee': False, 'M2_stockflow_regimeC': False, 'M3_AR_residual': False, 'M4_delayed_info': False}","{'M1_autonomous_Schaefer': False, 'M1b_autonomous_Allee': False, 'M2_stockflow_regimeC': False, 'M3_AR_residual': False, 'M4_delayed_info': False}","{'M1_autonomous_Schaefer': False, 'M1b_autonomous_Allee': False, 'M2_stockflow_regimeC': False, 'M3_AR_residual': False, 'M4_delayed_info': False}",['naive_persist'],"['M1_autonomous_Schaefer', 'M2_stockflow_regimeC', 'M1b_autonomous_Allee', 'M3_AR_residual', 'M4_delayed_info']",False,True,1
D2_M1_recovery,33.8,15,"{'M1_autonomous_Schaefer': False, 'M1b_autonomous_Allee': False, 'M2_stockflow_regimeC': False, 'M3_AR_residual': False, 'M4_delayed_info': False}","{'M1_autonomous_Schaefer': False, 'M1b_autonomous_Allee': False, 'M2_stockflow_regimeC': False, 'M3_AR_residual': False, 'M4_delayed_info': False}","[-7.332905702713459, 9.96235755322739]","{'M1_autonomous_Schaefer': True, 'M1b_autonomous_Allee': False, 'M2_stockflow_regimeC': False, 'M3_AR_residual': False, 'M4_delayed_info': False}","{'M1_autonomous_Schaefer': False, 'M1b_autonomous_Allee': False, 'M2_stockflow_regimeC': False, 'M3_AR_residual': False, 'M4_delayed_info': False}","[-35.48844875220637, 9.636553648773072]","{'M1_autonomous_Schaefer': False, 'M1b_autonomous_Allee': False, 'M2_stockflow_regimeC': False, 'M3_AR_residual': False, 'M4_delayed_info': False}","{'M1_autonomous_Schaefer': False, 'M1b_autonomous_Allee': False, 'M2_stockflow_regimeC': False, 'M3_AR_residual': False, 'M4_delayed_info': False}","{'M1_autonomous_Schaefer': False, 'M1b_autonomous_Allee': False, 'M2_stockflow_regimeC': False, 'M3_AR_residual': False, 'M4_delayed_info': False}",['M3_AR_residual'],"['M1_autonomous_Schaefer', 'M2_stockflow_regimeC', 'M1b_autonomous_Allee', 'naive_persist', 'M4_delayed_info']",False,False,1
D2_M1_recovery,33.8,16,"{'M1_autonomous_Schaefer': True, 'M1b_autonomous_Allee': False, 'M2_stockflow_regimeC': False, 'M3_AR_residual': False, 'M4_delayed_info': False}","{'M1_autonomous_Schaefer': False, 'M1b_autonomous_Allee': False, 'M2_stockflow_regimeC': False, 'M3_AR_residual': False, 'M4_delayed_info': False}","[-10.277420304251082, 0.4275561263593893]","{'M1_autonomous_Schaefer': True, 'M1b_autonomous_Allee': True, 'M2_stockflow_regimeC': False, 'M3_AR_residual': False, 'M4_delayed_info': False}","{'M1_autonomous_Schaefer': False, 'M1b_autonomous_Allee': False, 'M2_stockflow_regimeC': False, 'M3_AR_residual': False, 'M4_delayed_info': False}","[-26.062317384048328, 12.898165623578548]","{'M1_autonomous_Schaefer': True, 'M1b_autonomous_Allee': False, 'M2_stockflow_regimeC': False, 'M3_AR_residual': False, 'M4_delayed_info': False}","{'M1_autonomous_Schaefer': False, 'M1b_autonomous_Allee': False, 'M2_stockflow_regimeC': False, 'M3_AR_residual': False, 'M4_delayed_info': False}","{'M1_autonomous_Schaefer': False, 'M1b_autonomous_Allee': False, 'M2_stockflow_regimeC': False, 'M3_AR_residual': False, 'M4_delayed_info': False}",['M3_AR_residual'],"['M1_autonomous_Schaefer', 'M2_stockflow_regimeC', 'M4_delayed_info', 'naive_persist', 'M1b_autonomous_Allee']",False,False,1
D2_M1_recovery,33.8,17,"{'M1_autonomous_Schaefer': False, 'M1b_autonomous_Allee': False, 'M2_stockflow_regimeC': False, 'M3_AR_residual': False, 'M4_delayed_info': False}","{'M1_autonomous_Schaefer': False, 'M1b_autonomous_Allee': False, 'M2_stockflow_regimeC': False, 'M3_AR_residual': False, 'M4_delayed_info': False}","[-8.189636296372417, 6.3544426782846655]","{'M1_autonomous_Schaefer': False, 'M1b_autonomous_Allee': False, 'M2_stockflow_regimeC': False, 'M3_AR_residual': False, 'M4_delayed_info': False}","{'M1_autonomous_Schaefer': False, 'M1b_autonomous_Allee': False, 'M2_stockflow_regimeC': False, 'M3_AR_residual': False, 'M4_delayed_info': False}","[-13.27045790499483, 27.137657005839376]","{'M1_autonomous_Schaefer': False, 'M1b_autonomous_Allee': False, 'M2_stockflow_regimeC': False, 'M3_AR_residual': False, 'M4_delayed_info': False}","{'M1_autonomous_Schaefer': False, 'M1b_autonomous_Allee': False, 'M2_stockflow_regimeC': False, 'M3_AR_residual': False, 'M4_delayed_info': False}","{'M1_autonomous_Schaefer': False, 'M1b_autonomous_Allee': False, 'M2_stockflow_regimeC': False, 'M3_AR_residual': False, 'M4_delayed_info': False}",['M3_AR_residual'],"['M1_autonomous_Schaefer', 'M1b_autonomous_Allee', 'M4_delayed_info', 'M2_stockflow_regimeC', 'naive_persist']",False,False,1
D2_M1_recovery,33.8,18,"{'M1_autonomous_Schaefer': False, 'M1b_autonomous_Allee': False, 'M2_stockflow_regimeC': False, 'M3_AR_residual': False, 'M4_delayed_info': False}","{'M1_autonomous_Schaefer': False, 'M1b_autonomous_Allee': False, 'M2_stockflow_regimeC': False, 'M3_AR_residual': False, 'M4_delayed_info': False}","[-5.848043504224827, 10.60545128277052]","{'M1_autonomous_Schaefer': False, 'M1b_autonomous_Allee': True, 'M2_stockflow_regimeC': False, 'M3_AR_residual': False, 'M4_delayed_info': False}","{'M1_autonomous_Schaefer': False, 'M1b_autonomous_Allee': False, 'M2_stockflow_regimeC': False, 'M3_AR_residual': False, 'M4_delayed_info': False}","[-25.53692741249863, 194.7919407103217]","{'M1_autonomous_Schaefer': False, 'M1b_autonomous_Allee': False, 'M2_stockflow_regimeC': False, 'M3_AR_residual': False, 'M4_delayed_info': False}","{'M1_autonomous_Schaefer': False, 'M1b_autonomous_Allee': False, 'M2_stockflow_regimeC': False, 'M3_AR_residual': False, 'M4_delayed_info': False}","{'M1_autonomous_Schaefer': False, 'M1b_autonomous_Allee': False, 'M2_stockflow_regimeC': False, 'M3_AR_residual': False, 'M4_delayed_info': False}",['M2_stockflow_regimeC'],"['M1_autonomous_Schaefer', 'M1b_autonomous_Allee', 'naive_persist', 'M4_delayed_info', 'M3_AR_residual']",False,False,1
D2_M1_recovery,33.8,19,"{'M1_autonomous_Schaefer': False, 'M1b_autonomous_Allee': False, 'M2_stockflow_regimeC': False, 'M3_AR_residual': False, 'M4_delayed_info': False}","{'M1_autonomous_Schaefer': False, 'M1b_autonomous_Allee': False, 'M2_stockflow_regimeC': False, 'M3_AR_residual': False, 'M4_delayed_info': False}","[-3.063583930551796, 3.6481765144725777]","{'M1_autonomous_Schaefer': False, 'M1b_autonomous_Allee': False, 'M2_stockflow_regimeC': False, 'M3_AR_residual': False, 'M4_delayed_info': False}","{'M1_autonomous_Schaefer': False, 'M1b_autonomous_Allee': False, 'M2_stockflow_regimeC': False, 'M3_AR_residual': False, 'M4_delayed_info': False}","[-14.594699301566468, 222.7900656246965]","{'M1_autonomous_Schaefer': False, 'M1b_autonomous_Allee': False, 'M2_stockflow_regimeC': False, 'M3_AR_residual': False, 'M4_delayed_info': False}","{'M1_autonomous_Schaefer': False, 'M1b_autonomous_Allee': False, 'M2_stockflow_regimeC': False, 'M3_AR_residual': False, 'M4_delayed_info': False}","{'M1_autonomous_Schaefer': False, 'M1b_autonomous_Allee': False, 'M2_stockflow_regimeC': False, 'M3_AR_residual': False, 'M4_delayed_info': False}",['M1b_autonomous_Allee'],"['M1_autonomous_Schaefer', 'M3_AR_residual', 'naive_persist', 'M2_stockflow_regimeC', 'M4_delayed_info']",False,False,1
D2_M1_recovery,33.8,20,"{'M1_autonomous_Schaefer': True, 'M1b_autonomous_Allee': False, 'M2_stockflow_regimeC': False, 'M3_AR_residual': False, 'M4_delayed_info': False}","{'M1_autonomous_Schaefer': False, 'M1b_autonomous_Allee': False, 'M2_stockflow_regimeC': False, 'M3_AR_residual': False, 'M4_delayed_info': False}","[-15.412568149249017, 3.6145565570496303]","{'M1_autonomous_Schaefer': False, 'M1b_autonomous_Allee': False, 'M2_stockflow_regimeC': False, 'M3_AR_residual': False, 'M4_delayed_info': False}","{'M1_autonomous_Schaefer': False, 'M1b_autonomous_Allee': False, 'M2_stockflow_regimeC': False, 'M3_AR_residual': False, 'M4_delayed_info': False}","[-34.30353793028553, 172.88510319094678]","{'M1_autonomous_Schaefer': False, 'M1b_autonomous_Allee': False, 'M2_stockflow_regimeC': False, 'M3_AR_residual': False, 'M4_delayed_info': False}","{'M1_autonomous_Schaefer': False, 'M1b_autonomous_Allee': False, 'M2_stockflow_regimeC': False, 'M3_AR_residual': False, 'M4_delayed_info': False}","{'M1_autonomous_Schaefer': False, 'M1b_autonomous_Allee': False, 'M2_stockflow_regimeC': False, 'M3_AR_residual': False, 'M4_delayed_info': False}",['M4_delayed_info'],"['M1_autonomous_Schaefer', 'M1b_autonomous_Allee', 'M2_stockflow_regimeC', 'M3_AR_residual', 'naive_persist']",False,False,1
D2_M1_recovery,33.8,21,"{'M1_autonomous_Schaefer': False, 'M1b_autonomous_Allee': False, 'M2_stockflow_regimeC': False, 'M3_AR_residual': False, 'M4_delayed_info': False}","{'M1_autonomous_Schaefer': False, 'M1b_autonomous_Allee': False, 'M2_stockflow_regimeC': False, 'M3_AR_residual': False, 'M4_delayed_info': False}","[-5.672575928515011, 8.637625351169989]","{'M1_autonomous_Schaefer': False, 'M1b_autonomous_Allee': True, 'M2_stockflow_regimeC': False, 'M3_AR_residual': False, 'M4_delayed_info': False}","{'M1_autonomous_Schaefer': False, 'M1b_autonomous_Allee': False, 'M2_stockflow_regimeC': False, 'M3_AR_residual': False, 'M4_delayed_info': False}","[-4.854878647055102, 170.9524370331615]","{'M1_autonomous_Schaefer': False, 'M1b_autonomous_Allee': False, 'M2_stockflow_regimeC': False, 'M3_AR_residual': False, 'M4_delayed_info': False}","{'M1_autonomous_Schaefer': False, 'M1b_autonomous_Allee': False, 'M2_stockflow_regimeC': False, 'M3_AR_residual': False, 'M4_delayed_info': False}","{'M1_autonomous_Schaefer': False, 'M1b_autonomous_Allee': False, 'M2_stockflow_regimeC': False, 'M3_AR_residual': False, 'M4_delayed_info': False}",['naive_persist'],"['M1_autonomous_Schaefer', 'M4_delayed_info', 'M1b_autonomous_Allee', 'M2_stockflow_regimeC', 'M3_AR_residual']",False,True,1
D2_M1_recovery,33.8,22,"{'M1_autonomous_Schaefer': False, 'M1b_autonomous_Allee': False, 'M2_stockflow_regimeC': False, 'M3_AR_residual': False, 'M4_delayed_info': False}","{'M1_autonomous_Schaefer': False, 'M1b_autonomous_Allee': False, 'M2_stockflow_regimeC': False, 'M3_AR_residual': False, 'M4_delayed_info': False}","[-3.0655091195622246, 14.400087331854788]","{'M1_autonomous_Schaefer': False, 'M1b_autonomous_Allee': True, 'M2_stockflow_regimeC': False, 'M3_AR_residual': False, 'M4_delayed_info': False}","{'M1_autonomous_Schaefer': False, 'M1b_autonomous_Allee': False, 'M2_stockflow_regimeC': False, 'M3_AR_residual': False, 'M4_delayed_info': False}","[-17.869140027446637, 496.91546132975503]","{'M1_autonomous_Schaefer': False, 'M1b_autonomous_Allee': False, 'M2_stockflow_regimeC': False, 'M3_AR_residual': False, 'M4_delayed_info': False}","{'M1_autonomous_Schaefer': False, 'M1b_autonomous_Allee': False, 'M2_stockflow_regimeC': False, 'M3_AR_residual': False, 'M4_delayed_info': False}","{'M1_autonomous_Schaefer': False, 'M1b_autonomous_Allee': False, 'M2_stockflow_regimeC': False, 'M3_AR_residual': False, 'M4_delayed_info': False}",['M3_AR_residual'],"['M1_autonomous_Schaefer', 'naive_persist', 'M1b_autonomous_Allee', 'M2_stockflow_regimeC', 'M4_delayed_info']",False,False,1
D2_M1_recovery,33.8,23,"{'M1_autonomous_Schaefer': False, 'M1b_autonomous_Allee': False, 'M2_stockflow_regimeC': False, 'M3_AR_residual': False, 'M4_delayed_info': False}","{'M1_autonomous_Schaefer': False, 'M1b_autonomous_Allee': False, 'M2_stockflow_regimeC': False, 'M3_AR_residual': False, 'M4_delayed_info': False}","[-10.296723799244718, 11.251310801997386]","{'M1_autonomous_Schaefer': False, 'M1b_autonomous_Allee': False, 'M2_stockflow_regimeC': False, 'M3_AR_residual': False, 'M4_delayed_info': False}","{'M1_autonomous_Schaefer': False, 'M1b_autonomous_Allee': False, 'M2_stockflow_regimeC': False, 'M3_AR_residual': False, 'M4_delayed_info': False}","[-11.401188629503775, 304.83927292140277]","{'M1_autonomous_Schaefer': False, 'M1b_autonomous_Allee': False, 'M2_stockflow_regimeC': False, 'M3_AR_residual': False, 'M4_delayed_info': False}","{'M1_autonomous_Schaefer': False, 'M1b_autonomous_Allee': False, 'M2_stockflow_regimeC': False, 'M3_AR_residual': False, 'M4_delayed_info': False}","{'M1_autonomous_Schaefer': False, 'M1b_autonomous_Allee': False, 'M2_stockflow_regimeC': False, 'M3_AR_residual': False, 'M4_delayed_info': False}",['naive_persist'],"['M1_autonomous_Schaefer', 'M4_delayed_info', 'M2_stockflow_regimeC', 'M1b_autonomous_Allee', 'M3_AR_residual']",False,True,1
D2_M1_recovery,33.8,24,"{'M1_autonomous_Schaefer': True, 'M1b_autonomous_Allee': False, 'M2_stockflow_regimeC': False, 'M3_AR_residual': False, 'M4_delayed_info': False}","{'M1_autonomous_Schaefer': False, 'M1b_autonomous_Allee': False, 'M2_stockflow_regimeC': False, 'M3_AR_residual': False, 'M4_delayed_info': False}","[-12.814651866402949, 3.1599815796164332]","{'M1_autonomous_Schaefer': False, 'M1b_autonomous_Allee': False, 'M2_stockflow_regimeC': False, 'M3_AR_residual': False, 'M4_delayed_info': False}","{'M1_autonomous_Schaefer': False, 'M1b_autonomous_Allee': False, 'M2_stockflow_regimeC': False, 'M3_AR_residual': False, 'M4_delayed_info': False}","[-6.202184540875497, 60.5217894804788]","{'M1_autonomous_Schaefer': False, 'M1b_autonomous_Allee': False, 'M2_stockflow_regimeC': False, 'M3_AR_residual': False, 'M4_delayed_info': False}","{'M1_autonomous_Schaefer': False, 'M1b_autonomous_Allee': False, 'M2_stockflow_regimeC': False, 'M3_AR_residual': False, 'M4_delayed_info': False}","{'M1_autonomous_Schaefer': False, 'M1b_autonomous_Allee': False, 'M2_stockflow_regimeC': False, 'M3_AR_residual': False, 'M4_delayed_info': False}",['naive_persist'],"['M1_autonomous_Schaefer', 'M4_delayed_info', 'M2_stockflow_regimeC', 'M1b_autonomous_Allee', 'M3_AR_residual']",False,True,1
D3_M2_stockflow,11.8,0,"{'M1_autonomous_Schaefer': False, 'M1b_autonomous_Allee': False, 'M2_stockflow_regimeC': False, 'M3_AR_residual': False, 'M4_delayed_info': False}","{'M1_autonomous_Schaefer': False, 'M1b_autonomous_Allee': False, 'M2_stockflow_regimeC': False, 'M3_AR_residual': False, 'M4_delayed_info': False}","[-0.35422013741179814, 50.81820014524084]","{'M1_autonomous_Schaefer': False, 'M1b_autonomous_Allee': False, 'M2_stockflow_regimeC': True, 'M3_AR_residual': True, 'M4_delayed_info': False}","{'M1_autonomous_Schaefer': False, 'M1b_autonomous_Allee': False, 'M2_stockflow_regimeC': False, 'M3_AR_residual': False, 'M4_delayed_info': False}","[0.18060190674867552, 35.342934919929796]","{'M1_autonomous_Schaefer': False, 'M1b_autonomous_Allee': False, 'M2_stockflow_regimeC': False, 'M3_AR_residual': False, 'M4_delayed_info': False}","{'M1_autonomous_Schaefer': False, 'M1b_autonomous_Allee': False, 'M2_stockflow_regimeC': False, 'M3_AR_residual': False, 'M4_delayed_info': False}","{'M1_autonomous_Schaefer': False, 'M1b_autonomous_Allee': False, 'M2_stockflow_regimeC': False, 'M3_AR_residual': False, 'M4_delayed_info': False}",['M1b_autonomous_Allee'],"['M2_stockflow_regimeC', 'M1_autonomous_Schaefer', 'M3_AR_residual', 'naive_persist', 'M4_delayed_info']",False,False,1
D3_M2_stockflow,11.8,1,"{'M1_autonomous_Schaefer': False, 'M1b_autonomous_Allee': False, 'M2_stockflow_regimeC': False, 'M3_AR_residual': False, 'M4_delayed_info': False}","{'M1_autonomous_Schaefer': False, 'M1b_autonomous_Allee': False, 'M2_stockflow_regimeC': False, 'M3_AR_residual': False, 'M4_delayed_info': False}","[-3.3899551613730847, 45.81972434379722]","{'M1_autonomous_Schaefer': False, 'M1b_autonomous_Allee': False, 'M2_stockflow_regimeC': True, 'M3_AR_residual': True, 'M4_delayed_info': False}","{'M1_autonomous_Schaefer': False, 'M1b_autonomous_Allee': False, 'M2_stockflow_regimeC': False, 'M3_AR_residual': False, 'M4_delayed_info': False}","[-0.7012737918003309, 27.327837404491717]","{'M1_autonomous_Schaefer': False, 'M1b_autonomous_Allee': False, 'M2_stockflow_regimeC': False, 'M3_AR_residual': False, 'M4_delayed_info': False}","{'M1_autonomous_Schaefer': False, 'M1b_autonomous_Allee': False, 'M2_stockflow_regimeC': False, 'M3_AR_residual': False, 'M4_delayed_info': False}","{'M1_autonomous_Schaefer': False, 'M1b_autonomous_Allee': False, 'M2_stockflow_regimeC': False, 'M3_AR_residual': False, 'M4_delayed_info': False}",['M3_AR_residual'],"['M2_stockflow_regimeC', 'M1_autonomous_Schaefer', 'M1b_autonomous_Allee', 'M4_delayed_info', 'naive_persist']",False,False,1
D3_M2_stockflow,11.8,2,"{'M1_autonomous_Schaefer': False, 'M1b_autonomous_Allee': False, 'M2_stockflow_regimeC': False, 'M3_AR_residual': True, 'M4_delayed_info': False}","{'M1_autonomous_Schaefer': False, 'M1b_autonomous_Allee': False, 'M2_stockflow_regimeC': False, 'M3_AR_residual': True, 'M4_delayed_info': False}","[-11.853989420266473, 25.32412542258329]","{'M1_autonomous_Schaefer': False, 'M1b_autonomous_Allee': False, 'M2_stockflow_regimeC': True, 'M3_AR_residual': False, 'M4_delayed_info': False}","{'M1_autonomous_Schaefer': False, 'M1b_autonomous_Allee': False, 'M2_stockflow_regimeC': False, 'M3_AR_residual': False, 'M4_delayed_info': False}","[-11.76539678310029, 92.41752364736281]","{'M1_autonomous_Schaefer': False, 'M1b_autonomous_Allee': False, 'M2_stockflow_regimeC': False, 'M3_AR_residual': False, 'M4_delayed_info': False}","{'M1_autonomous_Schaefer': False, 'M1b_autonomous_Allee': False, 'M2_stockflow_regimeC': False, 'M3_AR_residual': False, 'M4_delayed_info': False}","{'M1_autonomous_Schaefer': False, 'M1b_autonomous_Allee': False, 'M2_stockflow_regimeC': False, 'M3_AR_residual': False, 'M4_delayed_info': False}",['M1_autonomous_Schaefer'],"['M2_stockflow_regimeC', 'M3_AR_residual', 'M4_delayed_info', 'M1b_autonomous_Allee', 'naive_persist']",False,False,1
D3_M2_stockflow,11.8,3,"{'M1_autonomous_Schaefer': False, 'M1b_autonomous_Allee': False, 'M2_stockflow_regimeC': False, 'M3_AR_residual': True, 'M4_delayed_info': False}","{'M1_autonomous_Schaefer': False, 'M1b_autonomous_Allee': False, 'M2_stockflow_regimeC': False, 'M3_AR_residual': False, 'M4_delayed_info': False}","[-3.475538949015781, 28.746142449886868]","{'M1_autonomous_Schaefer': False, 'M1b_autonomous_Allee': False, 'M2_stockflow_regimeC': True, 'M3_AR_residual': True, 'M4_delayed_info': False}","{'M1_autonomous_Schaefer': False, 'M1b_autonomous_Allee': False, 'M2_stockflow_regimeC': False, 'M3_AR_residual': False, 'M4_delayed_info': False}","[-5.854283189996923, 89.27161224849961]","{'M1_autonomous_Schaefer': False, 'M1b_autonomous_Allee': False, 'M2_stockflow_regimeC': False, 'M3_AR_residual': True, 'M4_delayed_info': False}","{'M1_autonomous_Schaefer': False, 'M1b_autonomous_Allee': False, 'M2_stockflow_regimeC': False, 'M3_AR_residual': False, 'M4_delayed_info': False}","{'M1_autonomous_Schaefer': False, 'M1b_autonomous_Allee': False, 'M2_stockflow_regimeC': False, 'M3_AR_residual': False, 'M4_delayed_info': False}",['M4_delayed_info'],"['M2_stockflow_regimeC', 'M3_AR_residual', 'M1_autonomous_Schaefer', 'M1b_autonomous_Allee', 'naive_persist']",False,False,1
D3_M2_stockflow,11.8,4,"{'M1_autonomous_Schaefer': True, 'M1b_autonomous_Allee': False, 'M2_stockflow_regimeC': True, 'M3_AR_residual': False, 'M4_delayed_info': True}","{'M1_autonomous_Schaefer': False, 'M1b_autonomous_Allee': True, 'M2_stockflow_regimeC': False, 'M3_AR_residual': False, 'M4_delayed_info': True}","[-16.78709746154502, 3.4473137831421945]","{'M1_autonomous_Schaefer': False, 'M1b_autonomous_Allee': False, 'M2_stockflow_regimeC': True, 'M3_AR_residual': False, 'M4_delayed_info': False}","{'M1_autonomous_Schaefer': False, 'M1b_autonomous_Allee': False, 'M2_stockflow_regimeC': False, 'M3_AR_residual': False, 'M4_delayed_info': False}","[-12.572523752320011, 9.765986006343686]","{'M1_autonomous_Schaefer': False, 'M1b_autonomous_Allee': False, 'M2_stockflow_regimeC': True, 'M3_AR_residual': False, 'M4_delayed_info': False}","{'M1_autonomous_Schaefer': False, 'M1b_autonomous_Allee': False, 'M2_stockflow_regimeC': False, 'M3_AR_residual': False, 'M4_delayed_info': False}","{'M1_autonomous_Schaefer': False, 'M1b_autonomous_Allee': False, 'M2_stockflow_regimeC': False, 'M3_AR_residual': False, 'M4_delayed_info': False}",['M3_AR_residual'],"['M4_delayed_info', 'naive_persist', 'M1_autonomous_Schaefer', 'M2_stockflow_regimeC', 'M1b_autonomous_Allee']",False,False,1
D3_M2_stockflow,11.8,5,"{'M1_autonomous_Schaefer': False, 'M1b_autonomous_Allee': False, 'M2_stockflow_regimeC': False, 'M3_AR_residual': False, 'M4_delayed_info': True}","{'M1_autonomous_Schaefer': False, 'M1b_autonomous_Allee': False, 'M2_stockflow_regimeC': False, 'M3_AR_residual': False, 'M4_delayed_info': False}","[-1.8659480086275024, 46.04211226969725]","{'M1_autonomous_Schaefer': False, 'M1b_autonomous_Allee': False, 'M2_stockflow_regimeC': False, 'M3_AR_residual': True, 'M4_delayed_info': False}","{'M1_autonomous_Schaefer': False, 'M1b_autonomous_Allee': False, 'M2_stockflow_regimeC': False, 'M3_AR_residual': False, 'M4_delayed_info': False}","[7.644382104208308, 101.61516073148238]","{'M1_autonomous_Schaefer': False, 'M1b_autonomous_Allee': False, 'M2_stockflow_regimeC': False, 'M3_AR_residual': False, 'M4_delayed_info': False}","{'M1_autonomous_Schaefer': False, 'M1b_autonomous_Allee': False, 'M2_stockflow_regimeC': False, 'M3_AR_residual': False, 'M4_delayed_info': False}","{'M1_autonomous_Schaefer': False, 'M1b_autonomous_Allee': False, 'M2_stockflow_regimeC': False, 'M3_AR_residual': False, 'M4_delayed_info': False}",['M3_AR_residual'],"['M2_stockflow_regimeC', 'M1_autonomous_Schaefer', 'M4_delayed_info', 'M1b_autonomous_Allee', 'naive_persist']",False,False,1
D3_M2_stockflow,11.8,6,"{'M1_autonomous_Schaefer': False, 'M1b_autonomous_Allee': False, 'M2_stockflow_regimeC': False, 'M3_AR_residual': False, 'M4_delayed_info': False}","{'M1_autonomous_Schaefer': False, 'M1b_autonomous_Allee': False, 'M2_stockflow_regimeC': False, 'M3_AR_residual': False, 'M4_delayed_info': False}","[-0.89422827113534, 21.268313225825505]","{'M1_autonomous_Schaefer': False, 'M1b_autonomous_Allee': False, 'M2_stockflow_regimeC': True, 'M3_AR_residual': True, 'M4_delayed_info': False}","{'M1_autonomous_Schaefer': False, 'M1b_autonomous_Allee': False, 'M2_stockflow_regimeC': False, 'M3_AR_residual': False, 'M4_delayed_info': False}","[-0.8580872646575904, 100.01233197198148]","{'M1_autonomous_Schaefer': False, 'M1b_autonomous_Allee': False, 'M2_stockflow_regimeC': False, 'M3_AR_residual': False, 'M4_delayed_info': False}","{'M1_autonomous_Schaefer': False, 'M1b_autonomous_Allee': False, 'M2_stockflow_regimeC': False, 'M3_AR_residual': False, 'M4_delayed_info': False}","{'M1_autonomous_Schaefer': False, 'M1b_autonomous_Allee': False, 'M2_stockflow_regimeC': False, 'M3_AR_residual': False, 'M4_delayed_info': False}",['M1b_autonomous_Allee'],"['M2_stockflow_regimeC', 'M1_autonomous_Schaefer', 'naive_persist', 'M4_delayed_info', 'M3_AR_residual']",False,False,1
D3_M2_stockflow,11.8,7,"{'M1_autonomous_Schaefer': False, 'M1b_autonomous_Allee': True, 'M2_stockflow_regimeC': False, 'M3_AR_residual': True, 'M4_delayed_info': False}","{'M1_autonomous_Schaefer': False, 'M1b_autonomous_Allee': False, 'M2_stockflow_regimeC': False, 'M3_AR_residual': False, 'M4_delayed_info': False}","[-3.3261903928572583, 49.467477887736315]","{'M1_autonomous_Schaefer': False, 'M1b_autonomous_Allee': False, 'M2_stockflow_regimeC': True, 'M3_AR_residual': True, 'M4_delayed_info': False}","{'M1_autonomous_Schaefer': False, 'M1b_autonomous_Allee': False, 'M2_stockflow_regimeC': False, 'M3_AR_residual': False, 'M4_delayed_info': False}","[-4.747728278126457, 31.003515959286375]","{'M1_autonomous_Schaefer': False, 'M1b_autonomous_Allee': False, 'M2_stockflow_regimeC': False, 'M3_AR_residual': True, 'M4_delayed_info': False}","{'M1_autonomous_Schaefer': False, 'M1b_autonomous_Allee': False, 'M2_stockflow_regimeC': False, 'M3_AR_residual': False, 'M4_delayed_info': False}","{'M1_autonomous_Schaefer': False, 'M1b_autonomous_Allee': False, 'M2_stockflow_regimeC': False, 'M3_AR_residual': False, 'M4_delayed_info': False}",['M1b_autonomous_Allee'],"['M2_stockflow_regimeC', 'naive_persist', 'M1_autonomous_Schaefer', 'M4_delayed_info', 'M3_AR_residual']",False,False,1
D3_M2_stockflow,11.8,8,"{'M1_autonomous_Schaefer': True, 'M1b_autonomous_Allee': True, 'M2_stockflow_regimeC': False, 'M3_AR_residual': True, 'M4_delayed_info': False}","{'M1_autonomous_Schaefer': False, 'M1b_autonomous_Allee': False, 'M2_stockflow_regimeC': False, 'M3_AR_residual': False, 'M4_delayed_info': False}","[-20.58386217313901, 8.768402217128763]","{'M1_autonomous_Schaefer': False, 'M1b_autonomous_Allee': False, 'M2_stockflow_regimeC': True, 'M3_AR_residual': False, 'M4_delayed_info': False}","{'M1_autonomous_Schaefer': False, 'M1b_autonomous_Allee': False, 'M2_stockflow_regimeC': False, 'M3_AR_residual': False, 'M4_delayed_info': False}","[-4.359914937505427, 95.8231166017295]","{'M1_autonomous_Schaefer': False, 'M1b_autonomous_Allee': False, 'M2_stockflow_regimeC': False, 'M3_AR_residual': False, 'M4_delayed_info': False}","{'M1_autonomous_Schaefer': False, 'M1b_autonomous_Allee': False, 'M2_stockflow_regimeC': False, 'M3_AR_residual': False, 'M4_delayed_info': False}","{'M1_autonomous_Schaefer': False, 'M1b_autonomous_Allee': False, 'M2_stockflow_regimeC': False, 'M3_AR_residual': False, 'M4_delayed_info': False}",['M1b_autonomous_Allee'],"['naive_persist', 'M3_AR_residual', 'M1_autonomous_Schaefer', 'M4_delayed_info', 'M2_stockflow_regimeC']",False,False,1
D3_M2_stockflow,11.8,9,"{'M1_autonomous_Schaefer': False, 'M1b_autonomous_Allee': True, 'M2_stockflow_regimeC': True, 'M3_AR_residual': True, 'M4_delayed_info': False}","{'M1_autonomous_Schaefer': False, 'M1b_autonomous_Allee': True, 'M2_stockflow_regimeC': False, 'M3_AR_residual': True, 'M4_delayed_info': False}","[-20.174972418789345, 29.300483203907394]","{'M1_autonomous_Schaefer': True, 'M1b_autonomous_Allee': False, 'M2_stockflow_regimeC': True, 'M3_AR_residual': False, 'M4_delayed_info': False}","{'M1_autonomous_Schaefer': False, 'M1b_autonomous_Allee': False, 'M2_stockflow_regimeC': False, 'M3_AR_residual': False, 'M4_delayed_info': False}","[-24.989166535789114, 18.369263436625467]","{'M1_autonomous_Schaefer': False, 'M1b_autonomous_Allee': False, 'M2_stockflow_regimeC': True, 'M3_AR_residual': False, 'M4_delayed_info': False}","{'M1_autonomous_Schaefer': False, 'M1b_autonomous_Allee': False, 'M2_stockflow_regimeC': False, 'M3_AR_residual': False, 'M4_delayed_info': False}","{'M1_autonomous_Schaefer': False, 'M1b_autonomous_Allee': False, 'M2_stockflow_regimeC': False, 'M3_AR_residual': False, 'M4_delayed_info': False}",['M3_AR_residual'],"['naive_persist', 'M2_stockflow_regimeC', 'M1_autonomous_Schaefer', 'M4_delayed_info', 'M1b_autonomous_Allee']",False,False,1
D3_M2_stockflow,11.8,10,"{'M1_autonomous_Schaefer': False, 'M1b_autonomous_Allee': False, 'M2_stockflow_regimeC': False, 'M3_AR_residual': False, 'M4_delayed_info': False}","{'M1_autonomous_Schaefer': False, 'M1b_autonomous_Allee': False, 'M2_stockflow_regimeC': False, 'M3_AR_residual': False, 'M4_delayed_info': False}","[-3.2175350865351247, 39.086778556227905]","{'M1_autonomous_Schaefer': False, 'M1b_autonomous_Allee': False, 'M2_stockflow_regimeC': True, 'M3_AR_residual': True, 'M4_delayed_info': False}","{'M1_autonomous_Schaefer': False, 'M1b_autonomous_Allee': False, 'M2_stockflow_regimeC': False, 'M3_AR_residual': False, 'M4_delayed_info': False}","[-3.064161649313698, 23.047537544086325]","{'M1_autonomous_Schaefer': False, 'M1b_autonomous_Allee': False, 'M2_stockflow_regimeC': False, 'M3_AR_residual': False, 'M4_delayed_info': False}","{'M1_autonomous_Schaefer': False, 'M1b_autonomous_Allee': False, 'M2_stockflow_regimeC': False, 'M3_AR_residual': False, 'M4_delayed_info': False}","{'M1_autonomous_Schaefer': False, 'M1b_autonomous_Allee': False, 'M2_stockflow_regimeC': False, 'M3_AR_residual': False, 'M4_delayed_info': False}",['M3_AR_residual'],"['M2_stockflow_regimeC', 'M1_autonomous_Schaefer', 'M1b_autonomous_Allee', 'M4_delayed_info', 'naive_persist']",False,False,1
D3_M2_stockflow,11.8,11,"{'M1_autonomous_Schaefer': False, 'M1b_autonomous_Allee': True, 'M2_stockflow_regimeC': False, 'M3_AR_residual': False, 'M4_delayed_info': False}","{'M1_autonomous_Schaefer': False, 'M1b_autonomous_Allee': False, 'M2_stockflow_regimeC': False, 'M3_AR_residual': False, 'M4_delayed_info': False}","[-1.6662312714070255, 12.456234347446234]","{'M1_autonomous_Schaefer': False, 'M1b_autonomous_Allee': False, 'M2_stockflow_regimeC': True, 'M3_AR_residual': True, 'M4_delayed_info': False}","{'M1_autonomous_Schaefer': False, 'M1b_autonomous_Allee': False, 'M2_stockflow_regimeC': False, 'M3_AR_residual': True, 'M4_delayed_info': False}","[-3.1046882174121526, 67.9393341520987]","{'M1_autonomous_Schaefer': False, 'M1b_autonomous_Allee': False, 'M2_stockflow_regimeC': False, 'M3_AR_residual': False, 'M4_delayed_info': False}","{'M1_autonomous_Schaefer': False, 'M1b_autonomous_Allee': False, 'M2_stockflow_regimeC': False, 'M3_AR_residual': False, 'M4_delayed_info': False}","{'M1_autonomous_Schaefer': False, 'M1b_autonomous_Allee': False, 'M2_stockflow_regimeC': False, 'M3_AR_residual': False, 'M4_delayed_info': False}",['M4_delayed_info'],"['M2_stockflow_regimeC', 'M1b_autonomous_Allee', 'M1_autonomous_Schaefer', 'M3_AR_residual', 'naive_persist']",False,False,1
D3_M2_stockflow,11.8,12,"{'M1_autonomous_Schaefer': False, 'M1b_autonomous_Allee': False, 'M2_stockflow_regimeC': False, 'M3_AR_residual': False, 'M4_delayed_info': False}","{'M1_autonomous_Schaefer': False, 'M1b_autonomous_Allee': False, 'M2_stockflow_regimeC': False, 'M3_AR_residual': False, 'M4_delayed_info': False}","[-1.3212859291490502, 56.13100612758104]","{'M1_autonomous_Schaefer': False, 'M1b_autonomous_Allee': False, 'M2_stockflow_regimeC': True, 'M3_AR_residual': True, 'M4_delayed_info': False}","{'M1_autonomous_Schaefer': False, 'M1b_autonomous_Allee': False, 'M2_stockflow_regimeC': False, 'M3_AR_residual': False, 'M4_delayed_info': False}","[0.54781494351065, 84.09822687464005]","{'M1_autonomous_Schaefer': False, 'M1b_autonomous_Allee': False, 'M2_stockflow_regimeC': False, 'M3_AR_residual': False, 'M4_delayed_info': False}","{'M1_autonomous_Schaefer': False, 'M1b_autonomous_Allee': False, 'M2_stockflow_regimeC': False, 'M3_AR_residual': False, 'M4_delayed_info': False}","{'M1_autonomous_Schaefer': False, 'M1b_autonomous_Allee': False, 'M2_stockflow_regimeC': False, 'M3_AR_residual': False, 'M4_delayed_info': False}",['M3_AR_residual'],"['M2_stockflow_regimeC', 'M1_autonomous_Schaefer', 'M4_delayed_info', 'M1b_autonomous_Allee', 'naive_persist']",False,False,1
D3_M2_stockflow,11.8,13,"{'M1_autonomous_Schaefer': False, 'M1b_autonomous_Allee': False, 'M2_stockflow_regimeC': False, 'M3_AR_residual': False, 'M4_delayed_info': False}","{'M1_autonomous_Schaefer': False, 'M1b_autonomous_Allee': False, 'M2_stockflow_regimeC': False, 'M3_AR_residual': False, 'M4_delayed_info': False}","[-2.0176883068324143, 16.865860044156424]","{'M1_autonomous_Schaefer': False, 'M1b_autonomous_Allee': False, 'M2_stockflow_regimeC': True, 'M3_AR_residual': True, 'M4_delayed_info': False}","{'M1_autonomous_Schaefer': False, 'M1b_autonomous_Allee': False, 'M2_stockflow_regimeC': False, 'M3_AR_residual': False, 'M4_delayed_info': False}","[0.3423967446874697, 104.68341151871832]","{'M1_autonomous_Schaefer': False, 'M1b_autonomous_Allee': False, 'M2_stockflow_regimeC': False, 'M3_AR_residual': False, 'M4_delayed_info': False}","{'M1_autonomous_Schaefer': False, 'M1b_autonomous_Allee': False, 'M2_stockflow_regimeC': False, 'M3_AR_residual': False, 'M4_delayed_info': False}","{'M1_autonomous_Schaefer': False, 'M1b_autonomous_Allee': False, 'M2_stockflow_regimeC': False, 'M3_AR_residual': False, 'M4_delayed_info': False}",['M3_AR_residual'],"['M2_stockflow_regimeC', 'M1_autonomous_Schaefer', 'M1b_autonomous_Allee', 'M4_delayed_info', 'naive_persist']",False,False,1
D3_M2_stockflow,11.8,14,"{'M1_autonomous_Schaefer': True, 'M1b_autonomous_Allee': True, 'M2_stockflow_regimeC': True, 'M3_AR_residual': False, 'M4_delayed_info': False}","{'M1_autonomous_Schaefer': False, 'M1b_autonomous_Allee': False, 'M2_stockflow_regimeC': False, 'M3_AR_residual': False, 'M4_delayed_info': False}","[-35.029690658493315, 14.074701309358876]","{'M1_autonomous_Schaefer': False, 'M1b_autonomous_Allee': False, 'M2_stockflow_regimeC': True, 'M3_AR_residual': False, 'M4_delayed_info': False}","{'M1_autonomous_Schaefer': False, 'M1b_autonomous_Allee': False, 'M2_stockflow_regimeC': False, 'M3_AR_residual': True, 'M4_delayed_info': False}","[-40.44288208883159, 75.19196964045982]","{'M1_autonomous_Schaefer': False, 'M1b_autonomous_Allee': False, 'M2_stockflow_regimeC': True, 'M3_AR_residual': False, 'M4_delayed_info': False}","{'M1_autonomous_Schaefer': False, 'M1b_autonomous_Allee': False, 'M2_stockflow_regimeC': False, 'M3_AR_residual': False, 'M4_delayed_info': False}","{'M1_autonomous_Schaefer': False, 'M1b_autonomous_Allee': False, 'M2_stockflow_regimeC': False, 'M3_AR_residual': False, 'M4_delayed_info': False}",['M3_AR_residual'],"['naive_persist', 'M1_autonomous_Schaefer', 'M2_stockflow_regimeC', 'M4_delayed_info', 'M1b_autonomous_Allee']",False,False,1
D3_M2_stockflow,11.8,15,"{'M1_autonomous_Schaefer': False, 'M1b_autonomous_Allee': True, 'M2_stockflow_regimeC': False, 'M3_AR_residual': True, 'M4_delayed_info': True}","{'M1_autonomous_Schaefer': False, 'M1b_autonomous_Allee': False, 'M2_stockflow_regimeC': False, 'M3_AR_residual': False, 'M4_delayed_info': False}","[-6.789491893022845, 33.84866210046063]","{'M1_autonomous_Schaefer': False, 'M1b_autonomous_Allee': False, 'M2_stockflow_regimeC': True, 'M3_AR_residual': False, 'M4_delayed_info': False}","{'M1_autonomous_Schaefer': False, 'M1b_autonomous_Allee': False, 'M2_stockflow_regimeC': False, 'M3_AR_residual': True, 'M4_delayed_info': False}","[-5.578051129203696, 26.825121255595914]","{'M1_autonomous_Schaefer': False, 'M1b_autonomous_Allee': False, 'M2_stockflow_regimeC': False, 'M3_AR_residual': False, 'M4_delayed_info': False}","{'M1_autonomous_Schaefer': False, 'M1b_autonomous_Allee': False, 'M2_stockflow_regimeC': False, 'M3_AR_residual': False, 'M4_delayed_info': False}","{'M1_autonomous_Schaefer': False, 'M1b_autonomous_Allee': False, 'M2_stockflow_regimeC': False, 'M3_AR_residual': False, 'M4_delayed_info': False}",['M2_stockflow_regimeC'],"['M4_delayed_info', 'M3_AR_residual', 'M1b_autonomous_Allee', 'M1_autonomous_Schaefer', 'naive_persist']",True,False,1
D3_M2_stockflow,11.8,16,"{'M1_autonomous_Schaefer': False, 'M1b_autonomous_Allee': False, 'M2_stockflow_regimeC': False, 'M3_AR_residual': False, 'M4_delayed_info': False}","{'M1_autonomous_Schaefer': False, 'M1b_autonomous_Allee': False, 'M2_stockflow_regimeC': False, 'M3_AR_residual': False, 'M4_delayed_info': False}","[-0.46425466721189906, 45.68077825800804]","{'M1_autonomous_Schaefer': False, 'M1b_autonomous_Allee': False, 'M2_stockflow_regimeC': True, 'M3_AR_residual': True, 'M4_delayed_info': False}","{'M1_autonomous_Schaefer': False, 'M1b_autonomous_Allee': False, 'M2_stockflow_regimeC': False, 'M3_AR_residual': False, 'M4_delayed_info': False}","[0.6093254188304041, 91.51681629161966]","{'M1_autonomous_Schaefer': False, 'M1b_autonomous_Allee': False, 'M2_stockflow_regimeC': False, 'M3_AR_residual': False, 'M4_delayed_info': False}","{'M1_autonomous_Schaefer': False, 'M1b_autonomous_Allee': False, 'M2_stockflow_regimeC': False, 'M3_AR_residual': False, 'M4_delayed_info': False}","{'M1_autonomous_Schaefer': False, 'M1b_autonomous_Allee': False, 'M2_stockflow_regimeC': False, 'M3_AR_residual': False, 'M4_delayed_info': False}",['M4_delayed_info'],"['M2_stockflow_regimeC', 'M1_autonomous_Schaefer', 'M3_AR_residual', 'naive_persist', 'M1b_autonomous_Allee']",False,False,1
D3_M2_stockflow,11.8,17,"{'M1_autonomous_Schaefer': False, 'M1b_autonomous_Allee': False, 'M2_stockflow_regimeC': False, 'M3_AR_residual': True, 'M4_delayed_info': False}","{'M1_autonomous_Schaefer': False, 'M1b_autonomous_Allee': False, 'M2_stockflow_regimeC': False, 'M3_AR_residual': False, 'M4_delayed_info': False}","[-5.223481146537061, 40.164027728720804]","{'M1_autonomous_Schaefer': False, 'M1b_autonomous_Allee': False, 'M2_stockflow_regimeC': True, 'M3_AR_residual': False, 'M4_delayed_info': False}","{'M1_autonomous_Schaefer': False, 'M1b_autonomous_Allee': False, 'M2_stockflow_regimeC': False, 'M3_AR_residual': False, 'M4_delayed_info': False}","[-4.24279140968981, 27.580041164539868]","{'M1_autonomous_Schaefer': False, 'M1b_autonomous_Allee': False, 'M2_stockflow_regimeC': False, 'M3_AR_residual': False, 'M4_delayed_info': False}","{'M1_autonomous_Schaefer': False, 'M1b_autonomous_Allee': False, 'M2_stockflow_regimeC': False, 'M3_AR_residual': False, 'M4_delayed_info': False}","{'M1_autonomous_Schaefer': False, 'M1b_autonomous_Allee': False, 'M2_stockflow_regimeC': False, 'M3_AR_residual': False, 'M4_delayed_info': False}",['M1_autonomous_Schaefer'],"['M3_AR_residual', 'M4_delayed_info', 'M1b_autonomous_Allee', 'naive_persist', 'M2_stockflow_regimeC']",False,False,1
D3_M2_stockflow,11.8,18,"{'M1_autonomous_Schaefer': False, 'M1b_autonomous_Allee': False, 'M2_stockflow_regimeC': False, 'M3_AR_residual': True, 'M4_delayed_info': False}","{'M1_autonomous_Schaefer': False, 'M1b_autonomous_Allee': False, 'M2_stockflow_regimeC': False, 'M3_AR_residual': False, 'M4_delayed_info': False}","[-2.5451544475247965, 52.100510288809296]","{'M1_autonomous_Schaefer': False, 'M1b_autonomous_Allee': False, 'M2_stockflow_regimeC': True, 'M3_AR_residual': True, 'M4_delayed_info': False}","{'M1_autonomous_Schaefer': False, 'M1b_autonomous_Allee': False, 'M2_stockflow_regimeC': False, 'M3_AR_residual': True, 'M4_delayed_info': False}","[-0.04380962019939857, 101.8484557406698]","{'M1_autonomous_Schaefer': False, 'M1b_autonomous_Allee': False, 'M2_stockflow_regimeC': False, 'M3_AR_residual': True, 'M4_delayed_info': False}","{'M1_autonomous_Schaefer': False, 'M1b_autonomous_Allee': False, 'M2_stockflow_regimeC': False, 'M3_AR_residual': False, 'M4_delayed_info': False}","{'M1_autonomous_Schaefer': False, 'M1b_autonomous_Allee': False, 'M2_stockflow_regimeC': False, 'M3_AR_residual': False, 'M4_delayed_info': False}",['M4_delayed_info'],"['M2_stockflow_regimeC', 'M3_AR_residual', 'M1_autonomous_Schaefer', 'M1b_autonomous_Allee', 'naive_persist']",False,False,1
D3_M2_stockflow,11.8,19,"{'M1_autonomous_Schaefer': False, 'M1b_autonomous_Allee': False, 'M2_stockflow_regimeC': True, 'M3_AR_residual': True, 'M4_delayed_info': False}","{'M1_autonomous_Schaefer': False, 'M1b_autonomous_Allee': False, 'M2_stockflow_regimeC': False, 'M3_AR_residual': True, 'M4_delayed_info': False}","[-5.439477155527435, 22.67041799052026]","{'M1_autonomous_Schaefer': False, 'M1b_autonomous_Allee': False, 'M2_stockflow_regimeC': True, 'M3_AR_residual': True, 'M4_delayed_info': False}","{'M1_autonomous_Schaefer': False, 'M1b_autonomous_Allee': False, 'M2_stockflow_regimeC': False, 'M3_AR_residual': False, 'M4_delayed_info': False}","[-3.4425851958197873, 25.142490451843425]","{'M1_autonomous_Schaefer': False, 'M1b_autonomous_Allee': False, 'M2_stockflow_regimeC': True, 'M3_AR_residual': True, 'M4_delayed_info': False}","{'M1_autonomous_Schaefer': False, 'M1b_autonomous_Allee': False, 'M2_stockflow_regimeC': False, 'M3_AR_residual': False, 'M4_delayed_info': False}","{'M1_autonomous_Schaefer': False, 'M1b_autonomous_Allee': False, 'M2_stockflow_regimeC': False, 'M3_AR_residual': False, 'M4_delayed_info': False}",['M2_stockflow_regimeC'],"['M3_AR_residual', 'M4_delayed_info', 'M1_autonomous_Schaefer', 'naive_persist', 'M1b_autonomous_Allee']",True,False,1
D3_M2_stockflow,11.8,20,"{'M1_autonomous_Schaefer': False, 'M1b_autonomous_Allee': False, 'M2_stockflow_regimeC': False, 'M3_AR_residual': True, 'M4_delayed_info': False}","{'M1_autonomous_Schaefer': False, 'M1b_autonomous_Allee': False, 'M2_stockflow_regimeC': False, 'M3_AR_residual': False, 'M4_delayed_info': False}","[-2.6984774583631896, 47.04650373143861]","{'M1_autonomous_Schaefer': False, 'M1b_autonomous_Allee': False, 'M2_stockflow_regimeC': True, 'M3_AR_residual': True, 'M4_delayed_info': False}","{'M1_autonomous_Schaefer': False, 'M1b_autonomous_Allee': False, 'M2_stockflow_regimeC': False, 'M3_AR_residual': True, 'M4_delayed_info': False}","[-4.5010783091014686, 18.39522296730336]","{'M1_autonomous_Schaefer': False, 'M1b_autonomous_Allee': False, 'M2_stockflow_regimeC': False, 'M3_AR_residual': True, 'M4_delayed_info': False}","{'M1_autonomous_Schaefer': False, 'M1b_autonomous_Allee': False, 'M2_stockflow_regimeC': False, 'M3_AR_residual': False, 'M4_delayed_info': False}","{'M1_autonomous_Schaefer': False, 'M1b_autonomous_Allee': False, 'M2_stockflow_regimeC': False, 'M3_AR_residual': False, 'M4_delayed_info': False}",['M1b_autonomous_Allee'],"['M2_stockflow_regimeC', 'M1_autonomous_Schaefer', 'naive_persist', 'M3_AR_residual', 'M4_delayed_info']",False,False,1
D3_M2_stockflow,11.8,21,"{'M1_autonomous_Schaefer': False, 'M1b_autonomous_Allee': True, 'M2_stockflow_regimeC': False, 'M3_AR_residual': True, 'M4_delayed_info': True}","{'M1_autonomous_Schaefer': False, 'M1b_autonomous_Allee': False, 'M2_stockflow_regimeC': False, 'M3_AR_residual': False, 'M4_delayed_info': False}","[-9.220105023461626, 41.17339392128003]","{'M1_autonomous_Schaefer': False, 'M1b_autonomous_Allee': False, 'M2_stockflow_regimeC': True, 'M3_AR_residual': True, 'M4_delayed_info': False}","{'M1_autonomous_Schaefer': False, 'M1b_autonomous_Allee': False, 'M2_stockflow_regimeC': False, 'M3_AR_residual': True, 'M4_delayed_info': False}","[-10.092668366877998, 73.78720950563812]","{'M1_autonomous_Schaefer': False, 'M1b_autonomous_Allee': False, 'M2_stockflow_regimeC': False, 'M3_AR_residual': True, 'M4_delayed_info': False}","{'M1_autonomous_Schaefer': False, 'M1b_autonomous_Allee': False, 'M2_stockflow_regimeC': False, 'M3_AR_residual': False, 'M4_delayed_info': False}","{'M1_autonomous_Schaefer': False, 'M1b_autonomous_Allee': False, 'M2_stockflow_regimeC': False, 'M3_AR_residual': False, 'M4_delayed_info': False}",['M2_stockflow_regimeC'],"['M4_delayed_info', 'M3_AR_residual', 'M1b_autonomous_Allee', 'M1_autonomous_Schaefer', 'naive_persist']",True,False,1
D3_M2_stockflow,11.8,22,"{'M1_autonomous_Schaefer': False, 'M1b_autonomous_Allee': True, 'M2_stockflow_regimeC': False, 'M3_AR_residual': False, 'M4_delayed_info': False}","{'M1_autonomous_Schaefer': False, 'M1b_autonomous_Allee': False, 'M2_stockflow_regimeC': False, 'M3_AR_residual': False, 'M4_delayed_info': False}","[-1.9151152003039797, 42.552048359226774]","{'M1_autonomous_Schaefer': False, 'M1b_autonomous_Allee': False, 'M2_stockflow_regimeC': True, 'M3_AR_residual': True, 'M4_delayed_info': False}","{'M1_autonomous_Schaefer': False, 'M1b_autonomous_Allee': False, 'M2_stockflow_regimeC': False, 'M3_AR_residual': False, 'M4_delayed_info': False}","[-3.5478894076226606, 23.00452692213118]","{'M1_autonomous_Schaefer': False, 'M1b_autonomous_Allee': False, 'M2_stockflow_regimeC': False, 'M3_AR_residual': False, 'M4_delayed_info': False}","{'M1_autonomous_Schaefer': False, 'M1b_autonomous_Allee': False, 'M2_stockflow_regimeC': False, 'M3_AR_residual': False, 'M4_delayed_info': False}","{'M1_autonomous_Schaefer': False, 'M1b_autonomous_Allee': False, 'M2_stockflow_regimeC': False, 'M3_AR_residual': False, 'M4_delayed_info': False}",['M4_delayed_info'],"['M2_stockflow_regimeC', 'M1_autonomous_Schaefer', 'M1b_autonomous_Allee', 'M3_AR_residual', 'naive_persist']",False,False,1
D3_M2_stockflow,11.8,23,"{'M1_autonomous_Schaefer': False, 'M1b_autonomous_Allee': True, 'M2_stockflow_regimeC': False, 'M3_AR_residual': False, 'M4_delayed_info': True}","{'M1_autonomous_Schaefer': False, 'M1b_autonomous_Allee': True, 'M2_stockflow_regimeC': False, 'M3_AR_residual': False, 'M4_delayed_info': False}","[-3.3101867702094814, 44.68411173642127]","{'M1_autonomous_Schaefer': False, 'M1b_autonomous_Allee': False, 'M2_stockflow_regimeC': True, 'M3_AR_residual': True, 'M4_delayed_info': False}","{'M1_autonomous_Schaefer': False, 'M1b_autonomous_Allee': False, 'M2_stockflow_regimeC': False, 'M3_AR_residual': False, 'M4_delayed_info': False}","[-6.891590621863547, 13.625583443360934]","{'M1_autonomous_Schaefer': False, 'M1b_autonomous_Allee': False, 'M2_stockflow_regimeC': False, 'M3_AR_residual': False, 'M4_delayed_info': False}","{'M1_autonomous_Schaefer': False, 'M1b_autonomous_Allee': False, 'M2_stockflow_regimeC': False, 'M3_AR_residual': False, 'M4_delayed_info': False}","{'M1_autonomous_Schaefer': False, 'M1b_autonomous_Allee': False, 'M2_stockflow_regimeC': False, 'M3_AR_residual': False, 'M4_delayed_info': False}",['M1b_autonomous_Allee'],"['M2_stockflow_regimeC', 'M1_autonomous_Schaefer', 'naive_persist', 'M3_AR_residual', 'M4_delayed_info']",False,False,1
D3_M2_stockflow,11.8,24,"{'M1_autonomous_Schaefer': False, 'M1b_autonomous_Allee': True, 'M2_stockflow_regimeC': False, 'M3_AR_residual': True, 'M4_delayed_info': False}","{'M1_autonomous_Schaefer': False, 'M1b_autonomous_Allee': False, 'M2_stockflow_regimeC': False, 'M3_AR_residual': False, 'M4_delayed_info': False}","[-3.5635311769206286, 44.49946237768464]","{'M1_autonomous_Schaefer': False, 'M1b_autonomous_Allee': False, 'M2_stockflow_regimeC': True, 'M3_AR_residual': True, 'M4_delayed_info': False}","{'M1_autonomous_Schaefer': False, 'M1b_autonomous_Allee': False, 'M2_stockflow_regimeC': False, 'M3_AR_residual': False, 'M4_delayed_info': False}","[-0.3436050994985457, 28.275475591630745]","{'M1_autonomous_Schaefer': False, 'M1b_autonomous_Allee': False, 'M2_stockflow_regimeC': False, 'M3_AR_residual': True, 'M4_delayed_info': False}","{'M1_autonomous_Schaefer': False, 'M1b_autonomous_Allee': False, 'M2_stockflow_regimeC': False, 'M3_AR_residual': False, 'M4_delayed_info': False}","{'M1_autonomous_Schaefer': False, 'M1b_autonomous_Allee': False, 'M2_stockflow_regimeC': False, 'M3_AR_residual': False, 'M4_delayed_info': False}",['M1b_autonomous_Allee'],"['M2_stockflow_regimeC', 'M1_autonomous_Schaefer', 'naive_persist', 'M3_AR_residual', 'M4_delayed_info']",False,False,1
D3_M2_stockflow,33.8,0,"{'M1_autonomous_Schaefer': True, 'M1b_autonomous_Allee': False, 'M2_stockflow_regimeC': False, 'M3_AR_residual': False, 'M4_delayed_info': False}","{'M1_autonomous_Schaefer': False, 'M1b_autonomous_Allee': False, 'M2_stockflow_regimeC': False, 'M3_AR_residual': False, 'M4_delayed_info': False}","[-44.716949133617916, 8.787283843839807]","{'M1_autonomous_Schaefer': True, 'M1b_autonomous_Allee': False, 'M2_stockflow_regimeC': False, 'M3_AR_residual': False, 'M4_delayed_info': False}","{'M1_autonomous_Schaefer': False, 'M1b_autonomous_Allee': False, 'M2_stockflow_regimeC': False, 'M3_AR_residual': False, 'M4_delayed_info': False}","[-85.35929037074412, 14.245048335528827]","{'M1_autonomous_Schaefer': True, 'M1b_autonomous_Allee': False, 'M2_stockflow_regimeC': False, 'M3_AR_residual': False, 'M4_delayed_info': False}","{'M1_autonomous_Schaefer': False, 'M1b_autonomous_Allee': False, 'M2_stockflow_regimeC': False, 'M3_AR_residual': False, 'M4_delayed_info': False}","{'M1_autonomous_Schaefer': False, 'M1b_autonomous_Allee': False, 'M2_stockflow_regimeC': False, 'M3_AR_residual': False, 'M4_delayed_info': False}",['M4_delayed_info'],"['naive_persist', 'M3_AR_residual', 'M2_stockflow_regimeC', 'M1b_autonomous_Allee', 'M1_autonomous_Schaefer']",False,False,1
D3_M2_stockflow,33.8,1,"{'M1_autonomous_Schaefer': True, 'M1b_autonomous_Allee': True, 'M2_stockflow_regimeC': False, 'M3_AR_residual': True, 'M4_delayed_info': False}","{'M1_autonomous_Schaefer': False, 'M1b_autonomous_Allee': False, 'M2_stockflow_regimeC': False, 'M3_AR_residual': False, 'M4_delayed_info': False}","[-37.84986922889368, 18.91500753770799]","{'M1_autonomous_Schaefer': False, 'M1b_autonomous_Allee': False, 'M2_stockflow_regimeC': False, 'M3_AR_residual': False, 'M4_delayed_info': False}","{'M1_autonomous_Schaefer': False, 'M1b_autonomous_Allee': False, 'M2_stockflow_regimeC': False, 'M3_AR_residual': False, 'M4_delayed_info': False}","[-23.589717318836854, 90.32237029902046]","{'M1_autonomous_Schaefer': False, 'M1b_autonomous_Allee': False, 'M2_stockflow_regimeC': False, 'M3_AR_residual': False, 'M4_delayed_info': False}","{'M1_autonomous_Schaefer': False, 'M1b_autonomous_Allee': False, 'M2_stockflow_regimeC': False, 'M3_AR_residual': False, 'M4_delayed_info': False}","{'M1_autonomous_Schaefer': False, 'M1b_autonomous_Allee': False, 'M2_stockflow_regimeC': False, 'M3_AR_residual': False, 'M4_delayed_info': False}",['naive_persist'],"['M1b_autonomous_Allee', 'M3_AR_residual', 'M2_stockflow_regimeC', 'M1_autonomous_Schaefer', 'M4_delayed_info']",False,True,1
D3_M2_stockflow,33.8,2,"{'M1_autonomous_Schaefer': True, 'M1b_autonomous_Allee': False, 'M2_stockflow_regimeC': False, 'M3_AR_residual': False, 'M4_delayed_info': False}","{'M1_autonomous_Schaefer': False, 'M1b_autonomous_Allee': False, 'M2_stockflow_regimeC': False, 'M3_AR_residual': False, 'M4_delayed_info': False}","[-39.0378468814301, 4.364449047255898]","{'M1_autonomous_Schaefer': True, 'M1b_autonomous_Allee': False, 'M2_stockflow_regimeC': False, 'M3_AR_residual': False, 'M4_delayed_info': False}","{'M1_autonomous_Schaefer': False, 'M1b_autonomous_Allee': False, 'M2_stockflow_regimeC': False, 'M3_AR_residual': False, 'M4_delayed_info': False}","[-43.48429255537992, 2.8718300367036083]","{'M1_autonomous_Schaefer': True, 'M1b_autonomous_Allee': False, 'M2_stockflow_regimeC': False, 'M3_AR_residual': False, 'M4_delayed_info': False}","{'M1_autonomous_Schaefer': False, 'M1b_autonomous_Allee': False, 'M2_stockflow_regimeC': False, 'M3_AR_residual': False, 'M4_delayed_info': False}","{'M1_autonomous_Schaefer': False, 'M1b_autonomous_Allee': False, 'M2_stockflow_regimeC': False, 'M3_AR_residual': False, 'M4_delayed_info': False}",['M1_autonomous_Schaefer'],"['naive_persist', 'M1b_autonomous_Allee', 'M2_stockflow_regimeC', 'M4_delayed_info', 'M3_AR_residual']",False,False,1
D3_M2_stockflow,33.8,3,"{'M1_autonomous_Schaefer': True, 'M1b_autonomous_Allee': False, 'M2_stockflow_regimeC': False, 'M3_AR_residual': False, 'M4_delayed_info': False}","{'M1_autonomous_Schaefer': True, 'M1b_autonomous_Allee': False, 'M2_stockflow_regimeC': False, 'M3_AR_residual': False, 'M4_delayed_info': False}","[-62.587695963495975, -15.660804391004856]","{'M1_autonomous_Schaefer': True, 'M1b_autonomous_Allee': False, 'M2_stockflow_regimeC': False, 'M3_AR_residual': False, 'M4_delayed_info': False}","{'M1_autonomous_Schaefer': True, 'M1b_autonomous_Allee': False, 'M2_stockflow_regimeC': False, 'M3_AR_residual': False, 'M4_delayed_info': False}","[-71.26405550654769, -23.263522730657037]","{'M1_autonomous_Schaefer': True, 'M1b_autonomous_Allee': False, 'M2_stockflow_regimeC': False, 'M3_AR_residual': False, 'M4_delayed_info': False}","{'M1_autonomous_Schaefer': True, 'M1b_autonomous_Allee': False, 'M2_stockflow_regimeC': False, 'M3_AR_residual': False, 'M4_delayed_info': False}","{'M1_autonomous_Schaefer': True, 'M1b_autonomous_Allee': False, 'M2_stockflow_regimeC': False, 'M3_AR_residual': False, 'M4_delayed_info': False}",['M3_AR_residual'],"['M1_autonomous_Schaefer', 'naive_persist', 'M2_stockflow_regimeC', 'M1b_autonomous_Allee', 'M4_delayed_info']",False,False,1
D3_M2_stockflow,33.8,4,"{'M1_autonomous_Schaefer': True, 'M1b_autonomous_Allee': False, 'M2_stockflow_regimeC': False, 'M3_AR_residual': False, 'M4_delayed_info': False}","{'M1_autonomous_Schaefer': False, 'M1b_autonomous_Allee': False, 'M2_stockflow_regimeC': False, 'M3_AR_residual': False, 'M4_delayed_info': False}","[-45.249870969661835, 6.008889893534632]","{'M1_autonomous_Schaefer': True, 'M1b_autonomous_Allee': False, 'M2_stockflow_regimeC': False, 'M3_AR_residual': False, 'M4_delayed_info': False}","{'M1_autonomous_Schaefer': False, 'M1b_autonomous_Allee': False, 'M2_stockflow_regimeC': False, 'M3_AR_residual': False, 'M4_delayed_info': False}","[-64.10517590940732, 30.04920673143702]","{'M1_autonomous_Schaefer': True, 'M1b_autonomous_Allee': False, 'M2_stockflow_regimeC': False, 'M3_AR_residual': False, 'M4_delayed_info': False}","{'M1_autonomous_Schaefer': False, 'M1b_autonomous_Allee': False, 'M2_stockflow_regimeC': False, 'M3_AR_residual': False, 'M4_delayed_info': False}","{'M1_autonomous_Schaefer': False, 'M1b_autonomous_Allee': False, 'M2_stockflow_regimeC': False, 'M3_AR_residual': False, 'M4_delayed_info': False}",['M3_AR_residual'],"['naive_persist', 'M4_delayed_info', 'M1_autonomous_Schaefer', 'M1b_autonomous_Allee', 'M2_stockflow_regimeC']",False,False,1
D3_M2_stockflow,33.8,5,"{'M1_autonomous_Schaefer': True, 'M1b_autonomous_Allee': False, 'M2_stockflow_regimeC': True, 'M3_AR_residual': False, 'M4_delayed_info': False}","{'M1_autonomous_Schaefer': False, 'M1b_autonomous_Allee': False, 'M2_stockflow_regimeC': False, 'M3_AR_residual': False, 'M4_delayed_info': False}","[-35.99510876825271, 20.02943536565492]","{'M1_autonomous_Schaefer': False, 'M1b_autonomous_Allee': False, 'M2_stockflow_regimeC': True, 'M3_AR_residual': False, 'M4_delayed_info': False}","{'M1_autonomous_Schaefer': False, 'M1b_autonomous_Allee': False, 'M2_stockflow_regimeC': False, 'M3_AR_residual': False, 'M4_delayed_info': False}","[-30.37392039331247, 34.86364087323137]","{'M1_autonomous_Schaefer': False, 'M1b_autonomous_Allee': False, 'M2_stockflow_regimeC': True, 'M3_AR_residual': False, 'M4_delayed_info': False}","{'M1_autonomous_Schaefer': False, 'M1b_autonomous_Allee': False, 'M2_stockflow_regimeC': False, 'M3_AR_residual': False, 'M4_delayed_info': False}","{'M1_autonomous_Schaefer': False, 'M1b_autonomous_Allee': False, 'M2_stockflow_regimeC': False, 'M3_AR_residual': False, 'M4_delayed_info': False}",['M1_autonomous_Schaefer'],"['naive_persist', 'M4_delayed_info', 'M3_AR_residual', 'M2_stockflow_regimeC', 'M1b_autonomous_Allee']",False,False,1
D3_M2_stockflow,33.8,6,"{'M1_autonomous_Schaefer': True, 'M1b_autonomous_Allee': False, 'M2_stockflow_regimeC': False, 'M3_AR_residual': False, 'M4_delayed_info': False}","{'M1_autonomous_Schaefer': False, 'M1b_autonomous_Allee': False, 'M2_stockflow_regimeC': False, 'M3_AR_residual': False, 'M4_delayed_info': False}","[-57.4523910127992, 18.232704027932055]","{'M1_autonomous_Schaefer': False, 'M1b_autonomous_Allee': False, 'M2_stockflow_regimeC': False, 'M3_AR_residual': False, 'M4_delayed_info': False}","{'M1_autonomous_Schaefer': False, 'M1b_autonomous_Allee': False, 'M2_stockflow_regimeC': False, 'M3_AR_residual': False, 'M4_delayed_info': False}","[-75.52984408014024, 106.76510100477093]","{'M1_autonomous_Schaefer': False, 'M1b_autonomous_Allee': False, 'M2_stockflow_regimeC': False, 'M3_AR_residual': False, 'M4_delayed_info': False}","{'M1_autonomous_Schaefer': False, 'M1b_autonomous_Allee': False, 'M2_stockflow_regimeC': False, 'M3_AR_residual': False, 'M4_delayed_info': False}","{'M1_autonomous_Schaefer': False, 'M1b_autonomous_Allee': False, 'M2_stockflow_regimeC': False, 'M3_AR_residual': False, 'M4_delayed_info': False}",['M1b_autonomous_Allee'],"['M4_delayed_info', 'M3_AR_residual', 'M1_autonomous_Schaefer', 'naive_persist', 'M2_stockflow_regimeC']",False,False,1
D3_M2_stockflow,33.8,7,"{'M1_autonomous_Schaefer': True, 'M1b_autonomous_Allee': False, 'M2_stockflow_regimeC': False, 'M3_AR_residual': False, 'M4_delayed_info': False}","{'M1_autonomous_Schaefer': False, 'M1b_autonomous_Allee': False, 'M2_stockflow_regimeC': False, 'M3_AR_residual': False, 'M4_delayed_info': False}","[-47.39368594119803, 12.094555280634003]","{'M1_autonomous_Schaefer': True, 'M1b_autonomous_Allee': True, 'M2_stockflow_regimeC': False, 'M3_AR_residual': False, 'M4_delayed_info': False}","{'M1_autonomous_Schaefer': False, 'M1b_autonomous_Allee': False, 'M2_stockflow_regimeC': False, 'M3_AR_residual': False, 'M4_delayed_info': False}","[-58.880958460626914, 20.7532884571819]","{'M1_autonomous_Schaefer': True, 'M1b_autonomous_Allee': False, 'M2_stockflow_regimeC': False, 'M3_AR_residual': False, 'M4_delayed_info': False}","{'M1_autonomous_Schaefer': False, 'M1b_autonomous_Allee': False, 'M2_stockflow_regimeC': False, 'M3_AR_residual': False, 'M4_delayed_info': False}","{'M1_autonomous_Schaefer': False, 'M1b_autonomous_Allee': False, 'M2_stockflow_regimeC': False, 'M3_AR_residual': False, 'M4_delayed_info': False}",['M3_AR_residual'],"['naive_persist', 'M2_stockflow_regimeC', 'M4_delayed_info', 'M1_autonomous_Schaefer', 'M1b_autonomous_Allee']",False,False,1
D3_M2_stockflow,33.8,8,"{'M1_autonomous_Schaefer': False, 'M1b_autonomous_Allee': False, 'M2_stockflow_regimeC': False, 'M3_AR_residual': False, 'M4_delayed_info': False}","{'M1_autonomous_Schaefer': False, 'M1b_autonomous_Allee': False, 'M2_stockflow_regimeC': False, 'M3_AR_residual': False, 'M4_delayed_info': False}","[-8.128568567668212, 7.5803092317035095]","{'M1_autonomous_Schaefer': False, 'M1b_autonomous_Allee': False, 'M2_stockflow_regimeC': False, 'M3_AR_residual': False, 'M4_delayed_info': False}","{'M1_autonomous_Schaefer': False, 'M1b_autonomous_Allee': False, 'M2_stockflow_regimeC': False, 'M3_AR_residual': False, 'M4_delayed_info': False}","[-3.30169171443183, 22.769445328415582]","{'M1_autonomous_Schaefer': False, 'M1b_autonomous_Allee': False, 'M2_stockflow_regimeC': False, 'M3_AR_residual': False, 'M4_delayed_info': False}","{'M1_autonomous_Schaefer': False, 'M1b_autonomous_Allee': False, 'M2_stockflow_regimeC': False, 'M3_AR_residual': False, 'M4_delayed_info': False}","{'M1_autonomous_Schaefer': False, 'M1b_autonomous_Allee': False, 'M2_stockflow_regimeC': False, 'M3_AR_residual': False, 'M4_delayed_info': False}",['M3_AR_residual'],"['M2_stockflow_regimeC', 'M1b_autonomous_Allee', 'naive_persist', 'M1_autonomous_Schaefer', 'M4_delayed_info']",False,False,1
D3_M2_stockflow,33.8,9,"{'M1_autonomous_Schaefer': True, 'M1b_autonomous_Allee': False, 'M2_stockflow_regimeC': False, 'M3_AR_residual': False, 'M4_delayed_info': False}","{'M1_autonomous_Schaefer': False, 'M1b_autonomous_Allee': False, 'M2_stockflow_regimeC': False, 'M3_AR_residual': False, 'M4_delayed_info': False}","[-36.10761512549898, 1.5153286601301978]","{'M1_autonomous_Schaefer': True, 'M1b_autonomous_Allee': False, 'M2_stockflow_regimeC': False, 'M3_AR_residual': False, 'M4_delayed_info': False}","{'M1_autonomous_Schaefer': False, 'M1b_autonomous_Allee': False, 'M2_stockflow_regimeC': False, 'M3_AR_residual': False, 'M4_delayed_info': False}","[-45.40993401621116, 15.480543477941213]","{'M1_autonomous_Schaefer': True, 'M1b_autonomous_Allee': False, 'M2_stockflow_regimeC': False, 'M3_AR_residual': False, 'M4_delayed_info': False}","{'M1_autonomous_Schaefer': False, 'M1b_autonomous_Allee': False, 'M2_stockflow_regimeC': False, 'M3_AR_residual': False, 'M4_delayed_info': False}","{'M1_autonomous_Schaefer': False, 'M1b_autonomous_Allee': False, 'M2_stockflow_regimeC': False, 'M3_AR_residual': False, 'M4_delayed_info': False}",['M2_stockflow_regimeC'],"['naive_persist', 'M3_AR_residual', 'M1b_autonomous_Allee', 'M1_autonomous_Schaefer', 'M4_delayed_info']",True,False,1
D3_M2_stockflow,33.8,10,"{'M1_autonomous_Schaefer': True, 'M1b_autonomous_Allee': False, 'M2_stockflow_regimeC': False, 'M3_AR_residual': False, 'M4_delayed_info': False}","{'M1_autonomous_Schaefer': True, 'M1b_autonomous_Allee': False, 'M2_stockflow_regimeC': False, 'M3_AR_residual': False, 'M4_delayed_info': False}","[-51.60141000105046, -6.223769349678366]","{'M1_autonomous_Schaefer': False, 'M1b_autonomous_Allee': False, 'M2_stockflow_regimeC': False, 'M3_AR_residual': False, 'M4_delayed_info': False}","{'M1_autonomous_Schaefer': False, 'M1b_autonomous_Allee': False, 'M2_stockflow_regimeC': False, 'M3_AR_residual': False, 'M4_delayed_info': False}","[-7.803160096496388, 42.444924623011396]","{'M1_autonomous_Schaefer': False, 'M1b_autonomous_Allee': False, 'M2_stockflow_regimeC': False, 'M3_AR_residual': False, 'M4_delayed_info': False}","{'M1_autonomous_Schaefer': False, 'M1b_autonomous_Allee': False, 'M2_stockflow_regimeC': False, 'M3_AR_residual': False, 'M4_delayed_info': False}","{'M1_autonomous_Schaefer': False, 'M1b_autonomous_Allee': False, 'M2_stockflow_regimeC': False, 'M3_AR_residual': False, 'M4_delayed_info': False}",['M1b_autonomous_Allee'],"['naive_persist', 'M4_delayed_info', 'M1_autonomous_Schaefer', 'M2_stockflow_regimeC', 'M3_AR_residual']",False,False,1
D3_M2_stockflow,33.8,11,"{'M1_autonomous_Schaefer': True, 'M1b_autonomous_Allee': False, 'M2_stockflow_regimeC': False, 'M3_AR_residual': False, 'M4_delayed_info': False}","{'M1_autonomous_Schaefer': False, 'M1b_autonomous_Allee': False, 'M2_stockflow_regimeC': False, 'M3_AR_residual': False, 'M4_delayed_info': False}","[-24.471032675824322, 30.630477797019218]","{'M1_autonomous_Schaefer': False, 'M1b_autonomous_Allee': False, 'M2_stockflow_regimeC': False, 'M3_AR_residual': False, 'M4_delayed_info': False}","{'M1_autonomous_Schaefer': False, 'M1b_autonomous_Allee': False, 'M2_stockflow_regimeC': False, 'M3_AR_residual': False, 'M4_delayed_info': False}","[-7.629454902548174, 14.605018824400634]","{'M1_autonomous_Schaefer': False, 'M1b_autonomous_Allee': False, 'M2_stockflow_regimeC': False, 'M3_AR_residual': False, 'M4_delayed_info': False}","{'M1_autonomous_Schaefer': False, 'M1b_autonomous_Allee': False, 'M2_stockflow_regimeC': False, 'M3_AR_residual': False, 'M4_delayed_info': False}","{'M1_autonomous_Schaefer': False, 'M1b_autonomous_Allee': False, 'M2_stockflow_regimeC': False, 'M3_AR_residual': False, 'M4_delayed_info': False}",['M1b_autonomous_Allee'],"['naive_persist', 'M3_AR_residual', 'M4_delayed_info', 'M1_autonomous_Schaefer', 'M2_stockflow_regimeC']",False,False,1
D3_M2_stockflow,33.8,12,"{'M1_autonomous_Schaefer': True, 'M1b_autonomous_Allee': False, 'M2_stockflow_regimeC': False, 'M3_AR_residual': True, 'M4_delayed_info': True}","{'M1_autonomous_Schaefer': True, 'M1b_autonomous_Allee': False, 'M2_stockflow_regimeC': False, 'M3_AR_residual': False, 'M4_delayed_info': True}","[-83.79729843768206, -34.07473906358584]","{'M1_autonomous_Schaefer': True, 'M1b_autonomous_Allee': False, 'M2_stockflow_regimeC': False, 'M3_AR_residual': False, 'M4_delayed_info': False}","{'M1_autonomous_Schaefer': True, 'M1b_autonomous_Allee': False, 'M2_stockflow_regimeC': False, 'M3_AR_residual': False, 'M4_delayed_info': True}","[-156.2314715618977, -29.01210032352985]","{'M1_autonomous_Schaefer': True, 'M1b_autonomous_Allee': False, 'M2_stockflow_regimeC': False, 'M3_AR_residual': False, 'M4_delayed_info': False}","{'M1_autonomous_Schaefer': True, 'M1b_autonomous_Allee': False, 'M2_stockflow_regimeC': False, 'M3_AR_residual': False, 'M4_delayed_info': True}","{'M1_autonomous_Schaefer': True, 'M1b_autonomous_Allee': False, 'M2_stockflow_regimeC': False, 'M3_AR_residual': False, 'M4_delayed_info': False}",['M2_stockflow_regimeC'],"['naive_persist', 'M1b_autonomous_Allee', 'M4_delayed_info', 'M3_AR_residual', 'M1_autonomous_Schaefer']",True,False,1
D3_M2_stockflow,33.8,13,"{'M1_autonomous_Schaefer': False, 'M1b_autonomous_Allee': True, 'M2_stockflow_regimeC': False, 'M3_AR_residual': True, 'M4_delayed_info': True}","{'M1_autonomous_Schaefer': False, 'M1b_autonomous_Allee': False, 'M2_stockflow_regimeC': False, 'M3_AR_residual': False, 'M4_delayed_info': False}","[-12.257366261615173, 25.736870294661966]","{'M1_autonomous_Schaefer': False, 'M1b_autonomous_Allee': False, 'M2_stockflow_regimeC': True, 'M3_AR_residual': False, 'M4_delayed_info': False}","{'M1_autonomous_Schaefer': False, 'M1b_autonomous_Allee': False, 'M2_stockflow_regimeC': False, 'M3_AR_residual': False, 'M4_delayed_info': False}","[7.931463098084261, 26.782699020016626]","{'M1_autonomous_Schaefer': False, 'M1b_autonomous_Allee': False, 'M2_stockflow_regimeC': False, 'M3_AR_residual': False, 'M4_delayed_info': False}","{'M1_autonomous_Schaefer': False, 'M1b_autonomous_Allee': False, 'M2_stockflow_regimeC': False, 'M3_AR_residual': False, 'M4_delayed_info': False}","{'M1_autonomous_Schaefer': False, 'M1b_autonomous_Allee': False, 'M2_stockflow_regimeC': False, 'M3_AR_residual': False, 'M4_delayed_info': False}",['M1b_autonomous_Allee'],"['M2_stockflow_regimeC', 'M4_delayed_info', 'naive_persist', 'M1_autonomous_Schaefer', 'M3_AR_residual']",False,False,1
D3_M2_stockflow,33.8,14,"{'M1_autonomous_Schaefer': True, 'M1b_autonomous_Allee': False, 'M2_stockflow_regimeC': False, 'M3_AR_residual': False, 'M4_delayed_info': False}","{'M1_autonomous_Schaefer': False, 'M1b_autonomous_Allee': False, 'M2_stockflow_regimeC': False, 'M3_AR_residual': False, 'M4_delayed_info': False}","[-53.06824249126155, 24.401196125460995]","{'M1_autonomous_Schaefer': True, 'M1b_autonomous_Allee': False, 'M2_stockflow_regimeC': False, 'M3_AR_residual': False, 'M4_delayed_info': False}","{'M1_autonomous_Schaefer': False, 'M1b_autonomous_Allee': False, 'M2_stockflow_regimeC': False, 'M3_AR_residual': False, 'M4_delayed_info': False}","[-82.16022776598288, 15.76284563598727]","{'M1_autonomous_Schaefer': True, 'M1b_autonomous_Allee': False, 'M2_stockflow_regimeC': False, 'M3_AR_residual': False, 'M4_delayed_info': False}","{'M1_autonomous_Schaefer': False, 'M1b_autonomous_Allee': False, 'M2_stockflow_regimeC': False, 'M3_AR_residual': False, 'M4_delayed_info': False}","{'M1_autonomous_Schaefer': False, 'M1b_autonomous_Allee': False, 'M2_stockflow_regimeC': False, 'M3_AR_residual': False, 'M4_delayed_info': False}",['M1_autonomous_Schaefer'],"['naive_persist', 'M2_stockflow_regimeC', 'M4_delayed_info', 'M1b_autonomous_Allee', 'M3_AR_residual']",False,False,1
D3_M2_stockflow,33.8,15,"{'M1_autonomous_Schaefer': False, 'M1b_autonomous_Allee': True, 'M2_stockflow_regimeC': False, 'M3_AR_residual': True, 'M4_delayed_info': False}","{'M1_autonomous_Schaefer': False, 'M1b_autonomous_Allee': False, 'M2_stockflow_regimeC': False, 'M3_AR_residual': False, 'M4_delayed_info': False}","[-8.666985558899995, 38.250105132433966]","{'M1_autonomous_Schaefer': False, 'M1b_autonomous_Allee': False, 'M2_stockflow_regimeC': True, 'M3_AR_residual': False, 'M4_delayed_info': False}","{'M1_autonomous_Schaefer': False, 'M1b_autonomous_Allee': False, 'M2_stockflow_regimeC': False, 'M3_AR_residual': False, 'M4_delayed_info': False}","[8.84459014650172, 42.19524668578496]","{'M1_autonomous_Schaefer': False, 'M1b_autonomous_Allee': False, 'M2_stockflow_regimeC': False, 'M3_AR_residual': False, 'M4_delayed_info': False}","{'M1_autonomous_Schaefer': False, 'M1b_autonomous_Allee': False, 'M2_stockflow_regimeC': False, 'M3_AR_residual': False, 'M4_delayed_info': False}","{'M1_autonomous_Schaefer': False, 'M1b_autonomous_Allee': False, 'M2_stockflow_regimeC': False, 'M3_AR_residual': False, 'M4_delayed_info': False}",['M1b_autonomous_Allee'],"['M2_stockflow_regimeC', 'naive_persist', 'M1_autonomous_Schaefer', 'M4_delayed_info', 'M3_AR_residual']",False,False,1
D3_M2_stockflow,33.8,16,"{'M1_autonomous_Schaefer': True, 'M1b_autonomous_Allee': False, 'M2_stockflow_regimeC': False, 'M3_AR_residual': False, 'M4_delayed_info': True}","{'M1_autonomous_Schaefer': False, 'M1b_autonomous_Allee': False, 'M2_stockflow_regimeC': False, 'M3_AR_residual': False, 'M4_delayed_info': False}","[-29.893269471041037, 26.468672665138985]","{'M1_autonomous_Schaefer': False, 'M1b_autonomous_Allee': False, 'M2_stockflow_regimeC': False, 'M3_AR_residual': False, 'M4_delayed_info': False}","{'M1_autonomous_Schaefer': False, 'M1b_autonomous_Allee': False, 'M2_stockflow_regimeC': False, 'M3_AR_residual': False, 'M4_delayed_info': False}","[-16.336052519325804, 24.22864587951753]","{'M1_autonomous_Schaefer': False, 'M1b_autonomous_Allee': False, 'M2_stockflow_regimeC': False, 'M3_AR_residual': False, 'M4_delayed_info': False}","{'M1_autonomous_Schaefer': False, 'M1b_autonomous_Allee': False, 'M2_stockflow_regimeC': False, 'M3_AR_residual': False, 'M4_delayed_info': False}","{'M1_autonomous_Schaefer': False, 'M1b_autonomous_Allee': False, 'M2_stockflow_regimeC': False, 'M3_AR_residual': False, 'M4_delayed_info': False}",['M2_stockflow_regimeC'],"['naive_persist', 'M3_AR_residual', 'M4_delayed_info', 'M1_autonomous_Schaefer', 'M1b_autonomous_Allee']",True,False,1
D3_M2_stockflow,33.8,17,"{'M1_autonomous_Schaefer': True, 'M1b_autonomous_Allee': False, 'M2_stockflow_regimeC': True, 'M3_AR_residual': False, 'M4_delayed_info': False}","{'M1_autonomous_Schaefer': False, 'M1b_autonomous_Allee': False, 'M2_stockflow_regimeC': False, 'M3_AR_residual': False, 'M4_delayed_info': False}","[-43.10251819333913, 11.789742607142472]","{'M1_autonomous_Schaefer': False, 'M1b_autonomous_Allee': False, 'M2_stockflow_regimeC': False, 'M3_AR_residual': False, 'M4_delayed_info': False}","{'M1_autonomous_Schaefer': False, 'M1b_autonomous_Allee': False, 'M2_stockflow_regimeC': False, 'M3_AR_residual': False, 'M4_delayed_info': False}","[-16.01728151624617, 20.674255220475924]","{'M1_autonomous_Schaefer': False, 'M1b_autonomous_Allee': False, 'M2_stockflow_regimeC': False, 'M3_AR_residual': False, 'M4_delayed_info': False}","{'M1_autonomous_Schaefer': False, 'M1b_autonomous_Allee': False, 'M2_stockflow_regimeC': False, 'M3_AR_residual': False, 'M4_delayed_info': False}","{'M1_autonomous_Schaefer': False, 'M1b_autonomous_Allee': False, 'M2_stockflow_regimeC': False, 'M3_AR_residual': False, 'M4_delayed_info': False}",['M4_delayed_info'],"['naive_persist', 'M2_stockflow_regimeC', 'M3_AR_residual', 'M1_autonomous_Schaefer', 'M1b_autonomous_Allee']",False,False,1
D3_M2_stockflow,33.8,18,"{'M1_autonomous_Schaefer': True, 'M1b_autonomous_Allee': False, 'M2_stockflow_regimeC': False, 'M3_AR_residual': False, 'M4_delayed_info': True}","{'M1_autonomous_Schaefer': False, 'M1b_autonomous_Allee': False, 'M2_stockflow_regimeC': False, 'M3_AR_residual': False, 'M4_delayed_info': False}","[-50.28375417644885, 11.243362422923086]","{'M1_autonomous_Schaefer': True, 'M1b_autonomous_Allee': False, 'M2_stockflow_regimeC': False, 'M3_AR_residual': False, 'M4_delayed_info': False}","{'M1_autonomous_Schaefer': False, 'M1b_autonomous_Allee': False, 'M2_stockflow_regimeC': False, 'M3_AR_residual': False, 'M4_delayed_info': False}","[-49.13526561928868, 17.74237823047773]","{'M1_autonomous_Schaefer': True, 'M1b_autonomous_Allee': False, 'M2_stockflow_regimeC': False, 'M3_AR_residual': False, 'M4_delayed_info': False}","{'M1_autonomous_Schaefer': False, 'M1b_autonomous_Allee': False, 'M2_stockflow_regimeC': False, 'M3_AR_residual': False, 'M4_delayed_info': False}","{'M1_autonomous_Schaefer': False, 'M1b_autonomous_Allee': False, 'M2_stockflow_regimeC': False, 'M3_AR_residual': False, 'M4_delayed_info': False}",['M1b_autonomous_Allee'],"['naive_persist', 'M4_delayed_info', 'M3_AR_residual', 'M1_autonomous_Schaefer', 'M2_stockflow_regimeC']",False,False,1
D3_M2_stockflow,33.8,19,"{'M1_autonomous_Schaefer': True, 'M1b_autonomous_Allee': True, 'M2_stockflow_regimeC': False, 'M3_AR_residual': True, 'M4_delayed_info': False}","{'M1_autonomous_Schaefer': False, 'M1b_autonomous_Allee': False, 'M2_stockflow_regimeC': False, 'M3_AR_residual': False, 'M4_delayed_info': False}","[-32.54774559078095, 16.36221890882161]","{'M1_autonomous_Schaefer': False, 'M1b_autonomous_Allee': False, 'M2_stockflow_regimeC': False, 'M3_AR_residual': False, 'M4_delayed_info': False}","{'M1_autonomous_Schaefer': False, 'M1b_autonomous_Allee': False, 'M2_stockflow_regimeC': False, 'M3_AR_residual': False, 'M4_delayed_info': False}","[-23.153797368311874, 23.074373871372842]","{'M1_autonomous_Schaefer': False, 'M1b_autonomous_Allee': False, 'M2_stockflow_regimeC': False, 'M3_AR_residual': False, 'M4_delayed_info': False}","{'M1_autonomous_Schaefer': False, 'M1b_autonomous_Allee': False, 'M2_stockflow_regimeC': False, 'M3_AR_residual': False, 'M4_delayed_info': False}","{'M1_autonomous_Schaefer': False, 'M1b_autonomous_Allee': False, 'M2_stockflow_regimeC': False, 'M3_AR_residual': False, 'M4_delayed_info': False}",['M2_stockflow_regimeC'],"['naive_persist', 'M1b_autonomous_Allee', 'M3_AR_residual', 'M1_autonomous_Schaefer', 'M4_delayed_info']",True,False,1
D3_M2_stockflow,33.8,20,"{'M1_autonomous_Schaefer': True, 'M1b_autonomous_Allee': False, 'M2_stockflow_regimeC': False, 'M3_AR_residual': False, 'M4_delayed_info': True}","{'M1_autonomous_Schaefer': False, 'M1b_autonomous_Allee': False, 'M2_stockflow_regimeC': False, 'M3_AR_residual': False, 'M4_delayed_info': False}","[-25.888046248451246, 21.33944917014904]","{'M1_autonomous_Schaefer': False, 'M1b_autonomous_Allee': False, 'M2_stockflow_regimeC': True, 'M3_AR_residual': False, 'M4_delayed_info': False}","{'M1_autonomous_Schaefer': False, 'M1b_autonomous_Allee': False, 'M2_stockflow_regimeC': False, 'M3_AR_residual': False, 'M4_delayed_info': False}","[-5.035687365176358, 37.031224850776994]","{'M1_autonomous_Schaefer': False, 'M1b_autonomous_Allee': False, 'M2_stockflow_regimeC': False, 'M3_AR_residual': False, 'M4_delayed_info': False}","{'M1_autonomous_Schaefer': False, 'M1b_autonomous_Allee': False, 'M2_stockflow_regimeC': False, 'M3_AR_residual': False, 'M4_delayed_info': False}","{'M1_autonomous_Schaefer': False, 'M1b_autonomous_Allee': False, 'M2_stockflow_regimeC': False, 'M3_AR_residual': False, 'M4_delayed_info': False}",['M3_AR_residual'],"['M4_delayed_info', 'naive_persist', 'M2_stockflow_regimeC', 'M1_autonomous_Schaefer', 'M1b_autonomous_Allee']",False,False,1
D3_M2_stockflow,33.8,21,"{'M1_autonomous_Schaefer': True, 'M1b_autonomous_Allee': False, 'M2_stockflow_regimeC': False, 'M3_AR_residual': False, 'M4_delayed_info': False}","{'M1_autonomous_Schaefer': True, 'M1b_autonomous_Allee': False, 'M2_stockflow_regimeC': False, 'M3_AR_residual': False, 'M4_delayed_info': False}","[-63.45157199159535, -15.678705129060631]","{'M1_autonomous_Schaefer': True, 'M1b_autonomous_Allee': False, 'M2_stockflow_regimeC': False, 'M3_AR_residual': False, 'M4_delayed_info': False}","{'M1_autonomous_Schaefer': False, 'M1b_autonomous_Allee': False, 'M2_stockflow_regimeC': False, 'M3_AR_residual': False, 'M4_delayed_info': False}","[-93.03813604999755, 4.447008576213179]","{'M1_autonomous_Schaefer': True, 'M1b_autonomous_Allee': False, 'M2_stockflow_regimeC': False, 'M3_AR_residual': False, 'M4_delayed_info': False}","{'M1_autonomous_Schaefer': False, 'M1b_autonomous_Allee': False, 'M2_stockflow_regimeC': False, 'M3_AR_residual': False, 'M4_delayed_info': False}","{'M1_autonomous_Schaefer': False, 'M1b_autonomous_Allee': False, 'M2_stockflow_regimeC': False, 'M3_AR_residual': False, 'M4_delayed_info': False}",['M2_stockflow_regimeC'],"['naive_persist', 'M1b_autonomous_Allee', 'M3_AR_residual', 'M4_delayed_info', 'M1_autonomous_Schaefer']",True,False,1
D3_M2_stockflow,33.8,22,"{'M1_autonomous_Schaefer': True, 'M1b_autonomous_Allee': False, 'M2_stockflow_regimeC': False, 'M3_AR_residual': False, 'M4_delayed_info': False}","{'M1_autonomous_Schaefer': True, 'M1b_autonomous_Allee': False, 'M2_stockflow_regimeC': False, 'M3_AR_residual': False, 'M4_delayed_info': True}","[-54.340493543156434, -8.622201330304613]","{'M1_autonomous_Schaefer': True, 'M1b_autonomous_Allee': False, 'M2_stockflow_regimeC': False, 'M3_AR_residual': False, 'M4_delayed_info': False}","{'M1_autonomous_Schaefer': False, 'M1b_autonomous_Allee': False, 'M2_stockflow_regimeC': False, 'M3_AR_residual': False, 'M4_delayed_info': False}","[-73.63027076968245, 2.8614543084425885]","{'M1_autonomous_Schaefer': True, 'M1b_autonomous_Allee': False, 'M2_stockflow_regimeC': False, 'M3_AR_residual': False, 'M4_delayed_info': False}","{'M1_autonomous_Schaefer': False, 'M1b_autonomous_Allee': False, 'M2_stockflow_regimeC': False, 'M3_AR_residual': False, 'M4_delayed_info': False}","{'M1_autonomous_Schaefer': False, 'M1b_autonomous_Allee': False, 'M2_stockflow_regimeC': False, 'M3_AR_residual': False, 'M4_delayed_info': False}",['M2_stockflow_regimeC'],"['naive_persist', 'M3_AR_residual', 'M1b_autonomous_Allee', 'M4_delayed_info', 'M1_autonomous_Schaefer']",True,False,1
D3_M2_stockflow,33.8,23,"{'M1_autonomous_Schaefer': True, 'M1b_autonomous_Allee': True, 'M2_stockflow_regimeC': False, 'M3_AR_residual': False, 'M4_delayed_info': False}","{'M1_autonomous_Schaefer': False, 'M1b_autonomous_Allee': True, 'M2_stockflow_regimeC': False, 'M3_AR_residual': False, 'M4_delayed_info': False}","[-32.50545771632669, 10.994005741055112]","{'M1_autonomous_Schaefer': False, 'M1b_autonomous_Allee': False, 'M2_stockflow_regimeC': True, 'M3_AR_residual': False, 'M4_delayed_info': False}","{'M1_autonomous_Schaefer': False, 'M1b_autonomous_Allee': False, 'M2_stockflow_regimeC': False, 'M3_AR_residual': False, 'M4_delayed_info': False}","[-18.485356519307565, 23.745531305025608]","{'M1_autonomous_Schaefer': False, 'M1b_autonomous_Allee': False, 'M2_stockflow_regimeC': False, 'M3_AR_residual': False, 'M4_delayed_info': False}","{'M1_autonomous_Schaefer': False, 'M1b_autonomous_Allee': False, 'M2_stockflow_regimeC': False, 'M3_AR_residual': False, 'M4_delayed_info': False}","{'M1_autonomous_Schaefer': False, 'M1b_autonomous_Allee': False, 'M2_stockflow_regimeC': False, 'M3_AR_residual': False, 'M4_delayed_info': False}",['M2_stockflow_regimeC'],"['naive_persist', 'M1b_autonomous_Allee', 'M4_delayed_info', 'M3_AR_residual', 'M1_autonomous_Schaefer']",True,False,1
D3_M2_stockflow,33.8,24,"{'M1_autonomous_Schaefer': True, 'M1b_autonomous_Allee': False, 'M2_stockflow_regimeC': False, 'M3_AR_residual': False, 'M4_delayed_info': True}","{'M1_autonomous_Schaefer': False, 'M1b_autonomous_Allee': False, 'M2_stockflow_regimeC': False, 'M3_AR_residual': False, 'M4_delayed_info': True}","[-52.304972270706436, 0.37940115470004665]","{'M1_autonomous_Schaefer': True, 'M1b_autonomous_Allee': False, 'M2_stockflow_regimeC': False, 'M3_AR_residual': False, 'M4_delayed_info': False}","{'M1_autonomous_Schaefer': False, 'M1b_autonomous_Allee': False, 'M2_stockflow_regimeC': False, 'M3_AR_residual': False, 'M4_delayed_info': False}","[-89.29799028646735, 15.206069181842002]","{'M1_autonomous_Schaefer': True, 'M1b_autonomous_Allee': False, 'M2_stockflow_regimeC': False, 'M3_AR_residual': False, 'M4_delayed_info': False}","{'M1_autonomous_Schaefer': False, 'M1b_autonomous_Allee': False, 'M2_stockflow_regimeC': False, 'M3_AR_residual': False, 'M4_delayed_info': False}","{'M1_autonomous_Schaefer': False, 'M1b_autonomous_Allee': False, 'M2_stockflow_regimeC': False, 'M3_AR_residual': False, 'M4_delayed_info': False}",['M2_stockflow_regimeC'],"['naive_persist', 'M3_AR_residual', 'M1b_autonomous_Allee', 'M4_delayed_info', 'M1_autonomous_Schaefer']",True,False,1
D4_M1b_depens,11.8,0,"{'M1_autonomous_Schaefer': False, 'M1b_autonomous_Allee': False, 'M2_stockflow_regimeC': False, 'M3_AR_residual': False, 'M4_delayed_info': False}","{'M1_autonomous_Schaefer': False, 'M1b_autonomous_Allee': False, 'M2_stockflow_regimeC': False, 'M3_AR_residual': False, 'M4_delayed_info': False}","[-1.3697455411243964, 2.0321760270074396]","{'M1_autonomous_Schaefer': True, 'M1b_autonomous_Allee': False, 'M2_stockflow_regimeC': False, 'M3_AR_residual': False, 'M4_delayed_info': True}","{'M1_autonomous_Schaefer': True, 'M1b_autonomous_Allee': False, 'M2_stockflow_regimeC': False, 'M3_AR_residual': False, 'M4_delayed_info': False}","[-12.415671393522748, -0.00584206748921791]","{'M1_autonomous_Schaefer': False, 'M1b_autonomous_Allee': False, 'M2_stockflow_regimeC': False, 'M3_AR_residual': False, 'M4_delayed_info': False}","{'M1_autonomous_Schaefer': False, 'M1b_autonomous_Allee': False, 'M2_stockflow_regimeC': False, 'M3_AR_residual': False, 'M4_delayed_info': False}","{'M1_autonomous_Schaefer': False, 'M1b_autonomous_Allee': False, 'M2_stockflow_regimeC': False, 'M3_AR_residual': False, 'M4_delayed_info': False}",['M3_AR_residual'],"['M1_autonomous_Schaefer', 'M2_stockflow_regimeC', 'M1b_autonomous_Allee', 'naive_persist', 'M4_delayed_info']",False,False,1
D4_M1b_depens,11.8,1,"{'M1_autonomous_Schaefer': False, 'M1b_autonomous_Allee': True, 'M2_stockflow_regimeC': False, 'M3_AR_residual': False, 'M4_delayed_info': False}","{'M1_autonomous_Schaefer': False, 'M1b_autonomous_Allee': False, 'M2_stockflow_regimeC': False, 'M3_AR_residual': False, 'M4_delayed_info': False}","[-0.9049833474746504, 0.5998336135689459]","{'M1_autonomous_Schaefer': True, 'M1b_autonomous_Allee': True, 'M2_stockflow_regimeC': False, 'M3_AR_residual': False, 'M4_delayed_info': False}","{'M1_autonomous_Schaefer': True, 'M1b_autonomous_Allee': False, 'M2_stockflow_regimeC': False, 'M3_AR_residual': False, 'M4_delayed_info': False}","[-5.417255295641327, -0.37127325743442235]","{'M1_autonomous_Schaefer': False, 'M1b_autonomous_Allee': True, 'M2_stockflow_regimeC': False, 'M3_AR_residual': False, 'M4_delayed_info': False}","{'M1_autonomous_Schaefer': False, 'M1b_autonomous_Allee': False, 'M2_stockflow_regimeC': False, 'M3_AR_residual': False, 'M4_delayed_info': False}","{'M1_autonomous_Schaefer': False, 'M1b_autonomous_Allee': False, 'M2_stockflow_regimeC': False, 'M3_AR_residual': False, 'M4_delayed_info': False}",['M2_stockflow_regimeC'],"['M1_autonomous_Schaefer', 'M4_delayed_info', 'M1b_autonomous_Allee', 'naive_persist', 'M3_AR_residual']",False,False,1
D4_M1b_depens,11.8,2,"{'M1_autonomous_Schaefer': False, 'M1b_autonomous_Allee': False, 'M2_stockflow_regimeC': False, 'M3_AR_residual': False, 'M4_delayed_info': False}","{'M1_autonomous_Schaefer': False, 'M1b_autonomous_Allee': False, 'M2_stockflow_regimeC': False, 'M3_AR_residual': False, 'M4_delayed_info': False}","[-0.40720039949717995, 1.3963600261659046]","{'M1_autonomous_Schaefer': False, 'M1b_autonomous_Allee': False, 'M2_stockflow_regimeC': False, 'M3_AR_residual': False, 'M4_delayed_info': False}","{'M1_autonomous_Schaefer': False, 'M1b_autonomous_Allee': False, 'M2_stockflow_regimeC': False, 'M3_AR_residual': False, 'M4_delayed_info': False}","[0.21150119829115047, 8.457296284774296]","{'M1_autonomous_Schaefer': False, 'M1b_autonomous_Allee': False, 'M2_stockflow_regimeC': False, 'M3_AR_residual': False, 'M4_delayed_info': False}","{'M1_autonomous_Schaefer': False, 'M1b_autonomous_Allee': False, 'M2_stockflow_regimeC': False, 'M3_AR_residual': False, 'M4_delayed_info': False}","{'M1_autonomous_Schaefer': False, 'M1b_autonomous_Allee': False, 'M2_stockflow_regimeC': False, 'M3_AR_residual': False, 'M4_delayed_info': False}",['M3_AR_residual'],"['M1_autonomous_Schaefer', 'M2_stockflow_regimeC', 'naive_persist', 'M4_delayed_info', 'M1b_autonomous_Allee']",False,False,1
D4_M1b_depens,11.8,3,"{'M1_autonomous_Schaefer': False, 'M1b_autonomous_Allee': False, 'M2_stockflow_regimeC': False, 'M3_AR_residual': False, 'M4_delayed_info': False}","{'M1_autonomous_Schaefer': False, 'M1b_autonomous_Allee': False, 'M2_stockflow_regimeC': False, 'M3_AR_residual': False, 'M4_delayed_info': False}","[-1.3951815529620994, 0.6390749837850044]","{'M1_autonomous_Schaefer': True, 'M1b_autonomous_Allee': False, 'M2_stockflow_regimeC': False, 'M3_AR_residual': False, 'M4_delayed_info': False}","{'M1_autonomous_Schaefer': True, 'M1b_autonomous_Allee': False, 'M2_stockflow_regimeC': False, 'M3_AR_residual': False, 'M4_delayed_info': False}","[-8.955446646464026, -0.026211515715698974]","{'M1_autonomous_Schaefer': False, 'M1b_autonomous_Allee': False, 'M2_stockflow_regimeC': False, 'M3_AR_residual': False, 'M4_delayed_info': False}","{'M1_autonomous_Schaefer': False, 'M1b_autonomous_Allee': False, 'M2_stockflow_regimeC': False, 'M3_AR_residual': False, 'M4_delayed_info': False}","{'M1_autonomous_Schaefer': False, 'M1b_autonomous_Allee': False, 'M2_stockflow_regimeC': False, 'M3_AR_residual': False, 'M4_delayed_info': False}",['M3_AR_residual'],"['M1_autonomous_Schaefer', 'M2_stockflow_regimeC', 'M4_delayed_info', 'M1b_autonomous_Allee', 'naive_persist']",False,False,1
D4_M1b_depens,11.8,4,"{'M1_autonomous_Schaefer': False, 'M1b_autonomous_Allee': False, 'M2_stockflow_regimeC': False, 'M3_AR_residual': False, 'M4_delayed_info': False}","{'M1_autonomous_Schaefer': False, 'M1b_autonomous_Allee': False, 'M2_stockflow_regimeC': False, 'M3_AR_residual': False, 'M4_delayed_info': False}","[-0.9155520060273795, 1.5948947359279808]","{'M1_autonomous_Schaefer': False, 'M1b_autonomous_Allee': True, 'M2_stockflow_regimeC': False, 'M3_AR_residual': False, 'M4_delayed_info': True}","{'M1_autonomous_Schaefer': False, 'M1b_autonomous_Allee': False, 'M2_stockflow_regimeC': False, 'M3_AR_residual': False, 'M4_delayed_info': False}","[-6.788878144787109, 5.306314107011338]","{'M1_autonomous_Schaefer': False, 'M1b_autonomous_Allee': False, 'M2_stockflow_regimeC': False, 'M3_AR_residual': False, 'M4_delayed_info': False}","{'M1_autonomous_Schaefer': False, 'M1b_autonomous_Allee': False, 'M2_stockflow_regimeC': False, 'M3_AR_residual': False, 'M4_delayed_info': False}","{'M1_autonomous_Schaefer': False, 'M1b_autonomous_Allee': False, 'M2_stockflow_regimeC': False, 'M3_AR_residual': False, 'M4_delayed_info': False}",['naive_persist'],"['M1_autonomous_Schaefer', 'M4_delayed_info', 'M3_AR_residual', 'M2_stockflow_regimeC', 'M1b_autonomous_Allee']",False,True,1
D4_M1b_depens,11.8,5,"{'M1_autonomous_Schaefer': True, 'M1b_autonomous_Allee': False, 'M2_stockflow_regimeC': False, 'M3_AR_residual': False, 'M4_delayed_info': False}","{'M1_autonomous_Schaefer': True, 'M1b_autonomous_Allee': False, 'M2_stockflow_regimeC': False, 'M3_AR_residual': False, 'M4_delayed_info': False}","[-1.871189666793938, -0.0319332410495595]","{'M1_autonomous_Schaefer': True, 'M1b_autonomous_Allee': False, 'M2_stockflow_regimeC': False, 'M3_AR_residual': False, 'M4_delayed_info': False}","{'M1_autonomous_Schaefer': False, 'M1b_autonomous_Allee': False, 'M2_stockflow_regimeC': False, 'M3_AR_residual': False, 'M4_delayed_info': False}","[-5.759231952727908, 1.8398304543856816]","{'M1_autonomous_Schaefer': True, 'M1b_autonomous_Allee': False, 'M2_stockflow_regimeC': False, 'M3_AR_residual': False, 'M4_delayed_info': False}","{'M1_autonomous_Schaefer': False, 'M1b_autonomous_Allee': False, 'M2_stockflow_regimeC': False, 'M3_AR_residual': False, 'M4_delayed_info': False}","{'M1_autonomous_Schaefer': False, 'M1b_autonomous_Allee': False, 'M2_stockflow_regimeC': False, 'M3_AR_residual': False, 'M4_delayed_info': False}",['M1b_autonomous_Allee'],"['M1_autonomous_Schaefer', 'M4_delayed_info', 'naive_persist', 'M2_stockflow_regimeC', 'M3_AR_residual']",True,False,1
D4_M1b_depens,11.8,6,"{'M1_autonomous_Schaefer': False, 'M1b_autonomous_Allee': False, 'M2_stockflow_regimeC': False, 'M3_AR_residual': False, 'M4_delayed_info': False}","{'M1_autonomous_Schaefer': False, 'M1b_autonomous_Allee': False, 'M2_stockflow_regimeC': False, 'M3_AR_residual': False, 'M4_delayed_info': False}","[-0.987249050754137, 1.2012923981945247]","{'M1_autonomous_Schaefer': True, 'M1b_autonomous_Allee': False, 'M2_stockflow_regimeC': False, 'M3_AR_residual': False, 'M4_delayed_info': False}","{'M1_autonomous_Schaefer': False, 'M1b_autonomous_Allee': False, 'M2_stockflow_regimeC': False, 'M3_AR_residual': False, 'M4_delayed_info': False}","[-7.149542704634638, 1.514102233576766]","{'M1_autonomous_Schaefer': False, 'M1b_autonomous_Allee': False, 'M2_stockflow_regimeC': False, 'M3_AR_residual': False, 'M4_delayed_info': False}","{'M1_autonomous_Schaefer': False, 'M1b_autonomous_Allee': False, 'M2_stockflow_regimeC': False, 'M3_AR_residual': False, 'M4_delayed_info': False}","{'M1_autonomous_Schaefer': False, 'M1b_autonomous_Allee': False, 'M2_stockflow_regimeC': False, 'M3_AR_residual': False, 'M4_delayed_info': False}",['M3_AR_residual'],"['M1_autonomous_Schaefer', 'M4_delayed_info', 'M2_stockflow_regimeC', 'naive_persist', 'M1b_autonomous_Allee']",False,False,1
D4_M1b_depens,11.8,7,"{'M1_autonomous_Schaefer': False, 'M1b_autonomous_Allee': False, 'M2_stockflow_regimeC': False, 'M3_AR_residual': False, 'M4_delayed_info': False}","{'M1_autonomous_Schaefer': False, 'M1b_autonomous_Allee': False, 'M2_stockflow_regimeC': False, 'M3_AR_residual': False, 'M4_delayed_info': False}","[-1.2551244580321335, 1.611687232126559]","{'M1_autonomous_Schaefer': False, 'M1b_autonomous_Allee': False, 'M2_stockflow_regimeC': False, 'M3_AR_residual': False, 'M4_delayed_info': False}","{'M1_autonomous_Schaefer': False, 'M1b_autonomous_Allee': False, 'M2_stockflow_regimeC': False, 'M3_AR_residual': False, 'M4_delayed_info': False}","[-4.6158000167324955, 1.3228867573574083]","{'M1_autonomous_Schaefer': False, 'M1b_autonomous_Allee': False, 'M2_stockflow_regimeC': False, 'M3_AR_residual': False, 'M4_delayed_info': False}","{'M1_autonomous_Schaefer': False, 'M1b_autonomous_Allee': False, 'M2_stockflow_regimeC': False, 'M3_AR_residual': False, 'M4_delayed_info': False}","{'M1_autonomous_Schaefer': False, 'M1b_autonomous_Allee': False, 'M2_stockflow_regimeC': False, 'M3_AR_residual': False, 'M4_delayed_info': False}",['M2_stockflow_regimeC'],"['M1_autonomous_Schaefer', 'M4_delayed_info', 'M3_AR_residual', 'M1b_autonomous_Allee', 'naive_persist']",False,False,1
D4_M1b_depens,11.8,8,"{'M1_autonomous_Schaefer': False, 'M1b_autonomous_Allee': False, 'M2_stockflow_regimeC': False, 'M3_AR_residual': False, 'M4_delayed_info': False}","{'M1_autonomous_Schaefer': False, 'M1b_autonomous_Allee': False, 'M2_stockflow_regimeC': False, 'M3_AR_residual': False, 'M4_delayed_info': False}","[-0.6353152447381897, 2.0259588802825137]","{'M1_autonomous_Schaefer': False, 'M1b_autonomous_Allee': False, 'M2_stockflow_regimeC': False, 'M3_AR_residual': False, 'M4_delayed_info': False}","{'M1_autonomous_Schaefer': False, 'M1b_autonomous_Allee': False, 'M2_stockflow_regimeC': False, 'M3_AR_residual': False, 'M4_delayed_info': False}","[-2.240341390240267, 5.649237701250828]","{'M1_autonomous_Schaefer': False, 'M1b_autonomous_Allee': False, 'M2_stockflow_regimeC': False, 'M3_AR_residual': False, 'M4_delayed_info': False}","{'M1_autonomous_Schaefer': False, 'M1b_autonomous_Allee': False, 'M2_stockflow_regimeC': False, 'M3_AR_residual': False, 'M4_delayed_info': False}","{'M1_autonomous_Schaefer': False, 'M1b_autonomous_Allee': False, 'M2_stockflow_regimeC': False, 'M3_AR_residual': False, 'M4_delayed_info': False}",['M3_AR_residual'],"['M1_autonomous_Schaefer', 'M4_delayed_info', 'M1b_autonomous_Allee', 'M2_stockflow_regimeC', 'naive_persist']",False,False,1
D4_M1b_depens,11.8,9,"{'M1_autonomous_Schaefer': True, 'M1b_autonomous_Allee': False, 'M2_stockflow_regimeC': False, 'M3_AR_residual': False, 'M4_delayed_info': True}","{'M1_autonomous_Schaefer': True, 'M1b_autonomous_Allee': False, 'M2_stockflow_regimeC': False, 'M3_AR_residual': False, 'M4_delayed_info': False}","[-1.5300383697600761, -0.5971411212399492]","{'M1_autonomous_Schaefer': False, 'M1b_autonomous_Allee': False, 'M2_stockflow_regimeC': False, 'M3_AR_residual': False, 'M4_delayed_info': False}","{'M1_autonomous_Schaefer': False, 'M1b_autonomous_Allee': False, 'M2_stockflow_regimeC': False, 'M3_AR_residual': False, 'M4_delayed_info': False}","[-0.774655926001614, 1.1262083491763417]","{'M1_autonomous_Schaefer': False, 'M1b_autonomous_Allee': False, 'M2_stockflow_regimeC': False, 'M3_AR_residual': False, 'M4_delayed_info': False}","{'M1_autonomous_Schaefer': False, 'M1b_autonomous_Allee': False, 'M2_stockflow_regimeC': False, 'M3_AR_residual': False, 'M4_delayed_info': False}","{'M1_autonomous_Schaefer': False, 'M1b_autonomous_Allee': False, 'M2_stockflow_regimeC': False, 'M3_AR_residual': False, 'M4_delayed_info': False}",['M4_delayed_info'],"['M1_autonomous_Schaefer', 'naive_persist', 'M3_AR_residual', 'M2_stockflow_regimeC', 'M1b_autonomous_Allee']",False,False,1
D4_M1b_depens,11.8,10,"{'M1_autonomous_Schaefer': True, 'M1b_autonomous_Allee': False, 'M2_stockflow_regimeC': False, 'M3_AR_residual': False, 'M4_delayed_info': False}","{'M1_autonomous_Schaefer': False, 'M1b_autonomous_Allee': False, 'M2_stockflow_regimeC': False, 'M3_AR_residual': False, 'M4_delayed_info': False}","[-1.571675415650792, 0.29612495526749527]","{'M1_autonomous_Schaefer': False, 'M1b_autonomous_Allee': False, 'M2_stockflow_regimeC': False, 'M3_AR_residual': False, 'M4_delayed_info': False}","{'M1_autonomous_Schaefer': False, 'M1b_autonomous_Allee': False, 'M2_stockflow_regimeC': False, 'M3_AR_residual': False, 'M4_delayed_info': False}","[-2.300591226502905, 4.16759892613705]","{'M1_autonomous_Schaefer': False, 'M1b_autonomous_Allee': False, 'M2_stockflow_regimeC': False, 'M3_AR_residual': False, 'M4_delayed_info': False}","{'M1_autonomous_Schaefer': False, 'M1b_autonomous_Allee': False, 'M2_stockflow_regimeC': False, 'M3_AR_residual': False, 'M4_delayed_info': False}","{'M1_autonomous_Schaefer': False, 'M1b_autonomous_Allee': False, 'M2_stockflow_regimeC': False, 'M3_AR_residual': False, 'M4_delayed_info': False}",['M1b_autonomous_Allee'],"['M1_autonomous_Schaefer', 'M3_AR_residual', 'M4_delayed_info', 'naive_persist', 'M2_stockflow_regimeC']",True,False,1
D4_M1b_depens,11.8,11,"{'M1_autonomous_Schaefer': False, 'M1b_autonomous_Allee': False, 'M2_stockflow_regimeC': False, 'M3_AR_residual': False, 'M4_delayed_info': False}","{'M1_autonomous_Schaefer': False, 'M1b_autonomous_Allee': False, 'M2_stockflow_regimeC': False, 'M3_AR_residual': False, 'M4_delayed_info': False}","[-0.7828582913282467, 1.2490069197210598]","{'M1_autonomous_Schaefer': False, 'M1b_autonomous_Allee': False, 'M2_stockflow_regimeC': False, 'M3_AR_residual': False, 'M4_delayed_info': False}","{'M1_autonomous_Schaefer': False, 'M1b_autonomous_Allee': False, 'M2_stockflow_regimeC': False, 'M3_AR_residual': False, 'M4_delayed_info': False}","[0.49989794394476883, 7.454073689373201]","{'M1_autonomous_Schaefer': False, 'M1b_autonomous_Allee': False, 'M2_stockflow_regimeC': False, 'M3_AR_residual': False, 'M4_delayed_info': False}","{'M1_autonomous_Schaefer': False, 'M1b_autonomous_Allee': False, 'M2_stockflow_regimeC': False, 'M3_AR_residual': False, 'M4_delayed_info': False}","{'M1_autonomous_Schaefer': False, 'M1b_autonomous_Allee': False, 'M2_stockflow_regimeC': False, 'M3_AR_residual': False, 'M4_delayed_info': False}",['M3_AR_residual'],"['M1_autonomous_Schaefer', 'M4_delayed_info', 'M1b_autonomous_Allee', 'naive_persist', 'M2_stockflow_regimeC']",False,False,1
D4_M1b_depens,11.8,12,"{'M1_autonomous_Schaefer': False, 'M1b_autonomous_Allee': False, 'M2_stockflow_regimeC': False, 'M3_AR_residual': False, 'M4_delayed_info': False}","{'M1_autonomous_Schaefer': False, 'M1b_autonomous_Allee': False, 'M2_stockflow_regimeC': False, 'M3_AR_residual': False, 'M4_delayed_info': False}","[-0.9958044503127605, 1.3373574601336873]","{'M1_autonomous_Schaefer': True, 'M1b_autonomous_Allee': False, 'M2_stockflow_regimeC': False, 'M3_AR_residual': False, 'M4_delayed_info': False}","{'M1_autonomous_Schaefer': False, 'M1b_autonomous_Allee': False, 'M2_stockflow_regimeC': False, 'M3_AR_residual': False, 'M4_delayed_info': False}","[-9.425411049669341, 2.6161500867418788]","{'M1_autonomous_Schaefer': False, 'M1b_autonomous_Allee': False, 'M2_stockflow_regimeC': False, 'M3_AR_residual': False, 'M4_delayed_info': False}","{'M1_autonomous_Schaefer': False, 'M1b_autonomous_Allee': False, 'M2_stockflow_regimeC': False, 'M3_AR_residual': False, 'M4_delayed_info': False}","{'M1_autonomous_Schaefer': False, 'M1b_autonomous_Allee': False, 'M2_stockflow_regimeC': False, 'M3_AR_residual': False, 'M4_delayed_info': False}",['naive_persist'],"['M1_autonomous_Schaefer', 'M1b_autonomous_Allee', 'M4_delayed_info', 'M3_AR_residual', 'M2_stockflow_regimeC']",False,True,1
D4_M1b_depens,11.8,13,"{'M1_autonomous_Schaefer': True, 'M1b_autonomous_Allee': False, 'M2_stockflow_regimeC': False, 'M3_AR_residual': False, 'M4_delayed_info': False}","{'M1_autonomous_Schaefer': False, 'M1b_autonomous_Allee': False, 'M2_stockflow_regimeC': False, 'M3_AR_residual': False, 'M4_delayed_info': False}","[-1.7698691041470784, 0.48703125574628975]","{'M1_autonomous_Schaefer': True, 'M1b_autonomous_Allee': False, 'M2_stockflow_regimeC': False, 'M3_AR_residual': False, 'M4_delayed_info': True}","{'M1_autonomous_Schaefer': False, 'M1b_autonomous_Allee': False, 'M2_stockflow_regimeC': False, 'M3_AR_residual': False, 'M4_delayed_info': False}","[-5.762883869432476, 1.8298002498217592]","{'M1_autonomous_Schaefer': True, 'M1b_autonomous_Allee': False, 'M2_stockflow_regimeC': False, 'M3_AR_residual': False, 'M4_delayed_info': False}","{'M1_autonomous_Schaefer': False, 'M1b_autonomous_Allee': False, 'M2_stockflow_regimeC': False, 'M3_AR_residual': False, 'M4_delayed_info': False}","{'M1_autonomous_Schaefer': False, 'M1b_autonomous_Allee': False, 'M2_stockflow_regimeC': False, 'M3_AR_residual': False, 'M4_delayed_info': False}",['M4_delayed_info'],"['M1_autonomous_Schaefer', 'M3_AR_residual', 'M1b_autonomous_Allee', 'M2_stockflow_regimeC', 'naive_persist']",False,False,1
D4_M1b_depens,11.8,14,"{'M1_autonomous_Schaefer': False, 'M1b_autonomous_Allee': False, 'M2_stockflow_regimeC': False, 'M3_AR_residual': False, 'M4_delayed_info': False}","{'M1_autonomous_Schaefer': False, 'M1b_autonomous_Allee': False, 'M2_stockflow_regimeC': False, 'M3_AR_residual': False, 'M4_delayed_info': False}","[-0.7421713610063285, 0.8150334000456974]","{'M1_autonomous_Schaefer': False, 'M1b_autonomous_Allee': False, 'M2_stockflow_regimeC': False, 'M3_AR_residual': False, 'M4_delayed_info': False}","{'M1_autonomous_Schaefer': False, 'M1b_autonomous_Allee': False, 'M2_stockflow_regimeC': False, 'M3_AR_residual': False, 'M4_delayed_info': False}","[-5.184368809248951, 11.636922095553278]","{'M1_autonomous_Schaefer': False, 'M1b_autonomous_Allee': False, 'M2_stockflow_regimeC': False, 'M3_AR_residual': False, 'M4_delayed_info': False}","{'M1_autonomous_Schaefer': False, 'M1b_autonomous_Allee': False, 'M2_stockflow_regimeC': False, 'M3_AR_residual': False, 'M4_delayed_info': False}","{'M1_autonomous_Schaefer': False, 'M1b_autonomous_Allee': False, 'M2_stockflow_regimeC': False, 'M3_AR_residual': False, 'M4_delayed_info': False}",['naive_persist'],"['M1_autonomous_Schaefer', 'M4_delayed_info', 'M1b_autonomous_Allee', 'M3_AR_residual', 'M2_stockflow_regimeC']",False,True,1
D4_M1b_depens,11.8,15,"{'M1_autonomous_Schaefer': False, 'M1b_autonomous_Allee': False, 'M2_stockflow_regimeC': False, 'M3_AR_residual': False, 'M4_delayed_info': False}","{'M1_autonomous_Schaefer': False, 'M1b_autonomous_Allee': False, 'M2_stockflow_regimeC': False, 'M3_AR_residual': False, 'M4_delayed_info': False}","[-1.788930764434768, 0.9980825260854396]","{'M1_autonomous_Schaefer': True, 'M1b_autonomous_Allee': False, 'M2_stockflow_regimeC': False, 'M3_AR_residual': False, 'M4_delayed_info': False}","{'M1_autonomous_Schaefer': False, 'M1b_autonomous_Allee': False, 'M2_stockflow_regimeC': False, 'M3_AR_residual': False, 'M4_delayed_info': False}","[-7.048929507627819, 2.989570771577121]","{'M1_autonomous_Schaefer': False, 'M1b_autonomous_Allee': False, 'M2_stockflow_regimeC': False, 'M3_AR_residual': False, 'M4_delayed_info': False}","{'M1_autonomous_Schaefer': False, 'M1b_autonomous_Allee': False, 'M2_stockflow_regimeC': False, 'M3_AR_residual': False, 'M4_delayed_info': False}","{'M1_autonomous_Schaefer': False, 'M1b_autonomous_Allee': False, 'M2_stockflow_regimeC': False, 'M3_AR_residual': False, 'M4_delayed_info': False}",['M3_AR_residual'],"['M1_autonomous_Schaefer', 'M4_delayed_info', 'M1b_autonomous_Allee', 'M2_stockflow_regimeC', 'naive_persist']",False,False,1
D4_M1b_depens,11.8,16,"{'M1_autonomous_Schaefer': False, 'M1b_autonomous_Allee': False, 'M2_stockflow_regimeC': False, 'M3_AR_residual': False, 'M4_delayed_info': False}","{'M1_autonomous_Schaefer': False, 'M1b_autonomous_Allee': False, 'M2_stockflow_regimeC': False, 'M3_AR_residual': False, 'M4_delayed_info': False}","[-1.1425271364292642, 1.6346685125954539]","{'M1_autonomous_Schaefer': False, 'M1b_autonomous_Allee': False, 'M2_stockflow_regimeC': False, 'M3_AR_residual': False, 'M4_delayed_info': False}","{'M1_autonomous_Schaefer': False, 'M1b_autonomous_Allee': False, 'M2_stockflow_regimeC': False, 'M3_AR_residual': False, 'M4_delayed_info': False}","[-1.421166601032902, 1.9899094175779206]","{'M1_autonomous_Schaefer': False, 'M1b_autonomous_Allee': False, 'M2_stockflow_regimeC': False, 'M3_AR_residual': False, 'M4_delayed_info': False}","{'M1_autonomous_Schaefer': False, 'M1b_autonomous_Allee': False, 'M2_stockflow_regimeC': False, 'M3_AR_residual': False, 'M4_delayed_info': False}","{'M1_autonomous_Schaefer': False, 'M1b_autonomous_Allee': False, 'M2_stockflow_regimeC': False, 'M3_AR_residual': False, 'M4_delayed_info': False}",['M3_AR_residual'],"['M1_autonomous_Schaefer', 'M4_delayed_info', 'M2_stockflow_regimeC', 'naive_persist', 'M1b_autonomous_Allee']",False,False,1
D4_M1b_depens,11.8,17,"{'M1_autonomous_Schaefer': True, 'M1b_autonomous_Allee': False, 'M2_stockflow_regimeC': False, 'M3_AR_residual': False, 'M4_delayed_info': False}","{'M1_autonomous_Schaefer': False, 'M1b_autonomous_Allee': False, 'M2_stockflow_regimeC': False, 'M3_AR_residual': False, 'M4_delayed_info': False}","[-1.4012081431146877, 0.762956827874536]","{'M1_autonomous_Schaefer': False, 'M1b_autonomous_Allee': False, 'M2_stockflow_regimeC': False, 'M3_AR_residual': False, 'M4_delayed_info': False}","{'M1_autonomous_Schaefer': False, 'M1b_autonomous_Allee': False, 'M2_stockflow_regimeC': False, 'M3_AR_residual': False, 'M4_delayed_info': False}","[-2.775974154994352, 2.1049533710541564]","{'M1_autonomous_Schaefer': False, 'M1b_autonomous_Allee': False, 'M2_stockflow_regimeC': False, 'M3_AR_residual': False, 'M4_delayed_info': False}","{'M1_autonomous_Schaefer': False, 'M1b_autonomous_Allee': False, 'M2_stockflow_regimeC': False, 'M3_AR_residual': False, 'M4_delayed_info': False}","{'M1_autonomous_Schaefer': False, 'M1b_autonomous_Allee': False, 'M2_stockflow_regimeC': False, 'M3_AR_residual': False, 'M4_delayed_info': False}",['naive_persist'],"['M1_autonomous_Schaefer', 'M1b_autonomous_Allee', 'M2_stockflow_regimeC', 'M4_delayed_info', 'M3_AR_residual']",False,True,1
D4_M1b_depens,11.8,18,"{'M1_autonomous_Schaefer': False, 'M1b_autonomous_Allee': False, 'M2_stockflow_regimeC': False, 'M3_AR_residual': False, 'M4_delayed_info': False}","{'M1_autonomous_Schaefer': False, 'M1b_autonomous_Allee': False, 'M2_stockflow_regimeC': False, 'M3_AR_residual': False, 'M4_delayed_info': False}","[-1.110505244871427, 0.677538515784094]","{'M1_autonomous_Schaefer': True, 'M1b_autonomous_Allee': False, 'M2_stockflow_regimeC': False, 'M3_AR_residual': False, 'M4_delayed_info': False}","{'M1_autonomous_Schaefer': False, 'M1b_autonomous_Allee': False, 'M2_stockflow_regimeC': False, 'M3_AR_residual': False, 'M4_delayed_info': False}","[-9.123721986588189, 1.3459543434460353]","{'M1_autonomous_Schaefer': False, 'M1b_autonomous_Allee': False, 'M2_stockflow_regimeC': False, 'M3_AR_residual': False, 'M4_delayed_info': False}","{'M1_autonomous_Schaefer': False, 'M1b_autonomous_Allee': False, 'M2_stockflow_regimeC': False, 'M3_AR_residual': False, 'M4_delayed_info': False}","{'M1_autonomous_Schaefer': False, 'M1b_autonomous_Allee': False, 'M2_stockflow_regimeC': False, 'M3_AR_residual': False, 'M4_delayed_info': False}",['M2_stockflow_regimeC'],"['M1_autonomous_Schaefer', 'M4_delayed_info', 'M1b_autonomous_Allee', 'M3_AR_residual', 'naive_persist']",False,False,1
D4_M1b_depens,11.8,19,"{'M1_autonomous_Schaefer': True, 'M1b_autonomous_Allee': False, 'M2_stockflow_regimeC': False, 'M3_AR_residual': False, 'M4_delayed_info': True}","{'M1_autonomous_Schaefer': True, 'M1b_autonomous_Allee': False, 'M2_stockflow_regimeC': False, 'M3_AR_residual': False, 'M4_delayed_info': False}","[-1.2144352710639368, -0.02295512991282944]","{'M1_autonomous_Schaefer': True, 'M1b_autonomous_Allee': False, 'M2_stockflow_regimeC': False, 'M3_AR_residual': False, 'M4_delayed_info': True}","{'M1_autonomous_Schaefer': False, 'M1b_autonomous_Allee': False, 'M2_stockflow_regimeC': False, 'M3_AR_residual': False, 'M4_delayed_info': False}","[-2.8167579253649624, 0.2042965227446507]","{'M1_autonomous_Schaefer': True, 'M1b_autonomous_Allee': False, 'M2_stockflow_regimeC': False, 'M3_AR_residual': False, 'M4_delayed_info': True}","{'M1_autonomous_Schaefer': False, 'M1b_autonomous_Allee': False, 'M2_stockflow_regimeC': False, 'M3_AR_residual': False, 'M4_delayed_info': False}","{'M1_autonomous_Schaefer': False, 'M1b_autonomous_Allee': False, 'M2_stockflow_regimeC': False, 'M3_AR_residual': False, 'M4_delayed_info': False}",['M2_stockflow_regimeC'],"['M1_autonomous_Schaefer', 'naive_persist', 'M3_AR_residual', 'M1b_autonomous_Allee', 'M4_delayed_info']",False,False,1
D4_M1b_depens,11.8,20,"{'M1_autonomous_Schaefer': True, 'M1b_autonomous_Allee': False, 'M2_stockflow_regimeC': False, 'M3_AR_residual': False, 'M4_delayed_info': True}","{'M1_autonomous_Schaefer': True, 'M1b_autonomous_Allee': True, 'M2_stockflow_regimeC': False, 'M3_AR_residual': False, 'M4_delayed_info': False}","[-1.393524223995489, -0.10320474008743054]","{'M1_autonomous_Schaefer': True, 'M1b_autonomous_Allee': False, 'M2_stockflow_regimeC': False, 'M3_AR_residual': False, 'M4_delayed_info': False}","{'M1_autonomous_Schaefer': True, 'M1b_autonomous_Allee': False, 'M2_stockflow_regimeC': False, 'M3_AR_residual': False, 'M4_delayed_info': False}","[-1.5624974923684731, -0.1309644999213845]","{'M1_autonomous_Schaefer': True, 'M1b_autonomous_Allee': False, 'M2_stockflow_regimeC': False, 'M3_AR_residual': False, 'M4_delayed_info': False}","{'M1_autonomous_Schaefer': True, 'M1b_autonomous_Allee': False, 'M2_stockflow_regimeC': False, 'M3_AR_residual': False, 'M4_delayed_info': False}","{'M1_autonomous_Schaefer': True, 'M1b_autonomous_Allee': False, 'M2_stockflow_regimeC': False, 'M3_AR_residual': False, 'M4_delayed_info': False}",['M4_delayed_info'],"['M1_autonomous_Schaefer', 'naive_persist', 'M3_AR_residual', 'M2_stockflow_regimeC', 'M1b_autonomous_Allee']",False,False,1
D4_M1b_depens,11.8,21,"{'M1_autonomous_Schaefer': True, 'M1b_autonomous_Allee': False, 'M2_stockflow_regimeC': False, 'M3_AR_residual': False, 'M4_delayed_info': False}","{'M1_autonomous_Schaefer': True, 'M1b_autonomous_Allee': False, 'M2_stockflow_regimeC': False, 'M3_AR_residual': False, 'M4_delayed_info': False}","[-1.0799770070814472, -0.1638351874892144]","{'M1_autonomous_Schaefer': True, 'M1b_autonomous_Allee': False, 'M2_stockflow_regimeC': False, 'M3_AR_residual': False, 'M4_delayed_info': False}","{'M1_autonomous_Schaefer': False, 'M1b_autonomous_Allee': False, 'M2_stockflow_regimeC': False, 'M3_AR_residual': False, 'M4_delayed_info': False}","[-3.6389007140807403, 2.178776499674189]","{'M1_autonomous_Schaefer': True, 'M1b_autonomous_Allee': False, 'M2_stockflow_regimeC': False, 'M3_AR_residual': False, 'M4_delayed_info': False}","{'M1_autonomous_Schaefer': False, 'M1b_autonomous_Allee': False, 'M2_stockflow_regimeC': False, 'M3_AR_residual': False, 'M4_delayed_info': False}","{'M1_autonomous_Schaefer': False, 'M1b_autonomous_Allee': False, 'M2_stockflow_regimeC': False, 'M3_AR_residual': False, 'M4_delayed_info': False}",['M4_delayed_info'],"['M1_autonomous_Schaefer', 'naive_persist', 'M1b_autonomous_Allee', 'M2_stockflow_regimeC', 'M3_AR_residual']",False,False,1
D4_M1b_depens,11.8,22,"{'M1_autonomous_Schaefer': False, 'M1b_autonomous_Allee': False, 'M2_stockflow_regimeC': False, 'M3_AR_residual': False, 'M4_delayed_info': False}","{'M1_autonomous_Schaefer': False, 'M1b_autonomous_Allee': False, 'M2_stockflow_regimeC': False, 'M3_AR_residual': False, 'M4_delayed_info': False}","[-0.9619413187509891, 0.827695063721005]","{'M1_autonomous_Schaefer': True, 'M1b_autonomous_Allee': False, 'M2_stockflow_regimeC': False, 'M3_AR_residual': False, 'M4_delayed_info': False}","{'M1_autonomous_Schaefer': False, 'M1b_autonomous_Allee': False, 'M2_stockflow_regimeC': False, 'M3_AR_residual': False, 'M4_delayed_info': False}","[-2.9393131340095344, 0.1923894501339351]","{'M1_autonomous_Schaefer': False, 'M1b_autonomous_Allee': False, 'M2_stockflow_regimeC': False, 'M3_AR_residual': False, 'M4_delayed_info': False}","{'M1_autonomous_Schaefer': False, 'M1b_autonomous_Allee': False, 'M2_stockflow_regimeC': False, 'M3_AR_residual': False, 'M4_delayed_info': False}","{'M1_autonomous_Schaefer': False, 'M1b_autonomous_Allee': False, 'M2_stockflow_regimeC': False, 'M3_AR_residual': False, 'M4_delayed_info': False}",['M2_stockflow_regimeC'],"['M1_autonomous_Schaefer', 'M4_delayed_info', 'M1b_autonomous_Allee', 'M3_AR_residual', 'naive_persist']",False,False,1
D4_M1b_depens,11.8,23,"{'M1_autonomous_Schaefer': True, 'M1b_autonomous_Allee': False, 'M2_stockflow_regimeC': False, 'M3_AR_residual': False, 'M4_delayed_info': True}","{'M1_autonomous_Schaefer': False, 'M1b_autonomous_Allee': False, 'M2_stockflow_regimeC': False, 'M3_AR_residual': False, 'M4_delayed_info': False}","[-1.5322702759434679, 0.3771998558713527]","{'M1_autonomous_Schaefer': False, 'M1b_autonomous_Allee': False, 'M2_stockflow_regimeC': False, 'M3_AR_residual': False, 'M4_delayed_info': False}","{'M1_autonomous_Schaefer': False, 'M1b_autonomous_Allee': False, 'M2_stockflow_regimeC': False, 'M3_AR_residual': False, 'M4_delayed_info': False}","[-1.972975499823302, 4.608687089537443]","{'M1_autonomous_Schaefer': False, 'M1b_autonomous_Allee': False, 'M2_stockflow_regimeC': False, 'M3_AR_residual': False, 'M4_delayed_info': False}","{'M1_autonomous_Schaefer': False, 'M1b_autonomous_Allee': False, 'M2_stockflow_regimeC': False, 'M3_AR_residual': False, 'M4_delayed_info': False}","{'M1_autonomous_Schaefer': False, 'M1b_autonomous_Allee': False, 'M2_stockflow_regimeC': False, 'M3_AR_residual': False, 'M4_delayed_info': False}",['naive_persist'],"['M1_autonomous_Schaefer', 'M2_stockflow_regimeC', 'M1b_autonomous_Allee', 'M4_delayed_info', 'M3_AR_residual']",False,True,1
D4_M1b_depens,11.8,24,"{'M1_autonomous_Schaefer': False, 'M1b_autonomous_Allee': False, 'M2_stockflow_regimeC': False, 'M3_AR_residual': False, 'M4_delayed_info': False}","{'M1_autonomous_Schaefer': False, 'M1b_autonomous_Allee': False, 'M2_stockflow_regimeC': False, 'M3_AR_residual': False, 'M4_delayed_info': False}","[-1.517966826327519, 1.072755477302824]","{'M1_autonomous_Schaefer': True, 'M1b_autonomous_Allee': False, 'M2_stockflow_regimeC': False, 'M3_AR_residual': False, 'M4_delayed_info': False}","{'M1_autonomous_Schaefer': True, 'M1b_autonomous_Allee': False, 'M2_stockflow_regimeC': False, 'M3_AR_residual': False, 'M4_delayed_info': False}","[-9.233679508935259, -0.45433156100288447]","{'M1_autonomous_Schaefer': False, 'M1b_autonomous_Allee': False, 'M2_stockflow_regimeC': False, 'M3_AR_residual': False, 'M4_delayed_info': False}","{'M1_autonomous_Schaefer': False, 'M1b_autonomous_Allee': False, 'M2_stockflow_regimeC': False, 'M3_AR_residual': False, 'M4_delayed_info': False}","{'M1_autonomous_Schaefer': False, 'M1b_autonomous_Allee': False, 'M2_stockflow_regimeC': False, 'M3_AR_residual': False, 'M4_delayed_info': False}",['naive_persist'],"['M1_autonomous_Schaefer', 'M3_AR_residual', 'M4_delayed_info', 'M2_stockflow_regimeC', 'M1b_autonomous_Allee']",False,True,1
D4_M1b_depens,33.8,0,"{'M1_autonomous_Schaefer': False, 'M1b_autonomous_Allee': False, 'M2_stockflow_regimeC': False, 'M3_AR_residual': False, 'M4_delayed_info': False}","{'M1_autonomous_Schaefer': False, 'M1b_autonomous_Allee': False, 'M2_stockflow_regimeC': False, 'M3_AR_residual': False, 'M4_delayed_info': False}","[-0.2007959310744482, 6.738792140572665]","{'M1_autonomous_Schaefer': False, 'M1b_autonomous_Allee': False, 'M2_stockflow_regimeC': False, 'M3_AR_residual': False, 'M4_delayed_info': False}","{'M1_autonomous_Schaefer': False, 'M1b_autonomous_Allee': False, 'M2_stockflow_regimeC': False, 'M3_AR_residual': False, 'M4_delayed_info': False}","[-3.2319324926296913, 42.32949012999238]","{'M1_autonomous_Schaefer': False, 'M1b_autonomous_Allee': False, 'M2_stockflow_regimeC': False, 'M3_AR_residual': False, 'M4_delayed_info': False}","{'M1_autonomous_Schaefer': False, 'M1b_autonomous_Allee': False, 'M2_stockflow_regimeC': False, 'M3_AR_residual': False, 'M4_delayed_info': False}","{'M1_autonomous_Schaefer': False, 'M1b_autonomous_Allee': False, 'M2_stockflow_regimeC': False, 'M3_AR_residual': False, 'M4_delayed_info': False}",['M1b_autonomous_Allee'],"['M1_autonomous_Schaefer', 'M4_delayed_info', 'M2_stockflow_regimeC', 'M3_AR_residual', 'naive_persist']",True,False,1
D4_M1b_depens,33.8,1,"{'M1_autonomous_Schaefer': False, 'M1b_autonomous_Allee': False, 'M2_stockflow_regimeC': False, 'M3_AR_residual': False, 'M4_delayed_info': False}","{'M1_autonomous_Schaefer': False, 'M1b_autonomous_Allee': False, 'M2_stockflow_regimeC': False, 'M3_AR_residual': False, 'M4_delayed_info': False}","[-1.4036821781740045, 0.46350533874413347]","{'M1_autonomous_Schaefer': True, 'M1b_autonomous_Allee': False, 'M2_stockflow_regimeC': False, 'M3_AR_residual': False, 'M4_delayed_info': False}","{'M1_autonomous_Schaefer': False, 'M1b_autonomous_Allee': False, 'M2_stockflow_regimeC': False, 'M3_AR_residual': False, 'M4_delayed_info': False}","[-12.000224857059191, 4.335711956565994]","{'M1_autonomous_Schaefer': False, 'M1b_autonomous_Allee': False, 'M2_stockflow_regimeC': False, 'M3_AR_residual': False, 'M4_delayed_info': False}","{'M1_autonomous_Schaefer': False, 'M1b_autonomous_Allee': False, 'M2_stockflow_regimeC': False, 'M3_AR_residual': False, 'M4_delayed_info': False}","{'M1_autonomous_Schaefer': False, 'M1b_autonomous_Allee': False, 'M2_stockflow_regimeC': False, 'M3_AR_residual': False, 'M4_delayed_info': False}",['M3_AR_residual'],"['M1_autonomous_Schaefer', 'M4_delayed_info', 'M1b_autonomous_Allee', 'M2_stockflow_regimeC', 'naive_persist']",False,False,1
D4_M1b_depens,33.8,2,"{'M1_autonomous_Schaefer': False, 'M1b_autonomous_Allee': False, 'M2_stockflow_regimeC': False, 'M3_AR_residual': False, 'M4_delayed_info': False}","{'M1_autonomous_Schaefer': False, 'M1b_autonomous_Allee': False, 'M2_stockflow_regimeC': False, 'M3_AR_residual': False, 'M4_delayed_info': False}","[-1.9418390060797999, 1.742890703349097]","{'M1_autonomous_Schaefer': False, 'M1b_autonomous_Allee': False, 'M2_stockflow_regimeC': False, 'M3_AR_residual': False, 'M4_delayed_info': False}","{'M1_autonomous_Schaefer': False, 'M1b_autonomous_Allee': False, 'M2_stockflow_regimeC': False, 'M3_AR_residual': False, 'M4_delayed_info': False}","[-1.9487022777806604, 17.343095262550452]","{'M1_autonomous_Schaefer': False, 'M1b_autonomous_Allee': False, 'M2_stockflow_regimeC': False, 'M3_AR_residual': False, 'M4_delayed_info': False}","{'M1_autonomous_Schaefer': False, 'M1b_autonomous_Allee': False, 'M2_stockflow_regimeC': False, 'M3_AR_residual': False, 'M4_delayed_info': False}","{'M1_autonomous_Schaefer': False, 'M1b_autonomous_Allee': False, 'M2_stockflow_regimeC': False, 'M3_AR_residual': False, 'M4_delayed_info': False}",['M2_stockflow_regimeC'],"['M1_autonomous_Schaefer', 'M4_delayed_info', 'M1b_autonomous_Allee', 'naive_persist', 'M3_AR_residual']",False,False,1
D4_M1b_depens,33.8,3,"{'M1_autonomous_Schaefer': False, 'M1b_autonomous_Allee': False, 'M2_stockflow_regimeC': False, 'M3_AR_residual': False, 'M4_delayed_info': False}","{'M1_autonomous_Schaefer': False, 'M1b_autonomous_Allee': False, 'M2_stockflow_regimeC': False, 'M3_AR_residual': False, 'M4_delayed_info': False}","[-1.500279410318696, 6.273700529606386]","{'M1_autonomous_Schaefer': False, 'M1b_autonomous_Allee': False, 'M2_stockflow_regimeC': False, 'M3_AR_residual': False, 'M4_delayed_info': False}","{'M1_autonomous_Schaefer': False, 'M1b_autonomous_Allee': False, 'M2_stockflow_regimeC': False, 'M3_AR_residual': False, 'M4_delayed_info': False}","[-2.9018329695248903, 98.39792144051923]","{'M1_autonomous_Schaefer': False, 'M1b_autonomous_Allee': False, 'M2_stockflow_regimeC': False, 'M3_AR_residual': False, 'M4_delayed_info': False}","{'M1_autonomous_Schaefer': False, 'M1b_autonomous_Allee': False, 'M2_stockflow_regimeC': False, 'M3_AR_residual': False, 'M4_delayed_info': False}","{'M1_autonomous_Schaefer': False, 'M1b_autonomous_Allee': False, 'M2_stockflow_regimeC': False, 'M3_AR_residual': False, 'M4_delayed_info': False}",['M4_delayed_info'],"['M1_autonomous_Schaefer', 'naive_persist', 'M1b_autonomous_Allee', 'M2_stockflow_regimeC', 'M3_AR_residual']",False,False,1
D4_M1b_depens,33.8,4,"{'M1_autonomous_Schaefer': False, 'M1b_autonomous_Allee': False, 'M2_stockflow_regimeC': False, 'M3_AR_residual': False, 'M4_delayed_info': False}","{'M1_autonomous_Schaefer': False, 'M1b_autonomous_Allee': False, 'M2_stockflow_regimeC': False, 'M3_AR_residual': False, 'M4_delayed_info': False}","[-1.5673815569949257, 0.17778219508134555]","{'M1_autonomous_Schaefer': False, 'M1b_autonomous_Allee': False, 'M2_stockflow_regimeC': False, 'M3_AR_residual': False, 'M4_delayed_info': False}","{'M1_autonomous_Schaefer': False, 'M1b_autonomous_Allee': False, 'M2_stockflow_regimeC': False, 'M3_AR_residual': False, 'M4_delayed_info': False}","[-9.529722017060722, 2.4531571288203615]","{'M1_autonomous_Schaefer': False, 'M1b_autonomous_Allee': False, 'M2_stockflow_regimeC': False, 'M3_AR_residual': False, 'M4_delayed_info': False}","{'M1_autonomous_Schaefer': False, 'M1b_autonomous_Allee': False, 'M2_stockflow_regimeC': False, 'M3_AR_residual': False, 'M4_delayed_info': False}","{'M1_autonomous_Schaefer': False, 'M1b_autonomous_Allee': False, 'M2_stockflow_regimeC': False, 'M3_AR_residual': False, 'M4_delayed_info': False}",['M1b_autonomous_Allee'],"['M1_autonomous_Schaefer', 'M4_delayed_info', 'M2_stockflow_regimeC', 'M3_AR_residual', 'naive_persist']",True,False,1
D4_M1b_depens,33.8,5,"{'M1_autonomous_Schaefer': False, 'M1b_autonomous_Allee': False, 'M2_stockflow_regimeC': False, 'M3_AR_residual': True, 'M4_delayed_info': False}","{'M1_autonomous_Schaefer': True, 'M1b_autonomous_Allee': False, 'M2_stockflow_regimeC': False, 'M3_AR_residual': True, 'M4_delayed_info': False}","[-1.715408513321548, -0.07305577320962844]","{'M1_autonomous_Schaefer': False, 'M1b_autonomous_Allee': False, 'M2_stockflow_regimeC': False, 'M3_AR_residual': False, 'M4_delayed_info': False}","{'M1_autonomous_Schaefer': False, 'M1b_autonomous_Allee': False, 'M2_stockflow_regimeC': False, 'M3_AR_residual': False, 'M4_delayed_info': False}","[-10.162842085383636, 2.6578514017604533]","{'M1_autonomous_Schaefer': False, 'M1b_autonomous_Allee': False, 'M2_stockflow_regimeC': False, 'M3_AR_residual': False, 'M4_delayed_info': False}","{'M1_autonomous_Schaefer': False, 'M1b_autonomous_Allee': False, 'M2_stockflow_regimeC': False, 'M3_AR_residual': False, 'M4_delayed_info': False}","{'M1_autonomous_Schaefer': False, 'M1b_autonomous_Allee': False, 'M2_stockflow_regimeC': False, 'M3_AR_residual': False, 'M4_delayed_info': False}",['M4_delayed_info'],"['M1_autonomous_Schaefer', 'M3_AR_residual', 'M2_stockflow_regimeC', 'M1b_autonomous_Allee', 'naive_persist']",False,False,1
D4_M1b_depens,33.8,6,"{'M1_autonomous_Schaefer': False, 'M1b_autonomous_Allee': False, 'M2_stockflow_regimeC': False, 'M3_AR_residual': False, 'M4_delayed_info': False}","{'M1_autonomous_Schaefer': False, 'M1b_autonomous_Allee': False, 'M2_stockflow_regimeC': False, 'M3_AR_residual': False, 'M4_delayed_info': False}","[-2.755836517836943, 0.2743523742698041]","{'M1_autonomous_Schaefer': False, 'M1b_autonomous_Allee': False, 'M2_stockflow_regimeC': False, 'M3_AR_residual': False, 'M4_delayed_info': False}","{'M1_autonomous_Schaefer': False, 'M1b_autonomous_Allee': False, 'M2_stockflow_regimeC': False, 'M3_AR_residual': False, 'M4_delayed_info': False}","[-0.28331577727772694, 10.38277080354717]","{'M1_autonomous_Schaefer': False, 'M1b_autonomous_Allee': False, 'M2_stockflow_regimeC': False, 'M3_AR_residual': False, 'M4_delayed_info': False}","{'M1_autonomous_Schaefer': False, 'M1b_autonomous_Allee': False, 'M2_stockflow_regimeC': False, 'M3_AR_residual': False, 'M4_delayed_info': False}","{'M1_autonomous_Schaefer': False, 'M1b_autonomous_Allee': False, 'M2_stockflow_regimeC': False, 'M3_AR_residual': False, 'M4_delayed_info': False}",['M3_AR_residual'],"['M1_autonomous_Schaefer', 'M4_delayed_info', 'M1b_autonomous_Allee', 'M2_stockflow_regimeC', 'naive_persist']",False,False,1
D4_M1b_depens,33.8,7,"{'M1_autonomous_Schaefer': False, 'M1b_autonomous_Allee': False, 'M2_stockflow_regimeC': False, 'M3_AR_residual': False, 'M4_delayed_info': False}","{'M1_autonomous_Schaefer': False, 'M1b_autonomous_Allee': False, 'M2_stockflow_regimeC': False, 'M3_AR_residual': False, 'M4_delayed_info': False}","[-1.9615797465001732, 0.2138384666647327]","{'M1_autonomous_Schaefer': True, 'M1b_autonomous_Allee': False, 'M2_stockflow_regimeC': False, 'M3_AR_residual': False, 'M4_delayed_info': False}","{'M1_autonomous_Schaefer': True, 'M1b_autonomous_Allee': False, 'M2_stockflow_regimeC': False, 'M3_AR_residual': False, 'M4_delayed_info': False}","[-14.271676884376717, -1.0668798129669446]","{'M1_autonomous_Schaefer': False, 'M1b_autonomous_Allee': False, 'M2_stockflow_regimeC': False, 'M3_AR_residual': False, 'M4_delayed_info': False}","{'M1_autonomous_Schaefer': False, 'M1b_autonomous_Allee': False, 'M2_stockflow_regimeC': False, 'M3_AR_residual': False, 'M4_delayed_info': False}","{'M1_autonomous_Schaefer': False, 'M1b_autonomous_Allee': False, 'M2_stockflow_regimeC': False, 'M3_AR_residual': False, 'M4_delayed_info': False}",['M3_AR_residual'],"['M1_autonomous_Schaefer', 'M4_delayed_info', 'M2_stockflow_regimeC', 'M1b_autonomous_Allee', 'naive_persist']",False,False,1
D4_M1b_depens,33.8,8,"{'M1_autonomous_Schaefer': False, 'M1b_autonomous_Allee': False, 'M2_stockflow_regimeC': False, 'M3_AR_residual': False, 'M4_delayed_info': False}","{'M1_autonomous_Schaefer': False, 'M1b_autonomous_Allee': False, 'M2_stockflow_regimeC': False, 'M3_AR_residual': False, 'M4_delayed_info': False}","[-3.1873771436383667, 3.144230109156626]","{'M1_autonomous_Schaefer': True, 'M1b_autonomous_Allee': False, 'M2_stockflow_regimeC': False, 'M3_AR_residual': False, 'M4_delayed_info': False}","{'M1_autonomous_Schaefer': False, 'M1b_autonomous_Allee': False, 'M2_stockflow_regimeC': False, 'M3_AR_residual': False, 'M4_delayed_info': False}","[-20.385601972897295, 7.582937799319326]","{'M1_autonomous_Schaefer': False, 'M1b_autonomous_Allee': False, 'M2_stockflow_regimeC': False, 'M3_AR_residual': False, 'M4_delayed_info': False}","{'M1_autonomous_Schaefer': False, 'M1b_autonomous_Allee': False, 'M2_stockflow_regimeC': False, 'M3_AR_residual': False, 'M4_delayed_info': False}","{'M1_autonomous_Schaefer': False, 'M1b_autonomous_Allee': False, 'M2_stockflow_regimeC': False, 'M3_AR_residual': False, 'M4_delayed_info': False}",['M3_AR_residual'],"['M1_autonomous_Schaefer', 'M4_delayed_info', 'naive_persist', 'M1b_autonomous_Allee', 'M2_stockflow_regimeC']",False,False,1
D4_M1b_depens,33.8,9,"{'M1_autonomous_Schaefer': False, 'M1b_autonomous_Allee': False, 'M2_stockflow_regimeC': False, 'M3_AR_residual': False, 'M4_delayed_info': False}","{'M1_autonomous_Schaefer': False, 'M1b_autonomous_Allee': False, 'M2_stockflow_regimeC': False, 'M3_AR_residual': False, 'M4_delayed_info': False}","[-0.14321296980562132, 4.106158960426932]","{'M1_autonomous_Schaefer': False, 'M1b_autonomous_Allee': False, 'M2_stockflow_regimeC': False, 'M3_AR_residual': False, 'M4_delayed_info': False}","{'M1_autonomous_Schaefer': False, 'M1b_autonomous_Allee': False, 'M2_stockflow_regimeC': False, 'M3_AR_residual': False, 'M4_delayed_info': False}","[-1.2973550050533484, 11.39173255617276]","{'M1_autonomous_Schaefer': False, 'M1b_autonomous_Allee': False, 'M2_stockflow_regimeC': False, 'M3_AR_residual': False, 'M4_delayed_info': False}","{'M1_autonomous_Schaefer': False, 'M1b_autonomous_Allee': False, 'M2_stockflow_regimeC': False, 'M3_AR_residual': False, 'M4_delayed_info': False}","{'M1_autonomous_Schaefer': False, 'M1b_autonomous_Allee': False, 'M2_stockflow_regimeC': False, 'M3_AR_residual': False, 'M4_delayed_info': False}",['M2_stockflow_regimeC'],"['M1_autonomous_Schaefer', 'naive_persist', 'M4_delayed_info', 'M1b_autonomous_Allee', 'M3_AR_residual']",False,False,1
D4_M1b_depens,33.8,10,"{'M1_autonomous_Schaefer': False, 'M1b_autonomous_Allee': False, 'M2_stockflow_regimeC': False, 'M3_AR_residual': False, 'M4_delayed_info': False}","{'M1_autonomous_Schaefer': False, 'M1b_autonomous_Allee': False, 'M2_stockflow_regimeC': False, 'M3_AR_residual': False, 'M4_delayed_info': False}","[0.14423781594601853, 3.2646742994779108]","{'M1_autonomous_Schaefer': False, 'M1b_autonomous_Allee': False, 'M2_stockflow_regimeC': False, 'M3_AR_residual': False, 'M4_delayed_info': False}","{'M1_autonomous_Schaefer': False, 'M1b_autonomous_Allee': False, 'M2_stockflow_regimeC': False, 'M3_AR_residual': False, 'M4_delayed_info': False}","[11.131575757843681, 100.68623987222236]","{'M1_autonomous_Schaefer': False, 'M1b_autonomous_Allee': False, 'M2_stockflow_regimeC': False, 'M3_AR_residual': False, 'M4_delayed_info': False}","{'M1_autonomous_Schaefer': False, 'M1b_autonomous_Allee': False, 'M2_stockflow_regimeC': False, 'M3_AR_residual': False, 'M4_delayed_info': False}","{'M1_autonomous_Schaefer': False, 'M1b_autonomous_Allee': False, 'M2_stockflow_regimeC': False, 'M3_AR_residual': False, 'M4_delayed_info': False}",['naive_persist'],"['M1_autonomous_Schaefer', 'M4_delayed_info', 'M2_stockflow_regimeC', 'M1b_autonomous_Allee', 'M3_AR_residual']",False,True,1
D4_M1b_depens,33.8,11,"{'M1_autonomous_Schaefer': False, 'M1b_autonomous_Allee': False, 'M2_stockflow_regimeC': False, 'M3_AR_residual': False, 'M4_delayed_info': False}","{'M1_autonomous_Schaefer': False, 'M1b_autonomous_Allee': False, 'M2_stockflow_regimeC': False, 'M3_AR_residual': False, 'M4_delayed_info': False}","[-3.403957856793879, 8.32711728362686]","{'M1_autonomous_Schaefer': False, 'M1b_autonomous_Allee': True, 'M2_stockflow_regimeC': False, 'M3_AR_residual': False, 'M4_delayed_info': False}","{'M1_autonomous_Schaefer': False, 'M1b_autonomous_Allee': False, 'M2_stockflow_regimeC': False, 'M3_AR_residual': False, 'M4_delayed_info': False}","[-19.088256611516048, 53.04205609042481]","{'M1_autonomous_Schaefer': False, 'M1b_autonomous_Allee': False, 'M2_stockflow_regimeC': False, 'M3_AR_residual': False, 'M4_delayed_info': False}","{'M1_autonomous_Schaefer': False, 'M1b_autonomous_Allee': False, 'M2_stockflow_regimeC': False, 'M3_AR_residual': False, 'M4_delayed_info': False}","{'M1_autonomous_Schaefer': False, 'M1b_autonomous_Allee': False, 'M2_stockflow_regimeC': False, 'M3_AR_residual': False, 'M4_delayed_info': False}",['naive_persist'],"['M1_autonomous_Schaefer', 'M4_delayed_info', 'M3_AR_residual', 'M2_stockflow_regimeC', 'M1b_autonomous_Allee']",False,True,1
D4_M1b_depens,33.8,12,"{'M1_autonomous_Schaefer': True, 'M1b_autonomous_Allee': False, 'M2_stockflow_regimeC': False, 'M3_AR_residual': False, 'M4_delayed_info': False}","{'M1_autonomous_Schaefer': False, 'M1b_autonomous_Allee': False, 'M2_stockflow_regimeC': False, 'M3_AR_residual': False, 'M4_delayed_info': False}","[-14.877613347218944, 1.2375125987246678]","{'M1_autonomous_Schaefer': False, 'M1b_autonomous_Allee': False, 'M2_stockflow_regimeC': False, 'M3_AR_residual': False, 'M4_delayed_info': False}","{'M1_autonomous_Schaefer': False, 'M1b_autonomous_Allee': False, 'M2_stockflow_regimeC': False, 'M3_AR_residual': False, 'M4_delayed_info': False}","[-10.837287157932057, 122.70970888243619]","{'M1_autonomous_Schaefer': False, 'M1b_autonomous_Allee': False, 'M2_stockflow_regimeC': False, 'M3_AR_residual': False, 'M4_delayed_info': False}","{'M1_autonomous_Schaefer': False, 'M1b_autonomous_Allee': False, 'M2_stockflow_regimeC': False, 'M3_AR_residual': False, 'M4_delayed_info': False}","{'M1_autonomous_Schaefer': False, 'M1b_autonomous_Allee': False, 'M2_stockflow_regimeC': False, 'M3_AR_residual': False, 'M4_delayed_info': False}",['M1b_autonomous_Allee'],"['M1_autonomous_Schaefer', 'M4_delayed_info', 'M2_stockflow_regimeC', 'naive_persist', 'M3_AR_residual']",True,False,1
D4_M1b_depens,33.8,13,"{'M1_autonomous_Schaefer': False, 'M1b_autonomous_Allee': False, 'M2_stockflow_regimeC': False, 'M3_AR_residual': False, 'M4_delayed_info': False}","{'M1_autonomous_Schaefer': False, 'M1b_autonomous_Allee': False, 'M2_stockflow_regimeC': False, 'M3_AR_residual': False, 'M4_delayed_info': False}","[-1.0820559124430935, 1.384000441197109]","{'M1_autonomous_Schaefer': False, 'M1b_autonomous_Allee': True, 'M2_stockflow_regimeC': False, 'M3_AR_residual': False, 'M4_delayed_info': False}","{'M1_autonomous_Schaefer': False, 'M1b_autonomous_Allee': True, 'M2_stockflow_regimeC': False, 'M3_AR_residual': False, 'M4_delayed_info': False}","[-6.549497541281162, 6.703544140513614]","{'M1_autonomous_Schaefer': False, 'M1b_autonomous_Allee': False, 'M2_stockflow_regimeC': False, 'M3_AR_residual': False, 'M4_delayed_info': False}","{'M1_autonomous_Schaefer': False, 'M1b_autonomous_Allee': False, 'M2_stockflow_regimeC': False, 'M3_AR_residual': False, 'M4_delayed_info': False}","{'M1_autonomous_Schaefer': False, 'M1b_autonomous_Allee': False, 'M2_stockflow_regimeC': False, 'M3_AR_residual': False, 'M4_delayed_info': False}",['naive_persist'],"['M1_autonomous_Schaefer', 'M4_delayed_info', 'M3_AR_residual', 'M2_stockflow_regimeC', 'M1b_autonomous_Allee']",False,True,1
D4_M1b_depens,33.8,14,"{'M1_autonomous_Schaefer': False, 'M1b_autonomous_Allee': False, 'M2_stockflow_regimeC': False, 'M3_AR_residual': False, 'M4_delayed_info': False}","{'M1_autonomous_Schaefer': False, 'M1b_autonomous_Allee': False, 'M2_stockflow_regimeC': False, 'M3_AR_residual': False, 'M4_delayed_info': False}","[-2.025685992661464, 1.1772633334605374]","{'M1_autonomous_Schaefer': True, 'M1b_autonomous_Allee': False, 'M2_stockflow_regimeC': False, 'M3_AR_residual': False, 'M4_delayed_info': False}","{'M1_autonomous_Schaefer': False, 'M1b_autonomous_Allee': False, 'M2_stockflow_regimeC': False, 'M3_AR_residual': False, 'M4_delayed_info': False}","[-11.636403098442441, 0.47478885885349376]","{'M1_autonomous_Schaefer': False, 'M1b_autonomous_Allee': False, 'M2_stockflow_regimeC': False, 'M3_AR_residual': False, 'M4_delayed_info': False}","{'M1_autonomous_Schaefer': False, 'M1b_autonomous_Allee': False, 'M2_stockflow_regimeC': False, 'M3_AR_residual': False, 'M4_delayed_info': False}","{'M1_autonomous_Schaefer': False, 'M1b_autonomous_Allee': False, 'M2_stockflow_regimeC': False, 'M3_AR_residual': False, 'M4_delayed_info': False}",['M1b_autonomous_Allee'],"['M1_autonomous_Schaefer', 'M4_delayed_info', 'M2_stockflow_regimeC', 'naive_persist', 'M3_AR_residual']",True,False,1
D4_M1b_depens,33.8,15,"{'M1_autonomous_Schaefer': False, 'M1b_autonomous_Allee': False, 'M2_stockflow_regimeC': False, 'M3_AR_residual': False, 'M4_delayed_info': False}","{'M1_autonomous_Schaefer': False, 'M1b_autonomous_Allee': False, 'M2_stockflow_regimeC': False, 'M3_AR_residual': False, 'M4_delayed_info': False}","[-2.040672466155138, 0.594622894882852]","{'M1_autonomous_Schaefer': True, 'M1b_autonomous_Allee': False, 'M2_stockflow_regimeC': False, 'M3_AR_residual': False, 'M4_delayed_info': True}","{'M1_autonomous_Schaefer': True, 'M1b_autonomous_Allee': False, 'M2_stockflow_regimeC': False, 'M3_AR_residual': False, 'M4_delayed_info': True}","[-9.973866677011511, -1.1216938090281605]","{'M1_autonomous_Schaefer': False, 'M1b_autonomous_Allee': False, 'M2_stockflow_regimeC': False, 'M3_AR_residual': False, 'M4_delayed_info': False}","{'M1_autonomous_Schaefer': False, 'M1b_autonomous_Allee': False, 'M2_stockflow_regimeC': False, 'M3_AR_residual': False, 'M4_delayed_info': False}","{'M1_autonomous_Schaefer': False, 'M1b_autonomous_Allee': False, 'M2_stockflow_regimeC': False, 'M3_AR_residual': False, 'M4_delayed_info': False}",['M3_AR_residual'],"['M1_autonomous_Schaefer', 'M4_delayed_info', 'M2_stockflow_regimeC', 'naive_persist', 'M1b_autonomous_Allee']",False,False,1
D4_M1b_depens,33.8,16,"{'M1_autonomous_Schaefer': True, 'M1b_autonomous_Allee': False, 'M2_stockflow_regimeC': False, 'M3_AR_residual': False, 'M4_delayed_info': False}","{'M1_autonomous_Schaefer': False, 'M1b_autonomous_Allee': False, 'M2_stockflow_regimeC': False, 'M3_AR_residual': False, 'M4_delayed_info': False}","[-8.563172714616739, 2.4280917373678537]","{'M1_autonomous_Schaefer': True, 'M1b_autonomous_Allee': False, 'M2_stockflow_regimeC': False, 'M3_AR_residual': False, 'M4_delayed_info': False}","{'M1_autonomous_Schaefer': True, 'M1b_autonomous_Allee': False, 'M2_stockflow_regimeC': False, 'M3_AR_residual': False, 'M4_delayed_info': False}","[-46.76767364192232, -7.690392795403316]","{'M1_autonomous_Schaefer': True, 'M1b_autonomous_Allee': False, 'M2_stockflow_regimeC': False, 'M3_AR_residual': False, 'M4_delayed_info': False}","{'M1_autonomous_Schaefer': False, 'M1b_autonomous_Allee': False, 'M2_stockflow_regimeC': False, 'M3_AR_residual': False, 'M4_delayed_info': False}","{'M1_autonomous_Schaefer': False, 'M1b_autonomous_Allee': False, 'M2_stockflow_regimeC': False, 'M3_AR_residual': False, 'M4_delayed_info': False}",['naive_persist'],"['M1_autonomous_Schaefer', 'M3_AR_residual', 'M2_stockflow_regimeC', 'M1b_autonomous_Allee', 'M4_delayed_info']",False,True,1
D4_M1b_depens,33.8,17,"{'M1_autonomous_Schaefer': False, 'M1b_autonomous_Allee': False, 'M2_stockflow_regimeC': False, 'M3_AR_residual': False, 'M4_delayed_info': False}","{'M1_autonomous_Schaefer': False, 'M1b_autonomous_Allee': False, 'M2_stockflow_regimeC': False, 'M3_AR_residual': False, 'M4_delayed_info': False}","[-1.2433015133393506, 3.932435400733766]","{'M1_autonomous_Schaefer': False, 'M1b_autonomous_Allee': False, 'M2_stockflow_regimeC': False, 'M3_AR_residual': False, 'M4_delayed_info': False}","{'M1_autonomous_Schaefer': False, 'M1b_autonomous_Allee': False, 'M2_stockflow_regimeC': False, 'M3_AR_residual': False, 'M4_delayed_info': False}","[-4.968710298168605, 34.31663429653493]","{'M1_autonomous_Schaefer': False, 'M1b_autonomous_Allee': False, 'M2_stockflow_regimeC': False, 'M3_AR_residual': False, 'M4_delayed_info': False}","{'M1_autonomous_Schaefer': False, 'M1b_autonomous_Allee': False, 'M2_stockflow_regimeC': False, 'M3_AR_residual': False, 'M4_delayed_info': False}","{'M1_autonomous_Schaefer': False, 'M1b_autonomous_Allee': False, 'M2_stockflow_regimeC': False, 'M3_AR_residual': False, 'M4_delayed_info': False}",['M3_AR_residual'],"['M1_autonomous_Schaefer', 'M4_delayed_info', 'M1b_autonomous_Allee', 'naive_persist', 'M2_stockflow_regimeC']",False,False,1
D4_M1b_depens,33.8,18,"{'M1_autonomous_Schaefer': False, 'M1b_autonomous_Allee': False, 'M2_stockflow_regimeC': False, 'M3_AR_residual': False, 'M4_delayed_info': False}","{'M1_autonomous_Schaefer': False, 'M1b_autonomous_Allee': False, 'M2_stockflow_regimeC': False, 'M3_AR_residual': False, 'M4_delayed_info': False}","[-0.2386234107666965, 2.5244027637217386]","{'M1_autonomous_Schaefer': False, 'M1b_autonomous_Allee': False, 'M2_stockflow_regimeC': False, 'M3_AR_residual': False, 'M4_delayed_info': False}","{'M1_autonomous_Schaefer': False, 'M1b_autonomous_Allee': False, 'M2_stockflow_regimeC': False, 'M3_AR_residual': False, 'M4_delayed_info': False}","[-1.107437823931529, 12.02349350263949]","{'M1_autonomous_Schaefer': False, 'M1b_autonomous_Allee': False, 'M2_stockflow_regimeC': False, 'M3_AR_residual': False, 'M4_delayed_info': False}","{'M1_autonomous_Schaefer': False, 'M1b_autonomous_Allee': False, 'M2_stockflow_regimeC': False, 'M3_AR_residual': False, 'M4_delayed_info': False}","{'M1_autonomous_Schaefer': False, 'M1b_autonomous_Allee': False, 'M2_stockflow_regimeC': False, 'M3_AR_residual': False, 'M4_delayed_info': False}",['M1b_autonomous_Allee'],"['M1_autonomous_Schaefer', 'M4_delayed_info', 'M3_AR_residual', 'naive_persist', 'M2_stockflow_regimeC']",True,False,1
D4_M1b_depens,33.8,19,"{'M1_autonomous_Schaefer': False, 'M1b_autonomous_Allee': False, 'M2_stockflow_regimeC': False, 'M3_AR_residual': False, 'M4_delayed_info': False}","{'M1_autonomous_Schaefer': False, 'M1b_autonomous_Allee': False, 'M2_stockflow_regimeC': False, 'M3_AR_residual': False, 'M4_delayed_info': False}","[-2.7453827947035023, 4.731378265918024]","{'M1_autonomous_Schaefer': False, 'M1b_autonomous_Allee': False, 'M2_stockflow_regimeC': False, 'M3_AR_residual': False, 'M4_delayed_info': False}","{'M1_autonomous_Schaefer': False, 'M1b_autonomous_Allee': False, 'M2_stockflow_regimeC': False, 'M3_AR_residual': False, 'M4_delayed_info': False}","[-19.210820994399874, 79.69502435485298]","{'M1_autonomous_Schaefer': False, 'M1b_autonomous_Allee': False, 'M2_stockflow_regimeC': False, 'M3_AR_residual': False, 'M4_delayed_info': False}","{'M1_autonomous_Schaefer': False, 'M1b_autonomous_Allee': False, 'M2_stockflow_regimeC': False, 'M3_AR_residual': False, 'M4_delayed_info': False}","{'M1_autonomous_Schaefer': False, 'M1b_autonomous_Allee': False, 'M2_stockflow_regimeC': False, 'M3_AR_residual': False, 'M4_delayed_info': False}",['M2_stockflow_regimeC'],"['M1_autonomous_Schaefer', 'M4_delayed_info', 'M3_AR_residual', 'M1b_autonomous_Allee', 'naive_persist']",False,False,1
D4_M1b_depens,33.8,20,"{'M1_autonomous_Schaefer': False, 'M1b_autonomous_Allee': False, 'M2_stockflow_regimeC': False, 'M3_AR_residual': False, 'M4_delayed_info': False}","{'M1_autonomous_Schaefer': False, 'M1b_autonomous_Allee': False, 'M2_stockflow_regimeC': False, 'M3_AR_residual': False, 'M4_delayed_info': False}","[-2.0932953469946782, 1.266569631551936]","{'M1_autonomous_Schaefer': False, 'M1b_autonomous_Allee': False, 'M2_stockflow_regimeC': False, 'M3_AR_residual': False, 'M4_delayed_info': False}","{'M1_autonomous_Schaefer': False, 'M1b_autonomous_Allee': False, 'M2_stockflow_regimeC': False, 'M3_AR_residual': False, 'M4_delayed_info': False}","[-12.27986829787318, 9.679764607567632]","{'M1_autonomous_Schaefer': False, 'M1b_autonomous_Allee': False, 'M2_stockflow_regimeC': False, 'M3_AR_residual': False, 'M4_delayed_info': False}","{'M1_autonomous_Schaefer': False, 'M1b_autonomous_Allee': False, 'M2_stockflow_regimeC': False, 'M3_AR_residual': False, 'M4_delayed_info': False}","{'M1_autonomous_Schaefer': False, 'M1b_autonomous_Allee': False, 'M2_stockflow_regimeC': False, 'M3_AR_residual': False, 'M4_delayed_info': False}",['M2_stockflow_regimeC'],"['M1_autonomous_Schaefer', 'M4_delayed_info', 'M1b_autonomous_Allee', 'naive_persist', 'M3_AR_residual']",False,False,1
D4_M1b_depens,33.8,21,"{'M1_autonomous_Schaefer': False, 'M1b_autonomous_Allee': False, 'M2_stockflow_regimeC': False, 'M3_AR_residual': False, 'M4_delayed_info': False}","{'M1_autonomous_Schaefer': False, 'M1b_autonomous_Allee': False, 'M2_stockflow_regimeC': False, 'M3_AR_residual': False, 'M4_delayed_info': False}","[-0.9458782370850402, 0.6043785019360924]","{'M1_autonomous_Schaefer': False, 'M1b_autonomous_Allee': False, 'M2_stockflow_regimeC': False, 'M3_AR_residual': False, 'M4_delayed_info': False}","{'M1_autonomous_Schaefer': False, 'M1b_autonomous_Allee': False, 'M2_stockflow_regimeC': False, 'M3_AR_residual': False, 'M4_delayed_info': False}","[-5.67698404159044, 6.792425154204321]","{'M1_autonomous_Schaefer': False, 'M1b_autonomous_Allee': False, 'M2_stockflow_regimeC': False, 'M3_AR_residual': False, 'M4_delayed_info': False}","{'M1_autonomous_Schaefer': False, 'M1b_autonomous_Allee': False, 'M2_stockflow_regimeC': False, 'M3_AR_residual': False, 'M4_delayed_info': False}","{'M1_autonomous_Schaefer': False, 'M1b_autonomous_Allee': False, 'M2_stockflow_regimeC': False, 'M3_AR_residual': False, 'M4_delayed_info': False}",['M2_stockflow_regimeC'],"['M1_autonomous_Schaefer', 'M4_delayed_info', 'M1b_autonomous_Allee', 'naive_persist', 'M3_AR_residual']",False,False,1
D4_M1b_depens,33.8,22,"{'M1_autonomous_Schaefer': False, 'M1b_autonomous_Allee': False, 'M2_stockflow_regimeC': False, 'M3_AR_residual': False, 'M4_delayed_info': False}","{'M1_autonomous_Schaefer': False, 'M1b_autonomous_Allee': False, 'M2_stockflow_regimeC': False, 'M3_AR_residual': False, 'M4_delayed_info': False}","[-1.4487471187177692, 7.270552499584872]","{'M1_autonomous_Schaefer': False, 'M1b_autonomous_Allee': False, 'M2_stockflow_regimeC': False, 'M3_AR_residual': False, 'M4_delayed_info': False}","{'M1_autonomous_Schaefer': False, 'M1b_autonomous_Allee': False, 'M2_stockflow_regimeC': False, 'M3_AR_residual': False, 'M4_delayed_info': False}","[-2.254930797206786, 65.75174101024004]","{'M1_autonomous_Schaefer': False, 'M1b_autonomous_Allee': False, 'M2_stockflow_regimeC': False, 'M3_AR_residual': False, 'M4_delayed_info': False}","{'M1_autonomous_Schaefer': False, 'M1b_autonomous_Allee': False, 'M2_stockflow_regimeC': False, 'M3_AR_residual': False, 'M4_delayed_info': False}","{'M1_autonomous_Schaefer': False, 'M1b_autonomous_Allee': False, 'M2_stockflow_regimeC': False, 'M3_AR_residual': False, 'M4_delayed_info': False}",['M2_stockflow_regimeC'],"['M1_autonomous_Schaefer', 'M4_delayed_info', 'naive_persist', 'M1b_autonomous_Allee', 'M3_AR_residual']",False,False,1
D4_M1b_depens,33.8,23,"{'M1_autonomous_Schaefer': False, 'M1b_autonomous_Allee': False, 'M2_stockflow_regimeC': False, 'M3_AR_residual': False, 'M4_delayed_info': False}","{'M1_autonomous_Schaefer': False, 'M1b_autonomous_Allee': False, 'M2_stockflow_regimeC': False, 'M3_AR_residual': False, 'M4_delayed_info': False}","[-4.1006431087690975, 28.60478829390695]","{'M1_autonomous_Schaefer': False, 'M1b_autonomous_Allee': True, 'M2_stockflow_regimeC': False, 'M3_AR_residual': False, 'M4_delayed_info': False}","{'M1_autonomous_Schaefer': False, 'M1b_autonomous_Allee': False, 'M2_stockflow_regimeC': False, 'M3_AR_residual': False, 'M4_delayed_info': False}","[-15.291539947276988, 561.334922022153]","{'M1_autonomous_Schaefer': False, 'M1b_autonomous_Allee': False, 'M2_stockflow_regimeC': False, 'M3_AR_residual': False, 'M4_delayed_info': False}","{'M1_autonomous_Schaefer': False, 'M1b_autonomous_Allee': False, 'M2_stockflow_regimeC': False, 'M3_AR_residual': False, 'M4_delayed_info': False}","{'M1_autonomous_Schaefer': False, 'M1b_autonomous_Allee': False, 'M2_stockflow_regimeC': False, 'M3_AR_residual': False, 'M4_delayed_info': False}",['M1b_autonomous_Allee'],"['M1_autonomous_Schaefer', 'M3_AR_residual', 'M4_delayed_info', 'M2_stockflow_regimeC', 'naive_persist']",True,False,1
D4_M1b_depens,33.8,24,"{'M1_autonomous_Schaefer': False, 'M1b_autonomous_Allee': False, 'M2_stockflow_regimeC': False, 'M3_AR_residual': False, 'M4_delayed_info': False}","{'M1_autonomous_Schaefer': False, 'M1b_autonomous_Allee': False, 'M2_stockflow_regimeC': False, 'M3_AR_residual': False, 'M4_delayed_info': False}","[-6.5541354053704115, 2.4578036718961433]","{'M1_autonomous_Schaefer': True, 'M1b_autonomous_Allee': False, 'M2_stockflow_regimeC': False, 'M3_AR_residual': False, 'M4_delayed_info': False}","{'M1_autonomous_Schaefer': False, 'M1b_autonomous_Allee': False, 'M2_stockflow_regimeC': False, 'M3_AR_residual': False, 'M4_delayed_info': False}","[-31.48036496812552, 12.023675496020003]","{'M1_autonomous_Schaefer': False, 'M1b_autonomous_Allee': False, 'M2_stockflow_regimeC': False, 'M3_AR_residual': False, 'M4_delayed_info': False}","{'M1_autonomous_Schaefer': False, 'M1b_autonomous_Allee': False, 'M2_stockflow_regimeC': False, 'M3_AR_residual': False, 'M4_delayed_info': False}","{'M1_autonomous_Schaefer': False, 'M1b_autonomous_Allee': False, 'M2_stockflow_regimeC': False, 'M3_AR_residual': False, 'M4_delayed_info': False}",['M3_AR_residual'],"['M1_autonomous_Schaefer', 'M1b_autonomous_Allee', 'M4_delayed_info', 'M2_stockflow_regimeC', 'naive_persist']",False,False,1
D5_persist_null,11.8,0,"{'M1_autonomous_Schaefer': False, 'M1b_autonomous_Allee': False, 'M2_stockflow_regimeC': False, 'M3_AR_residual': False, 'M4_delayed_info': False}","{'M1_autonomous_Schaefer': False, 'M1b_autonomous_Allee': False, 'M2_stockflow_regimeC': False, 'M3_AR_residual': False, 'M4_delayed_info': False}","[-0.11190299455842405, 0.3558438975626852]","{'M1_autonomous_Schaefer': False, 'M1b_autonomous_Allee': False, 'M2_stockflow_regimeC': False, 'M3_AR_residual': False, 'M4_delayed_info': False}","{'M1_autonomous_Schaefer': False, 'M1b_autonomous_Allee': False, 'M2_stockflow_regimeC': False, 'M3_AR_residual': False, 'M4_delayed_info': False}","[-0.08205961149842798, 3.482583880115216]","{'M1_autonomous_Schaefer': False, 'M1b_autonomous_Allee': False, 'M2_stockflow_regimeC': False, 'M3_AR_residual': False, 'M4_delayed_info': False}","{'M1_autonomous_Schaefer': False, 'M1b_autonomous_Allee': False, 'M2_stockflow_regimeC': False, 'M3_AR_residual': False, 'M4_delayed_info': False}","{'M1_autonomous_Schaefer': False, 'M1b_autonomous_Allee': False, 'M2_stockflow_regimeC': False, 'M3_AR_residual': False, 'M4_delayed_info': False}",['M1b_autonomous_Allee'],"['M1_autonomous_Schaefer', 'M4_delayed_info', 'naive_persist', 'M2_stockflow_regimeC', 'M3_AR_residual']",,False,1
D5_persist_null,11.8,1,"{'M1_autonomous_Schaefer': False, 'M1b_autonomous_Allee': False, 'M2_stockflow_regimeC': False, 'M3_AR_residual': False, 'M4_delayed_info': False}","{'M1_autonomous_Schaefer': False, 'M1b_autonomous_Allee': False, 'M2_stockflow_regimeC': False, 'M3_AR_residual': False, 'M4_delayed_info': False}","[-0.02108477480597885, 0.1640625998052627]","{'M1_autonomous_Schaefer': False, 'M1b_autonomous_Allee': False, 'M2_stockflow_regimeC': False, 'M3_AR_residual': False, 'M4_delayed_info': False}","{'M1_autonomous_Schaefer': False, 'M1b_autonomous_Allee': False, 'M2_stockflow_regimeC': False, 'M3_AR_residual': False, 'M4_delayed_info': False}","[-0.08780422343176787, 1.2822733960518626]","{'M1_autonomous_Schaefer': False, 'M1b_autonomous_Allee': False, 'M2_stockflow_regimeC': False, 'M3_AR_residual': False, 'M4_delayed_info': False}","{'M1_autonomous_Schaefer': False, 'M1b_autonomous_Allee': False, 'M2_stockflow_regimeC': False, 'M3_AR_residual': False, 'M4_delayed_info': False}","{'M1_autonomous_Schaefer': False, 'M1b_autonomous_Allee': False, 'M2_stockflow_regimeC': False, 'M3_AR_residual': False, 'M4_delayed_info': False}",['M3_AR_residual'],"['M1_autonomous_Schaefer', 'naive_persist', 'M4_delayed_info', 'M2_stockflow_regimeC', 'M1b_autonomous_Allee']",,False,1
D5_persist_null,11.8,2,"{'M1_autonomous_Schaefer': False, 'M1b_autonomous_Allee': False, 'M2_stockflow_regimeC': False, 'M3_AR_residual': False, 'M4_delayed_info': False}","{'M1_autonomous_Schaefer': False, 'M1b_autonomous_Allee': False, 'M2_stockflow_regimeC': False, 'M3_AR_residual': False, 'M4_delayed_info': False}","[-0.013131491757152513, 0.2199921927825193]","{'M1_autonomous_Schaefer': False, 'M1b_autonomous_Allee': False, 'M2_stockflow_regimeC': False, 'M3_AR_residual': False, 'M4_delayed_info': False}","{'M1_autonomous_Schaefer': False, 'M1b_autonomous_Allee': False, 'M2_stockflow_regimeC': False, 'M3_AR_residual': False, 'M4_delayed_info': False}","[0.03102371406787308, 1.2245560269639135]","{'M1_autonomous_Schaefer': False, 'M1b_autonomous_Allee': False, 'M2_stockflow_regimeC': False, 'M3_AR_residual': False, 'M4_delayed_info': False}","{'M1_autonomous_Schaefer': False, 'M1b_autonomous_Allee': False, 'M2_stockflow_regimeC': False, 'M3_AR_residual': False, 'M4_delayed_info': False}","{'M1_autonomous_Schaefer': False, 'M1b_autonomous_Allee': False, 'M2_stockflow_regimeC': False, 'M3_AR_residual': False, 'M4_delayed_info': False}",['M2_stockflow_regimeC'],"['M1_autonomous_Schaefer', 'naive_persist', 'M1b_autonomous_Allee', 'M4_delayed_info', 'M3_AR_residual']",,False,1
D5_persist_null,11.8,3,"{'M1_autonomous_Schaefer': False, 'M1b_autonomous_Allee': False, 'M2_stockflow_regimeC': False, 'M3_AR_residual': False, 'M4_delayed_info': False}","{'M1_autonomous_Schaefer': False, 'M1b_autonomous_Allee': False, 'M2_stockflow_regimeC': False, 'M3_AR_residual': False, 'M4_delayed_info': False}","[-1.0777448546547839, 0.6506917213258914]","{'M1_autonomous_Schaefer': False, 'M1b_autonomous_Allee': False, 'M2_stockflow_regimeC': False, 'M3_AR_residual': False, 'M4_delayed_info': False}","{'M1_autonomous_Schaefer': False, 'M1b_autonomous_Allee': False, 'M2_stockflow_regimeC': False, 'M3_AR_residual': False, 'M4_delayed_info': False}","[-4.427893113638811, 3.3003905391777053]","{'M1_autonomous_Schaefer': False, 'M1b_autonomous_Allee': False, 'M2_stockflow_regimeC': False, 'M3_AR_residual': False, 'M4_delayed_info': False}","{'M1_autonomous_Schaefer': False, 'M1b_autonomous_Allee': False, 'M2_stockflow_regimeC': False, 'M3_AR_residual': False, 'M4_delayed_info': False}","{'M1_autonomous_Schaefer': False, 'M1b_autonomous_Allee': False, 'M2_stockflow_regimeC': False, 'M3_AR_residual': False, 'M4_delayed_info': False}",['M3_AR_residual'],"['M1_autonomous_Schaefer', 'M4_delayed_info', 'M2_stockflow_regimeC', 'naive_persist', 'M1b_autonomous_Allee']",,False,1
D5_persist_null,11.8,4,"{'M1_autonomous_Schaefer': False, 'M1b_autonomous_Allee': False, 'M2_stockflow_regimeC': False, 'M3_AR_residual': False, 'M4_delayed_info': False}","{'M1_autonomous_Schaefer': False, 'M1b_autonomous_Allee': False, 'M2_stockflow_regimeC': False, 'M3_AR_residual': False, 'M4_delayed_info': False}","[-0.007412718982705699, 0.29745769767130387]","{'M1_autonomous_Schaefer': False, 'M1b_autonomous_Allee': False, 'M2_stockflow_regimeC': False, 'M3_AR_residual': False, 'M4_delayed_info': False}","{'M1_autonomous_Schaefer': False, 'M1b_autonomous_Allee': False, 'M2_stockflow_regimeC': False, 'M3_AR_residual': False, 'M4_delayed_info': False}","[0.17005025349902497, 2.9287131268375193]","{'M1_autonomous_Schaefer': False, 'M1b_autonomous_Allee': False, 'M2_stockflow_regimeC': False, 'M3_AR_residual': False, 'M4_delayed_info': False}","{'M1_autonomous_Schaefer': False, 'M1b_autonomous_Allee': False, 'M2_stockflow_regimeC': False, 'M3_AR_residual': False, 'M4_delayed_info': False}","{'M1_autonomous_Schaefer': False, 'M1b_autonomous_Allee': False, 'M2_stockflow_regimeC': False, 'M3_AR_residual': False, 'M4_delayed_info': False}",['M1b_autonomous_Allee'],"['M1_autonomous_Schaefer', 'M4_delayed_info', 'naive_persist', 'M2_stockflow_regimeC', 'M3_AR_residual']",,False,1
D5_persist_null,11.8,5,"{'M1_autonomous_Schaefer': False, 'M1b_autonomous_Allee': False, 'M2_stockflow_regimeC': False, 'M3_AR_residual': False, 'M4_delayed_info': False}","{'M1_autonomous_Schaefer': False, 'M1b_autonomous_Allee': False, 'M2_stockflow_regimeC': False, 'M3_AR_residual': False, 'M4_delayed_info': False}","[-0.24537263253456762, 0.1967682801329017]","{'M1_autonomous_Schaefer': False, 'M1b_autonomous_Allee': False, 'M2_stockflow_regimeC': False, 'M3_AR_residual': False, 'M4_delayed_info': False}","{'M1_autonomous_Schaefer': False, 'M1b_autonomous_Allee': False, 'M2_stockflow_regimeC': False, 'M3_AR_residual': False, 'M4_delayed_info': False}","[-2.024068036652612, 0.42185396001038966]","{'M1_autonomous_Schaefer': False, 'M1b_autonomous_Allee': False, 'M2_stockflow_regimeC': False, 'M3_AR_residual': False, 'M4_delayed_info': False}","{'M1_autonomous_Schaefer': False, 'M1b_autonomous_Allee': False, 'M2_stockflow_regimeC': False, 'M3_AR_residual': False, 'M4_delayed_info': False}","{'M1_autonomous_Schaefer': False, 'M1b_autonomous_Allee': False, 'M2_stockflow_regimeC': False, 'M3_AR_residual': False, 'M4_delayed_info': False}",['naive_persist'],"['M1_autonomous_Schaefer', 'M4_delayed_info', 'M3_AR_residual', 'M1b_autonomous_Allee', 'M2_stockflow_regimeC']",,True,1
D5_persist_null,11.8,6,"{'M1_autonomous_Schaefer': False, 'M1b_autonomous_Allee': False, 'M2_stockflow_regimeC': False, 'M3_AR_residual': False, 'M4_delayed_info': False}","{'M1_autonomous_Schaefer': False, 'M1b_autonomous_Allee': False, 'M2_stockflow_regimeC': False, 'M3_AR_residual': False, 'M4_delayed_info': False}","[-0.27403622441037295, 0.7545718182969763]","{'M1_autonomous_Schaefer': True, 'M1b_autonomous_Allee': False, 'M2_stockflow_regimeC': False, 'M3_AR_residual': False, 'M4_delayed_info': False}","{'M1_autonomous_Schaefer': False, 'M1b_autonomous_Allee': False, 'M2_stockflow_regimeC': False, 'M3_AR_residual': False, 'M4_delayed_info': False}","[-4.725548781911919, 4.358438937616326]","{'M1_autonomous_Schaefer': False, 'M1b_autonomous_Allee': False, 'M2_stockflow_regimeC': False, 'M3_AR_residual': False, 'M4_delayed_info': False}","{'M1_autonomous_Schaefer': False, 'M1b_autonomous_Allee': False, 'M2_stockflow_regimeC': False, 'M3_AR_residual': False, 'M4_delayed_info': False}","{'M1_autonomous_Schaefer': False, 'M1b_autonomous_Allee': False, 'M2_stockflow_regimeC': False, 'M3_AR_residual': False, 'M4_delayed_info': False}",['M1b_autonomous_Allee'],"['M1_autonomous_Schaefer', 'M4_delayed_info', 'M2_stockflow_regimeC', 'M3_AR_residual', 'naive_persist']",,False,1
D5_persist_null,11.8,7,"{'M1_autonomous_Schaefer': False, 'M1b_autonomous_Allee': False, 'M2_stockflow_regimeC': False, 'M3_AR_residual': False, 'M4_delayed_info': False}","{'M1_autonomous_Schaefer': False, 'M1b_autonomous_Allee': False, 'M2_stockflow_regimeC': False, 'M3_AR_residual': False, 'M4_delayed_info': False}","[-0.16182179140213895, 0.19321685601441205]","{'M1_autonomous_Schaefer': False, 'M1b_autonomous_Allee': False, 'M2_stockflow_regimeC': False, 'M3_AR_residual': False, 'M4_delayed_info': False}","{'M1_autonomous_Schaefer': False, 'M1b_autonomous_Allee': False, 'M2_stockflow_regimeC': False, 'M3_AR_residual': False, 'M4_delayed_info': False}","[-1.6918213466033432, 0.2815317653334415]","{'M1_autonomous_Schaefer': False, 'M1b_autonomous_Allee': False, 'M2_stockflow_regimeC': False, 'M3_AR_residual': False, 'M4_delayed_info': False}","{'M1_autonomous_Schaefer': False, 'M1b_autonomous_Allee': False, 'M2_stockflow_regimeC': False, 'M3_AR_residual': False, 'M4_delayed_info': False}","{'M1_autonomous_Schaefer': False, 'M1b_autonomous_Allee': False, 'M2_stockflow_regimeC': False, 'M3_AR_residual': False, 'M4_delayed_info': False}",['M2_stockflow_regimeC'],"['M1_autonomous_Schaefer', 'M4_delayed_info', 'M1b_autonomous_Allee', 'M3_AR_residual', 'naive_persist']",,False,1
D5_persist_null,11.8,8,"{'M1_autonomous_Schaefer': False, 'M1b_autonomous_Allee': False, 'M2_stockflow_regimeC': False, 'M3_AR_residual': False, 'M4_delayed_info': False}","{'M1_autonomous_Schaefer': False, 'M1b_autonomous_Allee': False, 'M2_stockflow_regimeC': False, 'M3_AR_residual': False, 'M4_delayed_info': False}","[0.010555410896138012, 0.652926903221576]","{'M1_autonomous_Schaefer': False, 'M1b_autonomous_Allee': False, 'M2_stockflow_regimeC': False, 'M3_AR_residual': False, 'M4_delayed_info': False}","{'M1_autonomous_Schaefer': False, 'M1b_autonomous_Allee': False, 'M2_stockflow_regimeC': False, 'M3_AR_residual': False, 'M4_delayed_info': False}","[1.5885779740348076, 5.453105099093921]","{'M1_autonomous_Schaefer': False, 'M1b_autonomous_Allee': False, 'M2_stockflow_regimeC': False, 'M3_AR_residual': False, 'M4_delayed_info': False}","{'M1_autonomous_Schaefer': False, 'M1b_autonomous_Allee': False, 'M2_stockflow_regimeC': False, 'M3_AR_residual': False, 'M4_delayed_info': False}","{'M1_autonomous_Schaefer': False, 'M1b_autonomous_Allee': False, 'M2_stockflow_regimeC': False, 'M3_AR_residual': False, 'M4_delayed_info': False}",['M2_stockflow_regimeC'],"['M1_autonomous_Schaefer', 'M4_delayed_info', 'naive_persist', 'M3_AR_residual', 'M1b_autonomous_Allee']",,False,1
D5_persist_null,11.8,9,"{'M1_autonomous_Schaefer': False, 'M1b_autonomous_Allee': False, 'M2_stockflow_regimeC': False, 'M3_AR_residual': False, 'M4_delayed_info': False}","{'M1_autonomous_Schaefer': False, 'M1b_autonomous_Allee': False, 'M2_stockflow_regimeC': False, 'M3_AR_residual': False, 'M4_delayed_info': False}","[-0.12702133862625983, 0.015090186850811094]","{'M1_autonomous_Schaefer': False, 'M1b_autonomous_Allee': False, 'M2_stockflow_regimeC': False, 'M3_AR_residual': False, 'M4_delayed_info': False}","{'M1_autonomous_Schaefer': False, 'M1b_autonomous_Allee': False, 'M2_stockflow_regimeC': False, 'M3_AR_residual': False, 'M4_delayed_info': False}","[-0.293657838105584, 0.328361386889184]","{'M1_autonomous_Schaefer': False, 'M1b_autonomous_Allee': False, 'M2_stockflow_regimeC': False, 'M3_AR_residual': False, 'M4_delayed_info': False}","{'M1_autonomous_Schaefer': False, 'M1b_autonomous_Allee': False, 'M2_stockflow_regimeC': False, 'M3_AR_residual': False, 'M4_delayed_info': False}","{'M1_autonomous_Schaefer': False, 'M1b_autonomous_Allee': False, 'M2_stockflow_regimeC': False, 'M3_AR_residual': False, 'M4_delayed_info': False}",['M1b_autonomous_Allee'],"['M1_autonomous_Schaefer', 'M4_delayed_info', 'M2_stockflow_regimeC', 'naive_persist', 'M3_AR_residual']",,False,1
D5_persist_null,11.8,10,"{'M1_autonomous_Schaefer': False, 'M1b_autonomous_Allee': False, 'M2_stockflow_regimeC': False, 'M3_AR_residual': False, 'M4_delayed_info': False}","{'M1_autonomous_Schaefer': False, 'M1b_autonomous_Allee': False, 'M2_stockflow_regimeC': False, 'M3_AR_residual': False, 'M4_delayed_info': False}","[-0.32780369849558355, 0.4309170021429655]","{'M1_autonomous_Schaefer': False, 'M1b_autonomous_Allee': False, 'M2_stockflow_regimeC': False, 'M3_AR_residual': False, 'M4_delayed_info': False}","{'M1_autonomous_Schaefer': False, 'M1b_autonomous_Allee': False, 'M2_stockflow_regimeC': False, 'M3_AR_residual': False, 'M4_delayed_info': False}","[-4.2787020679550904, 3.507930622383424]","{'M1_autonomous_Schaefer': False, 'M1b_autonomous_Allee': False, 'M2_stockflow_regimeC': False, 'M3_AR_residual': False, 'M4_delayed_info': False}","{'M1_autonomous_Schaefer': False, 'M1b_autonomous_Allee': False, 'M2_stockflow_regimeC': False, 'M3_AR_residual': False, 'M4_delayed_info': False}","{'M1_autonomous_Schaefer': False, 'M1b_autonomous_Allee': False, 'M2_stockflow_regimeC': False, 'M3_AR_residual': False, 'M4_delayed_info': False}",['naive_persist'],"['M1_autonomous_Schaefer', 'M4_delayed_info', 'M1b_autonomous_Allee', 'M3_AR_residual', 'M2_stockflow_regimeC']",,True,1
D5_persist_null,11.8,11,"{'M1_autonomous_Schaefer': False, 'M1b_autonomous_Allee': False, 'M2_stockflow_regimeC': False, 'M3_AR_residual': False, 'M4_delayed_info': False}","{'M1_autonomous_Schaefer': False, 'M1b_autonomous_Allee': False, 'M2_stockflow_regimeC': False, 'M3_AR_residual': False, 'M4_delayed_info': False}","[-0.0322863938081312, 0.3045926144374284]","{'M1_autonomous_Schaefer': False, 'M1b_autonomous_Allee': False, 'M2_stockflow_regimeC': False, 'M3_AR_residual': False, 'M4_delayed_info': False}","{'M1_autonomous_Schaefer': False, 'M1b_autonomous_Allee': False, 'M2_stockflow_regimeC': False, 'M3_AR_residual': False, 'M4_delayed_info': False}","[0.24336344084647815, 3.0364770958660237]","{'M1_autonomous_Schaefer': False, 'M1b_autonomous_Allee': False, 'M2_stockflow_regimeC': False, 'M3_AR_residual': False, 'M4_delayed_info': False}","{'M1_autonomous_Schaefer': False, 'M1b_autonomous_Allee': False, 'M2_stockflow_regimeC': False, 'M3_AR_residual': False, 'M4_delayed_info': False}","{'M1_autonomous_Schaefer': False, 'M1b_autonomous_Allee': False, 'M2_stockflow_regimeC': False, 'M3_AR_residual': False, 'M4_delayed_info': False}",['M2_stockflow_regimeC'],"['M1_autonomous_Schaefer', 'M4_delayed_info', 'M3_AR_residual', 'naive_persist', 'M1b_autonomous_Allee']",,False,1
D5_persist_null,11.8,12,"{'M1_autonomous_Schaefer': False, 'M1b_autonomous_Allee': False, 'M2_stockflow_regimeC': False, 'M3_AR_residual': False, 'M4_delayed_info': False}","{'M1_autonomous_Schaefer': False, 'M1b_autonomous_Allee': False, 'M2_stockflow_regimeC': False, 'M3_AR_residual': False, 'M4_delayed_info': False}","[-1.3289283195678228, 0.7637392642832673]","{'M1_autonomous_Schaefer': False, 'M1b_autonomous_Allee': False, 'M2_stockflow_regimeC': False, 'M3_AR_residual': False, 'M4_delayed_info': False}","{'M1_autonomous_Schaefer': False, 'M1b_autonomous_Allee': False, 'M2_stockflow_regimeC': False, 'M3_AR_residual': False, 'M4_delayed_info': False}","[-6.613690440436973, 0.9816900407990747]","{'M1_autonomous_Schaefer': False, 'M1b_autonomous_Allee': False, 'M2_stockflow_regimeC': False, 'M3_AR_residual': False, 'M4_delayed_info': False}","{'M1_autonomous_Schaefer': False, 'M1b_autonomous_Allee': False, 'M2_stockflow_regimeC': False, 'M3_AR_residual': False, 'M4_delayed_info': False}","{'M1_autonomous_Schaefer': False, 'M1b_autonomous_Allee': False, 'M2_stockflow_regimeC': False, 'M3_AR_residual': False, 'M4_delayed_info': False}",['M3_AR_residual'],"['M1_autonomous_Schaefer', 'M4_delayed_info', 'M2_stockflow_regimeC', 'M1b_autonomous_Allee', 'naive_persist']",,False,1
D5_persist_null,11.8,13,"{'M1_autonomous_Schaefer': False, 'M1b_autonomous_Allee': False, 'M2_stockflow_regimeC': False, 'M3_AR_residual': False, 'M4_delayed_info': False}","{'M1_autonomous_Schaefer': False, 'M1b_autonomous_Allee': False, 'M2_stockflow_regimeC': False, 'M3_AR_residual': False, 'M4_delayed_info': False}","[0.2854867717844708, 1.5207620410506093]","{'M1_autonomous_Schaefer': False, 'M1b_autonomous_Allee': False, 'M2_stockflow_regimeC': False, 'M3_AR_residual': False, 'M4_delayed_info': False}","{'M1_autonomous_Schaefer': False, 'M1b_autonomous_Allee': False, 'M2_stockflow_regimeC': False, 'M3_AR_residual': False, 'M4_delayed_info': False}","[3.1455044587698318, 10.819439390108426]","{'M1_autonomous_Schaefer': False, 'M1b_autonomous_Allee': False, 'M2_stockflow_regimeC': False, 'M3_AR_residual': False, 'M4_delayed_info': False}","{'M1_autonomous_Schaefer': False, 'M1b_autonomous_Allee': False, 'M2_stockflow_regimeC': False, 'M3_AR_residual': False, 'M4_delayed_info': False}","{'M1_autonomous_Schaefer': False, 'M1b_autonomous_Allee': False, 'M2_stockflow_regimeC': False, 'M3_AR_residual': False, 'M4_delayed_info': False}",['M2_stockflow_regimeC'],"['M1_autonomous_Schaefer', 'M4_delayed_info', 'naive_persist', 'M1b_autonomous_Allee', 'M3_AR_residual']",,False,1
D5_persist_null,11.8,14,"{'M1_autonomous_Schaefer': False, 'M1b_autonomous_Allee': False, 'M2_stockflow_regimeC': False, 'M3_AR_residual': False, 'M4_delayed_info': False}","{'M1_autonomous_Schaefer': False, 'M1b_autonomous_Allee': False, 'M2_stockflow_regimeC': False, 'M3_AR_residual': False, 'M4_delayed_info': False}","[-1.1050173871629763, 1.678254047314088]","{'M1_autonomous_Schaefer': False, 'M1b_autonomous_Allee': False, 'M2_stockflow_regimeC': False, 'M3_AR_residual': False, 'M4_delayed_info': True}","{'M1_autonomous_Schaefer': False, 'M1b_autonomous_Allee': False, 'M2_stockflow_regimeC': False, 'M3_AR_residual': False, 'M4_delayed_info': False}","[-7.319793268620978, 18.350337978307756]","{'M1_autonomous_Schaefer': False, 'M1b_autonomous_Allee': False, 'M2_stockflow_regimeC': False, 'M3_AR_residual': False, 'M4_delayed_info': False}","{'M1_autonomous_Schaefer': False, 'M1b_autonomous_Allee': False, 'M2_stockflow_regimeC': False, 'M3_AR_residual': False, 'M4_delayed_info': False}","{'M1_autonomous_Schaefer': False, 'M1b_autonomous_Allee': False, 'M2_stockflow_regimeC': False, 'M3_AR_residual': False, 'M4_delayed_info': False}",['naive_persist'],"['M1_autonomous_Schaefer', 'M4_delayed_info', 'M1b_autonomous_Allee', 'M2_stockflow_regimeC', 'M3_AR_residual']",,True,1
D5_persist_null,11.8,15,"{'M1_autonomous_Schaefer': False, 'M1b_autonomous_Allee': False, 'M2_stockflow_regimeC': False, 'M3_AR_residual': False, 'M4_delayed_info': False}","{'M1_autonomous_Schaefer': False, 'M1b_autonomous_Allee': False, 'M2_stockflow_regimeC': False, 'M3_AR_residual': False, 'M4_delayed_info': False}","[-0.31035653656043455, 0.653803509315552]","{'M1_autonomous_Schaefer': False, 'M1b_autonomous_Allee': False, 'M2_stockflow_regimeC': False, 'M3_AR_residual': False, 'M4_delayed_info': False}","{'M1_autonomous_Schaefer': False, 'M1b_autonomous_Allee': False, 'M2_stockflow_regimeC': False, 'M3_AR_residual': False, 'M4_delayed_info': False}","[-1.1356581362403175, 5.791420749087073]","{'M1_autonomous_Schaefer': False, 'M1b_autonomous_Allee': False, 'M2_stockflow_regimeC': False, 'M3_AR_residual': False, 'M4_delayed_info': False}","{'M1_autonomous_Schaefer': False, 'M1b_autonomous_Allee': False, 'M2_stockflow_regimeC': False, 'M3_AR_residual': False, 'M4_delayed_info': False}","{'M1_autonomous_Schaefer': False, 'M1b_autonomous_Allee': False, 'M2_stockflow_regimeC': False, 'M3_AR_residual': False, 'M4_delayed_info': False}",['M2_stockflow_regimeC'],"['M1_autonomous_Schaefer', 'M4_delayed_info', 'M1b_autonomous_Allee', 'naive_persist', 'M3_AR_residual']",,False,1
D5_persist_null,11.8,16,"{'M1_autonomous_Schaefer': False, 'M1b_autonomous_Allee': False, 'M2_stockflow_regimeC': False, 'M3_AR_residual': False, 'M4_delayed_info': False}","{'M1_autonomous_Schaefer': False, 'M1b_autonomous_Allee': False, 'M2_stockflow_regimeC': False, 'M3_AR_residual': False, 'M4_delayed_info': False}","[-1.2772974067833598, 0.8465740861005232]","{'M1_autonomous_Schaefer': True, 'M1b_autonomous_Allee': False, 'M2_stockflow_regimeC': False, 'M3_AR_residual': False, 'M4_delayed_info': False}","{'M1_autonomous_Schaefer': False, 'M1b_autonomous_Allee': False, 'M2_stockflow_regimeC': False, 'M3_AR_residual': False, 'M4_delayed_info': False}","[-10.044574840519466, 4.097978555350795]","{'M1_autonomous_Schaefer': False, 'M1b_autonomous_Allee': False, 'M2_stockflow_regimeC': False, 'M3_AR_residual': False, 'M4_delayed_info': False}","{'M1_autonomous_Schaefer': False, 'M1b_autonomous_Allee': False, 'M2_stockflow_regimeC': False, 'M3_AR_residual': False, 'M4_delayed_info': False}","{'M1_autonomous_Schaefer': False, 'M1b_autonomous_Allee': False, 'M2_stockflow_regimeC': False, 'M3_AR_residual': False, 'M4_delayed_info': False}",['M3_AR_residual'],"['M1_autonomous_Schaefer', 'M4_delayed_info', 'naive_persist', 'M1b_autonomous_Allee', 'M2_stockflow_regimeC']",,False,1
D5_persist_null,11.8,17,"{'M1_autonomous_Schaefer': False, 'M1b_autonomous_Allee': False, 'M2_stockflow_regimeC': False, 'M3_AR_residual': False, 'M4_delayed_info': False}","{'M1_autonomous_Schaefer': False, 'M1b_autonomous_Allee': False, 'M2_stockflow_regimeC': False, 'M3_AR_residual': False, 'M4_delayed_info': False}","[0.017835654588935414, 0.40057942056649615]","{'M1_autonomous_Schaefer': False, 'M1b_autonomous_Allee': False, 'M2_stockflow_regimeC': False, 'M3_AR_residual': False, 'M4_delayed_info': False}","{'M1_autonomous_Schaefer': False, 'M1b_autonomous_Allee': False, 'M2_stockflow_regimeC': False, 'M3_AR_residual': False, 'M4_delayed_info': False}","[0.1074003010391511, 2.6863441839494016]","{'M1_autonomous_Schaefer': False, 'M1b_autonomous_Allee': False, 'M2_stockflow_regimeC': False, 'M3_AR_residual': False, 'M4_delayed_info': False}","{'M1_autonomous_Schaefer': False, 'M1b_autonomous_Allee': False, 'M2_stockflow_regimeC': False, 'M3_AR_residual': False, 'M4_delayed_info': False}","{'M1_autonomous_Schaefer': False, 'M1b_autonomous_Allee': False, 'M2_stockflow_regimeC': False, 'M3_AR_residual': False, 'M4_delayed_info': False}",['M1b_autonomous_Allee'],"['M1_autonomous_Schaefer', 'M4_delayed_info', 'naive_persist', 'M2_stockflow_regimeC', 'M3_AR_residual']",,False,1
D5_persist_null,11.8,18,"{'M1_autonomous_Schaefer': False, 'M1b_autonomous_Allee': False, 'M2_stockflow_regimeC': False, 'M3_AR_residual': False, 'M4_delayed_info': False}","{'M1_autonomous_Schaefer': False, 'M1b_autonomous_Allee': False, 'M2_stockflow_regimeC': False, 'M3_AR_residual': False, 'M4_delayed_info': False}","[-1.3470702543913968, 0.31851830400776737]","{'M1_autonomous_Schaefer': False, 'M1b_autonomous_Allee': False, 'M2_stockflow_regimeC': False, 'M3_AR_residual': False, 'M4_delayed_info': False}","{'M1_autonomous_Schaefer': False, 'M1b_autonomous_Allee': False, 'M2_stockflow_regimeC': False, 'M3_AR_residual': False, 'M4_delayed_info': False}","[-2.436757842451527, 1.448237805980221]","{'M1_autonomous_Schaefer': False, 'M1b_autonomous_Allee': False, 'M2_stockflow_regimeC': False, 'M3_AR_residual': False, 'M4_delayed_info': False}","{'M1_autonomous_Schaefer': False, 'M1b_autonomous_Allee': False, 'M2_stockflow_regimeC': False, 'M3_AR_residual': False, 'M4_delayed_info': False}","{'M1_autonomous_Schaefer': False, 'M1b_autonomous_Allee': False, 'M2_stockflow_regimeC': False, 'M3_AR_residual': False, 'M4_delayed_info': False}",['naive_persist'],"['M1_autonomous_Schaefer', 'M2_stockflow_regimeC', 'M3_AR_residual', 'M1b_autonomous_Allee', 'M4_delayed_info']",,True,1
D5_persist_null,11.8,19,"{'M1_autonomous_Schaefer': False, 'M1b_autonomous_Allee': False, 'M2_stockflow_regimeC': False, 'M3_AR_residual': False, 'M4_delayed_info': False}","{'M1_autonomous_Schaefer': False, 'M1b_autonomous_Allee': False, 'M2_stockflow_regimeC': False, 'M3_AR_residual': False, 'M4_delayed_info': False}","[0.004586886668519787, 0.38409356581962983]","{'M1_autonomous_Schaefer': False, 'M1b_autonomous_Allee': False, 'M2_stockflow_regimeC': False, 'M3_AR_residual': False, 'M4_delayed_info': False}","{'M1_autonomous_Schaefer': False, 'M1b_autonomous_Allee': False, 'M2_stockflow_regimeC': False, 'M3_AR_residual': False, 'M4_delayed_info': False}","[0.2507048623179745, 3.707836327943339]","{'M1_autonomous_Schaefer': False, 'M1b_autonomous_Allee': False, 'M2_stockflow_regimeC': False, 'M3_AR_residual': False, 'M4_delayed_info': False}","{'M1_autonomous_Schaefer': False, 'M1b_autonomous_Allee': False, 'M2_stockflow_regimeC': False, 'M3_AR_residual': False, 'M4_delayed_info': False}","{'M1_autonomous_Schaefer': False, 'M1b_autonomous_Allee': False, 'M2_stockflow_regimeC': False, 'M3_AR_residual': False, 'M4_delayed_info': False}",['M2_stockflow_regimeC'],"['M1_autonomous_Schaefer', 'M4_delayed_info', 'naive_persist', 'M1b_autonomous_Allee', 'M3_AR_residual']",,False,1
D5_persist_null,11.8,20,"{'M1_autonomous_Schaefer': False, 'M1b_autonomous_Allee': False, 'M2_stockflow_regimeC': False, 'M3_AR_residual': False, 'M4_delayed_info': False}","{'M1_autonomous_Schaefer': False, 'M1b_autonomous_Allee': False, 'M2_stockflow_regimeC': False, 'M3_AR_residual': False, 'M4_delayed_info': False}","[0.044046837159496914, 0.8992665335185965]","{'M1_autonomous_Schaefer': False, 'M1b_autonomous_Allee': False, 'M2_stockflow_regimeC': False, 'M3_AR_residual': False, 'M4_delayed_info': False}","{'M1_autonomous_Schaefer': False, 'M1b_autonomous_Allee': False, 'M2_stockflow_regimeC': False, 'M3_AR_residual': False, 'M4_delayed_info': False}","[1.0270455634142692, 6.592302574292497]","{'M1_autonomous_Schaefer': False, 'M1b_autonomous_Allee': False, 'M2_stockflow_regimeC': False, 'M3_AR_residual': False, 'M4_delayed_info': False}","{'M1_autonomous_Schaefer': False, 'M1b_autonomous_Allee': False, 'M2_stockflow_regimeC': False, 'M3_AR_residual': False, 'M4_delayed_info': False}","{'M1_autonomous_Schaefer': False, 'M1b_autonomous_Allee': False, 'M2_stockflow_regimeC': False, 'M3_AR_residual': False, 'M4_delayed_info': False}",['M2_stockflow_regimeC'],"['M1_autonomous_Schaefer', 'M4_delayed_info', 'naive_persist', 'M3_AR_residual', 'M1b_autonomous_Allee']",,False,1
D5_persist_null,11.8,21,"{'M1_autonomous_Schaefer': False, 'M1b_autonomous_Allee': False, 'M2_stockflow_regimeC': False, 'M3_AR_residual': False, 'M4_delayed_info': False}","{'M1_autonomous_Schaefer': False, 'M1b_autonomous_Allee': False, 'M2_stockflow_regimeC': False, 'M3_AR_residual': False, 'M4_delayed_info': False}","[-0.35039232718002833, 0.7590317058951237]","{'M1_autonomous_Schaefer': False, 'M1b_autonomous_Allee': False, 'M2_stockflow_regimeC': False, 'M3_AR_residual': False, 'M4_delayed_info': False}","{'M1_autonomous_Schaefer': False, 'M1b_autonomous_Allee': False, 'M2_stockflow_regimeC': False, 'M3_AR_residual': False, 'M4_delayed_info': False}","[0.4124467536926702, 4.418845666467186]","{'M1_autonomous_Schaefer': False, 'M1b_autonomous_Allee': False, 'M2_stockflow_regimeC': False, 'M3_AR_residual': False, 'M4_delayed_info': False}","{'M1_autonomous_Schaefer': False, 'M1b_autonomous_Allee': False, 'M2_stockflow_regimeC': False, 'M3_AR_residual': False, 'M4_delayed_info': False}","{'M1_autonomous_Schaefer': False, 'M1b_autonomous_Allee': False, 'M2_stockflow_regimeC': False, 'M3_AR_residual': False, 'M4_delayed_info': False}",['M1b_autonomous_Allee'],"['M1_autonomous_Schaefer', 'M4_delayed_info', 'M3_AR_residual', 'naive_persist', 'M2_stockflow_regimeC']",,False,1
D5_persist_null,11.8,22,"{'M1_autonomous_Schaefer': False, 'M1b_autonomous_Allee': False, 'M2_stockflow_regimeC': False, 'M3_AR_residual': False, 'M4_delayed_info': False}","{'M1_autonomous_Schaefer': False, 'M1b_autonomous_Allee': False, 'M2_stockflow_regimeC': False, 'M3_AR_residual': False, 'M4_delayed_info': False}","[-0.10242686464126001, 0.684622844876421]","{'M1_autonomous_Schaefer': False, 'M1b_autonomous_Allee': False, 'M2_stockflow_regimeC': False, 'M3_AR_residual': False, 'M4_delayed_info': False}","{'M1_autonomous_Schaefer': False, 'M1b_autonomous_Allee': False, 'M2_stockflow_regimeC': False, 'M3_AR_residual': False, 'M4_delayed_info': False}","[0.5351759924876682, 5.768263823613551]","{'M1_autonomous_Schaefer': False, 'M1b_autonomous_Allee': False, 'M2_stockflow_regimeC': False, 'M3_AR_residual': False, 'M4_delayed_info': False}","{'M1_autonomous_Schaefer': False, 'M1b_autonomous_Allee': False, 'M2_stockflow_regimeC': False, 'M3_AR_residual': False, 'M4_delayed_info': False}","{'M1_autonomous_Schaefer': False, 'M1b_autonomous_Allee': False, 'M2_stockflow_regimeC': False, 'M3_AR_residual': False, 'M4_delayed_info': False}",['M2_stockflow_regimeC'],"['M1_autonomous_Schaefer', 'M4_delayed_info', 'naive_persist', 'M3_AR_residual', 'M1b_autonomous_Allee']",,False,1
D5_persist_null,11.8,23,"{'M1_autonomous_Schaefer': False, 'M1b_autonomous_Allee': False, 'M2_stockflow_regimeC': False, 'M3_AR_residual': False, 'M4_delayed_info': False}","{'M1_autonomous_Schaefer': False, 'M1b_autonomous_Allee': False, 'M2_stockflow_regimeC': False, 'M3_AR_residual': False, 'M4_delayed_info': False}","[-0.20200157780199327, 1.5229833446242313]","{'M1_autonomous_Schaefer': False, 'M1b_autonomous_Allee': False, 'M2_stockflow_regimeC': False, 'M3_AR_residual': False, 'M4_delayed_info': False}","{'M1_autonomous_Schaefer': False, 'M1b_autonomous_Allee': False, 'M2_stockflow_regimeC': False, 'M3_AR_residual': False, 'M4_delayed_info': False}","[-2.8274310286473208, 7.620580402264811]","{'M1_autonomous_Schaefer': False, 'M1b_autonomous_Allee': False, 'M2_stockflow_regimeC': False, 'M3_AR_residual': False, 'M4_delayed_info': False}","{'M1_autonomous_Schaefer': False, 'M1b_autonomous_Allee': False, 'M2_stockflow_regimeC': False, 'M3_AR_residual': False, 'M4_delayed_info': False}","{'M1_autonomous_Schaefer': False, 'M1b_autonomous_Allee': False, 'M2_stockflow_regimeC': False, 'M3_AR_residual': False, 'M4_delayed_info': False}",['M1b_autonomous_Allee'],"['M1_autonomous_Schaefer', 'naive_persist', 'M2_stockflow_regimeC', 'M4_delayed_info', 'M3_AR_residual']",,False,1
D5_persist_null,11.8,24,"{'M1_autonomous_Schaefer': False, 'M1b_autonomous_Allee': False, 'M2_stockflow_regimeC': False, 'M3_AR_residual': False, 'M4_delayed_info': False}","{'M1_autonomous_Schaefer': False, 'M1b_autonomous_Allee': False, 'M2_stockflow_regimeC': False, 'M3_AR_residual': False, 'M4_delayed_info': False}","[-0.054005961842210404, 0.1329870001385192]","{'M1_autonomous_Schaefer': False, 'M1b_autonomous_Allee': False, 'M2_stockflow_regimeC': False, 'M3_AR_residual': False, 'M4_delayed_info': False}","{'M1_autonomous_Schaefer': False, 'M1b_autonomous_Allee': False, 'M2_stockflow_regimeC': False, 'M3_AR_residual': False, 'M4_delayed_info': False}","[-0.1914372681344357, 1.7313370652032618]","{'M1_autonomous_Schaefer': False, 'M1b_autonomous_Allee': False, 'M2_stockflow_regimeC': False, 'M3_AR_residual': False, 'M4_delayed_info': False}","{'M1_autonomous_Schaefer': False, 'M1b_autonomous_Allee': False, 'M2_stockflow_regimeC': False, 'M3_AR_residual': False, 'M4_delayed_info': False}","{'M1_autonomous_Schaefer': False, 'M1b_autonomous_Allee': False, 'M2_stockflow_regimeC': False, 'M3_AR_residual': False, 'M4_delayed_info': False}",['M2_stockflow_regimeC'],"['M1_autonomous_Schaefer', 'M4_delayed_info', 'M1b_autonomous_Allee', 'M3_AR_residual', 'naive_persist']",,False,1
D5_persist_null,33.8,0,"{'M1_autonomous_Schaefer': False, 'M1b_autonomous_Allee': False, 'M2_stockflow_regimeC': False, 'M3_AR_residual': False, 'M4_delayed_info': False}","{'M1_autonomous_Schaefer': False, 'M1b_autonomous_Allee': False, 'M2_stockflow_regimeC': False, 'M3_AR_residual': False, 'M4_delayed_info': False}","[-2.426861048542534, 3.8478786763182997]","{'M1_autonomous_Schaefer': False, 'M1b_autonomous_Allee': False, 'M2_stockflow_regimeC': False, 'M3_AR_residual': False, 'M4_delayed_info': False}","{'M1_autonomous_Schaefer': False, 'M1b_autonomous_Allee': False, 'M2_stockflow_regimeC': False, 'M3_AR_residual': False, 'M4_delayed_info': False}","[-0.043592928832700564, 28.49905663901467]","{'M1_autonomous_Schaefer': False, 'M1b_autonomous_Allee': False, 'M2_stockflow_regimeC': False, 'M3_AR_residual': False, 'M4_delayed_info': False}","{'M1_autonomous_Schaefer': False, 'M1b_autonomous_Allee': False, 'M2_stockflow_regimeC': False, 'M3_AR_residual': False, 'M4_delayed_info': False}","{'M1_autonomous_Schaefer': False, 'M1b_autonomous_Allee': False, 'M2_stockflow_regimeC': False, 'M3_AR_residual': False, 'M4_delayed_info': False}",['M2_stockflow_regimeC'],"['M1_autonomous_Schaefer', 'M4_delayed_info', 'M3_AR_residual', 'M1b_autonomous_Allee', 'naive_persist']",,False,1
D5_persist_null,33.8,1,"{'M1_autonomous_Schaefer': False, 'M1b_autonomous_Allee': False, 'M2_stockflow_regimeC': False, 'M3_AR_residual': False, 'M4_delayed_info': False}","{'M1_autonomous_Schaefer': False, 'M1b_autonomous_Allee': False, 'M2_stockflow_regimeC': False, 'M3_AR_residual': False, 'M4_delayed_info': False}","[-1.3829709348787704, 0.4938671946501683]","{'M1_autonomous_Schaefer': True, 'M1b_autonomous_Allee': False, 'M2_stockflow_regimeC': False, 'M3_AR_residual': False, 'M4_delayed_info': False}","{'M1_autonomous_Schaefer': True, 'M1b_autonomous_Allee': False, 'M2_stockflow_regimeC': False, 'M3_AR_residual': False, 'M4_delayed_info': False}","[-8.933798518168217, -1.6802611922120896]","{'M1_autonomous_Schaefer': False, 'M1b_autonomous_Allee': False, 'M2_stockflow_regimeC': False, 'M3_AR_residual': False, 'M4_delayed_info': False}","{'M1_autonomous_Schaefer': False, 'M1b_autonomous_Allee': False, 'M2_stockflow_regimeC': False, 'M3_AR_residual': False, 'M4_delayed_info': False}","{'M1_autonomous_Schaefer': False, 'M1b_autonomous_Allee': False, 'M2_stockflow_regimeC': False, 'M3_AR_residual': False, 'M4_delayed_info': False}",['M1b_autonomous_Allee'],"['M1_autonomous_Schaefer', 'M4_delayed_info', 'M2_stockflow_regimeC', 'M3_AR_residual', 'naive_persist']",,False,1
D5_persist_null,33.8,2,"{'M1_autonomous_Schaefer': False, 'M1b_autonomous_Allee': False, 'M2_stockflow_regimeC': False, 'M3_AR_residual': False, 'M4_delayed_info': False}","{'M1_autonomous_Schaefer': False, 'M1b_autonomous_Allee': False, 'M2_stockflow_regimeC': False, 'M3_AR_residual': False, 'M4_delayed_info': False}","[0.0003351740709970132, 1.4655423643731054]","{'M1_autonomous_Schaefer': False, 'M1b_autonomous_Allee': False, 'M2_stockflow_regimeC': False, 'M3_AR_residual': False, 'M4_delayed_info': False}","{'M1_autonomous_Schaefer': False, 'M1b_autonomous_Allee': False, 'M2_stockflow_regimeC': False, 'M3_AR_residual': False, 'M4_delayed_info': False}","[0.16364525418962614, 7.419737485114409]","{'M1_autonomous_Schaefer': False, 'M1b_autonomous_Allee': False, 'M2_stockflow_regimeC': False, 'M3_AR_residual': False, 'M4_delayed_info': False}","{'M1_autonomous_Schaefer': False, 'M1b_autonomous_Allee': False, 'M2_stockflow_regimeC': False, 'M3_AR_residual': False, 'M4_delayed_info': False}","{'M1_autonomous_Schaefer': False, 'M1b_autonomous_Allee': False, 'M2_stockflow_regimeC': False, 'M3_AR_residual': False, 'M4_delayed_info': False}",['M2_stockflow_regimeC'],"['M1_autonomous_Schaefer', 'M4_delayed_info', 'naive_persist', 'M3_AR_residual', 'M1b_autonomous_Allee']",,False,1
D5_persist_null,33.8,3,"{'M1_autonomous_Schaefer': False, 'M1b_autonomous_Allee': False, 'M2_stockflow_regimeC': False, 'M3_AR_residual': False, 'M4_delayed_info': False}","{'M1_autonomous_Schaefer': False, 'M1b_autonomous_Allee': False, 'M2_stockflow_regimeC': False, 'M3_AR_residual': False, 'M4_delayed_info': False}","[-1.9353868399737877, 0.7566511210877254]","{'M1_autonomous_Schaefer': True, 'M1b_autonomous_Allee': False, 'M2_stockflow_regimeC': False, 'M3_AR_residual': False, 'M4_delayed_info': True}","{'M1_autonomous_Schaefer': True, 'M1b_autonomous_Allee': False, 'M2_stockflow_regimeC': False, 'M3_AR_residual': False, 'M4_delayed_info': False}","[-16.5042414593185, -0.41675739644224985]","{'M1_autonomous_Schaefer': False, 'M1b_autonomous_Allee': False, 'M2_stockflow_regimeC': False, 'M3_AR_residual': False, 'M4_delayed_info': False}","{'M1_autonomous_Schaefer': False, 'M1b_autonomous_Allee': False, 'M2_stockflow_regimeC': False, 'M3_AR_residual': False, 'M4_delayed_info': False}","{'M1_autonomous_Schaefer': False, 'M1b_autonomous_Allee': False, 'M2_stockflow_regimeC': False, 'M3_AR_residual': False, 'M4_delayed_info': False}",['M1b_autonomous_Allee'],"['M1_autonomous_Schaefer', 'M2_stockflow_regimeC', 'naive_persist', 'M3_AR_residual', 'M4_delayed_info']",,False,1
D5_persist_null,33.8,4,"{'M1_autonomous_Schaefer': False, 'M1b_autonomous_Allee': False, 'M2_stockflow_regimeC': False, 'M3_AR_residual': False, 'M4_delayed_info': False}","{'M1_autonomous_Schaefer': False, 'M1b_autonomous_Allee': False, 'M2_stockflow_regimeC': False, 'M3_AR_residual': False, 'M4_delayed_info': False}","[-0.0013824091862634433, 0.10582050648148193]","{'M1_autonomous_Schaefer': False, 'M1b_autonomous_Allee': True, 'M2_stockflow_regimeC': False, 'M3_AR_residual': False, 'M4_delayed_info': False}","{'M1_autonomous_Schaefer': False, 'M1b_autonomous_Allee': True, 'M2_stockflow_regimeC': False, 'M3_AR_residual': False, 'M4_delayed_info': False}","[0.1027155853750159, 0.6533514071439775]","{'M1_autonomous_Schaefer': False, 'M1b_autonomous_Allee': False, 'M2_stockflow_regimeC': False, 'M3_AR_residual': False, 'M4_delayed_info': False}","{'M1_autonomous_Schaefer': False, 'M1b_autonomous_Allee': False, 'M2_stockflow_regimeC': False, 'M3_AR_residual': False, 'M4_delayed_info': False}","{'M1_autonomous_Schaefer': False, 'M1b_autonomous_Allee': False, 'M2_stockflow_regimeC': False, 'M3_AR_residual': False, 'M4_delayed_info': False}",['M3_AR_residual'],"['M1_autonomous_Schaefer', 'M4_delayed_info', 'naive_persist', 'M2_stockflow_regimeC', 'M1b_autonomous_Allee']",,False,1
D5_persist_null,33.8,5,"{'M1_autonomous_Schaefer': False, 'M1b_autonomous_Allee': False, 'M2_stockflow_regimeC': False, 'M3_AR_residual': False, 'M4_delayed_info': False}","{'M1_autonomous_Schaefer': False, 'M1b_autonomous_Allee': False, 'M2_stockflow_regimeC': False, 'M3_AR_residual': False, 'M4_delayed_info': False}","[-4.132340171590176, 2.451866299724731]","{'M1_autonomous_Schaefer': False, 'M1b_autonomous_Allee': False, 'M2_stockflow_regimeC': False, 'M3_AR_residual': False, 'M4_delayed_info': False}","{'M1_autonomous_Schaefer': False, 'M1b_autonomous_Allee': False, 'M2_stockflow_regimeC': False, 'M3_AR_residual': False, 'M4_delayed_info': False}","[-29.27231938772657, 24.47210969863662]","{'M1_autonomous_Schaefer': False, 'M1b_autonomous_Allee': False, 'M2_stockflow_regimeC': False, 'M3_AR_residual': False, 'M4_delayed_info': False}","{'M1_autonomous_Schaefer': False, 'M1b_autonomous_Allee': False, 'M2_stockflow_regimeC': False, 'M3_AR_residual': False, 'M4_delayed_info': False}","{'M1_autonomous_Schaefer': False, 'M1b_autonomous_Allee': False, 'M2_stockflow_regimeC': False, 'M3_AR_residual': False, 'M4_delayed_info': False}",['M2_stockflow_regimeC'],"['M1_autonomous_Schaefer', 'M4_delayed_info', 'M3_AR_residual', 'M1b_autonomous_Allee', 'naive_persist']",,False,1
D5_persist_null,33.8,6,"{'M1_autonomous_Schaefer': False, 'M1b_autonomous_Allee': False, 'M2_stockflow_regimeC': False, 'M3_AR_residual': False, 'M4_delayed_info': False}","{'M1_autonomous_Schaefer': True, 'M1b_autonomous_Allee': False, 'M2_stockflow_regimeC': False, 'M3_AR_residual': False, 'M4_delayed_info': False}","[-0.4743913560240321, -0.02470893056259047]","{'M1_autonomous_Schaefer': False, 'M1b_autonomous_Allee': False, 'M2_stockflow_regimeC': False, 'M3_AR_residual': False, 'M4_delayed_info': False}","{'M1_autonomous_Schaefer': True, 'M1b_autonomous_Allee': False, 'M2_stockflow_regimeC': False, 'M3_AR_residual': False, 'M4_delayed_info': False}","[-3.70237304712192, -0.6277500997728168]","{'M1_autonomous_Schaefer': False, 'M1b_autonomous_Allee': False, 'M2_stockflow_regimeC': False, 'M3_AR_residual': False, 'M4_delayed_info': False}","{'M1_autonomous_Schaefer': True, 'M1b_autonomous_Allee': False, 'M2_stockflow_regimeC': False, 'M3_AR_residual': False, 'M4_delayed_info': False}","{'M1_autonomous_Schaefer': False, 'M1b_autonomous_Allee': False, 'M2_stockflow_regimeC': False, 'M3_AR_residual': False, 'M4_delayed_info': False}",['naive_persist'],"['M1_autonomous_Schaefer', 'M4_delayed_info', 'M1b_autonomous_Allee', 'M3_AR_residual', 'M2_stockflow_regimeC']",,True,1
D5_persist_null,33.8,7,"{'M1_autonomous_Schaefer': False, 'M1b_autonomous_Allee': False, 'M2_stockflow_regimeC': False, 'M3_AR_residual': False, 'M4_delayed_info': False}","{'M1_autonomous_Schaefer': False, 'M1b_autonomous_Allee': False, 'M2_stockflow_regimeC': False, 'M3_AR_residual': False, 'M4_delayed_info': False}","[-4.5134533525909175, 6.842772780010081]","{'M1_autonomous_Schaefer': False, 'M1b_autonomous_Allee': False, 'M2_stockflow_regimeC': False, 'M3_AR_residual': False, 'M4_delayed_info': False}","{'M1_autonomous_Schaefer': False, 'M1b_autonomous_Allee': False, 'M2_stockflow_regimeC': False, 'M3_AR_residual': False, 'M4_delayed_info': False}","[1.711575671933038, 93.40269211665526]","{'M1_autonomous_Schaefer': False, 'M1b_autonomous_Allee': False, 'M2_stockflow_regimeC': False, 'M3_AR_residual': False, 'M4_delayed_info': False}","{'M1_autonomous_Schaefer': False, 'M1b_autonomous_Allee': False, 'M2_stockflow_regimeC': False, 'M3_AR_residual': False, 'M4_delayed_info': False}","{'M1_autonomous_Schaefer': False, 'M1b_autonomous_Allee': False, 'M2_stockflow_regimeC': False, 'M3_AR_residual': False, 'M4_delayed_info': False}",['M2_stockflow_regimeC'],"['M1_autonomous_Schaefer', 'M4_delayed_info', 'M3_AR_residual', 'M1b_autonomous_Allee', 'naive_persist']",,False,1
D5_persist_null,33.8,8,"{'M1_autonomous_Schaefer': False, 'M1b_autonomous_Allee': False, 'M2_stockflow_regimeC': False, 'M3_AR_residual': False, 'M4_delayed_info': False}","{'M1_autonomous_Schaefer': False, 'M1b_autonomous_Allee': False, 'M2_stockflow_regimeC': False, 'M3_AR_residual': False, 'M4_delayed_info': False}","[-5.542339205983169, 2.1192614712301325]","{'M1_autonomous_Schaefer': True, 'M1b_autonomous_Allee': False, 'M2_stockflow_regimeC': False, 'M3_AR_residual': False, 'M4_delayed_info': False}","{'M1_autonomous_Schaefer': True, 'M1b_autonomous_Allee': False, 'M2_stockflow_regimeC': False, 'M3_AR_residual': False, 'M4_delayed_info': False}","[-44.18013865851557, -0.9624006106890075]","{'M1_autonomous_Schaefer': False, 'M1b_autonomous_Allee': False, 'M2_stockflow_regimeC': False, 'M3_AR_residual': False, 'M4_delayed_info': False}","{'M1_autonomous_Schaefer': False, 'M1b_autonomous_Allee': False, 'M2_stockflow_regimeC': False, 'M3_AR_residual': False, 'M4_delayed_info': False}","{'M1_autonomous_Schaefer': False, 'M1b_autonomous_Allee': False, 'M2_stockflow_regimeC': False, 'M3_AR_residual': False, 'M4_delayed_info': False}",['M3_AR_residual'],"['M1_autonomous_Schaefer', 'M2_stockflow_regimeC', 'M4_delayed_info', 'M1b_autonomous_Allee', 'naive_persist']",,False,1
D5_persist_null,33.8,9,"{'M1_autonomous_Schaefer': False, 'M1b_autonomous_Allee': False, 'M2_stockflow_regimeC': False, 'M3_AR_residual': False, 'M4_delayed_info': False}","{'M1_autonomous_Schaefer': False, 'M1b_autonomous_Allee': False, 'M2_stockflow_regimeC': False, 'M3_AR_residual': False, 'M4_delayed_info': False}","[-0.00939952944980007, 0.02796309660931086]","{'M1_autonomous_Schaefer': False, 'M1b_autonomous_Allee': False, 'M2_stockflow_regimeC': False, 'M3_AR_residual': False, 'M4_delayed_info': False}","{'M1_autonomous_Schaefer': False, 'M1b_autonomous_Allee': False, 'M2_stockflow_regimeC': False, 'M3_AR_residual': False, 'M4_delayed_info': False}","[-0.16964843540497937, 0.2234046745127847]","{'M1_autonomous_Schaefer': False, 'M1b_autonomous_Allee': False, 'M2_stockflow_regimeC': False, 'M3_AR_residual': False, 'M4_delayed_info': False}","{'M1_autonomous_Schaefer': False, 'M1b_autonomous_Allee': False, 'M2_stockflow_regimeC': False, 'M3_AR_residual': False, 'M4_delayed_info': False}","{'M1_autonomous_Schaefer': False, 'M1b_autonomous_Allee': False, 'M2_stockflow_regimeC': False, 'M3_AR_residual': False, 'M4_delayed_info': False}",['M4_delayed_info'],"['M1_autonomous_Schaefer', 'naive_persist', 'M2_stockflow_regimeC', 'M3_AR_residual', 'M1b_autonomous_Allee']",,False,1
D5_persist_null,33.8,10,"{'M1_autonomous_Schaefer': False, 'M1b_autonomous_Allee': False, 'M2_stockflow_regimeC': False, 'M3_AR_residual': False, 'M4_delayed_info': False}","{'M1_autonomous_Schaefer': False, 'M1b_autonomous_Allee': False, 'M2_stockflow_regimeC': False, 'M3_AR_residual': False, 'M4_delayed_info': False}","[-0.04959674588992441, 6.708206639652369]","{'M1_autonomous_Schaefer': False, 'M1b_autonomous_Allee': False, 'M2_stockflow_regimeC': False, 'M3_AR_residual': False, 'M4_delayed_info': False}","{'M1_autonomous_Schaefer': False, 'M1b_autonomous_Allee': False, 'M2_stockflow_regimeC': False, 'M3_AR_residual': False, 'M4_delayed_info': False}","[1.9200212392321392, 21.260140267450556]","{'M1_autonomous_Schaefer': False, 'M1b_autonomous_Allee': False, 'M2_stockflow_regimeC': False, 'M3_AR_residual': False, 'M4_delayed_info': False}","{'M1_autonomous_Schaefer': False, 'M1b_autonomous_Allee': False, 'M2_stockflow_regimeC': False, 'M3_AR_residual': False, 'M4_delayed_info': False}","{'M1_autonomous_Schaefer': False, 'M1b_autonomous_Allee': False, 'M2_stockflow_regimeC': False, 'M3_AR_residual': False, 'M4_delayed_info': False}",['M1b_autonomous_Allee'],"['M1_autonomous_Schaefer', 'M4_delayed_info', 'naive_persist', 'M3_AR_residual', 'M2_stockflow_regimeC']",,False,1
D5_persist_null,33.8,11,"{'M1_autonomous_Schaefer': False, 'M1b_autonomous_Allee': False, 'M2_stockflow_regimeC': False, 'M3_AR_residual': False, 'M4_delayed_info': False}","{'M1_autonomous_Schaefer': False, 'M1b_autonomous_Allee': False, 'M2_stockflow_regimeC': False, 'M3_AR_residual': False, 'M4_delayed_info': False}","[-0.8439963288363463, 1.8873391835694544]","{'M1_autonomous_Schaefer': False, 'M1b_autonomous_Allee': False, 'M2_stockflow_regimeC': False, 'M3_AR_residual': False, 'M4_delayed_info': False}","{'M1_autonomous_Schaefer': False, 'M1b_autonomous_Allee': False, 'M2_stockflow_regimeC': False, 'M3_AR_residual': False, 'M4_delayed_info': False}","[3.7298516393742798, 16.236521760341613]","{'M1_autonomous_Schaefer': False, 'M1b_autonomous_Allee': False, 'M2_stockflow_regimeC': False, 'M3_AR_residual': False, 'M4_delayed_info': False}","{'M1_autonomous_Schaefer': False, 'M1b_autonomous_Allee': False, 'M2_stockflow_regimeC': False, 'M3_AR_residual': False, 'M4_delayed_info': False}","{'M1_autonomous_Schaefer': False, 'M1b_autonomous_Allee': False, 'M2_stockflow_regimeC': False, 'M3_AR_residual': False, 'M4_delayed_info': False}",['M1b_autonomous_Allee'],"['M1_autonomous_Schaefer', 'M4_delayed_info', 'naive_persist', 'M2_stockflow_regimeC', 'M3_AR_residual']",,False,1
D5_persist_null,33.8,12,"{'M1_autonomous_Schaefer': False, 'M1b_autonomous_Allee': False, 'M2_stockflow_regimeC': False, 'M3_AR_residual': False, 'M4_delayed_info': False}","{'M1_autonomous_Schaefer': False, 'M1b_autonomous_Allee': False, 'M2_stockflow_regimeC': False, 'M3_AR_residual': False, 'M4_delayed_info': False}","[-2.2854891235308386, 1.0013318262625635]","{'M1_autonomous_Schaefer': True, 'M1b_autonomous_Allee': False, 'M2_stockflow_regimeC': False, 'M3_AR_residual': False, 'M4_delayed_info': False}","{'M1_autonomous_Schaefer': False, 'M1b_autonomous_Allee': False, 'M2_stockflow_regimeC': False, 'M3_AR_residual': False, 'M4_delayed_info': False}","[-10.407962572434702, 8.166635029084484]","{'M1_autonomous_Schaefer': False, 'M1b_autonomous_Allee': False, 'M2_stockflow_regimeC': False, 'M3_AR_residual': False, 'M4_delayed_info': False}","{'M1_autonomous_Schaefer': False, 'M1b_autonomous_Allee': False, 'M2_stockflow_regimeC': False, 'M3_AR_residual': False, 'M4_delayed_info': False}","{'M1_autonomous_Schaefer': False, 'M1b_autonomous_Allee': False, 'M2_stockflow_regimeC': False, 'M3_AR_residual': False, 'M4_delayed_info': False}",['naive_persist'],"['M1_autonomous_Schaefer', 'M3_AR_residual', 'M2_stockflow_regimeC', 'M4_delayed_info', 'M1b_autonomous_Allee']",,True,1
D5_persist_null,33.8,13,"{'M1_autonomous_Schaefer': False, 'M1b_autonomous_Allee': False, 'M2_stockflow_regimeC': False, 'M3_AR_residual': False, 'M4_delayed_info': False}","{'M1_autonomous_Schaefer': False, 'M1b_autonomous_Allee': False, 'M2_stockflow_regimeC': False, 'M3_AR_residual': False, 'M4_delayed_info': False}","[-0.023016225666841094, 0.018465556442868975]","{'M1_autonomous_Schaefer': False, 'M1b_autonomous_Allee': False, 'M2_stockflow_regimeC': False, 'M3_AR_residual': False, 'M4_delayed_info': False}","{'M1_autonomous_Schaefer': False, 'M1b_autonomous_Allee': False, 'M2_stockflow_regimeC': False, 'M3_AR_residual': False, 'M4_delayed_info': False}","[-0.13758159254608024, 0.2752996559193335]","{'M1_autonomous_Schaefer': False, 'M1b_autonomous_Allee': False, 'M2_stockflow_regimeC': False, 'M3_AR_residual': False, 'M4_delayed_info': False}","{'M1_autonomous_Schaefer': False, 'M1b_autonomous_Allee': False, 'M2_stockflow_regimeC': False, 'M3_AR_residual': False, 'M4_delayed_info': False}","{'M1_autonomous_Schaefer': False, 'M1b_autonomous_Allee': False, 'M2_stockflow_regimeC': False, 'M3_AR_residual': False, 'M4_delayed_info': False}",['M1b_autonomous_Allee'],"['M1_autonomous_Schaefer', 'naive_persist', 'M2_stockflow_regimeC', 'M4_delayed_info', 'M3_AR_residual']",,False,1
D5_persist_null,33.8,14,"{'M1_autonomous_Schaefer': False, 'M1b_autonomous_Allee': False, 'M2_stockflow_regimeC': False, 'M3_AR_residual': False, 'M4_delayed_info': False}","{'M1_autonomous_Schaefer': False, 'M1b_autonomous_Allee': False, 'M2_stockflow_regimeC': False, 'M3_AR_residual': False, 'M4_delayed_info': False}","[-1.8326842803562338, 2.900836367655542]","{'M1_autonomous_Schaefer': False, 'M1b_autonomous_Allee': False, 'M2_stockflow_regimeC': False, 'M3_AR_residual': False, 'M4_delayed_info': False}","{'M1_autonomous_Schaefer': False, 'M1b_autonomous_Allee': False, 'M2_stockflow_regimeC': False, 'M3_AR_residual': False, 'M4_delayed_info': False}","[-17.501249410095486, 21.373414889479488]","{'M1_autonomous_Schaefer': False, 'M1b_autonomous_Allee': False, 'M2_stockflow_regimeC': False, 'M3_AR_residual': False, 'M4_delayed_info': False}","{'M1_autonomous_Schaefer': False, 'M1b_autonomous_Allee': False, 'M2_stockflow_regimeC': False, 'M3_AR_residual': False, 'M4_delayed_info': False}","{'M1_autonomous_Schaefer': False, 'M1b_autonomous_Allee': False, 'M2_stockflow_regimeC': False, 'M3_AR_residual': False, 'M4_delayed_info': False}",['M1b_autonomous_Allee'],"['M1_autonomous_Schaefer', 'M4_delayed_info', 'M3_AR_residual', 'naive_persist', 'M2_stockflow_regimeC']",,False,1
D5_persist_null,33.8,15,"{'M1_autonomous_Schaefer': False, 'M1b_autonomous_Allee': False, 'M2_stockflow_regimeC': False, 'M3_AR_residual': False, 'M4_delayed_info': False}","{'M1_autonomous_Schaefer': False, 'M1b_autonomous_Allee': False, 'M2_stockflow_regimeC': False, 'M3_AR_residual': False, 'M4_delayed_info': False}","[-0.8034249018435581, 0.04502270538780055]","{'M1_autonomous_Schaefer': False, 'M1b_autonomous_Allee': False, 'M2_stockflow_regimeC': False, 'M3_AR_residual': False, 'M4_delayed_info': False}","{'M1_autonomous_Schaefer': True, 'M1b_autonomous_Allee': False, 'M2_stockflow_regimeC': False, 'M3_AR_residual': False, 'M4_delayed_info': False}","[-2.06449827197847, -0.15077487057640912]","{'M1_autonomous_Schaefer': False, 'M1b_autonomous_Allee': False, 'M2_stockflow_regimeC': False, 'M3_AR_residual': False, 'M4_delayed_info': False}","{'M1_autonomous_Schaefer': False, 'M1b_autonomous_Allee': False, 'M2_stockflow_regimeC': False, 'M3_AR_residual': False, 'M4_delayed_info': False}","{'M1_autonomous_Schaefer': False, 'M1b_autonomous_Allee': False, 'M2_stockflow_regimeC': False, 'M3_AR_residual': False, 'M4_delayed_info': False}",['naive_persist'],"['M1_autonomous_Schaefer', 'M4_delayed_info', 'M2_stockflow_regimeC', 'M3_AR_residual', 'M1b_autonomous_Allee']",,True,1
D5_persist_null,33.8,16,"{'M1_autonomous_Schaefer': False, 'M1b_autonomous_Allee': False, 'M2_stockflow_regimeC': False, 'M3_AR_residual': False, 'M4_delayed_info': False}","{'M1_autonomous_Schaefer': False, 'M1b_autonomous_Allee': False, 'M2_stockflow_regimeC': False, 'M3_AR_residual': False, 'M4_delayed_info': False}","[-0.22664895015701947, 2.921822615801937]","{'M1_autonomous_Schaefer': False, 'M1b_autonomous_Allee': False, 'M2_stockflow_regimeC': False, 'M3_AR_residual': False, 'M4_delayed_info': False}","{'M1_autonomous_Schaefer': False, 'M1b_autonomous_Allee': False, 'M2_stockflow_regimeC': False, 'M3_AR_residual': False, 'M4_delayed_info': False}","[3.2045214369555337, 20.565675653239285]","{'M1_autonomous_Schaefer': False, 'M1b_autonomous_Allee': False, 'M2_stockflow_regimeC': False, 'M3_AR_residual': False, 'M4_delayed_info': False}","{'M1_autonomous_Schaefer': False, 'M1b_autonomous_Allee': False, 'M2_stockflow_regimeC': False, 'M3_AR_residual': False, 'M4_delayed_info': False}","{'M1_autonomous_Schaefer': False, 'M1b_autonomous_Allee': False, 'M2_stockflow_regimeC': False, 'M3_AR_residual': False, 'M4_delayed_info': False}",['M1b_autonomous_Allee'],"['M1_autonomous_Schaefer', 'naive_persist', 'M4_delayed_info', 'M2_stockflow_regimeC', 'M3_AR_residual']",,False,1
D5_persist_null,33.8,17,"{'M1_autonomous_Schaefer': False, 'M1b_autonomous_Allee': False, 'M2_stockflow_regimeC': False, 'M3_AR_residual': False, 'M4_delayed_info': False}","{'M1_autonomous_Schaefer': False, 'M1b_autonomous_Allee': False, 'M2_stockflow_regimeC': False, 'M3_AR_residual': False, 'M4_delayed_info': False}","[-0.18349362699530455, 0.3214210511243679]","{'M1_autonomous_Schaefer': False, 'M1b_autonomous_Allee': False, 'M2_stockflow_regimeC': False, 'M3_AR_residual': False, 'M4_delayed_info': False}","{'M1_autonomous_Schaefer': False, 'M1b_autonomous_Allee': False, 'M2_stockflow_regimeC': False, 'M3_AR_residual': False, 'M4_delayed_info': False}","[-1.0491240853247297, 3.4725731015598096]","{'M1_autonomous_Schaefer': False, 'M1b_autonomous_Allee': False, 'M2_stockflow_regimeC': False, 'M3_AR_residual': False, 'M4_delayed_info': False}","{'M1_autonomous_Schaefer': False, 'M1b_autonomous_Allee': False, 'M2_stockflow_regimeC': False, 'M3_AR_residual': False, 'M4_delayed_info': False}","{'M1_autonomous_Schaefer': False, 'M1b_autonomous_Allee': False, 'M2_stockflow_regimeC': False, 'M3_AR_residual': False, 'M4_delayed_info': False}",['naive_persist'],"['M1_autonomous_Schaefer', 'M4_delayed_info', 'M1b_autonomous_Allee', 'M3_AR_residual', 'M2_stockflow_regimeC']",,True,1
D5_persist_null,33.8,18,"{'M1_autonomous_Schaefer': False, 'M1b_autonomous_Allee': False, 'M2_stockflow_regimeC': False, 'M3_AR_residual': False, 'M4_delayed_info': False}","{'M1_autonomous_Schaefer': False, 'M1b_autonomous_Allee': False, 'M2_stockflow_regimeC': False, 'M3_AR_residual': False, 'M4_delayed_info': False}","[-0.0030510236623268127, 0.03863587454695789]","{'M1_autonomous_Schaefer': False, 'M1b_autonomous_Allee': True, 'M2_stockflow_regimeC': False, 'M3_AR_residual': False, 'M4_delayed_info': False}","{'M1_autonomous_Schaefer': False, 'M1b_autonomous_Allee': False, 'M2_stockflow_regimeC': False, 'M3_AR_residual': False, 'M4_delayed_info': False}","[0.0675587096022202, 0.3288638161067389]","{'M1_autonomous_Schaefer': False, 'M1b_autonomous_Allee': False, 'M2_stockflow_regimeC': False, 'M3_AR_residual': False, 'M4_delayed_info': False}","{'M1_autonomous_Schaefer': False, 'M1b_autonomous_Allee': False, 'M2_stockflow_regimeC': False, 'M3_AR_residual': False, 'M4_delayed_info': False}","{'M1_autonomous_Schaefer': False, 'M1b_autonomous_Allee': False, 'M2_stockflow_regimeC': False, 'M3_AR_residual': False, 'M4_delayed_info': False}",['M2_stockflow_regimeC'],"['M1_autonomous_Schaefer', 'M4_delayed_info', 'M3_AR_residual', 'naive_persist', 'M1b_autonomous_Allee']",,False,1
D5_persist_null,33.8,19,"{'M1_autonomous_Schaefer': False, 'M1b_autonomous_Allee': False, 'M2_stockflow_regimeC': False, 'M3_AR_residual': False, 'M4_delayed_info': False}","{'M1_autonomous_Schaefer': False, 'M1b_autonomous_Allee': False, 'M2_stockflow_regimeC': False, 'M3_AR_residual': False, 'M4_delayed_info': False}","[-0.005773179314788379, 0.03765663614573995]","{'M1_autonomous_Schaefer': False, 'M1b_autonomous_Allee': False, 'M2_stockflow_regimeC': False, 'M3_AR_residual': False, 'M4_delayed_info': False}","{'M1_autonomous_Schaefer': False, 'M1b_autonomous_Allee': False, 'M2_stockflow_regimeC': False, 'M3_AR_residual': False, 'M4_delayed_info': False}","[-0.04039086445279309, 0.20618695375191579]","{'M1_autonomous_Schaefer': False, 'M1b_autonomous_Allee': False, 'M2_stockflow_regimeC': False, 'M3_AR_residual': False, 'M4_delayed_info': False}","{'M1_autonomous_Schaefer': False, 'M1b_autonomous_Allee': False, 'M2_stockflow_regimeC': False, 'M3_AR_residual': False, 'M4_delayed_info': False}","{'M1_autonomous_Schaefer': False, 'M1b_autonomous_Allee': False, 'M2_stockflow_regimeC': False, 'M3_AR_residual': False, 'M4_delayed_info': False}",['naive_persist'],"['M1_autonomous_Schaefer', 'M4_delayed_info', 'M2_stockflow_regimeC', 'M3_AR_residual', 'M1b_autonomous_Allee']",,True,1
D5_persist_null,33.8,20,"{'M1_autonomous_Schaefer': False, 'M1b_autonomous_Allee': False, 'M2_stockflow_regimeC': False, 'M3_AR_residual': False, 'M4_delayed_info': False}","{'M1_autonomous_Schaefer': False, 'M1b_autonomous_Allee': False, 'M2_stockflow_regimeC': False, 'M3_AR_residual': False, 'M4_delayed_info': False}","[-1.3994373046221138, 2.7264762573514463]","{'M1_autonomous_Schaefer': False, 'M1b_autonomous_Allee': False, 'M2_stockflow_regimeC': False, 'M3_AR_residual': False, 'M4_delayed_info': False}","{'M1_autonomous_Schaefer': False, 'M1b_autonomous_Allee': False, 'M2_stockflow_regimeC': False, 'M3_AR_residual': False, 'M4_delayed_info': False}","[-11.322911348230338, 18.541499793673594]","{'M1_autonomous_Schaefer': False, 'M1b_autonomous_Allee': False, 'M2_stockflow_regimeC': False, 'M3_AR_residual': False, 'M4_delayed_info': False}","{'M1_autonomous_Schaefer': False, 'M1b_autonomous_Allee': False, 'M2_stockflow_regimeC': False, 'M3_AR_residual': False, 'M4_delayed_info': False}","{'M1_autonomous_Schaefer': False, 'M1b_autonomous_Allee': False, 'M2_stockflow_regimeC': False, 'M3_AR_residual': False, 'M4_delayed_info': False}",['M1b_autonomous_Allee'],"['M1_autonomous_Schaefer', 'M4_delayed_info', 'naive_persist', 'M3_AR_residual', 'M2_stockflow_regimeC']",,False,1
D5_persist_null,33.8,21,"{'M1_autonomous_Schaefer': False, 'M1b_autonomous_Allee': False, 'M2_stockflow_regimeC': False, 'M3_AR_residual': False, 'M4_delayed_info': False}","{'M1_autonomous_Schaefer': False, 'M1b_autonomous_Allee': False, 'M2_stockflow_regimeC': False, 'M3_AR_residual': False, 'M4_delayed_info': False}","[-0.01467042954561073, 0.34755906825270727]","{'M1_autonomous_Schaefer': False, 'M1b_autonomous_Allee': False, 'M2_stockflow_regimeC': False, 'M3_AR_residual': False, 'M4_delayed_info': False}","{'M1_autonomous_Schaefer': False, 'M1b_autonomous_Allee': False, 'M2_stockflow_regimeC': False, 'M3_AR_residual': False, 'M4_delayed_info': False}","[-0.21997375000935052, 3.2734035564379216]","{'M1_autonomous_Schaefer': False, 'M1b_autonomous_Allee': False, 'M2_stockflow_regimeC': False, 'M3_AR_residual': False, 'M4_delayed_info': False}","{'M1_autonomous_Schaefer': False, 'M1b_autonomous_Allee': False, 'M2_stockflow_regimeC': False, 'M3_AR_residual': False, 'M4_delayed_info': False}","{'M1_autonomous_Schaefer': False, 'M1b_autonomous_Allee': False, 'M2_stockflow_regimeC': False, 'M3_AR_residual': False, 'M4_delayed_info': False}",['M1b_autonomous_Allee'],"['M1_autonomous_Schaefer', 'M4_delayed_info', 'naive_persist', 'M2_stockflow_regimeC', 'M3_AR_residual']",,False,1
D5_persist_null,33.8,22,"{'M1_autonomous_Schaefer': False, 'M1b_autonomous_Allee': False, 'M2_stockflow_regimeC': False, 'M3_AR_residual': False, 'M4_delayed_info': False}","{'M1_autonomous_Schaefer': False, 'M1b_autonomous_Allee': False, 'M2_stockflow_regimeC': False, 'M3_AR_residual': False, 'M4_delayed_info': False}","[-2.3752088627707284, 5.869666185193603]","{'M1_autonomous_Schaefer': False, 'M1b_autonomous_Allee': False, 'M2_stockflow_regimeC': False, 'M3_AR_residual': False, 'M4_delayed_info': False}","{'M1_autonomous_Schaefer': False, 'M1b_autonomous_Allee': False, 'M2_stockflow_regimeC': False, 'M3_AR_residual': False, 'M4_delayed_info': False}","[-8.974279688794054, 33.961778781931315]","{'M1_autonomous_Schaefer': False, 'M1b_autonomous_Allee': False, 'M2_stockflow_regimeC': False, 'M3_AR_residual': False, 'M4_delayed_info': False}","{'M1_autonomous_Schaefer': False, 'M1b_autonomous_Allee': False, 'M2_stockflow_regimeC': False, 'M3_AR_residual': False, 'M4_delayed_info': False}","{'M1_autonomous_Schaefer': False, 'M1b_autonomous_Allee': False, 'M2_stockflow_regimeC': False, 'M3_AR_residual': False, 'M4_delayed_info': False}",['M2_stockflow_regimeC'],"['M1_autonomous_Schaefer', 'M4_delayed_info', 'M3_AR_residual', 'naive_persist', 'M1b_autonomous_Allee']",,False,1
D5_persist_null,33.8,23,"{'M1_autonomous_Schaefer': False, 'M1b_autonomous_Allee': False, 'M2_stockflow_regimeC': False, 'M3_AR_residual': False, 'M4_delayed_info': False}","{'M1_autonomous_Schaefer': False, 'M1b_autonomous_Allee': False, 'M2_stockflow_regimeC': False, 'M3_AR_residual': False, 'M4_delayed_info': False}","[0.5293022603152407, 1.5705173067061962]","{'M1_autonomous_Schaefer': False, 'M1b_autonomous_Allee': False, 'M2_stockflow_regimeC': False, 'M3_AR_residual': False, 'M4_delayed_info': False}","{'M1_autonomous_Schaefer': False, 'M1b_autonomous_Allee': False, 'M2_stockflow_regimeC': False, 'M3_AR_residual': False, 'M4_delayed_info': False}","[9.126672196565934, 14.088061118504132]","{'M1_autonomous_Schaefer': False, 'M1b_autonomous_Allee': False, 'M2_stockflow_regimeC': False, 'M3_AR_residual': False, 'M4_delayed_info': False}","{'M1_autonomous_Schaefer': False, 'M1b_autonomous_Allee': False, 'M2_stockflow_regimeC': False, 'M3_AR_residual': False, 'M4_delayed_info': False}","{'M1_autonomous_Schaefer': False, 'M1b_autonomous_Allee': False, 'M2_stockflow_regimeC': False, 'M3_AR_residual': False, 'M4_delayed_info': False}",['naive_persist'],"['M1_autonomous_Schaefer', 'M4_delayed_info', 'M2_stockflow_regimeC', 'M3_AR_residual', 'M1b_autonomous_Allee']",,True,1
D5_persist_null,33.8,24,"{'M1_autonomous_Schaefer': False, 'M1b_autonomous_Allee': False, 'M2_stockflow_regimeC': False, 'M3_AR_residual': False, 'M4_delayed_info': False}","{'M1_autonomous_Schaefer': False, 'M1b_autonomous_Allee': False, 'M2_stockflow_regimeC': False, 'M3_AR_residual': False, 'M4_delayed_info': False}","[-2.6380891299908464, 2.799030699950464]","{'M1_autonomous_Schaefer': True, 'M1b_autonomous_Allee': False, 'M2_stockflow_regimeC': False, 'M3_AR_residual': False, 'M4_delayed_info': False}","{'M1_autonomous_Schaefer': True, 'M1b_autonomous_Allee': False, 'M2_stockflow_regimeC': False, 'M3_AR_residual': False, 'M4_delayed_info': False}","[-23.352467262937157, -3.434008521609969]","{'M1_autonomous_Schaefer': False, 'M1b_autonomous_Allee': False, 'M2_stockflow_regimeC': False, 'M3_AR_residual': False, 'M4_delayed_info': False}","{'M1_autonomous_Schaefer': False, 'M1b_autonomous_Allee': False, 'M2_stockflow_regimeC': False, 'M3_AR_residual': False, 'M4_delayed_info': False}","{'M1_autonomous_Schaefer': False, 'M1b_autonomous_Allee': False, 'M2_stockflow_regimeC': False, 'M3_AR_residual': False, 'M4_delayed_info': False}",['M2_stockflow_regimeC'],"['M1_autonomous_Schaefer', 'M4_delayed_info', 'M3_AR_residual', 'naive_persist', 'M1b_autonomous_Allee']",,False,1
