cell,truth,T,sigma,rep,module,rmse_h1,rmse_h5,persist_h1,persist_h5,retained
D6_timevarying_r,,33,11.8,0,M1_autonomous_Schaefer,10.98858601530562,11.102723624085012,14.167604166159975,13.465354736623505,True
D6_timevarying_r,,33,11.8,0,M1b_autonomous_Allee,12.068706817731865,11.825836436076855,14.167604166159975,13.465354736623505,False
D6_timevarying_r,,33,11.8,0,M2_stockflow_regimeC,79.35151188981904,96.5106152405481,14.167604166159975,13.465354736623505,False
D6_timevarying_r,,33,11.8,0,M3_AR_residual,28.838170787241577,74.47380756578009,14.167604166159975,13.465354736623505,False
D6_timevarying_r,,33,11.8,0,M4_delayed_info,36.75803896069019,77.42028884718799,14.167604166159975,13.465354736623505,False
D6_timevarying_r,,33,11.8,1,M1_autonomous_Schaefer,14.232860168255472,13.90987873219404,14.693360382298152,20.18397878896842,False
D6_timevarying_r,,33,11.8,1,M1b_autonomous_Allee,14.113346557574577,19.585442722159446,14.693360382298152,20.18397878896842,False
D6_timevarying_r,,33,11.8,1,M2_stockflow_regimeC,75.27993427970303,106.10936069099647,14.693360382298152,20.18397878896842,False
D6_timevarying_r,,33,11.8,1,M3_AR_residual,26.465146753698534,75.40008982770748,14.693360382298152,20.18397878896842,False
D6_timevarying_r,,33,11.8,1,M4_delayed_info,32.79295649300416,78.95457562617577,14.693360382298152,20.18397878896842,False
D6_timevarying_r,,33,11.8,2,M1_autonomous_Schaefer,13.96927224646592,13.632018147300146,15.67517230621178,19.681248565504433,True
D6_timevarying_r,,33,11.8,2,M1b_autonomous_Allee,15.951785204637535,21.632294531397037,15.67517230621178,19.681248565504433,False
D6_timevarying_r,,33,11.8,2,M2_stockflow_regimeC,79.28423933150924,116.9012427836942,15.67517230621178,19.681248565504433,False
D6_timevarying_r,,33,11.8,2,M3_AR_residual,28.91233751169727,86.67307498985244,15.67517230621178,19.681248565504433,False
D6_timevarying_r,,33,11.8,2,M4_delayed_info,36.87241895374951,90.57493746763343,15.67517230621178,19.681248565504433,False
D6_timevarying_r,,33,11.8,3,M1_autonomous_Schaefer,12.54901219008549,12.745917521905513,17.617362687387097,19.068414131221875,True
D6_timevarying_r,,33,11.8,3,M1b_autonomous_Allee,16.643772684891317,21.43197468211151,17.617362687387097,19.068414131221875,False
D6_timevarying_r,,33,11.8,3,M2_stockflow_regimeC,77.30443218788389,209.55511220086711,17.617362687387097,19.068414131221875,False
D6_timevarying_r,,33,11.8,3,M3_AR_residual,31.88885997491653,143.01140525870494,17.617362687387097,19.068414131221875,False
D6_timevarying_r,,33,11.8,3,M4_delayed_info,43.96660922927426,159.82842396237703,17.617362687387097,19.068414131221875,False
D6_timevarying_r,,33,11.8,4,M1_autonomous_Schaefer,14.73324513046606,14.459451658329343,14.727266403436724,17.730863454001504,False
D6_timevarying_r,,33,11.8,4,M1b_autonomous_Allee,11.773464805127885,14.404324951612317,14.727266403436724,17.730863454001504,False
D6_timevarying_r,,33,11.8,4,M2_stockflow_regimeC,77.47614297348147,544.9147436123651,14.727266403436724,17.730863454001504,False
D6_timevarying_r,,33,11.8,4,M3_AR_residual,36.620038325492324,351.4211189772025,14.727266403436724,17.730863454001504,False
D6_timevarying_r,,33,11.8,4,M4_delayed_info,64.31530555179847,439.4687342641659,14.727266403436724,17.730863454001504,False
D6_timevarying_r,,33,11.8,5,M1_autonomous_Schaefer,13.138707013049066,11.32610751462651,13.648621290431104,14.047952091823879,False
D6_timevarying_r,,33,11.8,5,M1b_autonomous_Allee,13.80482529752249,22.487078609088606,13.648621290431104,14.047952091823879,False
D6_timevarying_r,,33,11.8,5,M2_stockflow_regimeC,79.05181186623807,74.06380813539062,13.648621290431104,14.047952091823879,False
D6_timevarying_r,,33,11.8,5,M3_AR_residual,22.917840394281253,47.87238440739046,13.648621290431104,14.047952091823879,False
D6_timevarying_r,,33,11.8,5,M4_delayed_info,24.10943609955916,49.58717632902599,13.648621290431104,14.047952091823879,False
D6_timevarying_r,,33,11.8,6,M1_autonomous_Schaefer,15.793809874764301,15.564403253884944,20.072432883654418,17.439862625529514,True
D6_timevarying_r,,33,11.8,6,M1b_autonomous_Allee,17.738961101559287,19.254361377788484,20.072432883654418,17.439862625529514,False
D6_timevarying_r,,33,11.8,6,M2_stockflow_regimeC,69.98243252746809,81.57061413459103,20.072432883654418,17.439862625529514,False
D6_timevarying_r,,33,11.8,6,M3_AR_residual,29.747556307315357,68.87010223497913,20.072432883654418,17.439862625529514,False
D6_timevarying_r,,33,11.8,6,M4_delayed_info,35.83601768260533,70.94381058556323,20.072432883654418,17.439862625529514,False
D6_timevarying_r,,33,11.8,7,M1_autonomous_Schaefer,11.117014130127105,11.007738525652723,15.100598383821621,14.71251119760867,True
D6_timevarying_r,,33,11.8,7,M1b_autonomous_Allee,12.795764818226841,20.02578132780442,15.100598383821621,14.71251119760867,False
D6_timevarying_r,,33,11.8,7,M2_stockflow_regimeC,76.67817573035227,103.08064935147712,15.100598383821621,14.71251119760867,False
D6_timevarying_r,,33,11.8,7,M3_AR_residual,29.65521828090683,83.19567759692444,15.100598383821621,14.71251119760867,False
D6_timevarying_r,,33,11.8,7,M4_delayed_info,39.264439639479086,86.18229980890555,15.100598383821621,14.71251119760867,False
D6_timevarying_r,,33,11.8,8,M1_autonomous_Schaefer,12.610073307337261,13.309260454507795,15.605021960164471,15.554160732744888,True
D6_timevarying_r,,33,11.8,8,M1b_autonomous_Allee,12.354941107541645,14.447971608491223,15.605021960164471,15.554160732744888,False
D6_timevarying_r,,33,11.8,8,M2_stockflow_regimeC,74.43215675845599,115.09979474387805,15.605021960164471,15.554160732744888,False
D6_timevarying_r,,33,11.8,8,M3_AR_residual,27.489112993189483,94.47393732734608,15.605021960164471,15.554160732744888,False
D6_timevarying_r,,33,11.8,8,M4_delayed_info,35.69461049776758,97.81369366630722,15.605021960164471,15.554160732744888,False
D6_timevarying_r,,33,11.8,9,M1_autonomous_Schaefer,13.579506090372469,11.437702609939397,13.845467059642575,17.155313689191733,False
D6_timevarying_r,,33,11.8,9,M1b_autonomous_Allee,12.792997905767173,11.311246673695004,13.845467059642575,17.155313689191733,False
D6_timevarying_r,,33,11.8,9,M2_stockflow_regimeC,78.99357619577864,152.38101881214382,13.845467059642575,17.155313689191733,False
D6_timevarying_r,,33,11.8,9,M3_AR_residual,28.091762767855133,107.79502402828831,13.845467059642575,17.155313689191733,False
D6_timevarying_r,,33,11.8,9,M4_delayed_info,39.45765637561446,114.79515069642513,13.845467059642575,17.155313689191733,False
D6_timevarying_r,,33,11.8,10,M1_autonomous_Schaefer,14.723542566408346,13.398891318199052,13.9812927523226,17.69846995317293,False
D6_timevarying_r,,33,11.8,10,M1b_autonomous_Allee,12.204808042930653,31.51117282189369,13.9812927523226,17.69846995317293,False
D6_timevarying_r,,33,11.8,10,M2_stockflow_regimeC,75.6258742649855,119.13783980603289,13.9812927523226,17.69846995317293,False
D6_timevarying_r,,33,11.8,10,M3_AR_residual,29.390649115571563,85.39532153639362,13.9812927523226,17.69846995317293,False
D6_timevarying_r,,33,11.8,10,M4_delayed_info,39.79011265788845,90.39124373171836,13.9812927523226,17.69846995317293,False
D6_timevarying_r,,33,11.8,11,M1_autonomous_Schaefer,14.314576134690082,14.564805982340928,17.62870013071619,15.340097579963672,True
D6_timevarying_r,,33,11.8,11,M1b_autonomous_Allee,13.871174664628274,17.01728084643515,17.62870013071619,15.340097579963672,False
D6_timevarying_r,,33,11.8,11,M2_stockflow_regimeC,75.9044833493176,525.0152710420922,17.62870013071619,15.340097579963672,False
D6_timevarying_r,,33,11.8,11,M3_AR_residual,39.525203500987104,312.7421907370701,17.62870013071619,15.340097579963672,False
D6_timevarying_r,,33,11.8,11,M4_delayed_info,60.611644702411,385.54400571774454,17.62870013071619,15.340097579963672,False
D6_timevarying_r,,33,11.8,12,M1_autonomous_Schaefer,14.947118954132693,14.352014098135477,17.331012999658466,23.12417176795901,True
D6_timevarying_r,,33,11.8,12,M1b_autonomous_Allee,14.55445648330555,17.782963723324144,17.331012999658466,23.12417176795901,False
D6_timevarying_r,,33,11.8,12,M2_stockflow_regimeC,80.19681904121772,101.69113405547077,17.331012999658466,23.12417176795901,False
D6_timevarying_r,,33,11.8,12,M3_AR_residual,28.838172849454335,69.5564756750309,17.331012999658466,23.12417176795901,False
D6_timevarying_r,,33,11.8,12,M4_delayed_info,32.835906237000245,73.1242418596411,17.331012999658466,23.12417176795901,False
D6_timevarying_r,,33,11.8,13,M1_autonomous_Schaefer,10.567417942012366,9.043744616945038,10.132974844537744,9.591699692681376,False
D6_timevarying_r,,33,11.8,13,M1b_autonomous_Allee,9.512665522102186,8.29386770846811,10.132974844537744,9.591699692681376,True
D6_timevarying_r,,33,11.8,13,M2_stockflow_regimeC,78.58815258485592,107.17143479607509,10.132974844537744,9.591699692681376,False
D6_timevarying_r,,33,11.8,13,M3_AR_residual,26.084317260161875,77.15748515824396,10.132974844537744,9.591699692681376,False
D6_timevarying_r,,33,11.8,13,M4_delayed_info,33.71161195825465,82.23570108654644,10.132974844537744,9.591699692681376,False
D6_timevarying_r,,33,11.8,14,M1_autonomous_Schaefer,14.323263330873344,12.899185355309505,18.360010994190986,21.051705445199698,True
D6_timevarying_r,,33,11.8,14,M1b_autonomous_Allee,16.566811975837314,29.55595149247854,18.360010994190986,21.051705445199698,False
D6_timevarying_r,,33,11.8,14,M2_stockflow_regimeC,80.2055718314507,131.3977068759894,18.360010994190986,21.051705445199698,False
D6_timevarying_r,,33,11.8,14,M3_AR_residual,38.86438593586172,110.96931847595563,18.360010994190986,21.051705445199698,False
D6_timevarying_r,,33,11.8,14,M4_delayed_info,51.74823944961932,116.66545090490867,18.360010994190986,21.051705445199698,False
D6_timevarying_r,,33,11.8,15,M1_autonomous_Schaefer,10.272899936766771,8.832297525809578,9.79789519960933,14.816621566815378,False
D6_timevarying_r,,33,11.8,15,M1b_autonomous_Allee,9.318177594687128,15.628870337125145,9.79789519960933,14.816621566815378,False
D6_timevarying_r,,33,11.8,15,M2_stockflow_regimeC,79.86003172048913,194.09755757061504,9.79789519960933,14.816621566815378,False
D6_timevarying_r,,33,11.8,15,M3_AR_residual,21.62185104425332,123.1266478786454,9.79789519960933,14.816621566815378,False
D6_timevarying_r,,33,11.8,15,M4_delayed_info,29.118768808561317,139.44419528491207,9.79789519960933,14.816621566815378,False
D6_timevarying_r,,33,11.8,16,M1_autonomous_Schaefer,11.853934106644004,11.805151745335241,13.797652300102781,17.96135985928854,True
D6_timevarying_r,,33,11.8,16,M1b_autonomous_Allee,14.142614753564603,20.050046844270003,13.797652300102781,17.96135985928854,False
D6_timevarying_r,,33,11.8,16,M2_stockflow_regimeC,78.74991079144696,411.8691851540725,13.797652300102781,17.96135985928854,False
D6_timevarying_r,,33,11.8,16,M3_AR_residual,27.89705112026678,239.47131714751796,13.797652300102781,17.96135985928854,False
D6_timevarying_r,,33,11.8,16,M4_delayed_info,40.53995333059269,278.1077311765097,13.797652300102781,17.96135985928854,False
D6_timevarying_r,,33,11.8,17,M1_autonomous_Schaefer,13.63030228134433,12.660969032567834,12.968571832261969,16.109833096848543,False
D6_timevarying_r,,33,11.8,17,M1b_autonomous_Allee,12.973269957067684,12.734102512356065,12.968571832261969,16.109833096848543,False
D6_timevarying_r,,33,11.8,17,M2_stockflow_regimeC,77.90052115498311,159.04695281537707,12.968571832261969,16.109833096848543,False
D6_timevarying_r,,33,11.8,17,M3_AR_residual,29.025008587808454,123.35648994049556,12.968571832261969,16.109833096848543,False
D6_timevarying_r,,33,11.8,17,M4_delayed_info,43.04226141666112,132.7222494480558,12.968571832261969,16.109833096848543,False
D6_timevarying_r,,33,11.8,18,M1_autonomous_Schaefer,11.750462747264962,10.597319006717754,12.410870551544779,15.666839713011091,True
D6_timevarying_r,,33,11.8,18,M1b_autonomous_Allee,9.792497588378342,11.87436935530363,12.410870551544779,15.666839713011091,False
D6_timevarying_r,,33,11.8,18,M2_stockflow_regimeC,78.32996739879755,188.61016019776378,12.410870551544779,15.666839713011091,False
D6_timevarying_r,,33,11.8,18,M3_AR_residual,25.814543388869083,122.99978957902096,12.410870551544779,15.666839713011091,False
D6_timevarying_r,,33,11.8,18,M4_delayed_info,36.67604067558969,137.91142013822338,12.410870551544779,15.666839713011091,False
D6_timevarying_r,,33,11.8,19,M1_autonomous_Schaefer,13.12979326078798,13.03251928478239,16.992521297305302,17.42130861431487,True
D6_timevarying_r,,33,11.8,19,M1b_autonomous_Allee,13.0388383289399,16.818970461157612,16.992521297305302,17.42130861431487,False
D6_timevarying_r,,33,11.8,19,M2_stockflow_regimeC,76.15834269829288,69.53963768908739,16.992521297305302,17.42130861431487,False
D6_timevarying_r,,33,11.8,19,M3_AR_residual,22.37785384816811,42.564172623509336,16.992521297305302,17.42130861431487,False
D6_timevarying_r,,33,11.8,19,M4_delayed_info,22.836560132093684,44.165079074705325,16.992521297305302,17.42130861431487,False
D6_timevarying_r,,33,11.8,20,M1_autonomous_Schaefer,13.030915174381821,12.52593637009614,17.87390906602231,18.52241154984581,True
D6_timevarying_r,,33,11.8,20,M1b_autonomous_Allee,17.605904842234064,32.73090015677121,17.87390906602231,18.52241154984581,False
D6_timevarying_r,,33,11.8,20,M2_stockflow_regimeC,78.0904483244542,192.30105917931317,17.87390906602231,18.52241154984581,False
D6_timevarying_r,,33,11.8,20,M3_AR_residual,36.736259160642014,143.34702131918905,17.87390906602231,18.52241154984581,False
D6_timevarying_r,,33,11.8,20,M4_delayed_info,53.06224742130743,152.68692766709216,17.87390906602231,18.52241154984581,False
D6_timevarying_r,,33,11.8,21,M1_autonomous_Schaefer,18.1417826774895,15.863263540628951,17.16970133236158,21.619137888478026,False
D6_timevarying_r,,33,11.8,21,M1b_autonomous_Allee,16.152085974499567,16.24046340264222,17.16970133236158,21.619137888478026,False
D6_timevarying_r,,33,11.8,21,M2_stockflow_regimeC,82.63654464770042,112.8201313091782,17.16970133236158,21.619137888478026,False
D6_timevarying_r,,33,11.8,21,M3_AR_residual,31.50414666146632,90.51432108088007,17.16970133236158,21.619137888478026,False
D6_timevarying_r,,33,11.8,21,M4_delayed_info,44.41949347220975,94.68856273638615,17.16970133236158,21.619137888478026,False
D6_timevarying_r,,33,11.8,22,M1_autonomous_Schaefer,18.113188496379248,17.40950487833523,13.949883428375474,20.036639072710404,False
D6_timevarying_r,,33,11.8,22,M1b_autonomous_Allee,15.391551394916908,17.50251886680945,13.949883428375474,20.036639072710404,False
D6_timevarying_r,,33,11.8,22,M2_stockflow_regimeC,78.17279064733023,153.42953834600863,13.949883428375474,20.036639072710404,False
D6_timevarying_r,,33,11.8,22,M3_AR_residual,29.07325109655906,104.45269401165305,13.949883428375474,20.036639072710404,False
D6_timevarying_r,,33,11.8,22,M4_delayed_info,36.26678197446823,115.69676998359836,13.949883428375474,20.036639072710404,False
D6_timevarying_r,,33,11.8,23,M1_autonomous_Schaefer,13.9821977691759,14.477347073157393,16.871537974559942,22.47570174152851,True
D6_timevarying_r,,33,11.8,23,M1b_autonomous_Allee,13.499734116543367,18.928898209637207,16.871537974559942,22.47570174152851,False
D6_timevarying_r,,33,11.8,23,M2_stockflow_regimeC,78.68841452102457,173.84500789482348,16.871537974559942,22.47570174152851,False
D6_timevarying_r,,33,11.8,23,M3_AR_residual,29.56144105836061,117.67144454472526,16.871537974559942,22.47570174152851,False
D6_timevarying_r,,33,11.8,23,M4_delayed_info,35.7390904324738,128.09502743782707,16.871537974559942,22.47570174152851,False
D6_timevarying_r,,33,11.8,24,M1_autonomous_Schaefer,15.643394260229272,13.51652887832793,18.118191965135377,18.82302820631246,True
D6_timevarying_r,,33,11.8,24,M1b_autonomous_Allee,15.801153430668501,21.93722376272148,18.118191965135377,18.82302820631246,False
D6_timevarying_r,,33,11.8,24,M2_stockflow_regimeC,77.17697104205179,72.83819634620451,18.118191965135377,18.82302820631246,False
D6_timevarying_r,,33,11.8,24,M3_AR_residual,25.45470724765322,51.20858172964183,18.118191965135377,18.82302820631246,False
D6_timevarying_r,,33,11.8,24,M4_delayed_info,26.614429851494272,53.09506372855455,18.118191965135377,18.82302820631246,False
D6_timevarying_r,,33,11.8,25,M1_autonomous_Schaefer,12.240735051544393,12.839694849001352,14.947135732969558,16.09678951926922,True
D6_timevarying_r,,33,11.8,25,M1b_autonomous_Allee,13.69875541716591,18.502424632701672,14.947135732969558,16.09678951926922,False
D6_timevarying_r,,33,11.8,25,M2_stockflow_regimeC,78.02885788982982,438.5646976230283,14.947135732969558,16.09678951926922,False
D6_timevarying_r,,33,11.8,25,M3_AR_residual,31.285709861641926,246.55719149463482,14.947135732969558,16.09678951926922,False
D6_timevarying_r,,33,11.8,25,M4_delayed_info,46.60911578384775,288.4315613072112,14.947135732969558,16.09678951926922,False
D6_timevarying_r,,33,11.8,26,M1_autonomous_Schaefer,11.51110845153405,11.0429720900088,17.079055922378824,18.04716892214436,True
D6_timevarying_r,,33,11.8,26,M1b_autonomous_Allee,14.361573949139798,16.149256057867962,17.079055922378824,18.04716892214436,False
D6_timevarying_r,,33,11.8,26,M2_stockflow_regimeC,74.48732484780108,69.07321112703626,17.079055922378824,18.04716892214436,False
D6_timevarying_r,,33,11.8,26,M3_AR_residual,27.270014056355148,51.624736546932695,17.079055922378824,18.04716892214436,False
D6_timevarying_r,,33,11.8,26,M4_delayed_info,27.42770722075948,53.1514955199131,17.079055922378824,18.04716892214436,False
D6_timevarying_r,,33,11.8,27,M1_autonomous_Schaefer,17.832356786634502,16.408950618965477,17.758048197401738,19.47379688558585,False
D6_timevarying_r,,33,11.8,27,M1b_autonomous_Allee,14.878910218585164,21.12060481407719,17.758048197401738,19.47379688558585,False
D6_timevarying_r,,33,11.8,27,M2_stockflow_regimeC,81.36315547001743,358.8672167476278,17.758048197401738,19.47379688558585,False
D6_timevarying_r,,33,11.8,27,M3_AR_residual,43.40375982516201,313.47253406109957,17.758048197401738,19.47379688558585,False
D6_timevarying_r,,33,11.8,27,M4_delayed_info,75.82706336598156,370.76039328647767,17.758048197401738,19.47379688558585,False
D6_timevarying_r,,33,11.8,28,M1_autonomous_Schaefer,15.980610850940648,14.931702097552733,16.339540312915453,18.913345613556448,False
D6_timevarying_r,,33,11.8,28,M1b_autonomous_Allee,16.52773754420039,16.635520269350085,16.339540312915453,18.913345613556448,False
D6_timevarying_r,,33,11.8,28,M2_stockflow_regimeC,78.6346762751859,175.77090188307145,16.339540312915453,18.913345613556448,False
D6_timevarying_r,,33,11.8,28,M3_AR_residual,28.627790651107,119.12558071720292,16.339540312915453,18.913345613556448,False
D6_timevarying_r,,33,11.8,28,M4_delayed_info,36.929985395014725,130.39165848594217,16.339540312915453,18.913345613556448,False
D6_timevarying_r,,33,11.8,29,M1_autonomous_Schaefer,12.812612241384175,13.772190963296156,15.949069229588785,15.668824515050174,True
D6_timevarying_r,,33,11.8,29,M1b_autonomous_Allee,15.652139669811438,19.25067911275098,15.949069229588785,15.668824515050174,False
D6_timevarying_r,,33,11.8,29,M2_stockflow_regimeC,78.8504202310756,103.01504317561722,15.949069229588785,15.668824515050174,False
D6_timevarying_r,,33,11.8,29,M3_AR_residual,26.179427604549264,77.11144087113921,15.949069229588785,15.668824515050174,False
D6_timevarying_r,,33,11.8,29,M4_delayed_info,32.578432270299004,80.33242876368364,15.949069229588785,15.668824515050174,False
D6_timevarying_r,,33,33.8,0,M1_autonomous_Schaefer,28.61002365277457,31.274188712962804,34.00124237734717,46.65675756829883,True
D6_timevarying_r,,33,33.8,0,M1b_autonomous_Allee,30.30541003650922,57.56356087591943,34.00124237734717,46.65675756829883,False
D6_timevarying_r,,33,33.8,0,M2_stockflow_regimeC,83.35501320761618,255.86056705387682,34.00124237734717,46.65675756829883,False
D6_timevarying_r,,33,33.8,0,M3_AR_residual,56.57130702295607,242.98309396569505,34.00124237734717,46.65675756829883,False
D6_timevarying_r,,33,33.8,0,M4_delayed_info,86.54233398456446,259.2922783724876,34.00124237734717,46.65675756829883,False
D6_timevarying_r,,33,33.8,1,M1_autonomous_Schaefer,41.24428579508784,39.37578807854247,55.702217522148075,56.13380429495587,True
D6_timevarying_r,,33,33.8,1,M1b_autonomous_Allee,45.738180529274,43.15174454986351,55.702217522148075,56.13380429495587,False
D6_timevarying_r,,33,33.8,1,M2_stockflow_regimeC,92.28769973452938,105.56926785031436,55.702217522148075,56.13380429495587,False
D6_timevarying_r,,33,33.8,1,M3_AR_residual,71.34046876399746,102.41298977469937,55.702217522148075,56.13380429495587,False
D6_timevarying_r,,33,33.8,1,M4_delayed_info,73.94736489082926,103.72237834825866,55.702217522148075,56.13380429495587,False
D6_timevarying_r,,33,33.8,2,M1_autonomous_Schaefer,33.860583900334056,35.57340212291621,46.30521741325139,49.940509595919785,True
D6_timevarying_r,,33,33.8,2,M1b_autonomous_Allee,35.97680174195006,37.00366260427848,46.30521741325139,49.940509595919785,False
D6_timevarying_r,,33,33.8,2,M2_stockflow_regimeC,85.45940535279578,80.0202018356387,46.30521741325139,49.940509595919785,False
D6_timevarying_r,,33,33.8,2,M3_AR_residual,52.548284281452766,75.1631329780368,46.30521741325139,49.940509595919785,False
D6_timevarying_r,,33,33.8,2,M4_delayed_info,52.87591160346595,75.10499272680137,46.30521741325139,49.940509595919785,False
D6_timevarying_r,,33,33.8,3,M1_autonomous_Schaefer,40.26392610527523,41.142398212730846,47.137409249117795,56.000885538610724,True
D6_timevarying_r,,33,33.8,3,M1b_autonomous_Allee,43.272899141322505,72.9451158678959,47.137409249117795,56.000885538610724,False
D6_timevarying_r,,33,33.8,3,M2_stockflow_regimeC,76.18990593619118,75.48901901041755,47.137409249117795,56.000885538610724,False
D6_timevarying_r,,33,33.8,3,M3_AR_residual,58.5645218090261,74.64220156491322,47.137409249117795,56.000885538610724,False
D6_timevarying_r,,33,33.8,3,M4_delayed_info,58.50526652474594,74.73224455797956,47.137409249117795,56.000885538610724,False
D6_timevarying_r,,33,33.8,4,M1_autonomous_Schaefer,37.7305397397404,40.45962356700042,49.666204803111434,54.04069099410675,True
D6_timevarying_r,,33,33.8,4,M1b_autonomous_Allee,35.308156289137564,60.91179195412963,49.666204803111434,54.04069099410675,False
D6_timevarying_r,,33,33.8,4,M2_stockflow_regimeC,91.31637585524611,109.27139140516331,49.666204803111434,54.04069099410675,False
D6_timevarying_r,,33,33.8,4,M3_AR_residual,55.65754785882524,101.20633738142347,49.666204803111434,54.04069099410675,False
D6_timevarying_r,,33,33.8,4,M4_delayed_info,68.81006961775071,103.35037053671455,49.666204803111434,54.04069099410675,False
D6_timevarying_r,,33,33.8,5,M1_autonomous_Schaefer,32.24778967086348,31.43689692857178,41.39947629482087,39.28847510810388,True
D6_timevarying_r,,33,33.8,5,M1b_autonomous_Allee,33.413666513429554,41.679149264366664,41.39947629482087,39.28847510810388,False
D6_timevarying_r,,33,33.8,5,M2_stockflow_regimeC,83.14784947593753,76.34093349816914,41.39947629482087,39.28847510810388,False
D6_timevarying_r,,33,33.8,5,M3_AR_residual,50.68958655399743,69.94665888022976,41.39947629482087,39.28847510810388,False
D6_timevarying_r,,33,33.8,5,M4_delayed_info,49.362789954571966,69.7612348605667,41.39947629482087,39.28847510810388,False
D6_timevarying_r,,33,33.8,6,M1_autonomous_Schaefer,38.58138109499325,37.4012716912923,28.91718745580307,47.687935081891546,False
D6_timevarying_r,,33,33.8,6,M1b_autonomous_Allee,32.061836697317084,59.30911369583856,28.91718745580307,47.687935081891546,False
D6_timevarying_r,,33,33.8,6,M2_stockflow_regimeC,74.40280497940937,65.15490118932662,28.91718745580307,47.687935081891546,False
D6_timevarying_r,,33,33.8,6,M3_AR_residual,41.71245175326037,58.027738903398976,28.91718745580307,47.687935081891546,False
D6_timevarying_r,,33,33.8,6,M4_delayed_info,39.62223623873504,58.04298765822588,28.91718745580307,47.687935081891546,False
D6_timevarying_r,,33,33.8,7,M1_autonomous_Schaefer,41.46665427038585,40.28089730347139,49.09559227069723,54.66537812320919,True
D6_timevarying_r,,33,33.8,7,M1b_autonomous_Allee,40.182449651278795,38.471633201203844,49.09559227069723,54.66537812320919,False
D6_timevarying_r,,33,33.8,7,M2_stockflow_regimeC,81.9336931827458,186.17886702335008,49.09559227069723,54.66537812320919,False
D6_timevarying_r,,33,33.8,7,M3_AR_residual,60.097904087494726,182.00618737742926,49.09559227069723,54.66537812320919,False
D6_timevarying_r,,33,33.8,7,M4_delayed_info,63.78922816874895,218.65960078513027,49.09559227069723,54.66537812320919,False
D6_timevarying_r,,33,33.8,8,M1_autonomous_Schaefer,38.553079412120105,39.18297570592203,44.799943161786395,56.278685996060275,True
D6_timevarying_r,,33,33.8,8,M1b_autonomous_Allee,39.23229638979924,41.72336699587091,44.799943161786395,56.278685996060275,False
D6_timevarying_r,,33,33.8,8,M2_stockflow_regimeC,73.14717305294708,64.56880434476363,44.799943161786395,56.278685996060275,False
D6_timevarying_r,,33,33.8,8,M3_AR_residual,49.25784595961068,60.50743989246818,44.799943161786395,56.278685996060275,False
D6_timevarying_r,,33,33.8,8,M4_delayed_info,46.41236664523408,60.1010616735519,44.799943161786395,56.278685996060275,False
D6_timevarying_r,,33,33.8,9,M1_autonomous_Schaefer,34.978540540060166,33.973826456815324,40.95345808035202,56.87473643947276,True
D6_timevarying_r,,33,33.8,9,M1b_autonomous_Allee,38.65150595583744,62.124839810350416,40.95345808035202,56.87473643947276,False
D6_timevarying_r,,33,33.8,9,M2_stockflow_regimeC,85.763004577859,85.2818298458925,40.95345808035202,56.87473643947276,False
D6_timevarying_r,,33,33.8,9,M3_AR_residual,53.94892212117835,82.95991508582397,40.95345808035202,56.87473643947276,False
D6_timevarying_r,,33,33.8,9,M4_delayed_info,58.8234176291015,83.52895802124522,40.95345808035202,56.87473643947276,False
D6_timevarying_r,,33,33.8,10,M1_autonomous_Schaefer,38.936278715879936,46.20683028892409,42.96158935443826,64.94427654497788,True
D6_timevarying_r,,33,33.8,10,M1b_autonomous_Allee,42.40764290760802,67.37338402002777,42.96158935443826,64.94427654497788,False
D6_timevarying_r,,33,33.8,10,M2_stockflow_regimeC,90.80290003087303,347.7340537262821,42.96158935443826,64.94427654497788,False
D6_timevarying_r,,33,33.8,10,M3_AR_residual,72.67654888967834,338.8967149702966,42.96158935443826,64.94427654497788,False
D6_timevarying_r,,33,33.8,10,M4_delayed_info,103.67342047659396,390.4576434890323,42.96158935443826,64.94427654497788,False
D6_timevarying_r,,33,33.8,11,M1_autonomous_Schaefer,42.39462843695494,36.69401116116585,51.77906927218336,59.763633614968484,True
D6_timevarying_r,,33,33.8,11,M1b_autonomous_Allee,47.61545554015757,42.32682139981328,51.77906927218336,59.763633614968484,False
D6_timevarying_r,,33,33.8,11,M2_stockflow_regimeC,87.8923285943075,78.82610617631487,51.77906927218336,59.763633614968484,False
D6_timevarying_r,,33,33.8,11,M3_AR_residual,64.81217391686822,77.8123845505452,51.77906927218336,59.763633614968484,False
D6_timevarying_r,,33,33.8,11,M4_delayed_info,58.596521768540875,76.4675428857531,51.77906927218336,59.763633614968484,False
D6_timevarying_r,,33,33.8,12,M1_autonomous_Schaefer,36.88403667421866,36.81664339863684,41.847415767745574,52.092930530813,True
D6_timevarying_r,,33,33.8,12,M1b_autonomous_Allee,47.12709933875276,93.8678931885209,41.847415767745574,52.092930530813,False
D6_timevarying_r,,33,33.8,12,M2_stockflow_regimeC,83.67226808212027,108.62920958281853,41.847415767745574,52.092930530813,False
D6_timevarying_r,,33,33.8,12,M3_AR_residual,52.35444918185409,100.67190437690192,41.847415767745574,52.092930530813,False
D6_timevarying_r,,33,33.8,12,M4_delayed_info,62.48344579269608,103.21011718113814,41.847415767745574,52.092930530813,False
D6_timevarying_r,,33,33.8,13,M1_autonomous_Schaefer,33.804286570230225,34.11767712868252,43.9461100207897,44.1332336198847,True
D6_timevarying_r,,33,33.8,13,M1b_autonomous_Allee,33.66583435039581,63.03411392862062,43.9461100207897,44.1332336198847,False
D6_timevarying_r,,33,33.8,13,M2_stockflow_regimeC,81.75023500704526,122.17755368326685,43.9461100207897,44.1332336198847,False
D6_timevarying_r,,33,33.8,13,M3_AR_residual,60.91431249004548,120.7743365917133,43.9461100207897,44.1332336198847,False
D6_timevarying_r,,33,33.8,13,M4_delayed_info,74.5087830469235,121.53485496376607,43.9461100207897,44.1332336198847,False
D6_timevarying_r,,33,33.8,14,M1_autonomous_Schaefer,46.912593889011575,40.675956005664666,47.33196705945677,61.55968245412947,False
D6_timevarying_r,,33,33.8,14,M1b_autonomous_Allee,51.62211730936889,93.79473762571645,47.33196705945677,61.55968245412947,False
D6_timevarying_r,,33,33.8,14,M2_stockflow_regimeC,85.6373574972566,85.06117644850646,47.33196705945677,61.55968245412947,False
D6_timevarying_r,,33,33.8,14,M3_AR_residual,53.430870369772855,82.59783507250093,47.33196705945677,61.55968245412947,False
D6_timevarying_r,,33,33.8,14,M4_delayed_info,56.61777112841574,83.00044644076695,47.33196705945677,61.55968245412947,False
D6_timevarying_r,,33,33.8,15,M1_autonomous_Schaefer,43.68961337894421,51.73704406448199,36.5132976786189,67.5913132244066,False
D6_timevarying_r,,33,33.8,15,M1b_autonomous_Allee,35.61728403934946,80.48609163220019,36.5132976786189,67.5913132244066,False
D6_timevarying_r,,33,33.8,15,M2_stockflow_regimeC,90.54441954232142,136.23109257803134,36.5132976786189,67.5913132244066,False
D6_timevarying_r,,33,33.8,15,M3_AR_residual,66.08888594746404,132.24389093126675,36.5132976786189,67.5913132244066,False
D6_timevarying_r,,33,33.8,15,M4_delayed_info,83.73360542801149,134.45199801136786,36.5132976786189,67.5913132244066,False
D6_timevarying_r,,33,33.8,16,M1_autonomous_Schaefer,34.84291225949436,30.084703111874855,50.01528224736837,57.70405745504334,True
D6_timevarying_r,,33,33.8,16,M1b_autonomous_Allee,42.41215504489355,53.79661875348724,50.01528224736837,57.70405745504334,False
D6_timevarying_r,,33,33.8,16,M2_stockflow_regimeC,86.35800305937228,79.96330291812649,50.01528224736837,57.70405745504334,False
D6_timevarying_r,,33,33.8,16,M3_AR_residual,60.886079888782454,76.78133369272354,50.01528224736837,57.70405745504334,False
D6_timevarying_r,,33,33.8,16,M4_delayed_info,56.57285570939738,76.24197103630826,50.01528224736837,57.70405745504334,False
D6_timevarying_r,,33,33.8,17,M1_autonomous_Schaefer,40.16684095541051,37.5157773201305,47.09913486972575,44.68207710975829,True
D6_timevarying_r,,33,33.8,17,M1b_autonomous_Allee,39.81382955509703,59.18646934502116,47.09913486972575,44.68207710975829,False
D6_timevarying_r,,33,33.8,17,M2_stockflow_regimeC,84.82662267849545,74.33332506562806,47.09913486972575,44.68207710975829,False
D6_timevarying_r,,33,33.8,17,M3_AR_residual,59.37270727496252,72.42140610364133,47.09913486972575,44.68207710975829,False
D6_timevarying_r,,33,33.8,17,M4_delayed_info,50.45353408385964,67.7707705365637,47.09913486972575,44.68207710975829,False
D6_timevarying_r,,33,33.8,18,M1_autonomous_Schaefer,38.122817186753544,36.05480842441154,38.60079587886493,57.981978641265464,False
D6_timevarying_r,,33,33.8,18,M1b_autonomous_Allee,38.929214554218255,58.34930214463767,38.60079587886493,57.981978641265464,False
D6_timevarying_r,,33,33.8,18,M2_stockflow_regimeC,88.43822645125638,98.67288997878235,38.60079587886493,57.981978641265464,False
D6_timevarying_r,,33,33.8,18,M3_AR_residual,48.69323621145371,86.9258923280652,38.60079587886493,57.981978641265464,False
D6_timevarying_r,,33,33.8,18,M4_delayed_info,52.04982987525301,88.9127353817517,38.60079587886493,57.981978641265464,False
D6_timevarying_r,,33,33.8,19,M1_autonomous_Schaefer,31.857503404873754,37.310103396185774,28.827314902065673,40.8480556446255,False
D6_timevarying_r,,33,33.8,19,M1b_autonomous_Allee,27.28343254867805,42.437651947406295,28.827314902065673,40.8480556446255,False
D6_timevarying_r,,33,33.8,19,M2_stockflow_regimeC,85.79646474246395,232.78406644764576,28.827314902065673,40.8480556446255,False
D6_timevarying_r,,33,33.8,19,M3_AR_residual,57.159279308780796,203.22840667299064,28.827314902065673,40.8480556446255,False
D6_timevarying_r,,33,33.8,19,M4_delayed_info,79.9775916395494,239.9764968897167,28.827314902065673,40.8480556446255,False
D6_timevarying_r,,33,33.8,20,M1_autonomous_Schaefer,33.067676590450205,34.156972200010564,51.123424822138055,35.96556497145938,True
D6_timevarying_r,,33,33.8,20,M1b_autonomous_Allee,44.80300047214625,40.86468666891561,51.123424822138055,35.96556497145938,False
D6_timevarying_r,,33,33.8,20,M2_stockflow_regimeC,71.1639793718698,64.67936800284657,51.123424822138055,35.96556497145938,False
D6_timevarying_r,,33,33.8,20,M3_AR_residual,51.807634266751656,61.061642708431506,51.123424822138055,35.96556497145938,False
D6_timevarying_r,,33,33.8,20,M4_delayed_info,45.55899731285387,59.34881407111716,51.123424822138055,35.96556497145938,False
D6_timevarying_r,,33,33.8,21,M1_autonomous_Schaefer,30.198859253388648,30.161433265228162,29.57609403768939,37.33332625041242,False
D6_timevarying_r,,33,33.8,21,M1b_autonomous_Allee,28.506752325863534,37.78359180945751,29.57609403768939,37.33332625041242,False
D6_timevarying_r,,33,33.8,21,M2_stockflow_regimeC,75.41454626182106,66.37906509423134,29.57609403768939,37.33332625041242,False
D6_timevarying_r,,33,33.8,21,M3_AR_residual,38.28725695905653,57.87169255769741,29.57609403768939,37.33332625041242,False
D6_timevarying_r,,33,33.8,21,M4_delayed_info,37.832836768592784,57.90553759765732,29.57609403768939,37.33332625041242,False
D6_timevarying_r,,33,33.8,22,M1_autonomous_Schaefer,29.5547994614364,28.554524320940008,37.528766727794455,42.69009142784519,True
D6_timevarying_r,,33,33.8,22,M1b_autonomous_Allee,30.354355851596836,28.68343350439784,37.528766727794455,42.69009142784519,False
D6_timevarying_r,,33,33.8,22,M2_stockflow_regimeC,86.40857144686206,87.64526995323597,37.528766727794455,42.69009142784519,False
D6_timevarying_r,,33,33.8,22,M3_AR_residual,49.575998962458044,82.87236992285098,37.528766727794455,42.69009142784519,False
D6_timevarying_r,,33,33.8,22,M4_delayed_info,54.009537431378,84.05740812667463,37.528766727794455,42.69009142784519,False
D6_timevarying_r,,33,33.8,23,M1_autonomous_Schaefer,39.301857673264244,33.599314702236505,46.59982912167315,55.04638496391168,True
D6_timevarying_r,,33,33.8,23,M1b_autonomous_Allee,40.6105348866783,79.47139191242758,46.59982912167315,55.04638496391168,False
D6_timevarying_r,,33,33.8,23,M2_stockflow_regimeC,89.55898722360196,136.47693489009458,46.59982912167315,55.04638496391168,False
D6_timevarying_r,,33,33.8,23,M3_AR_residual,69.1744629380879,135.21367651847376,46.59982912167315,55.04638496391168,False
D6_timevarying_r,,33,33.8,23,M4_delayed_info,88.91427763010638,136.08721558706372,46.59982912167315,55.04638496391168,False
D6_timevarying_r,,33,33.8,24,M1_autonomous_Schaefer,34.85903989730404,31.464409512961133,46.636263851841726,45.54369453891551,True
D6_timevarying_r,,33,33.8,24,M1b_autonomous_Allee,36.02781869270544,34.88315969844492,46.636263851841726,45.54369453891551,False
D6_timevarying_r,,33,33.8,24,M2_stockflow_regimeC,84.82414784418899,85.8614088061278,46.636263851841726,45.54369453891551,False
D6_timevarying_r,,33,33.8,24,M3_AR_residual,57.314072086910095,79.44018014605356,46.636263851841726,45.54369453891551,False
D6_timevarying_r,,33,33.8,24,M4_delayed_info,56.85243716085939,80.27136499704743,46.636263851841726,45.54369453891551,False
D6_timevarying_r,,33,33.8,25,M1_autonomous_Schaefer,33.74096310216813,34.507086456600106,34.793183318680796,49.369434314055546,False
D6_timevarying_r,,33,33.8,25,M1b_autonomous_Allee,34.0702784729542,70.19777346471552,34.793183318680796,49.369434314055546,False
D6_timevarying_r,,33,33.8,25,M2_stockflow_regimeC,88.97140998001669,110.27840282925649,34.793183318680796,49.369434314055546,False
D6_timevarying_r,,33,33.8,25,M3_AR_residual,48.68869867977188,99.96374539454088,34.793183318680796,49.369434314055546,False
D6_timevarying_r,,33,33.8,25,M4_delayed_info,62.28757718673758,103.08055435837312,34.793183318680796,49.369434314055546,False
D6_timevarying_r,,33,33.8,26,M1_autonomous_Schaefer,40.21080868144466,39.553431576649615,51.82993435448425,48.042584920446316,True
D6_timevarying_r,,33,33.8,26,M1b_autonomous_Allee,38.33286738136379,53.3294994261224,51.82993435448425,48.042584920446316,False
D6_timevarying_r,,33,33.8,26,M2_stockflow_regimeC,86.33087269044249,86.64899202410079,51.82993435448425,48.042584920446316,False
D6_timevarying_r,,33,33.8,26,M3_AR_residual,56.84966706257885,81.29053650282218,51.82993435448425,48.042584920446316,False
D6_timevarying_r,,33,33.8,26,M4_delayed_info,59.56842611524192,82.26006752184811,51.82993435448425,48.042584920446316,False
D6_timevarying_r,,33,33.8,27,M1_autonomous_Schaefer,34.57864729649933,36.47053681852191,40.68555096267975,48.598966405924614,True
D6_timevarying_r,,33,33.8,27,M1b_autonomous_Allee,34.28735609286443,42.504021358566625,40.68555096267975,48.598966405924614,False
D6_timevarying_r,,33,33.8,27,M2_stockflow_regimeC,79.55723495390879,88.58096565130857,40.68555096267975,48.598966405924614,False
D6_timevarying_r,,33,33.8,27,M3_AR_residual,57.539677639441905,83.68413132980504,40.68555096267975,48.598966405924614,False
D6_timevarying_r,,33,33.8,27,M4_delayed_info,56.03033738135555,84.74645482820164,40.68555096267975,48.598966405924614,False
D6_timevarying_r,,33,33.8,28,M1_autonomous_Schaefer,44.12659718130297,43.18283235598868,45.67925707921292,60.033466922524966,False
D6_timevarying_r,,33,33.8,28,M1b_autonomous_Allee,43.0238790897142,56.010880519907886,45.67925707921292,60.033466922524966,False
D6_timevarying_r,,33,33.8,28,M2_stockflow_regimeC,93.15606196352957,108.53718610523674,45.67925707921292,60.033466922524966,False
D6_timevarying_r,,33,33.8,28,M3_AR_residual,61.29725879061344,106.9554642584293,45.67925707921292,60.033466922524966,False
D6_timevarying_r,,33,33.8,28,M4_delayed_info,70.84951945819053,107.8282098335444,45.67925707921292,60.033466922524966,False
D6_timevarying_r,,33,33.8,29,M1_autonomous_Schaefer,31.941704090006024,30.764061841973948,40.749868791847284,41.66897601151397,True
D6_timevarying_r,,33,33.8,29,M1b_autonomous_Allee,32.567671025045904,33.115491978140774,40.749868791847284,41.66897601151397,False
D6_timevarying_r,,33,33.8,29,M2_stockflow_regimeC,83.85299251419657,79.14271088336339,40.749868791847284,41.66897601151397,False
D6_timevarying_r,,33,33.8,29,M3_AR_residual,44.97769052976055,72.52803765707606,40.749868791847284,41.66897601151397,False
D6_timevarying_r,,33,33.8,29,M4_delayed_info,45.78728265693968,72.73898676130447,40.749868791847284,41.66897601151397,False
D7_obs_error,,33,11.8,0,M1_autonomous_Schaefer,12.60964014279388,11.007803748724422,15.21447549475477,16.171017131202532,True
D7_obs_error,,33,11.8,0,M1b_autonomous_Allee,19.96282946635919,85.36916605278822,15.21447549475477,16.171017131202532,False
D7_obs_error,,33,11.8,0,M2_stockflow_regimeC,12.60964014279388,11.007803748724422,15.21447549475477,16.171017131202532,False
D7_obs_error,,33,11.8,0,M3_AR_residual,12.46752543908911,11.00690979447732,15.21447549475477,16.171017131202532,False
D7_obs_error,,33,11.8,0,M4_delayed_info,12.313566117247406,10.958783322097739,15.21447549475477,16.171017131202532,False
D7_obs_error,,33,11.8,1,M1_autonomous_Schaefer,13.570345500436032,13.342085817697113,16.72594346026038,18.350344850430016,True
D7_obs_error,,33,11.8,1,M1b_autonomous_Allee,18.334594708525344,62.390829224810986,16.72594346026038,18.350344850430016,False
D7_obs_error,,33,11.8,1,M2_stockflow_regimeC,13.570345500436032,13.342085817697113,16.72594346026038,18.350344850430016,False
D7_obs_error,,33,11.8,1,M3_AR_residual,11.666099111328304,13.14876589376159,16.72594346026038,18.350344850430016,False
D7_obs_error,,33,11.8,1,M4_delayed_info,11.548015167571554,13.270164581009478,16.72594346026038,18.350344850430016,False
D7_obs_error,,33,11.8,2,M1_autonomous_Schaefer,13.230292558961324,14.255130773956875,15.619791755165219,16.715748433692678,True
D7_obs_error,,33,11.8,2,M1b_autonomous_Allee,16.03270824197529,65.1219224852131,15.619791755165219,16.715748433692678,False
D7_obs_error,,33,11.8,2,M2_stockflow_regimeC,13.230292558961324,14.255130773956875,15.619791755165219,16.715748433692678,False
D7_obs_error,,33,11.8,2,M3_AR_residual,13.352209505949693,14.263169258740955,15.619791755165219,16.715748433692678,False
D7_obs_error,,33,11.8,2,M4_delayed_info,13.610114518009828,14.290999750082225,15.619791755165219,16.715748433692678,False
D7_obs_error,,33,11.8,3,M1_autonomous_Schaefer,12.961587770725385,11.824098135683714,16.295723957128995,16.752178222111223,True
D7_obs_error,,33,11.8,3,M1b_autonomous_Allee,17.28473398414568,57.02183947706011,16.295723957128995,16.752178222111223,False
D7_obs_error,,33,11.8,3,M2_stockflow_regimeC,12.961587770725385,11.824098135683714,16.295723957128995,16.752178222111223,False
D7_obs_error,,33,11.8,3,M3_AR_residual,10.91684672950473,11.74999485368368,16.295723957128995,16.752178222111223,False
D7_obs_error,,33,11.8,3,M4_delayed_info,10.881035482260156,11.775995338141467,16.295723957128995,16.752178222111223,False
D7_obs_error,,33,11.8,4,M1_autonomous_Schaefer,11.910562648299319,13.02097017026268,13.521738500148992,18.130789801327758,True
D7_obs_error,,33,11.8,4,M1b_autonomous_Allee,16.143748330786096,78.5278395527727,13.521738500148992,18.130789801327758,False
D7_obs_error,,33,11.8,4,M2_stockflow_regimeC,11.910562648299319,13.02097017026268,13.521738500148992,18.130789801327758,False
D7_obs_error,,33,11.8,4,M3_AR_residual,12.14594226668743,13.021258371894259,13.521738500148992,18.130789801327758,False
D7_obs_error,,33,11.8,4,M4_delayed_info,13.361423471355511,12.97550048057597,13.521738500148992,18.130789801327758,False
D7_obs_error,,33,11.8,5,M1_autonomous_Schaefer,14.489538913175283,13.507327212933887,17.958674013075463,17.12277244683257,True
D7_obs_error,,33,11.8,5,M1b_autonomous_Allee,20.295671041392147,70.28373559374641,17.958674013075463,17.12277244683257,False
D7_obs_error,,33,11.8,5,M2_stockflow_regimeC,14.489538913175283,13.507327212933887,17.958674013075463,17.12277244683257,False
D7_obs_error,,33,11.8,5,M3_AR_residual,14.428615535074478,13.693745720508597,17.958674013075463,17.12277244683257,False
D7_obs_error,,33,11.8,5,M4_delayed_info,13.18395008860623,13.397086280312614,17.958674013075463,17.12277244683257,False
D7_obs_error,,33,11.8,6,M1_autonomous_Schaefer,11.909011098865179,9.819508179207583,14.417420752498955,15.493587535838007,True
D7_obs_error,,33,11.8,6,M1b_autonomous_Allee,18.08149558587699,80.1443492659985,14.417420752498955,15.493587535838007,False
D7_obs_error,,33,11.8,6,M2_stockflow_regimeC,11.909011098865179,9.819508179207583,14.417420752498955,15.493587535838007,False
D7_obs_error,,33,11.8,6,M3_AR_residual,11.621276413018103,9.7200816471506,14.417420752498955,15.493587535838007,False
D7_obs_error,,33,11.8,6,M4_delayed_info,11.424103661017716,9.639297285206347,14.417420752498955,15.493587535838007,False
D7_obs_error,,33,11.8,7,M1_autonomous_Schaefer,12.965146526134143,11.042954784581966,16.25094514076123,14.627997722545087,True
D7_obs_error,,33,11.8,7,M1b_autonomous_Allee,19.235180984683478,78.49674029270595,16.25094514076123,14.627997722545087,False
D7_obs_error,,33,11.8,7,M2_stockflow_regimeC,12.965146526134143,11.042954784581966,16.25094514076123,14.627997722545087,False
D7_obs_error,,33,11.8,7,M3_AR_residual,11.823416451152772,11.043626923634312,16.25094514076123,14.627997722545087,False
D7_obs_error,,33,11.8,7,M4_delayed_info,11.138860571341587,11.06320368387713,16.25094514076123,14.627997722545087,False
D7_obs_error,,33,11.8,8,M1_autonomous_Schaefer,9.899642179220061,9.518054295054636,11.281153789331926,12.590870167180078,True
D7_obs_error,,33,11.8,8,M1b_autonomous_Allee,14.133475982209873,81.84622886973625,11.281153789331926,12.590870167180078,False
D7_obs_error,,33,11.8,8,M2_stockflow_regimeC,9.899642179220061,9.518054295054636,11.281153789331926,12.590870167180078,False
D7_obs_error,,33,11.8,8,M3_AR_residual,9.918297937702217,9.347847358395525,11.281153789331926,12.590870167180078,False
D7_obs_error,,33,11.8,8,M4_delayed_info,9.652433282820159,9.605401465122023,11.281153789331926,12.590870167180078,False
D7_obs_error,,33,11.8,9,M1_autonomous_Schaefer,14.274849959011142,10.82930560749279,17.296599028184907,14.660317370135031,True
D7_obs_error,,33,11.8,9,M1b_autonomous_Allee,21.421151380873308,75.53627836004624,17.296599028184907,14.660317370135031,False
D7_obs_error,,33,11.8,9,M2_stockflow_regimeC,14.274849959011142,10.82930560749279,17.296599028184907,14.660317370135031,False
D7_obs_error,,33,11.8,9,M3_AR_residual,12.457108728983542,10.924473347363389,17.296599028184907,14.660317370135031,False
D7_obs_error,,33,11.8,9,M4_delayed_info,11.890722708498942,10.952287394715881,17.296599028184907,14.660317370135031,False
D7_obs_error,,33,11.8,10,M1_autonomous_Schaefer,12.96310511056725,10.520428362688833,16.273090923478343,15.342978568387448,True
D7_obs_error,,33,11.8,10,M1b_autonomous_Allee,20.32857320602082,74.04934914266752,16.273090923478343,15.342978568387448,False
D7_obs_error,,33,11.8,10,M2_stockflow_regimeC,12.96310511056725,10.520428362688833,16.273090923478343,15.342978568387448,False
D7_obs_error,,33,11.8,10,M3_AR_residual,11.5086172305275,10.44799755468268,16.273090923478343,15.342978568387448,False
D7_obs_error,,33,11.8,10,M4_delayed_info,11.185598035964864,10.44388069325941,16.273090923478343,15.342978568387448,False
D7_obs_error,,33,11.8,11,M1_autonomous_Schaefer,13.886536533551316,11.14104293927758,16.523952472052994,16.329771871530735,True
D7_obs_error,,33,11.8,11,M1b_autonomous_Allee,21.39779133446511,91.65684572759801,16.523952472052994,16.329771871530735,False
D7_obs_error,,33,11.8,11,M2_stockflow_regimeC,13.886536533551316,11.14104293927758,16.523952472052994,16.329771871530735,False
D7_obs_error,,33,11.8,11,M3_AR_residual,12.601321500816558,10.814229985962209,16.523952472052994,16.329771871530735,False
D7_obs_error,,33,11.8,11,M4_delayed_info,12.4734708917322,11.17892188950305,16.523952472052994,16.329771871530735,False
D7_obs_error,,33,11.8,12,M1_autonomous_Schaefer,14.381220696582886,11.582173781755568,17.745824028670626,17.582223385368117,True
D7_obs_error,,33,11.8,12,M1b_autonomous_Allee,21.830438511565383,68.17702723208161,17.745824028670626,17.582223385368117,False
D7_obs_error,,33,11.8,12,M2_stockflow_regimeC,14.381220696582886,11.582173781755568,17.745824028670626,17.582223385368117,False
D7_obs_error,,33,11.8,12,M3_AR_residual,13.576023422960683,11.630373610486883,17.745824028670626,17.582223385368117,False
D7_obs_error,,33,11.8,12,M4_delayed_info,13.290801242980828,11.577504754047482,17.745824028670626,17.582223385368117,False
D7_obs_error,,33,11.8,13,M1_autonomous_Schaefer,13.00510501274496,11.467846515416971,15.474117895820628,14.864099448224492,True
D7_obs_error,,33,11.8,13,M1b_autonomous_Allee,18.077036362758726,74.62290183843129,15.474117895820628,14.864099448224492,False
D7_obs_error,,33,11.8,13,M2_stockflow_regimeC,13.00510501274496,11.467846515416971,15.474117895820628,14.864099448224492,False
D7_obs_error,,33,11.8,13,M3_AR_residual,11.537996844802208,11.40265808078271,15.474117895820628,14.864099448224492,False
D7_obs_error,,33,11.8,13,M4_delayed_info,11.073835546181027,11.265499083474257,15.474117895820628,14.864099448224492,False
D7_obs_error,,33,11.8,14,M1_autonomous_Schaefer,14.47747275882399,11.234226312001743,17.155220481287717,16.35727917615081,True
D7_obs_error,,33,11.8,14,M1b_autonomous_Allee,20.122528112965206,67.85626041446316,17.155220481287717,16.35727917615081,False
D7_obs_error,,33,11.8,14,M2_stockflow_regimeC,14.47747275882399,11.234226312001743,17.155220481287717,16.35727917615081,False
D7_obs_error,,33,11.8,14,M3_AR_residual,13.448719969053233,11.304191390344352,17.155220481287717,16.35727917615081,False
D7_obs_error,,33,11.8,14,M4_delayed_info,13.043505463399486,11.13296653864963,17.155220481287717,16.35727917615081,False
D7_obs_error,,33,11.8,15,M1_autonomous_Schaefer,17.963866731246856,16.10214250795268,22.24702694578007,23.028891422669002,True
D7_obs_error,,33,11.8,15,M1b_autonomous_Allee,24.05995551533673,53.39443377068625,22.24702694578007,23.028891422669002,False
D7_obs_error,,33,11.8,15,M2_stockflow_regimeC,17.963866731246856,16.10214250795268,22.24702694578007,23.028891422669002,False
D7_obs_error,,33,11.8,15,M3_AR_residual,16.91134743661441,16.099775159045965,22.24702694578007,23.028891422669002,False
D7_obs_error,,33,11.8,15,M4_delayed_info,15.972623753299757,16.109826603726937,22.24702694578007,23.028891422669002,False
D7_obs_error,,33,11.8,16,M1_autonomous_Schaefer,14.90795749785718,17.33448182107236,15.218812313820434,18.628985107103876,False
D7_obs_error,,33,11.8,16,M1b_autonomous_Allee,15.933212329299549,46.51163597552912,15.218812313820434,18.628985107103876,False
D7_obs_error,,33,11.8,16,M2_stockflow_regimeC,14.90795749785718,17.33448182107236,15.218812313820434,18.628985107103876,False
D7_obs_error,,33,11.8,16,M3_AR_residual,15.620593309932625,17.334705227157805,15.218812313820434,18.628985107103876,False
D7_obs_error,,33,11.8,16,M4_delayed_info,16.405102491256986,17.34053656476284,15.218812313820434,18.628985107103876,False
D7_obs_error,,33,11.8,17,M1_autonomous_Schaefer,12.357019415435634,9.944682394369558,15.364859018023475,14.024078012079146,True
D7_obs_error,,33,11.8,17,M1b_autonomous_Allee,16.643582068291597,63.095522214435654,15.364859018023475,14.024078012079146,False
D7_obs_error,,33,11.8,17,M2_stockflow_regimeC,12.357019415435634,9.944682394369558,15.364859018023475,14.024078012079146,False
D7_obs_error,,33,11.8,17,M3_AR_residual,10.948710544670243,9.917142995755018,15.364859018023475,14.024078012079146,False
D7_obs_error,,33,11.8,17,M4_delayed_info,10.533047729995896,9.879108129248925,15.364859018023475,14.024078012079146,False
D7_obs_error,,33,11.8,18,M1_autonomous_Schaefer,11.264198069357501,12.234326342998605,13.153805317427231,15.547274324923634,True
D7_obs_error,,33,11.8,18,M1b_autonomous_Allee,16.668232787287447,69.29880693739355,13.153805317427231,15.547274324923634,False
D7_obs_error,,33,11.8,18,M2_stockflow_regimeC,11.264198069357501,12.234326342998605,13.153805317427231,15.547274324923634,False
D7_obs_error,,33,11.8,18,M3_AR_residual,10.419387475246198,11.889421438027346,13.153805317427231,15.547274324923634,False
D7_obs_error,,33,11.8,18,M4_delayed_info,11.200265291042694,13.160361898476927,13.153805317427231,15.547274324923634,False
D7_obs_error,,33,11.8,19,M1_autonomous_Schaefer,11.58246028141668,9.523081527106735,14.467302241241391,14.435106915517956,True
D7_obs_error,,33,11.8,19,M1b_autonomous_Allee,18.41144137467487,74.93990916432244,14.467302241241391,14.435106915517956,False
D7_obs_error,,33,11.8,19,M2_stockflow_regimeC,11.58246028141668,9.523081527106735,14.467302241241391,14.435106915517956,False
D7_obs_error,,33,11.8,19,M3_AR_residual,11.056756692017963,9.406327417954756,14.467302241241391,14.435106915517956,False
D7_obs_error,,33,11.8,19,M4_delayed_info,10.811045367301906,9.51398637810703,14.467302241241391,14.435106915517956,False
D7_obs_error,,33,11.8,20,M1_autonomous_Schaefer,13.555714524018125,14.46219492309032,15.497655423300708,18.557539190960334,True
D7_obs_error,,33,11.8,20,M1b_autonomous_Allee,18.925446410648085,74.26458906041749,15.497655423300708,18.557539190960334,False
D7_obs_error,,33,11.8,20,M2_stockflow_regimeC,13.555714524018125,14.46219492309032,15.497655423300708,18.557539190960334,False
D7_obs_error,,33,11.8,20,M3_AR_residual,13.852640843186162,14.445037107573794,15.497655423300708,18.557539190960334,False
D7_obs_error,,33,11.8,20,M4_delayed_info,14.080358866054706,14.293853527700936,15.497655423300708,18.557539190960334,False
D7_obs_error,,33,11.8,21,M1_autonomous_Schaefer,13.22925833445265,10.765243804408751,16.040706283975116,14.327178748108722,True
D7_obs_error,,33,11.8,21,M1b_autonomous_Allee,18.768871360398627,77.85786440016523,16.040706283975116,14.327178748108722,False
D7_obs_error,,33,11.8,21,M2_stockflow_regimeC,13.22925833445265,10.765243804408751,16.040706283975116,14.327178748108722,False
D7_obs_error,,33,11.8,21,M3_AR_residual,12.920454979650348,10.7732768700823,16.040706283975116,14.327178748108722,False
D7_obs_error,,33,11.8,21,M4_delayed_info,12.544516771013635,10.726172221011327,16.040706283975116,14.327178748108722,False
D7_obs_error,,33,11.8,22,M1_autonomous_Schaefer,17.088151837323355,13.842235384671264,19.03187113704984,17.34014772165158,True
D7_obs_error,,33,11.8,22,M1b_autonomous_Allee,21.027991407179965,65.8883372945355,19.03187113704984,17.34014772165158,False
D7_obs_error,,33,11.8,22,M2_stockflow_regimeC,17.088151837323355,13.842235384671264,19.03187113704984,17.34014772165158,False
D7_obs_error,,33,11.8,22,M3_AR_residual,15.695832694928447,13.60301144924562,19.03187113704984,17.34014772165158,False
D7_obs_error,,33,11.8,22,M4_delayed_info,15.167307349606222,13.684724737926583,19.03187113704984,17.34014772165158,False
D7_obs_error,,33,11.8,23,M1_autonomous_Schaefer,10.239521099428547,7.656467081246509,12.573444847855582,11.066502292762824,True
D7_obs_error,,33,11.8,23,M1b_autonomous_Allee,14.815272723860236,59.1260119051922,12.573444847855582,11.066502292762824,False
D7_obs_error,,33,11.8,23,M2_stockflow_regimeC,10.239521099428547,7.656467081246509,12.573444847855582,11.066502292762824,False
D7_obs_error,,33,11.8,23,M3_AR_residual,10.038974695168553,7.692684103637649,12.573444847855582,11.066502292762824,False
D7_obs_error,,33,11.8,23,M4_delayed_info,10.01890102831996,7.683704789595278,12.573444847855582,11.066502292762824,False
D7_obs_error,,33,11.8,24,M1_autonomous_Schaefer,13.16529744598293,14.461886105465403,15.871613963093917,22.006129334565337,True
D7_obs_error,,33,11.8,24,M1b_autonomous_Allee,16.241548233993242,59.972627734553946,15.871613963093917,22.006129334565337,False
D7_obs_error,,33,11.8,24,M2_stockflow_regimeC,13.16529744598293,14.461886105465403,15.871613963093917,22.006129334565337,False
D7_obs_error,,33,11.8,24,M3_AR_residual,12.830789346969445,14.331958361672674,15.871613963093917,22.006129334565337,False
D7_obs_error,,33,11.8,24,M4_delayed_info,12.694828425972435,14.322395916860243,15.871613963093917,22.006129334565337,False
D7_obs_error,,33,11.8,25,M1_autonomous_Schaefer,12.619037320219263,12.816818710011537,15.0574795538421,17.433846549159497,True
D7_obs_error,,33,11.8,25,M1b_autonomous_Allee,15.425723957216812,54.91146560883051,15.0574795538421,17.433846549159497,False
D7_obs_error,,33,11.8,25,M2_stockflow_regimeC,12.619037320219263,12.816818710011537,15.0574795538421,17.433846549159497,False
D7_obs_error,,33,11.8,25,M3_AR_residual,12.463746291179568,12.795932595947134,15.0574795538421,17.433846549159497,False
D7_obs_error,,33,11.8,25,M4_delayed_info,12.320424462466129,12.753248050773445,15.0574795538421,17.433846549159497,False
D7_obs_error,,33,11.8,26,M1_autonomous_Schaefer,12.24087069862164,11.08295687971975,14.30416806855419,15.462013848601723,True
D7_obs_error,,33,11.8,26,M1b_autonomous_Allee,17.569635688417844,67.66279096095954,14.30416806855419,15.462013848601723,False
D7_obs_error,,33,11.8,26,M2_stockflow_regimeC,12.24087069862164,11.08295687971975,14.30416806855419,15.462013848601723,False
D7_obs_error,,33,11.8,26,M3_AR_residual,12.13871949960755,11.051922637316887,14.30416806855419,15.462013848601723,False
D7_obs_error,,33,11.8,26,M4_delayed_info,12.52015159262039,10.916901749065948,14.30416806855419,15.462013848601723,False
D7_obs_error,,33,11.8,27,M1_autonomous_Schaefer,12.486030508640473,15.418607354658183,13.8635894209043,15.894660890555974,False
D7_obs_error,,33,11.8,27,M1b_autonomous_Allee,17.008258757188642,59.33322585641329,13.8635894209043,15.894660890555974,False
D7_obs_error,,33,11.8,27,M2_stockflow_regimeC,12.486030508640473,15.418607354658183,13.8635894209043,15.894660890555974,False
D7_obs_error,,33,11.8,27,M3_AR_residual,12.036810037412257,15.365825941964838,13.8635894209043,15.894660890555974,False
D7_obs_error,,33,11.8,27,M4_delayed_info,11.931813950009824,15.04007047116658,13.8635894209043,15.894660890555974,False
D7_obs_error,,33,11.8,28,M1_autonomous_Schaefer,14.326858208939553,12.268252901485056,16.77836402876938,16.801969137934645,True
D7_obs_error,,33,11.8,28,M1b_autonomous_Allee,20.614057139486217,78.52207712507868,16.77836402876938,16.801969137934645,False
D7_obs_error,,33,11.8,28,M2_stockflow_regimeC,14.326858208939553,12.268252901485056,16.77836402876938,16.801969137934645,False
D7_obs_error,,33,11.8,28,M3_AR_residual,15.691723438169507,13.626597249019019,16.77836402876938,16.801969137934645,False
D7_obs_error,,33,11.8,28,M4_delayed_info,14.031798957631311,12.024751473901127,16.77836402876938,16.801969137934645,True
D7_obs_error,,33,11.8,29,M1_autonomous_Schaefer,8.722025247628995,9.336388976798956,10.481182638516314,15.14502926739701,True
D7_obs_error,,33,11.8,29,M1b_autonomous_Allee,12.932389120219293,63.60419017798818,10.481182638516314,15.14502926739701,False
D7_obs_error,,33,11.8,29,M2_stockflow_regimeC,8.722025247628995,9.336388976798956,10.481182638516314,15.14502926739701,False
D7_obs_error,,33,11.8,29,M3_AR_residual,9.993467705764745,9.066650614013522,10.481182638516314,15.14502926739701,False
D7_obs_error,,33,11.8,29,M4_delayed_info,8.952066692565523,9.449619434351389,10.481182638516314,15.14502926739701,False
D7_obs_error,,33,33.8,0,M1_autonomous_Schaefer,35.29467643593104,32.11047652958856,40.46119644412638,51.858948842641766,True
D7_obs_error,,33,33.8,0,M1b_autonomous_Allee,36.339767361680096,40.949936970376044,40.46119644412638,51.858948842641766,False
D7_obs_error,,33,33.8,0,M2_stockflow_regimeC,35.29467643593104,32.11047652958856,40.46119644412638,51.858948842641766,False
D7_obs_error,,33,33.8,0,M3_AR_residual,35.46752981868564,32.05711109407703,40.46119644412638,51.858948842641766,False
D7_obs_error,,33,33.8,0,M4_delayed_info,36.102846166585735,31.850863771256737,40.46119644412638,51.858948842641766,False
D7_obs_error,,33,33.8,1,M1_autonomous_Schaefer,37.07652927779593,44.57264256320985,39.584507141996575,52.1115405277618,True
D7_obs_error,,33,33.8,1,M1b_autonomous_Allee,37.919928715918374,77.47284160052276,39.584507141996575,52.1115405277618,False
D7_obs_error,,33,33.8,1,M2_stockflow_regimeC,37.07652927779593,44.57264256320985,39.584507141996575,52.1115405277618,False
D7_obs_error,,33,33.8,1,M3_AR_residual,37.52954175247774,43.08502157223024,39.584507141996575,52.1115405277618,False
D7_obs_error,,33,33.8,1,M4_delayed_info,37.09962211494699,34.53421576585838,39.584507141996575,52.1115405277618,False
D7_obs_error,,33,33.8,2,M1_autonomous_Schaefer,34.469560396700594,35.1234101254847,42.343518849243736,48.83083070011082,True
D7_obs_error,,33,33.8,2,M1b_autonomous_Allee,41.971206535624574,101.5483366396792,42.343518849243736,48.83083070011082,False
D7_obs_error,,33,33.8,2,M2_stockflow_regimeC,34.469560396700594,35.1234101254847,42.343518849243736,48.83083070011082,False
D7_obs_error,,33,33.8,2,M3_AR_residual,33.667556736318986,34.82051068810986,42.343518849243736,48.83083070011082,False
D7_obs_error,,33,33.8,2,M4_delayed_info,34.15947455628461,34.92680636042833,42.343518849243736,48.83083070011082,False
D7_obs_error,,33,33.8,3,M1_autonomous_Schaefer,47.42161329095704,48.573664515798356,62.443614323085455,67.40847027281305,True
D7_obs_error,,33,33.8,3,M1b_autonomous_Allee,60.50481980217975,130.5945462017691,62.443614323085455,67.40847027281305,False
D7_obs_error,,33,33.8,3,M2_stockflow_regimeC,47.42161329095704,48.573664515798356,62.443614323085455,67.40847027281305,False
D7_obs_error,,33,33.8,3,M3_AR_residual,47.7632489276952,48.57454967977109,62.443614323085455,67.40847027281305,False
D7_obs_error,,33,33.8,3,M4_delayed_info,46.83460978014416,48.57308764386771,62.443614323085455,67.40847027281305,False
D7_obs_error,,33,33.8,4,M1_autonomous_Schaefer,29.48854426315038,28.086112698523014,32.95450346739307,41.810009260288936,True
D7_obs_error,,33,33.8,4,M1b_autonomous_Allee,36.39328836224553,104.58013682643376,32.95450346739307,41.810009260288936,False
D7_obs_error,,33,33.8,4,M2_stockflow_regimeC,29.48854426315038,28.086112698523014,32.95450346739307,41.810009260288936,False
D7_obs_error,,33,33.8,4,M3_AR_residual,30.112171112987298,28.06201968644224,32.95450346739307,41.810009260288936,False
D7_obs_error,,33,33.8,4,M4_delayed_info,31.769938561593275,27.949185596972683,32.95450346739307,41.810009260288936,False
D7_obs_error,,33,33.8,5,M1_autonomous_Schaefer,38.47638941172783,40.77192805720525,52.44680810511315,50.48402787675963,True
D7_obs_error,,33,33.8,5,M1b_autonomous_Allee,45.84647313788337,77.85130634133542,52.44680810511315,50.48402787675963,False
D7_obs_error,,33,33.8,5,M2_stockflow_regimeC,38.47638941172783,40.77192805720525,52.44680810511315,50.48402787675963,False
D7_obs_error,,33,33.8,5,M3_AR_residual,36.05422392745411,40.77233205806188,52.44680810511315,50.48402787675963,False
D7_obs_error,,33,33.8,5,M4_delayed_info,35.82585005616688,40.77918646908018,52.44680810511315,50.48402787675963,False
D7_obs_error,,33,33.8,6,M1_autonomous_Schaefer,31.65345943148944,35.54179855245792,38.145682469012314,50.79441729659317,True
D7_obs_error,,33,33.8,6,M1b_autonomous_Allee,35.13774069469156,51.7693903306294,38.145682469012314,50.79441729659317,False
D7_obs_error,,33,33.8,6,M2_stockflow_regimeC,31.65345943148944,35.54179855245792,38.145682469012314,50.79441729659317,False
D7_obs_error,,33,33.8,6,M3_AR_residual,31.674644928349455,35.433541396594286,38.145682469012314,50.79441729659317,False
D7_obs_error,,33,33.8,6,M4_delayed_info,29.48232616766269,35.50491164168397,38.145682469012314,50.79441729659317,False
D7_obs_error,,33,33.8,7,M1_autonomous_Schaefer,39.17483482948559,35.386501238797216,48.449226739613906,53.32176481748905,True
D7_obs_error,,33,33.8,7,M1b_autonomous_Allee,46.17727882310588,119.724361815413,48.449226739613906,53.32176481748905,False
D7_obs_error,,33,33.8,7,M2_stockflow_regimeC,39.17483482948559,35.386501238797216,48.449226739613906,53.32176481748905,False
D7_obs_error,,33,33.8,7,M3_AR_residual,39.19033507523831,34.4462477593861,48.449226739613906,53.32176481748905,False
D7_obs_error,,33,33.8,7,M4_delayed_info,37.64104425344848,35.83254417408618,48.449226739613906,53.32176481748905,False
D7_obs_error,,33,33.8,8,M1_autonomous_Schaefer,39.94099561919062,35.33141914592819,52.41005903394236,52.05686783926149,True
D7_obs_error,,33,33.8,8,M1b_autonomous_Allee,50.78614009680345,93.17575067623505,52.41005903394236,52.05686783926149,False
D7_obs_error,,33,33.8,8,M2_stockflow_regimeC,39.94099561919062,35.33141914592819,52.41005903394236,52.05686783926149,False
D7_obs_error,,33,33.8,8,M3_AR_residual,38.95556264319785,35.21007992608915,52.41005903394236,52.05686783926149,False
D7_obs_error,,33,33.8,8,M4_delayed_info,37.15256387988879,34.65870812695062,52.41005903394236,52.05686783926149,False
D7_obs_error,,33,33.8,9,M1_autonomous_Schaefer,37.474674104234786,38.6659231078742,48.53578340570896,39.196508820268285,False
D7_obs_error,,33,33.8,9,M1b_autonomous_Allee,38.419851790623056,38.98338237480926,48.53578340570896,39.196508820268285,False
D7_obs_error,,33,33.8,9,M2_stockflow_regimeC,37.474674104234786,38.6659231078742,48.53578340570896,39.196508820268285,False
D7_obs_error,,33,33.8,9,M3_AR_residual,37.02823701878035,38.67537413866509,48.53578340570896,39.196508820268285,False
D7_obs_error,,33,33.8,9,M4_delayed_info,36.38253428493117,38.707611352171256,48.53578340570896,39.196508820268285,False
D7_obs_error,,33,33.8,10,M1_autonomous_Schaefer,40.650318304642624,41.215647781039564,47.798658328965764,48.975557380136976,True
D7_obs_error,,33,33.8,10,M1b_autonomous_Allee,50.399222719084186,162.37835285547146,47.798658328965764,48.975557380136976,False
D7_obs_error,,33,33.8,10,M2_stockflow_regimeC,40.650318304642624,41.215647781039564,47.798658328965764,48.975557380136976,False
D7_obs_error,,33,33.8,10,M3_AR_residual,42.44164172177123,41.704872911839246,47.798658328965764,48.975557380136976,False
D7_obs_error,,33,33.8,10,M4_delayed_info,38.7355147878262,40.93488209353824,47.798658328965764,48.975557380136976,False
D7_obs_error,,33,33.8,11,M1_autonomous_Schaefer,39.170621899273335,32.202758595669316,49.20652968796413,44.615690037993204,True
D7_obs_error,,33,33.8,11,M1b_autonomous_Allee,50.9901681931453,104.24125861741692,49.20652968796413,44.615690037993204,False
D7_obs_error,,33,33.8,11,M2_stockflow_regimeC,39.170621899273335,32.202758595669316,49.20652968796413,44.615690037993204,False
D7_obs_error,,33,33.8,11,M3_AR_residual,37.06058677759292,32.27641998943682,49.20652968796413,44.615690037993204,False
D7_obs_error,,33,33.8,11,M4_delayed_info,36.31110863011995,32.29364510088125,49.20652968796413,44.615690037993204,False
D7_obs_error,,33,33.8,12,M1_autonomous_Schaefer,38.79637049958717,34.513420189538465,55.231247905669186,52.777991252614214,True
D7_obs_error,,33,33.8,12,M1b_autonomous_Allee,56.813970879571166,101.45002315272642,55.231247905669186,52.777991252614214,False
D7_obs_error,,33,33.8,12,M2_stockflow_regimeC,38.79637049958717,34.513420189538465,55.231247905669186,52.777991252614214,False
D7_obs_error,,33,33.8,12,M3_AR_residual,38.3715503782109,34.48250293189635,55.231247905669186,52.777991252614214,False
D7_obs_error,,33,33.8,12,M4_delayed_info,37.4452116308157,34.435838483190096,55.231247905669186,52.777991252614214,False
D7_obs_error,,33,33.8,13,M1_autonomous_Schaefer,37.66107524588402,39.03311960627379,52.93699564076818,44.33795505004105,True
D7_obs_error,,33,33.8,13,M1b_autonomous_Allee,43.16488608377568,63.37659328093215,52.93699564076818,44.33795505004105,False
D7_obs_error,,33,33.8,13,M2_stockflow_regimeC,37.66107524588402,39.03311960627379,52.93699564076818,44.33795505004105,False
D7_obs_error,,33,33.8,13,M3_AR_residual,38.07468458046951,39.100755979447136,52.93699564076818,44.33795505004105,False
D7_obs_error,,33,33.8,13,M4_delayed_info,38.458195899324615,39.00353829931045,52.93699564076818,44.33795505004105,False
D7_obs_error,,33,33.8,14,M1_autonomous_Schaefer,39.44712711935158,41.71298807021113,48.99602479483383,48.97791359988684,True
D7_obs_error,,33,33.8,14,M1b_autonomous_Allee,39.47787089304522,39.654730005646826,48.99602479483383,48.97791359988684,False
D7_obs_error,,33,33.8,14,M2_stockflow_regimeC,39.44712711935158,41.71298807021113,48.99602479483383,48.97791359988684,False
D7_obs_error,,33,33.8,14,M3_AR_residual,40.301649765317386,41.72447250558495,48.99602479483383,48.97791359988684,False
D7_obs_error,,33,33.8,14,M4_delayed_info,38.290936751119524,41.70523689090294,48.99602479483383,48.97791359988684,False
D7_obs_error,,33,33.8,15,M1_autonomous_Schaefer,37.51505013285778,46.44448837901165,41.80323870982032,46.335225433600534,False
D7_obs_error,,33,33.8,15,M1b_autonomous_Allee,44.25803937747649,85.58056243559066,41.80323870982032,46.335225433600534,False
D7_obs_error,,33,33.8,15,M2_stockflow_regimeC,37.51505013285778,46.44448837901165,41.80323870982032,46.335225433600534,False
D7_obs_error,,33,33.8,15,M3_AR_residual,40.3128647145044,46.93137352915341,41.80323870982032,46.335225433600534,False
D7_obs_error,,33,33.8,15,M4_delayed_info,38.41126587054405,46.2012659156206,41.80323870982032,46.335225433600534,False
D7_obs_error,,33,33.8,16,M1_autonomous_Schaefer,36.72303426806229,36.45646995824263,43.9725404732985,51.58518818197836,True
D7_obs_error,,33,33.8,16,M1b_autonomous_Allee,39.6921751230079,70.62502622080439,43.9725404732985,51.58518818197836,False
D7_obs_error,,33,33.8,16,M2_stockflow_regimeC,36.72303426806229,36.45646995824263,43.9725404732985,51.58518818197836,False
D7_obs_error,,33,33.8,16,M3_AR_residual,34.530402289735065,36.01282578451961,43.9725404732985,51.58518818197836,False
D7_obs_error,,33,33.8,16,M4_delayed_info,33.10204285056711,35.75377226209597,43.9725404732985,51.58518818197836,False
D7_obs_error,,33,33.8,17,M1_autonomous_Schaefer,35.089745378406185,38.94917870553305,39.25282313018704,42.21536526607122,True
D7_obs_error,,33,33.8,17,M1b_autonomous_Allee,48.214804859686154,119.27226065839211,39.25282313018704,42.21536526607122,False
D7_obs_error,,33,33.8,17,M2_stockflow_regimeC,35.089745378406185,38.94917870553305,39.25282313018704,42.21536526607122,False
D7_obs_error,,33,33.8,17,M3_AR_residual,34.86439071034993,38.949515700376594,39.25282313018704,42.21536526607122,False
D7_obs_error,,33,33.8,17,M4_delayed_info,34.5414832480979,39.10424608181294,39.25282313018704,42.21536526607122,False
D7_obs_error,,33,33.8,18,M1_autonomous_Schaefer,41.30272603215882,36.280642781904426,54.4805015453153,51.94824397977952,True
D7_obs_error,,33,33.8,18,M1b_autonomous_Allee,48.78204848498063,104.33201788110964,54.4805015453153,51.94824397977952,False
D7_obs_error,,33,33.8,18,M2_stockflow_regimeC,41.30272603215882,36.280642781904426,54.4805015453153,51.94824397977952,False
D7_obs_error,,33,33.8,18,M3_AR_residual,41.61777233497619,36.26699102025574,54.4805015453153,51.94824397977952,False
D7_obs_error,,33,33.8,18,M4_delayed_info,39.16225277260158,36.283357137933606,54.4805015453153,51.94824397977952,False
D7_obs_error,,33,33.8,19,M1_autonomous_Schaefer,30.489568498164054,24.81927613501894,36.652008094938616,35.721637067497326,True
D7_obs_error,,33,33.8,19,M1b_autonomous_Allee,40.05289755702388,74.52205530736805,36.652008094938616,35.721637067497326,False
D7_obs_error,,33,33.8,19,M2_stockflow_regimeC,30.489568498164054,24.81927613501894,36.652008094938616,35.721637067497326,False
D7_obs_error,,33,33.8,19,M3_AR_residual,28.39869711622792,24.743489756795714,36.652008094938616,35.721637067497326,False
D7_obs_error,,33,33.8,19,M4_delayed_info,27.10400523692608,24.698704646246558,36.652008094938616,35.721637067497326,False
D7_obs_error,,33,33.8,20,M1_autonomous_Schaefer,44.233615185454255,47.38869912431979,50.19838231231835,73.14998579246088,True
D7_obs_error,,33,33.8,20,M1b_autonomous_Allee,51.17200391079361,123.38519038428998,50.19838231231835,73.14998579246088,False
D7_obs_error,,33,33.8,20,M2_stockflow_regimeC,44.233615185454255,47.38869912431979,50.19838231231835,73.14998579246088,False
D7_obs_error,,33,33.8,20,M3_AR_residual,44.37486223450863,47.39129820858173,50.19838231231835,73.14998579246088,False
D7_obs_error,,33,33.8,20,M4_delayed_info,44.63549563656799,46.65012680316855,50.19838231231835,73.14998579246088,False
D7_obs_error,,33,33.8,21,M1_autonomous_Schaefer,45.68994421357178,41.15260911707559,50.44963654617227,51.93869114798181,True
D7_obs_error,,33,33.8,21,M1b_autonomous_Allee,49.14481109262898,53.05543006600546,50.44963654617227,51.93869114798181,False
D7_obs_error,,33,33.8,21,M2_stockflow_regimeC,45.68994421357178,41.15260911707559,50.44963654617227,51.93869114798181,False
D7_obs_error,,33,33.8,21,M3_AR_residual,43.98862066092735,41.56765842679072,50.44963654617227,51.93869114798181,False
D7_obs_error,,33,33.8,21,M4_delayed_info,39.05689404108224,42.10019325238067,50.44963654617227,51.93869114798181,False
D7_obs_error,,33,33.8,22,M1_autonomous_Schaefer,35.37607205651616,35.22045800586098,43.25082097563673,49.98535137619026,True
D7_obs_error,,33,33.8,22,M1b_autonomous_Allee,44.08600842355208,118.62280810009155,43.25082097563673,49.98535137619026,False
D7_obs_error,,33,33.8,22,M2_stockflow_regimeC,35.37607205651616,35.22045800586098,43.25082097563673,49.98535137619026,False
D7_obs_error,,33,33.8,22,M3_AR_residual,32.600113642058744,35.15150922661256,43.25082097563673,49.98535137619026,False
D7_obs_error,,33,33.8,22,M4_delayed_info,32.36840179135464,35.08993654956171,43.25082097563673,49.98535137619026,False
D7_obs_error,,33,33.8,23,M1_autonomous_Schaefer,31.257039852523075,25.8381073908711,41.49993596629026,38.6650482876176,True
D7_obs_error,,33,33.8,23,M1b_autonomous_Allee,33.02881840186433,36.669973109327124,41.49993596629026,38.6650482876176,False
D7_obs_error,,33,33.8,23,M2_stockflow_regimeC,31.257039852523075,25.8381073908711,41.49993596629026,38.6650482876176,False
D7_obs_error,,33,33.8,23,M3_AR_residual,30.527797760272183,25.838705346000072,41.49993596629026,38.6650482876176,False
D7_obs_error,,33,33.8,23,M4_delayed_info,30.016459805856275,25.8416808428865,41.49993596629026,38.6650482876176,False
D7_obs_error,,33,33.8,24,M1_autonomous_Schaefer,42.23039021468876,36.80321922165077,55.16298122623126,42.73712711366725,True
D7_obs_error,,33,33.8,24,M1b_autonomous_Allee,46.83147710181564,76.13468709921342,55.16298122623126,42.73712711366725,False
D7_obs_error,,33,33.8,24,M2_stockflow_regimeC,42.23039021468876,36.80321922165077,55.16298122623126,42.73712711366725,False
D7_obs_error,,33,33.8,24,M3_AR_residual,41.398137347148,36.872878606168314,55.16298122623126,42.73712711366725,False
D7_obs_error,,33,33.8,24,M4_delayed_info,38.80625107835097,36.84338591921871,55.16298122623126,42.73712711366725,False
D7_obs_error,,33,33.8,25,M1_autonomous_Schaefer,40.25218951655482,38.54313104930125,50.122462211628765,52.04020008265862,True
D7_obs_error,,33,33.8,25,M1b_autonomous_Allee,52.045787842376086,123.4015202583133,50.122462211628765,52.04020008265862,False
D7_obs_error,,33,33.8,25,M2_stockflow_regimeC,40.25218951655482,38.54313104930125,50.122462211628765,52.04020008265862,False
D7_obs_error,,33,33.8,25,M3_AR_residual,37.885892053510965,38.58073981852281,50.122462211628765,52.04020008265862,False
D7_obs_error,,33,33.8,25,M4_delayed_info,35.756636084800306,38.6731806795029,50.122462211628765,52.04020008265862,False
D7_obs_error,,33,33.8,26,M1_autonomous_Schaefer,44.96764727502546,41.50255281649827,62.1249676013649,62.971697428046895,True
D7_obs_error,,33,33.8,26,M1b_autonomous_Allee,55.46321824336371,87.9204298862819,62.1249676013649,62.971697428046895,False
D7_obs_error,,33,33.8,26,M2_stockflow_regimeC,44.96764727502546,41.50255281649827,62.1249676013649,62.971697428046895,False
D7_obs_error,,33,33.8,26,M3_AR_residual,40.61170689649835,41.33430525560859,62.1249676013649,62.971697428046895,False
D7_obs_error,,33,33.8,26,M4_delayed_info,41.83702601808046,41.54174976152814,62.1249676013649,62.971697428046895,False
D7_obs_error,,33,33.8,27,M1_autonomous_Schaefer,33.04709385987244,30.537177951958125,42.37219190920876,39.64335867694435,True
D7_obs_error,,33,33.8,27,M1b_autonomous_Allee,48.06524025676562,146.18079745981544,42.37219190920876,39.64335867694435,False
D7_obs_error,,33,33.8,27,M2_stockflow_regimeC,33.04709385987244,30.537177951958125,42.37219190920876,39.64335867694435,False
D7_obs_error,,33,33.8,27,M3_AR_residual,34.91064098094729,34.193543088748015,42.37219190920876,39.64335867694435,False
D7_obs_error,,33,33.8,27,M4_delayed_info,33.354619588282254,28.30453217802833,42.37219190920876,39.64335867694435,False
D7_obs_error,,33,33.8,28,M1_autonomous_Schaefer,37.912343728074596,31.428767980969994,47.51114429912415,30.862765640831864,False
D7_obs_error,,33,33.8,28,M1b_autonomous_Allee,42.319324047008756,56.83359929983767,47.51114429912415,30.862765640831864,False
D7_obs_error,,33,33.8,28,M2_stockflow_regimeC,37.912343728074596,31.428767980969994,47.51114429912415,30.862765640831864,False
D7_obs_error,,33,33.8,28,M3_AR_residual,36.12101293832636,31.514461304269076,47.51114429912415,30.862765640831864,False
D7_obs_error,,33,33.8,28,M4_delayed_info,34.15935232348907,31.49967054520638,47.51114429912415,30.862765640831864,False
D7_obs_error,,33,33.8,29,M1_autonomous_Schaefer,30.296732561212828,32.270573356002664,38.532377193339265,31.887350138900413,False
D7_obs_error,,33,33.8,29,M1b_autonomous_Allee,32.5129256538328,59.45513318502922,38.532377193339265,31.887350138900413,False
D7_obs_error,,33,33.8,29,M2_stockflow_regimeC,30.296732561212828,32.270573356002664,38.532377193339265,31.887350138900413,False
D7_obs_error,,33,33.8,29,M3_AR_residual,30.514420784954073,32.27431547328335,38.532377193339265,31.887350138900413,False
D7_obs_error,,33,33.8,29,M4_delayed_info,29.70443653224996,32.2700180695362,38.532377193339265,31.887350138900413,False
D1_T71,M1_autonomous_Schaefer,71,11.8,0,M1_autonomous_Schaefer,13.803695817370063,14.423640838482077,23.072584362250883,17.018726216155333,True
D1_T71,M1_autonomous_Schaefer,71,11.8,0,M1b_autonomous_Allee,17.54217521380382,23.152756063372905,23.072584362250883,17.018726216155333,False
D1_T71,M1_autonomous_Schaefer,71,11.8,0,M2_stockflow_regimeC,13.803695817370063,14.423640838482077,23.072584362250883,17.018726216155333,False
D1_T71,M1_autonomous_Schaefer,71,11.8,0,M3_AR_residual,13.885297125820887,14.430504089612405,23.072584362250883,17.018726216155333,False
D1_T71,M1_autonomous_Schaefer,71,11.8,0,M4_delayed_info,14.278467679476734,14.362703512167212,23.072584362250883,17.018726216155333,False
D1_T71,M1_autonomous_Schaefer,71,11.8,1,M1_autonomous_Schaefer,12.897224311599118,14.623379069517556,26.480429513310803,24.115139302078628,True
D1_T71,M1_autonomous_Schaefer,71,11.8,1,M1b_autonomous_Allee,20.44506495243047,23.998900867137994,26.480429513310803,24.115139302078628,False
D1_T71,M1_autonomous_Schaefer,71,11.8,1,M2_stockflow_regimeC,12.897224311599118,14.623379069517556,26.480429513310803,24.115139302078628,False
D1_T71,M1_autonomous_Schaefer,71,11.8,1,M3_AR_residual,13.06988679433381,14.615698258244837,26.480429513310803,24.115139302078628,False
D1_T71,M1_autonomous_Schaefer,71,11.8,1,M4_delayed_info,14.167496613902898,14.669703127426528,26.480429513310803,24.115139302078628,False
D1_T71,M1_autonomous_Schaefer,71,11.8,2,M1_autonomous_Schaefer,13.88706157857686,13.778465811163407,23.419675673693334,18.63960658911427,True
D1_T71,M1_autonomous_Schaefer,71,11.8,2,M1b_autonomous_Allee,16.917915029035214,14.479895820949947,23.419675673693334,18.63960658911427,False
D1_T71,M1_autonomous_Schaefer,71,11.8,2,M2_stockflow_regimeC,13.88706157857686,13.778465811163407,23.419675673693334,18.63960658911427,False
D1_T71,M1_autonomous_Schaefer,71,11.8,2,M3_AR_residual,13.827886298130945,13.783085973616414,23.419675673693334,18.63960658911427,False
D1_T71,M1_autonomous_Schaefer,71,11.8,2,M4_delayed_info,14.685547953250175,13.76440019673546,23.419675673693334,18.63960658911427,False
D1_T71,M1_autonomous_Schaefer,71,11.8,3,M1_autonomous_Schaefer,12.0074659753154,13.289028049712908,21.64368720011659,13.714673910148594,False
D1_T71,M1_autonomous_Schaefer,71,11.8,3,M1b_autonomous_Allee,16.39637448738246,18.175040914728886,21.64368720011659,13.714673910148594,False
D1_T71,M1_autonomous_Schaefer,71,11.8,3,M2_stockflow_regimeC,12.0074659753154,13.289028049712908,21.64368720011659,13.714673910148594,False
D1_T71,M1_autonomous_Schaefer,71,11.8,3,M3_AR_residual,12.158635185634047,13.295833636381534,21.64368720011659,13.714673910148594,False
D1_T71,M1_autonomous_Schaefer,71,11.8,3,M4_delayed_info,13.115409939147312,13.232086831727472,21.64368720011659,13.714673910148594,False
D1_T71,M1_autonomous_Schaefer,71,11.8,4,M1_autonomous_Schaefer,12.180599050571223,12.469029194789128,20.19589557557464,17.816898030057832,True
D1_T71,M1_autonomous_Schaefer,71,11.8,4,M1b_autonomous_Allee,15.033194271568304,16.863188868830964,20.19589557557464,17.816898030057832,False
D1_T71,M1_autonomous_Schaefer,71,11.8,4,M2_stockflow_regimeC,12.180599050571223,12.469029194789128,20.19589557557464,17.816898030057832,False
D1_T71,M1_autonomous_Schaefer,71,11.8,4,M3_AR_residual,12.130550674116709,12.468282911628947,20.19589557557464,17.816898030057832,False
D1_T71,M1_autonomous_Schaefer,71,11.8,4,M4_delayed_info,12.586818569874257,12.473940468666097,20.19589557557464,17.816898030057832,False
D1_T71,M1_autonomous_Schaefer,71,11.8,5,M1_autonomous_Schaefer,13.739207721362268,14.416132920820592,26.456226784343635,24.17294228017706,True
D1_T71,M1_autonomous_Schaefer,71,11.8,5,M1b_autonomous_Allee,20.12615010752384,24.51648484748025,26.456226784343635,24.17294228017706,False
D1_T71,M1_autonomous_Schaefer,71,11.8,5,M2_stockflow_regimeC,13.739207721362268,14.416132920820592,26.456226784343635,24.17294228017706,False
D1_T71,M1_autonomous_Schaefer,71,11.8,5,M3_AR_residual,14.0027240768082,14.12529637644778,26.456226784343635,24.17294228017706,False
D1_T71,M1_autonomous_Schaefer,71,11.8,5,M4_delayed_info,17.72127118126087,14.753625169103907,26.456226784343635,24.17294228017706,False
D1_T71,M1_autonomous_Schaefer,71,11.8,6,M1_autonomous_Schaefer,11.429487395334958,11.989581441181425,18.919179590985443,16.814220578231822,True
D1_T71,M1_autonomous_Schaefer,71,11.8,6,M1b_autonomous_Allee,15.591404125782397,15.728669871470332,18.919179590985443,16.814220578231822,False
D1_T71,M1_autonomous_Schaefer,71,11.8,6,M2_stockflow_regimeC,11.429487395334958,11.989581441181425,18.919179590985443,16.814220578231822,False
D1_T71,M1_autonomous_Schaefer,71,11.8,6,M3_AR_residual,11.453869016526303,11.991105579824525,18.919179590985443,16.814220578231822,False
D1_T71,M1_autonomous_Schaefer,71,11.8,6,M4_delayed_info,11.587798920881685,11.994444250185559,18.919179590985443,16.814220578231822,False
D1_T71,M1_autonomous_Schaefer,71,11.8,7,M1_autonomous_Schaefer,12.511420355823368,12.719846312166077,22.88618665895511,18.159954682001406,True
D1_T71,M1_autonomous_Schaefer,71,11.8,7,M1b_autonomous_Allee,17.851512081762174,17.475108353388162,22.88618665895511,18.159954682001406,False
D1_T71,M1_autonomous_Schaefer,71,11.8,7,M2_stockflow_regimeC,12.511420355823368,12.719846312166077,22.88618665895511,18.159954682001406,False
D1_T71,M1_autonomous_Schaefer,71,11.8,7,M3_AR_residual,12.634488466168083,12.682721800273077,22.88618665895511,18.159954682001406,False
D1_T71,M1_autonomous_Schaefer,71,11.8,7,M4_delayed_info,13.808814490845561,12.775630804210728,22.88618665895511,18.159954682001406,False
D1_T71,M1_autonomous_Schaefer,71,11.8,8,M1_autonomous_Schaefer,10.413058965141996,11.09003130242274,17.613009001914964,16.116289698171936,True
D1_T71,M1_autonomous_Schaefer,71,11.8,8,M1b_autonomous_Allee,14.818315544013968,18.369710418496428,17.613009001914964,16.116289698171936,False
D1_T71,M1_autonomous_Schaefer,71,11.8,8,M2_stockflow_regimeC,10.413058965141996,11.09003130242274,17.613009001914964,16.116289698171936,False
D1_T71,M1_autonomous_Schaefer,71,11.8,8,M3_AR_residual,10.470956738913058,11.08632021772874,17.613009001914964,16.116289698171936,False
D1_T71,M1_autonomous_Schaefer,71,11.8,8,M4_delayed_info,10.852081889641992,11.102766695190533,17.613009001914964,16.116289698171936,False
D1_T71,M1_autonomous_Schaefer,71,11.8,9,M1_autonomous_Schaefer,11.855188425528938,11.519385691754476,18.052446027439995,16.79840485007293,True
D1_T71,M1_autonomous_Schaefer,71,11.8,9,M1b_autonomous_Allee,14.453707315138418,20.562093939499036,18.052446027439995,16.79840485007293,False
D1_T71,M1_autonomous_Schaefer,71,11.8,9,M2_stockflow_regimeC,11.855188425528938,11.519385691754476,18.052446027439995,16.79840485007293,False
D1_T71,M1_autonomous_Schaefer,71,11.8,9,M3_AR_residual,11.932529763732552,11.512360094791223,18.052446027439995,16.79840485007293,False
D1_T71,M1_autonomous_Schaefer,71,11.8,9,M4_delayed_info,12.13846468501905,11.53247275594314,18.052446027439995,16.79840485007293,False
D1_T71,M1_autonomous_Schaefer,71,33.8,0,M1_autonomous_Schaefer,33.194434281213425,36.2524935878917,63.29417734388369,46.67028743549649,True
D1_T71,M1_autonomous_Schaefer,71,33.8,0,M1b_autonomous_Allee,55.434934437624065,57.66230048525162,63.29417734388369,46.67028743549649,False
D1_T71,M1_autonomous_Schaefer,71,33.8,0,M2_stockflow_regimeC,33.194434281213425,36.2524935878917,63.29417734388369,46.67028743549649,False
D1_T71,M1_autonomous_Schaefer,71,33.8,0,M3_AR_residual,34.051904747393536,35.80435132425124,63.29417734388369,46.67028743549649,False
D1_T71,M1_autonomous_Schaefer,71,33.8,0,M4_delayed_info,39.663357412728296,37.2613610844457,63.29417734388369,46.67028743549649,False
D1_T71,M1_autonomous_Schaefer,71,33.8,1,M1_autonomous_Schaefer,33.62812441662854,38.600325762189634,67.15599804304043,55.888178224795034,True
D1_T71,M1_autonomous_Schaefer,71,33.8,1,M1b_autonomous_Allee,58.207462526361105,68.4324990103624,67.15599804304043,55.888178224795034,False
D1_T71,M1_autonomous_Schaefer,71,33.8,1,M2_stockflow_regimeC,33.62812441662854,38.600325762189634,67.15599804304043,55.888178224795034,False
D1_T71,M1_autonomous_Schaefer,71,33.8,1,M3_AR_residual,34.082941780120564,38.571082184491665,67.15599804304043,55.888178224795034,False
D1_T71,M1_autonomous_Schaefer,71,33.8,1,M4_delayed_info,39.46340368722216,38.687425746695,67.15599804304043,55.888178224795034,False
D1_T71,M1_autonomous_Schaefer,71,33.8,2,M1_autonomous_Schaefer,34.46878475125335,34.85571455442982,59.237070457486865,49.21659796432874,True
D1_T71,M1_autonomous_Schaefer,71,33.8,2,M1b_autonomous_Allee,45.756883217910755,46.36829238050828,59.237070457486865,49.21659796432874,False
D1_T71,M1_autonomous_Schaefer,71,33.8,2,M2_stockflow_regimeC,34.46878475125335,34.85571455442982,59.237070457486865,49.21659796432874,False
D1_T71,M1_autonomous_Schaefer,71,33.8,2,M3_AR_residual,34.63002572832801,34.846884021556164,59.237070457486865,49.21659796432874,False
D1_T71,M1_autonomous_Schaefer,71,33.8,2,M4_delayed_info,35.85708543348693,34.811727045629226,59.237070457486865,49.21659796432874,False
D1_T71,M1_autonomous_Schaefer,71,33.8,3,M1_autonomous_Schaefer,33.78691505004397,37.45770960518295,63.899555771319825,51.499835680718064,True
D1_T71,M1_autonomous_Schaefer,71,33.8,3,M1b_autonomous_Allee,50.27095784832855,68.85100932342642,63.899555771319825,51.499835680718064,False
D1_T71,M1_autonomous_Schaefer,71,33.8,3,M2_stockflow_regimeC,33.78691505004397,37.45770960518295,63.899555771319825,51.499835680718064,False
D1_T71,M1_autonomous_Schaefer,71,33.8,3,M3_AR_residual,33.96158032303852,37.46059806372123,63.899555771319825,51.499835680718064,False
D1_T71,M1_autonomous_Schaefer,71,33.8,3,M4_delayed_info,35.54765131701998,37.442873664566214,63.899555771319825,51.499835680718064,False
D1_T71,M1_autonomous_Schaefer,71,33.8,4,M1_autonomous_Schaefer,37.68900741188739,41.17065748429011,66.88346129116243,63.69473433422992,True
D1_T71,M1_autonomous_Schaefer,71,33.8,4,M1b_autonomous_Allee,47.68332596907244,43.18949032900625,66.88346129116243,63.69473433422992,False
D1_T71,M1_autonomous_Schaefer,71,33.8,4,M2_stockflow_regimeC,37.68900741188739,41.17065748429011,66.88346129116243,63.69473433422992,False
D1_T71,M1_autonomous_Schaefer,71,33.8,4,M3_AR_residual,37.94358766009314,41.122539909417625,66.88346129116243,63.69473433422992,False
D1_T71,M1_autonomous_Schaefer,71,33.8,4,M4_delayed_info,39.58593197938482,41.293625214847744,66.88346129116243,63.69473433422992,False
D1_T71,M1_autonomous_Schaefer,71,33.8,5,M1_autonomous_Schaefer,34.090799521184536,38.239087709616,63.13023919969511,59.57895153372323,True
D1_T71,M1_autonomous_Schaefer,71,33.8,5,M1b_autonomous_Allee,44.99946422591923,49.46921527350297,63.13023919969511,59.57895153372323,False
D1_T71,M1_autonomous_Schaefer,71,33.8,5,M2_stockflow_regimeC,34.090799521184536,38.239087709616,63.13023919969511,59.57895153372323,False
D1_T71,M1_autonomous_Schaefer,71,33.8,5,M3_AR_residual,34.12799588387448,38.24173828992767,63.13023919969511,59.57895153372323,False
D1_T71,M1_autonomous_Schaefer,71,33.8,5,M4_delayed_info,35.992119908283776,38.26744162773212,63.13023919969511,59.57895153372323,False
D1_T71,M1_autonomous_Schaefer,71,33.8,6,M1_autonomous_Schaefer,34.48536757455116,35.370413441304215,57.698655914031654,42.88793103552156,True
D1_T71,M1_autonomous_Schaefer,71,33.8,6,M1b_autonomous_Allee,46.05304289985143,52.55649834554804,57.698655914031654,42.88793103552156,False
D1_T71,M1_autonomous_Schaefer,71,33.8,6,M2_stockflow_regimeC,34.48536757455116,35.370413441304215,57.698655914031654,42.88793103552156,False
D1_T71,M1_autonomous_Schaefer,71,33.8,6,M3_AR_residual,34.69378382728627,35.372239936023256,57.698655914031654,42.88793103552156,False
D1_T71,M1_autonomous_Schaefer,71,33.8,6,M4_delayed_info,36.043066488785904,35.36555215682222,57.698655914031654,42.88793103552156,False
D1_T71,M1_autonomous_Schaefer,71,33.8,7,M1_autonomous_Schaefer,35.37598160475208,38.609163214559786,70.15149558607398,56.22191352597643,True
D1_T71,M1_autonomous_Schaefer,71,33.8,7,M1b_autonomous_Allee,58.340701969688425,67.19845507114552,70.15149558607398,56.22191352597643,False
D1_T71,M1_autonomous_Schaefer,71,33.8,7,M2_stockflow_regimeC,35.37598160475208,38.609163214559786,70.15149558607398,56.22191352597643,False
D1_T71,M1_autonomous_Schaefer,71,33.8,7,M3_AR_residual,34.8940069159756,38.57839790038237,70.15149558607398,56.22191352597643,False
D1_T71,M1_autonomous_Schaefer,71,33.8,7,M4_delayed_info,42.51912664762729,38.670639811656436,70.15149558607398,56.22191352597643,False
D1_T71,M1_autonomous_Schaefer,71,33.8,8,M1_autonomous_Schaefer,33.44452712807929,33.59495357396749,54.510966960984355,44.67510680085218,True
D1_T71,M1_autonomous_Schaefer,71,33.8,8,M1b_autonomous_Allee,42.480456689373824,44.87978838799198,54.510966960984355,44.67510680085218,False
D1_T71,M1_autonomous_Schaefer,71,33.8,8,M2_stockflow_regimeC,33.44452712807929,33.59495357396749,54.510966960984355,44.67510680085218,False
D1_T71,M1_autonomous_Schaefer,71,33.8,8,M3_AR_residual,32.38621728143863,33.56296491513683,54.510966960984355,44.67510680085218,False
D1_T71,M1_autonomous_Schaefer,71,33.8,8,M4_delayed_info,33.75459084527399,33.52395408681637,54.510966960984355,44.67510680085218,False
D1_T71,M1_autonomous_Schaefer,71,33.8,9,M1_autonomous_Schaefer,35.27967015783799,37.499609117371875,57.80052539769621,51.196814636376125,True
D1_T71,M1_autonomous_Schaefer,71,33.8,9,M1b_autonomous_Allee,49.9536650858721,44.05805546760703,57.80052539769621,51.196814636376125,False
D1_T71,M1_autonomous_Schaefer,71,33.8,9,M2_stockflow_regimeC,35.27967015783799,37.499609117371875,57.80052539769621,51.196814636376125,False
D1_T71,M1_autonomous_Schaefer,71,33.8,9,M3_AR_residual,35.63828950223117,37.50043843507226,57.80052539769621,51.196814636376125,False
D1_T71,M1_autonomous_Schaefer,71,33.8,9,M4_delayed_info,36.868115713752815,37.45963632686786,57.80052539769621,51.196814636376125,False
D5_T71,,71,11.8,0,M1_autonomous_Schaefer,13.755591373293871,26.77256308676091,13.620606768629278,25.503567260057505,False
D5_T71,,71,11.8,0,M1b_autonomous_Allee,13.930272044515297,27.473745845955893,13.620606768629278,25.503567260057505,False
D5_T71,,71,11.8,0,M2_stockflow_regimeC,13.755591373293871,26.77256308676091,13.620606768629278,25.503567260057505,False
D5_T71,,71,11.8,0,M3_AR_residual,13.580236773909697,26.834498352135494,13.620606768629278,25.503567260057505,False
D5_T71,,71,11.8,0,M4_delayed_info,18.42699133121339,30.331070462729734,13.620606768629278,25.503567260057505,False
D5_T71,,71,11.8,1,M1_autonomous_Schaefer,12.103704960207478,22.61318437452957,12.108738348841335,23.26625367211969,False
D5_T71,,71,11.8,1,M1b_autonomous_Allee,12.174420097641073,23.61960227096493,12.108738348841335,23.26625367211969,False
D5_T71,,71,11.8,1,M2_stockflow_regimeC,12.103704960207478,22.61318437452957,12.108738348841335,23.26625367211969,False
D5_T71,,71,11.8,1,M3_AR_residual,12.091171580526657,22.738043689014777,12.108738348841335,23.26625367211969,False
D5_T71,,71,11.8,1,M4_delayed_info,14.636663316975476,23.6566867421734,12.108738348841335,23.26625367211969,False
D5_T71,,71,11.8,2,M1_autonomous_Schaefer,10.437701037900155,21.86540612494883,10.427300124698416,21.757829724810378,False
D5_T71,,71,11.8,2,M1b_autonomous_Allee,10.916115193438907,28.134843646651596,10.427300124698416,21.757829724810378,False
D5_T71,,71,11.8,2,M2_stockflow_regimeC,10.437701037900155,21.86540612494883,10.427300124698416,21.757829724810378,False
D5_T71,,71,11.8,2,M3_AR_residual,10.640356818652066,22.130208916325586,10.427300124698416,21.757829724810378,False
D5_T71,,71,11.8,2,M4_delayed_info,14.45216293634724,24.47098519151009,10.427300124698416,21.757829724810378,False
D5_T71,,71,11.8,3,M1_autonomous_Schaefer,13.169450635091573,36.53709435178999,12.373534619482426,30.483528365608933,False
D5_T71,,71,11.8,3,M1b_autonomous_Allee,12.899220565715835,35.448583695980034,12.373534619482426,30.483528365608933,False
D5_T71,,71,11.8,3,M2_stockflow_regimeC,13.169450635091573,36.53709435178999,12.373534619482426,30.483528365608933,False
D5_T71,,71,11.8,3,M3_AR_residual,13.581944914295173,37.02782529878067,12.373534619482426,30.483528365608933,False
D5_T71,,71,11.8,3,M4_delayed_info,19.380229908364957,41.95386526398551,12.373534619482426,30.483528365608933,False
D5_T71,,71,11.8,4,M1_autonomous_Schaefer,11.181435048611586,25.86587845586391,11.063042217561408,24.607190235163234,False
D5_T71,,71,11.8,4,M1b_autonomous_Allee,11.163156570316877,26.535681607578805,11.063042217561408,24.607190235163234,False
D5_T71,,71,11.8,4,M2_stockflow_regimeC,11.181435048611586,25.86587845586391,11.063042217561408,24.607190235163234,False
D5_T71,,71,11.8,4,M3_AR_residual,11.326789355847895,25.79331901447523,11.063042217561408,24.607190235163234,False
D5_T71,,71,11.8,4,M4_delayed_info,15.133154245319037,27.383140572046035,11.063042217561408,24.607190235163234,False
D5_T71,,71,11.8,5,M1_autonomous_Schaefer,12.031547402819593,26.80351304384924,11.944913159441947,25.93685197452108,False
D5_T71,,71,11.8,5,M1b_autonomous_Allee,12.141402218508103,28.819680565678876,11.944913159441947,25.93685197452108,False
D5_T71,,71,11.8,5,M2_stockflow_regimeC,12.031547402819593,26.80351304384924,11.944913159441947,25.93685197452108,False
D5_T71,,71,11.8,5,M3_AR_residual,12.245404883488655,26.94096457240037,11.944913159441947,25.93685197452108,False
D5_T71,,71,11.8,5,M4_delayed_info,16.610490742733695,28.01290396706511,11.944913159441947,25.93685197452108,False
D5_T71,,71,11.8,6,M1_autonomous_Schaefer,12.83260611881736,35.18455611843821,12.366986215704491,30.777968086417893,False
D5_T71,,71,11.8,6,M1b_autonomous_Allee,12.941045255271943,37.96227256107373,12.366986215704491,30.777968086417893,False
D5_T71,,71,11.8,6,M2_stockflow_regimeC,12.83260611881736,35.18455611843821,12.366986215704491,30.777968086417893,False
D5_T71,,71,11.8,6,M3_AR_residual,13.020753139590706,35.39529661179464,12.366986215704491,30.777968086417893,False
D5_T71,,71,11.8,6,M4_delayed_info,19.03632093797221,37.72218549588697,12.366986215704491,30.777968086417893,False
D5_T71,,71,11.8,7,M1_autonomous_Schaefer,12.38283190708585,36.42568154381233,12.310024421479755,35.51563030756264,False
D5_T71,,71,11.8,7,M1b_autonomous_Allee,12.765516012339841,40.80760135127289,12.310024421479755,35.51563030756264,False
D5_T71,,71,11.8,7,M2_stockflow_regimeC,12.38283190708585,36.42568154381233,12.310024421479755,35.51563030756264,False
D5_T71,,71,11.8,7,M3_AR_residual,12.62754775788012,36.494710694887246,12.310024421479755,35.51563030756264,False
D5_T71,,71,11.8,7,M4_delayed_info,18.376558222118728,39.868382765655134,12.310024421479755,35.51563030756264,False
D5_T71,,71,11.8,8,M1_autonomous_Schaefer,11.435272275790181,23.90958281533571,11.675425505082135,26.9623266878009,False
D5_T71,,71,11.8,8,M1b_autonomous_Allee,11.957434431225089,30.035358757119884,11.675425505082135,26.9623266878009,False
D5_T71,,71,11.8,8,M2_stockflow_regimeC,11.435272275790181,23.90958281533571,11.675425505082135,26.9623266878009,False
D5_T71,,71,11.8,8,M3_AR_residual,11.434994988489043,23.886524139681875,11.675425505082135,26.9623266878009,False
D5_T71,,71,11.8,8,M4_delayed_info,15.432228155530064,26.01873855113139,11.675425505082135,26.9623266878009,False
D5_T71,,71,11.8,9,M1_autonomous_Schaefer,12.589124252336365,30.858792651445718,12.50995537081923,29.9155377214548,False
D5_T71,,71,11.8,9,M1b_autonomous_Allee,12.694803909986668,31.602011201458417,12.50995537081923,29.9155377214548,False
D5_T71,,71,11.8,9,M2_stockflow_regimeC,12.589124252336365,30.858792651445718,12.50995537081923,29.9155377214548,False
D5_T71,,71,11.8,9,M3_AR_residual,12.865306242401296,30.97643731208516,12.50995537081923,29.9155377214548,False
D5_T71,,71,11.8,9,M4_delayed_info,17.783719262640343,33.203962948301736,12.50995537081923,29.9155377214548,False
D5_T71,,71,33.8,0,M1_autonomous_Schaefer,32.341342933167354,85.88310669253761,32.32596404607178,85.43527315085824,False
D5_T71,,71,33.8,0,M1b_autonomous_Allee,34.76086376028083,100.58089277668756,32.32596404607178,85.43527315085824,False
D5_T71,,71,33.8,0,M2_stockflow_regimeC,32.341342933167354,85.88310669253761,32.32596404607178,85.43527315085824,False
D5_T71,,71,33.8,0,M3_AR_residual,32.95116303364199,84.67862032214971,32.32596404607178,85.43527315085824,False
D5_T71,,71,33.8,0,M4_delayed_info,41.787111026860956,91.47662602426068,32.32596404607178,85.43527315085824,False
D5_T71,,71,33.8,1,M1_autonomous_Schaefer,35.908276388356185,107.67345320279287,35.31743280473095,95.9204963483741,False
D5_T71,,71,33.8,1,M1b_autonomous_Allee,36.9704425175314,114.18703574888957,35.31743280473095,95.9204963483741,False
D5_T71,,71,33.8,1,M2_stockflow_regimeC,35.908276388356185,107.67345320279287,35.31743280473095,95.9204963483741,False
D5_T71,,71,33.8,1,M3_AR_residual,36.76579185864387,107.66035101272912,35.31743280473095,95.9204963483741,False
D5_T71,,71,33.8,1,M4_delayed_info,53.38023436791011,113.89668114077563,35.31743280473095,95.9204963483741,False
D5_T71,,71,33.8,2,M1_autonomous_Schaefer,29.438338171524705,70.1386656122878,29.40193468521237,69.36394803212485,False
D5_T71,,71,33.8,2,M1b_autonomous_Allee,30.496296663225387,77.75235002944794,29.40193468521237,69.36394803212485,False
D5_T71,,71,33.8,2,M2_stockflow_regimeC,29.438338171524705,70.1386656122878,29.40193468521237,69.36394803212485,False
D5_T71,,71,33.8,2,M3_AR_residual,29.88718740015929,70.24637311092879,29.40193468521237,69.36394803212485,False
D5_T71,,71,33.8,2,M4_delayed_info,41.423831839212134,79.14598771913671,29.40193468521237,69.36394803212485,False
D5_T71,,71,33.8,3,M1_autonomous_Schaefer,36.62464154862191,73.55340115175345,35.35566508848501,68.09674787726199,False
D5_T71,,71,33.8,3,M1b_autonomous_Allee,36.623530266607595,78.19189890418865,35.35566508848501,68.09674787726199,False
D5_T71,,71,33.8,3,M2_stockflow_regimeC,36.62464154862191,73.55340115175345,35.35566508848501,68.09674787726199,False
D5_T71,,71,33.8,3,M3_AR_residual,37.21716124240648,73.84607878937939,35.35566508848501,68.09674787726199,False
D5_T71,,71,33.8,3,M4_delayed_info,50.60994839505304,79.31654003038649,35.35566508848501,68.09674787726199,False
D5_T71,,71,33.8,4,M1_autonomous_Schaefer,32.70131539941299,63.002096978537196,32.46779385687374,60.67217813936479,False
D5_T71,,71,33.8,4,M1b_autonomous_Allee,32.65318778937226,61.30412110333954,32.46779385687374,60.67217813936479,False
D5_T71,,71,33.8,4,M2_stockflow_regimeC,32.70131539941299,63.002096978537196,32.46779385687374,60.67217813936479,False
D5_T71,,71,33.8,4,M3_AR_residual,33.68075353192115,63.569895007876916,32.46779385687374,60.67217813936479,False
D5_T71,,71,33.8,4,M4_delayed_info,44.8992275890934,65.93408015436472,32.46779385687374,60.67217813936479,False
D5_T71,,71,33.8,5,M1_autonomous_Schaefer,33.86495926743631,64.54262955109321,34.615951744853184,70.90605559683806,False
D5_T71,,71,33.8,5,M1b_autonomous_Allee,35.549333302730794,71.42889887425382,34.615951744853184,70.90605559683806,False
D5_T71,,71,33.8,5,M2_stockflow_regimeC,33.86495926743631,64.54262955109321,34.615951744853184,70.90605559683806,False
D5_T71,,71,33.8,5,M3_AR_residual,34.38932386162633,64.63981170257452,34.615951744853184,70.90605559683806,False
D5_T71,,71,33.8,5,M4_delayed_info,44.638668373653616,67.02712862306915,34.615951744853184,70.90605559683806,False
D5_T71,,71,33.8,6,M1_autonomous_Schaefer,40.291033982157884,111.5166284916832,39.00166956297923,98.68871714566104,False
D5_T71,,71,33.8,6,M1b_autonomous_Allee,39.86018086498403,108.57628313074234,39.00166956297923,98.68871714566104,False
D5_T71,,71,33.8,6,M2_stockflow_regimeC,40.291033982157884,111.5166284916832,39.00166956297923,98.68871714566104,False
D5_T71,,71,33.8,6,M3_AR_residual,41.80300289122077,111.33111300485028,39.00166956297923,98.68871714566104,False
D5_T71,,71,33.8,6,M4_delayed_info,60.34102499408198,117.85258215742995,39.00166956297923,98.68871714566104,False
D5_T71,,71,33.8,7,M1_autonomous_Schaefer,40.960567637978535,102.97284429284674,40.7443034486287,101.05540521199381,False
D5_T71,,71,33.8,7,M1b_autonomous_Allee,41.48512210096191,108.97174563552414,40.7443034486287,101.05540521199381,False
D5_T71,,71,33.8,7,M2_stockflow_regimeC,40.960567637978535,102.97284429284674,40.7443034486287,101.05540521199381,False
D5_T71,,71,33.8,7,M3_AR_residual,42.327992614862495,104.88744094380587,40.7443034486287,101.05540521199381,False
D5_T71,,71,33.8,7,M4_delayed_info,57.291423259624835,109.80269845640005,40.7443034486287,101.05540521199381,False
D5_T71,,71,33.8,8,M1_autonomous_Schaefer,35.37965688457563,93.01261458475324,34.395166266607774,84.83009243816406,False
D5_T71,,71,33.8,8,M1b_autonomous_Allee,37.058513015331854,112.61262992592746,34.395166266607774,84.83009243816406,False
D5_T71,,71,33.8,8,M2_stockflow_regimeC,35.37965688457563,93.01261458475324,34.395166266607774,84.83009243816406,False
D5_T71,,71,33.8,8,M3_AR_residual,36.09575479582133,93.08433154988946,34.395166266607774,84.83009243816406,False
D5_T71,,71,33.8,8,M4_delayed_info,49.679780573686465,96.31604122264582,34.395166266607774,84.83009243816406,False
D5_T71,,71,33.8,9,M1_autonomous_Schaefer,35.184054642188116,84.24046923991226,33.98878663195993,74.22367659619458,False
D5_T71,,71,33.8,9,M1b_autonomous_Allee,34.78908946170246,79.67613662994097,33.98878663195993,74.22367659619458,False
D5_T71,,71,33.8,9,M2_stockflow_regimeC,35.184054642188116,84.24046923991226,33.98878663195993,74.22367659619458,False
D5_T71,,71,33.8,9,M3_AR_residual,35.55158518640397,84.24898633839153,33.98878663195993,74.22367659619458,False
D5_T71,,71,33.8,9,M4_delayed_info,48.472554119741936,89.8238351648587,33.98878663195993,74.22367659619458,False
