dgp,truth,sigma,rep,module,rmse_h1,rmse_h5,persist_h1,persist_h5,retained
D1_M1_collapse,M1_autonomous_Schaefer,11.8,0,M1_autonomous_Schaefer,12.492029907987446,12.862580651477971,22.72138607997581,20.759854689983865,True
D1_M1_collapse,M1_autonomous_Schaefer,11.8,0,M1b_autonomous_Allee,19.199658481373596,23.968205612331158,22.72138607997581,20.759854689983865,False
D1_M1_collapse,M1_autonomous_Schaefer,11.8,0,M2_stockflow_regimeC,12.492029907987446,12.862580651477971,22.72138607997581,20.759854689983865,False
D1_M1_collapse,M1_autonomous_Schaefer,11.8,0,M3_AR_residual,12.655007446535363,12.796420128174377,22.72138607997581,20.759854689983865,False
D1_M1_collapse,M1_autonomous_Schaefer,11.8,0,M4_delayed_info,14.092454570045083,12.918411654485315,22.72138607997581,20.759854689983865,False
D1_M1_collapse,M1_autonomous_Schaefer,11.8,1,M1_autonomous_Schaefer,12.681047798939192,10.462581353390869,15.475650618910164,16.352370948903307,True
D1_M1_collapse,M1_autonomous_Schaefer,11.8,1,M1b_autonomous_Allee,14.169669200083234,16.40358211592679,15.475650618910164,16.352370948903307,False
D1_M1_collapse,M1_autonomous_Schaefer,11.8,1,M2_stockflow_regimeC,12.681047798939192,10.462581353390869,15.475650618910164,16.352370948903307,False
D1_M1_collapse,M1_autonomous_Schaefer,11.8,1,M3_AR_residual,13.19603140895638,10.460676932736632,15.475650618910164,16.352370948903307,False
D1_M1_collapse,M1_autonomous_Schaefer,11.8,1,M4_delayed_info,11.872785174883719,10.463839742854274,15.475650618910164,16.352370948903307,False
D1_M1_collapse,M1_autonomous_Schaefer,11.8,2,M1_autonomous_Schaefer,9.407790784218095,7.951135724692834,12.70830838036378,12.601987837881627,True
D1_M1_collapse,M1_autonomous_Schaefer,11.8,2,M1b_autonomous_Allee,13.151385439214325,22.958456764814425,12.70830838036378,12.601987837881627,False
D1_M1_collapse,M1_autonomous_Schaefer,11.8,2,M2_stockflow_regimeC,9.407790784218095,7.951135724692834,12.70830838036378,12.601987837881627,False
D1_M1_collapse,M1_autonomous_Schaefer,11.8,2,M3_AR_residual,9.553795919466523,7.864765757267853,12.70830838036378,12.601987837881627,False
D1_M1_collapse,M1_autonomous_Schaefer,11.8,2,M4_delayed_info,9.736365397912348,8.017316590986766,12.70830838036378,12.601987837881627,False
D1_M1_collapse,M1_autonomous_Schaefer,11.8,3,M1_autonomous_Schaefer,13.200907854956714,13.40546710809943,21.223874538033837,20.2338307546145,True
D1_M1_collapse,M1_autonomous_Schaefer,11.8,3,M1b_autonomous_Allee,16.35923786356783,24.3412906533412,21.223874538033837,20.2338307546145,False
D1_M1_collapse,M1_autonomous_Schaefer,11.8,3,M2_stockflow_regimeC,13.200907854956714,13.40546710809943,21.223874538033837,20.2338307546145,False
D1_M1_collapse,M1_autonomous_Schaefer,11.8,3,M3_AR_residual,13.01189925929933,13.41033473586493,21.223874538033837,20.2338307546145,False
D1_M1_collapse,M1_autonomous_Schaefer,11.8,3,M4_delayed_info,12.995578163367684,13.389342546897018,21.223874538033837,20.2338307546145,False
D1_M1_collapse,M1_autonomous_Schaefer,11.8,4,M1_autonomous_Schaefer,15.20517969266934,18.79987429355829,32.17033605983263,26.141989442573532,True
D1_M1_collapse,M1_autonomous_Schaefer,11.8,4,M1b_autonomous_Allee,26.677574093696276,37.79137402986413,32.17033605983263,26.141989442573532,False
D1_M1_collapse,M1_autonomous_Schaefer,11.8,4,M2_stockflow_regimeC,15.20517969266934,18.79987429355829,32.17033605983263,26.141989442573532,False
D1_M1_collapse,M1_autonomous_Schaefer,11.8,4,M3_AR_residual,15.341280266579123,18.833612301190826,32.17033605983263,26.141989442573532,False
D1_M1_collapse,M1_autonomous_Schaefer,11.8,4,M4_delayed_info,16.780986710794885,18.754011402215333,32.17033605983263,26.141989442573532,False
D1_M1_collapse,M1_autonomous_Schaefer,11.8,5,M1_autonomous_Schaefer,12.056031549841398,12.301952213259705,17.43847562246692,16.44645331922155,True
D1_M1_collapse,M1_autonomous_Schaefer,11.8,5,M1b_autonomous_Allee,17.378935155693465,22.313680618996074,17.43847562246692,16.44645331922155,False
D1_M1_collapse,M1_autonomous_Schaefer,11.8,5,M2_stockflow_regimeC,12.056031549841398,12.301952213259705,17.43847562246692,16.44645331922155,False
D1_M1_collapse,M1_autonomous_Schaefer,11.8,5,M3_AR_residual,12.116575906712663,12.294060277225363,17.43847562246692,16.44645331922155,False
D1_M1_collapse,M1_autonomous_Schaefer,11.8,5,M4_delayed_info,12.279209282481382,12.30586056271995,17.43847562246692,16.44645331922155,False
D1_M1_collapse,M1_autonomous_Schaefer,11.8,6,M1_autonomous_Schaefer,13.479283572877248,13.310997184964119,25.499420078504084,25.095175583099582,True
D1_M1_collapse,M1_autonomous_Schaefer,11.8,6,M1b_autonomous_Allee,21.151647195042838,20.73603265896047,25.499420078504084,25.095175583099582,False
D1_M1_collapse,M1_autonomous_Schaefer,11.8,6,M2_stockflow_regimeC,13.479283572877248,13.310997184964119,25.499420078504084,25.095175583099582,False
D1_M1_collapse,M1_autonomous_Schaefer,11.8,6,M3_AR_residual,14.03453363502999,13.070679925010406,25.499420078504084,25.095175583099582,False
D1_M1_collapse,M1_autonomous_Schaefer,11.8,6,M4_delayed_info,15.463185716078755,13.514333474694949,25.499420078504084,25.095175583099582,False
D1_M1_collapse,M1_autonomous_Schaefer,11.8,7,M1_autonomous_Schaefer,13.263766915443172,14.312526379696555,25.447280341396443,19.827942582716254,True
D1_M1_collapse,M1_autonomous_Schaefer,11.8,7,M1b_autonomous_Allee,21.594767556526648,27.86250797074402,25.447280341396443,19.827942582716254,False
D1_M1_collapse,M1_autonomous_Schaefer,11.8,7,M2_stockflow_regimeC,13.263766915443172,14.312526379696555,25.447280341396443,19.827942582716254,False
D1_M1_collapse,M1_autonomous_Schaefer,11.8,7,M3_AR_residual,13.270958401170558,14.966846711875913,25.447280341396443,19.827942582716254,False
D1_M1_collapse,M1_autonomous_Schaefer,11.8,7,M4_delayed_info,17.855291704786868,14.01678466447262,25.447280341396443,19.827942582716254,False
D1_M1_collapse,M1_autonomous_Schaefer,11.8,8,M1_autonomous_Schaefer,7.895103226932476,8.029136230426968,17.05652407406822,13.931777677659877,True
D1_M1_collapse,M1_autonomous_Schaefer,11.8,8,M1b_autonomous_Allee,12.833098619623323,15.51790389089725,17.05652407406822,13.931777677659877,False
D1_M1_collapse,M1_autonomous_Schaefer,11.8,8,M2_stockflow_regimeC,7.895103226932476,8.029136230426968,17.05652407406822,13.931777677659877,False
D1_M1_collapse,M1_autonomous_Schaefer,11.8,8,M3_AR_residual,7.757698281158879,8.024218105971514,17.05652407406822,13.931777677659877,False
D1_M1_collapse,M1_autonomous_Schaefer,11.8,8,M4_delayed_info,9.741366944383536,8.041920481790925,17.05652407406822,13.931777677659877,False
D1_M1_collapse,M1_autonomous_Schaefer,11.8,9,M1_autonomous_Schaefer,12.573178402095628,15.317007310463442,25.37467949855712,18.21631410088083,True
D1_M1_collapse,M1_autonomous_Schaefer,11.8,9,M1b_autonomous_Allee,20.34235876080602,20.55942125545142,25.37467949855712,18.21631410088083,False
D1_M1_collapse,M1_autonomous_Schaefer,11.8,9,M2_stockflow_regimeC,12.573178402095628,15.317007310463442,25.37467949855712,18.21631410088083,False
D1_M1_collapse,M1_autonomous_Schaefer,11.8,9,M3_AR_residual,12.955991812492208,15.309135474841629,25.37467949855712,18.21631410088083,False
D1_M1_collapse,M1_autonomous_Schaefer,11.8,9,M4_delayed_info,14.434925497318963,15.269030652341993,25.37467949855712,18.21631410088083,False
D1_M1_collapse,M1_autonomous_Schaefer,11.8,10,M1_autonomous_Schaefer,8.620429882942766,9.549042504093368,16.066459605297446,11.706770465013017,True
D1_M1_collapse,M1_autonomous_Schaefer,11.8,10,M1b_autonomous_Allee,14.67104434761762,13.6425687387849,16.066459605297446,11.706770465013017,False
D1_M1_collapse,M1_autonomous_Schaefer,11.8,10,M2_stockflow_regimeC,8.620429882942766,9.549042504093368,16.066459605297446,11.706770465013017,False
D1_M1_collapse,M1_autonomous_Schaefer,11.8,10,M3_AR_residual,8.567721170622528,9.552944547468416,16.066459605297446,11.706770465013017,False
D1_M1_collapse,M1_autonomous_Schaefer,11.8,10,M4_delayed_info,9.489399887264003,9.539478443315394,16.066459605297446,11.706770465013017,False
D1_M1_collapse,M1_autonomous_Schaefer,11.8,11,M1_autonomous_Schaefer,12.369804674782792,13.75610349151028,23.21092620097424,20.549139314371295,True
D1_M1_collapse,M1_autonomous_Schaefer,11.8,11,M1b_autonomous_Allee,18.473429288171193,23.88196980474875,23.21092620097424,20.549139314371295,False
D1_M1_collapse,M1_autonomous_Schaefer,11.8,11,M2_stockflow_regimeC,12.369804674782792,13.75610349151028,23.21092620097424,20.549139314371295,False
D1_M1_collapse,M1_autonomous_Schaefer,11.8,11,M3_AR_residual,12.436172849593198,13.751694351890082,23.21092620097424,20.549139314371295,False
D1_M1_collapse,M1_autonomous_Schaefer,11.8,11,M4_delayed_info,13.403311085983658,13.789708086603673,23.21092620097424,20.549139314371295,False
D1_M1_collapse,M1_autonomous_Schaefer,11.8,12,M1_autonomous_Schaefer,12.820694198825501,14.460668679138475,23.93539567321897,15.001919110842179,False
D1_M1_collapse,M1_autonomous_Schaefer,11.8,12,M1b_autonomous_Allee,20.327504101866687,24.09300400361073,23.93539567321897,15.001919110842179,False
D1_M1_collapse,M1_autonomous_Schaefer,11.8,12,M2_stockflow_regimeC,12.820694198825501,14.460668679138475,23.93539567321897,15.001919110842179,False
D1_M1_collapse,M1_autonomous_Schaefer,11.8,12,M3_AR_residual,12.686401748339948,14.472333185897238,23.93539567321897,15.001919110842179,False
D1_M1_collapse,M1_autonomous_Schaefer,11.8,12,M4_delayed_info,14.164081269422674,14.395738650133186,23.93539567321897,15.001919110842179,False
D1_M1_collapse,M1_autonomous_Schaefer,11.8,13,M1_autonomous_Schaefer,14.073986884741968,15.394012908675023,23.214491965276046,23.733488439279345,True
D1_M1_collapse,M1_autonomous_Schaefer,11.8,13,M1b_autonomous_Allee,21.0489118736354,32.26212736474891,23.214491965276046,23.733488439279345,False
D1_M1_collapse,M1_autonomous_Schaefer,11.8,13,M2_stockflow_regimeC,14.073986884741968,15.394012908675023,23.214491965276046,23.733488439279345,False
D1_M1_collapse,M1_autonomous_Schaefer,11.8,13,M3_AR_residual,13.99656395593099,15.40061570919114,23.214491965276046,23.733488439279345,False
D1_M1_collapse,M1_autonomous_Schaefer,11.8,13,M4_delayed_info,14.405600851676947,15.41565455845446,23.214491965276046,23.733488439279345,False
D1_M1_collapse,M1_autonomous_Schaefer,11.8,14,M1_autonomous_Schaefer,10.849314828290893,11.964391637331964,18.011768407904988,14.549599110155988,True
D1_M1_collapse,M1_autonomous_Schaefer,11.8,14,M1b_autonomous_Allee,16.174977728161434,18.427904570011673,18.011768407904988,14.549599110155988,False
D1_M1_collapse,M1_autonomous_Schaefer,11.8,14,M2_stockflow_regimeC,10.849314828290893,11.964391637331964,18.011768407904988,14.549599110155988,False
D1_M1_collapse,M1_autonomous_Schaefer,11.8,14,M3_AR_residual,10.5740030340279,11.96936011370161,18.011768407904988,14.549599110155988,False
D1_M1_collapse,M1_autonomous_Schaefer,11.8,14,M4_delayed_info,10.859073698059019,11.947403310616744,18.011768407904988,14.549599110155988,False
D1_M1_collapse,M1_autonomous_Schaefer,11.8,15,M1_autonomous_Schaefer,16.094347406693185,14.873678819717389,24.978393566639724,23.891228854579136,True
D1_M1_collapse,M1_autonomous_Schaefer,11.8,15,M1b_autonomous_Allee,21.144520973951554,30.52115406113264,24.978393566639724,23.891228854579136,False
D1_M1_collapse,M1_autonomous_Schaefer,11.8,15,M2_stockflow_regimeC,16.094347406693185,14.873678819717389,24.978393566639724,23.891228854579136,False
D1_M1_collapse,M1_autonomous_Schaefer,11.8,15,M3_AR_residual,16.81745396393975,15.016581484105602,24.978393566639724,23.891228854579136,False
D1_M1_collapse,M1_autonomous_Schaefer,11.8,15,M4_delayed_info,16.69586682012329,14.828686141851973,24.978393566639724,23.891228854579136,False
D1_M1_collapse,M1_autonomous_Schaefer,11.8,16,M1_autonomous_Schaefer,12.510821196740405,13.437467495197774,19.445963431111256,16.137365390997264,True
D1_M1_collapse,M1_autonomous_Schaefer,11.8,16,M1b_autonomous_Allee,14.253110336862473,13.328127643368957,19.445963431111256,16.137365390997264,False
D1_M1_collapse,M1_autonomous_Schaefer,11.8,16,M2_stockflow_regimeC,12.510821196740405,13.437467495197774,19.445963431111256,16.137365390997264,False
D1_M1_collapse,M1_autonomous_Schaefer,11.8,16,M3_AR_residual,12.973032137562027,13.448861471561585,19.445963431111256,16.137365390997264,False
D1_M1_collapse,M1_autonomous_Schaefer,11.8,16,M4_delayed_info,12.460085652428619,13.39979111749634,19.445963431111256,16.137365390997264,False
D1_M1_collapse,M1_autonomous_Schaefer,11.8,17,M1_autonomous_Schaefer,11.616782657644311,11.82351408774292,19.14853319313629,16.162001505104534,True
D1_M1_collapse,M1_autonomous_Schaefer,11.8,17,M1b_autonomous_Allee,15.506101523393946,19.100039450783665,19.14853319313629,16.162001505104534,False
D1_M1_collapse,M1_autonomous_Schaefer,11.8,17,M2_stockflow_regimeC,11.616782657644311,11.82351408774292,19.14853319313629,16.162001505104534,False
D1_M1_collapse,M1_autonomous_Schaefer,11.8,17,M3_AR_residual,11.723125569446815,11.816205545830416,19.14853319313629,16.162001505104534,False
D1_M1_collapse,M1_autonomous_Schaefer,11.8,17,M4_delayed_info,13.159978190043619,11.835274435651103,19.14853319313629,16.162001505104534,False
D1_M1_collapse,M1_autonomous_Schaefer,11.8,18,M1_autonomous_Schaefer,11.874879664513601,13.653194711055562,24.208033086629012,17.92282477325414,True
D1_M1_collapse,M1_autonomous_Schaefer,11.8,18,M1b_autonomous_Allee,16.42115223257208,13.905394225699402,24.208033086629012,17.92282477325414,False
D1_M1_collapse,M1_autonomous_Schaefer,11.8,18,M2_stockflow_regimeC,11.874879664513601,13.653194711055562,24.208033086629012,17.92282477325414,False
D1_M1_collapse,M1_autonomous_Schaefer,11.8,18,M3_AR_residual,11.842932663581026,13.647142803016312,24.208033086629012,17.92282477325414,False
D1_M1_collapse,M1_autonomous_Schaefer,11.8,18,M4_delayed_info,14.981036460428696,13.637208130955463,24.208033086629012,17.92282477325414,False
D1_M1_collapse,M1_autonomous_Schaefer,11.8,19,M1_autonomous_Schaefer,11.501466848088397,13.188492850667012,23.131876264218985,19.71834072380684,True
D1_M1_collapse,M1_autonomous_Schaefer,11.8,19,M1b_autonomous_Allee,18.764818395300452,25.100589397699817,23.131876264218985,19.71834072380684,False
D1_M1_collapse,M1_autonomous_Schaefer,11.8,19,M2_stockflow_regimeC,11.501466848088397,13.188492850667012,23.131876264218985,19.71834072380684,False
D1_M1_collapse,M1_autonomous_Schaefer,11.8,19,M3_AR_residual,11.88728349526237,13.249896829680361,23.131876264218985,19.71834072380684,False
D1_M1_collapse,M1_autonomous_Schaefer,11.8,19,M4_delayed_info,12.517721441803415,13.185618699628186,23.131876264218985,19.71834072380684,False
D1_M1_collapse,M1_autonomous_Schaefer,11.8,20,M1_autonomous_Schaefer,14.975092024606806,15.521565479892676,22.472615204407045,22.56162479835608,True
D1_M1_collapse,M1_autonomous_Schaefer,11.8,20,M1b_autonomous_Allee,19.752092884751427,26.831986100979144,22.472615204407045,22.56162479835608,False
D1_M1_collapse,M1_autonomous_Schaefer,11.8,20,M2_stockflow_regimeC,14.975092024606806,15.521565479892676,22.472615204407045,22.56162479835608,False
D1_M1_collapse,M1_autonomous_Schaefer,11.8,20,M3_AR_residual,16.122899678401705,15.489704110868336,22.472615204407045,22.56162479835608,False
D1_M1_collapse,M1_autonomous_Schaefer,11.8,20,M4_delayed_info,14.979973838154557,15.514067312482405,22.472615204407045,22.56162479835608,False
D1_M1_collapse,M1_autonomous_Schaefer,11.8,21,M1_autonomous_Schaefer,15.116200760935609,15.219080233120797,24.744694792148938,23.426660301089328,True
D1_M1_collapse,M1_autonomous_Schaefer,11.8,21,M1b_autonomous_Allee,18.721840694823808,20.197900746833383,24.744694792148938,23.426660301089328,False
D1_M1_collapse,M1_autonomous_Schaefer,11.8,21,M2_stockflow_regimeC,15.116200760935609,15.219080233120797,24.744694792148938,23.426660301089328,False
D1_M1_collapse,M1_autonomous_Schaefer,11.8,21,M3_AR_residual,14.993823547471845,15.224091689171496,24.744694792148938,23.426660301089328,False
D1_M1_collapse,M1_autonomous_Schaefer,11.8,21,M4_delayed_info,15.231012090873007,15.243648473989909,24.744694792148938,23.426660301089328,False
D1_M1_collapse,M1_autonomous_Schaefer,11.8,22,M1_autonomous_Schaefer,11.254796159940208,11.894978230371356,18.374113826480492,14.909271729468777,True
D1_M1_collapse,M1_autonomous_Schaefer,11.8,22,M1b_autonomous_Allee,18.01540803289033,18.113719335558564,18.374113826480492,14.909271729468777,False
D1_M1_collapse,M1_autonomous_Schaefer,11.8,22,M2_stockflow_regimeC,11.254796159940208,11.894978230371356,18.374113826480492,14.909271729468777,False
D1_M1_collapse,M1_autonomous_Schaefer,11.8,22,M3_AR_residual,11.347137244135775,11.895124775675388,18.374113826480492,14.909271729468777,False
D1_M1_collapse,M1_autonomous_Schaefer,11.8,22,M4_delayed_info,11.513243166322669,11.894904372827337,18.374113826480492,14.909271729468777,False
D1_M1_collapse,M1_autonomous_Schaefer,11.8,23,M1_autonomous_Schaefer,11.776258733535979,11.655028841707853,15.933789461277208,16.944391654162935,True
D1_M1_collapse,M1_autonomous_Schaefer,11.8,23,M1b_autonomous_Allee,15.991903718435521,25.824496824027396,15.933789461277208,16.944391654162935,False
D1_M1_collapse,M1_autonomous_Schaefer,11.8,23,M2_stockflow_regimeC,11.776258733535979,11.655028841707853,15.933789461277208,16.944391654162935,False
D1_M1_collapse,M1_autonomous_Schaefer,11.8,23,M3_AR_residual,11.508183180615596,11.659502348991245,15.933789461277208,16.944391654162935,False
D1_M1_collapse,M1_autonomous_Schaefer,11.8,23,M4_delayed_info,11.219381358818072,11.656830746823848,15.933789461277208,16.944391654162935,False
D1_M1_collapse,M1_autonomous_Schaefer,11.8,24,M1_autonomous_Schaefer,10.721187263488051,12.51689230596866,17.61821474862706,9.495253778579928,False
D1_M1_collapse,M1_autonomous_Schaefer,11.8,24,M1b_autonomous_Allee,13.98463611933413,17.270070163840906,17.61821474862706,9.495253778579928,False
D1_M1_collapse,M1_autonomous_Schaefer,11.8,24,M2_stockflow_regimeC,10.721187263488051,12.51689230596866,17.61821474862706,9.495253778579928,False
D1_M1_collapse,M1_autonomous_Schaefer,11.8,24,M3_AR_residual,11.323357090114056,12.715940531445076,17.61821474862706,9.495253778579928,False
D1_M1_collapse,M1_autonomous_Schaefer,11.8,24,M4_delayed_info,10.685994856414723,12.327484797135913,17.61821474862706,9.495253778579928,False
D1_M1_collapse,M1_autonomous_Schaefer,11.8,25,M1_autonomous_Schaefer,12.718818488234614,13.190733999492078,20.316606678947725,21.202583899272128,True
D1_M1_collapse,M1_autonomous_Schaefer,11.8,25,M1b_autonomous_Allee,15.70304356221018,29.270990494905593,20.316606678947725,21.202583899272128,False
D1_M1_collapse,M1_autonomous_Schaefer,11.8,25,M2_stockflow_regimeC,12.718818488234614,13.190733999492078,20.316606678947725,21.202583899272128,False
D1_M1_collapse,M1_autonomous_Schaefer,11.8,25,M3_AR_residual,12.912037321922876,13.193668074823679,20.316606678947725,21.202583899272128,False
D1_M1_collapse,M1_autonomous_Schaefer,11.8,25,M4_delayed_info,13.078016866840853,13.199873287071064,20.316606678947725,21.202583899272128,False
D1_M1_collapse,M1_autonomous_Schaefer,11.8,26,M1_autonomous_Schaefer,15.408951357341891,16.54170816499211,27.17668667952417,15.805803282450212,False
D1_M1_collapse,M1_autonomous_Schaefer,11.8,26,M1b_autonomous_Allee,21.72819993681773,22.772067387809503,27.17668667952417,15.805803282450212,False
D1_M1_collapse,M1_autonomous_Schaefer,11.8,26,M2_stockflow_regimeC,15.408951357341891,16.54170816499211,27.17668667952417,15.805803282450212,False
D1_M1_collapse,M1_autonomous_Schaefer,11.8,26,M3_AR_residual,15.65670052266155,16.522833977281284,27.17668667952417,15.805803282450212,False
D1_M1_collapse,M1_autonomous_Schaefer,11.8,26,M4_delayed_info,15.811064823354762,16.4969798589117,27.17668667952417,15.805803282450212,False
D1_M1_collapse,M1_autonomous_Schaefer,11.8,27,M1_autonomous_Schaefer,10.376602480772608,11.22800718375447,17.101930282900483,14.955941675285048,True
D1_M1_collapse,M1_autonomous_Schaefer,11.8,27,M1b_autonomous_Allee,17.37511932485343,26.74918756719223,17.101930282900483,14.955941675285048,False
D1_M1_collapse,M1_autonomous_Schaefer,11.8,27,M2_stockflow_regimeC,10.376602480772608,11.22800718375447,17.101930282900483,14.955941675285048,False
D1_M1_collapse,M1_autonomous_Schaefer,11.8,27,M3_AR_residual,10.285133702523014,11.226552883211475,17.101930282900483,14.955941675285048,False
D1_M1_collapse,M1_autonomous_Schaefer,11.8,27,M4_delayed_info,10.778216747484533,11.229902984634277,17.101930282900483,14.955941675285048,False
D1_M1_collapse,M1_autonomous_Schaefer,11.8,28,M1_autonomous_Schaefer,12.962883768262389,15.457522455852429,25.480824136573897,17.364309261443164,True
D1_M1_collapse,M1_autonomous_Schaefer,11.8,28,M1b_autonomous_Allee,20.805414081662196,27.044354500211764,25.480824136573897,17.364309261443164,False
D1_M1_collapse,M1_autonomous_Schaefer,11.8,28,M2_stockflow_regimeC,12.962883768262389,15.457522455852429,25.480824136573897,17.364309261443164,False
D1_M1_collapse,M1_autonomous_Schaefer,11.8,28,M3_AR_residual,13.089588579814862,15.47490546657946,25.480824136573897,17.364309261443164,False
D1_M1_collapse,M1_autonomous_Schaefer,11.8,28,M4_delayed_info,14.491756616785322,15.405674093555561,25.480824136573897,17.364309261443164,False
D1_M1_collapse,M1_autonomous_Schaefer,11.8,29,M1_autonomous_Schaefer,11.247520125898737,10.575334156176778,18.42695384046796,16.15064749329972,True
D1_M1_collapse,M1_autonomous_Schaefer,11.8,29,M1b_autonomous_Allee,17.594621234526645,25.397485451156864,18.42695384046796,16.15064749329972,False
D1_M1_collapse,M1_autonomous_Schaefer,11.8,29,M2_stockflow_regimeC,11.247520125898737,10.575334156176778,18.42695384046796,16.15064749329972,False
D1_M1_collapse,M1_autonomous_Schaefer,11.8,29,M3_AR_residual,11.882314724051875,10.586820724087564,18.42695384046796,16.15064749329972,False
D1_M1_collapse,M1_autonomous_Schaefer,11.8,29,M4_delayed_info,11.145612162805724,10.573568281642727,18.42695384046796,16.15064749329972,False
D1_M1_collapse,M1_autonomous_Schaefer,11.8,30,M1_autonomous_Schaefer,11.78133027449107,12.469506058547749,18.04786808856826,17.97876257248979,True
D1_M1_collapse,M1_autonomous_Schaefer,11.8,30,M1b_autonomous_Allee,16.088562656127163,16.779464266476328,18.04786808856826,17.97876257248979,False
D1_M1_collapse,M1_autonomous_Schaefer,11.8,30,M2_stockflow_regimeC,11.78133027449107,12.469506058547749,18.04786808856826,17.97876257248979,False
D1_M1_collapse,M1_autonomous_Schaefer,11.8,30,M3_AR_residual,12.948542868602466,12.504655639435514,18.04786808856826,17.97876257248979,False
D1_M1_collapse,M1_autonomous_Schaefer,11.8,30,M4_delayed_info,11.546716422727883,12.498274157714645,18.04786808856826,17.97876257248979,False
D1_M1_collapse,M1_autonomous_Schaefer,11.8,31,M1_autonomous_Schaefer,10.565849455315295,14.72053670037893,26.0809687354677,24.008287169240262,True
D1_M1_collapse,M1_autonomous_Schaefer,11.8,31,M1b_autonomous_Allee,21.25868504992048,32.3350583501262,26.0809687354677,24.008287169240262,False
D1_M1_collapse,M1_autonomous_Schaefer,11.8,31,M2_stockflow_regimeC,10.565849455315295,14.72053670037893,26.0809687354677,24.008287169240262,False
D1_M1_collapse,M1_autonomous_Schaefer,11.8,31,M3_AR_residual,10.383522559229672,14.67117302688724,26.0809687354677,24.008287169240262,False
D1_M1_collapse,M1_autonomous_Schaefer,11.8,31,M4_delayed_info,13.881904839365111,14.791904303447948,26.0809687354677,24.008287169240262,False
D1_M1_collapse,M1_autonomous_Schaefer,11.8,32,M1_autonomous_Schaefer,16.917042009202046,16.551840317770328,32.22581946074472,26.356618175482502,True
D1_M1_collapse,M1_autonomous_Schaefer,11.8,32,M1b_autonomous_Allee,27.07657912399847,34.42561803595928,32.22581946074472,26.356618175482502,False
D1_M1_collapse,M1_autonomous_Schaefer,11.8,32,M2_stockflow_regimeC,16.917042009202046,16.551840317770328,32.22581946074472,26.356618175482502,False
D1_M1_collapse,M1_autonomous_Schaefer,11.8,32,M3_AR_residual,16.20657840849378,16.42878923422423,32.22581946074472,26.356618175482502,False
D1_M1_collapse,M1_autonomous_Schaefer,11.8,32,M4_delayed_info,19.062510285098114,16.662891179188183,32.22581946074472,26.356618175482502,False
D1_M1_collapse,M1_autonomous_Schaefer,11.8,33,M1_autonomous_Schaefer,12.93874695647288,12.335698669379608,19.774355775757343,16.011010840649092,True
D1_M1_collapse,M1_autonomous_Schaefer,11.8,33,M1b_autonomous_Allee,17.446870622861706,25.66822127810865,19.774355775757343,16.011010840649092,False
D1_M1_collapse,M1_autonomous_Schaefer,11.8,33,M2_stockflow_regimeC,12.93874695647288,12.335698669379608,19.774355775757343,16.011010840649092,False
D1_M1_collapse,M1_autonomous_Schaefer,11.8,33,M3_AR_residual,13.35686829381265,12.33674811170541,19.774355775757343,16.011010840649092,False
D1_M1_collapse,M1_autonomous_Schaefer,11.8,33,M4_delayed_info,12.718809258808886,12.3323452150964,19.774355775757343,16.011010840649092,False
D1_M1_collapse,M1_autonomous_Schaefer,11.8,34,M1_autonomous_Schaefer,13.341612940338404,13.7098882143265,23.688732866370103,21.06652831912132,True
D1_M1_collapse,M1_autonomous_Schaefer,11.8,34,M1b_autonomous_Allee,18.354107036113568,23.609481463327384,23.688732866370103,21.06652831912132,False
D1_M1_collapse,M1_autonomous_Schaefer,11.8,34,M2_stockflow_regimeC,13.341612940338404,13.7098882143265,23.688732866370103,21.06652831912132,False
D1_M1_collapse,M1_autonomous_Schaefer,11.8,34,M3_AR_residual,13.535088798476625,13.649547245009908,23.688732866370103,21.06652831912132,False
D1_M1_collapse,M1_autonomous_Schaefer,11.8,34,M4_delayed_info,14.98851817380235,13.805506606979236,23.688732866370103,21.06652831912132,False
D1_M1_collapse,M1_autonomous_Schaefer,11.8,35,M1_autonomous_Schaefer,13.646569773255132,13.98673004781299,24.941173893276225,17.612794372778932,True
D1_M1_collapse,M1_autonomous_Schaefer,11.8,35,M1b_autonomous_Allee,19.93649210656667,13.714429597351474,24.941173893276225,17.612794372778932,False
D1_M1_collapse,M1_autonomous_Schaefer,11.8,35,M2_stockflow_regimeC,13.646569773255132,13.98673004781299,24.941173893276225,17.612794372778932,False
D1_M1_collapse,M1_autonomous_Schaefer,11.8,35,M3_AR_residual,14.49133053830404,15.129791864613132,24.941173893276225,17.612794372778932,False
D1_M1_collapse,M1_autonomous_Schaefer,11.8,35,M4_delayed_info,17.03843727025131,13.395882206835987,24.941173893276225,17.612794372778932,False
D1_M1_collapse,M1_autonomous_Schaefer,11.8,36,M1_autonomous_Schaefer,10.756126329200047,11.282258751685424,19.199961561324553,18.887151798766364,True
D1_M1_collapse,M1_autonomous_Schaefer,11.8,36,M1b_autonomous_Allee,18.108202112003745,25.756812213140396,19.199961561324553,18.887151798766364,False
D1_M1_collapse,M1_autonomous_Schaefer,11.8,36,M2_stockflow_regimeC,10.756126329200047,11.282258751685424,19.199961561324553,18.887151798766364,False
D1_M1_collapse,M1_autonomous_Schaefer,11.8,36,M3_AR_residual,10.689404164466579,10.74436275260378,19.199961561324553,18.887151798766364,False
D1_M1_collapse,M1_autonomous_Schaefer,11.8,36,M4_delayed_info,13.566375664614556,12.31654284114466,19.199961561324553,18.887151798766364,False
D1_M1_collapse,M1_autonomous_Schaefer,11.8,37,M1_autonomous_Schaefer,14.339922467586419,13.793858669377205,21.583434911105847,20.031460014732925,True
D1_M1_collapse,M1_autonomous_Schaefer,11.8,37,M1b_autonomous_Allee,19.565593975508406,30.21735500204629,21.583434911105847,20.031460014732925,False
D1_M1_collapse,M1_autonomous_Schaefer,11.8,37,M2_stockflow_regimeC,14.339922467586419,13.793858669377205,21.583434911105847,20.031460014732925,False
D1_M1_collapse,M1_autonomous_Schaefer,11.8,37,M3_AR_residual,14.173653250073242,13.784936245848671,21.583434911105847,20.031460014732925,False
D1_M1_collapse,M1_autonomous_Schaefer,11.8,37,M4_delayed_info,14.36286230831483,13.774188546288629,21.583434911105847,20.031460014732925,False
D1_M1_collapse,M1_autonomous_Schaefer,11.8,38,M1_autonomous_Schaefer,12.226914432749625,12.188274426565192,18.954654089644503,16.091535183891416,True
D1_M1_collapse,M1_autonomous_Schaefer,11.8,38,M1b_autonomous_Allee,18.324119957197208,27.697792043737152,18.954654089644503,16.091535183891416,False
D1_M1_collapse,M1_autonomous_Schaefer,11.8,38,M2_stockflow_regimeC,12.226914432749625,12.188274426565192,18.954654089644503,16.091535183891416,False
D1_M1_collapse,M1_autonomous_Schaefer,11.8,38,M3_AR_residual,12.699529879642611,12.249473690508083,18.954654089644503,16.091535183891416,False
D1_M1_collapse,M1_autonomous_Schaefer,11.8,38,M4_delayed_info,12.032052344504224,12.138049444702713,18.954654089644503,16.091535183891416,False
D1_M1_collapse,M1_autonomous_Schaefer,11.8,39,M1_autonomous_Schaefer,13.597478509308528,13.742189019274498,21.907106760600875,17.872449183774634,True
D1_M1_collapse,M1_autonomous_Schaefer,11.8,39,M1b_autonomous_Allee,14.594758109199082,13.74629838821311,21.907106760600875,17.872449183774634,False
D1_M1_collapse,M1_autonomous_Schaefer,11.8,39,M2_stockflow_regimeC,13.597478509308528,13.742189019274498,21.907106760600875,17.872449183774634,False
D1_M1_collapse,M1_autonomous_Schaefer,11.8,39,M3_AR_residual,14.05854738973359,13.96198312945432,21.907106760600875,17.872449183774634,False
D1_M1_collapse,M1_autonomous_Schaefer,11.8,39,M4_delayed_info,14.057757791389733,13.569942545286187,21.907106760600875,17.872449183774634,False
D1_M1_collapse,M1_autonomous_Schaefer,11.8,40,M1_autonomous_Schaefer,13.523513456384663,13.332970081370664,21.328595455780807,14.20819938773865,True
D1_M1_collapse,M1_autonomous_Schaefer,11.8,40,M1b_autonomous_Allee,19.792820761183105,21.071468072686628,21.328595455780807,14.20819938773865,False
D1_M1_collapse,M1_autonomous_Schaefer,11.8,40,M2_stockflow_regimeC,13.523513456384663,13.332970081370664,21.328595455780807,14.20819938773865,False
D1_M1_collapse,M1_autonomous_Schaefer,11.8,40,M3_AR_residual,13.760393532788568,13.380037680423916,21.328595455780807,14.20819938773865,False
D1_M1_collapse,M1_autonomous_Schaefer,11.8,40,M4_delayed_info,13.619208800207668,13.269394104164638,21.328595455780807,14.20819938773865,False
D1_M1_collapse,M1_autonomous_Schaefer,11.8,41,M1_autonomous_Schaefer,11.577046585971765,11.4382625678909,15.757339144774015,18.77384095363028,True
D1_M1_collapse,M1_autonomous_Schaefer,11.8,41,M1b_autonomous_Allee,16.196825634096886,30.843593743518056,15.757339144774015,18.77384095363028,False
D1_M1_collapse,M1_autonomous_Schaefer,11.8,41,M2_stockflow_regimeC,11.577046585971765,11.4382625678909,15.757339144774015,18.77384095363028,False
D1_M1_collapse,M1_autonomous_Schaefer,11.8,41,M3_AR_residual,11.642918592470275,11.438256876743448,15.757339144774015,18.77384095363028,False
D1_M1_collapse,M1_autonomous_Schaefer,11.8,41,M4_delayed_info,11.362656281773772,11.438158961792876,15.757339144774015,18.77384095363028,False
D1_M1_collapse,M1_autonomous_Schaefer,11.8,42,M1_autonomous_Schaefer,11.573774383974396,12.473940378205576,18.27803074333152,20.620949335611584,True
D1_M1_collapse,M1_autonomous_Schaefer,11.8,42,M1b_autonomous_Allee,15.070723963418093,15.337100884444201,18.27803074333152,20.620949335611584,False
D1_M1_collapse,M1_autonomous_Schaefer,11.8,42,M2_stockflow_regimeC,11.573774383974396,12.473940378205576,18.27803074333152,20.620949335611584,False
D1_M1_collapse,M1_autonomous_Schaefer,11.8,42,M3_AR_residual,11.784401971894704,12.360451543271413,18.27803074333152,20.620949335611584,False
D1_M1_collapse,M1_autonomous_Schaefer,11.8,42,M4_delayed_info,11.630024796989268,12.614733757223329,18.27803074333152,20.620949335611584,False
D1_M1_collapse,M1_autonomous_Schaefer,11.8,43,M1_autonomous_Schaefer,13.42020507130078,13.62491792336639,22.70266984389791,17.95256629459653,True
D1_M1_collapse,M1_autonomous_Schaefer,11.8,43,M1b_autonomous_Allee,18.350406083157818,15.240269014170142,22.70266984389791,17.95256629459653,False
D1_M1_collapse,M1_autonomous_Schaefer,11.8,43,M2_stockflow_regimeC,13.42020507130078,13.62491792336639,22.70266984389791,17.95256629459653,False
D1_M1_collapse,M1_autonomous_Schaefer,11.8,43,M3_AR_residual,13.713513129275485,13.631819408879217,22.70266984389791,17.95256629459653,False
D1_M1_collapse,M1_autonomous_Schaefer,11.8,43,M4_delayed_info,13.910946530704093,13.625056519726838,22.70266984389791,17.95256629459653,False
D1_M1_collapse,M1_autonomous_Schaefer,11.8,44,M1_autonomous_Schaefer,11.488574806556057,12.417188689903561,19.552708011117883,18.841248158383596,True
D1_M1_collapse,M1_autonomous_Schaefer,11.8,44,M1b_autonomous_Allee,19.470585645464695,28.409333619291342,19.552708011117883,18.841248158383596,False
D1_M1_collapse,M1_autonomous_Schaefer,11.8,44,M2_stockflow_regimeC,11.488574806556057,12.417188689903561,19.552708011117883,18.841248158383596,False
D1_M1_collapse,M1_autonomous_Schaefer,11.8,44,M3_AR_residual,11.883561291218163,12.415276345652035,19.552708011117883,18.841248158383596,False
D1_M1_collapse,M1_autonomous_Schaefer,11.8,44,M4_delayed_info,12.051942840112599,12.438562108728794,19.552708011117883,18.841248158383596,False
D1_M1_collapse,M1_autonomous_Schaefer,11.8,45,M1_autonomous_Schaefer,10.695417559264106,10.255465425273128,16.997558699287367,15.310672185511574,True
D1_M1_collapse,M1_autonomous_Schaefer,11.8,45,M1b_autonomous_Allee,13.823001831988663,15.998867872499392,16.997558699287367,15.310672185511574,False
D1_M1_collapse,M1_autonomous_Schaefer,11.8,45,M2_stockflow_regimeC,10.695417559264106,10.255465425273128,16.997558699287367,15.310672185511574,False
D1_M1_collapse,M1_autonomous_Schaefer,11.8,45,M3_AR_residual,10.829673618025058,10.255156628459932,16.997558699287367,15.310672185511574,False
D1_M1_collapse,M1_autonomous_Schaefer,11.8,45,M4_delayed_info,10.690173016581051,10.256606406700614,16.997558699287367,15.310672185511574,False
D1_M1_collapse,M1_autonomous_Schaefer,11.8,46,M1_autonomous_Schaefer,12.810428755859746,13.87897304491671,21.967811135134244,18.76506490130159,True
D1_M1_collapse,M1_autonomous_Schaefer,11.8,46,M1b_autonomous_Allee,18.971415254156607,26.059724301651478,21.967811135134244,18.76506490130159,False
D1_M1_collapse,M1_autonomous_Schaefer,11.8,46,M2_stockflow_regimeC,12.810428755859746,13.87897304491671,21.967811135134244,18.76506490130159,False
D1_M1_collapse,M1_autonomous_Schaefer,11.8,46,M3_AR_residual,12.808516994675745,13.881415444123338,21.967811135134244,18.76506490130159,False
D1_M1_collapse,M1_autonomous_Schaefer,11.8,46,M4_delayed_info,12.752964675466401,13.859330909659215,21.967811135134244,18.76506490130159,False
D1_M1_collapse,M1_autonomous_Schaefer,11.8,47,M1_autonomous_Schaefer,12.717194246189592,11.586406088340906,19.016873023657556,15.809657631526745,True
D1_M1_collapse,M1_autonomous_Schaefer,11.8,47,M1b_autonomous_Allee,18.453319178560076,27.953502916332692,19.016873023657556,15.809657631526745,False
D1_M1_collapse,M1_autonomous_Schaefer,11.8,47,M2_stockflow_regimeC,12.717194246189592,11.586406088340906,19.016873023657556,15.809657631526745,False
D1_M1_collapse,M1_autonomous_Schaefer,11.8,47,M3_AR_residual,12.620792856546736,11.592853318645584,19.016873023657556,15.809657631526745,False
D1_M1_collapse,M1_autonomous_Schaefer,11.8,47,M4_delayed_info,12.495702395372488,11.58922865582553,19.016873023657556,15.809657631526745,False
D1_M1_collapse,M1_autonomous_Schaefer,11.8,48,M1_autonomous_Schaefer,10.509530834504938,12.154067453209489,19.802997387284577,16.92992737521225,True
D1_M1_collapse,M1_autonomous_Schaefer,11.8,48,M1b_autonomous_Allee,13.057744465224443,15.064858327484808,19.802997387284577,16.92992737521225,False
D1_M1_collapse,M1_autonomous_Schaefer,11.8,48,M2_stockflow_regimeC,10.509530834504938,12.154067453209489,19.802997387284577,16.92992737521225,False
D1_M1_collapse,M1_autonomous_Schaefer,11.8,48,M3_AR_residual,10.537680540889264,12.152373264978403,19.802997387284577,16.92992737521225,False
D1_M1_collapse,M1_autonomous_Schaefer,11.8,48,M4_delayed_info,11.01353727993476,12.141468665282291,19.802997387284577,16.92992737521225,False
D1_M1_collapse,M1_autonomous_Schaefer,11.8,49,M1_autonomous_Schaefer,11.228373078512485,12.85081595830418,18.784181688098524,15.502339863321696,True
D1_M1_collapse,M1_autonomous_Schaefer,11.8,49,M1b_autonomous_Allee,15.732936646984115,18.599581835533424,18.784181688098524,15.502339863321696,False
D1_M1_collapse,M1_autonomous_Schaefer,11.8,49,M2_stockflow_regimeC,11.228373078512485,12.85081595830418,18.784181688098524,15.502339863321696,False
D1_M1_collapse,M1_autonomous_Schaefer,11.8,49,M3_AR_residual,11.718302693189734,12.77965665769646,18.784181688098524,15.502339863321696,False
D1_M1_collapse,M1_autonomous_Schaefer,11.8,49,M4_delayed_info,10.95553981353753,12.873269010736477,18.784181688098524,15.502339863321696,False
D1_M1_collapse,M1_autonomous_Schaefer,11.8,50,M1_autonomous_Schaefer,12.748188392104224,13.736386841089756,20.018037032649648,20.873145418268894,True
D1_M1_collapse,M1_autonomous_Schaefer,11.8,50,M1b_autonomous_Allee,17.425625233803125,21.254943488789795,20.018037032649648,20.873145418268894,False
D1_M1_collapse,M1_autonomous_Schaefer,11.8,50,M2_stockflow_regimeC,12.748188392104224,13.736386841089756,20.018037032649648,20.873145418268894,False
D1_M1_collapse,M1_autonomous_Schaefer,11.8,50,M3_AR_residual,12.94071539905164,13.70769950178623,20.018037032649648,20.873145418268894,False
D1_M1_collapse,M1_autonomous_Schaefer,11.8,50,M4_delayed_info,12.848304418191987,13.766613525466038,20.018037032649648,20.873145418268894,False
D1_M1_collapse,M1_autonomous_Schaefer,11.8,51,M1_autonomous_Schaefer,12.838344726508149,12.370233794504466,21.359229508818103,16.904101732466483,True
D1_M1_collapse,M1_autonomous_Schaefer,11.8,51,M1b_autonomous_Allee,20.38443921378842,21.57815218272358,21.359229508818103,16.904101732466483,False
D1_M1_collapse,M1_autonomous_Schaefer,11.8,51,M2_stockflow_regimeC,12.838344726508149,12.370233794504466,21.359229508818103,16.904101732466483,False
D1_M1_collapse,M1_autonomous_Schaefer,11.8,51,M3_AR_residual,12.861208475973156,12.372908829616458,21.359229508818103,16.904101732466483,False
D1_M1_collapse,M1_autonomous_Schaefer,11.8,51,M4_delayed_info,13.810185526511683,12.37205153595717,21.359229508818103,16.904101732466483,False
D1_M1_collapse,M1_autonomous_Schaefer,11.8,52,M1_autonomous_Schaefer,10.290582026131963,9.375362492652378,21.250772272524618,15.321212480903347,True
D1_M1_collapse,M1_autonomous_Schaefer,11.8,52,M1b_autonomous_Allee,16.53854906620904,17.92846786582177,21.250772272524618,15.321212480903347,False
D1_M1_collapse,M1_autonomous_Schaefer,11.8,52,M2_stockflow_regimeC,10.290582026131963,9.375362492652378,21.250772272524618,15.321212480903347,False
D1_M1_collapse,M1_autonomous_Schaefer,11.8,52,M3_AR_residual,10.66499122845242,9.386197425246287,21.250772272524618,15.321212480903347,False
D1_M1_collapse,M1_autonomous_Schaefer,11.8,52,M4_delayed_info,12.840839701358155,9.40171319102252,21.250772272524618,15.321212480903347,False
D1_M1_collapse,M1_autonomous_Schaefer,11.8,53,M1_autonomous_Schaefer,12.207733818731189,14.048487430596005,24.161532753093283,22.12036468431222,True
D1_M1_collapse,M1_autonomous_Schaefer,11.8,53,M1b_autonomous_Allee,17.635515333207593,19.149682615985014,24.161532753093283,22.12036468431222,False
D1_M1_collapse,M1_autonomous_Schaefer,11.8,53,M2_stockflow_regimeC,12.207733818731189,14.048487430596005,24.161532753093283,22.12036468431222,False
D1_M1_collapse,M1_autonomous_Schaefer,11.8,53,M3_AR_residual,13.20344020902492,13.958155888762795,24.161532753093283,22.12036468431222,False
D1_M1_collapse,M1_autonomous_Schaefer,11.8,53,M4_delayed_info,17.56356752091883,15.999215574800818,24.161532753093283,22.12036468431222,False
D1_M1_collapse,M1_autonomous_Schaefer,11.8,54,M1_autonomous_Schaefer,10.791821831110886,11.324299512294075,18.901096169053787,14.536080900950997,True
D1_M1_collapse,M1_autonomous_Schaefer,11.8,54,M1b_autonomous_Allee,17.42234264974233,21.815317524376088,18.901096169053787,14.536080900950997,False
D1_M1_collapse,M1_autonomous_Schaefer,11.8,54,M2_stockflow_regimeC,10.791821831110886,11.324299512294075,18.901096169053787,14.536080900950997,False
D1_M1_collapse,M1_autonomous_Schaefer,11.8,54,M3_AR_residual,10.754340667608158,11.32535201370812,18.901096169053787,14.536080900950997,False
D1_M1_collapse,M1_autonomous_Schaefer,11.8,54,M4_delayed_info,11.340761822674516,11.323217205768668,18.901096169053787,14.536080900950997,False
D1_M1_collapse,M1_autonomous_Schaefer,11.8,55,M1_autonomous_Schaefer,14.169608338640321,13.668820522881482,24.154176647445976,21.155651131160756,True
D1_M1_collapse,M1_autonomous_Schaefer,11.8,55,M1b_autonomous_Allee,21.047111771588376,25.858673091218957,24.154176647445976,21.155651131160756,False
D1_M1_collapse,M1_autonomous_Schaefer,11.8,55,M2_stockflow_regimeC,14.169608338640321,13.668820522881482,24.154176647445976,21.155651131160756,False
D1_M1_collapse,M1_autonomous_Schaefer,11.8,55,M3_AR_residual,14.923711502126546,12.724723980837108,24.154176647445976,21.155651131160756,False
D1_M1_collapse,M1_autonomous_Schaefer,11.8,55,M4_delayed_info,16.95348776533672,14.691818535197495,24.154176647445976,21.155651131160756,False
D1_M1_collapse,M1_autonomous_Schaefer,11.8,56,M1_autonomous_Schaefer,14.36601657518191,16.383720705488503,23.983556386478078,16.10095564265097,False
D1_M1_collapse,M1_autonomous_Schaefer,11.8,56,M1b_autonomous_Allee,23.451055532261087,28.81022739300514,23.983556386478078,16.10095564265097,False
D1_M1_collapse,M1_autonomous_Schaefer,11.8,56,M2_stockflow_regimeC,14.36601657518191,16.383720705488503,23.983556386478078,16.10095564265097,False
D1_M1_collapse,M1_autonomous_Schaefer,11.8,56,M3_AR_residual,15.785596509788723,17.51860740052523,23.983556386478078,16.10095564265097,False
D1_M1_collapse,M1_autonomous_Schaefer,11.8,56,M4_delayed_info,16.08580535552624,16.231499929443846,23.983556386478078,16.10095564265097,False
D1_M1_collapse,M1_autonomous_Schaefer,11.8,57,M1_autonomous_Schaefer,13.518700434534832,15.119331855853503,24.048975424294323,19.767921256716807,True
D1_M1_collapse,M1_autonomous_Schaefer,11.8,57,M1b_autonomous_Allee,17.34499620993496,16.68536687595644,24.048975424294323,19.767921256716807,False
D1_M1_collapse,M1_autonomous_Schaefer,11.8,57,M2_stockflow_regimeC,13.518700434534832,15.119331855853503,24.048975424294323,19.767921256716807,False
D1_M1_collapse,M1_autonomous_Schaefer,11.8,57,M3_AR_residual,13.644100138884543,15.140822782901873,24.048975424294323,19.767921256716807,False
D1_M1_collapse,M1_autonomous_Schaefer,11.8,57,M4_delayed_info,14.831442012674204,15.099785389220498,24.048975424294323,19.767921256716807,False
D1_M1_collapse,M1_autonomous_Schaefer,11.8,58,M1_autonomous_Schaefer,9.457770744074438,9.492806979606238,17.012910318349505,17.397494867128113,True
D1_M1_collapse,M1_autonomous_Schaefer,11.8,58,M1b_autonomous_Allee,14.731744556261402,15.888420274360657,17.012910318349505,17.397494867128113,False
D1_M1_collapse,M1_autonomous_Schaefer,11.8,58,M2_stockflow_regimeC,9.457770744074438,9.492806979606238,17.012910318349505,17.397494867128113,False
D1_M1_collapse,M1_autonomous_Schaefer,11.8,58,M3_AR_residual,9.724366468413209,9.415113279001751,17.012910318349505,17.397494867128113,False
D1_M1_collapse,M1_autonomous_Schaefer,11.8,58,M4_delayed_info,10.091700491195084,9.608613106166471,17.012910318349505,17.397494867128113,False
D1_M1_collapse,M1_autonomous_Schaefer,11.8,59,M1_autonomous_Schaefer,12.750101423621805,14.584091785487182,26.308948507375423,23.462184698894678,True
D1_M1_collapse,M1_autonomous_Schaefer,11.8,59,M1b_autonomous_Allee,22.69056270213059,29.71503782742807,26.308948507375423,23.462184698894678,False
D1_M1_collapse,M1_autonomous_Schaefer,11.8,59,M2_stockflow_regimeC,12.750101423621805,14.584091785487182,26.308948507375423,23.462184698894678,False
D1_M1_collapse,M1_autonomous_Schaefer,11.8,59,M3_AR_residual,13.003670701705067,14.576406373241598,26.308948507375423,23.462184698894678,False
D1_M1_collapse,M1_autonomous_Schaefer,11.8,59,M4_delayed_info,13.964672448736534,14.579422237875225,26.308948507375423,23.462184698894678,False
D1_M1_collapse,M1_autonomous_Schaefer,11.8,60,M1_autonomous_Schaefer,8.34286121982648,10.35915609366581,19.934892917794908,15.575847707150784,True
D1_M1_collapse,M1_autonomous_Schaefer,11.8,60,M1b_autonomous_Allee,17.58117515671626,24.732719923543815,19.934892917794908,15.575847707150784,False
D1_M1_collapse,M1_autonomous_Schaefer,11.8,60,M2_stockflow_regimeC,8.34286121982648,10.35915609366581,19.934892917794908,15.575847707150784,False
D1_M1_collapse,M1_autonomous_Schaefer,11.8,60,M3_AR_residual,7.932298284649294,10.228415015363158,19.934892917794908,15.575847707150784,False
D1_M1_collapse,M1_autonomous_Schaefer,11.8,60,M4_delayed_info,12.918715514995899,10.515491217734354,19.934892917794908,15.575847707150784,False
D1_M1_collapse,M1_autonomous_Schaefer,11.8,61,M1_autonomous_Schaefer,11.560352576407906,12.541833016035342,21.901665082238488,18.00045824991277,True
D1_M1_collapse,M1_autonomous_Schaefer,11.8,61,M1b_autonomous_Allee,16.893462941731645,18.739432588924654,21.901665082238488,18.00045824991277,False
D1_M1_collapse,M1_autonomous_Schaefer,11.8,61,M2_stockflow_regimeC,11.560352576407906,12.541833016035342,21.901665082238488,18.00045824991277,False
D1_M1_collapse,M1_autonomous_Schaefer,11.8,61,M3_AR_residual,11.576903769302684,12.608138114280367,21.901665082238488,18.00045824991277,False
D1_M1_collapse,M1_autonomous_Schaefer,11.8,61,M4_delayed_info,14.366407743765908,12.547776366299653,21.901665082238488,18.00045824991277,False
D1_M1_collapse,M1_autonomous_Schaefer,11.8,62,M1_autonomous_Schaefer,13.799504688103063,15.539181539368057,29.27034622573057,24.33452752719567,True
D1_M1_collapse,M1_autonomous_Schaefer,11.8,62,M1b_autonomous_Allee,20.629990138774076,22.685754250483953,29.27034622573057,24.33452752719567,False
D1_M1_collapse,M1_autonomous_Schaefer,11.8,62,M2_stockflow_regimeC,13.799504688103063,15.539181539368057,29.27034622573057,24.33452752719567,False
D1_M1_collapse,M1_autonomous_Schaefer,11.8,62,M3_AR_residual,13.57752472418688,15.447762468137913,29.27034622573057,24.33452752719567,False
D1_M1_collapse,M1_autonomous_Schaefer,11.8,62,M4_delayed_info,16.55333465439111,15.620747628248283,29.27034622573057,24.33452752719567,False
D1_M1_collapse,M1_autonomous_Schaefer,11.8,63,M1_autonomous_Schaefer,10.92678695166539,10.272585427841461,14.82043196440378,16.554920317188714,True
D1_M1_collapse,M1_autonomous_Schaefer,11.8,63,M1b_autonomous_Allee,11.088663075083954,11.671153332390732,14.82043196440378,16.554920317188714,False
D1_M1_collapse,M1_autonomous_Schaefer,11.8,63,M2_stockflow_regimeC,10.92678695166539,10.272585427841461,14.82043196440378,16.554920317188714,False
D1_M1_collapse,M1_autonomous_Schaefer,11.8,63,M3_AR_residual,11.96161879162158,10.25509469964037,14.82043196440378,16.554920317188714,False
D1_M1_collapse,M1_autonomous_Schaefer,11.8,63,M4_delayed_info,11.465357085156223,10.378306911383977,14.82043196440378,16.554920317188714,False
D1_M1_collapse,M1_autonomous_Schaefer,11.8,64,M1_autonomous_Schaefer,11.221530066861373,11.149920357301498,14.672367917026525,14.411515127373027,True
D1_M1_collapse,M1_autonomous_Schaefer,11.8,64,M1b_autonomous_Allee,12.09925996548012,13.69336403945835,14.672367917026525,14.411515127373027,False
D1_M1_collapse,M1_autonomous_Schaefer,11.8,64,M2_stockflow_regimeC,11.221530066861373,11.149920357301498,14.672367917026525,14.411515127373027,False
D1_M1_collapse,M1_autonomous_Schaefer,11.8,64,M3_AR_residual,11.484368881230896,11.258552569116167,14.672367917026525,14.411515127373027,False
D1_M1_collapse,M1_autonomous_Schaefer,11.8,64,M4_delayed_info,11.497351539262073,11.10038469232913,14.672367917026525,14.411515127373027,False
D1_M1_collapse,M1_autonomous_Schaefer,11.8,65,M1_autonomous_Schaefer,12.89506549209426,13.29018927519089,22.94369027018363,20.587017725196016,True
D1_M1_collapse,M1_autonomous_Schaefer,11.8,65,M1b_autonomous_Allee,20.497696139082578,20.054055599336916,22.94369027018363,20.587017725196016,False
D1_M1_collapse,M1_autonomous_Schaefer,11.8,65,M2_stockflow_regimeC,12.89506549209426,13.29018927519089,22.94369027018363,20.587017725196016,False
D1_M1_collapse,M1_autonomous_Schaefer,11.8,65,M3_AR_residual,13.519374667730286,13.277058336478074,22.94369027018363,20.587017725196016,False
D1_M1_collapse,M1_autonomous_Schaefer,11.8,65,M4_delayed_info,13.599069620666972,13.30175995376245,22.94369027018363,20.587017725196016,False
D1_M1_collapse,M1_autonomous_Schaefer,11.8,66,M1_autonomous_Schaefer,12.286156019843714,15.02868419450639,25.025312118626072,19.642344703768376,True
D1_M1_collapse,M1_autonomous_Schaefer,11.8,66,M1b_autonomous_Allee,19.972543796017543,27.399592025034448,25.025312118626072,19.642344703768376,False
D1_M1_collapse,M1_autonomous_Schaefer,11.8,66,M2_stockflow_regimeC,12.286156019843714,15.02868419450639,25.025312118626072,19.642344703768376,False
D1_M1_collapse,M1_autonomous_Schaefer,11.8,66,M3_AR_residual,12.272146476541907,15.028296846857842,25.025312118626072,19.642344703768376,False
D1_M1_collapse,M1_autonomous_Schaefer,11.8,66,M4_delayed_info,14.078565082632574,15.027897610304056,25.025312118626072,19.642344703768376,False
D1_M1_collapse,M1_autonomous_Schaefer,11.8,67,M1_autonomous_Schaefer,10.57079524568973,9.9527272015383,13.079280269462458,16.747464387619807,True
D1_M1_collapse,M1_autonomous_Schaefer,11.8,67,M1b_autonomous_Allee,12.439754687901297,18.437453849131575,13.079280269462458,16.747464387619807,False
D1_M1_collapse,M1_autonomous_Schaefer,11.8,67,M2_stockflow_regimeC,10.57079524568973,9.9527272015383,13.079280269462458,16.747464387619807,False
D1_M1_collapse,M1_autonomous_Schaefer,11.8,67,M3_AR_residual,10.6830930024582,9.901337079109053,13.079280269462458,16.747464387619807,False
D1_M1_collapse,M1_autonomous_Schaefer,11.8,67,M4_delayed_info,9.53756438206939,10.0358206584473,13.079280269462458,16.747464387619807,False
D1_M1_collapse,M1_autonomous_Schaefer,11.8,68,M1_autonomous_Schaefer,14.656230958921459,15.864864730442738,24.182615778215343,14.50953867101327,False
D1_M1_collapse,M1_autonomous_Schaefer,11.8,68,M1b_autonomous_Allee,22.19236315363305,19.850045464482744,24.182615778215343,14.50953867101327,False
D1_M1_collapse,M1_autonomous_Schaefer,11.8,68,M2_stockflow_regimeC,14.656230958921459,15.864864730442738,24.182615778215343,14.50953867101327,False
D1_M1_collapse,M1_autonomous_Schaefer,11.8,68,M3_AR_residual,14.486328915621213,15.86700179176058,24.182615778215343,14.50953867101327,False
D1_M1_collapse,M1_autonomous_Schaefer,11.8,68,M4_delayed_info,15.238621884966168,15.862657165094015,24.182615778215343,14.50953867101327,False
D1_M1_collapse,M1_autonomous_Schaefer,11.8,69,M1_autonomous_Schaefer,17.37734503067147,17.352239123315517,30.135290804472323,29.234878885058016,True
D1_M1_collapse,M1_autonomous_Schaefer,11.8,69,M1b_autonomous_Allee,21.874805384762567,24.013065580724614,30.135290804472323,29.234878885058016,False
D1_M1_collapse,M1_autonomous_Schaefer,11.8,69,M2_stockflow_regimeC,17.37734503067147,17.352239123315517,30.135290804472323,29.234878885058016,False
D1_M1_collapse,M1_autonomous_Schaefer,11.8,69,M3_AR_residual,16.8012195566148,17.120315306717696,30.135290804472323,29.234878885058016,False
D1_M1_collapse,M1_autonomous_Schaefer,11.8,69,M4_delayed_info,18.643852507758062,17.553037648322338,30.135290804472323,29.234878885058016,False
D1_M1_collapse,M1_autonomous_Schaefer,11.8,70,M1_autonomous_Schaefer,9.849653004462722,10.59266255675795,17.95871268811147,15.716880062990924,True
D1_M1_collapse,M1_autonomous_Schaefer,11.8,70,M1b_autonomous_Allee,12.567346269265657,12.032928204081042,17.95871268811147,15.716880062990924,False
D1_M1_collapse,M1_autonomous_Schaefer,11.8,70,M2_stockflow_regimeC,9.849653004462722,10.59266255675795,17.95871268811147,15.716880062990924,False
D1_M1_collapse,M1_autonomous_Schaefer,11.8,70,M3_AR_residual,10.299701265092782,10.755228128879853,17.95871268811147,15.716880062990924,False
D1_M1_collapse,M1_autonomous_Schaefer,11.8,70,M4_delayed_info,12.597063192212747,10.557037163734812,17.95871268811147,15.716880062990924,False
D1_M1_collapse,M1_autonomous_Schaefer,11.8,71,M1_autonomous_Schaefer,13.78229693564347,14.131157377501593,23.864409173998087,23.275957041712694,True
D1_M1_collapse,M1_autonomous_Schaefer,11.8,71,M1b_autonomous_Allee,20.04612114743624,34.39825614048111,23.864409173998087,23.275957041712694,False
D1_M1_collapse,M1_autonomous_Schaefer,11.8,71,M2_stockflow_regimeC,13.78229693564347,14.131157377501593,23.864409173998087,23.275957041712694,False
D1_M1_collapse,M1_autonomous_Schaefer,11.8,71,M3_AR_residual,14.44378231902705,14.189568881471645,23.864409173998087,23.275957041712694,False
D1_M1_collapse,M1_autonomous_Schaefer,11.8,71,M4_delayed_info,13.720522123598835,14.116244741859312,23.864409173998087,23.275957041712694,False
D1_M1_collapse,M1_autonomous_Schaefer,11.8,72,M1_autonomous_Schaefer,10.960889071473941,13.080772221230985,24.650711933194867,12.691339186238825,False
D1_M1_collapse,M1_autonomous_Schaefer,11.8,72,M1b_autonomous_Allee,22.189824036709666,21.97703955317662,24.650711933194867,12.691339186238825,False
D1_M1_collapse,M1_autonomous_Schaefer,11.8,72,M2_stockflow_regimeC,10.960889071473941,13.080772221230985,24.650711933194867,12.691339186238825,False
D1_M1_collapse,M1_autonomous_Schaefer,11.8,72,M3_AR_residual,11.120672451446298,13.31082832594702,24.650711933194867,12.691339186238825,False
D1_M1_collapse,M1_autonomous_Schaefer,11.8,72,M4_delayed_info,14.380774046250373,12.873914097291753,24.650711933194867,12.691339186238825,False
D1_M1_collapse,M1_autonomous_Schaefer,11.8,73,M1_autonomous_Schaefer,8.953877423874962,9.236832498692184,15.242205688164912,14.751390852446567,True
D1_M1_collapse,M1_autonomous_Schaefer,11.8,73,M1b_autonomous_Allee,11.35137969750417,13.73944385371702,15.242205688164912,14.751390852446567,False
D1_M1_collapse,M1_autonomous_Schaefer,11.8,73,M2_stockflow_regimeC,8.953877423874962,9.236832498692184,15.242205688164912,14.751390852446567,False
D1_M1_collapse,M1_autonomous_Schaefer,11.8,73,M3_AR_residual,9.203668771299602,9.251530821033935,15.242205688164912,14.751390852446567,False
D1_M1_collapse,M1_autonomous_Schaefer,11.8,73,M4_delayed_info,9.114579493498153,9.238837253497454,15.242205688164912,14.751390852446567,False
D1_M1_collapse,M1_autonomous_Schaefer,11.8,74,M1_autonomous_Schaefer,10.79326950624157,12.61441966857014,22.127694323416573,16.937509600427067,True
D1_M1_collapse,M1_autonomous_Schaefer,11.8,74,M1b_autonomous_Allee,15.231452656758593,16.688908269946854,22.127694323416573,16.937509600427067,False
D1_M1_collapse,M1_autonomous_Schaefer,11.8,74,M2_stockflow_regimeC,10.79326950624157,12.61441966857014,22.127694323416573,16.937509600427067,False
D1_M1_collapse,M1_autonomous_Schaefer,11.8,74,M3_AR_residual,10.724086748323877,12.708598179098225,22.127694323416573,16.937509600427067,False
D1_M1_collapse,M1_autonomous_Schaefer,11.8,74,M4_delayed_info,14.126877961202286,12.562167429267054,22.127694323416573,16.937509600427067,False
D1_M1_collapse,M1_autonomous_Schaefer,11.8,75,M1_autonomous_Schaefer,9.849796837156195,11.193988727152277,17.39833943217669,14.308482746740593,True
D1_M1_collapse,M1_autonomous_Schaefer,11.8,75,M1b_autonomous_Allee,12.767993388103807,11.19281044705391,17.39833943217669,14.308482746740593,False
D1_M1_collapse,M1_autonomous_Schaefer,11.8,75,M2_stockflow_regimeC,9.849796837156195,11.193988727152277,17.39833943217669,14.308482746740593,False
D1_M1_collapse,M1_autonomous_Schaefer,11.8,75,M3_AR_residual,10.568950613297408,11.28557579184156,17.39833943217669,14.308482746740593,False
D1_M1_collapse,M1_autonomous_Schaefer,11.8,75,M4_delayed_info,11.058681608502857,11.109881116961775,17.39833943217669,14.308482746740593,False
D1_M1_collapse,M1_autonomous_Schaefer,11.8,76,M1_autonomous_Schaefer,16.22824538998212,11.576835671659493,23.671788991814726,17.024299619059533,True
D1_M1_collapse,M1_autonomous_Schaefer,11.8,76,M1b_autonomous_Allee,21.19515793878551,22.708288155314442,23.671788991814726,17.024299619059533,False
D1_M1_collapse,M1_autonomous_Schaefer,11.8,76,M2_stockflow_regimeC,16.22824538998212,11.576835671659493,23.671788991814726,17.024299619059533,False
D1_M1_collapse,M1_autonomous_Schaefer,11.8,76,M3_AR_residual,17.084222337055497,11.721845812015385,23.671788991814726,17.024299619059533,False
D1_M1_collapse,M1_autonomous_Schaefer,11.8,76,M4_delayed_info,15.769988114166912,11.449465446131713,23.671788991814726,17.024299619059533,False
D1_M1_collapse,M1_autonomous_Schaefer,11.8,77,M1_autonomous_Schaefer,10.163388640542049,11.632075360488068,18.809008244761557,13.941059754135555,True
D1_M1_collapse,M1_autonomous_Schaefer,11.8,77,M1b_autonomous_Allee,15.402254199785743,13.46701941906901,18.809008244761557,13.941059754135555,False
D1_M1_collapse,M1_autonomous_Schaefer,11.8,77,M2_stockflow_regimeC,10.163388640542049,11.632075360488068,18.809008244761557,13.941059754135555,False
D1_M1_collapse,M1_autonomous_Schaefer,11.8,77,M3_AR_residual,9.769638190178709,11.637079769208118,18.809008244761557,13.941059754135555,False
D1_M1_collapse,M1_autonomous_Schaefer,11.8,77,M4_delayed_info,11.292271931141778,11.628643342554012,18.809008244761557,13.941059754135555,False
D1_M1_collapse,M1_autonomous_Schaefer,11.8,78,M1_autonomous_Schaefer,11.959163378179328,11.632497805352344,14.839682297814205,15.173478209965042,True
D1_M1_collapse,M1_autonomous_Schaefer,11.8,78,M1b_autonomous_Allee,11.891856179320564,14.063223310012688,14.839682297814205,15.173478209965042,False
D1_M1_collapse,M1_autonomous_Schaefer,11.8,78,M2_stockflow_regimeC,11.959163378179328,11.632497805352344,14.839682297814205,15.173478209965042,False
D1_M1_collapse,M1_autonomous_Schaefer,11.8,78,M3_AR_residual,12.57524638785951,11.77959001404039,14.839682297814205,15.173478209965042,False
D1_M1_collapse,M1_autonomous_Schaefer,11.8,78,M4_delayed_info,12.09453724245522,11.604625760593617,14.839682297814205,15.173478209965042,False
D1_M1_collapse,M1_autonomous_Schaefer,11.8,79,M1_autonomous_Schaefer,14.224417919213531,12.07555348864595,21.650977452445193,21.142802414252245,True
D1_M1_collapse,M1_autonomous_Schaefer,11.8,79,M1b_autonomous_Allee,19.82293465669932,26.781440697610606,21.650977452445193,21.142802414252245,False
D1_M1_collapse,M1_autonomous_Schaefer,11.8,79,M2_stockflow_regimeC,14.224417919213531,12.07555348864595,21.650977452445193,21.142802414252245,False
D1_M1_collapse,M1_autonomous_Schaefer,11.8,79,M3_AR_residual,14.7499193171755,12.151624207071205,21.650977452445193,21.142802414252245,False
D1_M1_collapse,M1_autonomous_Schaefer,11.8,79,M4_delayed_info,14.232299903193935,12.11043567216116,21.650977452445193,21.142802414252245,False
D1_M1_collapse,M1_autonomous_Schaefer,11.8,80,M1_autonomous_Schaefer,10.175145473693707,9.211770047113788,13.586882471799083,15.678909052093868,True
D1_M1_collapse,M1_autonomous_Schaefer,11.8,80,M1b_autonomous_Allee,11.38502391284183,15.732241156358466,13.586882471799083,15.678909052093868,False
D1_M1_collapse,M1_autonomous_Schaefer,11.8,80,M2_stockflow_regimeC,10.175145473693707,9.211770047113788,13.586882471799083,15.678909052093868,False
D1_M1_collapse,M1_autonomous_Schaefer,11.8,80,M3_AR_residual,10.531914790140245,9.202155026877286,13.586882471799083,15.678909052093868,False
D1_M1_collapse,M1_autonomous_Schaefer,11.8,80,M4_delayed_info,10.040522468171803,9.256784490176939,13.586882471799083,15.678909052093868,False
D1_M1_collapse,M1_autonomous_Schaefer,11.8,81,M1_autonomous_Schaefer,13.491862850035343,12.748549575639542,25.892315021159373,15.850395481629802,True
D1_M1_collapse,M1_autonomous_Schaefer,11.8,81,M1b_autonomous_Allee,23.916165967421723,21.0147591774574,25.892315021159373,15.850395481629802,False
D1_M1_collapse,M1_autonomous_Schaefer,11.8,81,M2_stockflow_regimeC,13.491862850035343,12.748549575639542,25.892315021159373,15.850395481629802,False
D1_M1_collapse,M1_autonomous_Schaefer,11.8,81,M3_AR_residual,14.00937068830898,13.116346520992716,25.892315021159373,15.850395481629802,False
D1_M1_collapse,M1_autonomous_Schaefer,11.8,81,M4_delayed_info,16.69722690216291,12.48629962956432,25.892315021159373,15.850395481629802,False
D1_M1_collapse,M1_autonomous_Schaefer,11.8,82,M1_autonomous_Schaefer,11.430940250954468,10.798965747133312,19.031622822148204,16.622666071004325,True
D1_M1_collapse,M1_autonomous_Schaefer,11.8,82,M1b_autonomous_Allee,19.055939399039787,25.43461443662204,19.031622822148204,16.622666071004325,False
D1_M1_collapse,M1_autonomous_Schaefer,11.8,82,M2_stockflow_regimeC,11.430940250954468,10.798965747133312,19.031622822148204,16.622666071004325,False
D1_M1_collapse,M1_autonomous_Schaefer,11.8,82,M3_AR_residual,11.358309147237117,10.7978783907439,19.031622822148204,16.622666071004325,False
D1_M1_collapse,M1_autonomous_Schaefer,11.8,82,M4_delayed_info,11.525103741961972,10.815460551392903,19.031622822148204,16.622666071004325,False
D1_M1_collapse,M1_autonomous_Schaefer,11.8,83,M1_autonomous_Schaefer,13.828709675714604,16.17847042072643,25.445307331312243,22.567761895520228,True
D1_M1_collapse,M1_autonomous_Schaefer,11.8,83,M1b_autonomous_Allee,23.27845932339619,29.872355282636956,25.445307331312243,22.567761895520228,False
D1_M1_collapse,M1_autonomous_Schaefer,11.8,83,M2_stockflow_regimeC,13.828709675714604,16.17847042072643,25.445307331312243,22.567761895520228,False
D1_M1_collapse,M1_autonomous_Schaefer,11.8,83,M3_AR_residual,14.081581654511812,16.15425743563496,25.445307331312243,22.567761895520228,False
D1_M1_collapse,M1_autonomous_Schaefer,11.8,83,M4_delayed_info,16.536411017517104,16.204473739288645,25.445307331312243,22.567761895520228,False
D1_M1_collapse,M1_autonomous_Schaefer,11.8,84,M1_autonomous_Schaefer,11.347811157722433,12.532483687254555,22.04068515276914,17.233599990734877,True
D1_M1_collapse,M1_autonomous_Schaefer,11.8,84,M1b_autonomous_Allee,18.635573571249918,22.97791296668618,22.04068515276914,17.233599990734877,False
D1_M1_collapse,M1_autonomous_Schaefer,11.8,84,M2_stockflow_regimeC,11.347811157722433,12.532483687254555,22.04068515276914,17.233599990734877,False
D1_M1_collapse,M1_autonomous_Schaefer,11.8,84,M3_AR_residual,11.256447585914746,12.531291275602333,22.04068515276914,17.233599990734877,False
D1_M1_collapse,M1_autonomous_Schaefer,11.8,84,M4_delayed_info,12.090002340442924,12.53407548282353,22.04068515276914,17.233599990734877,False
D1_M1_collapse,M1_autonomous_Schaefer,11.8,85,M1_autonomous_Schaefer,11.864517386767368,14.235569283289129,24.61087610487418,16.402352353680993,True
D1_M1_collapse,M1_autonomous_Schaefer,11.8,85,M1b_autonomous_Allee,21.35914519451203,23.625520496187825,24.61087610487418,16.402352353680993,False
D1_M1_collapse,M1_autonomous_Schaefer,11.8,85,M2_stockflow_regimeC,11.864517386767368,14.235569283289129,24.61087610487418,16.402352353680993,False
D1_M1_collapse,M1_autonomous_Schaefer,11.8,85,M3_AR_residual,12.223174201567813,14.342725145804263,24.61087610487418,16.402352353680993,False
D1_M1_collapse,M1_autonomous_Schaefer,11.8,85,M4_delayed_info,14.440789837573433,14.167447878409622,24.61087610487418,16.402352353680993,False
D1_M1_collapse,M1_autonomous_Schaefer,11.8,86,M1_autonomous_Schaefer,12.034445974257597,15.946587365702534,26.656981364128274,17.80673333827211,True
D1_M1_collapse,M1_autonomous_Schaefer,11.8,86,M1b_autonomous_Allee,22.265426904757387,21.770324487122345,26.656981364128274,17.80673333827211,False
D1_M1_collapse,M1_autonomous_Schaefer,11.8,86,M2_stockflow_regimeC,12.034445974257597,15.946587365702534,26.656981364128274,17.80673333827211,False
D1_M1_collapse,M1_autonomous_Schaefer,11.8,86,M3_AR_residual,11.42116854485488,15.974129184227278,26.656981364128274,17.80673333827211,False
D1_M1_collapse,M1_autonomous_Schaefer,11.8,86,M4_delayed_info,15.552428558901388,15.890967708626238,26.656981364128274,17.80673333827211,False
D1_M1_collapse,M1_autonomous_Schaefer,11.8,87,M1_autonomous_Schaefer,12.850061458229591,11.961886528943728,22.630627057395735,21.19734190965046,True
D1_M1_collapse,M1_autonomous_Schaefer,11.8,87,M1b_autonomous_Allee,17.413393969056514,19.735099519596588,22.630627057395735,21.19734190965046,False
D1_M1_collapse,M1_autonomous_Schaefer,11.8,87,M2_stockflow_regimeC,12.850061458229591,11.961886528943728,22.630627057395735,21.19734190965046,False
D1_M1_collapse,M1_autonomous_Schaefer,11.8,87,M3_AR_residual,12.91774837439643,11.877266185355644,22.630627057395735,21.19734190965046,False
D1_M1_collapse,M1_autonomous_Schaefer,11.8,87,M4_delayed_info,14.752481032039963,12.082802363553968,22.630627057395735,21.19734190965046,False
D1_M1_collapse,M1_autonomous_Schaefer,11.8,88,M1_autonomous_Schaefer,12.45450628986895,14.660084922865487,23.70966561496906,20.12830833628506,True
D1_M1_collapse,M1_autonomous_Schaefer,11.8,88,M1b_autonomous_Allee,24.386574640831356,30.856151491140473,23.70966561496906,20.12830833628506,False
D1_M1_collapse,M1_autonomous_Schaefer,11.8,88,M2_stockflow_regimeC,12.45450628986895,14.660084922865487,23.70966561496906,20.12830833628506,False
D1_M1_collapse,M1_autonomous_Schaefer,11.8,88,M3_AR_residual,12.86196043332356,14.662081585652254,23.70966561496906,20.12830833628506,False
D1_M1_collapse,M1_autonomous_Schaefer,11.8,88,M4_delayed_info,13.036935448473145,14.657931991256314,23.70966561496906,20.12830833628506,False
D1_M1_collapse,M1_autonomous_Schaefer,11.8,89,M1_autonomous_Schaefer,16.52275663239611,17.838157893373754,27.042879671790104,25.97309049090353,True
D1_M1_collapse,M1_autonomous_Schaefer,11.8,89,M1b_autonomous_Allee,22.030943943604385,34.070177225830086,27.042879671790104,25.97309049090353,False
D1_M1_collapse,M1_autonomous_Schaefer,11.8,89,M2_stockflow_regimeC,16.52275663239611,17.838157893373754,27.042879671790104,25.97309049090353,False
D1_M1_collapse,M1_autonomous_Schaefer,11.8,89,M3_AR_residual,17.03307114086839,17.929407386595514,27.042879671790104,25.97309049090353,False
D1_M1_collapse,M1_autonomous_Schaefer,11.8,89,M4_delayed_info,16.629508464134027,17.847168066867628,27.042879671790104,25.97309049090353,False
D1_M1_collapse,M1_autonomous_Schaefer,11.8,90,M1_autonomous_Schaefer,15.76288189307392,14.60186497553311,22.60703470618621,19.87960509497196,True
D1_M1_collapse,M1_autonomous_Schaefer,11.8,90,M1b_autonomous_Allee,22.31241779370551,26.41093686925897,22.60703470618621,19.87960509497196,False
D1_M1_collapse,M1_autonomous_Schaefer,11.8,90,M2_stockflow_regimeC,15.76288189307392,14.60186497553311,22.60703470618621,19.87960509497196,False
D1_M1_collapse,M1_autonomous_Schaefer,11.8,90,M3_AR_residual,15.795468392601586,14.601990385214425,22.60703470618621,19.87960509497196,False
D1_M1_collapse,M1_autonomous_Schaefer,11.8,90,M4_delayed_info,15.22080428236867,14.620064766457126,22.60703470618621,19.87960509497196,False
D1_M1_collapse,M1_autonomous_Schaefer,11.8,91,M1_autonomous_Schaefer,15.035612482161227,16.344068768950407,24.85726751797554,18.92294256587965,True
D1_M1_collapse,M1_autonomous_Schaefer,11.8,91,M1b_autonomous_Allee,17.224148374503947,22.209927918075515,24.85726751797554,18.92294256587965,False
D1_M1_collapse,M1_autonomous_Schaefer,11.8,91,M2_stockflow_regimeC,15.035612482161227,16.344068768950407,24.85726751797554,18.92294256587965,False
D1_M1_collapse,M1_autonomous_Schaefer,11.8,91,M3_AR_residual,15.226470587110972,16.332755408102006,24.85726751797554,18.92294256587965,False
D1_M1_collapse,M1_autonomous_Schaefer,11.8,91,M4_delayed_info,14.948433109839792,16.349788992143633,24.85726751797554,18.92294256587965,False
D1_M1_collapse,M1_autonomous_Schaefer,11.8,92,M1_autonomous_Schaefer,9.519631492338496,11.846466723009364,25.515580675562916,21.484128563555757,True
D1_M1_collapse,M1_autonomous_Schaefer,11.8,92,M1b_autonomous_Allee,18.97482335279121,18.027007908365604,25.515580675562916,21.484128563555757,False
D1_M1_collapse,M1_autonomous_Schaefer,11.8,92,M2_stockflow_regimeC,9.519631492338496,11.846466723009364,25.515580675562916,21.484128563555757,False
D1_M1_collapse,M1_autonomous_Schaefer,11.8,92,M3_AR_residual,8.99815287961699,11.424041591243734,25.515580675562916,21.484128563555757,False
D1_M1_collapse,M1_autonomous_Schaefer,11.8,92,M4_delayed_info,17.041152905794203,12.979565509220413,25.515580675562916,21.484128563555757,False
D1_M1_collapse,M1_autonomous_Schaefer,11.8,93,M1_autonomous_Schaefer,13.450513601397947,15.9404950495212,27.98717663065311,22.999604395331705,True
D1_M1_collapse,M1_autonomous_Schaefer,11.8,93,M1b_autonomous_Allee,22.732928241541163,25.122933572022426,27.98717663065311,22.999604395331705,False
D1_M1_collapse,M1_autonomous_Schaefer,11.8,93,M2_stockflow_regimeC,13.450513601397947,15.9404950495212,27.98717663065311,22.999604395331705,False
D1_M1_collapse,M1_autonomous_Schaefer,11.8,93,M3_AR_residual,13.218525728329656,15.80766060856972,27.98717663065311,22.999604395331705,False
D1_M1_collapse,M1_autonomous_Schaefer,11.8,93,M4_delayed_info,15.377640009915222,16.041593815531336,27.98717663065311,22.999604395331705,False
D1_M1_collapse,M1_autonomous_Schaefer,11.8,94,M1_autonomous_Schaefer,13.46127040164155,14.408800875813254,25.363029871543958,23.749205895627266,True
D1_M1_collapse,M1_autonomous_Schaefer,11.8,94,M1b_autonomous_Allee,25.046487917656915,34.34120310570839,25.363029871543958,23.749205895627266,False
D1_M1_collapse,M1_autonomous_Schaefer,11.8,94,M2_stockflow_regimeC,13.46127040164155,14.408800875813254,25.363029871543958,23.749205895627266,False
D1_M1_collapse,M1_autonomous_Schaefer,11.8,94,M3_AR_residual,14.054811941353343,14.405564014216825,25.363029871543958,23.749205895627266,False
D1_M1_collapse,M1_autonomous_Schaefer,11.8,94,M4_delayed_info,14.529134688990705,14.439454408144373,25.363029871543958,23.749205895627266,False
D1_M1_collapse,M1_autonomous_Schaefer,11.8,95,M1_autonomous_Schaefer,12.232731614346282,12.74369530492815,18.229962145853325,19.232722218263444,True
D1_M1_collapse,M1_autonomous_Schaefer,11.8,95,M1b_autonomous_Allee,14.334264386064769,15.77534549056569,18.229962145853325,19.232722218263444,False
D1_M1_collapse,M1_autonomous_Schaefer,11.8,95,M2_stockflow_regimeC,12.232731614346282,12.74369530492815,18.229962145853325,19.232722218263444,False
D1_M1_collapse,M1_autonomous_Schaefer,11.8,95,M3_AR_residual,12.740210998367173,12.586609517213668,18.229962145853325,19.232722218263444,False
D1_M1_collapse,M1_autonomous_Schaefer,11.8,95,M4_delayed_info,12.612193666372074,12.94959268146953,18.229962145853325,19.232722218263444,False
D1_M1_collapse,M1_autonomous_Schaefer,11.8,96,M1_autonomous_Schaefer,16.05184622431377,16.132228871892693,25.33011422602225,17.6835876294945,True
D1_M1_collapse,M1_autonomous_Schaefer,11.8,96,M1b_autonomous_Allee,19.64768561099006,25.84930450764574,25.33011422602225,17.6835876294945,False
D1_M1_collapse,M1_autonomous_Schaefer,11.8,96,M2_stockflow_regimeC,16.05184622431377,16.132228871892693,25.33011422602225,17.6835876294945,False
D1_M1_collapse,M1_autonomous_Schaefer,11.8,96,M3_AR_residual,16.042612588339377,16.138469120258545,25.33011422602225,17.6835876294945,False
D1_M1_collapse,M1_autonomous_Schaefer,11.8,96,M4_delayed_info,16.495908422573507,16.123048437977005,25.33011422602225,17.6835876294945,False
D1_M1_collapse,M1_autonomous_Schaefer,11.8,97,M1_autonomous_Schaefer,13.271282841199987,12.540077886209016,22.403889800194488,18.94896733408643,True
D1_M1_collapse,M1_autonomous_Schaefer,11.8,97,M1b_autonomous_Allee,16.3177266714773,14.51708773352468,22.403889800194488,18.94896733408643,False
D1_M1_collapse,M1_autonomous_Schaefer,11.8,97,M2_stockflow_regimeC,13.271282841199987,12.540077886209016,22.403889800194488,18.94896733408643,False
D1_M1_collapse,M1_autonomous_Schaefer,11.8,97,M3_AR_residual,12.683359486440102,12.539183707190611,22.403889800194488,18.94896733408643,False
D1_M1_collapse,M1_autonomous_Schaefer,11.8,97,M4_delayed_info,13.693298060608551,12.510276746596574,22.403889800194488,18.94896733408643,False
D1_M1_collapse,M1_autonomous_Schaefer,11.8,98,M1_autonomous_Schaefer,13.804763587439957,13.295131629384052,19.09165033369747,19.19318804691499,True
D1_M1_collapse,M1_autonomous_Schaefer,11.8,98,M1b_autonomous_Allee,19.188447505195377,24.775263137099525,19.09165033369747,19.19318804691499,False
D1_M1_collapse,M1_autonomous_Schaefer,11.8,98,M2_stockflow_regimeC,13.804763587439957,13.295131629384052,19.09165033369747,19.19318804691499,False
D1_M1_collapse,M1_autonomous_Schaefer,11.8,98,M3_AR_residual,14.21006420777254,13.288589952253616,19.09165033369747,19.19318804691499,False
D1_M1_collapse,M1_autonomous_Schaefer,11.8,98,M4_delayed_info,14.24021507813297,13.31802590414171,19.09165033369747,19.19318804691499,False
D1_M1_collapse,M1_autonomous_Schaefer,11.8,99,M1_autonomous_Schaefer,13.990132290057621,13.261180520370788,21.700327199168875,17.406047009202695,True
D1_M1_collapse,M1_autonomous_Schaefer,11.8,99,M1b_autonomous_Allee,21.167979977457133,24.953709140277912,21.700327199168875,17.406047009202695,False
D1_M1_collapse,M1_autonomous_Schaefer,11.8,99,M2_stockflow_regimeC,13.990132290057621,13.261180520370788,21.700327199168875,17.406047009202695,False
D1_M1_collapse,M1_autonomous_Schaefer,11.8,99,M3_AR_residual,14.43465964278497,13.255954799497363,21.700327199168875,17.406047009202695,False
D1_M1_collapse,M1_autonomous_Schaefer,11.8,99,M4_delayed_info,14.33932584523517,13.26883229022992,21.700327199168875,17.406047009202695,False
D1_M1_collapse,M1_autonomous_Schaefer,11.8,100,M1_autonomous_Schaefer,12.481678319605454,11.405872313978218,20.579677200700058,18.97150353074381,True
D1_M1_collapse,M1_autonomous_Schaefer,11.8,100,M1b_autonomous_Allee,17.058788218742535,26.782691405099403,20.579677200700058,18.97150353074381,False
D1_M1_collapse,M1_autonomous_Schaefer,11.8,100,M2_stockflow_regimeC,12.481678319605454,11.405872313978218,20.579677200700058,18.97150353074381,False
D1_M1_collapse,M1_autonomous_Schaefer,11.8,100,M3_AR_residual,13.35297788531555,11.397205827409184,20.579677200700058,18.97150353074381,False
D1_M1_collapse,M1_autonomous_Schaefer,11.8,100,M4_delayed_info,12.20083152629916,11.432291873678853,20.579677200700058,18.97150353074381,False
D1_M1_collapse,M1_autonomous_Schaefer,11.8,101,M1_autonomous_Schaefer,11.22793809908569,11.947303791292713,18.54276408842763,16.33329717483329,True
D1_M1_collapse,M1_autonomous_Schaefer,11.8,101,M1b_autonomous_Allee,16.707070829637374,23.918807983909254,18.54276408842763,16.33329717483329,False
D1_M1_collapse,M1_autonomous_Schaefer,11.8,101,M2_stockflow_regimeC,11.22793809908569,11.947303791292713,18.54276408842763,16.33329717483329,False
D1_M1_collapse,M1_autonomous_Schaefer,11.8,101,M3_AR_residual,11.997605494212692,12.692385726693052,18.54276408842763,16.33329717483329,False
D1_M1_collapse,M1_autonomous_Schaefer,11.8,101,M4_delayed_info,12.883652803674707,12.625557381660506,18.54276408842763,16.33329717483329,False
D1_M1_collapse,M1_autonomous_Schaefer,11.8,102,M1_autonomous_Schaefer,13.155581332269046,16.49660379387696,27.97594610994474,21.441291957989204,True
D1_M1_collapse,M1_autonomous_Schaefer,11.8,102,M1b_autonomous_Allee,26.58923884025736,27.51471805410743,27.97594610994474,21.441291957989204,False
D1_M1_collapse,M1_autonomous_Schaefer,11.8,102,M2_stockflow_regimeC,13.155581332269046,16.49660379387696,27.97594610994474,21.441291957989204,False
D1_M1_collapse,M1_autonomous_Schaefer,11.8,102,M3_AR_residual,12.558241898682276,16.556569786778315,27.97594610994474,21.441291957989204,False
D1_M1_collapse,M1_autonomous_Schaefer,11.8,102,M4_delayed_info,15.350196918649972,16.445337577920444,27.97594610994474,21.441291957989204,False
D1_M1_collapse,M1_autonomous_Schaefer,11.8,103,M1_autonomous_Schaefer,11.221457954419058,10.130196712165079,14.037164136123527,13.826178655451638,True
D1_M1_collapse,M1_autonomous_Schaefer,11.8,103,M1b_autonomous_Allee,12.666895163797241,17.830818170568506,14.037164136123527,13.826178655451638,False
D1_M1_collapse,M1_autonomous_Schaefer,11.8,103,M2_stockflow_regimeC,11.221457954419058,10.130196712165079,14.037164136123527,13.826178655451638,False
D1_M1_collapse,M1_autonomous_Schaefer,11.8,103,M3_AR_residual,11.649889714925392,10.139628445529013,14.037164136123527,13.826178655451638,False
D1_M1_collapse,M1_autonomous_Schaefer,11.8,103,M4_delayed_info,10.640020400729151,10.141928026940542,14.037164136123527,13.826178655451638,False
D1_M1_collapse,M1_autonomous_Schaefer,11.8,104,M1_autonomous_Schaefer,10.99384996009581,12.258535724948851,19.100959347161606,18.51486553835568,True
D1_M1_collapse,M1_autonomous_Schaefer,11.8,104,M1b_autonomous_Allee,15.454160651340203,24.785008429116566,19.100959347161606,18.51486553835568,False
D1_M1_collapse,M1_autonomous_Schaefer,11.8,104,M2_stockflow_regimeC,10.99384996009581,12.258535724948851,19.100959347161606,18.51486553835568,False
D1_M1_collapse,M1_autonomous_Schaefer,11.8,104,M3_AR_residual,11.48499817604862,12.228720315024326,19.100959347161606,18.51486553835568,False
D1_M1_collapse,M1_autonomous_Schaefer,11.8,104,M4_delayed_info,11.69291894486969,12.293948134053196,19.100959347161606,18.51486553835568,False
D1_M1_collapse,M1_autonomous_Schaefer,11.8,105,M1_autonomous_Schaefer,12.33785096901402,12.854696255331833,18.50707616885968,15.444923348282526,True
D1_M1_collapse,M1_autonomous_Schaefer,11.8,105,M1b_autonomous_Allee,15.569171409992359,17.760152192126895,18.50707616885968,15.444923348282526,False
D1_M1_collapse,M1_autonomous_Schaefer,11.8,105,M2_stockflow_regimeC,12.33785096901402,12.854696255331833,18.50707616885968,15.444923348282526,False
D1_M1_collapse,M1_autonomous_Schaefer,11.8,105,M3_AR_residual,12.640362074683445,13.209062544920789,18.50707616885968,15.444923348282526,False
D1_M1_collapse,M1_autonomous_Schaefer,11.8,105,M4_delayed_info,11.821216511155493,12.542410625811533,18.50707616885968,15.444923348282526,True
D1_M1_collapse,M1_autonomous_Schaefer,11.8,106,M1_autonomous_Schaefer,10.967658105522089,12.20177724661427,23.548419183764,19.398993179361813,True
D1_M1_collapse,M1_autonomous_Schaefer,11.8,106,M1b_autonomous_Allee,19.43532007945127,25.642778773677847,23.548419183764,19.398993179361813,False
D1_M1_collapse,M1_autonomous_Schaefer,11.8,106,M2_stockflow_regimeC,10.967658105522089,12.20177724661427,23.548419183764,19.398993179361813,False
D1_M1_collapse,M1_autonomous_Schaefer,11.8,106,M3_AR_residual,10.465612596075307,12.160345220639233,23.548419183764,19.398993179361813,False
D1_M1_collapse,M1_autonomous_Schaefer,11.8,106,M4_delayed_info,14.551753026988548,12.234984458847235,23.548419183764,19.398993179361813,False
D1_M1_collapse,M1_autonomous_Schaefer,11.8,107,M1_autonomous_Schaefer,10.585440606989012,9.708740467863862,15.417168174606935,13.811019517284095,True
D1_M1_collapse,M1_autonomous_Schaefer,11.8,107,M1b_autonomous_Allee,16.023120142966118,24.627818336422933,15.417168174606935,13.811019517284095,False
D1_M1_collapse,M1_autonomous_Schaefer,11.8,107,M2_stockflow_regimeC,10.585440606989012,9.708740467863862,15.417168174606935,13.811019517284095,False
D1_M1_collapse,M1_autonomous_Schaefer,11.8,107,M3_AR_residual,10.746559144532204,9.708377284554816,15.417168174606935,13.811019517284095,False
D1_M1_collapse,M1_autonomous_Schaefer,11.8,107,M4_delayed_info,10.390801588585827,9.709195653350548,15.417168174606935,13.811019517284095,False
D1_M1_collapse,M1_autonomous_Schaefer,11.8,108,M1_autonomous_Schaefer,12.196730184383256,12.881530145863318,17.8286566313909,18.59896069793528,True
D1_M1_collapse,M1_autonomous_Schaefer,11.8,108,M1b_autonomous_Allee,16.19435811074384,26.96504252547406,17.8286566313909,18.59896069793528,False
D1_M1_collapse,M1_autonomous_Schaefer,11.8,108,M2_stockflow_regimeC,12.196730184383256,12.881530145863318,17.8286566313909,18.59896069793528,False
D1_M1_collapse,M1_autonomous_Schaefer,11.8,108,M3_AR_residual,12.429282253629992,12.909856252090856,17.8286566313909,18.59896069793528,False
D1_M1_collapse,M1_autonomous_Schaefer,11.8,108,M4_delayed_info,12.041813362205156,12.92610201116618,17.8286566313909,18.59896069793528,False
D1_M1_collapse,M1_autonomous_Schaefer,11.8,109,M1_autonomous_Schaefer,12.232598515912189,12.520481946921857,20.39304323623541,15.306344872633387,True
D1_M1_collapse,M1_autonomous_Schaefer,11.8,109,M1b_autonomous_Allee,16.455696758491737,17.36130189730856,20.39304323623541,15.306344872633387,False
D1_M1_collapse,M1_autonomous_Schaefer,11.8,109,M2_stockflow_regimeC,12.232598515912189,12.520481946921857,20.39304323623541,15.306344872633387,False
D1_M1_collapse,M1_autonomous_Schaefer,11.8,109,M3_AR_residual,12.3471640827784,12.519080264079808,20.39304323623541,15.306344872633387,False
D1_M1_collapse,M1_autonomous_Schaefer,11.8,109,M4_delayed_info,12.641336656734346,12.515168011536952,20.39304323623541,15.306344872633387,False
D1_M1_collapse,M1_autonomous_Schaefer,11.8,110,M1_autonomous_Schaefer,9.481829382729474,8.090391908306835,12.63201094247899,11.224517851027475,True
D1_M1_collapse,M1_autonomous_Schaefer,11.8,110,M1b_autonomous_Allee,11.770973066516012,15.520226249217028,12.63201094247899,11.224517851027475,False
D1_M1_collapse,M1_autonomous_Schaefer,11.8,110,M2_stockflow_regimeC,9.481829382729474,8.090391908306835,12.63201094247899,11.224517851027475,False
D1_M1_collapse,M1_autonomous_Schaefer,11.8,110,M3_AR_residual,9.822206249624896,8.130813329257034,12.63201094247899,11.224517851027475,False
D1_M1_collapse,M1_autonomous_Schaefer,11.8,110,M4_delayed_info,9.004014024741387,8.044679584280843,12.63201094247899,11.224517851027475,False
D1_M1_collapse,M1_autonomous_Schaefer,11.8,111,M1_autonomous_Schaefer,12.26289273898214,13.030127903109511,23.81149383280691,17.741068323157744,True
D1_M1_collapse,M1_autonomous_Schaefer,11.8,111,M1b_autonomous_Allee,15.105777414628506,15.868511573190961,23.81149383280691,17.741068323157744,False
D1_M1_collapse,M1_autonomous_Schaefer,11.8,111,M2_stockflow_regimeC,12.26289273898214,13.030127903109511,23.81149383280691,17.741068323157744,False
D1_M1_collapse,M1_autonomous_Schaefer,11.8,111,M3_AR_residual,11.982642462163007,13.09352352479764,23.81149383280691,17.741068323157744,False
D1_M1_collapse,M1_autonomous_Schaefer,11.8,111,M4_delayed_info,13.471755818030683,12.971570185747117,23.81149383280691,17.741068323157744,False
D1_M1_collapse,M1_autonomous_Schaefer,11.8,112,M1_autonomous_Schaefer,12.899283580035998,12.39043496497374,21.0251838358381,17.727189227179814,True
D1_M1_collapse,M1_autonomous_Schaefer,11.8,112,M1b_autonomous_Allee,21.278614862284492,30.625837646872117,21.0251838358381,17.727189227179814,False
D1_M1_collapse,M1_autonomous_Schaefer,11.8,112,M2_stockflow_regimeC,12.899283580035998,12.39043496497374,21.0251838358381,17.727189227179814,False
D1_M1_collapse,M1_autonomous_Schaefer,11.8,112,M3_AR_residual,12.873759899565231,12.388963924441137,21.0251838358381,17.727189227179814,False
D1_M1_collapse,M1_autonomous_Schaefer,11.8,112,M4_delayed_info,14.262277666306147,12.412146772574271,21.0251838358381,17.727189227179814,False
D1_M1_collapse,M1_autonomous_Schaefer,11.8,113,M1_autonomous_Schaefer,13.735944953535897,12.42772523138905,20.924998509696206,19.35201874645192,True
D1_M1_collapse,M1_autonomous_Schaefer,11.8,113,M1b_autonomous_Allee,15.879274864617342,22.5176031856165,20.924998509696206,19.35201874645192,False
D1_M1_collapse,M1_autonomous_Schaefer,11.8,113,M2_stockflow_regimeC,13.735944953535897,12.42772523138905,20.924998509696206,19.35201874645192,False
D1_M1_collapse,M1_autonomous_Schaefer,11.8,113,M3_AR_residual,14.034646294022963,12.42061481535629,20.924998509696206,19.35201874645192,False
D1_M1_collapse,M1_autonomous_Schaefer,11.8,113,M4_delayed_info,13.65911725832507,12.419937003153127,20.924998509696206,19.35201874645192,False
D1_M1_collapse,M1_autonomous_Schaefer,11.8,114,M1_autonomous_Schaefer,14.022123487460853,15.627308548457144,26.61597777879321,23.74245174897646,True
D1_M1_collapse,M1_autonomous_Schaefer,11.8,114,M1b_autonomous_Allee,23.858107015611548,31.327831358083387,26.61597777879321,23.74245174897646,False
D1_M1_collapse,M1_autonomous_Schaefer,11.8,114,M2_stockflow_regimeC,14.022123487460853,15.627308548457144,26.61597777879321,23.74245174897646,False
D1_M1_collapse,M1_autonomous_Schaefer,11.8,114,M3_AR_residual,13.839809330856502,15.628219444596077,26.61597777879321,23.74245174897646,False
D1_M1_collapse,M1_autonomous_Schaefer,11.8,114,M4_delayed_info,15.247331247982848,15.649114835983971,26.61597777879321,23.74245174897646,False
D1_M1_collapse,M1_autonomous_Schaefer,11.8,115,M1_autonomous_Schaefer,14.881887487654378,16.99097606788954,26.848629584137452,22.319051419804804,True
D1_M1_collapse,M1_autonomous_Schaefer,11.8,115,M1b_autonomous_Allee,24.822017563683996,32.91382637035582,26.848629584137452,22.319051419804804,False
D1_M1_collapse,M1_autonomous_Schaefer,11.8,115,M2_stockflow_regimeC,14.881887487654378,16.99097606788954,26.848629584137452,22.319051419804804,False
D1_M1_collapse,M1_autonomous_Schaefer,11.8,115,M3_AR_residual,14.442846768019484,17.08380526086506,26.848629584137452,22.319051419804804,False
D1_M1_collapse,M1_autonomous_Schaefer,11.8,115,M4_delayed_info,15.799050494584085,16.91881524023388,26.848629584137452,22.319051419804804,False
D1_M1_collapse,M1_autonomous_Schaefer,11.8,116,M1_autonomous_Schaefer,12.189648983016731,13.686015102874132,20.50555054700772,18.509195318831843,True
D1_M1_collapse,M1_autonomous_Schaefer,11.8,116,M1b_autonomous_Allee,17.386657271833005,24.882607481556775,20.50555054700772,18.509195318831843,False
D1_M1_collapse,M1_autonomous_Schaefer,11.8,116,M2_stockflow_regimeC,12.189648983016731,13.686015102874132,20.50555054700772,18.509195318831843,False
D1_M1_collapse,M1_autonomous_Schaefer,11.8,116,M3_AR_residual,12.260614229312113,13.683278693303343,20.50555054700772,18.509195318831843,False
D1_M1_collapse,M1_autonomous_Schaefer,11.8,116,M4_delayed_info,12.698290107909553,13.686551994461485,20.50555054700772,18.509195318831843,False
D1_M1_collapse,M1_autonomous_Schaefer,11.8,117,M1_autonomous_Schaefer,14.783149851924703,15.126255312538515,25.424529577455395,19.18090189152773,True
D1_M1_collapse,M1_autonomous_Schaefer,11.8,117,M1b_autonomous_Allee,23.1281734282817,31.97691562591916,25.424529577455395,19.18090189152773,False
D1_M1_collapse,M1_autonomous_Schaefer,11.8,117,M2_stockflow_regimeC,14.783149851924703,15.126255312538515,25.424529577455395,19.18090189152773,False
D1_M1_collapse,M1_autonomous_Schaefer,11.8,117,M3_AR_residual,15.22508771609376,14.533224139972047,25.424529577455395,19.18090189152773,False
D1_M1_collapse,M1_autonomous_Schaefer,11.8,117,M4_delayed_info,15.111373117743828,15.820161959372843,25.424529577455395,19.18090189152773,False
D1_M1_collapse,M1_autonomous_Schaefer,11.8,118,M1_autonomous_Schaefer,11.460847392271889,13.368121264683559,21.98442240998151,17.769627224303765,True
D1_M1_collapse,M1_autonomous_Schaefer,11.8,118,M1b_autonomous_Allee,18.9201296182837,26.337441139752418,21.98442240998151,17.769627224303765,False
D1_M1_collapse,M1_autonomous_Schaefer,11.8,118,M2_stockflow_regimeC,11.460847392271889,13.368121264683559,21.98442240998151,17.769627224303765,False
D1_M1_collapse,M1_autonomous_Schaefer,11.8,118,M3_AR_residual,12.114917787173326,13.788614319817698,21.98442240998151,17.769627224303765,False
D1_M1_collapse,M1_autonomous_Schaefer,11.8,118,M4_delayed_info,14.005941687454877,13.16378664002428,21.98442240998151,17.769627224303765,False
D1_M1_collapse,M1_autonomous_Schaefer,11.8,119,M1_autonomous_Schaefer,12.288669750222217,13.003858501937861,17.693885073805774,17.399756071211698,True
D1_M1_collapse,M1_autonomous_Schaefer,11.8,119,M1b_autonomous_Allee,16.97574534592797,26.318935955575487,17.693885073805774,17.399756071211698,False
D1_M1_collapse,M1_autonomous_Schaefer,11.8,119,M2_stockflow_regimeC,12.288669750222217,13.003858501937861,17.693885073805774,17.399756071211698,False
D1_M1_collapse,M1_autonomous_Schaefer,11.8,119,M3_AR_residual,12.16641777963041,13.002451215683562,17.693885073805774,17.399756071211698,False
D1_M1_collapse,M1_autonomous_Schaefer,11.8,119,M4_delayed_info,12.159729937193067,12.99682391178747,17.693885073805774,17.399756071211698,False
D1_M1_collapse,M1_autonomous_Schaefer,11.8,120,M1_autonomous_Schaefer,12.10953728819511,10.824241947902156,15.520742266937836,16.690556962470083,True
D1_M1_collapse,M1_autonomous_Schaefer,11.8,120,M1b_autonomous_Allee,12.082731035406175,19.112631143179726,15.520742266937836,16.690556962470083,False
D1_M1_collapse,M1_autonomous_Schaefer,11.8,120,M2_stockflow_regimeC,12.10953728819511,10.824241947902156,15.520742266937836,16.690556962470083,False
D1_M1_collapse,M1_autonomous_Schaefer,11.8,120,M3_AR_residual,12.573368742485325,10.822964122701062,15.520742266937836,16.690556962470083,False
D1_M1_collapse,M1_autonomous_Schaefer,11.8,120,M4_delayed_info,11.940335059973709,10.832356450725586,15.520742266937836,16.690556962470083,False
D1_M1_collapse,M1_autonomous_Schaefer,11.8,121,M1_autonomous_Schaefer,14.986236322480401,15.626613162930797,26.231355949448982,20.00134257138692,True
D1_M1_collapse,M1_autonomous_Schaefer,11.8,121,M1b_autonomous_Allee,19.41951635951417,23.961227011029255,26.231355949448982,20.00134257138692,False
D1_M1_collapse,M1_autonomous_Schaefer,11.8,121,M2_stockflow_regimeC,14.986236322480401,15.626613162930797,26.231355949448982,20.00134257138692,False
D1_M1_collapse,M1_autonomous_Schaefer,11.8,121,M3_AR_residual,14.814416348164166,15.621455862214999,26.231355949448982,20.00134257138692,False
D1_M1_collapse,M1_autonomous_Schaefer,11.8,121,M4_delayed_info,16.155440335068604,15.619033150702526,26.231355949448982,20.00134257138692,False
D1_M1_collapse,M1_autonomous_Schaefer,11.8,122,M1_autonomous_Schaefer,11.382964559545533,11.973586753795225,18.97572661529951,17.731691933716423,True
D1_M1_collapse,M1_autonomous_Schaefer,11.8,122,M1b_autonomous_Allee,17.70008663617438,24.367500044878398,18.97572661529951,17.731691933716423,False
D1_M1_collapse,M1_autonomous_Schaefer,11.8,122,M2_stockflow_regimeC,11.382964559545533,11.973586753795225,18.97572661529951,17.731691933716423,False
D1_M1_collapse,M1_autonomous_Schaefer,11.8,122,M3_AR_residual,11.603665596819564,11.974447010431243,18.97572661529951,17.731691933716423,False
D1_M1_collapse,M1_autonomous_Schaefer,11.8,122,M4_delayed_info,11.638195959732569,11.973025417637558,18.97572661529951,17.731691933716423,False
D1_M1_collapse,M1_autonomous_Schaefer,11.8,123,M1_autonomous_Schaefer,12.594856613787867,12.589708741915796,17.447604286454567,16.971700672999535,True
D1_M1_collapse,M1_autonomous_Schaefer,11.8,123,M1b_autonomous_Allee,15.824784135064647,25.274282868267488,17.447604286454567,16.971700672999535,False
D1_M1_collapse,M1_autonomous_Schaefer,11.8,123,M2_stockflow_regimeC,12.594856613787867,12.589708741915796,17.447604286454567,16.971700672999535,False
D1_M1_collapse,M1_autonomous_Schaefer,11.8,123,M3_AR_residual,12.85514333755008,12.618070130017355,17.447604286454567,16.971700672999535,False
D1_M1_collapse,M1_autonomous_Schaefer,11.8,123,M4_delayed_info,11.794160198192593,12.578360344727987,17.447604286454567,16.971700672999535,False
D1_M1_collapse,M1_autonomous_Schaefer,11.8,124,M1_autonomous_Schaefer,12.830842039637059,12.062325719700905,18.38341739549611,15.849026023203278,True
D1_M1_collapse,M1_autonomous_Schaefer,11.8,124,M1b_autonomous_Allee,16.952961121056997,14.981931382956457,18.38341739549611,15.849026023203278,False
D1_M1_collapse,M1_autonomous_Schaefer,11.8,124,M2_stockflow_regimeC,12.830842039637059,12.062325719700905,18.38341739549611,15.849026023203278,False
D1_M1_collapse,M1_autonomous_Schaefer,11.8,124,M3_AR_residual,13.276896881087735,12.001818942225755,18.38341739549611,15.849026023203278,False
D1_M1_collapse,M1_autonomous_Schaefer,11.8,124,M4_delayed_info,13.615419925620932,12.124910393103923,18.38341739549611,15.849026023203278,False
D1_M1_collapse,M1_autonomous_Schaefer,11.8,125,M1_autonomous_Schaefer,13.73907810786512,13.379604871563833,19.5165241939221,18.268125450438202,True
D1_M1_collapse,M1_autonomous_Schaefer,11.8,125,M1b_autonomous_Allee,18.947335294491662,32.91451219106041,19.5165241939221,18.268125450438202,False
D1_M1_collapse,M1_autonomous_Schaefer,11.8,125,M2_stockflow_regimeC,13.73907810786512,13.379604871563833,19.5165241939221,18.268125450438202,False
D1_M1_collapse,M1_autonomous_Schaefer,11.8,125,M3_AR_residual,14.16123217475858,13.385271786641516,19.5165241939221,18.268125450438202,False
D1_M1_collapse,M1_autonomous_Schaefer,11.8,125,M4_delayed_info,13.342951894325402,13.377089458871351,19.5165241939221,18.268125450438202,False
D1_M1_collapse,M1_autonomous_Schaefer,11.8,126,M1_autonomous_Schaefer,12.470640025311573,11.144048038238187,20.57685079418323,15.438528390401027,True
D1_M1_collapse,M1_autonomous_Schaefer,11.8,126,M1b_autonomous_Allee,14.969938691829643,14.967242051223257,20.57685079418323,15.438528390401027,False
D1_M1_collapse,M1_autonomous_Schaefer,11.8,126,M2_stockflow_regimeC,12.470640025311573,11.144048038238187,20.57685079418323,15.438528390401027,False
D1_M1_collapse,M1_autonomous_Schaefer,11.8,126,M3_AR_residual,12.540575821640648,11.144290088515696,20.57685079418323,15.438528390401027,False
D1_M1_collapse,M1_autonomous_Schaefer,11.8,126,M4_delayed_info,13.049764296041644,11.144136305396767,20.57685079418323,15.438528390401027,False
D1_M1_collapse,M1_autonomous_Schaefer,11.8,127,M1_autonomous_Schaefer,12.97561898407711,13.269992042643503,20.322378532682567,17.98941296135975,True
D1_M1_collapse,M1_autonomous_Schaefer,11.8,127,M1b_autonomous_Allee,18.27898157982739,22.8805294147679,20.322378532682567,17.98941296135975,False
D1_M1_collapse,M1_autonomous_Schaefer,11.8,127,M2_stockflow_regimeC,12.97561898407711,13.269992042643503,20.322378532682567,17.98941296135975,False
D1_M1_collapse,M1_autonomous_Schaefer,11.8,127,M3_AR_residual,13.16790783899603,13.263576949685389,20.322378532682567,17.98941296135975,False
D1_M1_collapse,M1_autonomous_Schaefer,11.8,127,M4_delayed_info,13.497863392569203,13.28189683111178,20.322378532682567,17.98941296135975,False
D1_M1_collapse,M1_autonomous_Schaefer,11.8,128,M1_autonomous_Schaefer,15.065742921985503,13.762625982278639,22.875037181305316,17.39755728090547,True
D1_M1_collapse,M1_autonomous_Schaefer,11.8,128,M1b_autonomous_Allee,19.51038459413468,29.65153381303139,22.875037181305316,17.39755728090547,False
D1_M1_collapse,M1_autonomous_Schaefer,11.8,128,M2_stockflow_regimeC,15.065742921985503,13.762625982278639,22.875037181305316,17.39755728090547,False
D1_M1_collapse,M1_autonomous_Schaefer,11.8,128,M3_AR_residual,15.03664125505315,13.762729915451887,22.875037181305316,17.39755728090547,False
D1_M1_collapse,M1_autonomous_Schaefer,11.8,128,M4_delayed_info,15.306334816535763,13.761019806656682,22.875037181305316,17.39755728090547,False
D1_M1_collapse,M1_autonomous_Schaefer,11.8,129,M1_autonomous_Schaefer,11.843388860850212,12.848008491341048,20.240035525012477,17.341446839168096,True
D1_M1_collapse,M1_autonomous_Schaefer,11.8,129,M1b_autonomous_Allee,17.57117311680551,17.181029292029013,20.240035525012477,17.341446839168096,False
D1_M1_collapse,M1_autonomous_Schaefer,11.8,129,M2_stockflow_regimeC,11.843388860850212,12.848008491341048,20.240035525012477,17.341446839168096,False
D1_M1_collapse,M1_autonomous_Schaefer,11.8,129,M3_AR_residual,12.14671340831637,12.848110264027575,20.240035525012477,17.341446839168096,False
D1_M1_collapse,M1_autonomous_Schaefer,11.8,129,M4_delayed_info,12.48125305405578,12.841312019274119,20.240035525012477,17.341446839168096,False
D1_M1_collapse,M1_autonomous_Schaefer,11.8,130,M1_autonomous_Schaefer,11.409974559196662,13.566821522162021,20.691704765369444,16.045249347698103,True
D1_M1_collapse,M1_autonomous_Schaefer,11.8,130,M1b_autonomous_Allee,19.069737923724414,24.61573841490657,20.691704765369444,16.045249347698103,False
D1_M1_collapse,M1_autonomous_Schaefer,11.8,130,M2_stockflow_regimeC,11.409974559196662,13.566821522162021,20.691704765369444,16.045249347698103,False
D1_M1_collapse,M1_autonomous_Schaefer,11.8,130,M3_AR_residual,11.81316587521541,13.669461805080497,20.691704765369444,16.045249347698103,False
D1_M1_collapse,M1_autonomous_Schaefer,11.8,130,M4_delayed_info,13.028271989641878,13.4932987804589,20.691704765369444,16.045249347698103,False
D1_M1_collapse,M1_autonomous_Schaefer,11.8,131,M1_autonomous_Schaefer,9.880038418872234,12.246544401828714,20.176207949162308,17.587478045138862,True
D1_M1_collapse,M1_autonomous_Schaefer,11.8,131,M1b_autonomous_Allee,17.01508392982279,19.445461556998215,20.176207949162308,17.587478045138862,False
D1_M1_collapse,M1_autonomous_Schaefer,11.8,131,M2_stockflow_regimeC,9.880038418872234,12.246544401828714,20.176207949162308,17.587478045138862,False
D1_M1_collapse,M1_autonomous_Schaefer,11.8,131,M3_AR_residual,9.819227144127701,12.231307162277009,20.176207949162308,17.587478045138862,False
D1_M1_collapse,M1_autonomous_Schaefer,11.8,131,M4_delayed_info,11.452325968349562,12.287123056991561,20.176207949162308,17.587478045138862,False
D1_M1_collapse,M1_autonomous_Schaefer,11.8,132,M1_autonomous_Schaefer,13.455814028540074,14.814408941219153,23.345642084245664,19.22194237694361,True
D1_M1_collapse,M1_autonomous_Schaefer,11.8,132,M1b_autonomous_Allee,20.410605067317288,27.227423494369404,23.345642084245664,19.22194237694361,False
D1_M1_collapse,M1_autonomous_Schaefer,11.8,132,M2_stockflow_regimeC,13.455814028540074,14.814408941219153,23.345642084245664,19.22194237694361,False
D1_M1_collapse,M1_autonomous_Schaefer,11.8,132,M3_AR_residual,13.670963579503528,14.810233348287632,23.345642084245664,19.22194237694361,False
D1_M1_collapse,M1_autonomous_Schaefer,11.8,132,M4_delayed_info,14.404277943777373,14.810322795985845,23.345642084245664,19.22194237694361,False
D1_M1_collapse,M1_autonomous_Schaefer,11.8,133,M1_autonomous_Schaefer,10.733486334754971,11.055588446672266,18.60034811427048,16.573635105992707,True
D1_M1_collapse,M1_autonomous_Schaefer,11.8,133,M1b_autonomous_Allee,16.47197492019937,22.443288750155457,18.60034811427048,16.573635105992707,False
D1_M1_collapse,M1_autonomous_Schaefer,11.8,133,M2_stockflow_regimeC,10.733486334754971,11.055588446672266,18.60034811427048,16.573635105992707,False
D1_M1_collapse,M1_autonomous_Schaefer,11.8,133,M3_AR_residual,10.873549874804699,11.062529801291564,18.60034811427048,16.573635105992707,False
D1_M1_collapse,M1_autonomous_Schaefer,11.8,133,M4_delayed_info,11.35273878578007,11.082912856539947,18.60034811427048,16.573635105992707,False
D1_M1_collapse,M1_autonomous_Schaefer,11.8,134,M1_autonomous_Schaefer,14.560240757514647,12.597700520540448,21.86991612588777,20.274532359662533,True
D1_M1_collapse,M1_autonomous_Schaefer,11.8,134,M1b_autonomous_Allee,21.386895140840153,28.41781627459603,21.86991612588777,20.274532359662533,False
D1_M1_collapse,M1_autonomous_Schaefer,11.8,134,M2_stockflow_regimeC,14.560240757514647,12.597700520540448,21.86991612588777,20.274532359662533,False
D1_M1_collapse,M1_autonomous_Schaefer,11.8,134,M3_AR_residual,15.538237683129282,12.748207694883519,21.86991612588777,20.274532359662533,False
D1_M1_collapse,M1_autonomous_Schaefer,11.8,134,M4_delayed_info,14.158625486881052,12.503263208568544,21.86991612588777,20.274532359662533,False
D1_M1_collapse,M1_autonomous_Schaefer,11.8,135,M1_autonomous_Schaefer,12.261031398882517,12.818595229921556,18.720143715903138,18.181619531433512,True
D1_M1_collapse,M1_autonomous_Schaefer,11.8,135,M1b_autonomous_Allee,15.255820225870453,24.924843596115156,18.720143715903138,18.181619531433512,False
D1_M1_collapse,M1_autonomous_Schaefer,11.8,135,M2_stockflow_regimeC,12.261031398882517,12.818595229921556,18.720143715903138,18.181619531433512,False
D1_M1_collapse,M1_autonomous_Schaefer,11.8,135,M3_AR_residual,12.466769431792994,12.824667377892265,18.720143715903138,18.181619531433512,False
D1_M1_collapse,M1_autonomous_Schaefer,11.8,135,M4_delayed_info,12.66898420894489,12.802866076496246,18.720143715903138,18.181619531433512,False
D1_M1_collapse,M1_autonomous_Schaefer,11.8,136,M1_autonomous_Schaefer,12.472429096938656,12.685966241877914,20.958590291345434,20.953693567482976,True
D1_M1_collapse,M1_autonomous_Schaefer,11.8,136,M1b_autonomous_Allee,18.330848714021492,25.003834048773438,20.958590291345434,20.953693567482976,False
D1_M1_collapse,M1_autonomous_Schaefer,11.8,136,M2_stockflow_regimeC,12.472429096938656,12.685966241877914,20.958590291345434,20.953693567482976,False
D1_M1_collapse,M1_autonomous_Schaefer,11.8,136,M3_AR_residual,12.829098284591591,12.668982883054488,20.958590291345434,20.953693567482976,False
D1_M1_collapse,M1_autonomous_Schaefer,11.8,136,M4_delayed_info,13.057049262567338,12.736754030337696,20.958590291345434,20.953693567482976,False
D1_M1_collapse,M1_autonomous_Schaefer,11.8,137,M1_autonomous_Schaefer,9.715139565253171,9.286641205802447,12.165310959135665,12.261133470416661,True
D1_M1_collapse,M1_autonomous_Schaefer,11.8,137,M1b_autonomous_Allee,12.369079770917724,21.446007979385907,12.165310959135665,12.261133470416661,False
D1_M1_collapse,M1_autonomous_Schaefer,11.8,137,M2_stockflow_regimeC,9.715139565253171,9.286641205802447,12.165310959135665,12.261133470416661,False
D1_M1_collapse,M1_autonomous_Schaefer,11.8,137,M3_AR_residual,9.759610621365214,9.286637689403337,12.165310959135665,12.261133470416661,False
D1_M1_collapse,M1_autonomous_Schaefer,11.8,137,M4_delayed_info,9.683330956670758,9.28665183911662,12.165310959135665,12.261133470416661,False
D1_M1_collapse,M1_autonomous_Schaefer,11.8,138,M1_autonomous_Schaefer,11.787221370997944,10.087414380768998,23.15106849494899,18.172380828835657,True
D1_M1_collapse,M1_autonomous_Schaefer,11.8,138,M1b_autonomous_Allee,15.415822732022663,10.993225234723992,23.15106849494899,18.172380828835657,False
D1_M1_collapse,M1_autonomous_Schaefer,11.8,138,M2_stockflow_regimeC,11.787221370997944,10.087414380768998,23.15106849494899,18.172380828835657,False
D1_M1_collapse,M1_autonomous_Schaefer,11.8,138,M3_AR_residual,12.13787740337796,10.668763977021252,23.15106849494899,18.172380828835657,False
D1_M1_collapse,M1_autonomous_Schaefer,11.8,138,M4_delayed_info,18.023633257525013,10.585027385494081,23.15106849494899,18.172380828835657,False
D1_M1_collapse,M1_autonomous_Schaefer,11.8,139,M1_autonomous_Schaefer,10.746644247464724,9.255811006408079,16.868422506421517,10.987344413322758,True
D1_M1_collapse,M1_autonomous_Schaefer,11.8,139,M1b_autonomous_Allee,12.407745924880349,9.832644287736919,16.868422506421517,10.987344413322758,False
D1_M1_collapse,M1_autonomous_Schaefer,11.8,139,M2_stockflow_regimeC,10.746644247464724,9.255811006408079,16.868422506421517,10.987344413322758,False
D1_M1_collapse,M1_autonomous_Schaefer,11.8,139,M3_AR_residual,11.82062519114243,9.98769135886547,16.868422506421517,10.987344413322758,False
D1_M1_collapse,M1_autonomous_Schaefer,11.8,139,M4_delayed_info,12.903404668762061,8.88590797545602,16.868422506421517,10.987344413322758,False
D1_M1_collapse,M1_autonomous_Schaefer,11.8,140,M1_autonomous_Schaefer,11.123712887059398,11.128434705766264,18.78357780426253,20.3334730229946,True
D1_M1_collapse,M1_autonomous_Schaefer,11.8,140,M1b_autonomous_Allee,16.783066881166253,26.041317102245085,18.78357780426253,20.3334730229946,False
D1_M1_collapse,M1_autonomous_Schaefer,11.8,140,M2_stockflow_regimeC,11.123712887059398,11.128434705766264,18.78357780426253,20.3334730229946,False
D1_M1_collapse,M1_autonomous_Schaefer,11.8,140,M3_AR_residual,11.0103465471596,11.074044332513754,18.78357780426253,20.3334730229946,False
D1_M1_collapse,M1_autonomous_Schaefer,11.8,140,M4_delayed_info,11.64110599665943,11.174561333012301,18.78357780426253,20.3334730229946,False
D1_M1_collapse,M1_autonomous_Schaefer,11.8,141,M1_autonomous_Schaefer,13.565046405206239,14.950025449756286,24.32660790333736,21.989287941191986,True
D1_M1_collapse,M1_autonomous_Schaefer,11.8,141,M1b_autonomous_Allee,18.600180715876714,21.98018094757624,24.32660790333736,21.989287941191986,False
D1_M1_collapse,M1_autonomous_Schaefer,11.8,141,M2_stockflow_regimeC,13.565046405206239,14.950025449756286,24.32660790333736,21.989287941191986,False
D1_M1_collapse,M1_autonomous_Schaefer,11.8,141,M3_AR_residual,12.817904780210856,15.17465636239387,24.32660790333736,21.989287941191986,False
D1_M1_collapse,M1_autonomous_Schaefer,11.8,141,M4_delayed_info,15.114463020885884,14.95612715487682,24.32660790333736,21.989287941191986,False
D1_M1_collapse,M1_autonomous_Schaefer,11.8,142,M1_autonomous_Schaefer,15.001769420540821,16.175110072034062,26.128365628553667,25.003931701585557,True
D1_M1_collapse,M1_autonomous_Schaefer,11.8,142,M1b_autonomous_Allee,19.818770349200225,23.959644413084913,26.128365628553667,25.003931701585557,False
D1_M1_collapse,M1_autonomous_Schaefer,11.8,142,M2_stockflow_regimeC,15.001769420540821,16.175110072034062,26.128365628553667,25.003931701585557,False
D1_M1_collapse,M1_autonomous_Schaefer,11.8,142,M3_AR_residual,14.634001152994896,16.172539695316285,26.128365628553667,25.003931701585557,False
D1_M1_collapse,M1_autonomous_Schaefer,11.8,142,M4_delayed_info,15.74837411834877,16.26441227892823,26.128365628553667,25.003931701585557,False
D1_M1_collapse,M1_autonomous_Schaefer,11.8,143,M1_autonomous_Schaefer,12.188579214529385,14.294739224787602,24.155439649322446,20.97993110014238,True
D1_M1_collapse,M1_autonomous_Schaefer,11.8,143,M1b_autonomous_Allee,19.105674765236497,21.77723375122844,24.155439649322446,20.97993110014238,False
D1_M1_collapse,M1_autonomous_Schaefer,11.8,143,M2_stockflow_regimeC,12.188579214529385,14.294739224787602,24.155439649322446,20.97993110014238,False
D1_M1_collapse,M1_autonomous_Schaefer,11.8,143,M3_AR_residual,13.035742587551905,15.195070869978379,24.155439649322446,20.97993110014238,False
D1_M1_collapse,M1_autonomous_Schaefer,11.8,143,M4_delayed_info,15.340981159046734,13.813910392030488,24.155439649322446,20.97993110014238,False
D1_M1_collapse,M1_autonomous_Schaefer,11.8,144,M1_autonomous_Schaefer,16.45692731094923,16.734648989779927,29.430542795943456,18.818789431226044,True
D1_M1_collapse,M1_autonomous_Schaefer,11.8,144,M1b_autonomous_Allee,20.16281120733455,21.343257444430712,29.430542795943456,18.818789431226044,False
D1_M1_collapse,M1_autonomous_Schaefer,11.8,144,M2_stockflow_regimeC,16.45692731094923,16.734648989779927,29.430542795943456,18.818789431226044,False
D1_M1_collapse,M1_autonomous_Schaefer,11.8,144,M3_AR_residual,16.739206291329776,16.830454932111323,29.430542795943456,18.818789431226044,False
D1_M1_collapse,M1_autonomous_Schaefer,11.8,144,M4_delayed_info,19.05854146474569,16.724441169508562,29.430542795943456,18.818789431226044,False
D1_M1_collapse,M1_autonomous_Schaefer,11.8,145,M1_autonomous_Schaefer,12.381840631873132,11.592750415556695,19.637866091635427,13.270890953867896,True
D1_M1_collapse,M1_autonomous_Schaefer,11.8,145,M1b_autonomous_Allee,17.199555043687198,22.53208859816883,19.637866091635427,13.270890953867896,False
D1_M1_collapse,M1_autonomous_Schaefer,11.8,145,M2_stockflow_regimeC,12.381840631873132,11.592750415556695,19.637866091635427,13.270890953867896,False
D1_M1_collapse,M1_autonomous_Schaefer,11.8,145,M3_AR_residual,12.977444853310336,12.201684373474002,19.637866091635427,13.270890953867896,False
D1_M1_collapse,M1_autonomous_Schaefer,11.8,145,M4_delayed_info,14.503311429268829,11.269617639850344,19.637866091635427,13.270890953867896,False
D1_M1_collapse,M1_autonomous_Schaefer,11.8,146,M1_autonomous_Schaefer,14.778471348717995,15.299666444447704,25.755775920250287,22.65600962925812,True
D1_M1_collapse,M1_autonomous_Schaefer,11.8,146,M1b_autonomous_Allee,18.616189264578892,18.033623360100986,25.755775920250287,22.65600962925812,False
D1_M1_collapse,M1_autonomous_Schaefer,11.8,146,M2_stockflow_regimeC,14.778471348717995,15.299666444447704,25.755775920250287,22.65600962925812,False
D1_M1_collapse,M1_autonomous_Schaefer,11.8,146,M3_AR_residual,16.028475138831663,15.011836571415152,25.755775920250287,22.65600962925812,False
D1_M1_collapse,M1_autonomous_Schaefer,11.8,146,M4_delayed_info,16.943849377472674,15.68938350323985,25.755775920250287,22.65600962925812,False
D1_M1_collapse,M1_autonomous_Schaefer,11.8,147,M1_autonomous_Schaefer,11.017945564929391,12.40612204422892,20.97028472921309,21.181844195933355,True
D1_M1_collapse,M1_autonomous_Schaefer,11.8,147,M1b_autonomous_Allee,18.547284648806503,25.278481712719596,20.97028472921309,21.181844195933355,False
D1_M1_collapse,M1_autonomous_Schaefer,11.8,147,M2_stockflow_regimeC,11.017945564929391,12.40612204422892,20.97028472921309,21.181844195933355,False
D1_M1_collapse,M1_autonomous_Schaefer,11.8,147,M3_AR_residual,11.075428896195964,12.111015425044988,20.97028472921309,21.181844195933355,False
D1_M1_collapse,M1_autonomous_Schaefer,11.8,147,M4_delayed_info,14.068325037665915,12.663435021435376,20.97028472921309,21.181844195933355,False
D1_M1_collapse,M1_autonomous_Schaefer,11.8,148,M1_autonomous_Schaefer,14.528532883350294,14.347353219513453,21.536718703385773,23.539250330218664,True
D1_M1_collapse,M1_autonomous_Schaefer,11.8,148,M1b_autonomous_Allee,19.1159681983886,24.457168779183977,21.536718703385773,23.539250330218664,False
D1_M1_collapse,M1_autonomous_Schaefer,11.8,148,M2_stockflow_regimeC,14.528532883350294,14.347353219513453,21.536718703385773,23.539250330218664,False
D1_M1_collapse,M1_autonomous_Schaefer,11.8,148,M3_AR_residual,15.19770444198505,13.938350546866639,21.536718703385773,23.539250330218664,False
D1_M1_collapse,M1_autonomous_Schaefer,11.8,148,M4_delayed_info,14.517814204732412,14.73431665320155,21.536718703385773,23.539250330218664,False
D1_M1_collapse,M1_autonomous_Schaefer,11.8,149,M1_autonomous_Schaefer,13.891619109603546,18.142437557133757,31.97539511290744,28.005720683446153,True
D1_M1_collapse,M1_autonomous_Schaefer,11.8,149,M1b_autonomous_Allee,26.867920610445,21.097707836694227,31.97539511290744,28.005720683446153,False
D1_M1_collapse,M1_autonomous_Schaefer,11.8,149,M2_stockflow_regimeC,13.891619109603546,18.142437557133757,31.97539511290744,28.005720683446153,False
D1_M1_collapse,M1_autonomous_Schaefer,11.8,149,M3_AR_residual,13.765585065926091,17.962440524088098,31.97539511290744,28.005720683446153,False
D1_M1_collapse,M1_autonomous_Schaefer,11.8,149,M4_delayed_info,21.09899338388882,18.48969246352477,31.97539511290744,28.005720683446153,False
D1_M1_collapse,M1_autonomous_Schaefer,11.8,150,M1_autonomous_Schaefer,9.55664411707628,9.441116849121887,12.712371081841198,9.11576201364408,False
D1_M1_collapse,M1_autonomous_Schaefer,11.8,150,M1b_autonomous_Allee,10.977437184414958,10.779580651811823,12.712371081841198,9.11576201364408,False
D1_M1_collapse,M1_autonomous_Schaefer,11.8,150,M2_stockflow_regimeC,9.55664411707628,9.441116849121887,12.712371081841198,9.11576201364408,False
D1_M1_collapse,M1_autonomous_Schaefer,11.8,150,M3_AR_residual,9.746169322147734,9.454868896033815,12.712371081841198,9.11576201364408,False
D1_M1_collapse,M1_autonomous_Schaefer,11.8,150,M4_delayed_info,8.676539197723878,9.346108692286236,12.712371081841198,9.11576201364408,False
D1_M1_collapse,M1_autonomous_Schaefer,11.8,151,M1_autonomous_Schaefer,11.071661991416985,12.628384235738205,21.488188404601566,19.00569039309451,True
D1_M1_collapse,M1_autonomous_Schaefer,11.8,151,M1b_autonomous_Allee,18.19309959054907,22.397177644610842,21.488188404601566,19.00569039309451,False
D1_M1_collapse,M1_autonomous_Schaefer,11.8,151,M2_stockflow_regimeC,11.071661991416985,12.628384235738205,21.488188404601566,19.00569039309451,False
D1_M1_collapse,M1_autonomous_Schaefer,11.8,151,M3_AR_residual,11.26409576545768,12.576737163125475,21.488188404601566,19.00569039309451,False
D1_M1_collapse,M1_autonomous_Schaefer,11.8,151,M4_delayed_info,13.630015132777553,12.666887997037048,21.488188404601566,19.00569039309451,False
D1_M1_collapse,M1_autonomous_Schaefer,11.8,152,M1_autonomous_Schaefer,10.883719376907951,9.429333359016761,17.14708061900451,13.226915982657664,True
D1_M1_collapse,M1_autonomous_Schaefer,11.8,152,M1b_autonomous_Allee,13.298194522640681,20.764016361713427,17.14708061900451,13.226915982657664,False
D1_M1_collapse,M1_autonomous_Schaefer,11.8,152,M2_stockflow_regimeC,10.883719376907951,9.429333359016761,17.14708061900451,13.226915982657664,False
D1_M1_collapse,M1_autonomous_Schaefer,11.8,152,M3_AR_residual,11.160702462517254,9.42219460322982,17.14708061900451,13.226915982657664,False
D1_M1_collapse,M1_autonomous_Schaefer,11.8,152,M4_delayed_info,10.785738750499405,9.431427908807454,17.14708061900451,13.226915982657664,False
D1_M1_collapse,M1_autonomous_Schaefer,11.8,153,M1_autonomous_Schaefer,14.075279875094393,13.730845567198399,18.66538507440638,18.611364394522873,True
D1_M1_collapse,M1_autonomous_Schaefer,11.8,153,M1b_autonomous_Allee,14.429911651741419,15.015131230554436,18.66538507440638,18.611364394522873,False
D1_M1_collapse,M1_autonomous_Schaefer,11.8,153,M2_stockflow_regimeC,14.075279875094393,13.730845567198399,18.66538507440638,18.611364394522873,False
D1_M1_collapse,M1_autonomous_Schaefer,11.8,153,M3_AR_residual,14.309000110803327,13.728817708285415,18.66538507440638,18.611364394522873,False
D1_M1_collapse,M1_autonomous_Schaefer,11.8,153,M4_delayed_info,14.140177891179322,13.7322817878173,18.66538507440638,18.611364394522873,False
D1_M1_collapse,M1_autonomous_Schaefer,11.8,154,M1_autonomous_Schaefer,13.213579870374124,12.554887350505313,20.158317046242395,13.752003119889485,True
D1_M1_collapse,M1_autonomous_Schaefer,11.8,154,M1b_autonomous_Allee,16.840137114045845,20.906191548066328,20.158317046242395,13.752003119889485,False
D1_M1_collapse,M1_autonomous_Schaefer,11.8,154,M2_stockflow_regimeC,13.213579870374124,12.554887350505313,20.158317046242395,13.752003119889485,False
D1_M1_collapse,M1_autonomous_Schaefer,11.8,154,M3_AR_residual,13.247059614048354,12.554883009884195,20.158317046242395,13.752003119889485,False
D1_M1_collapse,M1_autonomous_Schaefer,11.8,154,M4_delayed_info,13.13435750408492,12.554852604760047,20.158317046242395,13.752003119889485,False
D1_M1_collapse,M1_autonomous_Schaefer,11.8,155,M1_autonomous_Schaefer,11.919230664225678,13.383974438072142,23.315308149080085,25.186573602717537,True
D1_M1_collapse,M1_autonomous_Schaefer,11.8,155,M1b_autonomous_Allee,15.65832976770579,17.821801938106372,23.315308149080085,25.186573602717537,False
D1_M1_collapse,M1_autonomous_Schaefer,11.8,155,M2_stockflow_regimeC,11.919230664225678,13.383974438072142,23.315308149080085,25.186573602717537,False
D1_M1_collapse,M1_autonomous_Schaefer,11.8,155,M3_AR_residual,12.343780929272603,12.841770921086876,23.315308149080085,25.186573602717537,False
D1_M1_collapse,M1_autonomous_Schaefer,11.8,155,M4_delayed_info,15.139339458843653,14.117671489748647,23.315308149080085,25.186573602717537,False
D1_M1_collapse,M1_autonomous_Schaefer,11.8,156,M1_autonomous_Schaefer,12.095100761662001,12.934302258123044,20.795759403549326,17.93322142530016,True
D1_M1_collapse,M1_autonomous_Schaefer,11.8,156,M1b_autonomous_Allee,18.195189560266158,23.586194711371665,20.795759403549326,17.93322142530016,False
D1_M1_collapse,M1_autonomous_Schaefer,11.8,156,M2_stockflow_regimeC,12.095100761662001,12.934302258123044,20.795759403549326,17.93322142530016,False
D1_M1_collapse,M1_autonomous_Schaefer,11.8,156,M3_AR_residual,12.330233588327538,12.917358953854388,20.795759403549326,17.93322142530016,False
D1_M1_collapse,M1_autonomous_Schaefer,11.8,156,M4_delayed_info,13.017916443338885,12.943979532472925,20.795759403549326,17.93322142530016,False
D1_M1_collapse,M1_autonomous_Schaefer,11.8,157,M1_autonomous_Schaefer,10.927932970792192,12.176548873146277,20.713435142242762,16.87429674850993,True
D1_M1_collapse,M1_autonomous_Schaefer,11.8,157,M1b_autonomous_Allee,17.878596981359202,23.505061323843815,20.713435142242762,16.87429674850993,False
D1_M1_collapse,M1_autonomous_Schaefer,11.8,157,M2_stockflow_regimeC,10.927932970792192,12.176548873146277,20.713435142242762,16.87429674850993,False
D1_M1_collapse,M1_autonomous_Schaefer,11.8,157,M3_AR_residual,11.356367437855988,12.835142102384388,20.713435142242762,16.87429674850993,False
D1_M1_collapse,M1_autonomous_Schaefer,11.8,157,M4_delayed_info,14.355535141928897,12.512946736200252,20.713435142242762,16.87429674850993,False
D1_M1_collapse,M1_autonomous_Schaefer,11.8,158,M1_autonomous_Schaefer,12.611942772146984,13.40605152259004,21.372046896596377,21.205039125019248,True
D1_M1_collapse,M1_autonomous_Schaefer,11.8,158,M1b_autonomous_Allee,18.47142380083829,21.601397721850056,21.372046896596377,21.205039125019248,False
D1_M1_collapse,M1_autonomous_Schaefer,11.8,158,M2_stockflow_regimeC,12.611942772146984,13.40605152259004,21.372046896596377,21.205039125019248,False
D1_M1_collapse,M1_autonomous_Schaefer,11.8,158,M3_AR_residual,12.612889614071934,13.364902400038284,21.372046896596377,21.205039125019248,False
D1_M1_collapse,M1_autonomous_Schaefer,11.8,158,M4_delayed_info,13.259902241299715,13.440128962669796,21.372046896596377,21.205039125019248,False
D1_M1_collapse,M1_autonomous_Schaefer,11.8,159,M1_autonomous_Schaefer,15.31179102047751,13.732932875154475,21.848317186402536,19.629199319803792,True
D1_M1_collapse,M1_autonomous_Schaefer,11.8,159,M1b_autonomous_Allee,18.82311701598724,27.502224966356273,21.848317186402536,19.629199319803792,False
D1_M1_collapse,M1_autonomous_Schaefer,11.8,159,M2_stockflow_regimeC,15.31179102047751,13.732932875154475,21.848317186402536,19.629199319803792,False
D1_M1_collapse,M1_autonomous_Schaefer,11.8,159,M3_AR_residual,15.833253258269727,13.736789178429063,21.848317186402536,19.629199319803792,False
D1_M1_collapse,M1_autonomous_Schaefer,11.8,159,M4_delayed_info,14.763776732991381,13.73126916187731,21.848317186402536,19.629199319803792,False
D1_M1_collapse,M1_autonomous_Schaefer,11.8,160,M1_autonomous_Schaefer,11.422706882040417,11.299598113202983,20.616570261028315,15.622647967686195,True
D1_M1_collapse,M1_autonomous_Schaefer,11.8,160,M1b_autonomous_Allee,16.08507427724358,18.36483296384741,20.616570261028315,15.622647967686195,False
D1_M1_collapse,M1_autonomous_Schaefer,11.8,160,M2_stockflow_regimeC,11.422706882040417,11.299598113202983,20.616570261028315,15.622647967686195,False
D1_M1_collapse,M1_autonomous_Schaefer,11.8,160,M3_AR_residual,12.995008281188081,11.534059418187635,20.616570261028315,15.622647967686195,False
D1_M1_collapse,M1_autonomous_Schaefer,11.8,160,M4_delayed_info,13.364946374018333,12.011942732728087,20.616570261028315,15.622647967686195,False
D1_M1_collapse,M1_autonomous_Schaefer,11.8,161,M1_autonomous_Schaefer,13.309376614560819,12.895741007546606,20.263394293083355,16.432563646848426,True
D1_M1_collapse,M1_autonomous_Schaefer,11.8,161,M1b_autonomous_Allee,18.248892288873943,18.459656489522143,20.263394293083355,16.432563646848426,False
D1_M1_collapse,M1_autonomous_Schaefer,11.8,161,M2_stockflow_regimeC,13.309376614560819,12.895741007546606,20.263394293083355,16.432563646848426,False
D1_M1_collapse,M1_autonomous_Schaefer,11.8,161,M3_AR_residual,13.861686659715554,12.909430794845631,20.263394293083355,16.432563646848426,False
D1_M1_collapse,M1_autonomous_Schaefer,11.8,161,M4_delayed_info,13.260361818057003,12.885208893549768,20.263394293083355,16.432563646848426,False
D1_M1_collapse,M1_autonomous_Schaefer,11.8,162,M1_autonomous_Schaefer,8.68440418682667,11.523671436439589,22.612969620375832,20.61526596656875,True
D1_M1_collapse,M1_autonomous_Schaefer,11.8,162,M1b_autonomous_Allee,16.703609800435714,19.5748629020072,22.612969620375832,20.61526596656875,False
D1_M1_collapse,M1_autonomous_Schaefer,11.8,162,M2_stockflow_regimeC,8.68440418682667,11.523671436439589,22.612969620375832,20.61526596656875,False
D1_M1_collapse,M1_autonomous_Schaefer,11.8,162,M3_AR_residual,8.439017259130745,11.5059686658662,22.612969620375832,20.61526596656875,False
D1_M1_collapse,M1_autonomous_Schaefer,11.8,162,M4_delayed_info,11.135437138104079,11.585676812831275,22.612969620375832,20.61526596656875,False
D1_M1_collapse,M1_autonomous_Schaefer,11.8,163,M1_autonomous_Schaefer,13.319151434329894,17.657922248501666,31.645021784661488,21.888620891390257,True
D1_M1_collapse,M1_autonomous_Schaefer,11.8,163,M1b_autonomous_Allee,20.184050850551397,17.207670269301943,31.645021784661488,21.888620891390257,False
D1_M1_collapse,M1_autonomous_Schaefer,11.8,163,M2_stockflow_regimeC,13.319151434329894,17.657922248501666,31.645021784661488,21.888620891390257,False
D1_M1_collapse,M1_autonomous_Schaefer,11.8,163,M3_AR_residual,13.061692741921911,18.007902742758816,31.645021784661488,21.888620891390257,False
D1_M1_collapse,M1_autonomous_Schaefer,11.8,163,M4_delayed_info,19.343439882606773,17.485155742741284,31.645021784661488,21.888620891390257,False
D1_M1_collapse,M1_autonomous_Schaefer,11.8,164,M1_autonomous_Schaefer,12.548153231153057,15.088561743927468,24.5800302072646,15.816537861987895,False
D1_M1_collapse,M1_autonomous_Schaefer,11.8,164,M1b_autonomous_Allee,22.058459942945383,23.119033336977715,24.5800302072646,15.816537861987895,False
D1_M1_collapse,M1_autonomous_Schaefer,11.8,164,M2_stockflow_regimeC,12.548153231153057,15.088561743927468,24.5800302072646,15.816537861987895,False
D1_M1_collapse,M1_autonomous_Schaefer,11.8,164,M3_AR_residual,12.82709790487135,15.086094181376918,24.5800302072646,15.816537861987895,False
D1_M1_collapse,M1_autonomous_Schaefer,11.8,164,M4_delayed_info,13.974304725359781,15.06900207840232,24.5800302072646,15.816537861987895,False
D1_M1_collapse,M1_autonomous_Schaefer,11.8,165,M1_autonomous_Schaefer,10.68939923265277,11.294427905175729,15.398338634258508,13.292653957379196,True
D1_M1_collapse,M1_autonomous_Schaefer,11.8,165,M1b_autonomous_Allee,17.022728993716736,21.73599871157569,15.398338634258508,13.292653957379196,False
D1_M1_collapse,M1_autonomous_Schaefer,11.8,165,M2_stockflow_regimeC,10.68939923265277,11.294427905175729,15.398338634258508,13.292653957379196,False
D1_M1_collapse,M1_autonomous_Schaefer,11.8,165,M3_AR_residual,10.754586785332506,11.295499809127467,15.398338634258508,13.292653957379196,False
D1_M1_collapse,M1_autonomous_Schaefer,11.8,165,M4_delayed_info,10.550408594509515,11.291760806250677,15.398338634258508,13.292653957379196,False
D1_M1_collapse,M1_autonomous_Schaefer,11.8,166,M1_autonomous_Schaefer,13.176189489751158,13.672610011479824,23.899390816257288,20.473234272941898,True
D1_M1_collapse,M1_autonomous_Schaefer,11.8,166,M1b_autonomous_Allee,20.403984668219767,27.08239719001244,23.899390816257288,20.473234272941898,False
D1_M1_collapse,M1_autonomous_Schaefer,11.8,166,M2_stockflow_regimeC,13.176189489751158,13.672610011479824,23.899390816257288,20.473234272941898,False
D1_M1_collapse,M1_autonomous_Schaefer,11.8,166,M3_AR_residual,13.86059512606997,13.772730544667535,23.899390816257288,20.473234272941898,False
D1_M1_collapse,M1_autonomous_Schaefer,11.8,166,M4_delayed_info,13.996607527054735,13.624051367053095,23.899390816257288,20.473234272941898,False
D1_M1_collapse,M1_autonomous_Schaefer,11.8,167,M1_autonomous_Schaefer,12.060057607656562,13.188807006365233,21.625577661934614,15.410820376236314,True
D1_M1_collapse,M1_autonomous_Schaefer,11.8,167,M1b_autonomous_Allee,15.342680813904774,12.965278000182003,21.625577661934614,15.410820376236314,False
D1_M1_collapse,M1_autonomous_Schaefer,11.8,167,M2_stockflow_regimeC,12.060057607656562,13.188807006365233,21.625577661934614,15.410820376236314,False
D1_M1_collapse,M1_autonomous_Schaefer,11.8,167,M3_AR_residual,13.24256309282792,13.59900798759147,21.625577661934614,15.410820376236314,False
D1_M1_collapse,M1_autonomous_Schaefer,11.8,167,M4_delayed_info,14.277360155002201,12.943815464517897,21.625577661934614,15.410820376236314,False
D1_M1_collapse,M1_autonomous_Schaefer,11.8,168,M1_autonomous_Schaefer,13.582076820509894,16.2447411694132,27.291216103329045,24.593633464394244,True
D1_M1_collapse,M1_autonomous_Schaefer,11.8,168,M1b_autonomous_Allee,23.168703342021583,30.99514303815487,27.291216103329045,24.593633464394244,False
D1_M1_collapse,M1_autonomous_Schaefer,11.8,168,M2_stockflow_regimeC,13.582076820509894,16.2447411694132,27.291216103329045,24.593633464394244,False
D1_M1_collapse,M1_autonomous_Schaefer,11.8,168,M3_AR_residual,13.114996830702932,16.25550731906071,27.291216103329045,24.593633464394244,False
D1_M1_collapse,M1_autonomous_Schaefer,11.8,168,M4_delayed_info,15.461692630518654,16.264420796403645,27.291216103329045,24.593633464394244,False
D1_M1_collapse,M1_autonomous_Schaefer,11.8,169,M1_autonomous_Schaefer,14.099568270226907,14.425698993620736,22.286583178900738,20.51285579618824,True
D1_M1_collapse,M1_autonomous_Schaefer,11.8,169,M1b_autonomous_Allee,19.404005717723468,23.024615140997177,22.286583178900738,20.51285579618824,False
D1_M1_collapse,M1_autonomous_Schaefer,11.8,169,M2_stockflow_regimeC,14.099568270226907,14.425698993620736,22.286583178900738,20.51285579618824,False
D1_M1_collapse,M1_autonomous_Schaefer,11.8,169,M3_AR_residual,15.781306923428616,14.655939344146873,22.286583178900738,20.51285579618824,False
D1_M1_collapse,M1_autonomous_Schaefer,11.8,169,M4_delayed_info,13.529664246060443,14.4408453812515,22.286583178900738,20.51285579618824,False
D1_M1_collapse,M1_autonomous_Schaefer,11.8,170,M1_autonomous_Schaefer,13.512807186765711,13.634905593024543,22.281214513505002,20.006844506805038,True
D1_M1_collapse,M1_autonomous_Schaefer,11.8,170,M1b_autonomous_Allee,16.94248177067962,16.865784183113444,22.281214513505002,20.006844506805038,False
D1_M1_collapse,M1_autonomous_Schaefer,11.8,170,M2_stockflow_regimeC,13.512807186765711,13.634905593024543,22.281214513505002,20.006844506805038,False
D1_M1_collapse,M1_autonomous_Schaefer,11.8,170,M3_AR_residual,13.820633545456763,13.629709413380194,22.281214513505002,20.006844506805038,False
D1_M1_collapse,M1_autonomous_Schaefer,11.8,170,M4_delayed_info,13.978755893747001,13.662638379890314,22.281214513505002,20.006844506805038,False
D1_M1_collapse,M1_autonomous_Schaefer,11.8,171,M1_autonomous_Schaefer,12.617808289878733,12.187948724801474,18.39437362616218,15.162311543681835,True
D1_M1_collapse,M1_autonomous_Schaefer,11.8,171,M1b_autonomous_Allee,13.42508529167802,13.803625241365854,18.39437362616218,15.162311543681835,False
D1_M1_collapse,M1_autonomous_Schaefer,11.8,171,M2_stockflow_regimeC,12.617808289878733,12.187948724801474,18.39437362616218,15.162311543681835,False
D1_M1_collapse,M1_autonomous_Schaefer,11.8,171,M3_AR_residual,12.929061667506137,12.198608964394998,18.39437362616218,15.162311543681835,False
D1_M1_collapse,M1_autonomous_Schaefer,11.8,171,M4_delayed_info,12.102268071524291,12.16630230060913,18.39437362616218,15.162311543681835,False
D1_M1_collapse,M1_autonomous_Schaefer,11.8,172,M1_autonomous_Schaefer,14.255663422506782,18.78451286670739,32.58730400478792,31.36313230195153,True
D1_M1_collapse,M1_autonomous_Schaefer,11.8,172,M1b_autonomous_Allee,24.87453353763923,32.83775369713741,32.58730400478792,31.36313230195153,False
D1_M1_collapse,M1_autonomous_Schaefer,11.8,172,M2_stockflow_regimeC,14.255663422506782,18.78451286670739,32.58730400478792,31.36313230195153,False
D1_M1_collapse,M1_autonomous_Schaefer,11.8,172,M3_AR_residual,14.733633259272048,18.81708400393868,32.58730400478792,31.36313230195153,False
D1_M1_collapse,M1_autonomous_Schaefer,11.8,172,M4_delayed_info,16.96391175793516,18.88145839402447,32.58730400478792,31.36313230195153,False
D1_M1_collapse,M1_autonomous_Schaefer,11.8,173,M1_autonomous_Schaefer,9.392643205407651,9.754799266828178,15.146434702048982,11.710155867173858,True
D1_M1_collapse,M1_autonomous_Schaefer,11.8,173,M1b_autonomous_Allee,9.765116731481296,9.071047882972914,15.146434702048982,11.710155867173858,False
D1_M1_collapse,M1_autonomous_Schaefer,11.8,173,M2_stockflow_regimeC,9.392643205407651,9.754799266828178,15.146434702048982,11.710155867173858,False
D1_M1_collapse,M1_autonomous_Schaefer,11.8,173,M3_AR_residual,10.499155519925326,9.575648122513721,15.146434702048982,11.710155867173858,False
D1_M1_collapse,M1_autonomous_Schaefer,11.8,173,M4_delayed_info,10.240849840166415,10.061528462776584,15.146434702048982,11.710155867173858,False
D1_M1_collapse,M1_autonomous_Schaefer,11.8,174,M1_autonomous_Schaefer,14.21244790826313,12.640275415806414,22.90503016400541,17.025693483541755,True
D1_M1_collapse,M1_autonomous_Schaefer,11.8,174,M1b_autonomous_Allee,19.1116519916768,14.290609821496528,22.90503016400541,17.025693483541755,False
D1_M1_collapse,M1_autonomous_Schaefer,11.8,174,M2_stockflow_regimeC,14.21244790826313,12.640275415806414,22.90503016400541,17.025693483541755,False
D1_M1_collapse,M1_autonomous_Schaefer,11.8,174,M3_AR_residual,14.140220729655258,12.636995065797802,22.90503016400541,17.025693483541755,False
D1_M1_collapse,M1_autonomous_Schaefer,11.8,174,M4_delayed_info,15.235637829895275,12.544262440143601,22.90503016400541,17.025693483541755,False
D1_M1_collapse,M1_autonomous_Schaefer,11.8,175,M1_autonomous_Schaefer,9.456233547941686,9.704015079090972,13.186859113751769,13.054969182234078,True
D1_M1_collapse,M1_autonomous_Schaefer,11.8,175,M1b_autonomous_Allee,10.707243050826268,17.064869154403503,13.186859113751769,13.054969182234078,False
D1_M1_collapse,M1_autonomous_Schaefer,11.8,175,M2_stockflow_regimeC,9.456233547941686,9.704015079090972,13.186859113751769,13.054969182234078,False
D1_M1_collapse,M1_autonomous_Schaefer,11.8,175,M3_AR_residual,9.791963654774955,9.706806087445432,13.186859113751769,13.054969182234078,False
D1_M1_collapse,M1_autonomous_Schaefer,11.8,175,M4_delayed_info,9.313986375117794,9.6998436877862,13.186859113751769,13.054969182234078,False
D1_M1_collapse,M1_autonomous_Schaefer,11.8,176,M1_autonomous_Schaefer,14.045633059625747,12.834221582051182,22.83163307296416,14.549569069065024,True
D1_M1_collapse,M1_autonomous_Schaefer,11.8,176,M1b_autonomous_Allee,19.736345428438145,28.97959630986255,22.83163307296416,14.549569069065024,False
D1_M1_collapse,M1_autonomous_Schaefer,11.8,176,M2_stockflow_regimeC,14.045633059625747,12.834221582051182,22.83163307296416,14.549569069065024,False
D1_M1_collapse,M1_autonomous_Schaefer,11.8,176,M3_AR_residual,13.746237699074104,12.893140894657877,22.83163307296416,14.549569069065024,False
D1_M1_collapse,M1_autonomous_Schaefer,11.8,176,M4_delayed_info,14.834948433948382,12.804543497777622,22.83163307296416,14.549569069065024,False
D1_M1_collapse,M1_autonomous_Schaefer,11.8,177,M1_autonomous_Schaefer,10.87779923234425,10.236638784505008,17.63543227881035,15.552459157281168,True
D1_M1_collapse,M1_autonomous_Schaefer,11.8,177,M1b_autonomous_Allee,11.734045355743248,10.597025159305506,17.63543227881035,15.552459157281168,False
D1_M1_collapse,M1_autonomous_Schaefer,11.8,177,M2_stockflow_regimeC,10.87779923234425,10.236638784505008,17.63543227881035,15.552459157281168,False
D1_M1_collapse,M1_autonomous_Schaefer,11.8,177,M3_AR_residual,11.609553696402084,10.178896083690816,17.63543227881035,15.552459157281168,False
D1_M1_collapse,M1_autonomous_Schaefer,11.8,177,M4_delayed_info,11.715904737220322,10.29770949003396,17.63543227881035,15.552459157281168,False
D1_M1_collapse,M1_autonomous_Schaefer,11.8,178,M1_autonomous_Schaefer,12.411547211926209,14.092205587523765,24.26557608312684,22.32518815061389,True
D1_M1_collapse,M1_autonomous_Schaefer,11.8,178,M1b_autonomous_Allee,20.010887007996796,27.01686591017954,24.26557608312684,22.32518815061389,False
D1_M1_collapse,M1_autonomous_Schaefer,11.8,178,M2_stockflow_regimeC,12.411547211926209,14.092205587523765,24.26557608312684,22.32518815061389,False
D1_M1_collapse,M1_autonomous_Schaefer,11.8,178,M3_AR_residual,12.544231879715056,13.990707755137493,24.26557608312684,22.32518815061389,False
D1_M1_collapse,M1_autonomous_Schaefer,11.8,178,M4_delayed_info,15.474461103584986,14.183275153876309,24.26557608312684,22.32518815061389,False
D1_M1_collapse,M1_autonomous_Schaefer,11.8,179,M1_autonomous_Schaefer,15.308732257666417,16.467905871424854,24.713062426908195,25.486319512673443,True
D1_M1_collapse,M1_autonomous_Schaefer,11.8,179,M1b_autonomous_Allee,19.243030177055005,24.434931511986623,24.713062426908195,25.486319512673443,False
D1_M1_collapse,M1_autonomous_Schaefer,11.8,179,M2_stockflow_regimeC,15.308732257666417,16.467905871424854,24.713062426908195,25.486319512673443,False
D1_M1_collapse,M1_autonomous_Schaefer,11.8,179,M3_AR_residual,15.575198556137938,16.468621354501302,24.713062426908195,25.486319512673443,False
D1_M1_collapse,M1_autonomous_Schaefer,11.8,179,M4_delayed_info,15.364821053522059,16.47651972438272,24.713062426908195,25.486319512673443,False
D1_M1_collapse,M1_autonomous_Schaefer,11.8,180,M1_autonomous_Schaefer,14.592396983162727,15.57608655126215,29.23029215704646,18.22810142862672,True
D1_M1_collapse,M1_autonomous_Schaefer,11.8,180,M1b_autonomous_Allee,19.764011509521236,17.275484751061036,29.23029215704646,18.22810142862672,False
D1_M1_collapse,M1_autonomous_Schaefer,11.8,180,M2_stockflow_regimeC,14.592396983162727,15.57608655126215,29.23029215704646,18.22810142862672,False
D1_M1_collapse,M1_autonomous_Schaefer,11.8,180,M3_AR_residual,14.365031170352394,17.127296219869166,29.23029215704646,18.22810142862672,False
D1_M1_collapse,M1_autonomous_Schaefer,11.8,180,M4_delayed_info,19.475468838929572,16.049854504546918,29.23029215704646,18.22810142862672,False
D1_M1_collapse,M1_autonomous_Schaefer,11.8,181,M1_autonomous_Schaefer,10.927239700745972,9.542491305920846,14.426815400807797,13.62127076451638,True
D1_M1_collapse,M1_autonomous_Schaefer,11.8,181,M1b_autonomous_Allee,12.862783916934353,16.474828296819503,14.426815400807797,13.62127076451638,False
D1_M1_collapse,M1_autonomous_Schaefer,11.8,181,M2_stockflow_regimeC,10.927239700745972,9.542491305920846,14.426815400807797,13.62127076451638,False
D1_M1_collapse,M1_autonomous_Schaefer,11.8,181,M3_AR_residual,11.745408463373664,9.556935080412252,14.426815400807797,13.62127076451638,False
D1_M1_collapse,M1_autonomous_Schaefer,11.8,181,M4_delayed_info,9.687682302542997,9.5310126905293,14.426815400807797,13.62127076451638,False
D1_M1_collapse,M1_autonomous_Schaefer,11.8,182,M1_autonomous_Schaefer,13.57714073925578,13.286004851332601,22.238512940799563,20.763316230662376,True
D1_M1_collapse,M1_autonomous_Schaefer,11.8,182,M1b_autonomous_Allee,20.27284445601102,33.42660074678856,22.238512940799563,20.763316230662376,False
D1_M1_collapse,M1_autonomous_Schaefer,11.8,182,M2_stockflow_regimeC,13.57714073925578,13.286004851332601,22.238512940799563,20.763316230662376,False
D1_M1_collapse,M1_autonomous_Schaefer,11.8,182,M3_AR_residual,14.319490921619984,13.076183023227143,22.238512940799563,20.763316230662376,False
D1_M1_collapse,M1_autonomous_Schaefer,11.8,182,M4_delayed_info,14.845172534754564,13.55411442379652,22.238512940799563,20.763316230662376,False
D1_M1_collapse,M1_autonomous_Schaefer,11.8,183,M1_autonomous_Schaefer,10.00791808354864,9.304127523999218,14.957228412348865,15.064868997120582,True
D1_M1_collapse,M1_autonomous_Schaefer,11.8,183,M1b_autonomous_Allee,13.257892041382275,15.483626227721972,14.957228412348865,15.064868997120582,False
D1_M1_collapse,M1_autonomous_Schaefer,11.8,183,M2_stockflow_regimeC,10.00791808354864,9.304127523999218,14.957228412348865,15.064868997120582,False
D1_M1_collapse,M1_autonomous_Schaefer,11.8,183,M3_AR_residual,11.233627252091882,9.447344097170303,14.957228412348865,15.064868997120582,False
D1_M1_collapse,M1_autonomous_Schaefer,11.8,183,M4_delayed_info,10.657623282953319,9.365065924470557,14.957228412348865,15.064868997120582,False
D1_M1_collapse,M1_autonomous_Schaefer,11.8,184,M1_autonomous_Schaefer,14.498279631336635,15.873722563910361,23.575981062089618,20.0823748460626,True
D1_M1_collapse,M1_autonomous_Schaefer,11.8,184,M1b_autonomous_Allee,22.129750206401102,27.04907537295965,23.575981062089618,20.0823748460626,False
D1_M1_collapse,M1_autonomous_Schaefer,11.8,184,M2_stockflow_regimeC,14.498279631336635,15.873722563910361,23.575981062089618,20.0823748460626,False
D1_M1_collapse,M1_autonomous_Schaefer,11.8,184,M3_AR_residual,15.189190199688051,15.837875420476447,23.575981062089618,20.0823748460626,False
D1_M1_collapse,M1_autonomous_Schaefer,11.8,184,M4_delayed_info,14.796606407314291,15.82315952634302,23.575981062089618,20.0823748460626,False
D1_M1_collapse,M1_autonomous_Schaefer,11.8,185,M1_autonomous_Schaefer,12.832589377620025,13.563873541008414,21.943416546199842,17.977760694589225,True
D1_M1_collapse,M1_autonomous_Schaefer,11.8,185,M1b_autonomous_Allee,22.681286964148587,32.1716383633774,21.943416546199842,17.977760694589225,False
D1_M1_collapse,M1_autonomous_Schaefer,11.8,185,M2_stockflow_regimeC,12.832589377620025,13.563873541008414,21.943416546199842,17.977760694589225,False
D1_M1_collapse,M1_autonomous_Schaefer,11.8,185,M3_AR_residual,12.942206781219294,13.567383842737014,21.943416546199842,17.977760694589225,False
D1_M1_collapse,M1_autonomous_Schaefer,11.8,185,M4_delayed_info,13.416309492883313,13.545494560290878,21.943416546199842,17.977760694589225,False
D1_M1_collapse,M1_autonomous_Schaefer,11.8,186,M1_autonomous_Schaefer,11.04384463549734,11.667130404409512,17.297139616495524,17.132789945384303,True
D1_M1_collapse,M1_autonomous_Schaefer,11.8,186,M1b_autonomous_Allee,17.24201998126707,23.60219500401431,17.297139616495524,17.132789945384303,False
D1_M1_collapse,M1_autonomous_Schaefer,11.8,186,M2_stockflow_regimeC,11.04384463549734,11.667130404409512,17.297139616495524,17.132789945384303,False
D1_M1_collapse,M1_autonomous_Schaefer,11.8,186,M3_AR_residual,10.805302666704804,11.665425042097096,17.297139616495524,17.132789945384303,False
D1_M1_collapse,M1_autonomous_Schaefer,11.8,186,M4_delayed_info,10.929069756869994,11.66795821085831,17.297139616495524,17.132789945384303,False
D1_M1_collapse,M1_autonomous_Schaefer,11.8,187,M1_autonomous_Schaefer,10.89553380202936,10.027542327625481,13.314683284858072,11.867345053069702,True
D1_M1_collapse,M1_autonomous_Schaefer,11.8,187,M1b_autonomous_Allee,11.896340863928632,14.930283413420641,13.314683284858072,11.867345053069702,False
D1_M1_collapse,M1_autonomous_Schaefer,11.8,187,M2_stockflow_regimeC,10.89553380202936,10.027542327625481,13.314683284858072,11.867345053069702,False
D1_M1_collapse,M1_autonomous_Schaefer,11.8,187,M3_AR_residual,11.040065066082978,10.029020808638597,13.314683284858072,11.867345053069702,False
D1_M1_collapse,M1_autonomous_Schaefer,11.8,187,M4_delayed_info,10.50503541743363,10.025608463581891,13.314683284858072,11.867345053069702,False
D1_M1_collapse,M1_autonomous_Schaefer,11.8,188,M1_autonomous_Schaefer,11.317417839188032,14.32508126534329,24.12343030011645,15.318859276208086,True
D1_M1_collapse,M1_autonomous_Schaefer,11.8,188,M1b_autonomous_Allee,18.613600497614872,19.3376159940286,24.12343030011645,15.318859276208086,False
D1_M1_collapse,M1_autonomous_Schaefer,11.8,188,M2_stockflow_regimeC,11.317417839188032,14.32508126534329,24.12343030011645,15.318859276208086,False
D1_M1_collapse,M1_autonomous_Schaefer,11.8,188,M3_AR_residual,11.220696333439983,14.370185543391043,24.12343030011645,15.318859276208086,False
D1_M1_collapse,M1_autonomous_Schaefer,11.8,188,M4_delayed_info,14.009539144677866,14.226339651875634,24.12343030011645,15.318859276208086,False
D1_M1_collapse,M1_autonomous_Schaefer,11.8,189,M1_autonomous_Schaefer,12.047802369119719,12.939640604618674,22.439127853999846,18.99465049447815,True
D1_M1_collapse,M1_autonomous_Schaefer,11.8,189,M1b_autonomous_Allee,19.499918928536008,26.35088308503132,22.439127853999846,18.99465049447815,False
D1_M1_collapse,M1_autonomous_Schaefer,11.8,189,M2_stockflow_regimeC,12.047802369119719,12.939640604618674,22.439127853999846,18.99465049447815,False
D1_M1_collapse,M1_autonomous_Schaefer,11.8,189,M3_AR_residual,12.449730046677551,12.872148972293678,22.439127853999846,18.99465049447815,False
D1_M1_collapse,M1_autonomous_Schaefer,11.8,189,M4_delayed_info,13.889658553133803,13.020015734452594,22.439127853999846,18.99465049447815,False
D1_M1_collapse,M1_autonomous_Schaefer,11.8,190,M1_autonomous_Schaefer,11.900244335713811,12.894544671671824,17.34972034016973,17.27188206217938,True
D1_M1_collapse,M1_autonomous_Schaefer,11.8,190,M1b_autonomous_Allee,12.809503215106284,16.328209526755888,17.34972034016973,17.27188206217938,False
D1_M1_collapse,M1_autonomous_Schaefer,11.8,190,M2_stockflow_regimeC,11.900244335713811,12.894544671671824,17.34972034016973,17.27188206217938,False
D1_M1_collapse,M1_autonomous_Schaefer,11.8,190,M3_AR_residual,12.518623627403427,13.11571419386349,17.34972034016973,17.27188206217938,False
D1_M1_collapse,M1_autonomous_Schaefer,11.8,190,M4_delayed_info,11.881132613646123,12.725754249216587,17.34972034016973,17.27188206217938,False
D1_M1_collapse,M1_autonomous_Schaefer,11.8,191,M1_autonomous_Schaefer,10.415303070446067,11.22852038174444,20.436886063757708,14.34028992505235,True
D1_M1_collapse,M1_autonomous_Schaefer,11.8,191,M1b_autonomous_Allee,14.92539554896847,11.592951135865725,20.436886063757708,14.34028992505235,False
D1_M1_collapse,M1_autonomous_Schaefer,11.8,191,M2_stockflow_regimeC,10.415303070446067,11.22852038174444,20.436886063757708,14.34028992505235,False
D1_M1_collapse,M1_autonomous_Schaefer,11.8,191,M3_AR_residual,10.879671550607084,11.492718950743635,20.436886063757708,14.34028992505235,False
D1_M1_collapse,M1_autonomous_Schaefer,11.8,191,M4_delayed_info,13.4028940457877,11.12131409752304,20.436886063757708,14.34028992505235,False
D1_M1_collapse,M1_autonomous_Schaefer,11.8,192,M1_autonomous_Schaefer,13.823762683254676,14.852599787916786,22.207216953479847,23.638718504603506,True
D1_M1_collapse,M1_autonomous_Schaefer,11.8,192,M1b_autonomous_Allee,21.74617632501665,31.630608570819938,22.207216953479847,23.638718504603506,False
D1_M1_collapse,M1_autonomous_Schaefer,11.8,192,M2_stockflow_regimeC,13.823762683254676,14.852599787916786,22.207216953479847,23.638718504603506,False
D1_M1_collapse,M1_autonomous_Schaefer,11.8,192,M3_AR_residual,13.931921082651062,14.844277017885767,22.207216953479847,23.638718504603506,False
D1_M1_collapse,M1_autonomous_Schaefer,11.8,192,M4_delayed_info,14.543267924257703,14.895547771420336,22.207216953479847,23.638718504603506,False
D1_M1_collapse,M1_autonomous_Schaefer,11.8,193,M1_autonomous_Schaefer,13.268774156662179,15.787756986360831,26.61721085677293,25.294235384359478,True
D1_M1_collapse,M1_autonomous_Schaefer,11.8,193,M1b_autonomous_Allee,23.16414482859784,27.20543973777939,26.61721085677293,25.294235384359478,False
D1_M1_collapse,M1_autonomous_Schaefer,11.8,193,M2_stockflow_regimeC,13.268774156662179,15.787756986360831,26.61721085677293,25.294235384359478,False
D1_M1_collapse,M1_autonomous_Schaefer,11.8,193,M3_AR_residual,13.98748591038782,15.709445434127828,26.61721085677293,25.294235384359478,False
D1_M1_collapse,M1_autonomous_Schaefer,11.8,193,M4_delayed_info,15.613600125543899,15.94961197606158,26.61721085677293,25.294235384359478,False
D1_M1_collapse,M1_autonomous_Schaefer,11.8,194,M1_autonomous_Schaefer,11.13917881391117,13.839310990826032,22.67983430144733,17.407561831818892,True
D1_M1_collapse,M1_autonomous_Schaefer,11.8,194,M1b_autonomous_Allee,16.579394037483887,25.504867889609848,22.67983430144733,17.407561831818892,False
D1_M1_collapse,M1_autonomous_Schaefer,11.8,194,M2_stockflow_regimeC,11.13917881391117,13.839310990826032,22.67983430144733,17.407561831818892,False
D1_M1_collapse,M1_autonomous_Schaefer,11.8,194,M3_AR_residual,11.079581678604608,13.836459247917983,22.67983430144733,17.407561831818892,False
D1_M1_collapse,M1_autonomous_Schaefer,11.8,194,M4_delayed_info,13.419527088587722,13.839827291343125,22.67983430144733,17.407561831818892,False
D1_M1_collapse,M1_autonomous_Schaefer,11.8,195,M1_autonomous_Schaefer,12.516711314530358,14.284944157489756,22.52443444298305,13.840480311406276,False
D1_M1_collapse,M1_autonomous_Schaefer,11.8,195,M1b_autonomous_Allee,14.618493115888684,14.108196271572835,22.52443444298305,13.840480311406276,False
D1_M1_collapse,M1_autonomous_Schaefer,11.8,195,M2_stockflow_regimeC,12.516711314530358,14.284944157489756,22.52443444298305,13.840480311406276,False
D1_M1_collapse,M1_autonomous_Schaefer,11.8,195,M3_AR_residual,12.785641846027069,14.276905758942217,22.52443444298305,13.840480311406276,False
D1_M1_collapse,M1_autonomous_Schaefer,11.8,195,M4_delayed_info,13.99500844687376,14.2471337875806,22.52443444298305,13.840480311406276,False
D1_M1_collapse,M1_autonomous_Schaefer,11.8,196,M1_autonomous_Schaefer,11.865467041783544,10.88540975570543,20.275334057625283,16.031838861864404,True
D1_M1_collapse,M1_autonomous_Schaefer,11.8,196,M1b_autonomous_Allee,18.322406005759774,27.22896476533636,20.275334057625283,16.031838861864404,False
D1_M1_collapse,M1_autonomous_Schaefer,11.8,196,M2_stockflow_regimeC,11.865467041783544,10.88540975570543,20.275334057625283,16.031838861864404,False
D1_M1_collapse,M1_autonomous_Schaefer,11.8,196,M3_AR_residual,11.783040422597361,10.895000225481963,20.275334057625283,16.031838861864404,False
D1_M1_collapse,M1_autonomous_Schaefer,11.8,196,M4_delayed_info,12.994045534059683,10.865448893610706,20.275334057625283,16.031838861864404,False
D1_M1_collapse,M1_autonomous_Schaefer,11.8,197,M1_autonomous_Schaefer,12.313596537941727,9.937291677007922,16.105395416467797,12.80330379766109,True
D1_M1_collapse,M1_autonomous_Schaefer,11.8,197,M1b_autonomous_Allee,16.62290796103192,17.09306427847851,16.105395416467797,12.80330379766109,False
D1_M1_collapse,M1_autonomous_Schaefer,11.8,197,M2_stockflow_regimeC,12.313596537941727,9.937291677007922,16.105395416467797,12.80330379766109,False
D1_M1_collapse,M1_autonomous_Schaefer,11.8,197,M3_AR_residual,13.091259580619516,9.930074401522932,16.105395416467797,12.80330379766109,False
D1_M1_collapse,M1_autonomous_Schaefer,11.8,197,M4_delayed_info,11.282726019673955,9.958216338546451,16.105395416467797,12.80330379766109,False
D1_M1_collapse,M1_autonomous_Schaefer,11.8,198,M1_autonomous_Schaefer,6.4598147244785435,6.180549587931203,9.624122111410134,9.44718728130571,True
D1_M1_collapse,M1_autonomous_Schaefer,11.8,198,M1b_autonomous_Allee,10.593356065253039,17.668391811879687,9.624122111410134,9.44718728130571,False
D1_M1_collapse,M1_autonomous_Schaefer,11.8,198,M2_stockflow_regimeC,6.4598147244785435,6.180549587931203,9.624122111410134,9.44718728130571,False
D1_M1_collapse,M1_autonomous_Schaefer,11.8,198,M3_AR_residual,6.9910216318659755,6.0828853560238665,9.624122111410134,9.44718728130571,False
D1_M1_collapse,M1_autonomous_Schaefer,11.8,198,M4_delayed_info,7.035959730947069,6.273254198549022,9.624122111410134,9.44718728130571,False
D1_M1_collapse,M1_autonomous_Schaefer,11.8,199,M1_autonomous_Schaefer,9.455351839955052,10.654074578521888,17.08928079890609,16.872005899994726,True
D1_M1_collapse,M1_autonomous_Schaefer,11.8,199,M1b_autonomous_Allee,14.168475756934006,18.766187907170824,17.08928079890609,16.872005899994726,False
D1_M1_collapse,M1_autonomous_Schaefer,11.8,199,M2_stockflow_regimeC,9.455351839955052,10.654074578521888,17.08928079890609,16.872005899994726,False
D1_M1_collapse,M1_autonomous_Schaefer,11.8,199,M3_AR_residual,10.034322765968222,10.683945844546912,17.08928079890609,16.872005899994726,False
D1_M1_collapse,M1_autonomous_Schaefer,11.8,199,M4_delayed_info,10.76261967089685,10.672987020967891,17.08928079890609,16.872005899994726,False
D1_M1_collapse,M1_autonomous_Schaefer,33.8,0,M1_autonomous_Schaefer,39.8034132387485,40.90803558377544,68.40916088038544,51.18659612153296,True
D1_M1_collapse,M1_autonomous_Schaefer,33.8,0,M1b_autonomous_Allee,58.48774865988997,48.187046263108066,68.40916088038544,51.18659612153296,False
D1_M1_collapse,M1_autonomous_Schaefer,33.8,0,M2_stockflow_regimeC,39.8034132387485,40.90803558377544,68.40916088038544,51.18659612153296,False
D1_M1_collapse,M1_autonomous_Schaefer,33.8,0,M3_AR_residual,44.4989456402264,48.461763014176206,68.40916088038544,51.18659612153296,False
D1_M1_collapse,M1_autonomous_Schaefer,33.8,0,M4_delayed_info,55.201978174835446,39.85378187555791,68.40916088038544,51.18659612153296,False
D1_M1_collapse,M1_autonomous_Schaefer,33.8,1,M1_autonomous_Schaefer,33.93824070974981,37.78955163130172,63.755699237384114,56.81351941112701,True
D1_M1_collapse,M1_autonomous_Schaefer,33.8,1,M1b_autonomous_Allee,52.91763108387563,69.13570972331976,63.755699237384114,56.81351941112701,False
D1_M1_collapse,M1_autonomous_Schaefer,33.8,1,M2_stockflow_regimeC,33.93824070974981,37.78955163130172,63.755699237384114,56.81351941112701,False
D1_M1_collapse,M1_autonomous_Schaefer,33.8,1,M3_AR_residual,33.82733017671632,37.76053440884877,63.755699237384114,56.81351941112701,False
D1_M1_collapse,M1_autonomous_Schaefer,33.8,1,M4_delayed_info,38.138404743354904,37.82093701998933,63.755699237384114,56.81351941112701,False
D1_M1_collapse,M1_autonomous_Schaefer,33.8,2,M1_autonomous_Schaefer,37.665361193953196,44.12492579002805,66.58136148528655,51.407794779099376,True
D1_M1_collapse,M1_autonomous_Schaefer,33.8,2,M1b_autonomous_Allee,61.1076516898791,73.54630175937835,66.58136148528655,51.407794779099376,False
D1_M1_collapse,M1_autonomous_Schaefer,33.8,2,M2_stockflow_regimeC,37.665361193953196,44.12492579002805,66.58136148528655,51.407794779099376,False
D1_M1_collapse,M1_autonomous_Schaefer,33.8,2,M3_AR_residual,39.10239586383918,44.14832108328191,66.58136148528655,51.407794779099376,False
D1_M1_collapse,M1_autonomous_Schaefer,33.8,2,M4_delayed_info,38.77383256872236,44.03600756440919,66.58136148528655,51.407794779099376,False
D1_M1_collapse,M1_autonomous_Schaefer,33.8,3,M1_autonomous_Schaefer,28.9291495514623,25.529257281727872,46.71055095248787,34.41744258043914,True
D1_M1_collapse,M1_autonomous_Schaefer,33.8,3,M1b_autonomous_Allee,30.936515685329532,25.775640093992926,46.71055095248787,34.41744258043914,False
D1_M1_collapse,M1_autonomous_Schaefer,33.8,3,M2_stockflow_regimeC,28.9291495514623,25.529257281727872,46.71055095248787,34.41744258043914,False
D1_M1_collapse,M1_autonomous_Schaefer,33.8,3,M3_AR_residual,28.597728632264516,25.529653648525766,46.71055095248787,34.41744258043914,False
D1_M1_collapse,M1_autonomous_Schaefer,33.8,3,M4_delayed_info,29.19101842236803,25.52922902368514,46.71055095248787,34.41744258043914,False
D1_M1_collapse,M1_autonomous_Schaefer,33.8,4,M1_autonomous_Schaefer,35.80213623972867,40.15875465073554,65.98420823319793,56.953433079410765,True
D1_M1_collapse,M1_autonomous_Schaefer,33.8,4,M1b_autonomous_Allee,53.00660308466234,43.88214418545654,65.98420823319793,56.953433079410765,False
D1_M1_collapse,M1_autonomous_Schaefer,33.8,4,M2_stockflow_regimeC,35.80213623972867,40.15875465073554,65.98420823319793,56.953433079410765,False
D1_M1_collapse,M1_autonomous_Schaefer,33.8,4,M3_AR_residual,36.679065139416736,40.01483893347245,65.98420823319793,56.953433079410765,False
D1_M1_collapse,M1_autonomous_Schaefer,33.8,4,M4_delayed_info,38.57251001513588,40.221895990926654,65.98420823319793,56.953433079410765,False
D1_M1_collapse,M1_autonomous_Schaefer,33.8,5,M1_autonomous_Schaefer,37.82229125691181,37.094873176820286,58.36964906683911,52.17228636600118,True
D1_M1_collapse,M1_autonomous_Schaefer,33.8,5,M1b_autonomous_Allee,47.02861296169797,73.54214401103445,58.36964906683911,52.17228636600118,False
D1_M1_collapse,M1_autonomous_Schaefer,33.8,5,M2_stockflow_regimeC,37.82229125691181,37.094873176820286,58.36964906683911,52.17228636600118,False
D1_M1_collapse,M1_autonomous_Schaefer,33.8,5,M3_AR_residual,38.397328789187306,37.10840053687272,58.36964906683911,52.17228636600118,False
D1_M1_collapse,M1_autonomous_Schaefer,33.8,5,M4_delayed_info,37.04237400831385,37.06809469010514,58.36964906683911,52.17228636600118,False
D1_M1_collapse,M1_autonomous_Schaefer,33.8,6,M1_autonomous_Schaefer,42.1204992418523,39.055166944982396,73.56185231790714,53.60110591321664,True
D1_M1_collapse,M1_autonomous_Schaefer,33.8,6,M1b_autonomous_Allee,51.65617565785215,38.89848611575289,73.56185231790714,53.60110591321664,False
D1_M1_collapse,M1_autonomous_Schaefer,33.8,6,M2_stockflow_regimeC,42.1204992418523,39.055166944982396,73.56185231790714,53.60110591321664,False
D1_M1_collapse,M1_autonomous_Schaefer,33.8,6,M3_AR_residual,42.340538459165515,39.02063323328563,73.56185231790714,53.60110591321664,False
D1_M1_collapse,M1_autonomous_Schaefer,33.8,6,M4_delayed_info,47.788225500073956,39.095499206338786,73.56185231790714,53.60110591321664,False
D1_M1_collapse,M1_autonomous_Schaefer,33.8,7,M1_autonomous_Schaefer,45.41962305422184,48.64039018718115,88.95226499898794,73.50988963787731,True
D1_M1_collapse,M1_autonomous_Schaefer,33.8,7,M1b_autonomous_Allee,73.72142221896978,94.71974664635958,88.95226499898794,73.50988963787731,False
D1_M1_collapse,M1_autonomous_Schaefer,33.8,7,M2_stockflow_regimeC,45.41962305422184,48.64039018718115,88.95226499898794,73.50988963787731,False
D1_M1_collapse,M1_autonomous_Schaefer,33.8,7,M3_AR_residual,46.696402614350994,48.46292910649068,88.95226499898794,73.50988963787731,False
D1_M1_collapse,M1_autonomous_Schaefer,33.8,7,M4_delayed_info,49.8912715354308,48.77704527968564,88.95226499898794,73.50988963787731,False
D1_M1_collapse,M1_autonomous_Schaefer,33.8,8,M1_autonomous_Schaefer,33.79033141492282,35.623344261826134,49.80237614146123,47.34024442124948,True
D1_M1_collapse,M1_autonomous_Schaefer,33.8,8,M1b_autonomous_Allee,39.432296516067915,40.77121269494503,49.80237614146123,47.34024442124948,False
D1_M1_collapse,M1_autonomous_Schaefer,33.8,8,M2_stockflow_regimeC,33.79033141492282,35.623344261826134,49.80237614146123,47.34024442124948,False
D1_M1_collapse,M1_autonomous_Schaefer,33.8,8,M3_AR_residual,34.00974171926075,35.62438304679324,49.80237614146123,47.34024442124948,False
D1_M1_collapse,M1_autonomous_Schaefer,33.8,8,M4_delayed_info,32.99119652008402,35.62180168162278,49.80237614146123,47.34024442124948,False
D1_M1_collapse,M1_autonomous_Schaefer,33.8,9,M1_autonomous_Schaefer,33.49748205844467,37.70907219412009,60.33235470468102,55.5767185782062,True
D1_M1_collapse,M1_autonomous_Schaefer,33.8,9,M1b_autonomous_Allee,45.67711719041835,62.40851382388061,60.33235470468102,55.5767185782062,False
D1_M1_collapse,M1_autonomous_Schaefer,33.8,9,M2_stockflow_regimeC,33.49748205844467,37.70907219412009,60.33235470468102,55.5767185782062,False
D1_M1_collapse,M1_autonomous_Schaefer,33.8,9,M3_AR_residual,32.83445520260092,37.680474999982344,60.33235470468102,55.5767185782062,False
D1_M1_collapse,M1_autonomous_Schaefer,33.8,9,M4_delayed_info,35.48335479402482,37.77505209729322,60.33235470468102,55.5767185782062,False
D1_M1_collapse,M1_autonomous_Schaefer,33.8,10,M1_autonomous_Schaefer,26.571642895352493,34.72859076514113,60.032806399957174,47.88500492593107,True
D1_M1_collapse,M1_autonomous_Schaefer,33.8,10,M1b_autonomous_Allee,43.47901868325155,51.41370900975576,60.032806399957174,47.88500492593107,False
D1_M1_collapse,M1_autonomous_Schaefer,33.8,10,M2_stockflow_regimeC,26.571642895352493,34.72859076514113,60.032806399957174,47.88500492593107,False
D1_M1_collapse,M1_autonomous_Schaefer,33.8,10,M3_AR_residual,25.774111104562127,34.785867572740685,60.032806399957174,47.88500492593107,False
D1_M1_collapse,M1_autonomous_Schaefer,33.8,10,M4_delayed_info,32.50787284374883,34.775767683241234,60.032806399957174,47.88500492593107,False
D1_M1_collapse,M1_autonomous_Schaefer,33.8,11,M1_autonomous_Schaefer,40.43115094196784,41.80153312554764,58.83228681674411,62.62534720572626,True
D1_M1_collapse,M1_autonomous_Schaefer,33.8,11,M1b_autonomous_Allee,48.39353734770327,99.68554190791454,58.83228681674411,62.62534720572626,False
D1_M1_collapse,M1_autonomous_Schaefer,33.8,11,M2_stockflow_regimeC,40.43115094196784,41.80153312554764,58.83228681674411,62.62534720572626,False
D1_M1_collapse,M1_autonomous_Schaefer,33.8,11,M3_AR_residual,40.54968548461253,41.81463028705314,58.83228681674411,62.62534720572626,False
D1_M1_collapse,M1_autonomous_Schaefer,33.8,11,M4_delayed_info,39.52724760463261,41.87987340847229,58.83228681674411,62.62534720572626,False
D1_M1_collapse,M1_autonomous_Schaefer,33.8,12,M1_autonomous_Schaefer,30.874567170002468,32.415261482553966,48.515136631210176,45.212611294585365,True
D1_M1_collapse,M1_autonomous_Schaefer,33.8,12,M1b_autonomous_Allee,33.32267519924607,37.2931082226368,48.515136631210176,45.212611294585365,False
D1_M1_collapse,M1_autonomous_Schaefer,33.8,12,M2_stockflow_regimeC,30.874567170002468,32.415261482553966,48.515136631210176,45.212611294585365,False
D1_M1_collapse,M1_autonomous_Schaefer,33.8,12,M3_AR_residual,30.874208198535946,32.41551624759436,48.515136631210176,45.212611294585365,False
D1_M1_collapse,M1_autonomous_Schaefer,33.8,12,M4_delayed_info,30.32905595111375,32.43091498777095,48.515136631210176,45.212611294585365,False
D1_M1_collapse,M1_autonomous_Schaefer,33.8,13,M1_autonomous_Schaefer,40.07099758421294,42.37744905637479,64.70948049033105,55.936830297960526,True
D1_M1_collapse,M1_autonomous_Schaefer,33.8,13,M1b_autonomous_Allee,61.37678637855376,58.25326130450238,64.70948049033105,55.936830297960526,False
D1_M1_collapse,M1_autonomous_Schaefer,33.8,13,M2_stockflow_regimeC,40.07099758421294,42.37744905637479,64.70948049033105,55.936830297960526,False
D1_M1_collapse,M1_autonomous_Schaefer,33.8,13,M3_AR_residual,42.296354028559115,41.843753803191014,64.70948049033105,55.936830297960526,False
D1_M1_collapse,M1_autonomous_Schaefer,33.8,13,M4_delayed_info,42.32331254914846,42.73061702363967,64.70948049033105,55.936830297960526,False
D1_M1_collapse,M1_autonomous_Schaefer,33.8,14,M1_autonomous_Schaefer,35.71088075930196,39.025033956758556,61.25941251499791,60.09434443784591,True
D1_M1_collapse,M1_autonomous_Schaefer,33.8,14,M1b_autonomous_Allee,52.288545767935965,62.016536953210135,61.25941251499791,60.09434443784591,False
D1_M1_collapse,M1_autonomous_Schaefer,33.8,14,M2_stockflow_regimeC,35.71088075930196,39.025033956758556,61.25941251499791,60.09434443784591,False
D1_M1_collapse,M1_autonomous_Schaefer,33.8,14,M3_AR_residual,37.805481758794976,38.755677538285376,61.25941251499791,60.09434443784591,False
D1_M1_collapse,M1_autonomous_Schaefer,33.8,14,M4_delayed_info,38.48255207321674,39.37049738683741,61.25941251499791,60.09434443784591,False
D1_M1_collapse,M1_autonomous_Schaefer,33.8,15,M1_autonomous_Schaefer,32.02850823470293,31.36962857838032,48.145065026936884,36.80024658734622,True
D1_M1_collapse,M1_autonomous_Schaefer,33.8,15,M1b_autonomous_Allee,39.79338427650812,52.24479129559062,48.145065026936884,36.80024658734622,False
D1_M1_collapse,M1_autonomous_Schaefer,33.8,15,M2_stockflow_regimeC,32.02850823470293,31.36962857838032,48.145065026936884,36.80024658734622,False
D1_M1_collapse,M1_autonomous_Schaefer,33.8,15,M3_AR_residual,32.348936425125686,31.4387125161863,48.145065026936884,36.80024658734622,False
D1_M1_collapse,M1_autonomous_Schaefer,33.8,15,M4_delayed_info,30.94183870379221,31.299546994309626,48.145065026936884,36.80024658734622,False
D1_M1_collapse,M1_autonomous_Schaefer,33.8,16,M1_autonomous_Schaefer,30.601405028842766,31.761956165832718,50.26247854324648,39.31794666759175,True
D1_M1_collapse,M1_autonomous_Schaefer,33.8,16,M1b_autonomous_Allee,33.57045255289953,35.936879070413234,50.26247854324648,39.31794666759175,False
D1_M1_collapse,M1_autonomous_Schaefer,33.8,16,M2_stockflow_regimeC,30.601405028842766,31.761956165832718,50.26247854324648,39.31794666759175,False
D1_M1_collapse,M1_autonomous_Schaefer,33.8,16,M3_AR_residual,30.721240535017913,31.761760713478825,50.26247854324648,39.31794666759175,False
D1_M1_collapse,M1_autonomous_Schaefer,33.8,16,M4_delayed_info,30.13863497798726,31.762669558351075,50.26247854324648,39.31794666759175,False
D1_M1_collapse,M1_autonomous_Schaefer,33.8,17,M1_autonomous_Schaefer,30.675220301960763,34.35384263160245,61.703507704312266,42.982752712200806,True
D1_M1_collapse,M1_autonomous_Schaefer,33.8,17,M1b_autonomous_Allee,40.952211633171395,39.60423934225012,61.703507704312266,42.982752712200806,False
D1_M1_collapse,M1_autonomous_Schaefer,33.8,17,M2_stockflow_regimeC,30.675220301960763,34.35384263160245,61.703507704312266,42.982752712200806,False
D1_M1_collapse,M1_autonomous_Schaefer,33.8,17,M3_AR_residual,31.357354391541563,34.43772418376057,61.703507704312266,42.982752712200806,False
D1_M1_collapse,M1_autonomous_Schaefer,33.8,17,M4_delayed_info,34.845439352818616,34.260002811681254,61.703507704312266,42.982752712200806,False
D1_M1_collapse,M1_autonomous_Schaefer,33.8,18,M1_autonomous_Schaefer,31.24122913344463,30.22144190809893,53.223808084209615,40.38017601123818,True
D1_M1_collapse,M1_autonomous_Schaefer,33.8,18,M1b_autonomous_Allee,41.39054659680879,41.91119740866411,53.223808084209615,40.38017601123818,False
D1_M1_collapse,M1_autonomous_Schaefer,33.8,18,M2_stockflow_regimeC,31.24122913344463,30.22144190809893,53.223808084209615,40.38017601123818,False
D1_M1_collapse,M1_autonomous_Schaefer,33.8,18,M3_AR_residual,32.37419527497052,30.354789795429664,53.223808084209615,40.38017601123818,False
D1_M1_collapse,M1_autonomous_Schaefer,33.8,18,M4_delayed_info,32.40495551813595,30.19810303916398,53.223808084209615,40.38017601123818,False
D1_M1_collapse,M1_autonomous_Schaefer,33.8,19,M1_autonomous_Schaefer,29.107143176219548,26.446845523125205,39.224862235287354,36.676675115091086,True
D1_M1_collapse,M1_autonomous_Schaefer,33.8,19,M1b_autonomous_Allee,34.00753086488819,39.582457672628166,39.224862235287354,36.676675115091086,False
D1_M1_collapse,M1_autonomous_Schaefer,33.8,19,M2_stockflow_regimeC,29.107143176219548,26.446845523125205,39.224862235287354,36.676675115091086,False
D1_M1_collapse,M1_autonomous_Schaefer,33.8,19,M3_AR_residual,29.20875800297695,26.444066816015546,39.224862235287354,36.676675115091086,False
D1_M1_collapse,M1_autonomous_Schaefer,33.8,19,M4_delayed_info,28.45572408912657,26.43853793074489,39.224862235287354,36.676675115091086,False
D1_M1_collapse,M1_autonomous_Schaefer,33.8,20,M1_autonomous_Schaefer,33.57256292784981,33.276940720093876,53.453936516165626,47.89598130635442,True
D1_M1_collapse,M1_autonomous_Schaefer,33.8,20,M1b_autonomous_Allee,35.988645523511835,33.3860954656259,53.453936516165626,47.89598130635442,False
D1_M1_collapse,M1_autonomous_Schaefer,33.8,20,M2_stockflow_regimeC,33.57256292784981,33.276940720093876,53.453936516165626,47.89598130635442,False
D1_M1_collapse,M1_autonomous_Schaefer,33.8,20,M3_AR_residual,33.66901078953094,33.27369144939056,53.453936516165626,47.89598130635442,False
D1_M1_collapse,M1_autonomous_Schaefer,33.8,20,M4_delayed_info,33.15344371561961,33.27181956836438,53.453936516165626,47.89598130635442,False
D1_M1_collapse,M1_autonomous_Schaefer,33.8,21,M1_autonomous_Schaefer,31.809002391754493,32.504500945652374,45.94737257458683,47.34637845544846,True
D1_M1_collapse,M1_autonomous_Schaefer,33.8,21,M1b_autonomous_Allee,33.456560915960594,32.970892972570276,45.94737257458683,47.34637845544846,False
D1_M1_collapse,M1_autonomous_Schaefer,33.8,21,M2_stockflow_regimeC,31.809002391754493,32.504500945652374,45.94737257458683,47.34637845544846,False
D1_M1_collapse,M1_autonomous_Schaefer,33.8,21,M3_AR_residual,32.383433711209484,32.49085182467633,45.94737257458683,47.34637845544846,False
D1_M1_collapse,M1_autonomous_Schaefer,33.8,21,M4_delayed_info,32.28056681418675,32.51264269773163,45.94737257458683,47.34637845544846,False
D1_M1_collapse,M1_autonomous_Schaefer,33.8,22,M1_autonomous_Schaefer,32.754693593415084,31.737399876157852,48.36654760334871,39.997394928609076,True
D1_M1_collapse,M1_autonomous_Schaefer,33.8,22,M1b_autonomous_Allee,47.1639114143708,53.758169410049746,48.36654760334871,39.997394928609076,False
D1_M1_collapse,M1_autonomous_Schaefer,33.8,22,M2_stockflow_regimeC,32.754693593415084,31.737399876157852,48.36654760334871,39.997394928609076,False
D1_M1_collapse,M1_autonomous_Schaefer,33.8,22,M3_AR_residual,34.2498331552342,31.783389811637395,48.36654760334871,39.997394928609076,False
D1_M1_collapse,M1_autonomous_Schaefer,33.8,22,M4_delayed_info,33.79293479912781,31.617306353961464,48.36654760334871,39.997394928609076,False
D1_M1_collapse,M1_autonomous_Schaefer,33.8,23,M1_autonomous_Schaefer,32.64894479741494,33.452784266355266,45.32174012825817,47.24487718039508,True
D1_M1_collapse,M1_autonomous_Schaefer,33.8,23,M1b_autonomous_Allee,33.05301436566039,44.17694123265231,45.32174012825817,47.24487718039508,False
D1_M1_collapse,M1_autonomous_Schaefer,33.8,23,M2_stockflow_regimeC,32.64894479741494,33.452784266355266,45.32174012825817,47.24487718039508,False
D1_M1_collapse,M1_autonomous_Schaefer,33.8,23,M3_AR_residual,32.85389162197224,33.44962765005597,45.32174012825817,47.24487718039508,False
D1_M1_collapse,M1_autonomous_Schaefer,33.8,23,M4_delayed_info,31.92638314350497,33.45565357161719,45.32174012825817,47.24487718039508,False
D1_M1_collapse,M1_autonomous_Schaefer,33.8,24,M1_autonomous_Schaefer,40.146917823329964,39.504227679251954,61.230384264402595,42.80070188427493,True
D1_M1_collapse,M1_autonomous_Schaefer,33.8,24,M1b_autonomous_Allee,53.42305271008398,56.895449988199054,61.230384264402595,42.80070188427493,False
D1_M1_collapse,M1_autonomous_Schaefer,33.8,24,M2_stockflow_regimeC,40.146917823329964,39.504227679251954,61.230384264402595,42.80070188427493,False
D1_M1_collapse,M1_autonomous_Schaefer,33.8,24,M3_AR_residual,40.18418184605809,39.50460847459173,61.230384264402595,42.80070188427493,False
D1_M1_collapse,M1_autonomous_Schaefer,33.8,24,M4_delayed_info,40.5839888957584,39.503967061396565,61.230384264402595,42.80070188427493,False
D1_M1_collapse,M1_autonomous_Schaefer,33.8,25,M1_autonomous_Schaefer,45.150155567334814,45.61409955680126,72.04019733696194,52.970891199662965,True
D1_M1_collapse,M1_autonomous_Schaefer,33.8,25,M1b_autonomous_Allee,64.62043485375523,86.54505563842314,72.04019733696194,52.970891199662965,False
D1_M1_collapse,M1_autonomous_Schaefer,33.8,25,M2_stockflow_regimeC,45.150155567334814,45.61409955680126,72.04019733696194,52.970891199662965,False
D1_M1_collapse,M1_autonomous_Schaefer,33.8,25,M3_AR_residual,45.437396425610835,45.61022402071238,72.04019733696194,52.970891199662965,False
D1_M1_collapse,M1_autonomous_Schaefer,33.8,25,M4_delayed_info,43.655087607086756,45.42346667718014,72.04019733696194,52.970891199662965,False
D1_M1_collapse,M1_autonomous_Schaefer,33.8,26,M1_autonomous_Schaefer,24.22991892708953,28.797592249077116,45.12672020913389,36.46012484722628,True
D1_M1_collapse,M1_autonomous_Schaefer,33.8,26,M1b_autonomous_Allee,31.45158260839911,34.32588880264721,45.12672020913389,36.46012484722628,False
D1_M1_collapse,M1_autonomous_Schaefer,33.8,26,M2_stockflow_regimeC,24.22991892708953,28.797592249077116,45.12672020913389,36.46012484722628,False
D1_M1_collapse,M1_autonomous_Schaefer,33.8,26,M3_AR_residual,23.400930166095705,28.72423395271795,45.12672020913389,36.46012484722628,False
D1_M1_collapse,M1_autonomous_Schaefer,33.8,26,M4_delayed_info,30.869391218269097,28.8810964660981,45.12672020913389,36.46012484722628,False
D1_M1_collapse,M1_autonomous_Schaefer,33.8,27,M1_autonomous_Schaefer,41.800450809471826,42.05746800515829,64.39123232454186,56.68208942254314,True
D1_M1_collapse,M1_autonomous_Schaefer,33.8,27,M1b_autonomous_Allee,52.27319170074059,52.149623239476874,64.39123232454186,56.68208942254314,False
D1_M1_collapse,M1_autonomous_Schaefer,33.8,27,M2_stockflow_regimeC,41.800450809471826,42.05746800515829,64.39123232454186,56.68208942254314,False
D1_M1_collapse,M1_autonomous_Schaefer,33.8,27,M3_AR_residual,43.72807282846,41.89398214863718,64.39123232454186,56.68208942254314,False
D1_M1_collapse,M1_autonomous_Schaefer,33.8,27,M4_delayed_info,42.74785258262967,42.30287457597389,64.39123232454186,56.68208942254314,False
D1_M1_collapse,M1_autonomous_Schaefer,33.8,28,M1_autonomous_Schaefer,37.624019243253606,42.68008564561856,74.48486902661469,66.47406495290898,True
D1_M1_collapse,M1_autonomous_Schaefer,33.8,28,M1b_autonomous_Allee,54.32636512576288,66.08722153892407,74.48486902661469,66.47406495290898,False
D1_M1_collapse,M1_autonomous_Schaefer,33.8,28,M2_stockflow_regimeC,37.624019243253606,42.68008564561856,74.48486902661469,66.47406495290898,False
D1_M1_collapse,M1_autonomous_Schaefer,33.8,28,M3_AR_residual,38.909350157618306,42.58704689883072,74.48486902661469,66.47406495290898,False
D1_M1_collapse,M1_autonomous_Schaefer,33.8,28,M4_delayed_info,45.32920473856932,42.901370455794186,74.48486902661469,66.47406495290898,False
D1_M1_collapse,M1_autonomous_Schaefer,33.8,29,M1_autonomous_Schaefer,36.18858756670554,34.60049874181077,50.007541791689285,47.206988359234785,True
D1_M1_collapse,M1_autonomous_Schaefer,33.8,29,M1b_autonomous_Allee,43.151619923247615,51.58953872925506,50.007541791689285,47.206988359234785,False
D1_M1_collapse,M1_autonomous_Schaefer,33.8,29,M2_stockflow_regimeC,36.18858756670554,34.60049874181077,50.007541791689285,47.206988359234785,False
D1_M1_collapse,M1_autonomous_Schaefer,33.8,29,M3_AR_residual,36.95430430324072,34.61170709877284,50.007541791689285,47.206988359234785,False
D1_M1_collapse,M1_autonomous_Schaefer,33.8,29,M4_delayed_info,34.91321424887568,34.56198758240862,50.007541791689285,47.206988359234785,False
D1_M1_collapse,M1_autonomous_Schaefer,33.8,30,M1_autonomous_Schaefer,36.84631845981911,30.519935039545107,46.801580630528484,46.51539320143809,True
D1_M1_collapse,M1_autonomous_Schaefer,33.8,30,M1b_autonomous_Allee,35.69243748002696,33.612331957406155,46.801580630528484,46.51539320143809,False
D1_M1_collapse,M1_autonomous_Schaefer,33.8,30,M2_stockflow_regimeC,36.84631845981911,30.519935039545107,46.801580630528484,46.51539320143809,False
D1_M1_collapse,M1_autonomous_Schaefer,33.8,30,M3_AR_residual,36.88641248438379,30.519660521991145,46.801580630528484,46.51539320143809,False
D1_M1_collapse,M1_autonomous_Schaefer,33.8,30,M4_delayed_info,35.731157531648606,30.528012187908512,46.801580630528484,46.51539320143809,False
D1_M1_collapse,M1_autonomous_Schaefer,33.8,31,M1_autonomous_Schaefer,40.780137108528585,37.355408050514946,70.45933625037958,59.94672286604946,True
D1_M1_collapse,M1_autonomous_Schaefer,33.8,31,M1b_autonomous_Allee,50.3910983451076,38.20285648634467,70.45933625037958,59.94672286604946,False
D1_M1_collapse,M1_autonomous_Schaefer,33.8,31,M2_stockflow_regimeC,40.780137108528585,37.355408050514946,70.45933625037958,59.94672286604946,False
D1_M1_collapse,M1_autonomous_Schaefer,33.8,31,M3_AR_residual,41.12104931142537,37.34057833338613,70.45933625037958,59.94672286604946,False
D1_M1_collapse,M1_autonomous_Schaefer,33.8,31,M4_delayed_info,40.49564057772832,37.31044460295933,70.45933625037958,59.94672286604946,False
D1_M1_collapse,M1_autonomous_Schaefer,33.8,32,M1_autonomous_Schaefer,34.27706013712522,31.54411375004365,48.07093208228586,42.53075806686454,True
D1_M1_collapse,M1_autonomous_Schaefer,33.8,32,M1b_autonomous_Allee,33.74074438548272,31.907290825877748,48.07093208228586,42.53075806686454,False
D1_M1_collapse,M1_autonomous_Schaefer,33.8,32,M2_stockflow_regimeC,34.27706013712522,31.54411375004365,48.07093208228586,42.53075806686454,False
D1_M1_collapse,M1_autonomous_Schaefer,33.8,32,M3_AR_residual,34.94637070186192,31.542818200682404,48.07093208228586,42.53075806686454,False
D1_M1_collapse,M1_autonomous_Schaefer,33.8,32,M4_delayed_info,32.88890650277913,31.54987024886985,48.07093208228586,42.53075806686454,False
D1_M1_collapse,M1_autonomous_Schaefer,33.8,33,M1_autonomous_Schaefer,35.70766041477735,40.58529292817792,63.29145537089698,46.75961308073954,True
D1_M1_collapse,M1_autonomous_Schaefer,33.8,33,M1b_autonomous_Allee,57.07328092095527,70.73097838255686,63.29145537089698,46.75961308073954,False
D1_M1_collapse,M1_autonomous_Schaefer,33.8,33,M2_stockflow_regimeC,35.70766041477735,40.58529292817792,63.29145537089698,46.75961308073954,False
D1_M1_collapse,M1_autonomous_Schaefer,33.8,33,M3_AR_residual,36.60521723473865,40.89058633539778,63.29145537089698,46.75961308073954,False
D1_M1_collapse,M1_autonomous_Schaefer,33.8,33,M4_delayed_info,40.761381571620085,40.27538895671657,63.29145537089698,46.75961308073954,False
D1_M1_collapse,M1_autonomous_Schaefer,33.8,34,M1_autonomous_Schaefer,32.137724601211296,32.14133572282881,48.42619118756141,47.39294907720329,True
D1_M1_collapse,M1_autonomous_Schaefer,33.8,34,M1b_autonomous_Allee,40.186696917617304,43.24913547770393,48.42619118756141,47.39294907720329,False
D1_M1_collapse,M1_autonomous_Schaefer,33.8,34,M2_stockflow_regimeC,32.137724601211296,32.14133572282881,48.42619118756141,47.39294907720329,False
D1_M1_collapse,M1_autonomous_Schaefer,33.8,34,M3_AR_residual,33.00726393801562,32.18289387992052,48.42619118756141,47.39294907720329,False
D1_M1_collapse,M1_autonomous_Schaefer,33.8,34,M4_delayed_info,31.39494070081007,32.07794927825602,48.42619118756141,47.39294907720329,False
D1_M1_collapse,M1_autonomous_Schaefer,33.8,35,M1_autonomous_Schaefer,29.357332923540575,31.472293009751954,56.98739002066084,41.71939944534677,True
D1_M1_collapse,M1_autonomous_Schaefer,33.8,35,M1b_autonomous_Allee,38.036463026862535,35.574568725996755,56.98739002066084,41.71939944534677,False
D1_M1_collapse,M1_autonomous_Schaefer,33.8,35,M2_stockflow_regimeC,29.357332923540575,31.472293009751954,56.98739002066084,41.71939944534677,False
D1_M1_collapse,M1_autonomous_Schaefer,33.8,35,M3_AR_residual,29.861633936649252,31.601987878933926,56.98739002066084,41.71939944534677,False
D1_M1_collapse,M1_autonomous_Schaefer,33.8,35,M4_delayed_info,35.12156266482528,31.371568092063264,56.98739002066084,41.71939944534677,False
D1_M1_collapse,M1_autonomous_Schaefer,33.8,36,M1_autonomous_Schaefer,33.44503409199816,32.89558772659119,46.92393125235926,45.03438619429647,True
D1_M1_collapse,M1_autonomous_Schaefer,33.8,36,M1b_autonomous_Allee,34.532037606167826,37.37702851789766,46.92393125235926,45.03438619429647,False
D1_M1_collapse,M1_autonomous_Schaefer,33.8,36,M2_stockflow_regimeC,33.44503409199816,32.89558772659119,46.92393125235926,45.03438619429647,False
D1_M1_collapse,M1_autonomous_Schaefer,33.8,36,M3_AR_residual,33.75740111015112,32.895240484434325,46.92393125235926,45.03438619429647,False
D1_M1_collapse,M1_autonomous_Schaefer,33.8,36,M4_delayed_info,32.59363658620375,32.89745237270258,46.92393125235926,45.03438619429647,False
D1_M1_collapse,M1_autonomous_Schaefer,33.8,37,M1_autonomous_Schaefer,32.97476450834381,32.13797035498099,54.002951247832996,40.92337345837555,True
D1_M1_collapse,M1_autonomous_Schaefer,33.8,37,M1b_autonomous_Allee,38.06745772229312,35.42100608480605,54.002951247832996,40.92337345837555,False
D1_M1_collapse,M1_autonomous_Schaefer,33.8,37,M2_stockflow_regimeC,32.97476450834381,32.13797035498099,54.002951247832996,40.92337345837555,False
D1_M1_collapse,M1_autonomous_Schaefer,33.8,37,M3_AR_residual,32.32432847190686,32.13519786058901,54.002951247832996,40.92337345837555,False
D1_M1_collapse,M1_autonomous_Schaefer,33.8,37,M4_delayed_info,33.0936132302757,32.138060129909206,54.002951247832996,40.92337345837555,False
D1_M1_collapse,M1_autonomous_Schaefer,33.8,38,M1_autonomous_Schaefer,28.93633120125939,29.359104256207935,44.72157523437934,46.08389978324822,True
D1_M1_collapse,M1_autonomous_Schaefer,33.8,38,M1b_autonomous_Allee,31.58016763687081,30.41348691145001,44.72157523437934,46.08389978324822,False
D1_M1_collapse,M1_autonomous_Schaefer,33.8,38,M2_stockflow_regimeC,28.93633120125939,29.359104256207935,44.72157523437934,46.08389978324822,False
D1_M1_collapse,M1_autonomous_Schaefer,33.8,38,M3_AR_residual,29.86797975741889,29.3557144686241,44.72157523437934,46.08389978324822,False
D1_M1_collapse,M1_autonomous_Schaefer,33.8,38,M4_delayed_info,29.868402627145464,29.366082653761712,44.72157523437934,46.08389978324822,False
D1_M1_collapse,M1_autonomous_Schaefer,33.8,39,M1_autonomous_Schaefer,34.54485696958501,42.19858034626548,70.15204737260925,69.50757916802847,True
D1_M1_collapse,M1_autonomous_Schaefer,33.8,39,M1b_autonomous_Allee,58.938518025474465,106.71622450879207,70.15204737260925,69.50757916802847,False
D1_M1_collapse,M1_autonomous_Schaefer,33.8,39,M2_stockflow_regimeC,34.54485696958501,42.19858034626548,70.15204737260925,69.50757916802847,False
D1_M1_collapse,M1_autonomous_Schaefer,33.8,39,M3_AR_residual,37.20587549435711,41.020127617458385,70.15204737260925,69.50757916802847,False
D1_M1_collapse,M1_autonomous_Schaefer,33.8,39,M4_delayed_info,42.582491982595336,43.22942723411605,70.15204737260925,69.50757916802847,False
D1_M1_collapse,M1_autonomous_Schaefer,33.8,40,M1_autonomous_Schaefer,44.719928492650304,49.22957145188531,88.22708783440979,61.38841602122622,True
D1_M1_collapse,M1_autonomous_Schaefer,33.8,40,M1b_autonomous_Allee,71.28733842233582,67.03750116972812,88.22708783440979,61.38841602122622,False
D1_M1_collapse,M1_autonomous_Schaefer,33.8,40,M2_stockflow_regimeC,44.719928492650304,49.22957145188531,88.22708783440979,61.38841602122622,False
D1_M1_collapse,M1_autonomous_Schaefer,33.8,40,M3_AR_residual,45.6799315318737,49.42072563299733,88.22708783440979,61.38841602122622,False
D1_M1_collapse,M1_autonomous_Schaefer,33.8,40,M4_delayed_info,51.45584271814771,49.15944154882607,88.22708783440979,61.38841602122622,False
D1_M1_collapse,M1_autonomous_Schaefer,33.8,41,M1_autonomous_Schaefer,31.060356167662725,37.90120565323842,62.89099327186061,52.06453904581653,True
D1_M1_collapse,M1_autonomous_Schaefer,33.8,41,M1b_autonomous_Allee,53.97116422432333,55.97335494012922,62.89099327186061,52.06453904581653,False
D1_M1_collapse,M1_autonomous_Schaefer,33.8,41,M2_stockflow_regimeC,31.060356167662725,37.90120565323842,62.89099327186061,52.06453904581653,False
D1_M1_collapse,M1_autonomous_Schaefer,33.8,41,M3_AR_residual,30.884560581988858,37.90478327481196,62.89099327186061,52.06453904581653,False
D1_M1_collapse,M1_autonomous_Schaefer,33.8,41,M4_delayed_info,34.93672178692979,37.82322757958887,62.89099327186061,52.06453904581653,False
D1_M1_collapse,M1_autonomous_Schaefer,33.8,42,M1_autonomous_Schaefer,33.71101988784179,37.28037107551896,61.42320091410657,49.88561262717097,True
D1_M1_collapse,M1_autonomous_Schaefer,33.8,42,M1b_autonomous_Allee,53.80605624131928,78.3480571050885,61.42320091410657,49.88561262717097,False
D1_M1_collapse,M1_autonomous_Schaefer,33.8,42,M2_stockflow_regimeC,33.71101988784179,37.28037107551896,61.42320091410657,49.88561262717097,False
D1_M1_collapse,M1_autonomous_Schaefer,33.8,42,M3_AR_residual,34.09414041163911,36.804451266721934,61.42320091410657,49.88561262717097,False
D1_M1_collapse,M1_autonomous_Schaefer,33.8,42,M4_delayed_info,39.823526947987055,37.69085426639879,61.42320091410657,49.88561262717097,False
D1_M1_collapse,M1_autonomous_Schaefer,33.8,43,M1_autonomous_Schaefer,38.22583040025187,38.10875615680726,54.96194201957011,46.486801838376024,True
D1_M1_collapse,M1_autonomous_Schaefer,33.8,43,M1b_autonomous_Allee,40.916131246268954,38.211797544880234,54.96194201957011,46.486801838376024,False
D1_M1_collapse,M1_autonomous_Schaefer,33.8,43,M2_stockflow_regimeC,38.22583040025187,38.10875615680726,54.96194201957011,46.486801838376024,False
D1_M1_collapse,M1_autonomous_Schaefer,33.8,43,M3_AR_residual,37.11631691757773,38.10660588511224,54.96194201957011,46.486801838376024,False
D1_M1_collapse,M1_autonomous_Schaefer,33.8,43,M4_delayed_info,37.68705277526453,38.101882429078806,54.96194201957011,46.486801838376024,False
D1_M1_collapse,M1_autonomous_Schaefer,33.8,44,M1_autonomous_Schaefer,35.66124585509563,35.45547304920734,52.22688404876045,44.784675123987654,True
D1_M1_collapse,M1_autonomous_Schaefer,33.8,44,M1b_autonomous_Allee,38.00939642712278,36.50106606870648,52.22688404876045,44.784675123987654,False
D1_M1_collapse,M1_autonomous_Schaefer,33.8,44,M2_stockflow_regimeC,35.66124585509563,35.45547304920734,52.22688404876045,44.784675123987654,False
D1_M1_collapse,M1_autonomous_Schaefer,33.8,44,M3_AR_residual,35.87625505663467,35.46143710482306,52.22688404876045,44.784675123987654,False
D1_M1_collapse,M1_autonomous_Schaefer,33.8,44,M4_delayed_info,36.10063515157163,35.45336202213739,52.22688404876045,44.784675123987654,False
D1_M1_collapse,M1_autonomous_Schaefer,33.8,45,M1_autonomous_Schaefer,42.20832777312106,42.87638529530749,61.41090013146795,66.91570900878123,True
D1_M1_collapse,M1_autonomous_Schaefer,33.8,45,M1b_autonomous_Allee,45.84314615424792,46.41310696986952,61.41090013146795,66.91570900878123,False
D1_M1_collapse,M1_autonomous_Schaefer,33.8,45,M2_stockflow_regimeC,42.20832777312106,42.87638529530749,61.41090013146795,66.91570900878123,False
D1_M1_collapse,M1_autonomous_Schaefer,33.8,45,M3_AR_residual,42.615140384493216,42.84594076176441,61.41090013146795,66.91570900878123,False
D1_M1_collapse,M1_autonomous_Schaefer,33.8,45,M4_delayed_info,42.52247239385725,42.90715204526525,61.41090013146795,66.91570900878123,False
D1_M1_collapse,M1_autonomous_Schaefer,33.8,46,M1_autonomous_Schaefer,34.168191073123786,34.10206111888742,52.22051091644866,44.00267229042908,True
D1_M1_collapse,M1_autonomous_Schaefer,33.8,46,M1b_autonomous_Allee,41.03251485521562,44.32081906740726,52.22051091644866,44.00267229042908,False
D1_M1_collapse,M1_autonomous_Schaefer,33.8,46,M2_stockflow_regimeC,34.168191073123786,34.10206111888742,52.22051091644866,44.00267229042908,False
D1_M1_collapse,M1_autonomous_Schaefer,33.8,46,M3_AR_residual,35.307695807188885,34.296773653058786,52.22051091644866,44.00267229042908,False
D1_M1_collapse,M1_autonomous_Schaefer,33.8,46,M4_delayed_info,35.77478329067929,33.989065130638096,52.22051091644866,44.00267229042908,False
D1_M1_collapse,M1_autonomous_Schaefer,33.8,47,M1_autonomous_Schaefer,31.723649172908917,30.332168304689503,53.3141616508228,38.408330210131496,True
D1_M1_collapse,M1_autonomous_Schaefer,33.8,47,M1b_autonomous_Allee,43.41937908940795,36.754291164466125,53.3141616508228,38.408330210131496,False
D1_M1_collapse,M1_autonomous_Schaefer,33.8,47,M2_stockflow_regimeC,31.723649172908917,30.332168304689503,53.3141616508228,38.408330210131496,False
D1_M1_collapse,M1_autonomous_Schaefer,33.8,47,M3_AR_residual,31.620424327655464,30.331085369101736,53.3141616508228,38.408330210131496,False
D1_M1_collapse,M1_autonomous_Schaefer,33.8,47,M4_delayed_info,33.85034663830572,30.34941228691431,53.3141616508228,38.408330210131496,False
D1_M1_collapse,M1_autonomous_Schaefer,33.8,48,M1_autonomous_Schaefer,44.26754718346678,51.71402061608269,82.75635036900024,64.10933115437909,True
D1_M1_collapse,M1_autonomous_Schaefer,33.8,48,M1b_autonomous_Allee,70.25609797503813,81.85360325551743,82.75635036900024,64.10933115437909,False
D1_M1_collapse,M1_autonomous_Schaefer,33.8,48,M2_stockflow_regimeC,44.26754718346678,51.71402061608269,82.75635036900024,64.10933115437909,False
D1_M1_collapse,M1_autonomous_Schaefer,33.8,48,M3_AR_residual,44.49857337121025,51.71867567919115,82.75635036900024,64.10933115437909,False
D1_M1_collapse,M1_autonomous_Schaefer,33.8,48,M4_delayed_info,48.288322114599566,51.66792916100738,82.75635036900024,64.10933115437909,False
D1_M1_collapse,M1_autonomous_Schaefer,33.8,49,M1_autonomous_Schaefer,32.33673843557239,36.70098787964261,58.068844494610644,57.89200981484536,True
D1_M1_collapse,M1_autonomous_Schaefer,33.8,49,M1b_autonomous_Allee,39.51604988742245,35.0969089462066,58.068844494610644,57.89200981484536,False
D1_M1_collapse,M1_autonomous_Schaefer,33.8,49,M2_stockflow_regimeC,32.33673843557239,36.70098787964261,58.068844494610644,57.89200981484536,False
D1_M1_collapse,M1_autonomous_Schaefer,33.8,49,M3_AR_residual,32.69343459318523,36.66135686915236,58.068844494610644,57.89200981484536,False
D1_M1_collapse,M1_autonomous_Schaefer,33.8,49,M4_delayed_info,35.2849542637276,36.75811463441276,58.068844494610644,57.89200981484536,False
D1_M1_collapse,M1_autonomous_Schaefer,33.8,50,M1_autonomous_Schaefer,35.06786854990232,36.5238132749987,58.84218640177141,48.21738326547824,True
D1_M1_collapse,M1_autonomous_Schaefer,33.8,50,M1b_autonomous_Allee,44.265100387044285,55.861219163879944,58.84218640177141,48.21738326547824,False
D1_M1_collapse,M1_autonomous_Schaefer,33.8,50,M2_stockflow_regimeC,35.06786854990232,36.5238132749987,58.84218640177141,48.21738326547824,False
D1_M1_collapse,M1_autonomous_Schaefer,33.8,50,M3_AR_residual,34.94376764742694,36.521339787441924,58.84218640177141,48.21738326547824,False
D1_M1_collapse,M1_autonomous_Schaefer,33.8,50,M4_delayed_info,36.4770351072727,36.46511978264114,58.84218640177141,48.21738326547824,False
D1_M1_collapse,M1_autonomous_Schaefer,33.8,51,M1_autonomous_Schaefer,40.038653639276646,48.16209334494411,83.78389381759689,60.53458659593191,True
D1_M1_collapse,M1_autonomous_Schaefer,33.8,51,M1b_autonomous_Allee,69.83602303857874,68.28866922743647,83.78389381759689,60.53458659593191,False
D1_M1_collapse,M1_autonomous_Schaefer,33.8,51,M2_stockflow_regimeC,40.038653639276646,48.16209334494411,83.78389381759689,60.53458659593191,False
D1_M1_collapse,M1_autonomous_Schaefer,33.8,51,M3_AR_residual,40.95324659502535,48.188427452437544,83.78389381759689,60.53458659593191,False
D1_M1_collapse,M1_autonomous_Schaefer,33.8,51,M4_delayed_info,45.96502023981135,48.01313598418099,83.78389381759689,60.53458659593191,False
D1_M1_collapse,M1_autonomous_Schaefer,33.8,52,M1_autonomous_Schaefer,38.57852017209514,37.615906064643156,56.629097159438444,49.366515170075374,True
D1_M1_collapse,M1_autonomous_Schaefer,33.8,52,M1b_autonomous_Allee,46.023854128767,55.534388594681594,56.629097159438444,49.366515170075374,False
D1_M1_collapse,M1_autonomous_Schaefer,33.8,52,M2_stockflow_regimeC,38.57852017209514,37.615906064643156,56.629097159438444,49.366515170075374,False
D1_M1_collapse,M1_autonomous_Schaefer,33.8,52,M3_AR_residual,40.365330756659205,37.65240797990491,56.629097159438444,49.366515170075374,False
D1_M1_collapse,M1_autonomous_Schaefer,33.8,52,M4_delayed_info,37.8961612163982,37.571774421525596,56.629097159438444,49.366515170075374,False
D1_M1_collapse,M1_autonomous_Schaefer,33.8,53,M1_autonomous_Schaefer,38.42523656922186,40.71296500270204,66.28449050315031,49.44605839804791,True
D1_M1_collapse,M1_autonomous_Schaefer,33.8,53,M1b_autonomous_Allee,60.54348171966472,56.07749071595337,66.28449050315031,49.44605839804791,False
D1_M1_collapse,M1_autonomous_Schaefer,33.8,53,M2_stockflow_regimeC,38.42523656922186,40.71296500270204,66.28449050315031,49.44605839804791,False
D1_M1_collapse,M1_autonomous_Schaefer,33.8,53,M3_AR_residual,38.81035897457235,40.729340117027945,66.28449050315031,49.44605839804791,False
D1_M1_collapse,M1_autonomous_Schaefer,33.8,53,M4_delayed_info,41.22257722825369,40.46085363979634,66.28449050315031,49.44605839804791,False
D1_M1_collapse,M1_autonomous_Schaefer,33.8,54,M1_autonomous_Schaefer,41.71776544977366,45.96988713080249,74.08493556497973,58.9664987721069,True
D1_M1_collapse,M1_autonomous_Schaefer,33.8,54,M1b_autonomous_Allee,53.85233423139528,67.61498545902631,74.08493556497973,58.9664987721069,False
D1_M1_collapse,M1_autonomous_Schaefer,33.8,54,M2_stockflow_regimeC,41.71776544977366,45.96988713080249,74.08493556497973,58.9664987721069,False
D1_M1_collapse,M1_autonomous_Schaefer,33.8,54,M3_AR_residual,42.40859489747964,46.034816212726334,74.08493556497973,58.9664987721069,False
D1_M1_collapse,M1_autonomous_Schaefer,33.8,54,M4_delayed_info,45.25638028375794,45.8909702283016,74.08493556497973,58.9664987721069,False
D1_M1_collapse,M1_autonomous_Schaefer,33.8,55,M1_autonomous_Schaefer,31.76261658168478,29.63294578722687,48.39813218200775,38.17056865131004,True
D1_M1_collapse,M1_autonomous_Schaefer,33.8,55,M1b_autonomous_Allee,37.87324699335676,47.23906136610313,48.39813218200775,38.17056865131004,False
D1_M1_collapse,M1_autonomous_Schaefer,33.8,55,M2_stockflow_regimeC,31.76261658168478,29.63294578722687,48.39813218200775,38.17056865131004,False
D1_M1_collapse,M1_autonomous_Schaefer,33.8,55,M3_AR_residual,32.76502293609137,29.712957096912742,48.39813218200775,38.17056865131004,False
D1_M1_collapse,M1_autonomous_Schaefer,33.8,55,M4_delayed_info,32.936067977003084,29.615839186713576,48.39813218200775,38.17056865131004,False
D1_M1_collapse,M1_autonomous_Schaefer,33.8,56,M1_autonomous_Schaefer,30.85433404495728,31.685205092723365,53.85920474409151,32.693144036708254,False
D1_M1_collapse,M1_autonomous_Schaefer,33.8,56,M1b_autonomous_Allee,37.695224607419206,40.41177773983754,53.85920474409151,32.693144036708254,False
D1_M1_collapse,M1_autonomous_Schaefer,33.8,56,M2_stockflow_regimeC,30.85433404495728,31.685205092723365,53.85920474409151,32.693144036708254,False
D1_M1_collapse,M1_autonomous_Schaefer,33.8,56,M3_AR_residual,32.52813104946456,31.769896913209614,53.85920474409151,32.693144036708254,False
D1_M1_collapse,M1_autonomous_Schaefer,33.8,56,M4_delayed_info,32.06846969088864,31.503306893138316,53.85920474409151,32.693144036708254,False
D1_M1_collapse,M1_autonomous_Schaefer,33.8,57,M1_autonomous_Schaefer,41.372416487457194,45.60909351175726,63.2385406780139,47.34781944395169,False
D1_M1_collapse,M1_autonomous_Schaefer,33.8,57,M1b_autonomous_Allee,52.85162335514559,46.36996837423114,63.2385406780139,47.34781944395169,False
D1_M1_collapse,M1_autonomous_Schaefer,33.8,57,M2_stockflow_regimeC,41.372416487457194,45.60909351175726,63.2385406780139,47.34781944395169,False
D1_M1_collapse,M1_autonomous_Schaefer,33.8,57,M3_AR_residual,41.4990029018416,45.61320518991994,63.2385406780139,47.34781944395169,False
D1_M1_collapse,M1_autonomous_Schaefer,33.8,57,M4_delayed_info,41.77502051429724,45.60030509016668,63.2385406780139,47.34781944395169,False
D1_M1_collapse,M1_autonomous_Schaefer,33.8,58,M1_autonomous_Schaefer,26.946987601502194,33.59507186364261,56.38809177687815,48.56962535443645,True
D1_M1_collapse,M1_autonomous_Schaefer,33.8,58,M1b_autonomous_Allee,36.38615007328401,35.31284369619666,56.38809177687815,48.56962535443645,False
D1_M1_collapse,M1_autonomous_Schaefer,33.8,58,M2_stockflow_regimeC,26.946987601502194,33.59507186364261,56.38809177687815,48.56962535443645,False
D1_M1_collapse,M1_autonomous_Schaefer,33.8,58,M3_AR_residual,27.07178905170298,33.609300514188135,56.38809177687815,48.56962535443645,False
D1_M1_collapse,M1_autonomous_Schaefer,33.8,58,M4_delayed_info,30.627922678839035,33.65734993738755,56.38809177687815,48.56962535443645,False
D1_M1_collapse,M1_autonomous_Schaefer,33.8,59,M1_autonomous_Schaefer,51.34856252666662,51.29383464090792,77.329776926039,70.4773130722132,True
D1_M1_collapse,M1_autonomous_Schaefer,33.8,59,M1b_autonomous_Allee,71.37312941223841,112.89621046772727,77.329776926039,70.4773130722132,False
D1_M1_collapse,M1_autonomous_Schaefer,33.8,59,M2_stockflow_regimeC,51.34856252666662,51.29383464090792,77.329776926039,70.4773130722132,False
D1_M1_collapse,M1_autonomous_Schaefer,33.8,59,M3_AR_residual,50.664676074914276,51.29254498838334,77.329776926039,70.4773130722132,False
D1_M1_collapse,M1_autonomous_Schaefer,33.8,59,M4_delayed_info,53.33643710958966,51.313372488945205,77.329776926039,70.4773130722132,False
D1_M1_collapse,M1_autonomous_Schaefer,33.8,60,M1_autonomous_Schaefer,29.876812133663687,31.185836828032393,47.25096898049354,37.205553942415165,True
D1_M1_collapse,M1_autonomous_Schaefer,33.8,60,M1b_autonomous_Allee,35.26778683280342,30.844092947050807,47.25096898049354,37.205553942415165,False
D1_M1_collapse,M1_autonomous_Schaefer,33.8,60,M2_stockflow_regimeC,29.876812133663687,31.185836828032393,47.25096898049354,37.205553942415165,False
D1_M1_collapse,M1_autonomous_Schaefer,33.8,60,M3_AR_residual,31.318301735924265,31.379382231701864,47.25096898049354,37.205553942415165,False
D1_M1_collapse,M1_autonomous_Schaefer,33.8,60,M4_delayed_info,32.29743895713667,31.03903060503708,47.25096898049354,37.205553942415165,False
D1_M1_collapse,M1_autonomous_Schaefer,33.8,61,M1_autonomous_Schaefer,34.5613561209525,34.32682746195235,42.31672552187632,43.429044739562414,True
D1_M1_collapse,M1_autonomous_Schaefer,33.8,61,M1b_autonomous_Allee,37.09309729095107,58.963800316637666,42.31672552187632,43.429044739562414,False
D1_M1_collapse,M1_autonomous_Schaefer,33.8,61,M2_stockflow_regimeC,34.5613561209525,34.32682746195235,42.31672552187632,43.429044739562414,False
D1_M1_collapse,M1_autonomous_Schaefer,33.8,61,M3_AR_residual,34.70273920926522,34.70971680910913,42.31672552187632,43.429044739562414,False
D1_M1_collapse,M1_autonomous_Schaefer,33.8,61,M4_delayed_info,33.540954959465665,34.020832980353546,42.31672552187632,43.429044739562414,False
D1_M1_collapse,M1_autonomous_Schaefer,33.8,62,M1_autonomous_Schaefer,39.06041332961006,28.62534332396393,54.39063380968019,49.19101235519972,True
D1_M1_collapse,M1_autonomous_Schaefer,33.8,62,M1b_autonomous_Allee,54.07725002646588,79.23562675919794,54.39063380968019,49.19101235519972,False
D1_M1_collapse,M1_autonomous_Schaefer,33.8,62,M2_stockflow_regimeC,39.06041332961006,28.62534332396393,54.39063380968019,49.19101235519972,False
D1_M1_collapse,M1_autonomous_Schaefer,33.8,62,M3_AR_residual,42.15625607291134,29.890758581772168,54.39063380968019,49.19101235519972,False
D1_M1_collapse,M1_autonomous_Schaefer,33.8,62,M4_delayed_info,37.29341650214541,28.987162250796914,54.39063380968019,49.19101235519972,False
D1_M1_collapse,M1_autonomous_Schaefer,33.8,63,M1_autonomous_Schaefer,33.68002573665279,30.98831032762787,55.328948704984306,51.08978485719433,True
D1_M1_collapse,M1_autonomous_Schaefer,33.8,63,M1b_autonomous_Allee,39.44716106485782,35.41328833967388,55.328948704984306,51.08978485719433,False
D1_M1_collapse,M1_autonomous_Schaefer,33.8,63,M2_stockflow_regimeC,33.68002573665279,30.98831032762787,55.328948704984306,51.08978485719433,False
D1_M1_collapse,M1_autonomous_Schaefer,33.8,63,M3_AR_residual,34.259407686982954,30.966468171796762,55.328948704984306,51.08978485719433,False
D1_M1_collapse,M1_autonomous_Schaefer,33.8,63,M4_delayed_info,36.128556436696975,31.006803135804873,55.328948704984306,51.08978485719433,False
D1_M1_collapse,M1_autonomous_Schaefer,33.8,64,M1_autonomous_Schaefer,39.85964365189462,44.29074112035869,71.80812152769931,57.16348175777582,True
D1_M1_collapse,M1_autonomous_Schaefer,33.8,64,M1b_autonomous_Allee,46.650809799565884,45.31691197341187,71.80812152769931,57.16348175777582,False
D1_M1_collapse,M1_autonomous_Schaefer,33.8,64,M2_stockflow_regimeC,39.85964365189462,44.29074112035869,71.80812152769931,57.16348175777582,False
D1_M1_collapse,M1_autonomous_Schaefer,33.8,64,M3_AR_residual,40.202903870175504,44.339128096621614,71.80812152769931,57.16348175777582,False
D1_M1_collapse,M1_autonomous_Schaefer,33.8,64,M4_delayed_info,42.373963054631545,44.15969121266986,71.80812152769931,57.16348175777582,False
D1_M1_collapse,M1_autonomous_Schaefer,33.8,65,M1_autonomous_Schaefer,28.282905700060475,28.943334305365067,38.73230995740109,41.19217844925162,True
D1_M1_collapse,M1_autonomous_Schaefer,33.8,65,M1b_autonomous_Allee,33.94994822187784,51.68319693167738,38.73230995740109,41.19217844925162,False
D1_M1_collapse,M1_autonomous_Schaefer,33.8,65,M2_stockflow_regimeC,28.282905700060475,28.943334305365067,38.73230995740109,41.19217844925162,False
D1_M1_collapse,M1_autonomous_Schaefer,33.8,65,M3_AR_residual,28.486557873149945,28.943304296684854,38.73230995740109,41.19217844925162,False
D1_M1_collapse,M1_autonomous_Schaefer,33.8,65,M4_delayed_info,27.545848131371862,28.943408482338214,38.73230995740109,41.19217844925162,False
D1_M1_collapse,M1_autonomous_Schaefer,33.8,66,M1_autonomous_Schaefer,27.46612513624522,37.040211127768934,65.34508810427879,52.84814644810911,True
D1_M1_collapse,M1_autonomous_Schaefer,33.8,66,M1b_autonomous_Allee,57.61732790317546,69.32117018480695,65.34508810427879,52.84814644810911,False
D1_M1_collapse,M1_autonomous_Schaefer,33.8,66,M2_stockflow_regimeC,27.46612513624522,37.040211127768934,65.34508810427879,52.84814644810911,False
D1_M1_collapse,M1_autonomous_Schaefer,33.8,66,M3_AR_residual,26.50032534856931,37.18352085326103,65.34508810427879,52.84814644810911,False
D1_M1_collapse,M1_autonomous_Schaefer,33.8,66,M4_delayed_info,40.21960080815924,37.07318523175037,65.34508810427879,52.84814644810911,False
D1_M1_collapse,M1_autonomous_Schaefer,33.8,67,M1_autonomous_Schaefer,28.827485342587718,32.9340635326064,55.48388478691877,56.258196946020625,True
D1_M1_collapse,M1_autonomous_Schaefer,33.8,67,M1b_autonomous_Allee,42.25068179286359,45.714619965161425,55.48388478691877,56.258196946020625,False
D1_M1_collapse,M1_autonomous_Schaefer,33.8,67,M2_stockflow_regimeC,28.827485342587718,32.9340635326064,55.48388478691877,56.258196946020625,False
D1_M1_collapse,M1_autonomous_Schaefer,33.8,67,M3_AR_residual,28.726062849552186,32.940291611171865,55.48388478691877,56.258196946020625,False
D1_M1_collapse,M1_autonomous_Schaefer,33.8,67,M4_delayed_info,31.43786055113599,32.979353981396336,55.48388478691877,56.258196946020625,False
D1_M1_collapse,M1_autonomous_Schaefer,33.8,68,M1_autonomous_Schaefer,40.36297866741838,39.39432673587426,55.78976186761432,55.93832453382234,True
D1_M1_collapse,M1_autonomous_Schaefer,33.8,68,M1b_autonomous_Allee,46.37294314497087,53.79003961657355,55.78976186761432,55.93832453382234,False
D1_M1_collapse,M1_autonomous_Schaefer,33.8,68,M2_stockflow_regimeC,40.36297866741838,39.39432673587426,55.78976186761432,55.93832453382234,False
D1_M1_collapse,M1_autonomous_Schaefer,33.8,68,M3_AR_residual,40.74772128840929,39.39490258081686,55.78976186761432,55.93832453382234,False
D1_M1_collapse,M1_autonomous_Schaefer,33.8,68,M4_delayed_info,40.18695837564778,39.39418728650866,55.78976186761432,55.93832453382234,False
D1_M1_collapse,M1_autonomous_Schaefer,33.8,69,M1_autonomous_Schaefer,32.48948270434456,33.459234387780654,48.445687588812255,46.83983677557489,True
D1_M1_collapse,M1_autonomous_Schaefer,33.8,69,M1b_autonomous_Allee,35.4182997619811,33.782352447938024,48.445687588812255,46.83983677557489,False
D1_M1_collapse,M1_autonomous_Schaefer,33.8,69,M2_stockflow_regimeC,32.48948270434456,33.459234387780654,48.445687588812255,46.83983677557489,False
D1_M1_collapse,M1_autonomous_Schaefer,33.8,69,M3_AR_residual,33.00455402552321,33.44700966925408,48.445687588812255,46.83983677557489,False
D1_M1_collapse,M1_autonomous_Schaefer,33.8,69,M4_delayed_info,32.176216921656184,33.46796706589025,48.445687588812255,46.83983677557489,False
D1_M1_collapse,M1_autonomous_Schaefer,33.8,70,M1_autonomous_Schaefer,41.19823191836273,40.47232163569891,68.63961786510541,56.25335962988578,True
D1_M1_collapse,M1_autonomous_Schaefer,33.8,70,M1b_autonomous_Allee,49.39344767379248,49.60538761086239,68.63961786510541,56.25335962988578,False
D1_M1_collapse,M1_autonomous_Schaefer,33.8,70,M2_stockflow_regimeC,41.19823191836273,40.47232163569891,68.63961786510541,56.25335962988578,False
D1_M1_collapse,M1_autonomous_Schaefer,33.8,70,M3_AR_residual,43.494662446027576,40.494311422555135,68.63961786510541,56.25335962988578,False
D1_M1_collapse,M1_autonomous_Schaefer,33.8,70,M4_delayed_info,46.386371114194276,40.43450546181506,68.63961786510541,56.25335962988578,False
D1_M1_collapse,M1_autonomous_Schaefer,33.8,71,M1_autonomous_Schaefer,34.23229281364661,33.75090355715474,47.53492065829708,39.76498417237732,True
D1_M1_collapse,M1_autonomous_Schaefer,33.8,71,M1b_autonomous_Allee,38.95466554205556,46.82363105193277,47.53492065829708,39.76498417237732,False
D1_M1_collapse,M1_autonomous_Schaefer,33.8,71,M2_stockflow_regimeC,34.23229281364661,33.75090355715474,47.53492065829708,39.76498417237732,False
D1_M1_collapse,M1_autonomous_Schaefer,33.8,71,M3_AR_residual,34.9977205273394,33.7793539358701,47.53492065829708,39.76498417237732,False
D1_M1_collapse,M1_autonomous_Schaefer,33.8,71,M4_delayed_info,34.20244151038912,33.66778613744411,47.53492065829708,39.76498417237732,False
D1_M1_collapse,M1_autonomous_Schaefer,33.8,72,M1_autonomous_Schaefer,33.07699059118785,30.629591837851265,54.51425326656225,46.98511148256883,True
D1_M1_collapse,M1_autonomous_Schaefer,33.8,72,M1b_autonomous_Allee,40.60838854786289,57.66673153513765,54.51425326656225,46.98511148256883,False
D1_M1_collapse,M1_autonomous_Schaefer,33.8,72,M2_stockflow_regimeC,33.07699059118785,30.629591837851265,54.51425326656225,46.98511148256883,False
D1_M1_collapse,M1_autonomous_Schaefer,33.8,72,M3_AR_residual,33.45800232710245,30.61994666477006,54.51425326656225,46.98511148256883,False
D1_M1_collapse,M1_autonomous_Schaefer,33.8,72,M4_delayed_info,33.9797359389932,30.64785930189141,54.51425326656225,46.98511148256883,False
D1_M1_collapse,M1_autonomous_Schaefer,33.8,73,M1_autonomous_Schaefer,33.2615639929084,30.179993458270907,50.10452788866342,45.712647202325016,True
D1_M1_collapse,M1_autonomous_Schaefer,33.8,73,M1b_autonomous_Allee,34.69878181934064,28.120024136780117,50.10452788866342,45.712647202325016,False
D1_M1_collapse,M1_autonomous_Schaefer,33.8,73,M2_stockflow_regimeC,33.2615639929084,30.179993458270907,50.10452788866342,45.712647202325016,False
D1_M1_collapse,M1_autonomous_Schaefer,33.8,73,M3_AR_residual,33.5186854907312,30.17841183578851,50.10452788866342,45.712647202325016,False
D1_M1_collapse,M1_autonomous_Schaefer,33.8,73,M4_delayed_info,33.53213156815838,30.207621805161153,50.10452788866342,45.712647202325016,False
D1_M1_collapse,M1_autonomous_Schaefer,33.8,74,M1_autonomous_Schaefer,39.56162942744848,43.624543178281165,75.96379072807314,66.50345083520922,True
D1_M1_collapse,M1_autonomous_Schaefer,33.8,74,M1b_autonomous_Allee,54.87904890151171,72.4002266559973,75.96379072807314,66.50345083520922,False
D1_M1_collapse,M1_autonomous_Schaefer,33.8,74,M2_stockflow_regimeC,39.56162942744848,43.624543178281165,75.96379072807314,66.50345083520922,False
D1_M1_collapse,M1_autonomous_Schaefer,33.8,74,M3_AR_residual,39.55519794903699,43.50481021974082,75.96379072807314,66.50345083520922,False
D1_M1_collapse,M1_autonomous_Schaefer,33.8,74,M4_delayed_info,45.03892843095469,43.76600747070973,75.96379072807314,66.50345083520922,False
D1_M1_collapse,M1_autonomous_Schaefer,33.8,75,M1_autonomous_Schaefer,30.959666956680476,32.049296427082474,47.944889643961574,43.32313844136477,True
D1_M1_collapse,M1_autonomous_Schaefer,33.8,75,M1b_autonomous_Allee,38.79234296944827,53.3070580760249,47.944889643961574,43.32313844136477,False
D1_M1_collapse,M1_autonomous_Schaefer,33.8,75,M2_stockflow_regimeC,30.959666956680476,32.049296427082474,47.944889643961574,43.32313844136477,False
D1_M1_collapse,M1_autonomous_Schaefer,33.8,75,M3_AR_residual,31.56140575535952,32.07244044088063,47.944889643961574,43.32313844136477,False
D1_M1_collapse,M1_autonomous_Schaefer,33.8,75,M4_delayed_info,31.568300013735993,31.995723336683277,47.944889643961574,43.32313844136477,False
D1_M1_collapse,M1_autonomous_Schaefer,33.8,76,M1_autonomous_Schaefer,38.23468224487435,34.91914625781091,49.817261560899055,50.84939061471248,True
D1_M1_collapse,M1_autonomous_Schaefer,33.8,76,M1b_autonomous_Allee,38.13888041643493,59.743391418259144,49.817261560899055,50.84939061471248,False
D1_M1_collapse,M1_autonomous_Schaefer,33.8,76,M2_stockflow_regimeC,38.23468224487435,34.91914625781091,49.817261560899055,50.84939061471248,False
D1_M1_collapse,M1_autonomous_Schaefer,33.8,76,M3_AR_residual,39.88853737333791,35.04422496490221,49.817261560899055,50.84939061471248,False
D1_M1_collapse,M1_autonomous_Schaefer,33.8,76,M4_delayed_info,35.23402867298225,34.82191951119627,49.817261560899055,50.84939061471248,False
D1_M1_collapse,M1_autonomous_Schaefer,33.8,77,M1_autonomous_Schaefer,31.865378992094655,28.18700375001672,45.34303255149066,36.16597335777952,True
D1_M1_collapse,M1_autonomous_Schaefer,33.8,77,M1b_autonomous_Allee,33.611436165500066,28.26326033054511,45.34303255149066,36.16597335777952,False
D1_M1_collapse,M1_autonomous_Schaefer,33.8,77,M2_stockflow_regimeC,31.865378992094655,28.18700375001672,45.34303255149066,36.16597335777952,False
D1_M1_collapse,M1_autonomous_Schaefer,33.8,77,M3_AR_residual,31.926742810774854,28.18297215389094,45.34303255149066,36.16597335777952,False
D1_M1_collapse,M1_autonomous_Schaefer,33.8,77,M4_delayed_info,31.072446956595236,28.17165347881497,45.34303255149066,36.16597335777952,False
D1_M1_collapse,M1_autonomous_Schaefer,33.8,78,M1_autonomous_Schaefer,34.31575087163625,35.919701201903976,50.36327302651492,46.3127278122141,True
D1_M1_collapse,M1_autonomous_Schaefer,33.8,78,M1b_autonomous_Allee,45.04129846193518,61.22124265966577,50.36327302651492,46.3127278122141,False
D1_M1_collapse,M1_autonomous_Schaefer,33.8,78,M2_stockflow_regimeC,34.31575087163625,35.919701201903976,50.36327302651492,46.3127278122141,False
D1_M1_collapse,M1_autonomous_Schaefer,33.8,78,M3_AR_residual,34.814681860679954,35.89406759732705,50.36327302651492,46.3127278122141,False
D1_M1_collapse,M1_autonomous_Schaefer,33.8,78,M4_delayed_info,33.65099763481169,35.9027947774203,50.36327302651492,46.3127278122141,False
D1_M1_collapse,M1_autonomous_Schaefer,33.8,79,M1_autonomous_Schaefer,27.601759680334823,28.93733266418268,46.80312146852092,35.993732328939416,True
D1_M1_collapse,M1_autonomous_Schaefer,33.8,79,M1b_autonomous_Allee,37.248250334808354,34.287110127278304,46.80312146852092,35.993732328939416,False
D1_M1_collapse,M1_autonomous_Schaefer,33.8,79,M2_stockflow_regimeC,27.601759680334823,28.93733266418268,46.80312146852092,35.993732328939416,False
D1_M1_collapse,M1_autonomous_Schaefer,33.8,79,M3_AR_residual,28.278829357687407,28.93078503562149,46.80312146852092,35.993732328939416,False
D1_M1_collapse,M1_autonomous_Schaefer,33.8,79,M4_delayed_info,28.05291266665876,28.873290448400073,46.80312146852092,35.993732328939416,False
D1_M1_collapse,M1_autonomous_Schaefer,33.8,80,M1_autonomous_Schaefer,33.38943014536335,37.342318350141994,55.72983681806619,58.67322730019163,True
D1_M1_collapse,M1_autonomous_Schaefer,33.8,80,M1b_autonomous_Allee,40.88317635209405,40.16710128068474,55.72983681806619,58.67322730019163,False
D1_M1_collapse,M1_autonomous_Schaefer,33.8,80,M2_stockflow_regimeC,33.38943014536335,37.342318350141994,55.72983681806619,58.67322730019163,False
D1_M1_collapse,M1_autonomous_Schaefer,33.8,80,M3_AR_residual,35.05325921858852,37.26682723130703,55.72983681806619,58.67322730019163,False
D1_M1_collapse,M1_autonomous_Schaefer,33.8,80,M4_delayed_info,35.9923617310142,37.42738042702763,55.72983681806619,58.67322730019163,False
D1_M1_collapse,M1_autonomous_Schaefer,33.8,81,M1_autonomous_Schaefer,25.793282272805133,25.606104611301113,44.24031076427207,39.774071324629034,True
D1_M1_collapse,M1_autonomous_Schaefer,33.8,81,M1b_autonomous_Allee,35.23681517926687,37.047422455898726,44.24031076427207,39.774071324629034,False
D1_M1_collapse,M1_autonomous_Schaefer,33.8,81,M2_stockflow_regimeC,25.793282272805133,25.606104611301113,44.24031076427207,39.774071324629034,False
D1_M1_collapse,M1_autonomous_Schaefer,33.8,81,M3_AR_residual,26.895794758641653,25.42661727023831,44.24031076427207,39.774071324629034,False
D1_M1_collapse,M1_autonomous_Schaefer,33.8,81,M4_delayed_info,28.776726529185833,25.739261045208494,44.24031076427207,39.774071324629034,False
D1_M1_collapse,M1_autonomous_Schaefer,33.8,82,M1_autonomous_Schaefer,37.333067395236725,37.18556836559557,65.40280217683086,54.773233930821675,True
D1_M1_collapse,M1_autonomous_Schaefer,33.8,82,M1b_autonomous_Allee,58.81291041580308,83.89461273075534,65.40280217683086,54.773233930821675,False
D1_M1_collapse,M1_autonomous_Schaefer,33.8,82,M2_stockflow_regimeC,37.333067395236725,37.18556836559557,65.40280217683086,54.773233930821675,False
D1_M1_collapse,M1_autonomous_Schaefer,33.8,82,M3_AR_residual,37.89708867998645,37.18698818142233,65.40280217683086,54.773233930821675,False
D1_M1_collapse,M1_autonomous_Schaefer,33.8,82,M4_delayed_info,40.42394266117859,37.19841864859424,65.40280217683086,54.773233930821675,False
D1_M1_collapse,M1_autonomous_Schaefer,33.8,83,M1_autonomous_Schaefer,27.05612766462094,36.46278778607493,58.658030614680314,48.219706619334325,True
D1_M1_collapse,M1_autonomous_Schaefer,33.8,83,M1b_autonomous_Allee,45.592498832541374,47.90482662974164,58.658030614680314,48.219706619334325,False
D1_M1_collapse,M1_autonomous_Schaefer,33.8,83,M2_stockflow_regimeC,27.05612766462094,36.46278778607493,58.658030614680314,48.219706619334325,False
D1_M1_collapse,M1_autonomous_Schaefer,33.8,83,M3_AR_residual,26.95142284499602,36.51981726171998,58.658030614680314,48.219706619334325,False
D1_M1_collapse,M1_autonomous_Schaefer,33.8,83,M4_delayed_info,36.98565673000129,36.52787676149321,58.658030614680314,48.219706619334325,False
D1_M1_collapse,M1_autonomous_Schaefer,33.8,84,M1_autonomous_Schaefer,27.501149931574844,29.818866584144505,52.29031058794993,44.9079361383832,True
D1_M1_collapse,M1_autonomous_Schaefer,33.8,84,M1b_autonomous_Allee,38.14822689104891,41.27923256672279,52.29031058794993,44.9079361383832,False
D1_M1_collapse,M1_autonomous_Schaefer,33.8,84,M2_stockflow_regimeC,27.501149931574844,29.818866584144505,52.29031058794993,44.9079361383832,False
D1_M1_collapse,M1_autonomous_Schaefer,33.8,84,M3_AR_residual,28.091683563643038,29.95393874071031,52.29031058794993,44.9079361383832,False
D1_M1_collapse,M1_autonomous_Schaefer,33.8,84,M4_delayed_info,31.924952280939117,29.76753854003452,52.29031058794993,44.9079361383832,False
D1_M1_collapse,M1_autonomous_Schaefer,33.8,85,M1_autonomous_Schaefer,33.006700336361966,32.04818107648672,45.449255785230434,42.38918533387785,True
D1_M1_collapse,M1_autonomous_Schaefer,33.8,85,M1b_autonomous_Allee,43.94813306851036,53.81015219031692,45.449255785230434,42.38918533387785,False
D1_M1_collapse,M1_autonomous_Schaefer,33.8,85,M2_stockflow_regimeC,33.006700336361966,32.04818107648672,45.449255785230434,42.38918533387785,False
D1_M1_collapse,M1_autonomous_Schaefer,33.8,85,M3_AR_residual,33.58178141403172,32.05786426962111,45.449255785230434,42.38918533387785,False
D1_M1_collapse,M1_autonomous_Schaefer,33.8,85,M4_delayed_info,30.265466664323604,32.00727132957806,45.449255785230434,42.38918533387785,False
D1_M1_collapse,M1_autonomous_Schaefer,33.8,86,M1_autonomous_Schaefer,30.307026119924704,36.68090154174431,58.22359898954562,46.69019738627247,True
D1_M1_collapse,M1_autonomous_Schaefer,33.8,86,M1b_autonomous_Allee,42.53789113866917,39.01889702782122,58.22359898954562,46.69019738627247,False
D1_M1_collapse,M1_autonomous_Schaefer,33.8,86,M2_stockflow_regimeC,30.307026119924704,36.68090154174431,58.22359898954562,46.69019738627247,False
D1_M1_collapse,M1_autonomous_Schaefer,33.8,86,M3_AR_residual,31.698660858918807,36.84020275632763,58.22359898954562,46.69019738627247,False
D1_M1_collapse,M1_autonomous_Schaefer,33.8,86,M4_delayed_info,35.21215124306486,36.557368197338114,58.22359898954562,46.69019738627247,False
D1_M1_collapse,M1_autonomous_Schaefer,33.8,87,M1_autonomous_Schaefer,38.10283905134213,40.192653022785905,61.29278373205542,39.613478888170604,False
D1_M1_collapse,M1_autonomous_Schaefer,33.8,87,M1b_autonomous_Allee,44.873100213357304,48.88660492173028,61.29278373205542,39.613478888170604,False
D1_M1_collapse,M1_autonomous_Schaefer,33.8,87,M2_stockflow_regimeC,38.10283905134213,40.192653022785905,61.29278373205542,39.613478888170604,False
D1_M1_collapse,M1_autonomous_Schaefer,33.8,87,M3_AR_residual,38.37008741807667,40.19120835070562,61.29278373205542,39.613478888170604,False
D1_M1_collapse,M1_autonomous_Schaefer,33.8,87,M4_delayed_info,37.75797493377118,40.1952862261975,61.29278373205542,39.613478888170604,False
D1_M1_collapse,M1_autonomous_Schaefer,33.8,88,M1_autonomous_Schaefer,33.525801344651555,33.42891998059382,74.32025738076177,65.53183054693122,True
D1_M1_collapse,M1_autonomous_Schaefer,33.8,88,M1b_autonomous_Allee,53.188846318941245,59.06063370257629,74.32025738076177,65.53183054693122,False
D1_M1_collapse,M1_autonomous_Schaefer,33.8,88,M2_stockflow_regimeC,33.525801344651555,33.42891998059382,74.32025738076177,65.53183054693122,False
D1_M1_collapse,M1_autonomous_Schaefer,33.8,88,M3_AR_residual,34.79716462399133,33.2400488294957,74.32025738076177,65.53183054693122,False
D1_M1_collapse,M1_autonomous_Schaefer,33.8,88,M4_delayed_info,41.37335210940597,33.679354816418126,74.32025738076177,65.53183054693122,False
D1_M1_collapse,M1_autonomous_Schaefer,33.8,89,M1_autonomous_Schaefer,42.93463057652896,43.25573249578271,63.350356499878544,60.459752750098595,True
D1_M1_collapse,M1_autonomous_Schaefer,33.8,89,M1b_autonomous_Allee,52.209142657261495,51.04158940271273,63.350356499878544,60.459752750098595,False
D1_M1_collapse,M1_autonomous_Schaefer,33.8,89,M2_stockflow_regimeC,42.93463057652896,43.25573249578271,63.350356499878544,60.459752750098595,False
D1_M1_collapse,M1_autonomous_Schaefer,33.8,89,M3_AR_residual,43.573494852818094,43.24229407691972,63.350356499878544,60.459752750098595,False
D1_M1_collapse,M1_autonomous_Schaefer,33.8,89,M4_delayed_info,42.96658678348918,43.29846151138606,63.350356499878544,60.459752750098595,False
D1_M1_collapse,M1_autonomous_Schaefer,33.8,90,M1_autonomous_Schaefer,34.87225250201898,36.64329531649493,57.7214302422079,40.45053645754222,True
D1_M1_collapse,M1_autonomous_Schaefer,33.8,90,M1b_autonomous_Allee,38.03891091938967,44.42708909703242,57.7214302422079,40.45053645754222,False
D1_M1_collapse,M1_autonomous_Schaefer,33.8,90,M2_stockflow_regimeC,34.87225250201898,36.64329531649493,57.7214302422079,40.45053645754222,False
D1_M1_collapse,M1_autonomous_Schaefer,33.8,90,M3_AR_residual,37.781107344580604,48.70686272064718,57.7214302422079,40.45053645754222,False
D1_M1_collapse,M1_autonomous_Schaefer,33.8,90,M4_delayed_info,40.786745197768774,47.9105879252481,57.7214302422079,40.45053645754222,False
D1_M1_collapse,M1_autonomous_Schaefer,33.8,91,M1_autonomous_Schaefer,36.781527381406704,37.84280153686157,55.70711140244202,50.06495413691601,True
D1_M1_collapse,M1_autonomous_Schaefer,33.8,91,M1b_autonomous_Allee,39.950881404936524,44.30052279802482,55.70711140244202,50.06495413691601,False
D1_M1_collapse,M1_autonomous_Schaefer,33.8,91,M2_stockflow_regimeC,36.781527381406704,37.84280153686157,55.70711140244202,50.06495413691601,False
D1_M1_collapse,M1_autonomous_Schaefer,33.8,91,M3_AR_residual,39.097901084960256,36.145420196011415,55.70711140244202,50.06495413691601,False
D1_M1_collapse,M1_autonomous_Schaefer,33.8,91,M4_delayed_info,38.07369752816562,39.826019738161406,55.70711140244202,50.06495413691601,False
D1_M1_collapse,M1_autonomous_Schaefer,33.8,92,M1_autonomous_Schaefer,31.924182326959492,39.78259951235313,64.53687319232932,60.022786529991265,True
D1_M1_collapse,M1_autonomous_Schaefer,33.8,92,M1b_autonomous_Allee,44.805980368304255,54.98811954874944,64.53687319232932,60.022786529991265,False
D1_M1_collapse,M1_autonomous_Schaefer,33.8,92,M2_stockflow_regimeC,31.924182326959492,39.78259951235313,64.53687319232932,60.022786529991265,False
D1_M1_collapse,M1_autonomous_Schaefer,33.8,92,M3_AR_residual,33.10553122974749,39.27702674751118,64.53687319232932,60.022786529991265,False
D1_M1_collapse,M1_autonomous_Schaefer,33.8,92,M4_delayed_info,41.83948039497134,40.320121750574344,64.53687319232932,60.022786529991265,False
D1_M1_collapse,M1_autonomous_Schaefer,33.8,93,M1_autonomous_Schaefer,35.94012510824236,42.3208120964188,74.41694911261884,65.55856519189722,True
D1_M1_collapse,M1_autonomous_Schaefer,33.8,93,M1b_autonomous_Allee,44.97704504466521,43.54312206772042,74.41694911261884,65.55856519189722,False
D1_M1_collapse,M1_autonomous_Schaefer,33.8,93,M2_stockflow_regimeC,35.94012510824236,42.3208120964188,74.41694911261884,65.55856519189722,False
D1_M1_collapse,M1_autonomous_Schaefer,33.8,93,M3_AR_residual,36.80695726816802,42.42791386709396,74.41694911261884,65.55856519189722,False
D1_M1_collapse,M1_autonomous_Schaefer,33.8,93,M4_delayed_info,41.412094537593596,42.19445008249602,74.41694911261884,65.55856519189722,False
D1_M1_collapse,M1_autonomous_Schaefer,33.8,94,M1_autonomous_Schaefer,33.30479839737647,37.05919446585885,61.889375755922856,47.2408128701527,True
D1_M1_collapse,M1_autonomous_Schaefer,33.8,94,M1b_autonomous_Allee,49.59437644287411,65.36504784631957,61.889375755922856,47.2408128701527,False
D1_M1_collapse,M1_autonomous_Schaefer,33.8,94,M2_stockflow_regimeC,33.30479839737647,37.05919446585885,61.889375755922856,47.2408128701527,False
D1_M1_collapse,M1_autonomous_Schaefer,33.8,94,M3_AR_residual,34.195653376090284,36.983682743668076,61.889375755922856,47.2408128701527,False
D1_M1_collapse,M1_autonomous_Schaefer,33.8,94,M4_delayed_info,41.30071725353559,37.19785852658504,61.889375755922856,47.2408128701527,False
D1_M1_collapse,M1_autonomous_Schaefer,33.8,95,M1_autonomous_Schaefer,29.545346868440372,30.09443218851186,45.76367291604912,51.21579647239141,True
D1_M1_collapse,M1_autonomous_Schaefer,33.8,95,M1b_autonomous_Allee,33.606219381448376,30.88950650741358,45.76367291604912,51.21579647239141,False
D1_M1_collapse,M1_autonomous_Schaefer,33.8,95,M2_stockflow_regimeC,29.545346868440372,30.09443218851186,45.76367291604912,51.21579647239141,False
D1_M1_collapse,M1_autonomous_Schaefer,33.8,95,M3_AR_residual,29.603484534806732,30.093548022154945,45.76367291604912,51.21579647239141,False
D1_M1_collapse,M1_autonomous_Schaefer,33.8,95,M4_delayed_info,30.47551351820522,30.09733131991191,45.76367291604912,51.21579647239141,False
D1_M1_collapse,M1_autonomous_Schaefer,33.8,96,M1_autonomous_Schaefer,26.226271691785154,25.835806732219936,42.038931701142054,37.15317731001226,True
D1_M1_collapse,M1_autonomous_Schaefer,33.8,96,M1b_autonomous_Allee,28.838284534561996,26.199728223655573,42.038931701142054,37.15317731001226,False
D1_M1_collapse,M1_autonomous_Schaefer,33.8,96,M2_stockflow_regimeC,26.226271691785154,25.835806732219936,42.038931701142054,37.15317731001226,False
D1_M1_collapse,M1_autonomous_Schaefer,33.8,96,M3_AR_residual,27.58009253265624,25.662137894653412,42.038931701142054,37.15317731001226,False
D1_M1_collapse,M1_autonomous_Schaefer,33.8,96,M4_delayed_info,27.186729603018637,26.004038165677052,42.038931701142054,37.15317731001226,False
D1_M1_collapse,M1_autonomous_Schaefer,33.8,97,M1_autonomous_Schaefer,37.669120389590915,34.80647815395623,51.169684174314504,52.15079151159336,True
D1_M1_collapse,M1_autonomous_Schaefer,33.8,97,M1b_autonomous_Allee,41.495348930944516,52.02678557315134,51.169684174314504,52.15079151159336,False
D1_M1_collapse,M1_autonomous_Schaefer,33.8,97,M2_stockflow_regimeC,37.669120389590915,34.80647815395623,51.169684174314504,52.15079151159336,False
D1_M1_collapse,M1_autonomous_Schaefer,33.8,97,M3_AR_residual,38.00351742357887,34.81038753041666,51.169684174314504,52.15079151159336,False
D1_M1_collapse,M1_autonomous_Schaefer,33.8,97,M4_delayed_info,35.763159990663915,34.79742460470675,51.169684174314504,52.15079151159336,False
D1_M1_collapse,M1_autonomous_Schaefer,33.8,98,M1_autonomous_Schaefer,31.8861991668473,33.628929093590685,52.8753571920844,47.20757359008706,True
D1_M1_collapse,M1_autonomous_Schaefer,33.8,98,M1b_autonomous_Allee,41.92125886294416,50.003663108545254,52.8753571920844,47.20757359008706,False
D1_M1_collapse,M1_autonomous_Schaefer,33.8,98,M2_stockflow_regimeC,31.8861991668473,33.628929093590685,52.8753571920844,47.20757359008706,False
D1_M1_collapse,M1_autonomous_Schaefer,33.8,98,M3_AR_residual,32.135102491715486,33.62271652972737,52.8753571920844,47.20757359008706,False
D1_M1_collapse,M1_autonomous_Schaefer,33.8,98,M4_delayed_info,33.43716164817494,33.638552104672215,52.8753571920844,47.20757359008706,False
D1_M1_collapse,M1_autonomous_Schaefer,33.8,99,M1_autonomous_Schaefer,34.37049489877067,38.27188556077071,56.474384942532566,51.433018295945,True
D1_M1_collapse,M1_autonomous_Schaefer,33.8,99,M1b_autonomous_Allee,45.283382767069966,51.10240633998801,56.474384942532566,51.433018295945,False
D1_M1_collapse,M1_autonomous_Schaefer,33.8,99,M2_stockflow_regimeC,34.37049489877067,38.27188556077071,56.474384942532566,51.433018295945,False
D1_M1_collapse,M1_autonomous_Schaefer,33.8,99,M3_AR_residual,35.30013498851318,38.317339047463406,56.474384942532566,51.433018295945,False
D1_M1_collapse,M1_autonomous_Schaefer,33.8,99,M4_delayed_info,36.22844597730237,38.31130567550481,56.474384942532566,51.433018295945,False
D1_M1_collapse,M1_autonomous_Schaefer,33.8,100,M1_autonomous_Schaefer,41.620866950397414,35.39974261679613,64.8435263628052,50.93634567376552,True
D1_M1_collapse,M1_autonomous_Schaefer,33.8,100,M1b_autonomous_Allee,46.12138945117271,50.6745701787718,64.8435263628052,50.93634567376552,False
D1_M1_collapse,M1_autonomous_Schaefer,33.8,100,M2_stockflow_regimeC,41.620866950397414,35.39974261679613,64.8435263628052,50.93634567376552,False
D1_M1_collapse,M1_autonomous_Schaefer,33.8,100,M3_AR_residual,42.61723959548469,35.40010976018364,64.8435263628052,50.93634567376552,False
D1_M1_collapse,M1_autonomous_Schaefer,33.8,100,M4_delayed_info,41.311106184798774,35.39863552828859,64.8435263628052,50.93634567376552,False
D1_M1_collapse,M1_autonomous_Schaefer,33.8,101,M1_autonomous_Schaefer,33.70193573574543,39.013603282686034,64.79805157246432,54.40279517863051,True
D1_M1_collapse,M1_autonomous_Schaefer,33.8,101,M1b_autonomous_Allee,51.92846486050586,80.70827034439041,64.79805157246432,54.40279517863051,False
D1_M1_collapse,M1_autonomous_Schaefer,33.8,101,M2_stockflow_regimeC,33.70193573574543,39.013603282686034,64.79805157246432,54.40279517863051,False
D1_M1_collapse,M1_autonomous_Schaefer,33.8,101,M3_AR_residual,33.647091404060355,39.00578085927908,64.79805157246432,54.40279517863051,False
D1_M1_collapse,M1_autonomous_Schaefer,33.8,101,M4_delayed_info,36.64960142689931,39.05780320444387,64.79805157246432,54.40279517863051,False
D1_M1_collapse,M1_autonomous_Schaefer,33.8,102,M1_autonomous_Schaefer,34.85866715598079,37.91751193284975,58.45762553468296,56.79388379972339,True
D1_M1_collapse,M1_autonomous_Schaefer,33.8,102,M1b_autonomous_Allee,47.93551985672417,57.15353766958427,58.45762553468296,56.79388379972339,False
D1_M1_collapse,M1_autonomous_Schaefer,33.8,102,M2_stockflow_regimeC,34.85866715598079,37.91751193284975,58.45762553468296,56.79388379972339,False
D1_M1_collapse,M1_autonomous_Schaefer,33.8,102,M3_AR_residual,35.170152447675385,37.889765615881686,58.45762553468296,56.79388379972339,False
D1_M1_collapse,M1_autonomous_Schaefer,33.8,102,M4_delayed_info,36.541646435422,37.98459670625502,58.45762553468296,56.79388379972339,False
D1_M1_collapse,M1_autonomous_Schaefer,33.8,103,M1_autonomous_Schaefer,47.14345327188623,49.890926553571816,77.07037123302113,57.01095188546617,True
D1_M1_collapse,M1_autonomous_Schaefer,33.8,103,M1b_autonomous_Allee,60.639858029565104,74.72312550655877,77.07037123302113,57.01095188546617,False
D1_M1_collapse,M1_autonomous_Schaefer,33.8,103,M2_stockflow_regimeC,47.14345327188623,49.890926553571816,77.07037123302113,57.01095188546617,False
D1_M1_collapse,M1_autonomous_Schaefer,33.8,103,M3_AR_residual,49.52020936190083,48.77149292884119,77.07037123302113,57.01095188546617,False
D1_M1_collapse,M1_autonomous_Schaefer,33.8,103,M4_delayed_info,48.704715786828814,51.163782504893014,77.07037123302113,57.01095188546617,False
D1_M1_collapse,M1_autonomous_Schaefer,33.8,104,M1_autonomous_Schaefer,38.058037988143774,44.03287948684542,78.50686197721404,58.60001273454496,True
D1_M1_collapse,M1_autonomous_Schaefer,33.8,104,M1b_autonomous_Allee,64.72070344444128,71.38036404268786,78.50686197721404,58.60001273454496,False
D1_M1_collapse,M1_autonomous_Schaefer,33.8,104,M2_stockflow_regimeC,38.058037988143774,44.03287948684542,78.50686197721404,58.60001273454496,False
D1_M1_collapse,M1_autonomous_Schaefer,33.8,104,M3_AR_residual,39.38957566423172,44.005103716070764,78.50686197721404,58.60001273454496,False
D1_M1_collapse,M1_autonomous_Schaefer,33.8,104,M4_delayed_info,42.01356995432828,43.872598142557,78.50686197721404,58.60001273454496,False
D1_M1_collapse,M1_autonomous_Schaefer,33.8,105,M1_autonomous_Schaefer,36.83708284697148,43.04143685237936,66.74154363991371,59.30841220956425,True
D1_M1_collapse,M1_autonomous_Schaefer,33.8,105,M1b_autonomous_Allee,47.42748084993243,47.915089371327156,66.74154363991371,59.30841220956425,False
D1_M1_collapse,M1_autonomous_Schaefer,33.8,105,M2_stockflow_regimeC,36.83708284697148,43.04143685237936,66.74154363991371,59.30841220956425,False
D1_M1_collapse,M1_autonomous_Schaefer,33.8,105,M3_AR_residual,40.12984563450052,43.411270047060036,66.74154363991371,59.30841220956425,False
D1_M1_collapse,M1_autonomous_Schaefer,33.8,105,M4_delayed_info,40.81354870768722,42.946262595578474,66.74154363991371,59.30841220956425,False
D1_M1_collapse,M1_autonomous_Schaefer,33.8,106,M1_autonomous_Schaefer,41.2387526776773,38.4650377934935,61.681121464411845,39.003791937796464,False
D1_M1_collapse,M1_autonomous_Schaefer,33.8,106,M1b_autonomous_Allee,44.09695611981548,58.18788168123132,61.681121464411845,39.003791937796464,False
D1_M1_collapse,M1_autonomous_Schaefer,33.8,106,M2_stockflow_regimeC,41.2387526776773,38.4650377934935,61.681121464411845,39.003791937796464,False
D1_M1_collapse,M1_autonomous_Schaefer,33.8,106,M3_AR_residual,42.520836282940714,38.51668162822138,61.681121464411845,39.003791937796464,False
D1_M1_collapse,M1_autonomous_Schaefer,33.8,106,M4_delayed_info,41.728227015675856,38.31638229794311,61.681121464411845,39.003791937796464,False
D1_M1_collapse,M1_autonomous_Schaefer,33.8,107,M1_autonomous_Schaefer,37.81442897958362,41.01092220914838,56.883606249771475,55.172413276911264,True
D1_M1_collapse,M1_autonomous_Schaefer,33.8,107,M1b_autonomous_Allee,39.28965580109689,39.48508425759743,56.883606249771475,55.172413276911264,False
D1_M1_collapse,M1_autonomous_Schaefer,33.8,107,M2_stockflow_regimeC,37.81442897958362,41.01092220914838,56.883606249771475,55.172413276911264,False
D1_M1_collapse,M1_autonomous_Schaefer,33.8,107,M3_AR_residual,38.774240435141486,41.028577109866376,56.883606249771475,55.172413276911264,False
D1_M1_collapse,M1_autonomous_Schaefer,33.8,107,M4_delayed_info,37.798372146079146,41.00337646525812,56.883606249771475,55.172413276911264,False
D1_M1_collapse,M1_autonomous_Schaefer,33.8,108,M1_autonomous_Schaefer,34.752273370896205,33.49440480643494,47.26678469907106,40.764566480893336,True
D1_M1_collapse,M1_autonomous_Schaefer,33.8,108,M1b_autonomous_Allee,34.92425994050791,39.94225952125565,47.26678469907106,40.764566480893336,False
D1_M1_collapse,M1_autonomous_Schaefer,33.8,108,M2_stockflow_regimeC,34.752273370896205,33.49440480643494,47.26678469907106,40.764566480893336,False
D1_M1_collapse,M1_autonomous_Schaefer,33.8,108,M3_AR_residual,35.37874051334695,33.39787728955492,47.26678469907106,40.764566480893336,False
D1_M1_collapse,M1_autonomous_Schaefer,33.8,108,M4_delayed_info,34.49340357204328,33.48336934737973,47.26678469907106,40.764566480893336,False
D1_M1_collapse,M1_autonomous_Schaefer,33.8,109,M1_autonomous_Schaefer,31.273603212512985,41.69103466366697,71.9489475029514,60.32656383518303,True
D1_M1_collapse,M1_autonomous_Schaefer,33.8,109,M1b_autonomous_Allee,64.30706853000657,67.68969251499381,71.9489475029514,60.32656383518303,False
D1_M1_collapse,M1_autonomous_Schaefer,33.8,109,M2_stockflow_regimeC,31.273603212512985,41.69103466366697,71.9489475029514,60.32656383518303,False
D1_M1_collapse,M1_autonomous_Schaefer,33.8,109,M3_AR_residual,30.962170662038854,41.49306413174655,71.9489475029514,60.32656383518303,False
D1_M1_collapse,M1_autonomous_Schaefer,33.8,109,M4_delayed_info,43.891972649341504,41.9749885150754,71.9489475029514,60.32656383518303,False
D1_M1_collapse,M1_autonomous_Schaefer,33.8,110,M1_autonomous_Schaefer,31.316254909852365,26.579418070451673,49.56974550501888,44.181725349960736,True
D1_M1_collapse,M1_autonomous_Schaefer,33.8,110,M1b_autonomous_Allee,44.06523392194175,49.89697563737909,49.56974550501888,44.181725349960736,False
D1_M1_collapse,M1_autonomous_Schaefer,33.8,110,M2_stockflow_regimeC,31.316254909852365,26.579418070451673,49.56974550501888,44.181725349960736,False
D1_M1_collapse,M1_autonomous_Schaefer,33.8,110,M3_AR_residual,30.370971855536737,26.586691874593548,49.56974550501888,44.181725349960736,False
D1_M1_collapse,M1_autonomous_Schaefer,33.8,110,M4_delayed_info,30.178975638789865,26.62773264163351,49.56974550501888,44.181725349960736,False
D1_M1_collapse,M1_autonomous_Schaefer,33.8,111,M1_autonomous_Schaefer,37.600373618928984,42.96876640988029,70.7053698394607,52.07631599309126,True
D1_M1_collapse,M1_autonomous_Schaefer,33.8,111,M1b_autonomous_Allee,50.20022502304083,42.35406007486101,70.7053698394607,52.07631599309126,False
D1_M1_collapse,M1_autonomous_Schaefer,33.8,111,M2_stockflow_regimeC,37.600373618928984,42.96876640988029,70.7053698394607,52.07631599309126,False
D1_M1_collapse,M1_autonomous_Schaefer,33.8,111,M3_AR_residual,37.4738516190824,43.06587190924191,70.7053698394607,52.07631599309126,False
D1_M1_collapse,M1_autonomous_Schaefer,33.8,111,M4_delayed_info,43.8865735642669,42.75814675870116,70.7053698394607,52.07631599309126,False
D1_M1_collapse,M1_autonomous_Schaefer,33.8,112,M1_autonomous_Schaefer,39.30358576672061,48.90736906988287,87.89987394896961,55.63320366893088,True
D1_M1_collapse,M1_autonomous_Schaefer,33.8,112,M1b_autonomous_Allee,61.50213865955019,61.804681082487306,87.89987394896961,55.63320366893088,False
D1_M1_collapse,M1_autonomous_Schaefer,33.8,112,M2_stockflow_regimeC,39.30358576672061,48.90736906988287,87.89987394896961,55.63320366893088,False
D1_M1_collapse,M1_autonomous_Schaefer,33.8,112,M3_AR_residual,38.1238210626382,49.60557890349481,87.89987394896961,55.63320366893088,False
D1_M1_collapse,M1_autonomous_Schaefer,33.8,112,M4_delayed_info,53.705823407902116,48.444006056793725,87.89987394896961,55.63320366893088,False
D1_M1_collapse,M1_autonomous_Schaefer,33.8,113,M1_autonomous_Schaefer,33.712154538861405,42.00221030290975,66.69292397845525,58.885215625230025,True
D1_M1_collapse,M1_autonomous_Schaefer,33.8,113,M1b_autonomous_Allee,53.639304976050305,63.92175943493235,66.69292397845525,58.885215625230025,False
D1_M1_collapse,M1_autonomous_Schaefer,33.8,113,M2_stockflow_regimeC,33.712154538861405,42.00221030290975,66.69292397845525,58.885215625230025,False
D1_M1_collapse,M1_autonomous_Schaefer,33.8,113,M3_AR_residual,32.7014809405944,41.96841407602645,66.69292397845525,58.885215625230025,False
D1_M1_collapse,M1_autonomous_Schaefer,33.8,113,M4_delayed_info,41.385611088499395,42.081939633460756,66.69292397845525,58.885215625230025,False
D1_M1_collapse,M1_autonomous_Schaefer,33.8,114,M1_autonomous_Schaefer,26.955727216852065,26.60075632054148,47.75297594371029,35.98314389601748,True
D1_M1_collapse,M1_autonomous_Schaefer,33.8,114,M1b_autonomous_Allee,37.37582230038132,46.00856600317165,47.75297594371029,35.98314389601748,False
D1_M1_collapse,M1_autonomous_Schaefer,33.8,114,M2_stockflow_regimeC,26.955727216852065,26.60075632054148,47.75297594371029,35.98314389601748,False
D1_M1_collapse,M1_autonomous_Schaefer,33.8,114,M3_AR_residual,28.085929661965054,26.748499725872147,47.75297594371029,35.98314389601748,False
D1_M1_collapse,M1_autonomous_Schaefer,33.8,114,M4_delayed_info,28.415204383304133,26.48151361484616,47.75297594371029,35.98314389601748,False
D1_M1_collapse,M1_autonomous_Schaefer,33.8,115,M1_autonomous_Schaefer,36.51922588150986,40.665091804933404,62.48377560541501,53.75334292761865,True
D1_M1_collapse,M1_autonomous_Schaefer,33.8,115,M1b_autonomous_Allee,40.98017256630698,45.454643775130464,62.48377560541501,53.75334292761865,False
D1_M1_collapse,M1_autonomous_Schaefer,33.8,115,M2_stockflow_regimeC,36.51922588150986,40.665091804933404,62.48377560541501,53.75334292761865,False
D1_M1_collapse,M1_autonomous_Schaefer,33.8,115,M3_AR_residual,36.7746870802996,40.675182820242,62.48377560541501,53.75334292761865,False
D1_M1_collapse,M1_autonomous_Schaefer,33.8,115,M4_delayed_info,38.41447097677388,40.63282291321338,62.48377560541501,53.75334292761865,False
D1_M1_collapse,M1_autonomous_Schaefer,33.8,116,M1_autonomous_Schaefer,29.04342198528916,32.21523294318525,47.99145975138628,44.39538426831257,True
D1_M1_collapse,M1_autonomous_Schaefer,33.8,116,M1b_autonomous_Allee,41.269432491062204,46.78008888655993,47.99145975138628,44.39538426831257,False
D1_M1_collapse,M1_autonomous_Schaefer,33.8,116,M2_stockflow_regimeC,29.04342198528916,32.21523294318525,47.99145975138628,44.39538426831257,False
D1_M1_collapse,M1_autonomous_Schaefer,33.8,116,M3_AR_residual,29.082825749336763,32.20456023338972,47.99145975138628,44.39538426831257,False
D1_M1_collapse,M1_autonomous_Schaefer,33.8,116,M4_delayed_info,28.269866940899483,32.224849016351,47.99145975138628,44.39538426831257,False
D1_M1_collapse,M1_autonomous_Schaefer,33.8,117,M1_autonomous_Schaefer,29.782163259187985,32.50694168639744,52.19652385871264,34.4330927798634,True
D1_M1_collapse,M1_autonomous_Schaefer,33.8,117,M1b_autonomous_Allee,39.17128771705275,42.948605475772176,52.19652385871264,34.4330927798634,False
D1_M1_collapse,M1_autonomous_Schaefer,33.8,117,M2_stockflow_regimeC,29.782163259187985,32.50694168639744,52.19652385871264,34.4330927798634,False
D1_M1_collapse,M1_autonomous_Schaefer,33.8,117,M3_AR_residual,30.436750604095963,32.58572367208072,52.19652385871264,34.4330927798634,False
D1_M1_collapse,M1_autonomous_Schaefer,33.8,117,M4_delayed_info,33.14360663445278,32.34747172501016,52.19652385871264,34.4330927798634,False
D1_M1_collapse,M1_autonomous_Schaefer,33.8,118,M1_autonomous_Schaefer,35.44219844395743,37.522672187542916,60.66563000780245,56.92783755772684,True
D1_M1_collapse,M1_autonomous_Schaefer,33.8,118,M1b_autonomous_Allee,43.864798888991764,66.51410084403514,60.66563000780245,56.92783755772684,False
D1_M1_collapse,M1_autonomous_Schaefer,33.8,118,M2_stockflow_regimeC,35.44219844395743,37.522672187542916,60.66563000780245,56.92783755772684,False
D1_M1_collapse,M1_autonomous_Schaefer,33.8,118,M3_AR_residual,39.71926315035375,41.82925131605105,60.66563000780245,56.92783755772684,False
D1_M1_collapse,M1_autonomous_Schaefer,33.8,118,M4_delayed_info,37.35512089404555,36.214461209551295,60.66563000780245,56.92783755772684,True
D1_M1_collapse,M1_autonomous_Schaefer,33.8,119,M1_autonomous_Schaefer,31.863456034238936,27.662538744441452,44.512779746559,35.27575464534105,True
D1_M1_collapse,M1_autonomous_Schaefer,33.8,119,M1b_autonomous_Allee,32.14473838316561,27.86739523228552,44.512779746559,35.27575464534105,False
D1_M1_collapse,M1_autonomous_Schaefer,33.8,119,M2_stockflow_regimeC,31.863456034238936,27.662538744441452,44.512779746559,35.27575464534105,False
D1_M1_collapse,M1_autonomous_Schaefer,33.8,119,M3_AR_residual,33.94174257822531,27.79210375806327,44.512779746559,35.27575464534105,False
D1_M1_collapse,M1_autonomous_Schaefer,33.8,119,M4_delayed_info,33.328547087838395,28.370614180704493,44.512779746559,35.27575464534105,False
D1_M1_collapse,M1_autonomous_Schaefer,33.8,120,M1_autonomous_Schaefer,42.4692329075749,48.34203395893517,85.85901331024117,42.33248505235003,False
D1_M1_collapse,M1_autonomous_Schaefer,33.8,120,M1b_autonomous_Allee,78.5941999579956,115.81491444877682,85.85901331024117,42.33248505235003,False
D1_M1_collapse,M1_autonomous_Schaefer,33.8,120,M2_stockflow_regimeC,42.4692329075749,48.34203395893517,85.85901331024117,42.33248505235003,False
D1_M1_collapse,M1_autonomous_Schaefer,33.8,120,M3_AR_residual,44.81737354223897,51.29238791508461,85.85901331024117,42.33248505235003,False
D1_M1_collapse,M1_autonomous_Schaefer,33.8,120,M4_delayed_info,52.50645160332968,46.13891128274583,85.85901331024117,42.33248505235003,False
D1_M1_collapse,M1_autonomous_Schaefer,33.8,121,M1_autonomous_Schaefer,39.588054386770075,38.99594453081567,51.62472322381284,61.74955170074643,True
D1_M1_collapse,M1_autonomous_Schaefer,33.8,121,M1b_autonomous_Allee,44.19678471606512,83.18188631322386,51.62472322381284,61.74955170074643,False
D1_M1_collapse,M1_autonomous_Schaefer,33.8,121,M2_stockflow_regimeC,39.588054386770075,38.99594453081567,51.62472322381284,61.74955170074643,False
D1_M1_collapse,M1_autonomous_Schaefer,33.8,121,M3_AR_residual,40.34647966606924,38.99479266756059,51.62472322381284,61.74955170074643,False
D1_M1_collapse,M1_autonomous_Schaefer,33.8,121,M4_delayed_info,37.790254103633785,38.998111305567235,51.62472322381284,61.74955170074643,False
D1_M1_collapse,M1_autonomous_Schaefer,33.8,122,M1_autonomous_Schaefer,35.63519162619148,39.22879712946296,54.49519048698198,42.07555688802947,True
D1_M1_collapse,M1_autonomous_Schaefer,33.8,122,M1b_autonomous_Allee,47.771425209818716,62.67060391862268,54.49519048698198,42.07555688802947,False
D1_M1_collapse,M1_autonomous_Schaefer,33.8,122,M2_stockflow_regimeC,35.63519162619148,39.22879712946296,54.49519048698198,42.07555688802947,False
D1_M1_collapse,M1_autonomous_Schaefer,33.8,122,M3_AR_residual,37.45825160196245,39.899484680527415,54.49519048698198,42.07555688802947,False
D1_M1_collapse,M1_autonomous_Schaefer,33.8,122,M4_delayed_info,36.54435530017017,38.790523146037074,54.49519048698198,42.07555688802947,False
D1_M1_collapse,M1_autonomous_Schaefer,33.8,123,M1_autonomous_Schaefer,34.382983742727575,37.16333412172807,59.41570534973799,46.22700690689536,True
D1_M1_collapse,M1_autonomous_Schaefer,33.8,123,M1b_autonomous_Allee,55.257376985679144,38.128458812033585,59.41570534973799,46.22700690689536,False
D1_M1_collapse,M1_autonomous_Schaefer,33.8,123,M2_stockflow_regimeC,34.382983742727575,37.16333412172807,59.41570534973799,46.22700690689536,False
D1_M1_collapse,M1_autonomous_Schaefer,33.8,123,M3_AR_residual,33.94121548474134,37.170676341082576,59.41570534973799,46.22700690689536,False
D1_M1_collapse,M1_autonomous_Schaefer,33.8,123,M4_delayed_info,38.42670985831684,37.13410094146399,59.41570534973799,46.22700690689536,False
D1_M1_collapse,M1_autonomous_Schaefer,33.8,124,M1_autonomous_Schaefer,27.07342566983693,28.303167350900406,37.967123720953985,39.931558227721546,True
D1_M1_collapse,M1_autonomous_Schaefer,33.8,124,M1b_autonomous_Allee,30.52375592998626,29.590840791786118,37.967123720953985,39.931558227721546,False
D1_M1_collapse,M1_autonomous_Schaefer,33.8,124,M2_stockflow_regimeC,27.07342566983693,28.303167350900406,37.967123720953985,39.931558227721546,False
D1_M1_collapse,M1_autonomous_Schaefer,33.8,124,M3_AR_residual,27.212716903821036,28.291224256587164,37.967123720953985,39.931558227721546,False
D1_M1_collapse,M1_autonomous_Schaefer,33.8,124,M4_delayed_info,26.607174289550706,28.319111625648485,37.967123720953985,39.931558227721546,False
D1_M1_collapse,M1_autonomous_Schaefer,33.8,125,M1_autonomous_Schaefer,32.459432965985876,31.66310120007819,54.12766028570755,48.00880200901156,True
D1_M1_collapse,M1_autonomous_Schaefer,33.8,125,M1b_autonomous_Allee,36.3702407329367,34.944423723264315,54.12766028570755,48.00880200901156,False
D1_M1_collapse,M1_autonomous_Schaefer,33.8,125,M2_stockflow_regimeC,32.459432965985876,31.66310120007819,54.12766028570755,48.00880200901156,False
D1_M1_collapse,M1_autonomous_Schaefer,33.8,125,M3_AR_residual,33.079490649009585,31.956114699254915,54.12766028570755,48.00880200901156,False
D1_M1_collapse,M1_autonomous_Schaefer,33.8,125,M4_delayed_info,38.14070620972344,31.576649596045435,54.12766028570755,48.00880200901156,False
D1_M1_collapse,M1_autonomous_Schaefer,33.8,126,M1_autonomous_Schaefer,41.559171040567286,44.402900379358286,74.26683754977627,73.5803383116404,True
D1_M1_collapse,M1_autonomous_Schaefer,33.8,126,M1b_autonomous_Allee,57.24509725673396,86.19311150233197,74.26683754977627,73.5803383116404,False
D1_M1_collapse,M1_autonomous_Schaefer,33.8,126,M2_stockflow_regimeC,41.559171040567286,44.402900379358286,74.26683754977627,73.5803383116404,False
D1_M1_collapse,M1_autonomous_Schaefer,33.8,126,M3_AR_residual,43.383890036824134,44.137353513724904,74.26683754977627,73.5803383116404,False
D1_M1_collapse,M1_autonomous_Schaefer,33.8,126,M4_delayed_info,47.91846556442178,44.584918748843734,74.26683754977627,73.5803383116404,False
D1_M1_collapse,M1_autonomous_Schaefer,33.8,127,M1_autonomous_Schaefer,32.23113074246844,39.61563842983238,71.79676681225479,63.97523225663312,True
D1_M1_collapse,M1_autonomous_Schaefer,33.8,127,M1b_autonomous_Allee,51.89052749342576,57.360346994029854,71.79676681225479,63.97523225663312,False
D1_M1_collapse,M1_autonomous_Schaefer,33.8,127,M2_stockflow_regimeC,32.23113074246844,39.61563842983238,71.79676681225479,63.97523225663312,False
D1_M1_collapse,M1_autonomous_Schaefer,33.8,127,M3_AR_residual,32.57255244008289,39.586149590751724,71.79676681225479,63.97523225663312,False
D1_M1_collapse,M1_autonomous_Schaefer,33.8,127,M4_delayed_info,38.79080947908386,39.81073914032937,71.79676681225479,63.97523225663312,False
D1_M1_collapse,M1_autonomous_Schaefer,33.8,128,M1_autonomous_Schaefer,41.5712604344217,39.63496805383481,61.11149318788148,64.12247824082246,True
D1_M1_collapse,M1_autonomous_Schaefer,33.8,128,M1b_autonomous_Allee,47.25402047997288,57.705864403881364,61.11149318788148,64.12247824082246,False
D1_M1_collapse,M1_autonomous_Schaefer,33.8,128,M2_stockflow_regimeC,41.5712604344217,39.63496805383481,61.11149318788148,64.12247824082246,False
D1_M1_collapse,M1_autonomous_Schaefer,33.8,128,M3_AR_residual,41.207366548657156,39.66287583921552,61.11149318788148,64.12247824082246,False
D1_M1_collapse,M1_autonomous_Schaefer,33.8,128,M4_delayed_info,40.994891093386585,39.7666384891438,61.11149318788148,64.12247824082246,False
D1_M1_collapse,M1_autonomous_Schaefer,33.8,129,M1_autonomous_Schaefer,33.642398119986424,38.81090335744881,63.868330092225015,43.83177810274428,True
D1_M1_collapse,M1_autonomous_Schaefer,33.8,129,M1b_autonomous_Allee,46.72204625770134,35.505859158853305,63.868330092225015,43.83177810274428,False
D1_M1_collapse,M1_autonomous_Schaefer,33.8,129,M2_stockflow_regimeC,33.642398119986424,38.81090335744881,63.868330092225015,43.83177810274428,False
D1_M1_collapse,M1_autonomous_Schaefer,33.8,129,M3_AR_residual,33.66847710129419,38.810717879858174,63.868330092225015,43.83177810274428,False
D1_M1_collapse,M1_autonomous_Schaefer,33.8,129,M4_delayed_info,35.97250228555885,38.80861715650473,63.868330092225015,43.83177810274428,False
D1_M1_collapse,M1_autonomous_Schaefer,33.8,130,M1_autonomous_Schaefer,38.50134423304473,39.74343614423775,55.873432707628126,58.38354664314758,True
D1_M1_collapse,M1_autonomous_Schaefer,33.8,130,M1b_autonomous_Allee,44.38038427237702,42.88070122397147,55.873432707628126,58.38354664314758,False
D1_M1_collapse,M1_autonomous_Schaefer,33.8,130,M2_stockflow_regimeC,38.50134423304473,39.74343614423775,55.873432707628126,58.38354664314758,False
D1_M1_collapse,M1_autonomous_Schaefer,33.8,130,M3_AR_residual,38.44372690041334,39.750700174529015,55.873432707628126,58.38354664314758,False
D1_M1_collapse,M1_autonomous_Schaefer,33.8,130,M4_delayed_info,38.14192034638397,39.74448263412103,55.873432707628126,58.38354664314758,False
D1_M1_collapse,M1_autonomous_Schaefer,33.8,131,M1_autonomous_Schaefer,38.86377917876307,35.96362108530989,52.49933236553882,49.8578580442934,True
D1_M1_collapse,M1_autonomous_Schaefer,33.8,131,M1b_autonomous_Allee,40.54413906510321,57.39758219469208,52.49933236553882,49.8578580442934,False
D1_M1_collapse,M1_autonomous_Schaefer,33.8,131,M2_stockflow_regimeC,38.86377917876307,35.96362108530989,52.49933236553882,49.8578580442934,False
D1_M1_collapse,M1_autonomous_Schaefer,33.8,131,M3_AR_residual,42.29794892497648,36.175101945447764,52.49933236553882,49.8578580442934,False
D1_M1_collapse,M1_autonomous_Schaefer,33.8,131,M4_delayed_info,36.77580893399169,35.75434649145181,52.49933236553882,49.8578580442934,False
D1_M1_collapse,M1_autonomous_Schaefer,33.8,132,M1_autonomous_Schaefer,35.48226223517954,35.299524879408644,45.145942904305095,49.53214709869147,True
D1_M1_collapse,M1_autonomous_Schaefer,33.8,132,M1b_autonomous_Allee,35.64727445971866,39.8704750992913,45.145942904305095,49.53214709869147,False
D1_M1_collapse,M1_autonomous_Schaefer,33.8,132,M2_stockflow_regimeC,35.48226223517954,35.299524879408644,45.145942904305095,49.53214709869147,False
D1_M1_collapse,M1_autonomous_Schaefer,33.8,132,M3_AR_residual,35.8849303692449,35.29895267008944,45.145942904305095,49.53214709869147,False
D1_M1_collapse,M1_autonomous_Schaefer,33.8,132,M4_delayed_info,33.859104573536264,35.29984930556374,45.145942904305095,49.53214709869147,False
D1_M1_collapse,M1_autonomous_Schaefer,33.8,133,M1_autonomous_Schaefer,36.776201539764095,36.2806593860656,56.992107423012584,40.736503769078716,True
D1_M1_collapse,M1_autonomous_Schaefer,33.8,133,M1b_autonomous_Allee,40.134562207076236,34.285913582750716,56.992107423012584,40.736503769078716,False
D1_M1_collapse,M1_autonomous_Schaefer,33.8,133,M2_stockflow_regimeC,36.776201539764095,36.2806593860656,56.992107423012584,40.736503769078716,False
D1_M1_collapse,M1_autonomous_Schaefer,33.8,133,M3_AR_residual,36.849655810583556,36.27947396998976,56.992107423012584,40.736503769078716,False
D1_M1_collapse,M1_autonomous_Schaefer,33.8,133,M4_delayed_info,37.13260790304032,36.255454181156026,56.992107423012584,40.736503769078716,False
D1_M1_collapse,M1_autonomous_Schaefer,33.8,134,M1_autonomous_Schaefer,27.973801350046894,30.247222387928744,55.74614136192936,46.13041488104338,True
D1_M1_collapse,M1_autonomous_Schaefer,33.8,134,M1b_autonomous_Allee,50.792418053977066,57.29305261721666,55.74614136192936,46.13041488104338,False
D1_M1_collapse,M1_autonomous_Schaefer,33.8,134,M2_stockflow_regimeC,27.973801350046894,30.247222387928744,55.74614136192936,46.13041488104338,False
D1_M1_collapse,M1_autonomous_Schaefer,33.8,134,M3_AR_residual,28.390049395204304,30.498601848036767,55.74614136192936,46.13041488104338,False
D1_M1_collapse,M1_autonomous_Schaefer,33.8,134,M4_delayed_info,38.410753923881735,30.519139521953083,55.74614136192936,46.13041488104338,False
D1_M1_collapse,M1_autonomous_Schaefer,33.8,135,M1_autonomous_Schaefer,37.40672658961769,35.47361739503397,51.28376017094649,44.154995744397034,True
D1_M1_collapse,M1_autonomous_Schaefer,33.8,135,M1b_autonomous_Allee,42.90788973420843,41.60861914984345,51.28376017094649,44.154995744397034,False
D1_M1_collapse,M1_autonomous_Schaefer,33.8,135,M2_stockflow_regimeC,37.40672658961769,35.47361739503397,51.28376017094649,44.154995744397034,False
D1_M1_collapse,M1_autonomous_Schaefer,33.8,135,M3_AR_residual,39.00743293890222,35.58618060426598,51.28376017094649,44.154995744397034,False
D1_M1_collapse,M1_autonomous_Schaefer,33.8,135,M4_delayed_info,36.11216519180228,35.50052184558992,51.28376017094649,44.154995744397034,False
D1_M1_collapse,M1_autonomous_Schaefer,33.8,136,M1_autonomous_Schaefer,33.73750559821925,39.12291163525043,65.99829896088076,56.376973198005764,True
D1_M1_collapse,M1_autonomous_Schaefer,33.8,136,M1b_autonomous_Allee,50.71731415150156,66.86064117354498,65.99829896088076,56.376973198005764,False
D1_M1_collapse,M1_autonomous_Schaefer,33.8,136,M2_stockflow_regimeC,33.73750559821925,39.12291163525043,65.99829896088076,56.376973198005764,False
D1_M1_collapse,M1_autonomous_Schaefer,33.8,136,M3_AR_residual,35.631731002827,36.52709911729446,65.99829896088076,56.376973198005764,False
D1_M1_collapse,M1_autonomous_Schaefer,33.8,136,M4_delayed_info,47.22249920455264,45.45501973374786,65.99829896088076,56.376973198005764,False
D1_M1_collapse,M1_autonomous_Schaefer,33.8,137,M1_autonomous_Schaefer,41.28572975020217,40.54429134864494,61.73460452598835,60.19613003358443,True
D1_M1_collapse,M1_autonomous_Schaefer,33.8,137,M1b_autonomous_Allee,50.169786165362474,70.30240489436984,61.73460452598835,60.19613003358443,False
D1_M1_collapse,M1_autonomous_Schaefer,33.8,137,M2_stockflow_regimeC,41.28572975020217,40.54429134864494,61.73460452598835,60.19613003358443,False
D1_M1_collapse,M1_autonomous_Schaefer,33.8,137,M3_AR_residual,41.85894491284232,40.52304503565405,61.73460452598835,60.19613003358443,False
D1_M1_collapse,M1_autonomous_Schaefer,33.8,137,M4_delayed_info,41.840131877702994,40.543872658043306,61.73460452598835,60.19613003358443,False
D1_M1_collapse,M1_autonomous_Schaefer,33.8,138,M1_autonomous_Schaefer,33.03827961951608,38.10166075460627,60.68396218327037,58.25420243388216,True
D1_M1_collapse,M1_autonomous_Schaefer,33.8,138,M1b_autonomous_Allee,54.51993793374757,97.97976706235309,60.68396218327037,58.25420243388216,False
D1_M1_collapse,M1_autonomous_Schaefer,33.8,138,M2_stockflow_regimeC,33.03827961951608,38.10166075460627,60.68396218327037,58.25420243388216,False
D1_M1_collapse,M1_autonomous_Schaefer,33.8,138,M3_AR_residual,32.92742158803761,38.101498818696506,60.68396218327037,58.25420243388216,False
D1_M1_collapse,M1_autonomous_Schaefer,33.8,138,M4_delayed_info,34.51170889474885,38.12148901556419,60.68396218327037,58.25420243388216,False
D1_M1_collapse,M1_autonomous_Schaefer,33.8,139,M1_autonomous_Schaefer,46.90956821607574,48.1802676917228,73.8906643966722,48.41147259006785,False
D1_M1_collapse,M1_autonomous_Schaefer,33.8,139,M1b_autonomous_Allee,50.46547369963425,49.955519368778816,73.8906643966722,48.41147259006785,False
D1_M1_collapse,M1_autonomous_Schaefer,33.8,139,M2_stockflow_regimeC,46.90956821607574,48.1802676917228,73.8906643966722,48.41147259006785,False
D1_M1_collapse,M1_autonomous_Schaefer,33.8,139,M3_AR_residual,46.68515613177105,48.17288060665275,73.8906643966722,48.41147259006785,False
D1_M1_collapse,M1_autonomous_Schaefer,33.8,139,M4_delayed_info,47.1429592046799,48.16015878224981,73.8906643966722,48.41147259006785,False
D1_M1_collapse,M1_autonomous_Schaefer,33.8,140,M1_autonomous_Schaefer,33.318408397936935,35.75344515664569,50.09705771889123,41.14479776713282,True
D1_M1_collapse,M1_autonomous_Schaefer,33.8,140,M1b_autonomous_Allee,44.76843605382324,44.330332931370926,50.09705771889123,41.14479776713282,False
D1_M1_collapse,M1_autonomous_Schaefer,33.8,140,M2_stockflow_regimeC,33.318408397936935,35.75344515664569,50.09705771889123,41.14479776713282,False
D1_M1_collapse,M1_autonomous_Schaefer,33.8,140,M3_AR_residual,33.00891881671572,35.75624554679307,50.09705771889123,41.14479776713282,False
D1_M1_collapse,M1_autonomous_Schaefer,33.8,140,M4_delayed_info,34.084396795395136,35.75018430664247,50.09705771889123,41.14479776713282,False
D1_M1_collapse,M1_autonomous_Schaefer,33.8,141,M1_autonomous_Schaefer,36.24183290526866,38.07024906355756,69.84094752299738,52.6434772102103,True
D1_M1_collapse,M1_autonomous_Schaefer,33.8,141,M1b_autonomous_Allee,59.262266749486685,58.12045814003529,69.84094752299738,52.6434772102103,False
D1_M1_collapse,M1_autonomous_Schaefer,33.8,141,M2_stockflow_regimeC,36.24183290526866,38.07024906355756,69.84094752299738,52.6434772102103,False
D1_M1_collapse,M1_autonomous_Schaefer,33.8,141,M3_AR_residual,38.3089059915908,39.7713899101112,69.84094752299738,52.6434772102103,False
D1_M1_collapse,M1_autonomous_Schaefer,33.8,141,M4_delayed_info,42.87264289864407,37.635994573054425,69.84094752299738,52.6434772102103,False
D1_M1_collapse,M1_autonomous_Schaefer,33.8,142,M1_autonomous_Schaefer,33.98340004831834,37.52903522537069,58.63946185739621,51.445744243000114,True
D1_M1_collapse,M1_autonomous_Schaefer,33.8,142,M1b_autonomous_Allee,43.6699239127287,38.75617518060885,58.63946185739621,51.445744243000114,False
D1_M1_collapse,M1_autonomous_Schaefer,33.8,142,M2_stockflow_regimeC,33.98340004831834,37.52903522537069,58.63946185739621,51.445744243000114,False
D1_M1_collapse,M1_autonomous_Schaefer,33.8,142,M3_AR_residual,34.03779056994681,37.505669538232645,58.63946185739621,51.445744243000114,False
D1_M1_collapse,M1_autonomous_Schaefer,33.8,142,M4_delayed_info,36.161095745285095,37.56130736158848,58.63946185739621,51.445744243000114,False
D1_M1_collapse,M1_autonomous_Schaefer,33.8,143,M1_autonomous_Schaefer,38.152942302690086,42.12693662030433,68.83716958583838,57.6422656851504,True
D1_M1_collapse,M1_autonomous_Schaefer,33.8,143,M1b_autonomous_Allee,48.26526138193528,52.02124955726102,68.83716958583838,57.6422656851504,False
D1_M1_collapse,M1_autonomous_Schaefer,33.8,143,M2_stockflow_regimeC,38.152942302690086,42.12693662030433,68.83716958583838,57.6422656851504,False
D1_M1_collapse,M1_autonomous_Schaefer,33.8,143,M3_AR_residual,37.43426159319743,41.97728389177462,68.83716958583838,57.6422656851504,False
D1_M1_collapse,M1_autonomous_Schaefer,33.8,143,M4_delayed_info,40.01974463127457,41.25215244905793,68.83716958583838,57.6422656851504,False
D1_M1_collapse,M1_autonomous_Schaefer,33.8,144,M1_autonomous_Schaefer,45.87327600820767,41.03389746090161,69.61334670041153,57.293794727431326,True
D1_M1_collapse,M1_autonomous_Schaefer,33.8,144,M1b_autonomous_Allee,53.58915816461122,49.5250011030943,69.61334670041153,57.293794727431326,False
D1_M1_collapse,M1_autonomous_Schaefer,33.8,144,M2_stockflow_regimeC,45.87327600820767,41.03389746090161,69.61334670041153,57.293794727431326,False
D1_M1_collapse,M1_autonomous_Schaefer,33.8,144,M3_AR_residual,48.27509945178492,41.65388659104191,69.61334670041153,57.293794727431326,False
D1_M1_collapse,M1_autonomous_Schaefer,33.8,144,M4_delayed_info,46.46727666742899,40.669820259922524,69.61334670041153,57.293794727431326,False
D1_M1_collapse,M1_autonomous_Schaefer,33.8,145,M1_autonomous_Schaefer,27.663736344861128,30.09446706047482,54.477903610939244,41.98528890760614,True
D1_M1_collapse,M1_autonomous_Schaefer,33.8,145,M1b_autonomous_Allee,39.7702010977376,56.443149770358396,54.477903610939244,41.98528890760614,False
D1_M1_collapse,M1_autonomous_Schaefer,33.8,145,M2_stockflow_regimeC,27.663736344861128,30.09446706047482,54.477903610939244,41.98528890760614,False
D1_M1_collapse,M1_autonomous_Schaefer,33.8,145,M3_AR_residual,27.092789399302976,30.114665897949177,54.477903610939244,41.98528890760614,False
D1_M1_collapse,M1_autonomous_Schaefer,33.8,145,M4_delayed_info,34.49344716621836,30.04256138746077,54.477903610939244,41.98528890760614,False
D1_M1_collapse,M1_autonomous_Schaefer,33.8,146,M1_autonomous_Schaefer,40.43633658185675,41.82208500283061,63.48614792207142,61.40332968877749,True
D1_M1_collapse,M1_autonomous_Schaefer,33.8,146,M1b_autonomous_Allee,42.79336518502097,40.536968744740804,63.48614792207142,61.40332968877749,False
D1_M1_collapse,M1_autonomous_Schaefer,33.8,146,M2_stockflow_regimeC,40.43633658185675,41.82208500283061,63.48614792207142,61.40332968877749,False
D1_M1_collapse,M1_autonomous_Schaefer,33.8,146,M3_AR_residual,41.0453089512724,41.90207783985253,63.48614792207142,61.40332968877749,False
D1_M1_collapse,M1_autonomous_Schaefer,33.8,146,M4_delayed_info,39.99601353483131,41.78735532520438,63.48614792207142,61.40332968877749,False
D1_M1_collapse,M1_autonomous_Schaefer,33.8,147,M1_autonomous_Schaefer,27.736168144029453,30.421422933115558,57.86449346650313,48.40992062202377,True
D1_M1_collapse,M1_autonomous_Schaefer,33.8,147,M1b_autonomous_Allee,40.955271843284024,32.30853486437535,57.86449346650313,48.40992062202377,False
D1_M1_collapse,M1_autonomous_Schaefer,33.8,147,M2_stockflow_regimeC,27.736168144029453,30.421422933115558,57.86449346650313,48.40992062202377,False
D1_M1_collapse,M1_autonomous_Schaefer,33.8,147,M3_AR_residual,31.255667966359855,30.00454489781534,57.86449346650313,48.40992062202377,False
D1_M1_collapse,M1_autonomous_Schaefer,33.8,147,M4_delayed_info,40.133451859603966,41.36240906400789,57.86449346650313,48.40992062202377,False
D1_M1_collapse,M1_autonomous_Schaefer,33.8,148,M1_autonomous_Schaefer,36.96353145700837,44.58050997936134,73.89583519379597,63.835872459614016,True
D1_M1_collapse,M1_autonomous_Schaefer,33.8,148,M1b_autonomous_Allee,49.27952764900197,52.492931285216486,73.89583519379597,63.835872459614016,False
D1_M1_collapse,M1_autonomous_Schaefer,33.8,148,M2_stockflow_regimeC,36.96353145700837,44.58050997936134,73.89583519379597,63.835872459614016,False
D1_M1_collapse,M1_autonomous_Schaefer,33.8,148,M3_AR_residual,38.94111455910591,44.35589001485666,73.89583519379597,63.835872459614016,False
D1_M1_collapse,M1_autonomous_Schaefer,33.8,148,M4_delayed_info,43.257280898103176,44.74987315516953,73.89583519379597,63.835872459614016,False
D1_M1_collapse,M1_autonomous_Schaefer,33.8,149,M1_autonomous_Schaefer,31.456653962554512,33.37444289402754,37.67908748688482,45.363146999575136,True
D1_M1_collapse,M1_autonomous_Schaefer,33.8,149,M1b_autonomous_Allee,33.981533621096865,41.86692762028587,37.67908748688482,45.363146999575136,False
D1_M1_collapse,M1_autonomous_Schaefer,33.8,149,M2_stockflow_regimeC,31.456653962554512,33.37444289402754,37.67908748688482,45.363146999575136,False
D1_M1_collapse,M1_autonomous_Schaefer,33.8,149,M3_AR_residual,32.054600247013354,33.37561412464286,37.67908748688482,45.363146999575136,False
D1_M1_collapse,M1_autonomous_Schaefer,33.8,149,M4_delayed_info,30.323254161067176,33.373925762211144,37.67908748688482,45.363146999575136,False
D1_M1_collapse,M1_autonomous_Schaefer,33.8,150,M1_autonomous_Schaefer,42.91814776388838,42.18378628958196,69.6141871138899,61.05933067492451,True
D1_M1_collapse,M1_autonomous_Schaefer,33.8,150,M1b_autonomous_Allee,48.04113980227989,50.016632042527974,69.6141871138899,61.05933067492451,False
D1_M1_collapse,M1_autonomous_Schaefer,33.8,150,M2_stockflow_regimeC,42.91814776388838,42.18378628958196,69.6141871138899,61.05933067492451,False
D1_M1_collapse,M1_autonomous_Schaefer,33.8,150,M3_AR_residual,44.514649127880105,41.94979271656636,69.6141871138899,61.05933067492451,False
D1_M1_collapse,M1_autonomous_Schaefer,33.8,150,M4_delayed_info,42.91731991810764,42.26351837077533,69.6141871138899,61.05933067492451,False
D1_M1_collapse,M1_autonomous_Schaefer,33.8,151,M1_autonomous_Schaefer,33.25041434873617,32.85045907614677,59.25035099928472,41.92236838298826,True
D1_M1_collapse,M1_autonomous_Schaefer,33.8,151,M1b_autonomous_Allee,45.74634018932176,38.06716295253524,59.25035099928472,41.92236838298826,False
D1_M1_collapse,M1_autonomous_Schaefer,33.8,151,M2_stockflow_regimeC,33.25041434873617,32.85045907614677,59.25035099928472,41.92236838298826,False
D1_M1_collapse,M1_autonomous_Schaefer,33.8,151,M3_AR_residual,36.07582064440571,36.10068132715241,59.25035099928472,41.92236838298826,False
D1_M1_collapse,M1_autonomous_Schaefer,33.8,151,M4_delayed_info,37.47472708300429,34.82540838102003,59.25035099928472,41.92236838298826,False
D1_M1_collapse,M1_autonomous_Schaefer,33.8,152,M1_autonomous_Schaefer,39.42637530465141,46.99143544696145,81.4820683678847,60.62297398907074,True
D1_M1_collapse,M1_autonomous_Schaefer,33.8,152,M1b_autonomous_Allee,55.17986715631918,52.129165045603145,81.4820683678847,60.62297398907074,False
D1_M1_collapse,M1_autonomous_Schaefer,33.8,152,M2_stockflow_regimeC,39.42637530465141,46.99143544696145,81.4820683678847,60.62297398907074,False
D1_M1_collapse,M1_autonomous_Schaefer,33.8,152,M3_AR_residual,40.396605184016884,47.33468382227003,81.4820683678847,60.62297398907074,False
D1_M1_collapse,M1_autonomous_Schaefer,33.8,152,M4_delayed_info,48.87193003373937,46.641533625480825,81.4820683678847,60.62297398907074,False
D1_M1_collapse,M1_autonomous_Schaefer,33.8,153,M1_autonomous_Schaefer,47.91055920005493,46.42730708700753,62.22874191665674,64.7628980854785,True
D1_M1_collapse,M1_autonomous_Schaefer,33.8,153,M1b_autonomous_Allee,63.600690911357276,81.20704917593548,62.22874191665674,64.7628980854785,False
D1_M1_collapse,M1_autonomous_Schaefer,33.8,153,M2_stockflow_regimeC,47.91055920005493,46.42730708700753,62.22874191665674,64.7628980854785,False
D1_M1_collapse,M1_autonomous_Schaefer,33.8,153,M3_AR_residual,47.2858077234349,46.61273179759599,62.22874191665674,64.7628980854785,False
D1_M1_collapse,M1_autonomous_Schaefer,33.8,153,M4_delayed_info,44.14260326268864,46.35801603022791,62.22874191665674,64.7628980854785,False
D1_M1_collapse,M1_autonomous_Schaefer,33.8,154,M1_autonomous_Schaefer,39.53515288460905,36.95847537316491,61.074788275445286,51.163515801267934,True
D1_M1_collapse,M1_autonomous_Schaefer,33.8,154,M1b_autonomous_Allee,53.345113010899034,57.8202201804398,61.074788275445286,51.163515801267934,False
D1_M1_collapse,M1_autonomous_Schaefer,33.8,154,M2_stockflow_regimeC,39.53515288460905,36.95847537316491,61.074788275445286,51.163515801267934,False
D1_M1_collapse,M1_autonomous_Schaefer,33.8,154,M3_AR_residual,40.86480625451914,37.006124725976264,61.074788275445286,51.163515801267934,False
D1_M1_collapse,M1_autonomous_Schaefer,33.8,154,M4_delayed_info,40.44590275324124,36.88216392758772,61.074788275445286,51.163515801267934,False
D1_M1_collapse,M1_autonomous_Schaefer,33.8,155,M1_autonomous_Schaefer,36.36090874497449,41.546709838764,60.08293538412221,42.270312999629105,False
D1_M1_collapse,M1_autonomous_Schaefer,33.8,155,M1b_autonomous_Allee,48.914160448765465,51.898525281004076,60.08293538412221,42.270312999629105,False
D1_M1_collapse,M1_autonomous_Schaefer,33.8,155,M2_stockflow_regimeC,36.36090874497449,41.546709838764,60.08293538412221,42.270312999629105,False
D1_M1_collapse,M1_autonomous_Schaefer,33.8,155,M3_AR_residual,37.695701413930806,41.62492874382985,60.08293538412221,42.270312999629105,False
D1_M1_collapse,M1_autonomous_Schaefer,33.8,155,M4_delayed_info,38.208137292827345,41.39822676195562,60.08293538412221,42.270312999629105,False
D1_M1_collapse,M1_autonomous_Schaefer,33.8,156,M1_autonomous_Schaefer,31.878594190128638,37.3620770300245,61.275485731844014,50.09646699968863,True
D1_M1_collapse,M1_autonomous_Schaefer,33.8,156,M1b_autonomous_Allee,46.306173813722786,54.298058282953654,61.275485731844014,50.09646699968863,False
D1_M1_collapse,M1_autonomous_Schaefer,33.8,156,M2_stockflow_regimeC,31.878594190128638,37.3620770300245,61.275485731844014,50.09646699968863,False
D1_M1_collapse,M1_autonomous_Schaefer,33.8,156,M3_AR_residual,32.47475656108049,37.414013072768114,61.275485731844014,50.09646699968863,False
D1_M1_collapse,M1_autonomous_Schaefer,33.8,156,M4_delayed_info,34.507586171327944,37.36302459830065,61.275485731844014,50.09646699968863,False
D1_M1_collapse,M1_autonomous_Schaefer,33.8,157,M1_autonomous_Schaefer,29.716741666922132,29.10147649556224,43.329074099507736,40.4869271823276,True
D1_M1_collapse,M1_autonomous_Schaefer,33.8,157,M1b_autonomous_Allee,29.176434718337926,40.63456598257073,43.329074099507736,40.4869271823276,False
D1_M1_collapse,M1_autonomous_Schaefer,33.8,157,M2_stockflow_regimeC,29.716741666922132,29.10147649556224,43.329074099507736,40.4869271823276,False
D1_M1_collapse,M1_autonomous_Schaefer,33.8,157,M3_AR_residual,30.78547452473433,29.03597188305766,43.329074099507736,40.4869271823276,False
D1_M1_collapse,M1_autonomous_Schaefer,33.8,157,M4_delayed_info,29.071861488568388,29.078344146173933,43.329074099507736,40.4869271823276,False
D1_M1_collapse,M1_autonomous_Schaefer,33.8,158,M1_autonomous_Schaefer,39.59437307368456,35.68880709863162,57.7712574269915,52.42404168862646,True
D1_M1_collapse,M1_autonomous_Schaefer,33.8,158,M1b_autonomous_Allee,46.58346875462944,46.05792250655846,57.7712574269915,52.42404168862646,False
D1_M1_collapse,M1_autonomous_Schaefer,33.8,158,M2_stockflow_regimeC,39.59437307368456,35.68880709863162,57.7712574269915,52.42404168862646,False
D1_M1_collapse,M1_autonomous_Schaefer,33.8,158,M3_AR_residual,40.61464980079431,35.723296418423054,57.7712574269915,52.42404168862646,False
D1_M1_collapse,M1_autonomous_Schaefer,33.8,158,M4_delayed_info,38.30151400399161,35.613376589632395,57.7712574269915,52.42404168862646,False
D1_M1_collapse,M1_autonomous_Schaefer,33.8,159,M1_autonomous_Schaefer,34.6531809192838,39.885714083021874,59.737550022591755,52.86446778586753,True
D1_M1_collapse,M1_autonomous_Schaefer,33.8,159,M1b_autonomous_Allee,46.72805499112382,47.272968010427455,59.737550022591755,52.86446778586753,False
D1_M1_collapse,M1_autonomous_Schaefer,33.8,159,M2_stockflow_regimeC,34.6531809192838,39.885714083021874,59.737550022591755,52.86446778586753,False
D1_M1_collapse,M1_autonomous_Schaefer,33.8,159,M3_AR_residual,34.29202735877048,39.872458127576486,59.737550022591755,52.86446778586753,False
D1_M1_collapse,M1_autonomous_Schaefer,33.8,159,M4_delayed_info,37.784699678911075,39.89486454925606,59.737550022591755,52.86446778586753,False
D1_M1_collapse,M1_autonomous_Schaefer,33.8,160,M1_autonomous_Schaefer,34.154367400454674,38.71498036601517,64.8312988848834,51.5890577619481,True
D1_M1_collapse,M1_autonomous_Schaefer,33.8,160,M1b_autonomous_Allee,51.05974376967311,56.5752411454739,64.8312988848834,51.5890577619481,False
D1_M1_collapse,M1_autonomous_Schaefer,33.8,160,M2_stockflow_regimeC,34.154367400454674,38.71498036601517,64.8312988848834,51.5890577619481,False
D1_M1_collapse,M1_autonomous_Schaefer,33.8,160,M3_AR_residual,32.412192889605556,38.727951106856615,64.8312988848834,51.5890577619481,False
D1_M1_collapse,M1_autonomous_Schaefer,33.8,160,M4_delayed_info,36.59746000392327,38.5804754694166,64.8312988848834,51.5890577619481,False
D1_M1_collapse,M1_autonomous_Schaefer,33.8,161,M1_autonomous_Schaefer,32.758326294664016,27.671413243269562,65.9054298950318,43.251153545616134,True
D1_M1_collapse,M1_autonomous_Schaefer,33.8,161,M1b_autonomous_Allee,53.34803807991303,40.50399820963454,65.9054298950318,43.251153545616134,False
D1_M1_collapse,M1_autonomous_Schaefer,33.8,161,M2_stockflow_regimeC,32.758326294664016,27.671413243269562,65.9054298950318,43.251153545616134,False
D1_M1_collapse,M1_autonomous_Schaefer,33.8,161,M3_AR_residual,33.41576758848832,27.862709354991907,65.9054298950318,43.251153545616134,False
D1_M1_collapse,M1_autonomous_Schaefer,33.8,161,M4_delayed_info,37.19814089293322,27.49666823576156,65.9054298950318,43.251153545616134,False
D1_M1_collapse,M1_autonomous_Schaefer,33.8,162,M1_autonomous_Schaefer,27.51923822212736,31.299258312983934,54.48011204434187,42.76636073253367,True
D1_M1_collapse,M1_autonomous_Schaefer,33.8,162,M1b_autonomous_Allee,40.565257102984575,46.22003257183165,54.48011204434187,42.76636073253367,False
D1_M1_collapse,M1_autonomous_Schaefer,33.8,162,M2_stockflow_regimeC,27.51923822212736,31.299258312983934,54.48011204434187,42.76636073253367,False
D1_M1_collapse,M1_autonomous_Schaefer,33.8,162,M3_AR_residual,28.35112042094215,31.31249444315855,54.48011204434187,42.76636073253367,False
D1_M1_collapse,M1_autonomous_Schaefer,33.8,162,M4_delayed_info,31.8869249848522,31.28162608448021,54.48011204434187,42.76636073253367,False
D1_M1_collapse,M1_autonomous_Schaefer,33.8,163,M1_autonomous_Schaefer,33.65068781153931,39.358415629810835,72.67618602921559,63.76152381686856,True
D1_M1_collapse,M1_autonomous_Schaefer,33.8,163,M1b_autonomous_Allee,60.21820170427196,52.95450797367681,72.67618602921559,63.76152381686856,False
D1_M1_collapse,M1_autonomous_Schaefer,33.8,163,M2_stockflow_regimeC,33.65068781153931,39.358415629810835,72.67618602921559,63.76152381686856,False
D1_M1_collapse,M1_autonomous_Schaefer,33.8,163,M3_AR_residual,33.75541700381327,39.35549294528829,72.67618602921559,63.76152381686856,False
D1_M1_collapse,M1_autonomous_Schaefer,33.8,163,M4_delayed_info,39.18819955671311,39.421639189897526,72.67618602921559,63.76152381686856,False
D1_M1_collapse,M1_autonomous_Schaefer,33.8,164,M1_autonomous_Schaefer,22.95902401148567,25.310724313041597,41.28712559937925,36.95987379501565,True
D1_M1_collapse,M1_autonomous_Schaefer,33.8,164,M1b_autonomous_Allee,27.835614180349694,29.999976404466942,41.28712559937925,36.95987379501565,False
D1_M1_collapse,M1_autonomous_Schaefer,33.8,164,M2_stockflow_regimeC,22.95902401148567,25.310724313041597,41.28712559937925,36.95987379501565,False
D1_M1_collapse,M1_autonomous_Schaefer,33.8,164,M3_AR_residual,23.05579502685833,25.265727173350687,41.28712559937925,36.95987379501565,False
D1_M1_collapse,M1_autonomous_Schaefer,33.8,164,M4_delayed_info,26.468901989659408,25.41238162348128,41.28712559937925,36.95987379501565,False
D1_M1_collapse,M1_autonomous_Schaefer,33.8,165,M1_autonomous_Schaefer,33.27038844971985,31.40079571050184,55.315985324861984,41.11475378266553,True
D1_M1_collapse,M1_autonomous_Schaefer,33.8,165,M1b_autonomous_Allee,36.760179543977856,28.884002535953904,55.315985324861984,41.11475378266553,False
D1_M1_collapse,M1_autonomous_Schaefer,33.8,165,M2_stockflow_regimeC,33.27038844971985,31.40079571050184,55.315985324861984,41.11475378266553,False
D1_M1_collapse,M1_autonomous_Schaefer,33.8,165,M3_AR_residual,34.07075353362147,31.520655854364605,55.315985324861984,41.11475378266553,False
D1_M1_collapse,M1_autonomous_Schaefer,33.8,165,M4_delayed_info,35.348778169950954,31.31414513869828,55.315985324861984,41.11475378266553,False
D1_M1_collapse,M1_autonomous_Schaefer,33.8,166,M1_autonomous_Schaefer,37.1835252930781,43.40906991847417,69.9464418469828,61.99364684034209,True
D1_M1_collapse,M1_autonomous_Schaefer,33.8,166,M1b_autonomous_Allee,47.89888791498576,62.64011286928385,69.9464418469828,61.99364684034209,False
D1_M1_collapse,M1_autonomous_Schaefer,33.8,166,M2_stockflow_regimeC,37.1835252930781,43.40906991847417,69.9464418469828,61.99364684034209,False
D1_M1_collapse,M1_autonomous_Schaefer,33.8,166,M3_AR_residual,37.57356603974478,43.41051713867123,69.9464418469828,61.99364684034209,False
D1_M1_collapse,M1_autonomous_Schaefer,33.8,166,M4_delayed_info,38.935630841946036,43.42998478986043,69.9464418469828,61.99364684034209,False
D1_M1_collapse,M1_autonomous_Schaefer,33.8,167,M1_autonomous_Schaefer,27.98843208806866,28.838074046417024,37.3818837391603,38.399421537287424,True
D1_M1_collapse,M1_autonomous_Schaefer,33.8,167,M1b_autonomous_Allee,27.721075292697158,29.763655663306267,37.3818837391603,38.399421537287424,False
D1_M1_collapse,M1_autonomous_Schaefer,33.8,167,M2_stockflow_regimeC,27.98843208806866,28.838074046417024,37.3818837391603,38.399421537287424,False
D1_M1_collapse,M1_autonomous_Schaefer,33.8,167,M3_AR_residual,29.43697100672359,28.789155394048727,37.3818837391603,38.399421537287424,False
D1_M1_collapse,M1_autonomous_Schaefer,33.8,167,M4_delayed_info,26.288674388827385,28.878614682890515,37.3818837391603,38.399421537287424,False
D1_M1_collapse,M1_autonomous_Schaefer,33.8,168,M1_autonomous_Schaefer,33.26368723540284,40.620826175586245,65.62448852633142,57.62392122334288,True
D1_M1_collapse,M1_autonomous_Schaefer,33.8,168,M1b_autonomous_Allee,43.08240649336581,42.350607975676546,65.62448852633142,57.62392122334288,False
D1_M1_collapse,M1_autonomous_Schaefer,33.8,168,M2_stockflow_regimeC,33.26368723540284,40.620826175586245,65.62448852633142,57.62392122334288,False
D1_M1_collapse,M1_autonomous_Schaefer,33.8,168,M3_AR_residual,34.237142776677864,40.43821087595685,65.62448852633142,57.62392122334288,False
D1_M1_collapse,M1_autonomous_Schaefer,33.8,168,M4_delayed_info,39.64349100272688,40.74466319154339,65.62448852633142,57.62392122334288,False
D1_M1_collapse,M1_autonomous_Schaefer,33.8,169,M1_autonomous_Schaefer,36.49247295804118,26.827040672724408,56.90588386609316,43.0632140296378,True
D1_M1_collapse,M1_autonomous_Schaefer,33.8,169,M1b_autonomous_Allee,41.71872552759302,36.977685392562904,56.90588386609316,43.0632140296378,False
D1_M1_collapse,M1_autonomous_Schaefer,33.8,169,M2_stockflow_regimeC,36.49247295804118,26.827040672724408,56.90588386609316,43.0632140296378,False
D1_M1_collapse,M1_autonomous_Schaefer,33.8,169,M3_AR_residual,35.8118269824004,26.82727873878704,56.90588386609316,43.0632140296378,False
D1_M1_collapse,M1_autonomous_Schaefer,33.8,169,M4_delayed_info,35.6274455440414,26.832854153265046,56.90588386609316,43.0632140296378,False
D1_M1_collapse,M1_autonomous_Schaefer,33.8,170,M1_autonomous_Schaefer,32.018473473497394,33.51182795330725,53.166938080948206,51.53142970157682,True
D1_M1_collapse,M1_autonomous_Schaefer,33.8,170,M1b_autonomous_Allee,36.245154552284234,48.794365298295524,53.166938080948206,51.53142970157682,False
D1_M1_collapse,M1_autonomous_Schaefer,33.8,170,M2_stockflow_regimeC,32.018473473497394,33.51182795330725,53.166938080948206,51.53142970157682,False
D1_M1_collapse,M1_autonomous_Schaefer,33.8,170,M3_AR_residual,32.10040939167689,33.51624903554719,53.166938080948206,51.53142970157682,False
D1_M1_collapse,M1_autonomous_Schaefer,33.8,170,M4_delayed_info,33.4016089921702,33.641482810195406,53.166938080948206,51.53142970157682,False
D1_M1_collapse,M1_autonomous_Schaefer,33.8,171,M1_autonomous_Schaefer,35.43848213176942,38.07218850503456,58.799826727488146,51.319569994424484,True
D1_M1_collapse,M1_autonomous_Schaefer,33.8,171,M1b_autonomous_Allee,46.08709883708431,48.09228097963182,58.799826727488146,51.319569994424484,False
D1_M1_collapse,M1_autonomous_Schaefer,33.8,171,M2_stockflow_regimeC,35.43848213176942,38.07218850503456,58.799826727488146,51.319569994424484,False
D1_M1_collapse,M1_autonomous_Schaefer,33.8,171,M3_AR_residual,36.17398317475147,38.04386740295239,58.799826727488146,51.319569994424484,False
D1_M1_collapse,M1_autonomous_Schaefer,33.8,171,M4_delayed_info,35.17623592784822,38.102041478688164,58.799826727488146,51.319569994424484,False
D1_M1_collapse,M1_autonomous_Schaefer,33.8,172,M1_autonomous_Schaefer,30.789845861119975,30.942364037514327,54.84738822694757,38.673347984108766,True
D1_M1_collapse,M1_autonomous_Schaefer,33.8,172,M1b_autonomous_Allee,42.28225503313028,72.37993221550917,54.84738822694757,38.673347984108766,False
D1_M1_collapse,M1_autonomous_Schaefer,33.8,172,M2_stockflow_regimeC,30.789845861119975,30.942364037514327,54.84738822694757,38.673347984108766,False
D1_M1_collapse,M1_autonomous_Schaefer,33.8,172,M3_AR_residual,31.910202216552346,31.178101787839932,54.84738822694757,38.673347984108766,False
D1_M1_collapse,M1_autonomous_Schaefer,33.8,172,M4_delayed_info,34.91078454873276,30.729056756562127,54.84738822694757,38.673347984108766,False
D1_M1_collapse,M1_autonomous_Schaefer,33.8,173,M1_autonomous_Schaefer,36.436230097431384,30.989647185623824,58.35474843317137,44.346338720312716,True
D1_M1_collapse,M1_autonomous_Schaefer,33.8,173,M1b_autonomous_Allee,43.57735508292753,50.07845158797303,58.35474843317137,44.346338720312716,False
D1_M1_collapse,M1_autonomous_Schaefer,33.8,173,M2_stockflow_regimeC,36.436230097431384,30.989647185623824,58.35474843317137,44.346338720312716,False
D1_M1_collapse,M1_autonomous_Schaefer,33.8,173,M3_AR_residual,37.20390519413222,31.216739195377553,58.35474843317137,44.346338720312716,False
D1_M1_collapse,M1_autonomous_Schaefer,33.8,173,M4_delayed_info,36.99830148934632,30.685506843061955,58.35474843317137,44.346338720312716,False
D1_M1_collapse,M1_autonomous_Schaefer,33.8,174,M1_autonomous_Schaefer,29.160801770415123,30.301807279353824,42.62331831001163,41.34623727271341,True
D1_M1_collapse,M1_autonomous_Schaefer,33.8,174,M1b_autonomous_Allee,30.864120857454335,29.186182573631122,42.62331831001163,41.34623727271341,False
D1_M1_collapse,M1_autonomous_Schaefer,33.8,174,M2_stockflow_regimeC,29.160801770415123,30.301807279353824,42.62331831001163,41.34623727271341,False
D1_M1_collapse,M1_autonomous_Schaefer,33.8,174,M3_AR_residual,29.037028428571613,30.301244074139262,42.62331831001163,41.34623727271341,False
D1_M1_collapse,M1_autonomous_Schaefer,33.8,174,M4_delayed_info,28.49264503453097,30.302142499753415,42.62331831001163,41.34623727271341,False
D1_M1_collapse,M1_autonomous_Schaefer,33.8,175,M1_autonomous_Schaefer,38.12520274472616,43.419352307681365,75.02856459270818,65.46113433477558,True
D1_M1_collapse,M1_autonomous_Schaefer,33.8,175,M1b_autonomous_Allee,53.738983997964574,45.788343321963396,75.02856459270818,65.46113433477558,False
D1_M1_collapse,M1_autonomous_Schaefer,33.8,175,M2_stockflow_regimeC,38.12520274472616,43.419352307681365,75.02856459270818,65.46113433477558,False
D1_M1_collapse,M1_autonomous_Schaefer,33.8,175,M3_AR_residual,37.86979278500481,43.31114194437695,75.02856459270818,65.46113433477558,False
D1_M1_collapse,M1_autonomous_Schaefer,33.8,175,M4_delayed_info,45.23882991357109,43.46368696981398,75.02856459270818,65.46113433477558,False
D1_M1_collapse,M1_autonomous_Schaefer,33.8,176,M1_autonomous_Schaefer,31.004964271584864,30.99962898631563,52.535529792241476,30.891060722184054,False
D1_M1_collapse,M1_autonomous_Schaefer,33.8,176,M1b_autonomous_Allee,41.40093492703232,30.737915737298174,52.535529792241476,30.891060722184054,False
D1_M1_collapse,M1_autonomous_Schaefer,33.8,176,M2_stockflow_regimeC,31.004964271584864,30.99962898631563,52.535529792241476,30.891060722184054,False
D1_M1_collapse,M1_autonomous_Schaefer,33.8,176,M3_AR_residual,31.22047252306309,31.041380225302838,52.535529792241476,30.891060722184054,False
D1_M1_collapse,M1_autonomous_Schaefer,33.8,176,M4_delayed_info,33.48599973926557,30.886225188633862,52.535529792241476,30.891060722184054,False
D1_M1_collapse,M1_autonomous_Schaefer,33.8,177,M1_autonomous_Schaefer,35.72090877016198,37.670015769450416,67.6874676680289,63.233899130511006,True
D1_M1_collapse,M1_autonomous_Schaefer,33.8,177,M1b_autonomous_Allee,53.07970013926105,54.53090853344021,67.6874676680289,63.233899130511006,False
D1_M1_collapse,M1_autonomous_Schaefer,33.8,177,M2_stockflow_regimeC,35.72090877016198,37.670015769450416,67.6874676680289,63.233899130511006,False
D1_M1_collapse,M1_autonomous_Schaefer,33.8,177,M3_AR_residual,38.66735178499876,37.08503250010604,67.6874676680289,63.233899130511006,False
D1_M1_collapse,M1_autonomous_Schaefer,33.8,177,M4_delayed_info,39.462435315974176,38.54770004369002,67.6874676680289,63.233899130511006,False
D1_M1_collapse,M1_autonomous_Schaefer,33.8,178,M1_autonomous_Schaefer,25.244380920466295,26.61681278194926,43.833882914811745,34.83073795812232,True
D1_M1_collapse,M1_autonomous_Schaefer,33.8,178,M1b_autonomous_Allee,30.2509643790458,28.052048005677086,43.833882914811745,34.83073795812232,False
D1_M1_collapse,M1_autonomous_Schaefer,33.8,178,M2_stockflow_regimeC,25.244380920466295,26.61681278194926,43.833882914811745,34.83073795812232,False
D1_M1_collapse,M1_autonomous_Schaefer,33.8,178,M3_AR_residual,25.11082569459121,26.61427594810544,43.833882914811745,34.83073795812232,False
D1_M1_collapse,M1_autonomous_Schaefer,33.8,178,M4_delayed_info,27.507515651272513,26.625739741407216,43.833882914811745,34.83073795812232,False
D1_M1_collapse,M1_autonomous_Schaefer,33.8,179,M1_autonomous_Schaefer,34.99859719259205,34.650714098529086,44.432268212901974,44.67200205368668,True
D1_M1_collapse,M1_autonomous_Schaefer,33.8,179,M1b_autonomous_Allee,35.788186139545275,34.992835873914174,44.432268212901974,44.67200205368668,False
D1_M1_collapse,M1_autonomous_Schaefer,33.8,179,M2_stockflow_regimeC,34.99859719259205,34.650714098529086,44.432268212901974,44.67200205368668,False
D1_M1_collapse,M1_autonomous_Schaefer,33.8,179,M3_AR_residual,35.76186801708292,34.61608194039463,44.432268212901974,44.67200205368668,False
D1_M1_collapse,M1_autonomous_Schaefer,33.8,179,M4_delayed_info,34.2925539981268,34.83866902618244,44.432268212901974,44.67200205368668,False
D1_M1_collapse,M1_autonomous_Schaefer,33.8,180,M1_autonomous_Schaefer,36.161547134432645,48.422706547103246,88.34872712021286,85.02157834272279,True
D1_M1_collapse,M1_autonomous_Schaefer,33.8,180,M1b_autonomous_Allee,58.268184993621404,64.43428378442981,88.34872712021286,85.02157834272279,False
D1_M1_collapse,M1_autonomous_Schaefer,33.8,180,M2_stockflow_regimeC,36.161547134432645,48.422706547103246,88.34872712021286,85.02157834272279,False
D1_M1_collapse,M1_autonomous_Schaefer,33.8,180,M3_AR_residual,34.33243145895202,47.10871325391907,88.34872712021286,85.02157834272279,False
D1_M1_collapse,M1_autonomous_Schaefer,33.8,180,M4_delayed_info,56.44998921996091,49.538829665740025,88.34872712021286,85.02157834272279,False
D1_M1_collapse,M1_autonomous_Schaefer,33.8,181,M1_autonomous_Schaefer,32.20883926213752,38.874107499087884,65.83735932794009,58.031810786434846,True
D1_M1_collapse,M1_autonomous_Schaefer,33.8,181,M1b_autonomous_Allee,50.322108828526034,56.02757656313002,65.83735932794009,58.031810786434846,False
D1_M1_collapse,M1_autonomous_Schaefer,33.8,181,M2_stockflow_regimeC,32.20883926213752,38.874107499087884,65.83735932794009,58.031810786434846,False
D1_M1_collapse,M1_autonomous_Schaefer,33.8,181,M3_AR_residual,33.950399350838076,38.50859363948368,65.83735932794009,58.031810786434846,False
D1_M1_collapse,M1_autonomous_Schaefer,33.8,181,M4_delayed_info,39.87963015924715,39.301919001014284,65.83735932794009,58.031810786434846,False
D1_M1_collapse,M1_autonomous_Schaefer,33.8,182,M1_autonomous_Schaefer,36.21829091907207,41.559501833281004,77.13550697710346,68.62501875011722,True
D1_M1_collapse,M1_autonomous_Schaefer,33.8,182,M1b_autonomous_Allee,49.788019717722115,43.39421582352979,77.13550697710346,68.62501875011722,False
D1_M1_collapse,M1_autonomous_Schaefer,33.8,182,M2_stockflow_regimeC,36.21829091907207,41.559501833281004,77.13550697710346,68.62501875011722,False
D1_M1_collapse,M1_autonomous_Schaefer,33.8,182,M3_AR_residual,36.99042424823335,42.75106784264041,77.13550697710346,68.62501875011722,False
D1_M1_collapse,M1_autonomous_Schaefer,33.8,182,M4_delayed_info,52.51477135633123,45.15150853612058,77.13550697710346,68.62501875011722,False
D1_M1_collapse,M1_autonomous_Schaefer,33.8,183,M1_autonomous_Schaefer,34.44061451158975,32.925176597239286,50.90163651850493,47.48311842597791,True
D1_M1_collapse,M1_autonomous_Schaefer,33.8,183,M1b_autonomous_Allee,36.27728116116665,40.76475578169316,50.90163651850493,47.48311842597791,False
D1_M1_collapse,M1_autonomous_Schaefer,33.8,183,M2_stockflow_regimeC,34.44061451158975,32.925176597239286,50.90163651850493,47.48311842597791,False
D1_M1_collapse,M1_autonomous_Schaefer,33.8,183,M3_AR_residual,35.65220375593797,32.92350219741343,50.90163651850493,47.48311842597791,False
D1_M1_collapse,M1_autonomous_Schaefer,33.8,183,M4_delayed_info,32.70007944519147,32.92741737282419,50.90163651850493,47.48311842597791,False
D1_M1_collapse,M1_autonomous_Schaefer,33.8,184,M1_autonomous_Schaefer,39.0603171278083,47.76466149179078,73.12242430782493,62.846477607465545,True
D1_M1_collapse,M1_autonomous_Schaefer,33.8,184,M1b_autonomous_Allee,49.996230542280024,62.66279508247818,73.12242430782493,62.846477607465545,False
D1_M1_collapse,M1_autonomous_Schaefer,33.8,184,M2_stockflow_regimeC,39.0603171278083,47.76466149179078,73.12242430782493,62.846477607465545,False
D1_M1_collapse,M1_autonomous_Schaefer,33.8,184,M3_AR_residual,39.78895957564298,47.723038063391016,73.12242430782493,62.846477607465545,False
D1_M1_collapse,M1_autonomous_Schaefer,33.8,184,M4_delayed_info,44.635446391468996,47.77664501175286,73.12242430782493,62.846477607465545,False
D1_M1_collapse,M1_autonomous_Schaefer,33.8,185,M1_autonomous_Schaefer,35.65039327291856,35.471661121203084,56.42006594980202,55.286180397197704,True
D1_M1_collapse,M1_autonomous_Schaefer,33.8,185,M1b_autonomous_Allee,40.921153531314786,37.012519369762714,56.42006594980202,55.286180397197704,False
D1_M1_collapse,M1_autonomous_Schaefer,33.8,185,M2_stockflow_regimeC,35.65039327291856,35.471661121203084,56.42006594980202,55.286180397197704,False
D1_M1_collapse,M1_autonomous_Schaefer,33.8,185,M3_AR_residual,36.588567514369906,36.06675761849814,56.42006594980202,55.286180397197704,False
D1_M1_collapse,M1_autonomous_Schaefer,33.8,185,M4_delayed_info,36.93572760022572,35.390620715055825,56.42006594980202,55.286180397197704,False
D1_M1_collapse,M1_autonomous_Schaefer,33.8,186,M1_autonomous_Schaefer,34.166632682589544,43.59188782864064,74.74877704496072,69.4506148537647,True
D1_M1_collapse,M1_autonomous_Schaefer,33.8,186,M1b_autonomous_Allee,64.6880277346663,74.2334562396315,74.74877704496072,69.4506148537647,False
D1_M1_collapse,M1_autonomous_Schaefer,33.8,186,M2_stockflow_regimeC,34.166632682589544,43.59188782864064,74.74877704496072,69.4506148537647,False
D1_M1_collapse,M1_autonomous_Schaefer,33.8,186,M3_AR_residual,40.896383223708895,48.46908518780092,74.74877704496072,69.4506148537647,False
D1_M1_collapse,M1_autonomous_Schaefer,33.8,186,M4_delayed_info,41.74239885013077,43.28025965708542,74.74877704496072,69.4506148537647,False
D1_M1_collapse,M1_autonomous_Schaefer,33.8,187,M1_autonomous_Schaefer,32.678317701766424,35.37999581786471,72.63871719882273,58.32050035471816,True
D1_M1_collapse,M1_autonomous_Schaefer,33.8,187,M1b_autonomous_Allee,52.020562920555975,45.140084824096704,72.63871719882273,58.32050035471816,False
D1_M1_collapse,M1_autonomous_Schaefer,33.8,187,M2_stockflow_regimeC,32.678317701766424,35.37999581786471,72.63871719882273,58.32050035471816,False
D1_M1_collapse,M1_autonomous_Schaefer,33.8,187,M3_AR_residual,33.62714351364643,35.39237167581127,72.63871719882273,58.32050035471816,False
D1_M1_collapse,M1_autonomous_Schaefer,33.8,187,M4_delayed_info,37.05911223424067,35.52054650606062,72.63871719882273,58.32050035471816,False
D1_M1_collapse,M1_autonomous_Schaefer,33.8,188,M1_autonomous_Schaefer,36.72850203162718,36.008653203801934,57.919004052295996,59.94054782210087,True
D1_M1_collapse,M1_autonomous_Schaefer,33.8,188,M1b_autonomous_Allee,46.46036738608307,60.85207929614438,57.919004052295996,59.94054782210087,False
D1_M1_collapse,M1_autonomous_Schaefer,33.8,188,M2_stockflow_regimeC,36.72850203162718,36.008653203801934,57.919004052295996,59.94054782210087,False
D1_M1_collapse,M1_autonomous_Schaefer,33.8,188,M3_AR_residual,37.751567699560376,35.99249144915905,57.919004052295996,59.94054782210087,False
D1_M1_collapse,M1_autonomous_Schaefer,33.8,188,M4_delayed_info,36.95536772015212,36.043172670842566,57.919004052295996,59.94054782210087,False
D1_M1_collapse,M1_autonomous_Schaefer,33.8,189,M1_autonomous_Schaefer,36.98343669626529,42.85243533858793,68.34568252679215,60.2644807903907,True
D1_M1_collapse,M1_autonomous_Schaefer,33.8,189,M1b_autonomous_Allee,55.514016344858845,61.662761028553746,68.34568252679215,60.2644807903907,False
D1_M1_collapse,M1_autonomous_Schaefer,33.8,189,M2_stockflow_regimeC,36.98343669626529,42.85243533858793,68.34568252679215,60.2644807903907,False
D1_M1_collapse,M1_autonomous_Schaefer,33.8,189,M3_AR_residual,37.36883914889687,42.902697505089826,68.34568252679215,60.2644807903907,False
D1_M1_collapse,M1_autonomous_Schaefer,33.8,189,M4_delayed_info,41.24102883622691,42.83302179764533,68.34568252679215,60.2644807903907,False
D1_M1_collapse,M1_autonomous_Schaefer,33.8,190,M1_autonomous_Schaefer,39.58855013536494,45.22685616118504,78.80406077211306,74.17435098749368,True
D1_M1_collapse,M1_autonomous_Schaefer,33.8,190,M1b_autonomous_Allee,55.447711788708176,57.211234582411876,78.80406077211306,74.17435098749368,False
D1_M1_collapse,M1_autonomous_Schaefer,33.8,190,M2_stockflow_regimeC,39.58855013536494,45.22685616118504,78.80406077211306,74.17435098749368,False
D1_M1_collapse,M1_autonomous_Schaefer,33.8,190,M3_AR_residual,39.98396261642366,45.20444801668038,78.80406077211306,74.17435098749368,False
D1_M1_collapse,M1_autonomous_Schaefer,33.8,190,M4_delayed_info,44.28840123136631,45.41863080464143,78.80406077211306,74.17435098749368,False
D1_M1_collapse,M1_autonomous_Schaefer,33.8,191,M1_autonomous_Schaefer,37.77512865412937,35.87827366443462,54.51083022342473,53.281368894972076,True
D1_M1_collapse,M1_autonomous_Schaefer,33.8,191,M1b_autonomous_Allee,43.076684230505045,52.702022465313874,54.51083022342473,53.281368894972076,False
D1_M1_collapse,M1_autonomous_Schaefer,33.8,191,M2_stockflow_regimeC,37.77512865412937,35.87827366443462,54.51083022342473,53.281368894972076,False
D1_M1_collapse,M1_autonomous_Schaefer,33.8,191,M3_AR_residual,36.5890153836452,35.858334809110545,54.51083022342473,53.281368894972076,False
D1_M1_collapse,M1_autonomous_Schaefer,33.8,191,M4_delayed_info,34.69744082242253,35.799370223434,54.51083022342473,53.281368894972076,False
D1_M1_collapse,M1_autonomous_Schaefer,33.8,192,M1_autonomous_Schaefer,34.72083733272855,38.722085342534726,65.22024563549571,50.02123509619978,True
D1_M1_collapse,M1_autonomous_Schaefer,33.8,192,M1b_autonomous_Allee,46.24356640331531,50.290489461538755,65.22024563549571,50.02123509619978,False
D1_M1_collapse,M1_autonomous_Schaefer,33.8,192,M2_stockflow_regimeC,34.72083733272855,38.722085342534726,65.22024563549571,50.02123509619978,False
D1_M1_collapse,M1_autonomous_Schaefer,33.8,192,M3_AR_residual,34.6163908999672,38.719375302269015,65.22024563549571,50.02123509619978,False
D1_M1_collapse,M1_autonomous_Schaefer,33.8,192,M4_delayed_info,36.86377476099699,38.713217542696256,65.22024563549571,50.02123509619978,False
D1_M1_collapse,M1_autonomous_Schaefer,33.8,193,M1_autonomous_Schaefer,32.96028749808751,36.34253007856673,56.90622799371153,49.88621184497787,True
D1_M1_collapse,M1_autonomous_Schaefer,33.8,193,M1b_autonomous_Allee,38.79690795331914,42.84979186375044,56.90622799371153,49.88621184497787,False
D1_M1_collapse,M1_autonomous_Schaefer,33.8,193,M2_stockflow_regimeC,32.96028749808751,36.34253007856673,56.90622799371153,49.88621184497787,False
D1_M1_collapse,M1_autonomous_Schaefer,33.8,193,M3_AR_residual,33.172281328216435,36.352439429817025,56.90622799371153,49.88621184497787,False
D1_M1_collapse,M1_autonomous_Schaefer,33.8,193,M4_delayed_info,34.11680813740109,36.33338317615628,56.90622799371153,49.88621184497787,False
D1_M1_collapse,M1_autonomous_Schaefer,33.8,194,M1_autonomous_Schaefer,38.65035485883814,39.66480510480972,65.6136754172345,52.078920678705686,True
D1_M1_collapse,M1_autonomous_Schaefer,33.8,194,M1b_autonomous_Allee,49.4373816301855,33.989396785905335,65.6136754172345,52.078920678705686,False
D1_M1_collapse,M1_autonomous_Schaefer,33.8,194,M2_stockflow_regimeC,38.65035485883814,39.66480510480972,65.6136754172345,52.078920678705686,False
D1_M1_collapse,M1_autonomous_Schaefer,33.8,194,M3_AR_residual,39.044891488755944,39.66524392308665,65.6136754172345,52.078920678705686,False
D1_M1_collapse,M1_autonomous_Schaefer,33.8,194,M4_delayed_info,40.481073226201474,39.65412315096054,65.6136754172345,52.078920678705686,False
D1_M1_collapse,M1_autonomous_Schaefer,33.8,195,M1_autonomous_Schaefer,25.377133104861898,26.224578554678075,40.300173547136225,35.656359500582326,True
D1_M1_collapse,M1_autonomous_Schaefer,33.8,195,M1b_autonomous_Allee,29.724076187855005,26.847503346238046,40.300173547136225,35.656359500582326,False
D1_M1_collapse,M1_autonomous_Schaefer,33.8,195,M2_stockflow_regimeC,25.377133104861898,26.224578554678075,40.300173547136225,35.656359500582326,False
D1_M1_collapse,M1_autonomous_Schaefer,33.8,195,M3_AR_residual,25.662007432823366,26.219952460579552,40.300173547136225,35.656359500582326,False
D1_M1_collapse,M1_autonomous_Schaefer,33.8,195,M4_delayed_info,25.68411889935259,26.237915638692925,40.300173547136225,35.656359500582326,False
D1_M1_collapse,M1_autonomous_Schaefer,33.8,196,M1_autonomous_Schaefer,38.663617779804824,42.35383108329471,65.0490052850665,52.019093304257986,True
D1_M1_collapse,M1_autonomous_Schaefer,33.8,196,M1b_autonomous_Allee,49.45796103118275,62.43034964998983,65.0490052850665,52.019093304257986,False
D1_M1_collapse,M1_autonomous_Schaefer,33.8,196,M2_stockflow_regimeC,38.663617779804824,42.35383108329471,65.0490052850665,52.019093304257986,False
D1_M1_collapse,M1_autonomous_Schaefer,33.8,196,M3_AR_residual,40.365939271704846,42.56474297596826,65.0490052850665,52.019093304257986,False
D1_M1_collapse,M1_autonomous_Schaefer,33.8,196,M4_delayed_info,42.73034502997313,42.170601582779156,65.0490052850665,52.019093304257986,False
D1_M1_collapse,M1_autonomous_Schaefer,33.8,197,M1_autonomous_Schaefer,32.5799572928897,34.42899864215831,61.51166337502242,52.20276772183259,True
D1_M1_collapse,M1_autonomous_Schaefer,33.8,197,M1b_autonomous_Allee,44.305820513031556,59.93204151530687,61.51166337502242,52.20276772183259,False
D1_M1_collapse,M1_autonomous_Schaefer,33.8,197,M2_stockflow_regimeC,32.5799572928897,34.42899864215831,61.51166337502242,52.20276772183259,False
D1_M1_collapse,M1_autonomous_Schaefer,33.8,197,M3_AR_residual,33.458611303192214,34.57999012975972,61.51166337502242,52.20276772183259,False
D1_M1_collapse,M1_autonomous_Schaefer,33.8,197,M4_delayed_info,40.468510752735796,34.45501867174374,61.51166337502242,52.20276772183259,False
D1_M1_collapse,M1_autonomous_Schaefer,33.8,198,M1_autonomous_Schaefer,45.29267537521947,46.970593129014766,74.43564050239813,67.54275769373153,True
D1_M1_collapse,M1_autonomous_Schaefer,33.8,198,M1b_autonomous_Allee,62.060378850900236,93.74300126628451,74.43564050239813,67.54275769373153,False
D1_M1_collapse,M1_autonomous_Schaefer,33.8,198,M2_stockflow_regimeC,45.29267537521947,46.970593129014766,74.43564050239813,67.54275769373153,False
D1_M1_collapse,M1_autonomous_Schaefer,33.8,198,M3_AR_residual,46.78592671100083,47.286772550790076,74.43564050239813,67.54275769373153,False
D1_M1_collapse,M1_autonomous_Schaefer,33.8,198,M4_delayed_info,46.355344878467186,46.81140353406402,74.43564050239813,67.54275769373153,False
D1_M1_collapse,M1_autonomous_Schaefer,33.8,199,M1_autonomous_Schaefer,36.45147422177982,34.230391863120325,53.110045567483844,49.11610303027022,True
D1_M1_collapse,M1_autonomous_Schaefer,33.8,199,M1b_autonomous_Allee,37.87077992467971,35.966929280650646,53.110045567483844,49.11610303027022,False
D1_M1_collapse,M1_autonomous_Schaefer,33.8,199,M2_stockflow_regimeC,36.45147422177982,34.230391863120325,53.110045567483844,49.11610303027022,False
D1_M1_collapse,M1_autonomous_Schaefer,33.8,199,M3_AR_residual,36.85759271833567,34.231343674561465,53.110045567483844,49.11610303027022,False
D1_M1_collapse,M1_autonomous_Schaefer,33.8,199,M4_delayed_info,35.25459055941291,34.228741887081746,53.110045567483844,49.11610303027022,False
D2_M1_recovery,M1_autonomous_Schaefer,11.8,0,M1_autonomous_Schaefer,13.443534946417678,102.52302650691068,27.556125031440985,130.24573562161711,True
D2_M1_recovery,M1_autonomous_Schaefer,11.8,0,M1b_autonomous_Allee,27.24888180508993,102.03139130600022,27.556125031440985,130.24573562161711,False
D2_M1_recovery,M1_autonomous_Schaefer,11.8,0,M2_stockflow_regimeC,13.443534946417678,102.52302650691068,27.556125031440985,130.24573562161711,False
D2_M1_recovery,M1_autonomous_Schaefer,11.8,0,M3_AR_residual,13.649208612424674,103.89839777403041,27.556125031440985,130.24573562161711,False
D2_M1_recovery,M1_autonomous_Schaefer,11.8,0,M4_delayed_info,14.531064322722598,101.8644376145719,27.556125031440985,130.24573562161711,False
D2_M1_recovery,M1_autonomous_Schaefer,11.8,1,M1_autonomous_Schaefer,19.911271397855106,160.22232418664672,26.994460075376512,90.75613410192128,False
D2_M1_recovery,M1_autonomous_Schaefer,11.8,1,M1b_autonomous_Allee,31.619926315865243,95.11619840901515,26.994460075376512,90.75613410192128,False
D2_M1_recovery,M1_autonomous_Schaefer,11.8,1,M2_stockflow_regimeC,19.911271397855106,160.22232418664672,26.994460075376512,90.75613410192128,False
D2_M1_recovery,M1_autonomous_Schaefer,11.8,1,M3_AR_residual,18.895681124994017,159.9139325896094,26.994460075376512,90.75613410192128,False
D2_M1_recovery,M1_autonomous_Schaefer,11.8,1,M4_delayed_info,22.030560606611083,156.98888766606842,26.994460075376512,90.75613410192128,False
D2_M1_recovery,M1_autonomous_Schaefer,11.8,2,M1_autonomous_Schaefer,17.02232246226705,40.34427166289138,20.337135180388646,51.921517092355145,True
D2_M1_recovery,M1_autonomous_Schaefer,11.8,2,M1b_autonomous_Allee,30.068665240018017,59.07273664502346,20.337135180388646,51.921517092355145,False
D2_M1_recovery,M1_autonomous_Schaefer,11.8,2,M2_stockflow_regimeC,17.02232246226705,40.34427166289138,20.337135180388646,51.921517092355145,False
D2_M1_recovery,M1_autonomous_Schaefer,11.8,2,M3_AR_residual,17.257370344846496,40.31800281065688,20.337135180388646,51.921517092355145,False
D2_M1_recovery,M1_autonomous_Schaefer,11.8,2,M4_delayed_info,21.084796815824678,40.49248794259892,20.337135180388646,51.921517092355145,False
D2_M1_recovery,M1_autonomous_Schaefer,11.8,3,M1_autonomous_Schaefer,14.324237213088034,137.61940290591977,26.604675461434905,94.92462962673841,False
D2_M1_recovery,M1_autonomous_Schaefer,11.8,3,M1b_autonomous_Allee,30.475239916363027,88.30493770976311,26.604675461434905,94.92462962673841,False
D2_M1_recovery,M1_autonomous_Schaefer,11.8,3,M2_stockflow_regimeC,14.324237213088034,137.61940290591977,26.604675461434905,94.92462962673841,False
D2_M1_recovery,M1_autonomous_Schaefer,11.8,3,M3_AR_residual,14.126644597772541,137.18583252642938,26.604675461434905,94.92462962673841,False
D2_M1_recovery,M1_autonomous_Schaefer,11.8,3,M4_delayed_info,16.912359762291373,133.5397249335681,26.604675461434905,94.92462962673841,False
D2_M1_recovery,M1_autonomous_Schaefer,11.8,4,M1_autonomous_Schaefer,16.455353715837195,170.5850252438648,25.173051277384236,83.40508178383483,False
D2_M1_recovery,M1_autonomous_Schaefer,11.8,4,M1b_autonomous_Allee,35.97926394934406,88.6147216336594,25.173051277384236,83.40508178383483,False
D2_M1_recovery,M1_autonomous_Schaefer,11.8,4,M2_stockflow_regimeC,16.455353715837195,170.5850252438648,25.173051277384236,83.40508178383483,False
D2_M1_recovery,M1_autonomous_Schaefer,11.8,4,M3_AR_residual,16.696029182923294,170.56305676939724,25.173051277384236,83.40508178383483,False
D2_M1_recovery,M1_autonomous_Schaefer,11.8,4,M4_delayed_info,18.086624887571745,170.30804193054948,25.173051277384236,83.40508178383483,False
D2_M1_recovery,M1_autonomous_Schaefer,11.8,5,M1_autonomous_Schaefer,16.427448062680206,42.15633483805885,21.92717518140924,63.2159923454951,True
D2_M1_recovery,M1_autonomous_Schaefer,11.8,5,M1b_autonomous_Allee,26.249607145864356,52.50688791822558,21.92717518140924,63.2159923454951,False
D2_M1_recovery,M1_autonomous_Schaefer,11.8,5,M2_stockflow_regimeC,16.427448062680206,42.15633483805885,21.92717518140924,63.2159923454951,False
D2_M1_recovery,M1_autonomous_Schaefer,11.8,5,M3_AR_residual,16.888199450612177,42.12724908934772,21.92717518140924,63.2159923454951,False
D2_M1_recovery,M1_autonomous_Schaefer,11.8,5,M4_delayed_info,18.591252874559373,41.92561774207902,21.92717518140924,63.2159923454951,False
D2_M1_recovery,M1_autonomous_Schaefer,11.8,6,M1_autonomous_Schaefer,15.341767363490819,45.12498379432742,21.631968361222043,61.73621730053743,True
D2_M1_recovery,M1_autonomous_Schaefer,11.8,6,M1b_autonomous_Allee,28.915948442243415,72.19404497770044,21.631968361222043,61.73621730053743,False
D2_M1_recovery,M1_autonomous_Schaefer,11.8,6,M2_stockflow_regimeC,15.341767363490819,45.12498379432742,21.631968361222043,61.73621730053743,False
D2_M1_recovery,M1_autonomous_Schaefer,11.8,6,M3_AR_residual,16.209359602384946,45.154203917860805,21.631968361222043,61.73621730053743,False
D2_M1_recovery,M1_autonomous_Schaefer,11.8,6,M4_delayed_info,17.94895318227799,45.330418142576136,21.631968361222043,61.73621730053743,False
D2_M1_recovery,M1_autonomous_Schaefer,11.8,7,M1_autonomous_Schaefer,15.793319157408526,51.278503540824204,25.474496234132662,81.52891470772988,True
D2_M1_recovery,M1_autonomous_Schaefer,11.8,7,M1b_autonomous_Allee,28.628146708436642,74.87916145572844,25.474496234132662,81.52891470772988,False
D2_M1_recovery,M1_autonomous_Schaefer,11.8,7,M2_stockflow_regimeC,15.793319157408526,51.278503540824204,25.474496234132662,81.52891470772988,False
D2_M1_recovery,M1_autonomous_Schaefer,11.8,7,M3_AR_residual,16.241921065022606,51.30871900528062,25.474496234132662,81.52891470772988,False
D2_M1_recovery,M1_autonomous_Schaefer,11.8,7,M4_delayed_info,17.516721396391265,51.273536463514304,25.474496234132662,81.52891470772988,False
D2_M1_recovery,M1_autonomous_Schaefer,11.8,8,M1_autonomous_Schaefer,15.980355934636627,55.93713201134203,24.511181066244177,74.30771331466856,True
D2_M1_recovery,M1_autonomous_Schaefer,11.8,8,M1b_autonomous_Allee,24.00272382258008,71.1872401606868,24.511181066244177,74.30771331466856,False
D2_M1_recovery,M1_autonomous_Schaefer,11.8,8,M2_stockflow_regimeC,15.980355934636627,55.93713201134203,24.511181066244177,74.30771331466856,False
D2_M1_recovery,M1_autonomous_Schaefer,11.8,8,M3_AR_residual,16.11415623913171,55.15504571365543,24.511181066244177,74.30771331466856,False
D2_M1_recovery,M1_autonomous_Schaefer,11.8,8,M4_delayed_info,16.68908131635119,54.243833677713994,24.511181066244177,74.30771331466856,False
D2_M1_recovery,M1_autonomous_Schaefer,11.8,9,M1_autonomous_Schaefer,10.837058953138193,70.79600356720103,24.205294465492432,103.39154652365713,True
D2_M1_recovery,M1_autonomous_Schaefer,11.8,9,M1b_autonomous_Allee,19.25030609240717,86.82715993368969,24.205294465492432,103.39154652365713,False
D2_M1_recovery,M1_autonomous_Schaefer,11.8,9,M2_stockflow_regimeC,10.837058953138193,70.79600356720103,24.205294465492432,103.39154652365713,False
D2_M1_recovery,M1_autonomous_Schaefer,11.8,9,M3_AR_residual,11.022603698864463,70.56211320643548,24.205294465492432,103.39154652365713,False
D2_M1_recovery,M1_autonomous_Schaefer,11.8,9,M4_delayed_info,12.098497983069675,68.1290209849044,24.205294465492432,103.39154652365713,False
D2_M1_recovery,M1_autonomous_Schaefer,11.8,10,M1_autonomous_Schaefer,15.839440614420356,132.1614723760771,29.44435052557975,141.85011025919138,True
D2_M1_recovery,M1_autonomous_Schaefer,11.8,10,M1b_autonomous_Allee,19.784333216895188,92.55080138661883,29.44435052557975,141.85011025919138,False
D2_M1_recovery,M1_autonomous_Schaefer,11.8,10,M2_stockflow_regimeC,15.839440614420356,132.1614723760771,29.44435052557975,141.85011025919138,False
D2_M1_recovery,M1_autonomous_Schaefer,11.8,10,M3_AR_residual,15.997110787063319,132.15299014963986,29.44435052557975,141.85011025919138,False
D2_M1_recovery,M1_autonomous_Schaefer,11.8,10,M4_delayed_info,17.184852736681517,127.57987063545986,29.44435052557975,141.85011025919138,False
D2_M1_recovery,M1_autonomous_Schaefer,11.8,11,M1_autonomous_Schaefer,10.923120901916567,27.559033419719622,22.414677323877967,76.56076967810624,True
D2_M1_recovery,M1_autonomous_Schaefer,11.8,11,M1b_autonomous_Allee,27.667458762821493,82.11373609413319,22.414677323877967,76.56076967810624,False
D2_M1_recovery,M1_autonomous_Schaefer,11.8,11,M2_stockflow_regimeC,10.923120901916567,27.559033419719622,22.414677323877967,76.56076967810624,False
D2_M1_recovery,M1_autonomous_Schaefer,11.8,11,M3_AR_residual,10.884122321390402,27.57984169360547,22.414677323877967,76.56076967810624,False
D2_M1_recovery,M1_autonomous_Schaefer,11.8,11,M4_delayed_info,11.142535252769886,27.49863928084396,22.414677323877967,76.56076967810624,False
D2_M1_recovery,M1_autonomous_Schaefer,11.8,12,M1_autonomous_Schaefer,16.058592123958597,101.37961622595093,22.852979868237913,72.6160217989506,False
D2_M1_recovery,M1_autonomous_Schaefer,11.8,12,M1b_autonomous_Allee,36.121282270963086,83.53718349661675,22.852979868237913,72.6160217989506,False
D2_M1_recovery,M1_autonomous_Schaefer,11.8,12,M2_stockflow_regimeC,16.058592123958597,101.37961622595093,22.852979868237913,72.6160217989506,False
D2_M1_recovery,M1_autonomous_Schaefer,11.8,12,M3_AR_residual,16.58817038620095,101.59669541530292,22.852979868237913,72.6160217989506,False
D2_M1_recovery,M1_autonomous_Schaefer,11.8,12,M4_delayed_info,19.423485595261,102.31323538456851,22.852979868237913,72.6160217989506,False
D2_M1_recovery,M1_autonomous_Schaefer,11.8,13,M1_autonomous_Schaefer,15.802036298560648,52.03295475882708,26.409902048619855,89.505346889841,True
D2_M1_recovery,M1_autonomous_Schaefer,11.8,13,M1b_autonomous_Allee,22.67189498629421,82.77999084779387,26.409902048619855,89.505346889841,False
D2_M1_recovery,M1_autonomous_Schaefer,11.8,13,M2_stockflow_regimeC,15.802036298560648,52.03295475882708,26.409902048619855,89.505346889841,False
D2_M1_recovery,M1_autonomous_Schaefer,11.8,13,M3_AR_residual,15.736609581031967,52.03684560793712,26.409902048619855,89.505346889841,False
D2_M1_recovery,M1_autonomous_Schaefer,11.8,13,M4_delayed_info,16.65629106344432,51.90966314195987,26.409902048619855,89.505346889841,False
D2_M1_recovery,M1_autonomous_Schaefer,11.8,14,M1_autonomous_Schaefer,14.49289483516328,35.53067375064133,26.065946226631542,78.59888294839402,True
D2_M1_recovery,M1_autonomous_Schaefer,11.8,14,M1b_autonomous_Allee,34.46677374485782,88.57168069269227,26.065946226631542,78.59888294839402,False
D2_M1_recovery,M1_autonomous_Schaefer,11.8,14,M2_stockflow_regimeC,14.49289483516328,35.53067375064133,26.065946226631542,78.59888294839402,False
D2_M1_recovery,M1_autonomous_Schaefer,11.8,14,M3_AR_residual,15.520853227834067,35.22039886413241,26.065946226631542,78.59888294839402,False
D2_M1_recovery,M1_autonomous_Schaefer,11.8,14,M4_delayed_info,16.426194295855105,35.67308351311688,26.065946226631542,78.59888294839402,False
D2_M1_recovery,M1_autonomous_Schaefer,11.8,15,M1_autonomous_Schaefer,16.653921559302976,42.95543292422006,22.413529881519295,55.84888803233314,True
D2_M1_recovery,M1_autonomous_Schaefer,11.8,15,M1b_autonomous_Allee,22.767958358185393,56.85218492951914,22.413529881519295,55.84888803233314,False
D2_M1_recovery,M1_autonomous_Schaefer,11.8,15,M2_stockflow_regimeC,16.653921559302976,42.95543292422006,22.413529881519295,55.84888803233314,False
D2_M1_recovery,M1_autonomous_Schaefer,11.8,15,M3_AR_residual,16.70848854548062,42.92113688448024,22.413529881519295,55.84888803233314,False
D2_M1_recovery,M1_autonomous_Schaefer,11.8,15,M4_delayed_info,17.95399427661874,43.04748852972891,22.413529881519295,55.84888803233314,False
D2_M1_recovery,M1_autonomous_Schaefer,11.8,16,M1_autonomous_Schaefer,19.508342956252676,39.476107495925056,23.31731082844712,47.89369362580654,True
D2_M1_recovery,M1_autonomous_Schaefer,11.8,16,M1b_autonomous_Allee,28.85030045994285,56.110967923176155,23.31731082844712,47.89369362580654,False
D2_M1_recovery,M1_autonomous_Schaefer,11.8,16,M2_stockflow_regimeC,19.508342956252676,39.476107495925056,23.31731082844712,47.89369362580654,False
D2_M1_recovery,M1_autonomous_Schaefer,11.8,16,M3_AR_residual,19.969180407487187,39.431737338797255,23.31731082844712,47.89369362580654,False
D2_M1_recovery,M1_autonomous_Schaefer,11.8,16,M4_delayed_info,22.366191157200003,39.782890580606065,23.31731082844712,47.89369362580654,False
D2_M1_recovery,M1_autonomous_Schaefer,11.8,17,M1_autonomous_Schaefer,16.81501749727049,98.58759188426589,27.511904885171813,124.37134845625916,True
D2_M1_recovery,M1_autonomous_Schaefer,11.8,17,M1b_autonomous_Allee,28.280602109972033,103.41081730764891,27.511904885171813,124.37134845625916,False
D2_M1_recovery,M1_autonomous_Schaefer,11.8,17,M2_stockflow_regimeC,16.81501749727049,98.58759188426589,27.511904885171813,124.37134845625916,False
D2_M1_recovery,M1_autonomous_Schaefer,11.8,17,M3_AR_residual,17.09887282464201,99.45488586719125,27.511904885171813,124.37134845625916,False
D2_M1_recovery,M1_autonomous_Schaefer,11.8,17,M4_delayed_info,18.417852203454153,90.65444861322521,27.511904885171813,124.37134845625916,False
D2_M1_recovery,M1_autonomous_Schaefer,11.8,18,M1_autonomous_Schaefer,14.46798241821884,33.4208135047167,21.548032015681066,65.947204459713,True
D2_M1_recovery,M1_autonomous_Schaefer,11.8,18,M1b_autonomous_Allee,30.31714123605965,72.22877786786167,21.548032015681066,65.947204459713,False
D2_M1_recovery,M1_autonomous_Schaefer,11.8,18,M2_stockflow_regimeC,14.46798241821884,33.4208135047167,21.548032015681066,65.947204459713,False
D2_M1_recovery,M1_autonomous_Schaefer,11.8,18,M3_AR_residual,14.868498305312299,33.36870414626837,21.548032015681066,65.947204459713,False
D2_M1_recovery,M1_autonomous_Schaefer,11.8,18,M4_delayed_info,16.454588971299394,33.512171773168355,21.548032015681066,65.947204459713,False
D2_M1_recovery,M1_autonomous_Schaefer,11.8,19,M1_autonomous_Schaefer,19.27443259822817,115.21424114042895,27.645648177739115,112.03436114938532,False
D2_M1_recovery,M1_autonomous_Schaefer,11.8,19,M1b_autonomous_Allee,24.15057172342233,88.53376942924301,27.645648177739115,112.03436114938532,False
D2_M1_recovery,M1_autonomous_Schaefer,11.8,19,M2_stockflow_regimeC,19.27443259822817,115.21424114042895,27.645648177739115,112.03436114938532,False
D2_M1_recovery,M1_autonomous_Schaefer,11.8,19,M3_AR_residual,19.434047033150236,113.6282428343219,27.645648177739115,112.03436114938532,False
D2_M1_recovery,M1_autonomous_Schaefer,11.8,19,M4_delayed_info,21.362288918019264,106.99457459253163,27.645648177739115,112.03436114938532,False
D2_M1_recovery,M1_autonomous_Schaefer,11.8,20,M1_autonomous_Schaefer,12.915538363051603,60.24834079167759,26.87107106589359,133.44293115837945,True
D2_M1_recovery,M1_autonomous_Schaefer,11.8,20,M1b_autonomous_Allee,24.944825009843047,107.54107818201872,26.87107106589359,133.44293115837945,False
D2_M1_recovery,M1_autonomous_Schaefer,11.8,20,M2_stockflow_regimeC,12.915538363051603,60.24834079167759,26.87107106589359,133.44293115837945,False
D2_M1_recovery,M1_autonomous_Schaefer,11.8,20,M3_AR_residual,12.92713693459219,60.55570455655898,26.87107106589359,133.44293115837945,False
D2_M1_recovery,M1_autonomous_Schaefer,11.8,20,M4_delayed_info,16.681572713966627,66.74162446690886,26.87107106589359,133.44293115837945,False
D2_M1_recovery,M1_autonomous_Schaefer,11.8,21,M1_autonomous_Schaefer,17.91067382072999,42.587112099191565,25.219178879435773,74.87395352275016,True
D2_M1_recovery,M1_autonomous_Schaefer,11.8,21,M1b_autonomous_Allee,28.641360642263525,71.58607494497736,25.219178879435773,74.87395352275016,False
D2_M1_recovery,M1_autonomous_Schaefer,11.8,21,M2_stockflow_regimeC,17.91067382072999,42.587112099191565,25.219178879435773,74.87395352275016,False
D2_M1_recovery,M1_autonomous_Schaefer,11.8,21,M3_AR_residual,17.700446891497194,42.26323686531625,25.219178879435773,74.87395352275016,False
D2_M1_recovery,M1_autonomous_Schaefer,11.8,21,M4_delayed_info,22.009994858776313,42.83492893516913,25.219178879435773,74.87395352275016,False
D2_M1_recovery,M1_autonomous_Schaefer,11.8,22,M1_autonomous_Schaefer,10.845694997460496,74.83705575068886,24.558915142982933,89.7348992530255,True
D2_M1_recovery,M1_autonomous_Schaefer,11.8,22,M1b_autonomous_Allee,24.690473405530792,55.599237839623164,24.558915142982933,89.7348992530255,False
D2_M1_recovery,M1_autonomous_Schaefer,11.8,22,M2_stockflow_regimeC,10.845694997460496,74.83705575068886,24.558915142982933,89.7348992530255,False
D2_M1_recovery,M1_autonomous_Schaefer,11.8,22,M3_AR_residual,11.095882255444378,74.78823603122687,24.558915142982933,89.7348992530255,False
D2_M1_recovery,M1_autonomous_Schaefer,11.8,22,M4_delayed_info,12.99662938104207,74.51590994940143,24.558915142982933,89.7348992530255,False
D2_M1_recovery,M1_autonomous_Schaefer,11.8,23,M1_autonomous_Schaefer,12.657544421646678,23.153677611186176,24.238492143134483,71.45281850225066,True
D2_M1_recovery,M1_autonomous_Schaefer,11.8,23,M1b_autonomous_Allee,23.034069651423824,57.07580656666767,24.238492143134483,71.45281850225066,False
D2_M1_recovery,M1_autonomous_Schaefer,11.8,23,M2_stockflow_regimeC,12.657544421646678,23.153677611186176,24.238492143134483,71.45281850225066,False
D2_M1_recovery,M1_autonomous_Schaefer,11.8,23,M3_AR_residual,13.931917680516934,23.483873482849432,24.238492143134483,71.45281850225066,False
D2_M1_recovery,M1_autonomous_Schaefer,11.8,23,M4_delayed_info,15.71302196748728,23.575818731698842,24.238492143134483,71.45281850225066,False
D2_M1_recovery,M1_autonomous_Schaefer,11.8,24,M1_autonomous_Schaefer,14.903200455634138,54.634887907658644,26.275782963026423,83.75510655715439,True
D2_M1_recovery,M1_autonomous_Schaefer,11.8,24,M1b_autonomous_Allee,30.950445986517213,71.03181354788514,26.275782963026423,83.75510655715439,False
D2_M1_recovery,M1_autonomous_Schaefer,11.8,24,M2_stockflow_regimeC,14.903200455634138,54.634887907658644,26.275782963026423,83.75510655715439,False
D2_M1_recovery,M1_autonomous_Schaefer,11.8,24,M3_AR_residual,15.354920626179846,54.67262952045672,26.275782963026423,83.75510655715439,False
D2_M1_recovery,M1_autonomous_Schaefer,11.8,24,M4_delayed_info,15.150346945302772,54.700204336880944,26.275782963026423,83.75510655715439,False
D2_M1_recovery,M1_autonomous_Schaefer,11.8,25,M1_autonomous_Schaefer,13.208213955303794,54.43131621104186,24.492834312771826,79.65969687712823,True
D2_M1_recovery,M1_autonomous_Schaefer,11.8,25,M1b_autonomous_Allee,22.309437646983046,65.16991214612408,24.492834312771826,79.65969687712823,False
D2_M1_recovery,M1_autonomous_Schaefer,11.8,25,M2_stockflow_regimeC,13.208213955303794,54.43131621104186,24.492834312771826,79.65969687712823,False
D2_M1_recovery,M1_autonomous_Schaefer,11.8,25,M3_AR_residual,13.797835032335144,54.49283894288798,24.492834312771826,79.65969687712823,False
D2_M1_recovery,M1_autonomous_Schaefer,11.8,25,M4_delayed_info,15.376001592858621,54.408811953257185,24.492834312771826,79.65969687712823,False
D2_M1_recovery,M1_autonomous_Schaefer,11.8,26,M1_autonomous_Schaefer,9.237073755987224,80.04758769882157,23.428162023237288,95.82899488895414,True
D2_M1_recovery,M1_autonomous_Schaefer,11.8,26,M1b_autonomous_Allee,19.88484236154074,79.39007672396582,23.428162023237288,95.82899488895414,False
D2_M1_recovery,M1_autonomous_Schaefer,11.8,26,M2_stockflow_regimeC,9.237073755987224,80.04758769882157,23.428162023237288,95.82899488895414,False
D2_M1_recovery,M1_autonomous_Schaefer,11.8,26,M3_AR_residual,9.404022012069195,80.02112823177987,23.428162023237288,95.82899488895414,False
D2_M1_recovery,M1_autonomous_Schaefer,11.8,26,M4_delayed_info,11.103051332631349,78.88988881935444,23.428162023237288,95.82899488895414,False
D2_M1_recovery,M1_autonomous_Schaefer,11.8,27,M1_autonomous_Schaefer,14.931072399964664,121.15802742987312,26.068150617637748,106.32683952996565,False
D2_M1_recovery,M1_autonomous_Schaefer,11.8,27,M1b_autonomous_Allee,28.072991007784303,90.14546242680336,26.068150617637748,106.32683952996565,False
D2_M1_recovery,M1_autonomous_Schaefer,11.8,27,M2_stockflow_regimeC,14.931072399964664,121.15802742987312,26.068150617637748,106.32683952996565,False
D2_M1_recovery,M1_autonomous_Schaefer,11.8,27,M3_AR_residual,15.193083667481211,121.26365289762322,26.068150617637748,106.32683952996565,False
D2_M1_recovery,M1_autonomous_Schaefer,11.8,27,M4_delayed_info,17.19508681790084,116.73404316295866,26.068150617637748,106.32683952996565,False
D2_M1_recovery,M1_autonomous_Schaefer,11.8,28,M1_autonomous_Schaefer,12.825306910076158,19.246482420871313,24.66019435060338,71.5636961842601,True
D2_M1_recovery,M1_autonomous_Schaefer,11.8,28,M1b_autonomous_Allee,33.784247457561754,79.04801964260734,24.66019435060338,71.5636961842601,False
D2_M1_recovery,M1_autonomous_Schaefer,11.8,28,M2_stockflow_regimeC,12.825306910076158,19.246482420871313,24.66019435060338,71.5636961842601,False
D2_M1_recovery,M1_autonomous_Schaefer,11.8,28,M3_AR_residual,13.058561003861145,19.24592029763889,24.66019435060338,71.5636961842601,False
D2_M1_recovery,M1_autonomous_Schaefer,11.8,28,M4_delayed_info,14.781316061080178,19.24258443043345,24.66019435060338,71.5636961842601,False
D2_M1_recovery,M1_autonomous_Schaefer,11.8,29,M1_autonomous_Schaefer,13.73493871617763,21.429094644873356,22.193845665716466,61.77222724619644,True
D2_M1_recovery,M1_autonomous_Schaefer,11.8,29,M1b_autonomous_Allee,25.263443927576922,71.47554734259053,22.193845665716466,61.77222724619644,False
D2_M1_recovery,M1_autonomous_Schaefer,11.8,29,M2_stockflow_regimeC,13.73493871617763,21.429094644873356,22.193845665716466,61.77222724619644,False
D2_M1_recovery,M1_autonomous_Schaefer,11.8,29,M3_AR_residual,13.789855818545545,21.139374609161692,22.193845665716466,61.77222724619644,False
D2_M1_recovery,M1_autonomous_Schaefer,11.8,29,M4_delayed_info,15.882776397143022,21.566478407605175,22.193845665716466,61.77222724619644,False
D2_M1_recovery,M1_autonomous_Schaefer,11.8,30,M1_autonomous_Schaefer,13.103262735698632,45.30467309138523,24.902609057912848,91.12013247646632,True
D2_M1_recovery,M1_autonomous_Schaefer,11.8,30,M1b_autonomous_Allee,26.94045333731445,53.08915137100332,24.902609057912848,91.12013247646632,False
D2_M1_recovery,M1_autonomous_Schaefer,11.8,30,M2_stockflow_regimeC,13.103262735698632,45.30467309138523,24.902609057912848,91.12013247646632,False
D2_M1_recovery,M1_autonomous_Schaefer,11.8,30,M3_AR_residual,13.240639214067428,45.17717095266997,24.902609057912848,91.12013247646632,False
D2_M1_recovery,M1_autonomous_Schaefer,11.8,30,M4_delayed_info,14.594798152830462,44.941546066837795,24.902609057912848,91.12013247646632,False
D2_M1_recovery,M1_autonomous_Schaefer,11.8,31,M1_autonomous_Schaefer,13.980986102976711,23.91606491746243,22.191338145548016,63.41483633240302,True
D2_M1_recovery,M1_autonomous_Schaefer,11.8,31,M1b_autonomous_Allee,27.036023166640614,50.47599498325442,22.191338145548016,63.41483633240302,False
D2_M1_recovery,M1_autonomous_Schaefer,11.8,31,M2_stockflow_regimeC,13.980986102976711,23.91606491746243,22.191338145548016,63.41483633240302,False
D2_M1_recovery,M1_autonomous_Schaefer,11.8,31,M3_AR_residual,14.27039363468161,24.013418234205155,22.191338145548016,63.41483633240302,False
D2_M1_recovery,M1_autonomous_Schaefer,11.8,31,M4_delayed_info,15.340673002601577,23.995388615431192,22.191338145548016,63.41483633240302,False
D2_M1_recovery,M1_autonomous_Schaefer,11.8,32,M1_autonomous_Schaefer,14.047859384809662,42.93093414285857,22.177190229246946,70.9322921870205,True
D2_M1_recovery,M1_autonomous_Schaefer,11.8,32,M1b_autonomous_Allee,17.745978693801234,37.716169743020366,22.177190229246946,70.9322921870205,False
D2_M1_recovery,M1_autonomous_Schaefer,11.8,32,M2_stockflow_regimeC,14.047859384809662,42.93093414285857,22.177190229246946,70.9322921870205,False
D2_M1_recovery,M1_autonomous_Schaefer,11.8,32,M3_AR_residual,14.096006517007407,43.00148007159189,22.177190229246946,70.9322921870205,False
D2_M1_recovery,M1_autonomous_Schaefer,11.8,32,M4_delayed_info,16.016517363563914,42.76492704599386,22.177190229246946,70.9322921870205,False
D2_M1_recovery,M1_autonomous_Schaefer,11.8,33,M1_autonomous_Schaefer,16.395974001117057,138.28145583552794,31.095321852009665,145.1001784593538,False
D2_M1_recovery,M1_autonomous_Schaefer,11.8,33,M1b_autonomous_Allee,31.64589843757371,100.8679008185151,31.095321852009665,145.1001784593538,False
D2_M1_recovery,M1_autonomous_Schaefer,11.8,33,M2_stockflow_regimeC,16.395974001117057,138.28145583552794,31.095321852009665,145.1001784593538,False
D2_M1_recovery,M1_autonomous_Schaefer,11.8,33,M3_AR_residual,16.888722263119107,138.3485375039908,31.095321852009665,145.1001784593538,False
D2_M1_recovery,M1_autonomous_Schaefer,11.8,33,M4_delayed_info,20.260913145563286,139.65014349460037,31.095321852009665,145.1001784593538,False
D2_M1_recovery,M1_autonomous_Schaefer,11.8,34,M1_autonomous_Schaefer,14.756736788839289,46.6952033464143,24.2577814068983,73.09633114227141,True
D2_M1_recovery,M1_autonomous_Schaefer,11.8,34,M1b_autonomous_Allee,27.366555793739536,55.59206412371247,24.2577814068983,73.09633114227141,False
D2_M1_recovery,M1_autonomous_Schaefer,11.8,34,M2_stockflow_regimeC,14.756736788839289,46.6952033464143,24.2577814068983,73.09633114227141,False
D2_M1_recovery,M1_autonomous_Schaefer,11.8,34,M3_AR_residual,14.979997264881522,46.676534829714264,24.2577814068983,73.09633114227141,False
D2_M1_recovery,M1_autonomous_Schaefer,11.8,34,M4_delayed_info,14.89456756718897,46.498835776207734,24.2577814068983,73.09633114227141,False
D2_M1_recovery,M1_autonomous_Schaefer,11.8,35,M1_autonomous_Schaefer,14.661148429936276,84.15561758872272,25.641941579388487,87.03218189778995,False
D2_M1_recovery,M1_autonomous_Schaefer,11.8,35,M1b_autonomous_Allee,22.632278948163638,82.8782371665888,25.641941579388487,87.03218189778995,False
D2_M1_recovery,M1_autonomous_Schaefer,11.8,35,M2_stockflow_regimeC,14.661148429936276,84.15561758872272,25.641941579388487,87.03218189778995,False
D2_M1_recovery,M1_autonomous_Schaefer,11.8,35,M3_AR_residual,15.23291684784611,84.50124012060743,25.641941579388487,87.03218189778995,False
D2_M1_recovery,M1_autonomous_Schaefer,11.8,35,M4_delayed_info,16.214381550717672,83.28836254349875,25.641941579388487,87.03218189778995,False
D2_M1_recovery,M1_autonomous_Schaefer,11.8,36,M1_autonomous_Schaefer,17.44012670309846,73.72952514332079,25.994834813688637,104.71617978370041,True
D2_M1_recovery,M1_autonomous_Schaefer,11.8,36,M1b_autonomous_Allee,31.70548007751796,93.93798239835972,25.994834813688637,104.71617978370041,False
D2_M1_recovery,M1_autonomous_Schaefer,11.8,36,M2_stockflow_regimeC,17.44012670309846,73.72952514332079,25.994834813688637,104.71617978370041,False
D2_M1_recovery,M1_autonomous_Schaefer,11.8,36,M3_AR_residual,17.18924798932671,73.5490293882742,25.994834813688637,104.71617978370041,False
D2_M1_recovery,M1_autonomous_Schaefer,11.8,36,M4_delayed_info,19.81723059268226,73.86622398354942,25.994834813688637,104.71617978370041,False
D2_M1_recovery,M1_autonomous_Schaefer,11.8,37,M1_autonomous_Schaefer,13.614337881407923,30.354956129775307,24.02805905727249,72.53061846250505,True
D2_M1_recovery,M1_autonomous_Schaefer,11.8,37,M1b_autonomous_Allee,28.657059722178687,75.46297144009515,24.02805905727249,72.53061846250505,False
D2_M1_recovery,M1_autonomous_Schaefer,11.8,37,M2_stockflow_regimeC,13.614337881407923,30.354956129775307,24.02805905727249,72.53061846250505,False
D2_M1_recovery,M1_autonomous_Schaefer,11.8,37,M3_AR_residual,13.819318012802151,30.33033468159682,24.02805905727249,72.53061846250505,False
D2_M1_recovery,M1_autonomous_Schaefer,11.8,37,M4_delayed_info,15.090429087666884,30.267394578919617,24.02805905727249,72.53061846250505,False
D2_M1_recovery,M1_autonomous_Schaefer,11.8,38,M1_autonomous_Schaefer,14.264386653986426,48.02104056825727,24.650479205715364,84.2162581150007,True
D2_M1_recovery,M1_autonomous_Schaefer,11.8,38,M1b_autonomous_Allee,21.89539147063846,63.03995817885811,24.650479205715364,84.2162581150007,False
D2_M1_recovery,M1_autonomous_Schaefer,11.8,38,M2_stockflow_regimeC,14.264386653986426,48.02104056825727,24.650479205715364,84.2162581150007,False
D2_M1_recovery,M1_autonomous_Schaefer,11.8,38,M3_AR_residual,15.026864688457946,48.119565092901844,24.650479205715364,84.2162581150007,False
D2_M1_recovery,M1_autonomous_Schaefer,11.8,38,M4_delayed_info,17.48580342277654,48.234492871652336,24.650479205715364,84.2162581150007,False
D2_M1_recovery,M1_autonomous_Schaefer,11.8,39,M1_autonomous_Schaefer,13.004668708582777,33.45473654617603,25.666791210445375,101.1022435177309,True
D2_M1_recovery,M1_autonomous_Schaefer,11.8,39,M1b_autonomous_Allee,21.163105426066537,79.03560901001711,25.666791210445375,101.1022435177309,False
D2_M1_recovery,M1_autonomous_Schaefer,11.8,39,M2_stockflow_regimeC,13.004668708582777,33.45473654617603,25.666791210445375,101.1022435177309,False
D2_M1_recovery,M1_autonomous_Schaefer,11.8,39,M3_AR_residual,12.782835968627982,33.30412935933925,25.666791210445375,101.1022435177309,False
D2_M1_recovery,M1_autonomous_Schaefer,11.8,39,M4_delayed_info,15.706161325843164,33.96822300851396,25.666791210445375,101.1022435177309,False
D2_M1_recovery,M1_autonomous_Schaefer,11.8,40,M1_autonomous_Schaefer,14.580531602292513,40.459585697247945,27.250550636253752,96.50289532162545,True
D2_M1_recovery,M1_autonomous_Schaefer,11.8,40,M1b_autonomous_Allee,23.290620215749534,80.38815019061477,27.250550636253752,96.50289532162545,False
D2_M1_recovery,M1_autonomous_Schaefer,11.8,40,M2_stockflow_regimeC,14.580531602292513,40.459585697247945,27.250550636253752,96.50289532162545,False
D2_M1_recovery,M1_autonomous_Schaefer,11.8,40,M3_AR_residual,15.124153874480145,40.495119613015866,27.250550636253752,96.50289532162545,False
D2_M1_recovery,M1_autonomous_Schaefer,11.8,40,M4_delayed_info,16.246250542455748,40.491569457107715,27.250550636253752,96.50289532162545,False
D2_M1_recovery,M1_autonomous_Schaefer,11.8,41,M1_autonomous_Schaefer,16.29516600273349,52.259768435356136,26.91415164204958,101.37177495334781,True
D2_M1_recovery,M1_autonomous_Schaefer,11.8,41,M1b_autonomous_Allee,25.056202482491145,96.34109997384974,26.91415164204958,101.37177495334781,False
D2_M1_recovery,M1_autonomous_Schaefer,11.8,41,M2_stockflow_regimeC,16.29516600273349,52.259768435356136,26.91415164204958,101.37177495334781,False
D2_M1_recovery,M1_autonomous_Schaefer,11.8,41,M3_AR_residual,16.458951176082408,52.19114686272837,26.91415164204958,101.37177495334781,False
D2_M1_recovery,M1_autonomous_Schaefer,11.8,41,M4_delayed_info,18.640068218039232,52.19845377834448,26.91415164204958,101.37177495334781,False
D2_M1_recovery,M1_autonomous_Schaefer,11.8,42,M1_autonomous_Schaefer,17.55184541488352,46.06605635434203,22.512310268230888,70.01072608094186,True
D2_M1_recovery,M1_autonomous_Schaefer,11.8,42,M1b_autonomous_Allee,27.72432073327184,72.33196616210559,22.512310268230888,70.01072608094186,False
D2_M1_recovery,M1_autonomous_Schaefer,11.8,42,M2_stockflow_regimeC,17.55184541488352,46.06605635434203,22.512310268230888,70.01072608094186,False
D2_M1_recovery,M1_autonomous_Schaefer,11.8,42,M3_AR_residual,18.341132087408067,46.0963529214889,22.512310268230888,70.01072608094186,False
D2_M1_recovery,M1_autonomous_Schaefer,11.8,42,M4_delayed_info,20.057878936516158,46.0894099090452,22.512310268230888,70.01072608094186,False
D2_M1_recovery,M1_autonomous_Schaefer,11.8,43,M1_autonomous_Schaefer,14.92161402646229,25.89440968105084,20.668306035554526,51.58703972692398,True
D2_M1_recovery,M1_autonomous_Schaefer,11.8,43,M1b_autonomous_Allee,30.899127931089787,57.324300443521615,20.668306035554526,51.58703972692398,False
D2_M1_recovery,M1_autonomous_Schaefer,11.8,43,M2_stockflow_regimeC,14.92161402646229,25.89440968105084,20.668306035554526,51.58703972692398,False
D2_M1_recovery,M1_autonomous_Schaefer,11.8,43,M3_AR_residual,15.041859202890251,25.974280264138557,20.668306035554526,51.58703972692398,False
D2_M1_recovery,M1_autonomous_Schaefer,11.8,43,M4_delayed_info,15.089944297239477,25.753848065462016,20.668306035554526,51.58703972692398,False
D2_M1_recovery,M1_autonomous_Schaefer,11.8,44,M1_autonomous_Schaefer,15.02933222927701,56.464288162233466,22.85327823072239,82.12909019333584,True
D2_M1_recovery,M1_autonomous_Schaefer,11.8,44,M1b_autonomous_Allee,25.29084068878214,78.28690077610744,22.85327823072239,82.12909019333584,False
D2_M1_recovery,M1_autonomous_Schaefer,11.8,44,M2_stockflow_regimeC,15.02933222927701,56.464288162233466,22.85327823072239,82.12909019333584,False
D2_M1_recovery,M1_autonomous_Schaefer,11.8,44,M3_AR_residual,15.233410149322458,56.535480619714,22.85327823072239,82.12909019333584,False
D2_M1_recovery,M1_autonomous_Schaefer,11.8,44,M4_delayed_info,15.988516552023935,56.54958851550957,22.85327823072239,82.12909019333584,False
D2_M1_recovery,M1_autonomous_Schaefer,11.8,45,M1_autonomous_Schaefer,19.285049955866334,80.17689156114126,28.068018217363814,131.4143463580615,True
D2_M1_recovery,M1_autonomous_Schaefer,11.8,45,M1b_autonomous_Allee,22.836947818864747,106.13971517715305,28.068018217363814,131.4143463580615,False
D2_M1_recovery,M1_autonomous_Schaefer,11.8,45,M2_stockflow_regimeC,19.285049955866334,80.17689156114126,28.068018217363814,131.4143463580615,False
D2_M1_recovery,M1_autonomous_Schaefer,11.8,45,M3_AR_residual,19.826438593295304,80.17140097816902,28.068018217363814,131.4143463580615,False
D2_M1_recovery,M1_autonomous_Schaefer,11.8,45,M4_delayed_info,17.531426077557278,79.9992913867089,28.068018217363814,131.4143463580615,False
D2_M1_recovery,M1_autonomous_Schaefer,11.8,46,M1_autonomous_Schaefer,15.755086717768028,37.00181090781237,26.934065762807947,96.77323702557652,True
D2_M1_recovery,M1_autonomous_Schaefer,11.8,46,M1b_autonomous_Allee,28.860637661227805,89.42140201513554,26.934065762807947,96.77323702557652,False
D2_M1_recovery,M1_autonomous_Schaefer,11.8,46,M2_stockflow_regimeC,15.755086717768028,37.00181090781237,26.934065762807947,96.77323702557652,False
D2_M1_recovery,M1_autonomous_Schaefer,11.8,46,M3_AR_residual,14.929446311880275,36.822865336471956,26.934065762807947,96.77323702557652,False
D2_M1_recovery,M1_autonomous_Schaefer,11.8,46,M4_delayed_info,19.11929476186543,36.78026465073283,26.934065762807947,96.77323702557652,False
D2_M1_recovery,M1_autonomous_Schaefer,11.8,47,M1_autonomous_Schaefer,21.02016075558941,136.71697518781195,27.801993252853055,95.12408372995776,False
D2_M1_recovery,M1_autonomous_Schaefer,11.8,47,M1b_autonomous_Allee,36.32528685056756,71.01289353098396,27.801993252853055,95.12408372995776,False
D2_M1_recovery,M1_autonomous_Schaefer,11.8,47,M2_stockflow_regimeC,21.02016075558941,136.71697518781195,27.801993252853055,95.12408372995776,False
D2_M1_recovery,M1_autonomous_Schaefer,11.8,47,M3_AR_residual,21.497950709133217,136.5948183279992,27.801993252853055,95.12408372995776,False
D2_M1_recovery,M1_autonomous_Schaefer,11.8,47,M4_delayed_info,25.329089889023088,135.24426585774304,27.801993252853055,95.12408372995776,False
D2_M1_recovery,M1_autonomous_Schaefer,11.8,48,M1_autonomous_Schaefer,20.29738762845702,68.78087740606183,27.77023490117393,100.21418194670295,True
D2_M1_recovery,M1_autonomous_Schaefer,11.8,48,M1b_autonomous_Allee,30.60907772360813,91.65734853121909,27.77023490117393,100.21418194670295,False
D2_M1_recovery,M1_autonomous_Schaefer,11.8,48,M2_stockflow_regimeC,20.29738762845702,68.78087740606183,27.77023490117393,100.21418194670295,False
D2_M1_recovery,M1_autonomous_Schaefer,11.8,48,M3_AR_residual,20.71998947882231,68.82994438396071,27.77023490117393,100.21418194670295,False
D2_M1_recovery,M1_autonomous_Schaefer,11.8,48,M4_delayed_info,24.32726180833812,68.81658644545846,27.77023490117393,100.21418194670295,False
D2_M1_recovery,M1_autonomous_Schaefer,11.8,49,M1_autonomous_Schaefer,17.139472631281443,75.44126689276877,30.605481731382127,139.4432803361237,True
D2_M1_recovery,M1_autonomous_Schaefer,11.8,49,M1b_autonomous_Allee,32.22039710686491,93.9702082565325,30.605481731382127,139.4432803361237,False
D2_M1_recovery,M1_autonomous_Schaefer,11.8,49,M2_stockflow_regimeC,17.139472631281443,75.44126689276877,30.605481731382127,139.4432803361237,False
D2_M1_recovery,M1_autonomous_Schaefer,11.8,49,M3_AR_residual,16.941661420655098,76.0299718427917,30.605481731382127,139.4432803361237,False
D2_M1_recovery,M1_autonomous_Schaefer,11.8,49,M4_delayed_info,19.13293175229041,69.81317722539895,30.605481731382127,139.4432803361237,False
D2_M1_recovery,M1_autonomous_Schaefer,11.8,50,M1_autonomous_Schaefer,14.443297547427958,52.69781888041549,25.984018808921757,118.07109344952089,True
D2_M1_recovery,M1_autonomous_Schaefer,11.8,50,M1b_autonomous_Allee,27.795940209733516,113.42537591055208,25.984018808921757,118.07109344952089,False
D2_M1_recovery,M1_autonomous_Schaefer,11.8,50,M2_stockflow_regimeC,14.443297547427958,52.69781888041549,25.984018808921757,118.07109344952089,False
D2_M1_recovery,M1_autonomous_Schaefer,11.8,50,M3_AR_residual,15.767414139331114,52.761670648675256,25.984018808921757,118.07109344952089,False
D2_M1_recovery,M1_autonomous_Schaefer,11.8,50,M4_delayed_info,18.4408668092284,53.28119789895394,25.984018808921757,118.07109344952089,False
D2_M1_recovery,M1_autonomous_Schaefer,11.8,51,M1_autonomous_Schaefer,18.97556870216529,154.70586097032216,25.948543618735144,92.53432752118711,False
D2_M1_recovery,M1_autonomous_Schaefer,11.8,51,M1b_autonomous_Allee,35.5688072328489,94.51183261715582,25.948543618735144,92.53432752118711,False
D2_M1_recovery,M1_autonomous_Schaefer,11.8,51,M2_stockflow_regimeC,18.97556870216529,154.70586097032216,25.948543618735144,92.53432752118711,False
D2_M1_recovery,M1_autonomous_Schaefer,11.8,51,M3_AR_residual,19.279198133958626,155.49406980101097,25.948543618735144,92.53432752118711,False
D2_M1_recovery,M1_autonomous_Schaefer,11.8,51,M4_delayed_info,20.623853413096587,136.10717267551559,25.948543618735144,92.53432752118711,False
D2_M1_recovery,M1_autonomous_Schaefer,11.8,52,M1_autonomous_Schaefer,10.281726086460596,102.62727814779987,24.037717758085666,84.68878892494043,False
D2_M1_recovery,M1_autonomous_Schaefer,11.8,52,M1b_autonomous_Allee,24.356233746905623,79.21490472450952,24.037717758085666,84.68878892494043,False
D2_M1_recovery,M1_autonomous_Schaefer,11.8,52,M2_stockflow_regimeC,10.281726086460596,102.62727814779987,24.037717758085666,84.68878892494043,False
D2_M1_recovery,M1_autonomous_Schaefer,11.8,52,M3_AR_residual,10.676915280005764,101.07201652045673,24.037717758085666,84.68878892494043,False
D2_M1_recovery,M1_autonomous_Schaefer,11.8,52,M4_delayed_info,12.651585817057862,95.63140754741596,24.037717758085666,84.68878892494043,False
D2_M1_recovery,M1_autonomous_Schaefer,11.8,53,M1_autonomous_Schaefer,15.675990229840615,144.94739845923283,27.52446271460154,115.96986644678178,False
D2_M1_recovery,M1_autonomous_Schaefer,11.8,53,M1b_autonomous_Allee,29.693407630052594,105.03663351861941,27.52446271460154,115.96986644678178,False
D2_M1_recovery,M1_autonomous_Schaefer,11.8,53,M2_stockflow_regimeC,15.675990229840615,144.94739845923283,27.52446271460154,115.96986644678178,False
D2_M1_recovery,M1_autonomous_Schaefer,11.8,53,M3_AR_residual,16.072851223824966,144.34290001237198,27.52446271460154,115.96986644678178,False
D2_M1_recovery,M1_autonomous_Schaefer,11.8,53,M4_delayed_info,18.076080008015385,141.13279825294362,27.52446271460154,115.96986644678178,False
D2_M1_recovery,M1_autonomous_Schaefer,11.8,54,M1_autonomous_Schaefer,15.35090334248761,128.20680825096116,29.10992853472578,116.98617390638508,False
D2_M1_recovery,M1_autonomous_Schaefer,11.8,54,M1b_autonomous_Allee,23.05550377117266,93.43945098482966,29.10992853472578,116.98617390638508,False
D2_M1_recovery,M1_autonomous_Schaefer,11.8,54,M2_stockflow_regimeC,15.35090334248761,128.20680825096116,29.10992853472578,116.98617390638508,False
D2_M1_recovery,M1_autonomous_Schaefer,11.8,54,M3_AR_residual,15.359063917006909,123.94571810909844,29.10992853472578,116.98617390638508,False
D2_M1_recovery,M1_autonomous_Schaefer,11.8,54,M4_delayed_info,16.20531746373138,113.41844617518075,29.10992853472578,116.98617390638508,False
D2_M1_recovery,M1_autonomous_Schaefer,11.8,55,M1_autonomous_Schaefer,15.55183405247597,52.21517878116186,25.447114501669287,97.0309607592879,True
D2_M1_recovery,M1_autonomous_Schaefer,11.8,55,M1b_autonomous_Allee,29.703387512284962,85.41776182803827,25.447114501669287,97.0309607592879,False
D2_M1_recovery,M1_autonomous_Schaefer,11.8,55,M2_stockflow_regimeC,15.55183405247597,52.21517878116186,25.447114501669287,97.0309607592879,False
D2_M1_recovery,M1_autonomous_Schaefer,11.8,55,M3_AR_residual,15.853695439979028,52.2154730481827,25.447114501669287,97.0309607592879,False
D2_M1_recovery,M1_autonomous_Schaefer,11.8,55,M4_delayed_info,17.50981927495521,52.267231092592795,25.447114501669287,97.0309607592879,False
D2_M1_recovery,M1_autonomous_Schaefer,11.8,56,M1_autonomous_Schaefer,18.57577553349589,36.37737522625037,25.846365567474948,73.98533314253729,True
D2_M1_recovery,M1_autonomous_Schaefer,11.8,56,M1b_autonomous_Allee,34.38746134866465,83.42508409661701,25.846365567474948,73.98533314253729,False
D2_M1_recovery,M1_autonomous_Schaefer,11.8,56,M2_stockflow_regimeC,18.57577553349589,36.37737522625037,25.846365567474948,73.98533314253729,False
D2_M1_recovery,M1_autonomous_Schaefer,11.8,56,M3_AR_residual,18.849066281165197,36.35670951779736,25.846365567474948,73.98533314253729,False
D2_M1_recovery,M1_autonomous_Schaefer,11.8,56,M4_delayed_info,21.809794952882648,36.55147379891712,25.846365567474948,73.98533314253729,False
D2_M1_recovery,M1_autonomous_Schaefer,11.8,57,M1_autonomous_Schaefer,17.590862745693848,172.3803343085154,26.841230092421146,97.42732111912288,False
D2_M1_recovery,M1_autonomous_Schaefer,11.8,57,M1b_autonomous_Allee,23.96976964297377,66.97578120354689,26.841230092421146,97.42732111912288,False
D2_M1_recovery,M1_autonomous_Schaefer,11.8,57,M2_stockflow_regimeC,17.590862745693848,172.3803343085154,26.841230092421146,97.42732111912288,False
D2_M1_recovery,M1_autonomous_Schaefer,11.8,57,M3_AR_residual,17.979447765321773,172.33483649752242,26.841230092421146,97.42732111912288,False
D2_M1_recovery,M1_autonomous_Schaefer,11.8,57,M4_delayed_info,20.502850953280593,172.1837139362489,26.841230092421146,97.42732111912288,False
D2_M1_recovery,M1_autonomous_Schaefer,11.8,58,M1_autonomous_Schaefer,15.174047995213188,107.48159984682614,26.335053900694415,107.01306657158699,False
D2_M1_recovery,M1_autonomous_Schaefer,11.8,58,M1b_autonomous_Allee,31.53622696653662,108.11904151244369,26.335053900694415,107.01306657158699,False
D2_M1_recovery,M1_autonomous_Schaefer,11.8,58,M2_stockflow_regimeC,15.174047995213188,107.48159984682614,26.335053900694415,107.01306657158699,False
D2_M1_recovery,M1_autonomous_Schaefer,11.8,58,M3_AR_residual,15.364329601433552,106.30904578586959,26.335053900694415,107.01306657158699,False
D2_M1_recovery,M1_autonomous_Schaefer,11.8,58,M4_delayed_info,15.468140079867673,97.88510914917667,26.335053900694415,107.01306657158699,False
D2_M1_recovery,M1_autonomous_Schaefer,11.8,59,M1_autonomous_Schaefer,13.364408129730217,64.42175969806736,25.849307154570962,95.48927378655705,True
D2_M1_recovery,M1_autonomous_Schaefer,11.8,59,M1b_autonomous_Allee,23.78540994728028,86.02615146192146,25.849307154570962,95.48927378655705,False
D2_M1_recovery,M1_autonomous_Schaefer,11.8,59,M2_stockflow_regimeC,13.364408129730217,64.42175969806736,25.849307154570962,95.48927378655705,False
D2_M1_recovery,M1_autonomous_Schaefer,11.8,59,M3_AR_residual,13.667995546924539,65.13142027094717,25.849307154570962,95.48927378655705,False
D2_M1_recovery,M1_autonomous_Schaefer,11.8,59,M4_delayed_info,15.263202762940956,63.77049548306254,25.849307154570962,95.48927378655705,False
D2_M1_recovery,M1_autonomous_Schaefer,11.8,60,M1_autonomous_Schaefer,16.05115628902583,43.9410626463855,24.288794340460008,86.53840301259596,True
D2_M1_recovery,M1_autonomous_Schaefer,11.8,60,M1b_autonomous_Allee,33.04635979296673,97.4624270268514,24.288794340460008,86.53840301259596,False
D2_M1_recovery,M1_autonomous_Schaefer,11.8,60,M2_stockflow_regimeC,16.05115628902583,43.9410626463855,24.288794340460008,86.53840301259596,False
D2_M1_recovery,M1_autonomous_Schaefer,11.8,60,M3_AR_residual,16.604700913190193,44.07975939606006,24.288794340460008,86.53840301259596,False
D2_M1_recovery,M1_autonomous_Schaefer,11.8,60,M4_delayed_info,18.1737405868289,43.903754283020724,24.288794340460008,86.53840301259596,False
D2_M1_recovery,M1_autonomous_Schaefer,11.8,61,M1_autonomous_Schaefer,12.441184935887433,35.74770310794814,24.44445211424713,80.31366173035958,True
D2_M1_recovery,M1_autonomous_Schaefer,11.8,61,M1b_autonomous_Allee,22.5500428009042,69.01014265680054,24.44445211424713,80.31366173035958,False
D2_M1_recovery,M1_autonomous_Schaefer,11.8,61,M2_stockflow_regimeC,12.441184935887433,35.74770310794814,24.44445211424713,80.31366173035958,False
D2_M1_recovery,M1_autonomous_Schaefer,11.8,61,M3_AR_residual,13.148466657893097,35.779428819255685,24.44445211424713,80.31366173035958,False
D2_M1_recovery,M1_autonomous_Schaefer,11.8,61,M4_delayed_info,14.359727850094956,35.68015857107494,24.44445211424713,80.31366173035958,False
D2_M1_recovery,M1_autonomous_Schaefer,11.8,62,M1_autonomous_Schaefer,15.084725950351483,59.790265546315055,25.58066494403633,99.3615784484859,True
D2_M1_recovery,M1_autonomous_Schaefer,11.8,62,M1b_autonomous_Allee,21.54565095510472,75.70032483388981,25.58066494403633,99.3615784484859,False
D2_M1_recovery,M1_autonomous_Schaefer,11.8,62,M2_stockflow_regimeC,15.084725950351483,59.790265546315055,25.58066494403633,99.3615784484859,False
D2_M1_recovery,M1_autonomous_Schaefer,11.8,62,M3_AR_residual,15.426678014664086,59.81327550084655,25.58066494403633,99.3615784484859,False
D2_M1_recovery,M1_autonomous_Schaefer,11.8,62,M4_delayed_info,17.579399609303294,59.48542105049428,25.58066494403633,99.3615784484859,False
D2_M1_recovery,M1_autonomous_Schaefer,11.8,63,M1_autonomous_Schaefer,15.23105801634865,52.422490615502376,21.203436396009103,72.1275012235415,True
D2_M1_recovery,M1_autonomous_Schaefer,11.8,63,M1b_autonomous_Allee,27.003629839944356,67.72913121186349,21.203436396009103,72.1275012235415,False
D2_M1_recovery,M1_autonomous_Schaefer,11.8,63,M2_stockflow_regimeC,15.23105801634865,52.422490615502376,21.203436396009103,72.1275012235415,False
D2_M1_recovery,M1_autonomous_Schaefer,11.8,63,M3_AR_residual,15.67426553843227,52.42855110631609,21.203436396009103,72.1275012235415,False
D2_M1_recovery,M1_autonomous_Schaefer,11.8,63,M4_delayed_info,18.238330417886388,52.63393646198259,21.203436396009103,72.1275012235415,False
D2_M1_recovery,M1_autonomous_Schaefer,11.8,64,M1_autonomous_Schaefer,14.716907969741035,48.64165744755454,24.238362458524385,90.62249815206057,True
D2_M1_recovery,M1_autonomous_Schaefer,11.8,64,M1b_autonomous_Allee,30.333071460145923,99.40084499424553,24.238362458524385,90.62249815206057,False
D2_M1_recovery,M1_autonomous_Schaefer,11.8,64,M2_stockflow_regimeC,14.716907969741035,48.64165744755454,24.238362458524385,90.62249815206057,False
D2_M1_recovery,M1_autonomous_Schaefer,11.8,64,M3_AR_residual,15.312183977372177,48.75545987790237,24.238362458524385,90.62249815206057,False
D2_M1_recovery,M1_autonomous_Schaefer,11.8,64,M4_delayed_info,19.33164947328329,49.06778840465074,24.238362458524385,90.62249815206057,False
D2_M1_recovery,M1_autonomous_Schaefer,11.8,65,M1_autonomous_Schaefer,15.83427171717355,26.19032484411799,24.109420759005623,66.86293531048209,True
D2_M1_recovery,M1_autonomous_Schaefer,11.8,65,M1b_autonomous_Allee,34.49761445302996,74.88218104024,24.109420759005623,66.86293531048209,False
D2_M1_recovery,M1_autonomous_Schaefer,11.8,65,M2_stockflow_regimeC,15.83427171717355,26.19032484411799,24.109420759005623,66.86293531048209,False
D2_M1_recovery,M1_autonomous_Schaefer,11.8,65,M3_AR_residual,15.856742018858032,26.196005936849286,24.109420759005623,66.86293531048209,False
D2_M1_recovery,M1_autonomous_Schaefer,11.8,65,M4_delayed_info,17.958997961448848,26.254672229128175,24.109420759005623,66.86293531048209,False
D2_M1_recovery,M1_autonomous_Schaefer,11.8,66,M1_autonomous_Schaefer,17.943767925271704,48.403848994301484,24.769233888773023,77.6500966606431,True
D2_M1_recovery,M1_autonomous_Schaefer,11.8,66,M1b_autonomous_Allee,28.06539308522604,68.72919893169659,24.769233888773023,77.6500966606431,False
D2_M1_recovery,M1_autonomous_Schaefer,11.8,66,M2_stockflow_regimeC,17.943767925271704,48.403848994301484,24.769233888773023,77.6500966606431,False
D2_M1_recovery,M1_autonomous_Schaefer,11.8,66,M3_AR_residual,18.689463635686337,48.384309839720494,24.769233888773023,77.6500966606431,False
D2_M1_recovery,M1_autonomous_Schaefer,11.8,66,M4_delayed_info,20.156807899048317,47.947047556223154,24.769233888773023,77.6500966606431,False
D2_M1_recovery,M1_autonomous_Schaefer,11.8,67,M1_autonomous_Schaefer,19.57441765057558,74.62776009128424,27.326315404781205,105.2949231213782,True
D2_M1_recovery,M1_autonomous_Schaefer,11.8,67,M1b_autonomous_Allee,32.00446238496907,110.11722422341884,27.326315404781205,105.2949231213782,False
D2_M1_recovery,M1_autonomous_Schaefer,11.8,67,M2_stockflow_regimeC,19.57441765057558,74.62776009128424,27.326315404781205,105.2949231213782,False
D2_M1_recovery,M1_autonomous_Schaefer,11.8,67,M3_AR_residual,20.130838203003613,74.60912536294893,27.326315404781205,105.2949231213782,False
D2_M1_recovery,M1_autonomous_Schaefer,11.8,67,M4_delayed_info,21.75381539725143,74.5300137571214,27.326315404781205,105.2949231213782,False
D2_M1_recovery,M1_autonomous_Schaefer,11.8,68,M1_autonomous_Schaefer,15.73703188835178,55.800594676650995,25.29233584378459,82.9355601609022,True
D2_M1_recovery,M1_autonomous_Schaefer,11.8,68,M1b_autonomous_Allee,26.931173072550052,83.08278265131428,25.29233584378459,82.9355601609022,False
D2_M1_recovery,M1_autonomous_Schaefer,11.8,68,M2_stockflow_regimeC,15.73703188835178,55.800594676650995,25.29233584378459,82.9355601609022,False
D2_M1_recovery,M1_autonomous_Schaefer,11.8,68,M3_AR_residual,15.95177832703423,55.75071577080572,25.29233584378459,82.9355601609022,False
D2_M1_recovery,M1_autonomous_Schaefer,11.8,68,M4_delayed_info,18.645007992360323,55.70264686124397,25.29233584378459,82.9355601609022,False
D2_M1_recovery,M1_autonomous_Schaefer,11.8,69,M1_autonomous_Schaefer,16.125055786775068,56.352334208113135,24.58314532697793,86.27025250541574,True
D2_M1_recovery,M1_autonomous_Schaefer,11.8,69,M1b_autonomous_Allee,24.288988114886273,77.13671944785345,24.58314532697793,86.27025250541574,False
D2_M1_recovery,M1_autonomous_Schaefer,11.8,69,M2_stockflow_regimeC,16.125055786775068,56.352334208113135,24.58314532697793,86.27025250541574,False
D2_M1_recovery,M1_autonomous_Schaefer,11.8,69,M3_AR_residual,16.139199782250145,55.70683218149953,24.58314532697793,86.27025250541574,False
D2_M1_recovery,M1_autonomous_Schaefer,11.8,69,M4_delayed_info,18.86909995683332,54.32364641055826,24.58314532697793,86.27025250541574,False
D2_M1_recovery,M1_autonomous_Schaefer,11.8,70,M1_autonomous_Schaefer,15.737120220143305,55.854061107528395,19.437088872403745,67.7822937900218,True
D2_M1_recovery,M1_autonomous_Schaefer,11.8,70,M1b_autonomous_Allee,22.019161841516215,74.20718354321848,19.437088872403745,67.7822937900218,False
D2_M1_recovery,M1_autonomous_Schaefer,11.8,70,M2_stockflow_regimeC,15.737120220143305,55.854061107528395,19.437088872403745,67.7822937900218,False
D2_M1_recovery,M1_autonomous_Schaefer,11.8,70,M3_AR_residual,15.649163657663843,55.76070226907488,19.437088872403745,67.7822937900218,False
D2_M1_recovery,M1_autonomous_Schaefer,11.8,70,M4_delayed_info,17.92943550625067,56.06398969755959,19.437088872403745,67.7822937900218,False
D2_M1_recovery,M1_autonomous_Schaefer,11.8,71,M1_autonomous_Schaefer,14.053864934815758,56.15585651098195,26.589913039071018,112.56828143581455,True
D2_M1_recovery,M1_autonomous_Schaefer,11.8,71,M1b_autonomous_Allee,25.26958946714536,97.0300700096346,26.589913039071018,112.56828143581455,False
D2_M1_recovery,M1_autonomous_Schaefer,11.8,71,M2_stockflow_regimeC,14.053864934815758,56.15585651098195,26.589913039071018,112.56828143581455,False
D2_M1_recovery,M1_autonomous_Schaefer,11.8,71,M3_AR_residual,14.6635849913967,55.85186634633095,26.589913039071018,112.56828143581455,False
D2_M1_recovery,M1_autonomous_Schaefer,11.8,71,M4_delayed_info,16.1383062195557,54.656008002500435,26.589913039071018,112.56828143581455,False
D2_M1_recovery,M1_autonomous_Schaefer,11.8,72,M1_autonomous_Schaefer,17.079919400160314,34.44956735470938,26.303271693575745,88.20802767904418,True
D2_M1_recovery,M1_autonomous_Schaefer,11.8,72,M1b_autonomous_Allee,25.87283314850398,66.78747145573614,26.303271693575745,88.20802767904418,False
D2_M1_recovery,M1_autonomous_Schaefer,11.8,72,M2_stockflow_regimeC,17.079919400160314,34.44956735470938,26.303271693575745,88.20802767904418,False
D2_M1_recovery,M1_autonomous_Schaefer,11.8,72,M3_AR_residual,17.373045426588263,34.23921585325364,26.303271693575745,88.20802767904418,False
D2_M1_recovery,M1_autonomous_Schaefer,11.8,72,M4_delayed_info,18.236347726532816,33.42090201689479,26.303271693575745,88.20802767904418,False
D2_M1_recovery,M1_autonomous_Schaefer,11.8,73,M1_autonomous_Schaefer,12.199767332441825,39.05368892667373,19.976261782065514,60.80634720429277,True
D2_M1_recovery,M1_autonomous_Schaefer,11.8,73,M1b_autonomous_Allee,25.889457459245303,66.25969481545785,19.976261782065514,60.80634720429277,False
D2_M1_recovery,M1_autonomous_Schaefer,11.8,73,M2_stockflow_regimeC,12.199767332441825,39.05368892667373,19.976261782065514,60.80634720429277,False
D2_M1_recovery,M1_autonomous_Schaefer,11.8,73,M3_AR_residual,12.518079314623519,39.100786949165226,19.976261782065514,60.80634720429277,False
D2_M1_recovery,M1_autonomous_Schaefer,11.8,73,M4_delayed_info,13.182570895824748,39.17991595988428,19.976261782065514,60.80634720429277,False
D2_M1_recovery,M1_autonomous_Schaefer,11.8,74,M1_autonomous_Schaefer,14.769964439326811,100.48663525106082,27.076400261918952,113.06582845517829,True
D2_M1_recovery,M1_autonomous_Schaefer,11.8,74,M1b_autonomous_Allee,29.166251082519487,106.51543749587263,27.076400261918952,113.06582845517829,False
D2_M1_recovery,M1_autonomous_Schaefer,11.8,74,M2_stockflow_regimeC,14.769964439326811,100.48663525106082,27.076400261918952,113.06582845517829,False
D2_M1_recovery,M1_autonomous_Schaefer,11.8,74,M3_AR_residual,15.007324251756778,99.09352789650718,27.076400261918952,113.06582845517829,False
D2_M1_recovery,M1_autonomous_Schaefer,11.8,74,M4_delayed_info,16.369268013887165,92.3547884010358,27.076400261918952,113.06582845517829,False
D2_M1_recovery,M1_autonomous_Schaefer,11.8,75,M1_autonomous_Schaefer,11.773015544881886,22.41786353402434,23.11107653511002,65.30287611546206,True
D2_M1_recovery,M1_autonomous_Schaefer,11.8,75,M1b_autonomous_Allee,27.057586063252195,72.49147962056134,23.11107653511002,65.30287611546206,False
D2_M1_recovery,M1_autonomous_Schaefer,11.8,75,M2_stockflow_regimeC,11.773015544881886,22.41786353402434,23.11107653511002,65.30287611546206,False
D2_M1_recovery,M1_autonomous_Schaefer,11.8,75,M3_AR_residual,11.812218986998275,22.33847699859428,23.11107653511002,65.30287611546206,False
D2_M1_recovery,M1_autonomous_Schaefer,11.8,75,M4_delayed_info,13.186257073067743,22.449919192020594,23.11107653511002,65.30287611546206,False
D2_M1_recovery,M1_autonomous_Schaefer,11.8,76,M1_autonomous_Schaefer,12.385506180880583,31.316219145001043,19.890534450473663,62.945181492123425,True
D2_M1_recovery,M1_autonomous_Schaefer,11.8,76,M1b_autonomous_Allee,26.321702629596015,57.55508383518709,19.890534450473663,62.945181492123425,False
D2_M1_recovery,M1_autonomous_Schaefer,11.8,76,M2_stockflow_regimeC,12.385506180880583,31.316219145001043,19.890534450473663,62.945181492123425,False
D2_M1_recovery,M1_autonomous_Schaefer,11.8,76,M3_AR_residual,12.557801089899112,31.243722517450433,19.890534450473663,62.945181492123425,False
D2_M1_recovery,M1_autonomous_Schaefer,11.8,76,M4_delayed_info,13.479684827689464,31.004179189493904,19.890534450473663,62.945181492123425,False
D2_M1_recovery,M1_autonomous_Schaefer,11.8,77,M1_autonomous_Schaefer,6.046491523373984,15.168616984812342,5.5257514800904115,15.387355235262513,False
D2_M1_recovery,M1_autonomous_Schaefer,11.8,77,M1b_autonomous_Allee,6.168844738719449,15.168616984812342,5.5257514800904115,15.387355235262513,False
D2_M1_recovery,M1_autonomous_Schaefer,11.8,77,M2_stockflow_regimeC,6.046491523373984,15.168616984812342,5.5257514800904115,15.387355235262513,False
D2_M1_recovery,M1_autonomous_Schaefer,11.8,77,M3_AR_residual,6.138359862244672,18.775655581771925,5.5257514800904115,15.387355235262513,False
D2_M1_recovery,M1_autonomous_Schaefer,11.8,77,M4_delayed_info,7.7251528964250165,18.2743820836983,5.5257514800904115,15.387355235262513,False
D2_M1_recovery,M1_autonomous_Schaefer,11.8,78,M1_autonomous_Schaefer,22.954825201333463,177.86956582939166,30.388258612526627,138.3595301846971,False
D2_M1_recovery,M1_autonomous_Schaefer,11.8,78,M1b_autonomous_Allee,28.461699767309288,119.12267787426158,30.388258612526627,138.3595301846971,False
D2_M1_recovery,M1_autonomous_Schaefer,11.8,78,M2_stockflow_regimeC,22.954825201333463,177.86956582939166,30.388258612526627,138.3595301846971,False
D2_M1_recovery,M1_autonomous_Schaefer,11.8,78,M3_AR_residual,24.14366234607403,176.6056210963083,30.388258612526627,138.3595301846971,False
D2_M1_recovery,M1_autonomous_Schaefer,11.8,78,M4_delayed_info,25.156276949283182,171.87058100453197,30.388258612526627,138.3595301846971,False
D2_M1_recovery,M1_autonomous_Schaefer,11.8,79,M1_autonomous_Schaefer,13.505733107796686,42.951143473291175,23.750306413841773,64.14840414234881,True
D2_M1_recovery,M1_autonomous_Schaefer,11.8,79,M1b_autonomous_Allee,20.169766505138785,58.3778965488936,23.750306413841773,64.14840414234881,False
D2_M1_recovery,M1_autonomous_Schaefer,11.8,79,M2_stockflow_regimeC,13.505733107796686,42.951143473291175,23.750306413841773,64.14840414234881,False
D2_M1_recovery,M1_autonomous_Schaefer,11.8,79,M3_AR_residual,13.877358276183703,42.86247423501939,23.750306413841773,64.14840414234881,False
D2_M1_recovery,M1_autonomous_Schaefer,11.8,79,M4_delayed_info,14.603595746076687,42.51624132460909,23.750306413841773,64.14840414234881,False
D2_M1_recovery,M1_autonomous_Schaefer,11.8,80,M1_autonomous_Schaefer,15.315116487756827,82.75689109888332,23.882845473628304,60.50849034650651,False
D2_M1_recovery,M1_autonomous_Schaefer,11.8,80,M1b_autonomous_Allee,24.597252201513992,47.53228818209914,23.882845473628304,60.50849034650651,False
D2_M1_recovery,M1_autonomous_Schaefer,11.8,80,M2_stockflow_regimeC,15.315116487756827,82.75689109888332,23.882845473628304,60.50849034650651,False
D2_M1_recovery,M1_autonomous_Schaefer,11.8,80,M3_AR_residual,14.553748493547923,83.29228463221583,23.882845473628304,60.50849034650651,False
D2_M1_recovery,M1_autonomous_Schaefer,11.8,80,M4_delayed_info,18.052918939694692,79.01652397513845,23.882845473628304,60.50849034650651,False
D2_M1_recovery,M1_autonomous_Schaefer,11.8,81,M1_autonomous_Schaefer,15.241133504481322,113.55426689715426,27.38605949090902,107.85920035596037,False
D2_M1_recovery,M1_autonomous_Schaefer,11.8,81,M1b_autonomous_Allee,33.989959899424285,110.35507825437762,27.38605949090902,107.85920035596037,False
D2_M1_recovery,M1_autonomous_Schaefer,11.8,81,M2_stockflow_regimeC,15.241133504481322,113.55426689715426,27.38605949090902,107.85920035596037,False
D2_M1_recovery,M1_autonomous_Schaefer,11.8,81,M3_AR_residual,14.907590082281654,113.26438575878095,27.38605949090902,107.85920035596037,False
D2_M1_recovery,M1_autonomous_Schaefer,11.8,81,M4_delayed_info,18.484661321899523,112.30589984617247,27.38605949090902,107.85920035596037,False
D2_M1_recovery,M1_autonomous_Schaefer,11.8,82,M1_autonomous_Schaefer,13.62181597487445,27.397206535152964,22.144072770359067,58.10624036895706,True
D2_M1_recovery,M1_autonomous_Schaefer,11.8,82,M1b_autonomous_Allee,29.537044805906337,69.16733774497507,22.144072770359067,58.10624036895706,False
D2_M1_recovery,M1_autonomous_Schaefer,11.8,82,M2_stockflow_regimeC,13.62181597487445,27.397206535152964,22.144072770359067,58.10624036895706,False
D2_M1_recovery,M1_autonomous_Schaefer,11.8,82,M3_AR_residual,14.046381688209978,27.323670434499057,22.144072770359067,58.10624036895706,False
D2_M1_recovery,M1_autonomous_Schaefer,11.8,82,M4_delayed_info,15.556828431694813,27.415188501540776,22.144072770359067,58.10624036895706,False
D2_M1_recovery,M1_autonomous_Schaefer,11.8,83,M1_autonomous_Schaefer,12.464650256762175,73.98543259642383,25.73907059566657,84.65303546602594,True
D2_M1_recovery,M1_autonomous_Schaefer,11.8,83,M1b_autonomous_Allee,25.20987201778506,84.13994483061363,25.73907059566657,84.65303546602594,False
D2_M1_recovery,M1_autonomous_Schaefer,11.8,83,M2_stockflow_regimeC,12.464650256762175,73.98543259642383,25.73907059566657,84.65303546602594,False
D2_M1_recovery,M1_autonomous_Schaefer,11.8,83,M3_AR_residual,12.802023563856123,74.08429866490556,25.73907059566657,84.65303546602594,False
D2_M1_recovery,M1_autonomous_Schaefer,11.8,83,M4_delayed_info,14.053149877190144,73.14423404248616,25.73907059566657,84.65303546602594,False
D2_M1_recovery,M1_autonomous_Schaefer,11.8,84,M1_autonomous_Schaefer,13.66938719899883,162.34329771370065,21.204802656849704,63.325972341986756,False
D2_M1_recovery,M1_autonomous_Schaefer,11.8,84,M1b_autonomous_Allee,24.999001906107054,63.070809790579965,21.204802656849704,63.325972341986756,False
D2_M1_recovery,M1_autonomous_Schaefer,11.8,84,M2_stockflow_regimeC,13.66938719899883,162.34329771370065,21.204802656849704,63.325972341986756,False
D2_M1_recovery,M1_autonomous_Schaefer,11.8,84,M3_AR_residual,13.99765458869404,161.94610731134168,21.204802656849704,63.325972341986756,False
D2_M1_recovery,M1_autonomous_Schaefer,11.8,84,M4_delayed_info,14.77831384556168,158.4291714663105,21.204802656849704,63.325972341986756,False
D2_M1_recovery,M1_autonomous_Schaefer,11.8,85,M1_autonomous_Schaefer,14.531428230095147,24.392255927498457,16.497786323076866,31.89067997959112,True
D2_M1_recovery,M1_autonomous_Schaefer,11.8,85,M1b_autonomous_Allee,27.166090811884757,39.29185208949698,16.497786323076866,31.89067997959112,False
D2_M1_recovery,M1_autonomous_Schaefer,11.8,85,M2_stockflow_regimeC,14.531428230095147,24.392255927498457,16.497786323076866,31.89067997959112,False
D2_M1_recovery,M1_autonomous_Schaefer,11.8,85,M3_AR_residual,15.400383960201305,24.405171030988974,16.497786323076866,31.89067997959112,False
D2_M1_recovery,M1_autonomous_Schaefer,11.8,85,M4_delayed_info,17.447480549452074,24.49213671823951,16.497786323076866,31.89067997959112,False
D2_M1_recovery,M1_autonomous_Schaefer,11.8,86,M1_autonomous_Schaefer,20.204735833328694,57.67107620369101,23.76084633707422,75.27444709069647,True
D2_M1_recovery,M1_autonomous_Schaefer,11.8,86,M1b_autonomous_Allee,23.992689797131234,65.05887542061261,23.76084633707422,75.27444709069647,False
D2_M1_recovery,M1_autonomous_Schaefer,11.8,86,M2_stockflow_regimeC,20.204735833328694,57.67107620369101,23.76084633707422,75.27444709069647,False
D2_M1_recovery,M1_autonomous_Schaefer,11.8,86,M3_AR_residual,20.404380742651956,57.649359178663794,23.76084633707422,75.27444709069647,False
D2_M1_recovery,M1_autonomous_Schaefer,11.8,86,M4_delayed_info,24.959469814334902,57.75184475881227,23.76084633707422,75.27444709069647,False
D2_M1_recovery,M1_autonomous_Schaefer,11.8,87,M1_autonomous_Schaefer,16.185349981072402,55.032761099393696,25.981709742839094,85.38235003642292,True
D2_M1_recovery,M1_autonomous_Schaefer,11.8,87,M1b_autonomous_Allee,27.519832901651395,88.74065456755551,25.981709742839094,85.38235003642292,False
D2_M1_recovery,M1_autonomous_Schaefer,11.8,87,M2_stockflow_regimeC,16.185349981072402,55.032761099393696,25.981709742839094,85.38235003642292,False
D2_M1_recovery,M1_autonomous_Schaefer,11.8,87,M3_AR_residual,16.433841651872214,55.018797246576135,25.981709742839094,85.38235003642292,False
D2_M1_recovery,M1_autonomous_Schaefer,11.8,87,M4_delayed_info,17.55547930577007,54.86668279550747,25.981709742839094,85.38235003642292,False
D2_M1_recovery,M1_autonomous_Schaefer,11.8,88,M1_autonomous_Schaefer,16.109492789357045,33.69670008998228,25.687253380440936,89.28156208535007,True
D2_M1_recovery,M1_autonomous_Schaefer,11.8,88,M1b_autonomous_Allee,27.673802053162248,74.74425960361216,25.687253380440936,89.28156208535007,False
D2_M1_recovery,M1_autonomous_Schaefer,11.8,88,M2_stockflow_regimeC,16.109492789357045,33.69670008998228,25.687253380440936,89.28156208535007,False
D2_M1_recovery,M1_autonomous_Schaefer,11.8,88,M3_AR_residual,16.657262421953316,33.680895031804425,25.687253380440936,89.28156208535007,False
D2_M1_recovery,M1_autonomous_Schaefer,11.8,88,M4_delayed_info,17.899167435717473,33.250517657961005,25.687253380440936,89.28156208535007,False
D2_M1_recovery,M1_autonomous_Schaefer,11.8,89,M1_autonomous_Schaefer,14.140483578895344,24.31642474635787,18.444234515053534,42.29932802618373,True
D2_M1_recovery,M1_autonomous_Schaefer,11.8,89,M1b_autonomous_Allee,28.908385171805584,55.00005903182632,18.444234515053534,42.29932802618373,False
D2_M1_recovery,M1_autonomous_Schaefer,11.8,89,M2_stockflow_regimeC,14.140483578895344,24.31642474635787,18.444234515053534,42.29932802618373,False
D2_M1_recovery,M1_autonomous_Schaefer,11.8,89,M3_AR_residual,14.01148847513778,24.001388555000215,18.444234515053534,42.29932802618373,False
D2_M1_recovery,M1_autonomous_Schaefer,11.8,89,M4_delayed_info,16.95133987831337,24.365329870028607,18.444234515053534,42.29932802618373,False
D2_M1_recovery,M1_autonomous_Schaefer,11.8,90,M1_autonomous_Schaefer,15.277744916757623,64.05863223410529,25.367179195092344,102.97228715223638,True
D2_M1_recovery,M1_autonomous_Schaefer,11.8,90,M1b_autonomous_Allee,29.745055350088176,108.14635419574742,25.367179195092344,102.97228715223638,False
D2_M1_recovery,M1_autonomous_Schaefer,11.8,90,M2_stockflow_regimeC,15.277744916757623,64.05863223410529,25.367179195092344,102.97228715223638,False
D2_M1_recovery,M1_autonomous_Schaefer,11.8,90,M3_AR_residual,15.688364532209718,64.05291355084283,25.367179195092344,102.97228715223638,False
D2_M1_recovery,M1_autonomous_Schaefer,11.8,90,M4_delayed_info,18.273166920130485,64.04841074252019,25.367179195092344,102.97228715223638,False
D2_M1_recovery,M1_autonomous_Schaefer,11.8,91,M1_autonomous_Schaefer,13.264372087682558,43.73733504325847,24.886751525880744,85.36253060659486,True
D2_M1_recovery,M1_autonomous_Schaefer,11.8,91,M1b_autonomous_Allee,29.95852288836691,90.9534468340703,24.886751525880744,85.36253060659486,False
D2_M1_recovery,M1_autonomous_Schaefer,11.8,91,M2_stockflow_regimeC,13.264372087682558,43.73733504325847,24.886751525880744,85.36253060659486,False
D2_M1_recovery,M1_autonomous_Schaefer,11.8,91,M3_AR_residual,12.688133676522071,43.65805999882674,24.886751525880744,85.36253060659486,False
D2_M1_recovery,M1_autonomous_Schaefer,11.8,91,M4_delayed_info,11.957906652173302,43.19601713270529,24.886751525880744,85.36253060659486,False
D2_M1_recovery,M1_autonomous_Schaefer,11.8,92,M1_autonomous_Schaefer,13.118002439351518,41.21172552088708,19.133361252485027,52.017396879261774,True
D2_M1_recovery,M1_autonomous_Schaefer,11.8,92,M1b_autonomous_Allee,21.868620796877014,57.66666364701444,19.133361252485027,52.017396879261774,False
D2_M1_recovery,M1_autonomous_Schaefer,11.8,92,M2_stockflow_regimeC,13.118002439351518,41.21172552088708,19.133361252485027,52.017396879261774,False
D2_M1_recovery,M1_autonomous_Schaefer,11.8,92,M3_AR_residual,11.993641567598303,41.126524732539536,19.133361252485027,52.017396879261774,False
D2_M1_recovery,M1_autonomous_Schaefer,11.8,92,M4_delayed_info,14.171709437725989,41.01190261607401,19.133361252485027,52.017396879261774,False
D2_M1_recovery,M1_autonomous_Schaefer,11.8,93,M1_autonomous_Schaefer,3.5634836691863367,3.773195155868866,3.9793754841152778,4.865659058250992,True
D2_M1_recovery,M1_autonomous_Schaefer,11.8,93,M1b_autonomous_Allee,3.5472819986317305,3.773195155868866,3.9793754841152778,4.865659058250992,False
D2_M1_recovery,M1_autonomous_Schaefer,11.8,93,M2_stockflow_regimeC,3.5634836691863367,3.773195155868866,3.9793754841152778,4.865659058250992,False
D2_M1_recovery,M1_autonomous_Schaefer,11.8,93,M3_AR_residual,5.418017988106564,9.719934652817168,3.9793754841152778,4.865659058250992,False
D2_M1_recovery,M1_autonomous_Schaefer,11.8,93,M4_delayed_info,4.317188100003771,7.382890833602916,3.9793754841152778,4.865659058250992,False
D2_M1_recovery,M1_autonomous_Schaefer,11.8,94,M1_autonomous_Schaefer,18.640857998730713,54.640771260817495,24.843132257284825,59.285479010937955,True
D2_M1_recovery,M1_autonomous_Schaefer,11.8,94,M1b_autonomous_Allee,28.684480053088397,60.44289727756258,24.843132257284825,59.285479010937955,False
D2_M1_recovery,M1_autonomous_Schaefer,11.8,94,M2_stockflow_regimeC,18.640857998730713,54.640771260817495,24.843132257284825,59.285479010937955,False
D2_M1_recovery,M1_autonomous_Schaefer,11.8,94,M3_AR_residual,19.18581373292121,54.991794355148365,24.843132257284825,59.285479010937955,False
D2_M1_recovery,M1_autonomous_Schaefer,11.8,94,M4_delayed_info,21.136292493798564,54.35084955425732,24.843132257284825,59.285479010937955,False
D2_M1_recovery,M1_autonomous_Schaefer,11.8,95,M1_autonomous_Schaefer,22.137652491090165,175.43317816016932,31.690670246224418,119.44172467853078,False
D2_M1_recovery,M1_autonomous_Schaefer,11.8,95,M1b_autonomous_Allee,36.280973860067284,100.4417657594056,31.690670246224418,119.44172467853078,False
D2_M1_recovery,M1_autonomous_Schaefer,11.8,95,M2_stockflow_regimeC,22.137652491090165,175.43317816016932,31.690670246224418,119.44172467853078,False
D2_M1_recovery,M1_autonomous_Schaefer,11.8,95,M3_AR_residual,22.845494322650673,174.48076347459823,31.690670246224418,119.44172467853078,False
D2_M1_recovery,M1_autonomous_Schaefer,11.8,95,M4_delayed_info,26.01944863216558,163.88760588969325,31.690670246224418,119.44172467853078,False
D2_M1_recovery,M1_autonomous_Schaefer,11.8,96,M1_autonomous_Schaefer,17.997346681456996,71.79071323414013,29.870412217394126,101.40331190041054,True
D2_M1_recovery,M1_autonomous_Schaefer,11.8,96,M1b_autonomous_Allee,36.1501274249596,112.96085048037628,29.870412217394126,101.40331190041054,False
D2_M1_recovery,M1_autonomous_Schaefer,11.8,96,M2_stockflow_regimeC,17.997346681456996,71.79071323414013,29.870412217394126,101.40331190041054,False
D2_M1_recovery,M1_autonomous_Schaefer,11.8,96,M3_AR_residual,17.976371063423436,71.72325645551695,29.870412217394126,101.40331190041054,False
D2_M1_recovery,M1_autonomous_Schaefer,11.8,96,M4_delayed_info,21.599514603511277,71.44596969494546,29.870412217394126,101.40331190041054,False
D2_M1_recovery,M1_autonomous_Schaefer,11.8,97,M1_autonomous_Schaefer,22.76562145416882,148.54032842371373,30.512204893500606,115.93754667000971,False
D2_M1_recovery,M1_autonomous_Schaefer,11.8,97,M1b_autonomous_Allee,36.17484323499124,117.48146422769777,30.512204893500606,115.93754667000971,False
D2_M1_recovery,M1_autonomous_Schaefer,11.8,97,M2_stockflow_regimeC,22.76562145416882,148.54032842371373,30.512204893500606,115.93754667000971,False
D2_M1_recovery,M1_autonomous_Schaefer,11.8,97,M3_AR_residual,23.034023079672664,147.1234212154989,30.512204893500606,115.93754667000971,False
D2_M1_recovery,M1_autonomous_Schaefer,11.8,97,M4_delayed_info,25.912240766870468,136.5829306741796,30.512204893500606,115.93754667000971,False
D2_M1_recovery,M1_autonomous_Schaefer,11.8,98,M1_autonomous_Schaefer,14.801658673639738,31.199064978645822,23.97707339771228,76.9651416811681,True
D2_M1_recovery,M1_autonomous_Schaefer,11.8,98,M1b_autonomous_Allee,24.951628602143344,59.01468534490508,23.97707339771228,76.9651416811681,False
D2_M1_recovery,M1_autonomous_Schaefer,11.8,98,M2_stockflow_regimeC,14.801658673639738,31.199064978645822,23.97707339771228,76.9651416811681,False
D2_M1_recovery,M1_autonomous_Schaefer,11.8,98,M3_AR_residual,15.040174874281307,31.19680543693925,23.97707339771228,76.9651416811681,False
D2_M1_recovery,M1_autonomous_Schaefer,11.8,98,M4_delayed_info,17.376426683464313,31.509379119974337,23.97707339771228,76.9651416811681,False
D2_M1_recovery,M1_autonomous_Schaefer,11.8,99,M1_autonomous_Schaefer,15.475161736749879,54.077259880079005,22.309324577752765,73.56527723078646,True
D2_M1_recovery,M1_autonomous_Schaefer,11.8,99,M1b_autonomous_Allee,27.266172610108423,78.55504986703072,22.309324577752765,73.56527723078646,False
D2_M1_recovery,M1_autonomous_Schaefer,11.8,99,M2_stockflow_regimeC,15.475161736749879,54.077259880079005,22.309324577752765,73.56527723078646,False
D2_M1_recovery,M1_autonomous_Schaefer,11.8,99,M3_AR_residual,15.291378291627078,53.858883447690424,22.309324577752765,73.56527723078646,False
D2_M1_recovery,M1_autonomous_Schaefer,11.8,99,M4_delayed_info,17.517988830620432,54.21326771606117,22.309324577752765,73.56527723078646,False
D2_M1_recovery,M1_autonomous_Schaefer,33.8,0,M1_autonomous_Schaefer,50.937192166930444,240.7297323581945,45.10134911328663,82.05000126221877,False
D2_M1_recovery,M1_autonomous_Schaefer,33.8,0,M1b_autonomous_Allee,40.793343487644414,65.44144325919937,45.10134911328663,82.05000126221877,True
D2_M1_recovery,M1_autonomous_Schaefer,33.8,0,M2_stockflow_regimeC,50.937192166930444,240.7297323581945,45.10134911328663,82.05000126221877,False
D2_M1_recovery,M1_autonomous_Schaefer,33.8,0,M3_AR_residual,52.72164574629049,238.2926661837929,45.10134911328663,82.05000126221877,False
D2_M1_recovery,M1_autonomous_Schaefer,33.8,0,M4_delayed_info,61.15978170660464,226.57729821607538,45.10134911328663,82.05000126221877,False
D2_M1_recovery,M1_autonomous_Schaefer,33.8,1,M1_autonomous_Schaefer,54.307602328814006,358.8655913166347,53.6618020951441,168.99040216385052,False
D2_M1_recovery,M1_autonomous_Schaefer,33.8,1,M1b_autonomous_Allee,58.89009379637872,129.12001569658042,53.6618020951441,168.99040216385052,False
D2_M1_recovery,M1_autonomous_Schaefer,33.8,1,M2_stockflow_regimeC,54.307602328814006,358.8655913166347,53.6618020951441,168.99040216385052,False
D2_M1_recovery,M1_autonomous_Schaefer,33.8,1,M3_AR_residual,56.19429154393813,348.0203027787339,53.6618020951441,168.99040216385052,False
D2_M1_recovery,M1_autonomous_Schaefer,33.8,1,M4_delayed_info,65.80838765189795,301.18536838719854,53.6618020951441,168.99040216385052,False
D2_M1_recovery,M1_autonomous_Schaefer,33.8,2,M1_autonomous_Schaefer,39.178746650120715,175.32681048171114,37.568093393200655,137.31272301129886,False
D2_M1_recovery,M1_autonomous_Schaefer,33.8,2,M1b_autonomous_Allee,49.19560218262261,131.70048561136758,37.568093393200655,137.31272301129886,False
D2_M1_recovery,M1_autonomous_Schaefer,33.8,2,M2_stockflow_regimeC,39.178746650120715,175.32681048171114,37.568093393200655,137.31272301129886,False
D2_M1_recovery,M1_autonomous_Schaefer,33.8,2,M3_AR_residual,36.06300042323518,167.25832841228709,37.568093393200655,137.31272301129886,False
D2_M1_recovery,M1_autonomous_Schaefer,33.8,2,M4_delayed_info,34.19314722466412,139.0348088327088,37.568093393200655,137.31272301129886,False
D2_M1_recovery,M1_autonomous_Schaefer,33.8,3,M1_autonomous_Schaefer,43.992323358689845,129.27171850427345,46.54870606017514,126.72794885150194,False
D2_M1_recovery,M1_autonomous_Schaefer,33.8,3,M1b_autonomous_Allee,51.83173243696754,124.87534387499667,46.54870606017514,126.72794885150194,False
D2_M1_recovery,M1_autonomous_Schaefer,33.8,3,M2_stockflow_regimeC,43.992323358689845,129.27171850427345,46.54870606017514,126.72794885150194,False
D2_M1_recovery,M1_autonomous_Schaefer,33.8,3,M3_AR_residual,44.68184570284465,131.41469193932872,46.54870606017514,126.72794885150194,False
D2_M1_recovery,M1_autonomous_Schaefer,33.8,3,M4_delayed_info,46.84481182408017,118.5290519973751,46.54870606017514,126.72794885150194,False
D2_M1_recovery,M1_autonomous_Schaefer,33.8,4,M1_autonomous_Schaefer,52.36133054424301,78.77040166582397,52.918759521686155,78.57276623065553,False
D2_M1_recovery,M1_autonomous_Schaefer,33.8,4,M1b_autonomous_Allee,51.17781397495321,85.78396982301103,52.918759521686155,78.57276623065553,False
D2_M1_recovery,M1_autonomous_Schaefer,33.8,4,M2_stockflow_regimeC,52.36133054424301,78.77040166582397,52.918759521686155,78.57276623065553,False
D2_M1_recovery,M1_autonomous_Schaefer,33.8,4,M3_AR_residual,59.331392117520764,80.45613094869843,52.918759521686155,78.57276623065553,False
D2_M1_recovery,M1_autonomous_Schaefer,33.8,4,M4_delayed_info,61.25184952470188,78.53262136696499,52.918759521686155,78.57276623065553,False
D2_M1_recovery,M1_autonomous_Schaefer,33.8,5,M1_autonomous_Schaefer,47.83813198152157,167.4688329420472,41.29227664560188,135.2869617803326,False
D2_M1_recovery,M1_autonomous_Schaefer,33.8,5,M1b_autonomous_Allee,67.22823631168922,154.9122356380928,41.29227664560188,135.2869617803326,False
D2_M1_recovery,M1_autonomous_Schaefer,33.8,5,M2_stockflow_regimeC,47.83813198152157,167.4688329420472,41.29227664560188,135.2869617803326,False
D2_M1_recovery,M1_autonomous_Schaefer,33.8,5,M3_AR_residual,52.67179418787888,166.47700932015246,41.29227664560188,135.2869617803326,False
D2_M1_recovery,M1_autonomous_Schaefer,33.8,5,M4_delayed_info,45.87467432493371,152.04539364473845,41.29227664560188,135.2869617803326,False
D2_M1_recovery,M1_autonomous_Schaefer,33.8,6,M1_autonomous_Schaefer,40.40595376396618,153.84600896785872,40.99743769098971,121.00055310334922,False
D2_M1_recovery,M1_autonomous_Schaefer,33.8,6,M1b_autonomous_Allee,45.03062178138863,140.95386849326349,40.99743769098971,121.00055310334922,False
D2_M1_recovery,M1_autonomous_Schaefer,33.8,6,M2_stockflow_regimeC,40.40595376396618,153.84600896785872,40.99743769098971,121.00055310334922,False
D2_M1_recovery,M1_autonomous_Schaefer,33.8,6,M3_AR_residual,41.88301927650116,153.81208144726898,40.99743769098971,121.00055310334922,False
D2_M1_recovery,M1_autonomous_Schaefer,33.8,6,M4_delayed_info,46.47034755780909,153.42173949235323,40.99743769098971,121.00055310334922,False
D2_M1_recovery,M1_autonomous_Schaefer,33.8,7,M1_autonomous_Schaefer,42.10326286578109,61.06231456399435,41.97043727821034,64.54841907979207,False
D2_M1_recovery,M1_autonomous_Schaefer,33.8,7,M1b_autonomous_Allee,51.32168890234511,62.83327616549053,41.97043727821034,64.54841907979207,False
D2_M1_recovery,M1_autonomous_Schaefer,33.8,7,M2_stockflow_regimeC,42.10326286578109,61.06231456399435,41.97043727821034,64.54841907979207,False
D2_M1_recovery,M1_autonomous_Schaefer,33.8,7,M3_AR_residual,42.1893416781207,60.893376778271886,41.97043727821034,64.54841907979207,False
D2_M1_recovery,M1_autonomous_Schaefer,33.8,7,M4_delayed_info,51.67338227325181,61.876667173920715,41.97043727821034,64.54841907979207,False
D2_M1_recovery,M1_autonomous_Schaefer,33.8,8,M1_autonomous_Schaefer,54.43136348814391,120.53594219082272,45.60141004904308,98.78125360801555,False
D2_M1_recovery,M1_autonomous_Schaefer,33.8,8,M1b_autonomous_Allee,68.82545756741855,128.0008402342008,45.60141004904308,98.78125360801555,False
D2_M1_recovery,M1_autonomous_Schaefer,33.8,8,M2_stockflow_regimeC,54.43136348814391,120.53594219082272,45.60141004904308,98.78125360801555,False
D2_M1_recovery,M1_autonomous_Schaefer,33.8,8,M3_AR_residual,57.02264715787259,119.6803977490708,45.60141004904308,98.78125360801555,False
D2_M1_recovery,M1_autonomous_Schaefer,33.8,8,M4_delayed_info,67.30011012244717,122.91918014171391,45.60141004904308,98.78125360801555,False
D2_M1_recovery,M1_autonomous_Schaefer,33.8,9,M1_autonomous_Schaefer,40.75633173838624,79.41202633529646,41.016249048182424,87.18300850053294,False
D2_M1_recovery,M1_autonomous_Schaefer,33.8,9,M1b_autonomous_Allee,76.01788895689954,119.28257936671042,41.016249048182424,87.18300850053294,False
D2_M1_recovery,M1_autonomous_Schaefer,33.8,9,M2_stockflow_regimeC,40.75633173838624,79.41202633529646,41.016249048182424,87.18300850053294,False
D2_M1_recovery,M1_autonomous_Schaefer,33.8,9,M3_AR_residual,43.54222566463093,79.45498987495971,41.016249048182424,87.18300850053294,False
D2_M1_recovery,M1_autonomous_Schaefer,33.8,9,M4_delayed_info,46.33172283673815,79.63603373222796,41.016249048182424,87.18300850053294,False
D2_M1_recovery,M1_autonomous_Schaefer,33.8,10,M1_autonomous_Schaefer,44.721107730805386,221.36904513701074,45.666989890922146,123.48306108617474,False
D2_M1_recovery,M1_autonomous_Schaefer,33.8,10,M1b_autonomous_Allee,42.35633897669059,200.52029292539868,45.666989890922146,123.48306108617474,False
D2_M1_recovery,M1_autonomous_Schaefer,33.8,10,M2_stockflow_regimeC,44.721107730805386,221.36904513701074,45.666989890922146,123.48306108617474,False
D2_M1_recovery,M1_autonomous_Schaefer,33.8,10,M3_AR_residual,44.76479656402163,221.9965691564767,45.666989890922146,123.48306108617474,False
D2_M1_recovery,M1_autonomous_Schaefer,33.8,10,M4_delayed_info,54.915040455908866,218.11950969517852,45.666989890922146,123.48306108617474,False
D2_M1_recovery,M1_autonomous_Schaefer,33.8,11,M1_autonomous_Schaefer,44.434418229873685,72.43523702562895,42.356660946690106,71.85949844704541,False
D2_M1_recovery,M1_autonomous_Schaefer,33.8,11,M1b_autonomous_Allee,47.910855303392196,83.89519754559018,42.356660946690106,71.85949844704541,False
D2_M1_recovery,M1_autonomous_Schaefer,33.8,11,M2_stockflow_regimeC,44.434418229873685,72.43523702562895,42.356660946690106,71.85949844704541,False
D2_M1_recovery,M1_autonomous_Schaefer,33.8,11,M3_AR_residual,48.298937889063154,72.77520720784639,42.356660946690106,71.85949844704541,False
D2_M1_recovery,M1_autonomous_Schaefer,33.8,11,M4_delayed_info,58.35983639264469,74.61990689469087,42.356660946690106,71.85949844704541,False
D2_M1_recovery,M1_autonomous_Schaefer,33.8,12,M1_autonomous_Schaefer,38.04140316528514,88.50390770355237,38.05005341073374,99.84299406740394,False
D2_M1_recovery,M1_autonomous_Schaefer,33.8,12,M1b_autonomous_Allee,41.32833505547,90.83622149512662,38.05005341073374,99.84299406740394,False
D2_M1_recovery,M1_autonomous_Schaefer,33.8,12,M2_stockflow_regimeC,38.04140316528514,88.50390770355237,38.05005341073374,99.84299406740394,False
D2_M1_recovery,M1_autonomous_Schaefer,33.8,12,M3_AR_residual,38.62013442111304,88.63731981674883,38.05005341073374,99.84299406740394,False
D2_M1_recovery,M1_autonomous_Schaefer,33.8,12,M4_delayed_info,42.35334930824489,89.33345310489446,38.05005341073374,99.84299406740394,False
D2_M1_recovery,M1_autonomous_Schaefer,33.8,13,M1_autonomous_Schaefer,62.84148443052707,182.87916353604655,54.99951994345789,145.24552815530396,False
D2_M1_recovery,M1_autonomous_Schaefer,33.8,13,M1b_autonomous_Allee,80.82299670573637,208.22672239194276,54.99951994345789,145.24552815530396,False
D2_M1_recovery,M1_autonomous_Schaefer,33.8,13,M2_stockflow_regimeC,62.84148443052707,182.87916353604655,54.99951994345789,145.24552815530396,False
D2_M1_recovery,M1_autonomous_Schaefer,33.8,13,M3_AR_residual,62.90877532741114,179.81347949451302,54.99951994345789,145.24552815530396,False
D2_M1_recovery,M1_autonomous_Schaefer,33.8,13,M4_delayed_info,68.58071349765818,175.27915778109235,54.99951994345789,145.24552815530396,False
D2_M1_recovery,M1_autonomous_Schaefer,33.8,14,M1_autonomous_Schaefer,29.654623586793605,108.91113058553424,34.0150470262873,129.13493584956117,True
D2_M1_recovery,M1_autonomous_Schaefer,33.8,14,M1b_autonomous_Allee,55.055071416061665,102.38180691427117,34.0150470262873,129.13493584956117,False
D2_M1_recovery,M1_autonomous_Schaefer,33.8,14,M2_stockflow_regimeC,29.654623586793605,108.91113058553424,34.0150470262873,129.13493584956117,False
D2_M1_recovery,M1_autonomous_Schaefer,33.8,14,M3_AR_residual,30.29475367246883,111.14044103794114,34.0150470262873,129.13493584956117,False
D2_M1_recovery,M1_autonomous_Schaefer,33.8,14,M4_delayed_info,32.70126717753098,107.10799179882723,34.0150470262873,129.13493584956117,False
D2_M1_recovery,M1_autonomous_Schaefer,33.8,15,M1_autonomous_Schaefer,55.03813152473856,66.80627985887274,51.294112575873925,70.66286218271435,False
D2_M1_recovery,M1_autonomous_Schaefer,33.8,15,M1b_autonomous_Allee,85.12201178893034,74.11035775651766,51.294112575873925,70.66286218271435,False
D2_M1_recovery,M1_autonomous_Schaefer,33.8,15,M2_stockflow_regimeC,55.03813152473856,66.80627985887274,51.294112575873925,70.66286218271435,False
D2_M1_recovery,M1_autonomous_Schaefer,33.8,15,M3_AR_residual,57.47956937581028,66.8911476818083,51.294112575873925,70.66286218271435,False
D2_M1_recovery,M1_autonomous_Schaefer,33.8,15,M4_delayed_info,60.45163981731301,67.83406633345342,51.294112575873925,70.66286218271435,False
D2_M1_recovery,M1_autonomous_Schaefer,33.8,16,M1_autonomous_Schaefer,37.344125444210405,77.68940291784386,42.95222698899442,90.15632131863839,True
D2_M1_recovery,M1_autonomous_Schaefer,33.8,16,M1b_autonomous_Allee,38.942652241698234,64.42898623595943,42.95222698899442,90.15632131863839,False
D2_M1_recovery,M1_autonomous_Schaefer,33.8,16,M2_stockflow_regimeC,37.344125444210405,77.68940291784386,42.95222698899442,90.15632131863839,False
D2_M1_recovery,M1_autonomous_Schaefer,33.8,16,M3_AR_residual,38.33449765169483,77.74895767776081,42.95222698899442,90.15632131863839,False
D2_M1_recovery,M1_autonomous_Schaefer,33.8,16,M4_delayed_info,45.575611230102965,77.5930730093115,42.95222698899442,90.15632131863839,False
D2_M1_recovery,M1_autonomous_Schaefer,33.8,17,M1_autonomous_Schaefer,41.43122649169754,107.37071717068615,42.093512516179956,106.73788681814231,False
D2_M1_recovery,M1_autonomous_Schaefer,33.8,17,M1b_autonomous_Allee,55.96523389763902,115.7039578933591,42.093512516179956,106.73788681814231,False
D2_M1_recovery,M1_autonomous_Schaefer,33.8,17,M2_stockflow_regimeC,41.43122649169754,107.37071717068615,42.093512516179956,106.73788681814231,False
D2_M1_recovery,M1_autonomous_Schaefer,33.8,17,M3_AR_residual,42.098355177913476,107.24095713044807,42.093512516179956,106.73788681814231,False
D2_M1_recovery,M1_autonomous_Schaefer,33.8,17,M4_delayed_info,50.958121642931104,107.24089141160245,42.093512516179956,106.73788681814231,False
D2_M1_recovery,M1_autonomous_Schaefer,33.8,18,M1_autonomous_Schaefer,47.711237126911165,194.9388042317965,42.152860676559015,104.07233212857646,False
D2_M1_recovery,M1_autonomous_Schaefer,33.8,18,M1b_autonomous_Allee,57.89883046588753,87.60768968638484,42.152860676559015,104.07233212857646,False
D2_M1_recovery,M1_autonomous_Schaefer,33.8,18,M2_stockflow_regimeC,47.711237126911165,194.9388042317965,42.152860676559015,104.07233212857646,False
D2_M1_recovery,M1_autonomous_Schaefer,33.8,18,M3_AR_residual,47.378232572210834,195.30983896538265,42.152860676559015,104.07233212857646,False
D2_M1_recovery,M1_autonomous_Schaefer,33.8,18,M4_delayed_info,50.81530879700072,192.52103576427058,42.152860676559015,104.07233212857646,False
D2_M1_recovery,M1_autonomous_Schaefer,33.8,19,M1_autonomous_Schaefer,34.84227702406883,249.22440642639222,33.05718177075926,96.28795910479597,False
D2_M1_recovery,M1_autonomous_Schaefer,33.8,19,M1b_autonomous_Allee,45.01509035807904,95.38151842118069,33.05718177075926,96.28795910479597,False
D2_M1_recovery,M1_autonomous_Schaefer,33.8,19,M2_stockflow_regimeC,34.84227702406883,249.22440642639222,33.05718177075926,96.28795910479597,False
D2_M1_recovery,M1_autonomous_Schaefer,33.8,19,M3_AR_residual,36.959511654878916,251.51392063816638,33.05718177075926,96.28795910479597,False
D2_M1_recovery,M1_autonomous_Schaefer,33.8,19,M4_delayed_info,42.756058512856974,235.68430411783888,33.05718177075926,96.28795910479597,False
D2_M1_recovery,M1_autonomous_Schaefer,33.8,20,M1_autonomous_Schaefer,36.12944447829227,218.919410813607,42.39561977282766,125.40410448063261,False
D2_M1_recovery,M1_autonomous_Schaefer,33.8,20,M1b_autonomous_Allee,48.266215280385964,124.5291175814133,42.39561977282766,125.40410448063261,False
D2_M1_recovery,M1_autonomous_Schaefer,33.8,20,M2_stockflow_regimeC,36.12944447829227,218.919410813607,42.39561977282766,125.40410448063261,False
D2_M1_recovery,M1_autonomous_Schaefer,33.8,20,M3_AR_residual,37.60260976560394,214.54434378687608,42.39561977282766,125.40410448063261,False
D2_M1_recovery,M1_autonomous_Schaefer,33.8,20,M4_delayed_info,40.424381748794005,190.58981442854983,42.39561977282766,125.40410448063261,False
D2_M1_recovery,M1_autonomous_Schaefer,33.8,21,M1_autonomous_Schaefer,32.97429416366461,182.86861427718867,32.502280677375275,112.47180555397924,False
D2_M1_recovery,M1_autonomous_Schaefer,33.8,21,M1b_autonomous_Allee,33.866639779606174,100.8676844279597,32.502280677375275,112.47180555397924,False
D2_M1_recovery,M1_autonomous_Schaefer,33.8,21,M2_stockflow_regimeC,32.97429416366461,182.86861427718867,32.502280677375275,112.47180555397924,False
D2_M1_recovery,M1_autonomous_Schaefer,33.8,21,M3_AR_residual,32.894533250841,179.11931001235695,32.502280677375275,112.47180555397924,False
D2_M1_recovery,M1_autonomous_Schaefer,33.8,21,M4_delayed_info,38.370171172272286,167.52575783486037,32.502280677375275,112.47180555397924,False
D2_M1_recovery,M1_autonomous_Schaefer,33.8,22,M1_autonomous_Schaefer,45.895719634668886,394.74493307241977,37.15318339452008,56.83811371495695,False
D2_M1_recovery,M1_autonomous_Schaefer,33.8,22,M1b_autonomous_Allee,43.81914877282336,48.62757794666023,37.15318339452008,56.83811371495695,False
D2_M1_recovery,M1_autonomous_Schaefer,33.8,22,M2_stockflow_regimeC,45.895719634668886,394.74493307241977,37.15318339452008,56.83811371495695,False
D2_M1_recovery,M1_autonomous_Schaefer,33.8,22,M3_AR_residual,47.37673930694495,388.0692359375783,37.15318339452008,56.83811371495695,False
D2_M1_recovery,M1_autonomous_Schaefer,33.8,22,M4_delayed_info,48.19711189603864,366.35245689714253,37.15318339452008,56.83811371495695,False
D2_M1_recovery,M1_autonomous_Schaefer,33.8,23,M1_autonomous_Schaefer,45.89244854993124,252.0652530826674,46.26077241723924,118.02435567177184,False
D2_M1_recovery,M1_autonomous_Schaefer,33.8,23,M1b_autonomous_Allee,49.11044069701056,130.03982954807825,46.26077241723924,118.02435567177184,False
D2_M1_recovery,M1_autonomous_Schaefer,33.8,23,M2_stockflow_regimeC,45.89244854993124,252.0652530826674,46.26077241723924,118.02435567177184,False
D2_M1_recovery,M1_autonomous_Schaefer,33.8,23,M3_AR_residual,46.97177849719203,250.9421530683811,46.26077241723924,118.02435567177184,False
D2_M1_recovery,M1_autonomous_Schaefer,33.8,23,M4_delayed_info,56.288613894995166,242.3225661088175,46.26077241723924,118.02435567177184,False
D2_M1_recovery,M1_autonomous_Schaefer,33.8,24,M1_autonomous_Schaefer,43.07500850597363,178.37220488315876,45.518974348400675,152.2763073620986,False
D2_M1_recovery,M1_autonomous_Schaefer,33.8,24,M1b_autonomous_Allee,49.01318556905217,148.82316403769985,45.518974348400675,152.2763073620986,False
D2_M1_recovery,M1_autonomous_Schaefer,33.8,24,M2_stockflow_regimeC,43.07500850597363,178.37220488315876,45.518974348400675,152.2763073620986,False
D2_M1_recovery,M1_autonomous_Schaefer,33.8,24,M3_AR_residual,45.74202736557556,178.30994475793503,45.518974348400675,152.2763073620986,False
D2_M1_recovery,M1_autonomous_Schaefer,33.8,24,M4_delayed_info,60.582285172555466,182.16150496453795,45.518974348400675,152.2763073620986,False
D2_M1_recovery,M1_autonomous_Schaefer,33.8,25,M1_autonomous_Schaefer,40.219698477469066,97.98837389385514,43.783898095198026,133.3142980035078,True
D2_M1_recovery,M1_autonomous_Schaefer,33.8,25,M1b_autonomous_Allee,49.778635366163286,148.11151651544753,43.783898095198026,133.3142980035078,False
D2_M1_recovery,M1_autonomous_Schaefer,33.8,25,M2_stockflow_regimeC,40.219698477469066,97.98837389385514,43.783898095198026,133.3142980035078,False
D2_M1_recovery,M1_autonomous_Schaefer,33.8,25,M3_AR_residual,40.309163021707235,97.60029939433349,43.783898095198026,133.3142980035078,False
D2_M1_recovery,M1_autonomous_Schaefer,33.8,25,M4_delayed_info,52.351423989928215,97.21704781263195,43.783898095198026,133.3142980035078,False
D2_M1_recovery,M1_autonomous_Schaefer,33.8,26,M1_autonomous_Schaefer,31.074135127336273,42.87908916012996,27.648111608148724,43.60417539773336,False
D2_M1_recovery,M1_autonomous_Schaefer,33.8,26,M1b_autonomous_Allee,34.22499927826212,50.37546610368145,27.648111608148724,43.60417539773336,False
D2_M1_recovery,M1_autonomous_Schaefer,33.8,26,M2_stockflow_regimeC,31.074135127336273,42.87908916012996,27.648111608148724,43.60417539773336,False
D2_M1_recovery,M1_autonomous_Schaefer,33.8,26,M3_AR_residual,28.776853404672586,41.40110448060824,27.648111608148724,43.60417539773336,False
D2_M1_recovery,M1_autonomous_Schaefer,33.8,26,M4_delayed_info,32.32464901031137,42.39663627664756,27.648111608148724,43.60417539773336,False
D2_M1_recovery,M1_autonomous_Schaefer,33.8,27,M1_autonomous_Schaefer,36.89502459622716,285.71369770141354,41.923854626785705,145.05511842793064,False
D2_M1_recovery,M1_autonomous_Schaefer,33.8,27,M1b_autonomous_Allee,50.68836550268289,107.78392251252274,41.923854626785705,145.05511842793064,False
D2_M1_recovery,M1_autonomous_Schaefer,33.8,27,M2_stockflow_regimeC,36.89502459622716,285.71369770141354,41.923854626785705,145.05511842793064,False
D2_M1_recovery,M1_autonomous_Schaefer,33.8,27,M3_AR_residual,36.42390130245813,286.153172199831,41.923854626785705,145.05511842793064,False
D2_M1_recovery,M1_autonomous_Schaefer,33.8,27,M4_delayed_info,41.37612214897579,282.077347799873,41.923854626785705,145.05511842793064,False
D2_M1_recovery,M1_autonomous_Schaefer,33.8,28,M1_autonomous_Schaefer,12.379793413998838,21.537191857686548,12.690040363808148,23.99438635604252,False
D2_M1_recovery,M1_autonomous_Schaefer,33.8,28,M1b_autonomous_Allee,12.148795031482289,27.289094164220778,12.690040363808148,23.99438635604252,False
D2_M1_recovery,M1_autonomous_Schaefer,33.8,28,M2_stockflow_regimeC,12.379793413998838,21.537191857686548,12.690040363808148,23.99438635604252,False
D2_M1_recovery,M1_autonomous_Schaefer,33.8,28,M3_AR_residual,13.509488934667518,22.0035066837111,12.690040363808148,23.99438635604252,False
D2_M1_recovery,M1_autonomous_Schaefer,33.8,28,M4_delayed_info,16.330964109017085,19.539058789955973,12.690040363808148,23.99438635604252,False
D2_M1_recovery,M1_autonomous_Schaefer,33.8,29,M1_autonomous_Schaefer,25.646156052473565,32.8338676699732,28.620302907618854,40.48838766202672,True
D2_M1_recovery,M1_autonomous_Schaefer,33.8,29,M1b_autonomous_Allee,36.54043541039742,66.40993184002464,28.620302907618854,40.48838766202672,False
D2_M1_recovery,M1_autonomous_Schaefer,33.8,29,M2_stockflow_regimeC,25.646156052473565,32.8338676699732,28.620302907618854,40.48838766202672,False
D2_M1_recovery,M1_autonomous_Schaefer,33.8,29,M3_AR_residual,26.491923819691298,32.8196091234675,28.620302907618854,40.48838766202672,False
D2_M1_recovery,M1_autonomous_Schaefer,33.8,29,M4_delayed_info,28.455572148709855,32.88386899783167,28.620302907618854,40.48838766202672,False
D2_M1_recovery,M1_autonomous_Schaefer,33.8,30,M1_autonomous_Schaefer,49.991563855261816,192.42516828905076,51.744884549156865,137.87005679595916,False
D2_M1_recovery,M1_autonomous_Schaefer,33.8,30,M1b_autonomous_Allee,57.27142918230245,187.82304870479277,51.744884549156865,137.87005679595916,False
D2_M1_recovery,M1_autonomous_Schaefer,33.8,30,M2_stockflow_regimeC,49.991563855261816,192.42516828905076,51.744884549156865,137.87005679595916,False
D2_M1_recovery,M1_autonomous_Schaefer,33.8,30,M3_AR_residual,51.59595941833853,197.48950671136657,51.744884549156865,137.87005679595916,False
D2_M1_recovery,M1_autonomous_Schaefer,33.8,30,M4_delayed_info,55.13245209341445,182.24561418018868,51.744884549156865,137.87005679595916,False
D2_M1_recovery,M1_autonomous_Schaefer,33.8,31,M1_autonomous_Schaefer,38.80245690127992,338.9268336552641,41.85785513786965,153.2527022953261,False
D2_M1_recovery,M1_autonomous_Schaefer,33.8,31,M1b_autonomous_Allee,38.48043659449556,154.48835767165926,41.85785513786965,153.2527022953261,False
D2_M1_recovery,M1_autonomous_Schaefer,33.8,31,M2_stockflow_regimeC,38.80245690127992,338.9268336552641,41.85785513786965,153.2527022953261,False
D2_M1_recovery,M1_autonomous_Schaefer,33.8,31,M3_AR_residual,39.62120311467578,337.6460693036453,41.85785513786965,153.2527022953261,False
D2_M1_recovery,M1_autonomous_Schaefer,33.8,31,M4_delayed_info,52.08451584686494,322.2163409056108,41.85785513786965,153.2527022953261,False
D2_M1_recovery,M1_autonomous_Schaefer,33.8,32,M1_autonomous_Schaefer,43.37865830630144,141.56026556897305,44.193652602231296,143.73509326558403,False
D2_M1_recovery,M1_autonomous_Schaefer,33.8,32,M1b_autonomous_Allee,60.02444929265019,149.18653465833015,44.193652602231296,143.73509326558403,False
D2_M1_recovery,M1_autonomous_Schaefer,33.8,32,M2_stockflow_regimeC,43.37865830630144,141.56026556897305,44.193652602231296,143.73509326558403,False
D2_M1_recovery,M1_autonomous_Schaefer,33.8,32,M3_AR_residual,44.060873382745996,142.20659996324875,44.193652602231296,143.73509326558403,False
D2_M1_recovery,M1_autonomous_Schaefer,33.8,32,M4_delayed_info,46.08368916232076,125.56642284464041,44.193652602231296,143.73509326558403,False
D2_M1_recovery,M1_autonomous_Schaefer,33.8,33,M1_autonomous_Schaefer,40.399748470218654,76.3928861987777,39.18237690252909,43.784384952885546,False
D2_M1_recovery,M1_autonomous_Schaefer,33.8,33,M1b_autonomous_Allee,42.85657322480224,59.96469610848914,39.18237690252909,43.784384952885546,False
D2_M1_recovery,M1_autonomous_Schaefer,33.8,33,M2_stockflow_regimeC,40.399748470218654,76.3928861987777,39.18237690252909,43.784384952885546,False
D2_M1_recovery,M1_autonomous_Schaefer,33.8,33,M3_AR_residual,41.120016494502366,76.2981145035616,39.18237690252909,43.784384952885546,False
D2_M1_recovery,M1_autonomous_Schaefer,33.8,33,M4_delayed_info,44.9411061194789,74.74085290235514,39.18237690252909,43.784384952885546,False
D2_M1_recovery,M1_autonomous_Schaefer,33.8,34,M1_autonomous_Schaefer,43.3690204736021,54.39221276553873,45.095508988138285,59.920663550791346,False
D2_M1_recovery,M1_autonomous_Schaefer,33.8,34,M1b_autonomous_Allee,55.99421721037322,63.20076327109833,45.095508988138285,59.920663550791346,False
D2_M1_recovery,M1_autonomous_Schaefer,33.8,34,M2_stockflow_regimeC,43.3690204736021,54.39221276553873,45.095508988138285,59.920663550791346,False
D2_M1_recovery,M1_autonomous_Schaefer,33.8,34,M3_AR_residual,44.93248978098692,54.15462098805866,45.095508988138285,59.920663550791346,False
D2_M1_recovery,M1_autonomous_Schaefer,33.8,34,M4_delayed_info,50.88257580006858,55.284037499416115,45.095508988138285,59.920663550791346,False
D2_M1_recovery,M1_autonomous_Schaefer,33.8,35,M1_autonomous_Schaefer,39.197134478764696,84.44800846434322,39.64832000808261,102.52255529745914,False
D2_M1_recovery,M1_autonomous_Schaefer,33.8,35,M1b_autonomous_Allee,42.21365528299126,96.00668977970507,39.64832000808261,102.52255529745914,False
D2_M1_recovery,M1_autonomous_Schaefer,33.8,35,M2_stockflow_regimeC,39.197134478764696,84.44800846434322,39.64832000808261,102.52255529745914,False
D2_M1_recovery,M1_autonomous_Schaefer,33.8,35,M3_AR_residual,42.11117269578176,83.94467242393344,39.64832000808261,102.52255529745914,False
D2_M1_recovery,M1_autonomous_Schaefer,33.8,35,M4_delayed_info,50.720470642183706,83.1651676007715,39.64832000808261,102.52255529745914,False
D2_M1_recovery,M1_autonomous_Schaefer,33.8,36,M1_autonomous_Schaefer,47.45336846658274,314.02340581336915,47.726475557857555,141.14380209773148,False
D2_M1_recovery,M1_autonomous_Schaefer,33.8,36,M1b_autonomous_Allee,56.34883836123535,138.9324567697938,47.726475557857555,141.14380209773148,False
D2_M1_recovery,M1_autonomous_Schaefer,33.8,36,M2_stockflow_regimeC,47.45336846658274,314.02340581336915,47.726475557857555,141.14380209773148,False
D2_M1_recovery,M1_autonomous_Schaefer,33.8,36,M3_AR_residual,47.76370607088892,308.1316774227363,47.726475557857555,141.14380209773148,False
D2_M1_recovery,M1_autonomous_Schaefer,33.8,36,M4_delayed_info,49.18629945837928,276.83983242201623,47.726475557857555,141.14380209773148,False
D2_M1_recovery,M1_autonomous_Schaefer,33.8,37,M1_autonomous_Schaefer,37.08117658746715,96.68292500568124,36.08411956198532,98.93328169619657,False
D2_M1_recovery,M1_autonomous_Schaefer,33.8,37,M1b_autonomous_Allee,36.32744780757649,86.53984701662128,36.08411956198532,98.93328169619657,False
D2_M1_recovery,M1_autonomous_Schaefer,33.8,37,M2_stockflow_regimeC,37.08117658746715,96.68292500568124,36.08411956198532,98.93328169619657,False
D2_M1_recovery,M1_autonomous_Schaefer,33.8,37,M3_AR_residual,37.961584420192004,96.63164197605828,36.08411956198532,98.93328169619657,False
D2_M1_recovery,M1_autonomous_Schaefer,33.8,37,M4_delayed_info,39.45794329485933,97.02102535363318,36.08411956198532,98.93328169619657,False
D2_M1_recovery,M1_autonomous_Schaefer,33.8,38,M1_autonomous_Schaefer,48.64903255439437,330.5263940010586,49.15443734207134,107.88181740937465,False
D2_M1_recovery,M1_autonomous_Schaefer,33.8,38,M1b_autonomous_Allee,41.61328233910567,122.00424119008957,49.15443734207134,107.88181740937465,False
D2_M1_recovery,M1_autonomous_Schaefer,33.8,38,M2_stockflow_regimeC,48.64903255439437,330.5263940010586,49.15443734207134,107.88181740937465,False
D2_M1_recovery,M1_autonomous_Schaefer,33.8,38,M3_AR_residual,50.1429199988741,329.03149711157226,49.15443734207134,107.88181740937465,False
D2_M1_recovery,M1_autonomous_Schaefer,33.8,38,M4_delayed_info,62.419523546813345,316.25355250621146,49.15443734207134,107.88181740937465,False
D2_M1_recovery,M1_autonomous_Schaefer,33.8,39,M1_autonomous_Schaefer,28.34773302407932,139.75857230927957,33.93689322697538,117.23663146988336,False
D2_M1_recovery,M1_autonomous_Schaefer,33.8,39,M1b_autonomous_Allee,36.36077120718307,76.49813400631558,33.93689322697538,117.23663146988336,False
D2_M1_recovery,M1_autonomous_Schaefer,33.8,39,M2_stockflow_regimeC,28.34773302407932,139.75857230927957,33.93689322697538,117.23663146988336,False
D2_M1_recovery,M1_autonomous_Schaefer,33.8,39,M3_AR_residual,33.94116671929055,140.4613161929577,33.93689322697538,117.23663146988336,False
D2_M1_recovery,M1_autonomous_Schaefer,33.8,39,M4_delayed_info,34.71814104444526,137.42351671353723,33.93689322697538,117.23663146988336,False
D2_M1_recovery,M1_autonomous_Schaefer,33.8,40,M1_autonomous_Schaefer,44.2734024885473,205.46493448850018,46.66234907018646,86.44341362089624,False
D2_M1_recovery,M1_autonomous_Schaefer,33.8,40,M1b_autonomous_Allee,51.81152760174198,84.97211465183025,46.66234907018646,86.44341362089624,False
D2_M1_recovery,M1_autonomous_Schaefer,33.8,40,M2_stockflow_regimeC,44.2734024885473,205.46493448850018,46.66234907018646,86.44341362089624,False
D2_M1_recovery,M1_autonomous_Schaefer,33.8,40,M3_AR_residual,43.49141375518573,203.02002388813148,46.66234907018646,86.44341362089624,False
D2_M1_recovery,M1_autonomous_Schaefer,33.8,40,M4_delayed_info,44.640642286331435,189.90289114454882,46.66234907018646,86.44341362089624,False
D2_M1_recovery,M1_autonomous_Schaefer,33.8,41,M1_autonomous_Schaefer,31.874594441281097,60.00254712352673,30.05674441549136,59.665563975925494,False
D2_M1_recovery,M1_autonomous_Schaefer,33.8,41,M1b_autonomous_Allee,43.90930870211478,77.68714476148098,30.05674441549136,59.665563975925494,False
D2_M1_recovery,M1_autonomous_Schaefer,33.8,41,M2_stockflow_regimeC,31.874594441281097,60.00254712352673,30.05674441549136,59.665563975925494,False
D2_M1_recovery,M1_autonomous_Schaefer,33.8,41,M3_AR_residual,32.96552815672153,59.55527569882621,30.05674441549136,59.665563975925494,False
D2_M1_recovery,M1_autonomous_Schaefer,33.8,41,M4_delayed_info,35.438748034381604,60.1054662805963,30.05674441549136,59.665563975925494,False
D2_M1_recovery,M1_autonomous_Schaefer,33.8,42,M1_autonomous_Schaefer,43.30204897574866,253.94182747533173,40.11076324719794,62.95070408179384,False
D2_M1_recovery,M1_autonomous_Schaefer,33.8,42,M1b_autonomous_Allee,54.73033354269075,97.82747837508603,40.11076324719794,62.95070408179384,False
D2_M1_recovery,M1_autonomous_Schaefer,33.8,42,M2_stockflow_regimeC,43.30204897574866,253.94182747533173,40.11076324719794,62.95070408179384,False
D2_M1_recovery,M1_autonomous_Schaefer,33.8,42,M3_AR_residual,45.91888648012347,253.4602023312962,40.11076324719794,62.95070408179384,False
D2_M1_recovery,M1_autonomous_Schaefer,33.8,42,M4_delayed_info,49.4108067272269,244.77022279758305,40.11076324719794,62.95070408179384,False
D2_M1_recovery,M1_autonomous_Schaefer,33.8,43,M1_autonomous_Schaefer,46.8498448908829,313.201771347773,50.895494493671805,153.54833640503242,False
D2_M1_recovery,M1_autonomous_Schaefer,33.8,43,M1b_autonomous_Allee,49.63613804384833,138.28729469600967,50.895494493671805,153.54833640503242,False
D2_M1_recovery,M1_autonomous_Schaefer,33.8,43,M2_stockflow_regimeC,46.8498448908829,313.201771347773,50.895494493671805,153.54833640503242,False
D2_M1_recovery,M1_autonomous_Schaefer,33.8,43,M3_AR_residual,46.233001175659346,318.7502970819171,50.895494493671805,153.54833640503242,False
D2_M1_recovery,M1_autonomous_Schaefer,33.8,43,M4_delayed_info,50.89551735645401,296.3078891147592,50.895494493671805,153.54833640503242,False
D2_M1_recovery,M1_autonomous_Schaefer,33.8,44,M1_autonomous_Schaefer,41.92228645619136,156.9937824215726,44.04776923397509,117.88227896580753,False
D2_M1_recovery,M1_autonomous_Schaefer,33.8,44,M1b_autonomous_Allee,43.19864710951424,92.14271693214499,44.04776923397509,117.88227896580753,False
D2_M1_recovery,M1_autonomous_Schaefer,33.8,44,M2_stockflow_regimeC,41.92228645619136,156.9937824215726,44.04776923397509,117.88227896580753,False
D2_M1_recovery,M1_autonomous_Schaefer,33.8,44,M3_AR_residual,44.146550717368285,156.18503641569515,44.04776923397509,117.88227896580753,False
D2_M1_recovery,M1_autonomous_Schaefer,33.8,44,M4_delayed_info,51.76439572413198,152.26409441881253,44.04776923397509,117.88227896580753,False
D2_M1_recovery,M1_autonomous_Schaefer,33.8,45,M1_autonomous_Schaefer,43.25901977978635,333.83157326758646,46.86413581409302,159.019426256234,False
D2_M1_recovery,M1_autonomous_Schaefer,33.8,45,M1b_autonomous_Allee,59.59563831476101,138.28551374646673,46.86413581409302,159.019426256234,False
D2_M1_recovery,M1_autonomous_Schaefer,33.8,45,M2_stockflow_regimeC,43.25901977978635,333.83157326758646,46.86413581409302,159.019426256234,False
D2_M1_recovery,M1_autonomous_Schaefer,33.8,45,M3_AR_residual,45.62498766801244,339.359727532837,46.86413581409302,159.019426256234,False
D2_M1_recovery,M1_autonomous_Schaefer,33.8,45,M4_delayed_info,47.16129753884428,292.6370419010373,46.86413581409302,159.019426256234,False
D2_M1_recovery,M1_autonomous_Schaefer,33.8,46,M1_autonomous_Schaefer,41.69653878209082,337.80782131229626,41.27927244401718,146.71907787186623,False
D2_M1_recovery,M1_autonomous_Schaefer,33.8,46,M1b_autonomous_Allee,57.51335583365295,160.50738389826512,41.27927244401718,146.71907787186623,False
D2_M1_recovery,M1_autonomous_Schaefer,33.8,46,M2_stockflow_regimeC,41.69653878209082,337.80782131229626,41.27927244401718,146.71907787186623,False
D2_M1_recovery,M1_autonomous_Schaefer,33.8,46,M3_AR_residual,43.693904087251966,332.897603393504,41.27927244401718,146.71907787186623,False
D2_M1_recovery,M1_autonomous_Schaefer,33.8,46,M4_delayed_info,49.423478198395905,189.72716407597414,41.27927244401718,146.71907787186623,False
D2_M1_recovery,M1_autonomous_Schaefer,33.8,47,M1_autonomous_Schaefer,31.182128082469013,36.932144266854266,32.10001346313449,46.873028987007,False
D2_M1_recovery,M1_autonomous_Schaefer,33.8,47,M1b_autonomous_Allee,31.88986355499366,42.65296971641545,32.10001346313449,46.873028987007,False
D2_M1_recovery,M1_autonomous_Schaefer,33.8,47,M2_stockflow_regimeC,31.182128082469013,36.932144266854266,32.10001346313449,46.873028987007,False
D2_M1_recovery,M1_autonomous_Schaefer,33.8,47,M3_AR_residual,32.08544323296713,36.84272822676221,32.10001346313449,46.873028987007,False
D2_M1_recovery,M1_autonomous_Schaefer,33.8,47,M4_delayed_info,35.72936742546829,37.62621346027149,32.10001346313449,46.873028987007,False
D2_M1_recovery,M1_autonomous_Schaefer,33.8,48,M1_autonomous_Schaefer,49.64777954524579,222.48996875318127,48.01560553203313,121.76189103178082,False
D2_M1_recovery,M1_autonomous_Schaefer,33.8,48,M1b_autonomous_Allee,62.26801527550933,112.19767212440159,48.01560553203313,121.76189103178082,False
D2_M1_recovery,M1_autonomous_Schaefer,33.8,48,M2_stockflow_regimeC,49.64777954524579,222.48996875318127,48.01560553203313,121.76189103178082,False
D2_M1_recovery,M1_autonomous_Schaefer,33.8,48,M3_AR_residual,52.369824057844575,222.53820955710808,48.01560553203313,121.76189103178082,False
D2_M1_recovery,M1_autonomous_Schaefer,33.8,48,M4_delayed_info,57.4319024066841,222.57988477979936,48.01560553203313,121.76189103178082,False
D2_M1_recovery,M1_autonomous_Schaefer,33.8,49,M1_autonomous_Schaefer,47.4178763086296,72.82283427291627,51.33382351041385,77.33806180252465,True
D2_M1_recovery,M1_autonomous_Schaefer,33.8,49,M1b_autonomous_Allee,52.54717049883357,87.54141070960164,51.33382351041385,77.33806180252465,False
D2_M1_recovery,M1_autonomous_Schaefer,33.8,49,M2_stockflow_regimeC,47.4178763086296,72.82283427291627,51.33382351041385,77.33806180252465,False
D2_M1_recovery,M1_autonomous_Schaefer,33.8,49,M3_AR_residual,48.93627983166638,73.56835718906153,51.33382351041385,77.33806180252465,False
D2_M1_recovery,M1_autonomous_Schaefer,33.8,49,M4_delayed_info,50.99565657940268,74.234129825972,51.33382351041385,77.33806180252465,False
D2_M1_recovery,M1_autonomous_Schaefer,33.8,50,M1_autonomous_Schaefer,35.53017535473854,63.9245965947285,30.905960941201226,57.317960395502126,False
D2_M1_recovery,M1_autonomous_Schaefer,33.8,50,M1b_autonomous_Allee,41.562104051848515,67.49843586967413,30.905960941201226,57.317960395502126,False
D2_M1_recovery,M1_autonomous_Schaefer,33.8,50,M2_stockflow_regimeC,35.53017535473854,63.9245965947285,30.905960941201226,57.317960395502126,False
D2_M1_recovery,M1_autonomous_Schaefer,33.8,50,M3_AR_residual,37.71554171114417,64.00892722394465,30.905960941201226,57.317960395502126,False
D2_M1_recovery,M1_autonomous_Schaefer,33.8,50,M4_delayed_info,45.31965454341605,64.4594109463855,30.905960941201226,57.317960395502126,False
D2_M1_recovery,M1_autonomous_Schaefer,33.8,51,M1_autonomous_Schaefer,37.46383396930141,204.51944575387745,40.19805725095233,98.05828082805415,False
D2_M1_recovery,M1_autonomous_Schaefer,33.8,51,M1b_autonomous_Allee,44.64598974669531,101.73118876440327,40.19805725095233,98.05828082805415,False
D2_M1_recovery,M1_autonomous_Schaefer,33.8,51,M2_stockflow_regimeC,37.46383396930141,204.51944575387745,40.19805725095233,98.05828082805415,False
D2_M1_recovery,M1_autonomous_Schaefer,33.8,51,M3_AR_residual,37.812549764228166,205.6925421372454,40.19805725095233,98.05828082805415,False
D2_M1_recovery,M1_autonomous_Schaefer,33.8,51,M4_delayed_info,41.68418718130682,197.34900052512705,40.19805725095233,98.05828082805415,False
D2_M1_recovery,M1_autonomous_Schaefer,33.8,52,M1_autonomous_Schaefer,35.198030120446084,91.1101206083475,34.701583901752265,94.17008819193794,False
D2_M1_recovery,M1_autonomous_Schaefer,33.8,52,M1b_autonomous_Allee,38.5148621175783,139.66641114257692,34.701583901752265,94.17008819193794,False
D2_M1_recovery,M1_autonomous_Schaefer,33.8,52,M2_stockflow_regimeC,35.198030120446084,91.1101206083475,34.701583901752265,94.17008819193794,False
D2_M1_recovery,M1_autonomous_Schaefer,33.8,52,M3_AR_residual,34.88024833576819,86.84456968667624,34.701583901752265,94.17008819193794,False
D2_M1_recovery,M1_autonomous_Schaefer,33.8,52,M4_delayed_info,38.96031283443104,96.84314789309178,34.701583901752265,94.17008819193794,False
D2_M1_recovery,M1_autonomous_Schaefer,33.8,53,M1_autonomous_Schaefer,40.93119140474174,94.20072642906837,39.12411368698232,96.41889423084505,False
D2_M1_recovery,M1_autonomous_Schaefer,33.8,53,M1b_autonomous_Allee,45.211548816586145,87.4576437548798,39.12411368698232,96.41889423084505,False
D2_M1_recovery,M1_autonomous_Schaefer,33.8,53,M2_stockflow_regimeC,40.93119140474174,94.20072642906837,39.12411368698232,96.41889423084505,False
D2_M1_recovery,M1_autonomous_Schaefer,33.8,53,M3_AR_residual,40.81869151676278,94.12272645570275,39.12411368698232,96.41889423084505,False
D2_M1_recovery,M1_autonomous_Schaefer,33.8,53,M4_delayed_info,43.26961551829046,94.25336526246053,39.12411368698232,96.41889423084505,False
D2_M1_recovery,M1_autonomous_Schaefer,33.8,54,M1_autonomous_Schaefer,39.787939083519106,83.48863451352128,35.56128056620838,83.23382388564296,False
D2_M1_recovery,M1_autonomous_Schaefer,33.8,54,M1b_autonomous_Allee,50.76869122386313,80.57742598024042,35.56128056620838,83.23382388564296,False
D2_M1_recovery,M1_autonomous_Schaefer,33.8,54,M2_stockflow_regimeC,39.787939083519106,83.48863451352128,35.56128056620838,83.23382388564296,False
D2_M1_recovery,M1_autonomous_Schaefer,33.8,54,M3_AR_residual,42.01949350552694,82.90079671995382,35.56128056620838,83.23382388564296,False
D2_M1_recovery,M1_autonomous_Schaefer,33.8,54,M4_delayed_info,44.69936540607348,84.405894189663,35.56128056620838,83.23382388564296,False
D2_M1_recovery,M1_autonomous_Schaefer,33.8,55,M1_autonomous_Schaefer,43.96855011042326,92.49230102071212,38.53898296351786,76.19821250221611,False
D2_M1_recovery,M1_autonomous_Schaefer,33.8,55,M1b_autonomous_Allee,51.30172898258452,76.21189490548527,38.53898296351786,76.19821250221611,False
D2_M1_recovery,M1_autonomous_Schaefer,33.8,55,M2_stockflow_regimeC,43.96855011042326,92.49230102071212,38.53898296351786,76.19821250221611,False
D2_M1_recovery,M1_autonomous_Schaefer,33.8,55,M3_AR_residual,41.8685474760495,88.71543956469154,38.53898296351786,76.19821250221611,False
D2_M1_recovery,M1_autonomous_Schaefer,33.8,55,M4_delayed_info,54.4239446424419,93.75668484966705,38.53898296351786,76.19821250221611,False
D2_M1_recovery,M1_autonomous_Schaefer,33.8,56,M1_autonomous_Schaefer,43.555229694161426,213.04819838473472,50.70301592089032,156.9145546642356,False
D2_M1_recovery,M1_autonomous_Schaefer,33.8,56,M1b_autonomous_Allee,51.87454358103483,148.38986978584649,50.70301592089032,156.9145546642356,False
D2_M1_recovery,M1_autonomous_Schaefer,33.8,56,M2_stockflow_regimeC,43.555229694161426,213.04819838473472,50.70301592089032,156.9145546642356,False
D2_M1_recovery,M1_autonomous_Schaefer,33.8,56,M3_AR_residual,49.12085839911457,214.71648319652937,50.70301592089032,156.9145546642356,False
D2_M1_recovery,M1_autonomous_Schaefer,33.8,56,M4_delayed_info,55.00265273515913,211.93488406910032,50.70301592089032,156.9145546642356,False
D2_M1_recovery,M1_autonomous_Schaefer,33.8,57,M1_autonomous_Schaefer,45.68908989529068,327.14115412046965,45.19923046265362,129.60553863358797,False
D2_M1_recovery,M1_autonomous_Schaefer,33.8,57,M1b_autonomous_Allee,58.29785684518772,136.70506396818678,45.19923046265362,129.60553863358797,False
D2_M1_recovery,M1_autonomous_Schaefer,33.8,57,M2_stockflow_regimeC,45.68908989529068,327.14115412046965,45.19923046265362,129.60553863358797,False
D2_M1_recovery,M1_autonomous_Schaefer,33.8,57,M3_AR_residual,44.829356251466855,317.10504220830563,45.19923046265362,129.60553863358797,False
D2_M1_recovery,M1_autonomous_Schaefer,33.8,57,M4_delayed_info,53.936185912417926,255.95153891874995,45.19923046265362,129.60553863358797,False
D2_M1_recovery,M1_autonomous_Schaefer,33.8,58,M1_autonomous_Schaefer,30.888002740099687,57.49689613571936,31.264221135530853,58.76322780468377,False
D2_M1_recovery,M1_autonomous_Schaefer,33.8,58,M1b_autonomous_Allee,35.90023138875707,67.363600897328,31.264221135530853,58.76322780468377,False
D2_M1_recovery,M1_autonomous_Schaefer,33.8,58,M2_stockflow_regimeC,30.888002740099687,57.49689613571936,31.264221135530853,58.76322780468377,False
D2_M1_recovery,M1_autonomous_Schaefer,33.8,58,M3_AR_residual,32.695216443302385,56.27937024675639,31.264221135530853,58.76322780468377,False
D2_M1_recovery,M1_autonomous_Schaefer,33.8,58,M4_delayed_info,38.314562167053445,58.562732507232994,31.264221135530853,58.76322780468377,False
D2_M1_recovery,M1_autonomous_Schaefer,33.8,59,M1_autonomous_Schaefer,39.409730665893555,108.05555429398161,41.61007108842559,97.62257504887839,False
D2_M1_recovery,M1_autonomous_Schaefer,33.8,59,M1b_autonomous_Allee,40.463879678350885,100.61804948575544,41.61007108842559,97.62257504887839,False
D2_M1_recovery,M1_autonomous_Schaefer,33.8,59,M2_stockflow_regimeC,39.409730665893555,108.05555429398161,41.61007108842559,97.62257504887839,False
D2_M1_recovery,M1_autonomous_Schaefer,33.8,59,M3_AR_residual,39.28585132244247,108.15868578460515,41.61007108842559,97.62257504887839,False
D2_M1_recovery,M1_autonomous_Schaefer,33.8,59,M4_delayed_info,40.687454720356946,108.17514081375472,41.61007108842559,97.62257504887839,False
D2_M1_recovery,M1_autonomous_Schaefer,33.8,60,M1_autonomous_Schaefer,28.169474372841247,44.66258936420439,26.260919544750955,44.68358878144538,False
D2_M1_recovery,M1_autonomous_Schaefer,33.8,60,M1b_autonomous_Allee,30.253687042738303,51.64966253825194,26.260919544750955,44.68358878144538,False
D2_M1_recovery,M1_autonomous_Schaefer,33.8,60,M2_stockflow_regimeC,28.169474372841247,44.66258936420439,26.260919544750955,44.68358878144538,False
D2_M1_recovery,M1_autonomous_Schaefer,33.8,60,M3_AR_residual,26.994040756186735,44.20667121715751,26.260919544750955,44.68358878144538,False
D2_M1_recovery,M1_autonomous_Schaefer,33.8,60,M4_delayed_info,33.87392342577402,45.097287995327086,26.260919544750955,44.68358878144538,False
D2_M1_recovery,M1_autonomous_Schaefer,33.8,61,M1_autonomous_Schaefer,37.320197566293764,271.9565682677218,43.68667941406309,175.1641469809746,False
D2_M1_recovery,M1_autonomous_Schaefer,33.8,61,M1b_autonomous_Allee,54.28327237159317,168.00688899057266,43.68667941406309,175.1641469809746,False
D2_M1_recovery,M1_autonomous_Schaefer,33.8,61,M2_stockflow_regimeC,37.320197566293764,271.9565682677218,43.68667941406309,175.1641469809746,False
D2_M1_recovery,M1_autonomous_Schaefer,33.8,61,M3_AR_residual,38.31810787808081,273.5194699758649,43.68667941406309,175.1641469809746,False
D2_M1_recovery,M1_autonomous_Schaefer,33.8,61,M4_delayed_info,46.04458869398431,262.406756988845,43.68667941406309,175.1641469809746,False
D2_M1_recovery,M1_autonomous_Schaefer,33.8,62,M1_autonomous_Schaefer,39.09384821452185,232.73742497670017,40.34092277341509,153.6244777117803,False
D2_M1_recovery,M1_autonomous_Schaefer,33.8,62,M1b_autonomous_Allee,49.092376123184096,139.73995003207736,40.34092277341509,153.6244777117803,False
D2_M1_recovery,M1_autonomous_Schaefer,33.8,62,M2_stockflow_regimeC,39.09384821452185,232.73742497670017,40.34092277341509,153.6244777117803,False
D2_M1_recovery,M1_autonomous_Schaefer,33.8,62,M3_AR_residual,40.34859321988472,232.5300617438811,40.34092277341509,153.6244777117803,False
D2_M1_recovery,M1_autonomous_Schaefer,33.8,62,M4_delayed_info,49.945442713817286,225.26794382680686,40.34092277341509,153.6244777117803,False
D2_M1_recovery,M1_autonomous_Schaefer,33.8,63,M1_autonomous_Schaefer,39.909862079986006,103.46680673391602,46.847379346249404,93.13126432360107,False
D2_M1_recovery,M1_autonomous_Schaefer,33.8,63,M1b_autonomous_Allee,39.58715360596223,63.40617143606365,46.847379346249404,93.13126432360107,False
D2_M1_recovery,M1_autonomous_Schaefer,33.8,63,M2_stockflow_regimeC,39.909862079986006,103.46680673391602,46.847379346249404,93.13126432360107,False
D2_M1_recovery,M1_autonomous_Schaefer,33.8,63,M3_AR_residual,41.370153135524035,103.51257591995743,46.847379346249404,93.13126432360107,False
D2_M1_recovery,M1_autonomous_Schaefer,33.8,63,M4_delayed_info,48.52576272752761,102.96831220874873,46.847379346249404,93.13126432360107,False
D2_M1_recovery,M1_autonomous_Schaefer,33.8,64,M1_autonomous_Schaefer,30.784214123410703,48.668504842036306,30.890321424364014,36.77715165035259,False
D2_M1_recovery,M1_autonomous_Schaefer,33.8,64,M1b_autonomous_Allee,36.33980779066625,60.94599689792765,30.890321424364014,36.77715165035259,False
D2_M1_recovery,M1_autonomous_Schaefer,33.8,64,M2_stockflow_regimeC,30.784214123410703,48.668504842036306,30.890321424364014,36.77715165035259,False
D2_M1_recovery,M1_autonomous_Schaefer,33.8,64,M3_AR_residual,30.57847879484892,48.38796580796292,30.890321424364014,36.77715165035259,False
D2_M1_recovery,M1_autonomous_Schaefer,33.8,64,M4_delayed_info,36.366522091760565,49.15693055436923,30.890321424364014,36.77715165035259,False
D2_M1_recovery,M1_autonomous_Schaefer,33.8,65,M1_autonomous_Schaefer,41.293099333158054,113.38284431282969,40.12486683484902,124.82792248996293,False
D2_M1_recovery,M1_autonomous_Schaefer,33.8,65,M1b_autonomous_Allee,49.184678979824824,118.05417886897482,40.12486683484902,124.82792248996293,False
D2_M1_recovery,M1_autonomous_Schaefer,33.8,65,M2_stockflow_regimeC,41.293099333158054,113.38284431282969,40.12486683484902,124.82792248996293,False
D2_M1_recovery,M1_autonomous_Schaefer,33.8,65,M3_AR_residual,42.90768409940853,113.60654631162417,40.12486683484902,124.82792248996293,False
D2_M1_recovery,M1_autonomous_Schaefer,33.8,65,M4_delayed_info,53.56982033708918,116.72618568649352,40.12486683484902,124.82792248996293,False
D2_M1_recovery,M1_autonomous_Schaefer,33.8,66,M1_autonomous_Schaefer,45.9689836690711,169.82071971914812,45.99720591651525,132.763266090641,False
D2_M1_recovery,M1_autonomous_Schaefer,33.8,66,M1b_autonomous_Allee,54.06404302703779,145.52293621035116,45.99720591651525,132.763266090641,False
D2_M1_recovery,M1_autonomous_Schaefer,33.8,66,M2_stockflow_regimeC,45.9689836690711,169.82071971914812,45.99720591651525,132.763266090641,False
D2_M1_recovery,M1_autonomous_Schaefer,33.8,66,M3_AR_residual,48.26212498890961,169.94566832700258,45.99720591651525,132.763266090641,False
D2_M1_recovery,M1_autonomous_Schaefer,33.8,66,M4_delayed_info,50.254168821079006,152.5912699212318,45.99720591651525,132.763266090641,False
D2_M1_recovery,M1_autonomous_Schaefer,33.8,67,M1_autonomous_Schaefer,68.48253920399553,346.625565982665,49.62008562473968,154.7799266099699,False
D2_M1_recovery,M1_autonomous_Schaefer,33.8,67,M1b_autonomous_Allee,86.83127535265605,166.40966036622618,49.62008562473968,154.7799266099699,False
D2_M1_recovery,M1_autonomous_Schaefer,33.8,67,M2_stockflow_regimeC,68.48253920399553,346.625565982665,49.62008562473968,154.7799266099699,False
D2_M1_recovery,M1_autonomous_Schaefer,33.8,67,M3_AR_residual,72.23125073030124,351.60789875582316,49.62008562473968,154.7799266099699,False
D2_M1_recovery,M1_autonomous_Schaefer,33.8,67,M4_delayed_info,64.99907840557006,316.0503570029482,49.62008562473968,154.7799266099699,False
D2_M1_recovery,M1_autonomous_Schaefer,33.8,68,M1_autonomous_Schaefer,40.23743137981182,57.776206007693645,39.77964783976206,74.1621677399516,False
D2_M1_recovery,M1_autonomous_Schaefer,33.8,68,M1b_autonomous_Allee,49.56001474147214,75.37168924350946,39.77964783976206,74.1621677399516,False
D2_M1_recovery,M1_autonomous_Schaefer,33.8,68,M2_stockflow_regimeC,40.23743137981182,57.776206007693645,39.77964783976206,74.1621677399516,False
D2_M1_recovery,M1_autonomous_Schaefer,33.8,68,M3_AR_residual,41.808256053763415,57.71938715453767,39.77964783976206,74.1621677399516,False
D2_M1_recovery,M1_autonomous_Schaefer,33.8,68,M4_delayed_info,49.41950123957294,57.74574456888491,39.77964783976206,74.1621677399516,False
D2_M1_recovery,M1_autonomous_Schaefer,33.8,69,M1_autonomous_Schaefer,34.05115160213317,74.44006838368243,30.655480155287254,65.72909829389963,False
D2_M1_recovery,M1_autonomous_Schaefer,33.8,69,M1b_autonomous_Allee,43.488743190150274,87.62683140489601,30.655480155287254,65.72909829389963,False
D2_M1_recovery,M1_autonomous_Schaefer,33.8,69,M2_stockflow_regimeC,34.05115160213317,74.44006838368243,30.655480155287254,65.72909829389963,False
D2_M1_recovery,M1_autonomous_Schaefer,33.8,69,M3_AR_residual,33.273340307978515,71.68322028423114,30.655480155287254,65.72909829389963,False
D2_M1_recovery,M1_autonomous_Schaefer,33.8,69,M4_delayed_info,39.59941599475552,73.94324877142816,30.655480155287254,65.72909829389963,False
D2_M1_recovery,M1_autonomous_Schaefer,33.8,70,M1_autonomous_Schaefer,44.19574249905953,195.4418965993745,45.103832744049356,142.74275683843726,False
D2_M1_recovery,M1_autonomous_Schaefer,33.8,70,M1b_autonomous_Allee,59.74856934545319,149.27251279059325,45.103832744049356,142.74275683843726,False
D2_M1_recovery,M1_autonomous_Schaefer,33.8,70,M2_stockflow_regimeC,44.19574249905953,195.4418965993745,45.103832744049356,142.74275683843726,False
D2_M1_recovery,M1_autonomous_Schaefer,33.8,70,M3_AR_residual,46.47601939773022,199.53694535580232,45.103832744049356,142.74275683843726,False
D2_M1_recovery,M1_autonomous_Schaefer,33.8,70,M4_delayed_info,50.03529479823725,142.53006510052717,45.103832744049356,142.74275683843726,False
D2_M1_recovery,M1_autonomous_Schaefer,33.8,71,M1_autonomous_Schaefer,41.22938414868326,181.78300490995653,39.80933120515731,121.25334736596776,False
D2_M1_recovery,M1_autonomous_Schaefer,33.8,71,M1b_autonomous_Allee,42.97044728417584,121.83622579570523,39.80933120515731,121.25334736596776,False
D2_M1_recovery,M1_autonomous_Schaefer,33.8,71,M2_stockflow_regimeC,41.22938414868326,181.78300490995653,39.80933120515731,121.25334736596776,False
D2_M1_recovery,M1_autonomous_Schaefer,33.8,71,M3_AR_residual,39.3630745836743,181.34068814765405,39.80933120515731,121.25334736596776,False
D2_M1_recovery,M1_autonomous_Schaefer,33.8,71,M4_delayed_info,47.91832361417775,178.227900921777,39.80933120515731,121.25334736596776,False
D2_M1_recovery,M1_autonomous_Schaefer,33.8,72,M1_autonomous_Schaefer,54.57459377800182,264.439884562453,47.16191613787652,124.01207315593379,False
D2_M1_recovery,M1_autonomous_Schaefer,33.8,72,M1b_autonomous_Allee,64.00512686490636,157.81090332620292,47.16191613787652,124.01207315593379,False
D2_M1_recovery,M1_autonomous_Schaefer,33.8,72,M2_stockflow_regimeC,54.57459377800182,264.439884562453,47.16191613787652,124.01207315593379,False
D2_M1_recovery,M1_autonomous_Schaefer,33.8,72,M3_AR_residual,56.85598150822673,261.4610303467831,47.16191613787652,124.01207315593379,False
D2_M1_recovery,M1_autonomous_Schaefer,33.8,72,M4_delayed_info,65.89764304792116,252.90120952883328,47.16191613787652,124.01207315593379,False
D2_M1_recovery,M1_autonomous_Schaefer,33.8,73,M1_autonomous_Schaefer,37.088947682101804,60.15886090396099,36.73932965079996,66.87188716226765,False
D2_M1_recovery,M1_autonomous_Schaefer,33.8,73,M1b_autonomous_Allee,45.471311558837584,61.95799404238727,36.73932965079996,66.87188716226765,False
D2_M1_recovery,M1_autonomous_Schaefer,33.8,73,M2_stockflow_regimeC,37.088947682101804,60.15886090396099,36.73932965079996,66.87188716226765,False
D2_M1_recovery,M1_autonomous_Schaefer,33.8,73,M3_AR_residual,37.532124502790246,60.266553114379924,36.73932965079996,66.87188716226765,False
D2_M1_recovery,M1_autonomous_Schaefer,33.8,73,M4_delayed_info,41.68298980141692,60.231055133461,36.73932965079996,66.87188716226765,False
D2_M1_recovery,M1_autonomous_Schaefer,33.8,74,M1_autonomous_Schaefer,38.472249872390016,89.36008308598704,40.44401113999866,110.80871562628587,False
D2_M1_recovery,M1_autonomous_Schaefer,33.8,74,M1b_autonomous_Allee,41.50566329268122,102.38793434864164,40.44401113999866,110.80871562628587,False
D2_M1_recovery,M1_autonomous_Schaefer,33.8,74,M2_stockflow_regimeC,38.472249872390016,89.36008308598704,40.44401113999866,110.80871562628587,False
D2_M1_recovery,M1_autonomous_Schaefer,33.8,74,M3_AR_residual,39.036112980432655,89.4083328004166,40.44401113999866,110.80871562628587,False
D2_M1_recovery,M1_autonomous_Schaefer,33.8,74,M4_delayed_info,43.35711462926233,89.77494421603932,40.44401113999866,110.80871562628587,False
D2_M1_recovery,M1_autonomous_Schaefer,33.8,75,M1_autonomous_Schaefer,45.89279259854563,276.5580605828246,49.58765574906557,154.91194957795165,False
D2_M1_recovery,M1_autonomous_Schaefer,33.8,75,M1b_autonomous_Allee,52.26864295087306,152.35620813019716,49.58765574906557,154.91194957795165,False
D2_M1_recovery,M1_autonomous_Schaefer,33.8,75,M2_stockflow_regimeC,45.89279259854563,276.5580605828246,49.58765574906557,154.91194957795165,False
D2_M1_recovery,M1_autonomous_Schaefer,33.8,75,M3_AR_residual,46.96420569244499,265.9147862258812,49.58765574906557,154.91194957795165,False
D2_M1_recovery,M1_autonomous_Schaefer,33.8,75,M4_delayed_info,52.96760756821844,223.75276780479322,49.58765574906557,154.91194957795165,False
D2_M1_recovery,M1_autonomous_Schaefer,33.8,76,M1_autonomous_Schaefer,29.61747463334881,120.48777306095398,33.40255970334113,130.84805005901617,True
D2_M1_recovery,M1_autonomous_Schaefer,33.8,76,M1b_autonomous_Allee,35.9695282464147,123.42805105133652,33.40255970334113,130.84805005901617,False
D2_M1_recovery,M1_autonomous_Schaefer,33.8,76,M2_stockflow_regimeC,29.61747463334881,120.48777306095398,33.40255970334113,130.84805005901617,False
D2_M1_recovery,M1_autonomous_Schaefer,33.8,76,M3_AR_residual,30.547536019916482,119.72629454003075,33.40255970334113,130.84805005901617,False
D2_M1_recovery,M1_autonomous_Schaefer,33.8,76,M4_delayed_info,37.05686268437987,116.79778886131841,33.40255970334113,130.84805005901617,False
D2_M1_recovery,M1_autonomous_Schaefer,33.8,77,M1_autonomous_Schaefer,40.86338655172075,49.48501594327802,41.549508376579105,60.271175879251864,False
D2_M1_recovery,M1_autonomous_Schaefer,33.8,77,M1b_autonomous_Allee,46.25948924867999,66.17741186553782,41.549508376579105,60.271175879251864,False
D2_M1_recovery,M1_autonomous_Schaefer,33.8,77,M2_stockflow_regimeC,40.86338655172075,49.48501594327802,41.549508376579105,60.271175879251864,False
D2_M1_recovery,M1_autonomous_Schaefer,33.8,77,M3_AR_residual,42.20327400265403,49.41238942440258,41.549508376579105,60.271175879251864,False
D2_M1_recovery,M1_autonomous_Schaefer,33.8,77,M4_delayed_info,47.99902855880254,50.07034299873366,41.549508376579105,60.271175879251864,False
D2_M1_recovery,M1_autonomous_Schaefer,33.8,78,M1_autonomous_Schaefer,37.139173789060855,91.37171344778046,37.930025688766015,95.5165008266194,False
D2_M1_recovery,M1_autonomous_Schaefer,33.8,78,M1b_autonomous_Allee,34.43420086294763,155.95351243666062,37.930025688766015,95.5165008266194,False
D2_M1_recovery,M1_autonomous_Schaefer,33.8,78,M2_stockflow_regimeC,37.139173789060855,91.37171344778046,37.930025688766015,95.5165008266194,False
D2_M1_recovery,M1_autonomous_Schaefer,33.8,78,M3_AR_residual,36.417616738561684,91.34951772173717,37.930025688766015,95.5165008266194,False
D2_M1_recovery,M1_autonomous_Schaefer,33.8,78,M4_delayed_info,36.48840809933728,91.40567354126364,37.930025688766015,95.5165008266194,False
D2_M1_recovery,M1_autonomous_Schaefer,33.8,79,M1_autonomous_Schaefer,41.60432172760415,83.91821015272299,37.10838319980614,50.18227742772009,False
D2_M1_recovery,M1_autonomous_Schaefer,33.8,79,M1b_autonomous_Allee,44.400392215820894,84.61167550216264,37.10838319980614,50.18227742772009,False
D2_M1_recovery,M1_autonomous_Schaefer,33.8,79,M2_stockflow_regimeC,41.60432172760415,83.91821015272299,37.10838319980614,50.18227742772009,False
D2_M1_recovery,M1_autonomous_Schaefer,33.8,79,M3_AR_residual,42.927574348145946,83.76993582402307,37.10838319980614,50.18227742772009,False
D2_M1_recovery,M1_autonomous_Schaefer,33.8,79,M4_delayed_info,56.11325897076189,86.04200766415802,37.10838319980614,50.18227742772009,False
D2_M1_recovery,M1_autonomous_Schaefer,33.8,80,M1_autonomous_Schaefer,38.79690629557538,264.08259982185183,37.900884136529655,77.66493582860319,False
D2_M1_recovery,M1_autonomous_Schaefer,33.8,80,M1b_autonomous_Allee,50.88638907152944,79.39329678133451,37.900884136529655,77.66493582860319,False
D2_M1_recovery,M1_autonomous_Schaefer,33.8,80,M2_stockflow_regimeC,38.79690629557538,264.08259982185183,37.900884136529655,77.66493582860319,False
D2_M1_recovery,M1_autonomous_Schaefer,33.8,80,M3_AR_residual,39.176268554454,259.60918159362024,37.900884136529655,77.66493582860319,False
D2_M1_recovery,M1_autonomous_Schaefer,33.8,80,M4_delayed_info,42.34411918213078,234.1300956876394,37.900884136529655,77.66493582860319,False
D2_M1_recovery,M1_autonomous_Schaefer,33.8,81,M1_autonomous_Schaefer,35.41111826457735,66.52215079797406,36.29510577054208,73.8684803010749,False
D2_M1_recovery,M1_autonomous_Schaefer,33.8,81,M1b_autonomous_Allee,38.67027384597342,75.4218339028824,36.29510577054208,73.8684803010749,False
D2_M1_recovery,M1_autonomous_Schaefer,33.8,81,M2_stockflow_regimeC,35.41111826457735,66.52215079797406,36.29510577054208,73.8684803010749,False
D2_M1_recovery,M1_autonomous_Schaefer,33.8,81,M3_AR_residual,36.61925545683469,67.16787584646802,36.29510577054208,73.8684803010749,False
D2_M1_recovery,M1_autonomous_Schaefer,33.8,81,M4_delayed_info,40.81548551536851,66.1352731453604,36.29510577054208,73.8684803010749,False
D2_M1_recovery,M1_autonomous_Schaefer,33.8,82,M1_autonomous_Schaefer,35.037735736647505,119.00637474983145,37.693108112637304,79.71749661409717,False
D2_M1_recovery,M1_autonomous_Schaefer,33.8,82,M1b_autonomous_Allee,54.136143109497134,88.75309309817122,37.693108112637304,79.71749661409717,False
D2_M1_recovery,M1_autonomous_Schaefer,33.8,82,M2_stockflow_regimeC,35.037735736647505,119.00637474983145,37.693108112637304,79.71749661409717,False
D2_M1_recovery,M1_autonomous_Schaefer,33.8,82,M3_AR_residual,35.92690423470279,117.92961538229474,37.693108112637304,79.71749661409717,False
D2_M1_recovery,M1_autonomous_Schaefer,33.8,82,M4_delayed_info,37.45127351770087,113.23112995389232,37.693108112637304,79.71749661409717,False
D2_M1_recovery,M1_autonomous_Schaefer,33.8,83,M1_autonomous_Schaefer,41.94539738622284,120.4719294612902,38.174971718121405,93.1192631432924,False
D2_M1_recovery,M1_autonomous_Schaefer,33.8,83,M1b_autonomous_Allee,50.30801326534137,105.2283617177305,38.174971718121405,93.1192631432924,False
D2_M1_recovery,M1_autonomous_Schaefer,33.8,83,M2_stockflow_regimeC,41.94539738622284,120.4719294612902,38.174971718121405,93.1192631432924,False
D2_M1_recovery,M1_autonomous_Schaefer,33.8,83,M3_AR_residual,45.07734533773192,120.78286893804379,38.174971718121405,93.1192631432924,False
D2_M1_recovery,M1_autonomous_Schaefer,33.8,83,M4_delayed_info,43.30096653049371,115.8103837152971,38.174971718121405,93.1192631432924,False
D2_M1_recovery,M1_autonomous_Schaefer,33.8,84,M1_autonomous_Schaefer,35.833191305772765,254.01745333465698,42.76418317201046,86.62518946353646,False
D2_M1_recovery,M1_autonomous_Schaefer,33.8,84,M1b_autonomous_Allee,40.559963106753344,67.8262820655895,42.76418317201046,86.62518946353646,False
D2_M1_recovery,M1_autonomous_Schaefer,33.8,84,M2_stockflow_regimeC,35.833191305772765,254.01745333465698,42.76418317201046,86.62518946353646,False
D2_M1_recovery,M1_autonomous_Schaefer,33.8,84,M3_AR_residual,35.84337893526355,254.28199036418832,42.76418317201046,86.62518946353646,False
D2_M1_recovery,M1_autonomous_Schaefer,33.8,84,M4_delayed_info,44.70710837629455,244.49306231961276,42.76418317201046,86.62518946353646,False
D2_M1_recovery,M1_autonomous_Schaefer,33.8,85,M1_autonomous_Schaefer,48.22103464975064,254.91030627703395,44.60598012129151,91.0614534922959,False
D2_M1_recovery,M1_autonomous_Schaefer,33.8,85,M1b_autonomous_Allee,62.08017004236824,98.56308915646912,44.60598012129151,91.0614534922959,False
D2_M1_recovery,M1_autonomous_Schaefer,33.8,85,M2_stockflow_regimeC,48.22103464975064,254.91030627703395,44.60598012129151,91.0614534922959,False
D2_M1_recovery,M1_autonomous_Schaefer,33.8,85,M3_AR_residual,49.18484009502313,249.54549985333048,44.60598012129151,91.0614534922959,False
D2_M1_recovery,M1_autonomous_Schaefer,33.8,85,M4_delayed_info,48.69721118464918,218.0139136059147,44.60598012129151,91.0614534922959,False
D2_M1_recovery,M1_autonomous_Schaefer,33.8,86,M1_autonomous_Schaefer,51.22945123633175,337.64422469271665,48.58739364011026,107.9177563893012,False
D2_M1_recovery,M1_autonomous_Schaefer,33.8,86,M1b_autonomous_Allee,63.79642660645071,114.3208029577879,48.58739364011026,107.9177563893012,False
D2_M1_recovery,M1_autonomous_Schaefer,33.8,86,M2_stockflow_regimeC,51.22945123633175,337.64422469271665,48.58739364011026,107.9177563893012,False
D2_M1_recovery,M1_autonomous_Schaefer,33.8,86,M3_AR_residual,51.695819654107986,330.66853602821345,48.58739364011026,107.9177563893012,False
D2_M1_recovery,M1_autonomous_Schaefer,33.8,86,M4_delayed_info,58.46650257529746,286.40188766167614,48.58739364011026,107.9177563893012,False
D2_M1_recovery,M1_autonomous_Schaefer,33.8,87,M1_autonomous_Schaefer,57.30080658402111,137.9246343298423,51.98527607185541,128.954848277524,False
D2_M1_recovery,M1_autonomous_Schaefer,33.8,87,M1b_autonomous_Allee,67.8149000858449,178.88546002636141,51.98527607185541,128.954848277524,False
D2_M1_recovery,M1_autonomous_Schaefer,33.8,87,M2_stockflow_regimeC,57.30080658402111,137.9246343298423,51.98527607185541,128.954848277524,False
D2_M1_recovery,M1_autonomous_Schaefer,33.8,87,M3_AR_residual,59.0667066390966,138.0620767778151,51.98527607185541,128.954848277524,False
D2_M1_recovery,M1_autonomous_Schaefer,33.8,87,M4_delayed_info,76.31394732880577,139.19360020813963,51.98527607185541,128.954848277524,False
D2_M1_recovery,M1_autonomous_Schaefer,33.8,88,M1_autonomous_Schaefer,30.705618283171848,50.75614773637033,33.13427029123903,53.015254090710535,False
D2_M1_recovery,M1_autonomous_Schaefer,33.8,88,M1b_autonomous_Allee,37.615263262511085,68.15426427768543,33.13427029123903,53.015254090710535,False
D2_M1_recovery,M1_autonomous_Schaefer,33.8,88,M2_stockflow_regimeC,30.705618283171848,50.75614773637033,33.13427029123903,53.015254090710535,False
D2_M1_recovery,M1_autonomous_Schaefer,33.8,88,M3_AR_residual,32.242452221400725,50.97144314453886,33.13427029123903,53.015254090710535,False
D2_M1_recovery,M1_autonomous_Schaefer,33.8,88,M4_delayed_info,34.51948676333313,51.24419757710012,33.13427029123903,53.015254090710535,False
D2_M1_recovery,M1_autonomous_Schaefer,33.8,89,M1_autonomous_Schaefer,36.6418989599111,68.29838660503155,41.152155795329215,71.1699632989498,False
D2_M1_recovery,M1_autonomous_Schaefer,33.8,89,M1b_autonomous_Allee,44.345152772179716,79.94084111396931,41.152155795329215,71.1699632989498,False
D2_M1_recovery,M1_autonomous_Schaefer,33.8,89,M2_stockflow_regimeC,36.6418989599111,68.29838660503155,41.152155795329215,71.1699632989498,False
D2_M1_recovery,M1_autonomous_Schaefer,33.8,89,M3_AR_residual,39.90736136764078,68.8186633140276,41.152155795329215,71.1699632989498,False
D2_M1_recovery,M1_autonomous_Schaefer,33.8,89,M4_delayed_info,44.00114832103243,68.06739695056217,41.152155795329215,71.1699632989498,False
D2_M1_recovery,M1_autonomous_Schaefer,33.8,90,M1_autonomous_Schaefer,38.102195813700845,95.04214908049404,45.512272131547604,85.7665222406428,False
D2_M1_recovery,M1_autonomous_Schaefer,33.8,90,M1b_autonomous_Allee,45.027024237128806,89.22738590608517,45.512272131547604,85.7665222406428,False
D2_M1_recovery,M1_autonomous_Schaefer,33.8,90,M2_stockflow_regimeC,38.102195813700845,95.04214908049404,45.512272131547604,85.7665222406428,False
D2_M1_recovery,M1_autonomous_Schaefer,33.8,90,M3_AR_residual,39.23295120018265,95.198230193074,45.512272131547604,85.7665222406428,False
D2_M1_recovery,M1_autonomous_Schaefer,33.8,90,M4_delayed_info,46.85144524756184,95.93296730009257,45.512272131547604,85.7665222406428,False
D2_M1_recovery,M1_autonomous_Schaefer,33.8,91,M1_autonomous_Schaefer,56.31120286086524,196.4344918189836,50.98042394052571,145.93774562898335,False
D2_M1_recovery,M1_autonomous_Schaefer,33.8,91,M1b_autonomous_Allee,67.49878407586048,143.19381270691497,50.98042394052571,145.93774562898335,False
D2_M1_recovery,M1_autonomous_Schaefer,33.8,91,M2_stockflow_regimeC,56.31120286086524,196.4344918189836,50.98042394052571,145.93774562898335,False
D2_M1_recovery,M1_autonomous_Schaefer,33.8,91,M3_AR_residual,58.90057575521631,198.22864161433418,50.98042394052571,145.93774562898335,False
D2_M1_recovery,M1_autonomous_Schaefer,33.8,91,M4_delayed_info,65.71488966577063,171.6668386215547,50.98042394052571,145.93774562898335,False
D2_M1_recovery,M1_autonomous_Schaefer,33.8,92,M1_autonomous_Schaefer,40.24353759329932,77.2908709681444,34.29493806983424,77.96277065424626,False
D2_M1_recovery,M1_autonomous_Schaefer,33.8,92,M1b_autonomous_Allee,46.427795850970234,84.7308029271996,34.29493806983424,77.96277065424626,False
D2_M1_recovery,M1_autonomous_Schaefer,33.8,92,M2_stockflow_regimeC,40.24353759329932,77.2908709681444,34.29493806983424,77.96277065424626,False
D2_M1_recovery,M1_autonomous_Schaefer,33.8,92,M3_AR_residual,41.192594038268275,77.4053875420494,34.29493806983424,77.96277065424626,False
D2_M1_recovery,M1_autonomous_Schaefer,33.8,92,M4_delayed_info,45.1643154868948,77.2279154429764,34.29493806983424,77.96277065424626,False
D2_M1_recovery,M1_autonomous_Schaefer,33.8,93,M1_autonomous_Schaefer,69.12980978534695,242.1019570091621,51.89672230082963,150.43042803567099,False
D2_M1_recovery,M1_autonomous_Schaefer,33.8,93,M1b_autonomous_Allee,77.46298170170756,180.60310567856942,51.89672230082963,150.43042803567099,False
D2_M1_recovery,M1_autonomous_Schaefer,33.8,93,M2_stockflow_regimeC,69.12980978534695,242.1019570091621,51.89672230082963,150.43042803567099,False
D2_M1_recovery,M1_autonomous_Schaefer,33.8,93,M3_AR_residual,68.87220338008036,249.467279105832,51.89672230082963,150.43042803567099,False
D2_M1_recovery,M1_autonomous_Schaefer,33.8,93,M4_delayed_info,72.13658320397447,239.59802937057196,51.89672230082963,150.43042803567099,False
D2_M1_recovery,M1_autonomous_Schaefer,33.8,94,M1_autonomous_Schaefer,38.35989333233239,358.1070767550637,47.02534027793311,98.77985279205453,False
D2_M1_recovery,M1_autonomous_Schaefer,33.8,94,M1b_autonomous_Allee,46.023469583194164,80.59278121900162,47.02534027793311,98.77985279205453,False
D2_M1_recovery,M1_autonomous_Schaefer,33.8,94,M2_stockflow_regimeC,38.35989333233239,358.1070767550637,47.02534027793311,98.77985279205453,False
D2_M1_recovery,M1_autonomous_Schaefer,33.8,94,M3_AR_residual,39.376749068281605,357.65389636233834,47.02534027793311,98.77985279205453,False
D2_M1_recovery,M1_autonomous_Schaefer,33.8,94,M4_delayed_info,49.17798846627577,355.12371975848663,47.02534027793311,98.77985279205453,False
D2_M1_recovery,M1_autonomous_Schaefer,33.8,95,M1_autonomous_Schaefer,56.04113974261848,94.66087471252494,56.22383314222863,81.47244305124634,False
D2_M1_recovery,M1_autonomous_Schaefer,33.8,95,M1b_autonomous_Allee,62.27874587239629,111.37602699510524,56.22383314222863,81.47244305124634,False
D2_M1_recovery,M1_autonomous_Schaefer,33.8,95,M2_stockflow_regimeC,56.04113974261848,94.66087471252494,56.22383314222863,81.47244305124634,False
D2_M1_recovery,M1_autonomous_Schaefer,33.8,95,M3_AR_residual,57.94287716897125,94.4130334697906,56.22383314222863,81.47244305124634,False
D2_M1_recovery,M1_autonomous_Schaefer,33.8,95,M4_delayed_info,66.22129020294106,97.99839518881075,56.22383314222863,81.47244305124634,False
D2_M1_recovery,M1_autonomous_Schaefer,33.8,96,M1_autonomous_Schaefer,47.84088136221601,265.42102631015695,48.45653138349369,131.504734743624,False
D2_M1_recovery,M1_autonomous_Schaefer,33.8,96,M1b_autonomous_Allee,55.32459435748722,118.44944284593373,48.45653138349369,131.504734743624,False
D2_M1_recovery,M1_autonomous_Schaefer,33.8,96,M2_stockflow_regimeC,47.84088136221601,265.42102631015695,48.45653138349369,131.504734743624,False
D2_M1_recovery,M1_autonomous_Schaefer,33.8,96,M3_AR_residual,47.691205130331205,258.8682518796851,48.45653138349369,131.504734743624,False
D2_M1_recovery,M1_autonomous_Schaefer,33.8,96,M4_delayed_info,42.990752740816866,232.08767383525966,48.45653138349369,131.504734743624,False
D2_M1_recovery,M1_autonomous_Schaefer,33.8,97,M1_autonomous_Schaefer,45.44142913134463,79.66035439125862,44.918070870171306,85.29655968667537,False
D2_M1_recovery,M1_autonomous_Schaefer,33.8,97,M1b_autonomous_Allee,52.716737434029504,85.22231906202258,44.918070870171306,85.29655968667537,False
D2_M1_recovery,M1_autonomous_Schaefer,33.8,97,M2_stockflow_regimeC,45.44142913134463,79.66035439125862,44.918070870171306,85.29655968667537,False
D2_M1_recovery,M1_autonomous_Schaefer,33.8,97,M3_AR_residual,48.45279953076247,79.0728187617767,44.918070870171306,85.29655968667537,False
D2_M1_recovery,M1_autonomous_Schaefer,33.8,97,M4_delayed_info,56.001662962818166,81.29306344594617,44.918070870171306,85.29655968667537,False
D2_M1_recovery,M1_autonomous_Schaefer,33.8,98,M1_autonomous_Schaefer,45.63462319940507,80.18177784431815,43.18132139913831,73.77338516483944,False
D2_M1_recovery,M1_autonomous_Schaefer,33.8,98,M1b_autonomous_Allee,51.08357457328785,89.81601666666475,43.18132139913831,73.77338516483944,False
D2_M1_recovery,M1_autonomous_Schaefer,33.8,98,M2_stockflow_regimeC,45.63462319940507,80.18177784431815,43.18132139913831,73.77338516483944,False
D2_M1_recovery,M1_autonomous_Schaefer,33.8,98,M3_AR_residual,48.3360382430377,80.23516636707095,43.18132139913831,73.77338516483944,False
D2_M1_recovery,M1_autonomous_Schaefer,33.8,98,M4_delayed_info,51.50051856086608,78.34771651116095,43.18132139913831,73.77338516483944,False
D2_M1_recovery,M1_autonomous_Schaefer,33.8,99,M1_autonomous_Schaefer,41.12204635491414,130.7406272070016,40.14176098721536,115.5885430854417,False
D2_M1_recovery,M1_autonomous_Schaefer,33.8,99,M1b_autonomous_Allee,48.31884010060297,213.52084707583782,40.14176098721536,115.5885430854417,False
D2_M1_recovery,M1_autonomous_Schaefer,33.8,99,M2_stockflow_regimeC,41.12204635491414,130.7406272070016,40.14176098721536,115.5885430854417,False
D2_M1_recovery,M1_autonomous_Schaefer,33.8,99,M3_AR_residual,41.26842461581493,126.68673446414704,40.14176098721536,115.5885430854417,False
D2_M1_recovery,M1_autonomous_Schaefer,33.8,99,M4_delayed_info,42.43916244260964,121.86722910650371,40.14176098721536,115.5885430854417,False
D3_M2_stockflow,M2_stockflow_regimeC,11.8,0,M1_autonomous_Schaefer,56.50926810561147,68.85361255600367,33.07788901529303,57.522754150910515,False
D3_M2_stockflow,M2_stockflow_regimeC,11.8,0,M1b_autonomous_Allee,33.39163605292301,76.89421981953795,33.07788901529303,57.522754150910515,False
D3_M2_stockflow,M2_stockflow_regimeC,11.8,0,M2_stockflow_regimeC,54.24591782525238,34.00329725449416,33.07788901529303,57.522754150910515,False
D3_M2_stockflow,M2_stockflow_regimeC,11.8,0,M3_AR_residual,37.69741300220856,24.080221786766597,33.07788901529303,57.522754150910515,False
D3_M2_stockflow,M2_stockflow_regimeC,11.8,0,M4_delayed_info,33.60232705482041,22.921091355964098,33.07788901529303,57.522754150910515,False
D3_M2_stockflow,M2_stockflow_regimeC,11.8,1,M1_autonomous_Schaefer,61.83305993484844,64.27401238430984,44.41967020483962,56.95757409383403,False
D3_M2_stockflow,M2_stockflow_regimeC,11.8,1,M1b_autonomous_Allee,54.809510066447054,71.53750156879903,44.41967020483962,56.95757409383403,False
D3_M2_stockflow,M2_stockflow_regimeC,11.8,1,M2_stockflow_regimeC,61.06184431690885,42.9841164162786,44.41967020483962,56.95757409383403,False
D3_M2_stockflow,M2_stockflow_regimeC,11.8,1,M3_AR_residual,46.3544515760533,32.818347779345025,44.41967020483962,56.95757409383403,False
D3_M2_stockflow,M2_stockflow_regimeC,11.8,1,M4_delayed_info,48.41731541755891,36.456840711017016,44.41967020483962,56.95757409383403,False
D3_M2_stockflow,M2_stockflow_regimeC,11.8,2,M1_autonomous_Schaefer,76.68186715462859,118.35256246821082,71.87263711817711,81.63524842072658,False
D3_M2_stockflow,M2_stockflow_regimeC,11.8,2,M1b_autonomous_Allee,79.70325406634656,129.85391894109176,71.87263711817711,81.63524842072658,False
D3_M2_stockflow,M2_stockflow_regimeC,11.8,2,M2_stockflow_regimeC,75.96265170711487,63.515418725578634,71.87263711817711,81.63524842072658,False
D3_M2_stockflow,M2_stockflow_regimeC,11.8,2,M3_AR_residual,60.14088757420436,61.90455175499678,71.87263711817711,81.63524842072658,False
D3_M2_stockflow,M2_stockflow_regimeC,11.8,2,M4_delayed_info,60.71022726846718,62.144941920381626,71.87263711817711,81.63524842072658,False
D3_M2_stockflow,M2_stockflow_regimeC,11.8,3,M1_autonomous_Schaefer,59.64965186695806,100.08800311586522,49.64458692747072,63.15048821600247,False
D3_M2_stockflow,M2_stockflow_regimeC,11.8,3,M1b_autonomous_Allee,50.78491740600877,103.9970867957051,49.64458692747072,63.15048821600247,False
D3_M2_stockflow,M2_stockflow_regimeC,11.8,3,M2_stockflow_regimeC,62.06112794447598,47.14120392077211,49.64458692747072,63.15048821600247,False
D3_M2_stockflow,M2_stockflow_regimeC,11.8,3,M3_AR_residual,43.242797166379766,42.5635130074386,49.64458692747072,63.15048821600247,True
D3_M2_stockflow,M2_stockflow_regimeC,11.8,3,M4_delayed_info,50.1846777801453,41.84477610683965,49.64458692747072,63.15048821600247,False
D3_M2_stockflow,M2_stockflow_regimeC,11.8,4,M1_autonomous_Schaefer,73.93521626054407,79.93512438062295,82.64383597461378,83.56540567253228,False
D3_M2_stockflow,M2_stockflow_regimeC,11.8,4,M1b_autonomous_Allee,70.42576867511224,83.80199147861696,82.64383597461378,83.56540567253228,False
D3_M2_stockflow,M2_stockflow_regimeC,11.8,4,M2_stockflow_regimeC,62.89165319676378,51.38465584715099,82.64383597461378,83.56540567253228,True
D3_M2_stockflow,M2_stockflow_regimeC,11.8,4,M3_AR_residual,69.95102682226783,51.46237622622853,82.64383597461378,83.56540567253228,False
D3_M2_stockflow,M2_stockflow_regimeC,11.8,4,M4_delayed_info,60.62971536747522,50.7271087602123,82.64383597461378,83.56540567253228,False
D3_M2_stockflow,M2_stockflow_regimeC,11.8,5,M1_autonomous_Schaefer,69.50707962078275,97.53163810569023,48.11062474702099,55.84567852515194,False
D3_M2_stockflow,M2_stockflow_regimeC,11.8,5,M1b_autonomous_Allee,53.81521776227139,106.40658777620628,48.11062474702099,55.84567852515194,False
D3_M2_stockflow,M2_stockflow_regimeC,11.8,5,M2_stockflow_regimeC,67.43645949905581,53.1780227574558,48.11062474702099,55.84567852515194,False
D3_M2_stockflow,M2_stockflow_regimeC,11.8,5,M3_AR_residual,47.03745740889471,42.19457198028429,48.11062474702099,55.84567852515194,False
D3_M2_stockflow,M2_stockflow_regimeC,11.8,5,M4_delayed_info,42.20740932177072,42.67860955588538,48.11062474702099,55.84567852515194,False
D3_M2_stockflow,M2_stockflow_regimeC,11.8,6,M1_autonomous_Schaefer,43.73576219352922,91.5280460898158,33.23868391461262,53.36797618759048,False
D3_M2_stockflow,M2_stockflow_regimeC,11.8,6,M1b_autonomous_Allee,38.27134015871888,101.33526709527149,33.23868391461262,53.36797618759048,False
D3_M2_stockflow,M2_stockflow_regimeC,11.8,6,M2_stockflow_regimeC,58.17366912962385,41.035540887025334,33.23868391461262,53.36797618759048,False
D3_M2_stockflow,M2_stockflow_regimeC,11.8,6,M3_AR_residual,35.74479255040054,29.485443762435178,33.23868391461262,53.36797618759048,False
D3_M2_stockflow,M2_stockflow_regimeC,11.8,6,M4_delayed_info,40.36706937954253,35.29584323306177,33.23868391461262,53.36797618759048,False
D3_M2_stockflow,M2_stockflow_regimeC,11.8,7,M1_autonomous_Schaefer,67.08570118693444,72.73767502371149,48.99414114366428,63.057793778479066,False
D3_M2_stockflow,M2_stockflow_regimeC,11.8,7,M1b_autonomous_Allee,44.825284846417524,75.3468323672407,48.99414114366428,63.057793778479066,False
D3_M2_stockflow,M2_stockflow_regimeC,11.8,7,M2_stockflow_regimeC,56.80823710282026,41.52123299289401,48.99414114366428,63.057793778479066,False
D3_M2_stockflow,M2_stockflow_regimeC,11.8,7,M3_AR_residual,43.54263636714752,34.484311178391906,48.99414114366428,63.057793778479066,True
D3_M2_stockflow,M2_stockflow_regimeC,11.8,7,M4_delayed_info,42.38284551545283,34.50330442196459,48.99414114366428,63.057793778479066,False
D3_M2_stockflow,M2_stockflow_regimeC,11.8,8,M1_autonomous_Schaefer,88.0165178546325,129.78899750825138,95.50921283159079,92.23185885828323,False
D3_M2_stockflow,M2_stockflow_regimeC,11.8,8,M1b_autonomous_Allee,82.9890332369623,195.29183746230723,95.50921283159079,92.23185885828323,False
D3_M2_stockflow,M2_stockflow_regimeC,11.8,8,M2_stockflow_regimeC,84.46327767187508,77.71619182950873,95.50921283159079,92.23185885828323,False
D3_M2_stockflow,M2_stockflow_regimeC,11.8,8,M3_AR_residual,77.53906771100479,78.03738668574728,95.50921283159079,92.23185885828323,False
D3_M2_stockflow,M2_stockflow_regimeC,11.8,8,M4_delayed_info,80.67548850744089,81.54404341978042,95.50921283159079,92.23185885828323,False
D3_M2_stockflow,M2_stockflow_regimeC,11.8,9,M1_autonomous_Schaefer,88.11788429518137,92.9501565503393,87.89756140324232,98.05168281621178,False
D3_M2_stockflow,M2_stockflow_regimeC,11.8,9,M1b_autonomous_Allee,69.13645814631636,105.04033950988995,87.89756140324232,98.05168281621178,False
D3_M2_stockflow,M2_stockflow_regimeC,11.8,9,M2_stockflow_regimeC,75.51041470955523,66.4370180514469,87.89756140324232,98.05168281621178,True
D3_M2_stockflow,M2_stockflow_regimeC,11.8,9,M3_AR_residual,69.19728358880045,66.3494296674957,87.89756140324232,98.05168281621178,False
D3_M2_stockflow,M2_stockflow_regimeC,11.8,9,M4_delayed_info,68.41614394568623,66.56177973310953,87.89756140324232,98.05168281621178,False
D3_M2_stockflow,M2_stockflow_regimeC,11.8,10,M1_autonomous_Schaefer,59.2122387875509,71.23457116388497,45.447701638571296,62.46020843874007,False
D3_M2_stockflow,M2_stockflow_regimeC,11.8,10,M1b_autonomous_Allee,43.55923106377246,69.69353830892322,45.447701638571296,62.46020843874007,False
D3_M2_stockflow,M2_stockflow_regimeC,11.8,10,M2_stockflow_regimeC,60.64596173631238,42.193815509174755,45.447701638571296,62.46020843874007,False
D3_M2_stockflow,M2_stockflow_regimeC,11.8,10,M3_AR_residual,44.9868621472906,40.035767150480446,45.447701638571296,62.46020843874007,False
D3_M2_stockflow,M2_stockflow_regimeC,11.8,10,M4_delayed_info,51.20154614423592,40.92592337066157,45.447701638571296,62.46020843874007,False
D3_M2_stockflow,M2_stockflow_regimeC,11.8,11,M1_autonomous_Schaefer,43.92412177348496,86.15884155880984,40.303283817649046,62.90202783821805,False
D3_M2_stockflow,M2_stockflow_regimeC,11.8,11,M1b_autonomous_Allee,36.75685031848106,80.0154466425225,40.303283817649046,62.90202783821805,False
D3_M2_stockflow,M2_stockflow_regimeC,11.8,11,M2_stockflow_regimeC,52.91387489086462,37.6531151319842,40.303283817649046,62.90202783821805,False
D3_M2_stockflow,M2_stockflow_regimeC,11.8,11,M3_AR_residual,41.35613232631209,32.59153327123966,40.303283817649046,62.90202783821805,False
D3_M2_stockflow,M2_stockflow_regimeC,11.8,11,M4_delayed_info,40.62889319443009,36.336730097819476,40.303283817649046,62.90202783821805,False
D3_M2_stockflow,M2_stockflow_regimeC,11.8,12,M1_autonomous_Schaefer,62.32575204605151,87.38460017749576,36.13223122832514,52.51752905922805,False
D3_M2_stockflow,M2_stockflow_regimeC,11.8,12,M1b_autonomous_Allee,37.954421484756686,75.43067282549542,36.13223122832514,52.51752905922805,False
D3_M2_stockflow,M2_stockflow_regimeC,11.8,12,M2_stockflow_regimeC,63.25308438930223,44.195661798967556,36.13223122832514,52.51752905922805,False
D3_M2_stockflow,M2_stockflow_regimeC,11.8,12,M3_AR_residual,36.32669877941483,30.016670545108042,36.13223122832514,52.51752905922805,False
D3_M2_stockflow,M2_stockflow_regimeC,11.8,12,M4_delayed_info,42.71014964303444,30.28476396654163,36.13223122832514,52.51752905922805,False
D3_M2_stockflow,M2_stockflow_regimeC,11.8,13,M1_autonomous_Schaefer,47.324545652851704,96.96450224693976,40.97870198163239,54.82521616847567,False
D3_M2_stockflow,M2_stockflow_regimeC,11.8,13,M1b_autonomous_Allee,46.43809875453737,103.05163872603671,40.97870198163239,54.82521616847567,False
D3_M2_stockflow,M2_stockflow_regimeC,11.8,13,M2_stockflow_regimeC,59.037751381123435,42.637413920847095,40.97870198163239,54.82521616847567,False
D3_M2_stockflow,M2_stockflow_regimeC,11.8,13,M3_AR_residual,40.29565814107851,31.279250287569024,40.97870198163239,54.82521616847567,False
D3_M2_stockflow,M2_stockflow_regimeC,11.8,13,M4_delayed_info,44.06880126396578,36.134990301697876,40.97870198163239,54.82521616847567,False
D3_M2_stockflow,M2_stockflow_regimeC,11.8,14,M1_autonomous_Schaefer,97.78448235816803,131.4161958869602,113.09519103921218,121.24240546785097,False
D3_M2_stockflow,M2_stockflow_regimeC,11.8,14,M1b_autonomous_Allee,87.84030177834245,135.29255638890194,113.09519103921218,121.24240546785097,False
D3_M2_stockflow,M2_stockflow_regimeC,11.8,14,M2_stockflow_regimeC,89.47844750140338,84.12424847475253,113.09519103921218,121.24240546785097,True
D3_M2_stockflow,M2_stockflow_regimeC,11.8,14,M3_AR_residual,87.45936498460046,82.26984102891754,113.09519103921218,121.24240546785097,False
D3_M2_stockflow,M2_stockflow_regimeC,11.8,14,M4_delayed_info,86.63849659102672,90.03062621847735,113.09519103921218,121.24240546785097,False
D3_M2_stockflow,M2_stockflow_regimeC,11.8,15,M1_autonomous_Schaefer,69.8687300820319,80.72824706711663,61.8059118592588,73.76147947917528,False
D3_M2_stockflow,M2_stockflow_regimeC,11.8,15,M1b_autonomous_Allee,53.462970018604416,86.95446428825124,61.8059118592588,73.76147947917528,False
D3_M2_stockflow,M2_stockflow_regimeC,11.8,15,M2_stockflow_regimeC,59.812420944813574,45.25315080709904,61.8059118592588,73.76147947917528,False
D3_M2_stockflow,M2_stockflow_regimeC,11.8,15,M3_AR_residual,51.79108523643168,43.57069202682435,61.8059118592588,73.76147947917528,False
D3_M2_stockflow,M2_stockflow_regimeC,11.8,15,M4_delayed_info,48.80825509896445,45.068908347547804,61.8059118592588,73.76147947917528,False
D3_M2_stockflow,M2_stockflow_regimeC,11.8,16,M1_autonomous_Schaefer,59.0768113562128,96.11529878711677,37.460873498944856,60.53921430937094,False
D3_M2_stockflow,M2_stockflow_regimeC,11.8,16,M1b_autonomous_Allee,39.54795537351122,96.7517249264544,37.460873498944856,60.53921430937094,False
D3_M2_stockflow,M2_stockflow_regimeC,11.8,16,M2_stockflow_regimeC,64.03140727443541,43.63137065675197,37.460873498944856,60.53921430937094,False
D3_M2_stockflow,M2_stockflow_regimeC,11.8,16,M3_AR_residual,43.56625495126647,30.751505556492713,37.460873498944856,60.53921430937094,False
D3_M2_stockflow,M2_stockflow_regimeC,11.8,16,M4_delayed_info,39.08090847521399,31.36145911563244,37.460873498944856,60.53921430937094,False
D3_M2_stockflow,M2_stockflow_regimeC,11.8,17,M1_autonomous_Schaefer,68.2815432962895,78.54100107014922,55.560639298062405,68.90787520163762,False
D3_M2_stockflow,M2_stockflow_regimeC,11.8,17,M1b_autonomous_Allee,54.230282457451246,88.69850894792917,55.560639298062405,68.90787520163762,False
D3_M2_stockflow,M2_stockflow_regimeC,11.8,17,M2_stockflow_regimeC,62.085474410160366,48.13886785953275,55.560639298062405,68.90787520163762,False
D3_M2_stockflow,M2_stockflow_regimeC,11.8,17,M3_AR_residual,48.257334752947045,46.30314733134236,55.560639298062405,68.90787520163762,False
D3_M2_stockflow,M2_stockflow_regimeC,11.8,17,M4_delayed_info,50.71185030653444,49.63755934031415,55.560639298062405,68.90787520163762,False
D3_M2_stockflow,M2_stockflow_regimeC,11.8,18,M1_autonomous_Schaefer,68.78446683602414,106.80275813052378,46.413352959523394,62.63128033124156,False
D3_M2_stockflow,M2_stockflow_regimeC,11.8,18,M1b_autonomous_Allee,49.035825957268806,96.74313725767011,46.413352959523394,62.63128033124156,False
D3_M2_stockflow,M2_stockflow_regimeC,11.8,18,M2_stockflow_regimeC,58.34667142900433,43.84040177708986,46.413352959523394,62.63128033124156,False
D3_M2_stockflow,M2_stockflow_regimeC,11.8,18,M3_AR_residual,39.84682352110169,37.758692277554246,46.413352959523394,62.63128033124156,True
D3_M2_stockflow,M2_stockflow_regimeC,11.8,18,M4_delayed_info,46.75846561516775,43.18300189700393,46.413352959523394,62.63128033124156,False
D3_M2_stockflow,M2_stockflow_regimeC,11.8,19,M1_autonomous_Schaefer,63.531113502448456,72.7772251621477,58.82507876727249,67.1818574322899,False
D3_M2_stockflow,M2_stockflow_regimeC,11.8,19,M1b_autonomous_Allee,56.65092679061936,79.09380644280874,58.82507876727249,67.1818574322899,False
D3_M2_stockflow,M2_stockflow_regimeC,11.8,19,M2_stockflow_regimeC,54.54972712125892,46.7711611568304,58.82507876727249,67.1818574322899,True
D3_M2_stockflow,M2_stockflow_regimeC,11.8,19,M3_AR_residual,47.57459805090145,43.45956414681136,58.82507876727249,67.1818574322899,True
D3_M2_stockflow,M2_stockflow_regimeC,11.8,19,M4_delayed_info,48.43983853077986,47.28946279017764,58.82507876727249,67.1818574322899,False
D3_M2_stockflow,M2_stockflow_regimeC,11.8,20,M1_autonomous_Schaefer,62.78213563648751,71.75980759794486,44.8361281050825,65.6287040101453,False
D3_M2_stockflow,M2_stockflow_regimeC,11.8,20,M1b_autonomous_Allee,42.933568780854564,78.1965813531135,44.8361281050825,65.6287040101453,False
D3_M2_stockflow,M2_stockflow_regimeC,11.8,20,M2_stockflow_regimeC,51.03570895564113,32.89008609143773,44.8361281050825,65.6287040101453,False
D3_M2_stockflow,M2_stockflow_regimeC,11.8,20,M3_AR_residual,39.345210243737405,30.765351552725747,44.8361281050825,65.6287040101453,True
D3_M2_stockflow,M2_stockflow_regimeC,11.8,20,M4_delayed_info,42.13894937799693,32.414976269595876,44.8361281050825,65.6287040101453,False
D3_M2_stockflow,M2_stockflow_regimeC,11.8,21,M1_autonomous_Schaefer,75.78141875263996,98.05782210661052,66.32659325633092,77.31610434390817,False
D3_M2_stockflow,M2_stockflow_regimeC,11.8,21,M1b_autonomous_Allee,58.64903728774419,100.57673725349596,66.32659325633092,77.31610434390817,False
D3_M2_stockflow,M2_stockflow_regimeC,11.8,21,M2_stockflow_regimeC,65.60361768844585,52.58910776530681,66.32659325633092,77.31610434390817,False
D3_M2_stockflow,M2_stockflow_regimeC,11.8,21,M3_AR_residual,57.64160570118782,48.31806128479368,66.32659325633092,77.31610434390817,True
D3_M2_stockflow,M2_stockflow_regimeC,11.8,21,M4_delayed_info,54.24576215810064,47.438177415478705,66.32659325633092,77.31610434390817,False
D3_M2_stockflow,M2_stockflow_regimeC,11.8,22,M1_autonomous_Schaefer,58.62413179295122,66.47692923454893,41.75789471500578,59.09445615596149,False
D3_M2_stockflow,M2_stockflow_regimeC,11.8,22,M1b_autonomous_Allee,38.49236403425434,65.84152177024504,41.75789471500578,59.09445615596149,False
D3_M2_stockflow,M2_stockflow_regimeC,11.8,22,M2_stockflow_regimeC,56.08632858299502,40.020427867022086,41.75789471500578,59.09445615596149,False
D3_M2_stockflow,M2_stockflow_regimeC,11.8,22,M3_AR_residual,44.02485678824961,36.112555436273844,41.75789471500578,59.09445615596149,False
D3_M2_stockflow,M2_stockflow_regimeC,11.8,22,M4_delayed_info,40.41122611393731,36.525161657745485,41.75789471500578,59.09445615596149,False
D3_M2_stockflow,M2_stockflow_regimeC,11.8,23,M1_autonomous_Schaefer,63.311678119673445,64.8298103759002,47.15624737403582,64.05574975261517,False
D3_M2_stockflow,M2_stockflow_regimeC,11.8,23,M1b_autonomous_Allee,41.484643840658386,73.66081725072037,47.15624737403582,64.05574975261517,False
D3_M2_stockflow,M2_stockflow_regimeC,11.8,23,M2_stockflow_regimeC,58.97478202237192,45.964806148802936,47.15624737403582,64.05574975261517,False
D3_M2_stockflow,M2_stockflow_regimeC,11.8,23,M3_AR_residual,44.98218800490452,40.767717782899595,47.15624737403582,64.05574975261517,False
D3_M2_stockflow,M2_stockflow_regimeC,11.8,23,M4_delayed_info,41.46152466272513,41.10977447174962,47.15624737403582,64.05574975261517,False
D3_M2_stockflow,M2_stockflow_regimeC,11.8,24,M1_autonomous_Schaefer,62.63257104664518,71.53166112903718,46.45114264058895,60.65238159840931,False
D3_M2_stockflow,M2_stockflow_regimeC,11.8,24,M1b_autonomous_Allee,43.82678595582426,73.79739702202728,46.45114264058895,60.65238159840931,False
D3_M2_stockflow,M2_stockflow_regimeC,11.8,24,M2_stockflow_regimeC,57.68287989319262,41.93249651017075,46.45114264058895,60.65238159840931,False
D3_M2_stockflow,M2_stockflow_regimeC,11.8,24,M3_AR_residual,43.465410829223806,37.22430666529456,46.45114264058895,60.65238159840931,True
D3_M2_stockflow,M2_stockflow_regimeC,11.8,24,M4_delayed_info,43.87367103953932,39.183054522876404,46.45114264058895,60.65238159840931,False
D3_M2_stockflow,M2_stockflow_regimeC,11.8,25,M1_autonomous_Schaefer,80.32751836264629,118.31960412955394,77.64512194781743,88.62150537680469,False
D3_M2_stockflow,M2_stockflow_regimeC,11.8,25,M1b_autonomous_Allee,70.94912592198857,103.72208334561182,77.64512194781743,88.62150537680469,False
D3_M2_stockflow,M2_stockflow_regimeC,11.8,25,M2_stockflow_regimeC,73.42837361899774,64.32657947212432,77.64512194781743,88.62150537680469,True
D3_M2_stockflow,M2_stockflow_regimeC,11.8,25,M3_AR_residual,63.15427806307762,62.72026032676759,77.64512194781743,88.62150537680469,False
D3_M2_stockflow,M2_stockflow_regimeC,11.8,25,M4_delayed_info,65.85702439244481,66.18726548538032,77.64512194781743,88.62150537680469,False
D3_M2_stockflow,M2_stockflow_regimeC,11.8,26,M1_autonomous_Schaefer,53.41489213344596,70.40576241869805,34.17295813583096,55.473026498332786,False
D3_M2_stockflow,M2_stockflow_regimeC,11.8,26,M1b_autonomous_Allee,32.51114830078924,74.15598199944961,34.17295813583096,55.473026498332786,False
D3_M2_stockflow,M2_stockflow_regimeC,11.8,26,M2_stockflow_regimeC,51.29612823973705,32.6385045110389,34.17295813583096,55.473026498332786,False
D3_M2_stockflow,M2_stockflow_regimeC,11.8,26,M3_AR_residual,37.514355605031845,25.69854442688089,34.17295813583096,55.473026498332786,False
D3_M2_stockflow,M2_stockflow_regimeC,11.8,26,M4_delayed_info,40.17169129711875,27.403504170437603,34.17295813583096,55.473026498332786,False
D3_M2_stockflow,M2_stockflow_regimeC,11.8,27,M1_autonomous_Schaefer,60.26111291279133,93.54794271593472,39.14508052771667,53.157016036143816,False
D3_M2_stockflow,M2_stockflow_regimeC,11.8,27,M1b_autonomous_Allee,39.489284506371995,77.71369229123458,39.14508052771667,53.157016036143816,False
D3_M2_stockflow,M2_stockflow_regimeC,11.8,27,M2_stockflow_regimeC,56.945586719911404,43.54798790750163,39.14508052771667,53.157016036143816,False
D3_M2_stockflow,M2_stockflow_regimeC,11.8,27,M3_AR_residual,38.90112131475746,37.01801603434518,39.14508052771667,53.157016036143816,False
D3_M2_stockflow,M2_stockflow_regimeC,11.8,27,M4_delayed_info,43.88879647245502,40.35457088746236,39.14508052771667,53.157016036143816,False
D3_M2_stockflow,M2_stockflow_regimeC,11.8,28,M1_autonomous_Schaefer,50.65127588310294,100.263714538055,44.76534146587946,57.553853269233294,False
D3_M2_stockflow,M2_stockflow_regimeC,11.8,28,M1b_autonomous_Allee,54.49091793131539,406.75058801241875,44.76534146587946,57.553853269233294,False
D3_M2_stockflow,M2_stockflow_regimeC,11.8,28,M2_stockflow_regimeC,69.60728372049199,55.24585496622911,44.76534146587946,57.553853269233294,False
D3_M2_stockflow,M2_stockflow_regimeC,11.8,28,M3_AR_residual,43.11025570515587,39.721624546450016,44.76534146587946,57.553853269233294,False
D3_M2_stockflow,M2_stockflow_regimeC,11.8,28,M4_delayed_info,48.27445714990499,44.15366930799908,44.76534146587946,57.553853269233294,False
D3_M2_stockflow,M2_stockflow_regimeC,11.8,29,M1_autonomous_Schaefer,59.88027968052794,71.56666166130316,42.11310915835494,62.12642654068988,False
D3_M2_stockflow,M2_stockflow_regimeC,11.8,29,M1b_autonomous_Allee,41.086784820025144,72.77601578038444,42.11310915835494,62.12642654068988,False
D3_M2_stockflow,M2_stockflow_regimeC,11.8,29,M2_stockflow_regimeC,49.2120503072264,27.439815146653004,42.11310915835494,62.12642654068988,False
D3_M2_stockflow,M2_stockflow_regimeC,11.8,29,M3_AR_residual,40.915742291106916,25.472337940818857,42.11310915835494,62.12642654068988,False
D3_M2_stockflow,M2_stockflow_regimeC,11.8,29,M4_delayed_info,39.839456322043574,25.860941153213943,42.11310915835494,62.12642654068988,False
D3_M2_stockflow,M2_stockflow_regimeC,11.8,30,M1_autonomous_Schaefer,57.23750149356626,104.63481165671658,55.35182378996172,65.85230766748403,False
D3_M2_stockflow,M2_stockflow_regimeC,11.8,30,M1b_autonomous_Allee,55.74643189688938,133.7854189456673,55.35182378996172,65.85230766748403,False
D3_M2_stockflow,M2_stockflow_regimeC,11.8,30,M2_stockflow_regimeC,65.05559159303687,55.62683599009991,55.35182378996172,65.85230766748403,False
D3_M2_stockflow,M2_stockflow_regimeC,11.8,30,M3_AR_residual,48.266414575092874,49.33286073904543,55.35182378996172,65.85230766748403,True
D3_M2_stockflow,M2_stockflow_regimeC,11.8,30,M4_delayed_info,46.37559744793154,49.91842256148268,55.35182378996172,65.85230766748403,False
D3_M2_stockflow,M2_stockflow_regimeC,11.8,31,M1_autonomous_Schaefer,76.12056667202042,86.64044422643755,63.42758792148987,69.68507979166708,False
D3_M2_stockflow,M2_stockflow_regimeC,11.8,31,M1b_autonomous_Allee,70.99858110246777,94.12007716363459,63.42758792148987,69.68507979166708,False
D3_M2_stockflow,M2_stockflow_regimeC,11.8,31,M2_stockflow_regimeC,70.28318501104633,59.05469188636018,63.42758792148987,69.68507979166708,False
D3_M2_stockflow,M2_stockflow_regimeC,11.8,31,M3_AR_residual,53.52051642035349,55.89723505657384,63.42758792148987,69.68507979166708,True
D3_M2_stockflow,M2_stockflow_regimeC,11.8,31,M4_delayed_info,58.0756745543123,59.53986211772852,63.42758792148987,69.68507979166708,False
D3_M2_stockflow,M2_stockflow_regimeC,11.8,32,M1_autonomous_Schaefer,96.97509887512201,124.12826202385611,117.75053278500172,127.05899722412553,False
D3_M2_stockflow,M2_stockflow_regimeC,11.8,32,M1b_autonomous_Allee,100.65540932315504,132.1673653151855,117.75053278500172,127.05899722412553,False
D3_M2_stockflow,M2_stockflow_regimeC,11.8,32,M2_stockflow_regimeC,94.98975224077891,91.19390881930997,117.75053278500172,127.05899722412553,False
D3_M2_stockflow,M2_stockflow_regimeC,11.8,32,M3_AR_residual,98.46850846935452,91.58772622672942,117.75053278500172,127.05899722412553,False
D3_M2_stockflow,M2_stockflow_regimeC,11.8,32,M4_delayed_info,95.15746515189718,93.07357924417114,117.75053278500172,127.05899722412553,False
D3_M2_stockflow,M2_stockflow_regimeC,11.8,33,M1_autonomous_Schaefer,78.51781085447101,124.51148417204223,66.81615857426162,74.7874164149239,False
D3_M2_stockflow,M2_stockflow_regimeC,11.8,33,M1b_autonomous_Allee,70.19079770991203,134.926031409947,66.81615857426162,74.7874164149239,False
D3_M2_stockflow,M2_stockflow_regimeC,11.8,33,M2_stockflow_regimeC,78.37737024520807,67.33425009478357,66.81615857426162,74.7874164149239,False
D3_M2_stockflow,M2_stockflow_regimeC,11.8,33,M3_AR_residual,58.89254028243413,65.12466053300057,66.81615857426162,74.7874164149239,False
D3_M2_stockflow,M2_stockflow_regimeC,11.8,33,M4_delayed_info,62.87470248790684,65.69242408933711,66.81615857426162,74.7874164149239,False
D3_M2_stockflow,M2_stockflow_regimeC,11.8,34,M1_autonomous_Schaefer,58.02422330078985,93.96354964812939,44.194907061339805,58.57809071397297,False
D3_M2_stockflow,M2_stockflow_regimeC,11.8,34,M1b_autonomous_Allee,43.53301297864694,83.28587498412527,44.194907061339805,58.57809071397297,False
D3_M2_stockflow,M2_stockflow_regimeC,11.8,34,M2_stockflow_regimeC,62.20884507310667,49.25620027108267,44.194907061339805,58.57809071397297,False
D3_M2_stockflow,M2_stockflow_regimeC,11.8,34,M3_AR_residual,40.75574817131672,41.3078186452,44.194907061339805,58.57809071397297,True
D3_M2_stockflow,M2_stockflow_regimeC,11.8,34,M4_delayed_info,44.08400462008391,45.855294552443986,44.194907061339805,58.57809071397297,False
D3_M2_stockflow,M2_stockflow_regimeC,11.8,35,M1_autonomous_Schaefer,45.573716330353996,101.53938645760927,42.58474503858502,57.12853239050313,False
D3_M2_stockflow,M2_stockflow_regimeC,11.8,35,M1b_autonomous_Allee,46.599850776295796,133.21901808350003,42.58474503858502,57.12853239050313,False
D3_M2_stockflow,M2_stockflow_regimeC,11.8,35,M2_stockflow_regimeC,59.96795257574808,44.14560154994905,42.58474503858502,57.12853239050313,False
D3_M2_stockflow,M2_stockflow_regimeC,11.8,35,M3_AR_residual,38.932804614526226,33.635260523237775,42.58474503858502,57.12853239050313,True
D3_M2_stockflow,M2_stockflow_regimeC,11.8,35,M4_delayed_info,38.645138617710415,33.32402672957806,42.58474503858502,57.12853239050313,False
D3_M2_stockflow,M2_stockflow_regimeC,11.8,36,M1_autonomous_Schaefer,68.7731833896316,118.18114997576374,65.75231882930473,75.70699211221009,False
D3_M2_stockflow,M2_stockflow_regimeC,11.8,36,M1b_autonomous_Allee,71.16764051081176,476.14398857460975,65.75231882930473,75.70699211221009,False
D3_M2_stockflow,M2_stockflow_regimeC,11.8,36,M2_stockflow_regimeC,76.1198564159634,64.74617848263108,65.75231882930473,75.70699211221009,False
D3_M2_stockflow,M2_stockflow_regimeC,11.8,36,M3_AR_residual,59.22225192849441,56.980114246774775,65.75231882930473,75.70699211221009,True
D3_M2_stockflow,M2_stockflow_regimeC,11.8,36,M4_delayed_info,63.25575670660251,61.69105226098209,65.75231882930473,75.70699211221009,False
D3_M2_stockflow,M2_stockflow_regimeC,11.8,37,M1_autonomous_Schaefer,69.71058860743157,98.55377659678237,50.289299690281986,66.18799935585318,False
D3_M2_stockflow,M2_stockflow_regimeC,11.8,37,M1b_autonomous_Allee,47.55255328388453,84.30666905092374,50.289299690281986,66.18799935585318,False
D3_M2_stockflow,M2_stockflow_regimeC,11.8,37,M2_stockflow_regimeC,67.78353908966064,52.348670734721665,50.289299690281986,66.18799935585318,False
D3_M2_stockflow,M2_stockflow_regimeC,11.8,37,M3_AR_residual,46.74837023011271,46.553460295353766,50.289299690281986,66.18799935585318,True
D3_M2_stockflow,M2_stockflow_regimeC,11.8,37,M4_delayed_info,47.421173467132206,45.83463305283704,50.289299690281986,66.18799935585318,False
D3_M2_stockflow,M2_stockflow_regimeC,11.8,38,M1_autonomous_Schaefer,47.361902938141185,93.25732973265728,40.14348965534232,65.67264061908215,False
D3_M2_stockflow,M2_stockflow_regimeC,11.8,38,M1b_autonomous_Allee,40.00895246081691,84.6839248160609,40.14348965534232,65.67264061908215,False
D3_M2_stockflow,M2_stockflow_regimeC,11.8,38,M2_stockflow_regimeC,55.303297382803855,40.60660603970878,40.14348965534232,65.67264061908215,False
D3_M2_stockflow,M2_stockflow_regimeC,11.8,38,M3_AR_residual,40.75209975660634,33.816526427469135,40.14348965534232,65.67264061908215,False
D3_M2_stockflow,M2_stockflow_regimeC,11.8,38,M4_delayed_info,39.08539106513543,42.19759839228357,40.14348965534232,65.67264061908215,False
D3_M2_stockflow,M2_stockflow_regimeC,11.8,39,M1_autonomous_Schaefer,58.69439486380691,71.14097431897636,41.70086628596522,60.299901995461326,False
D3_M2_stockflow,M2_stockflow_regimeC,11.8,39,M1b_autonomous_Allee,52.65516594954863,81.69117953355303,41.70086628596522,60.299901995461326,False
D3_M2_stockflow,M2_stockflow_regimeC,11.8,39,M2_stockflow_regimeC,53.30673937522761,33.6332001974532,41.70086628596522,60.299901995461326,False
D3_M2_stockflow,M2_stockflow_regimeC,11.8,39,M3_AR_residual,41.66818454679142,42.33968525046948,41.70086628596522,60.299901995461326,False
D3_M2_stockflow,M2_stockflow_regimeC,11.8,39,M4_delayed_info,41.01121147852578,40.659600354990076,41.70086628596522,60.299901995461326,False
D3_M2_stockflow,M2_stockflow_regimeC,11.8,40,M1_autonomous_Schaefer,58.79196190548563,97.43396579665607,57.463745765231074,70.34370071529649,False
D3_M2_stockflow,M2_stockflow_regimeC,11.8,40,M1b_autonomous_Allee,60.07477366563541,117.0783548019842,57.463745765231074,70.34370071529649,False
D3_M2_stockflow,M2_stockflow_regimeC,11.8,40,M2_stockflow_regimeC,60.75242888550099,49.47973214276529,57.463745765231074,70.34370071529649,False
D3_M2_stockflow,M2_stockflow_regimeC,11.8,40,M3_AR_residual,47.44676625293247,46.799013629692126,57.463745765231074,70.34370071529649,True
D3_M2_stockflow,M2_stockflow_regimeC,11.8,40,M4_delayed_info,46.78092202771698,48.10200537762987,57.463745765231074,70.34370071529649,False
D3_M2_stockflow,M2_stockflow_regimeC,11.8,41,M1_autonomous_Schaefer,73.49623536945282,113.74255296103821,63.02531357073178,74.24937284564106,False
D3_M2_stockflow,M2_stockflow_regimeC,11.8,41,M1b_autonomous_Allee,65.33404496472679,132.31776060059155,63.02531357073178,74.24937284564106,False
D3_M2_stockflow,M2_stockflow_regimeC,11.8,41,M2_stockflow_regimeC,75.1343995664328,59.26397202511563,63.02531357073178,74.24937284564106,False
D3_M2_stockflow,M2_stockflow_regimeC,11.8,41,M3_AR_residual,55.05958669190998,52.35445252244704,63.02531357073178,74.24937284564106,True
D3_M2_stockflow,M2_stockflow_regimeC,11.8,41,M4_delayed_info,55.67519962857879,53.00774030446735,63.02531357073178,74.24937284564106,False
D3_M2_stockflow,M2_stockflow_regimeC,11.8,42,M1_autonomous_Schaefer,79.30272482390819,85.63582273401771,79.0200146388035,92.76494898817101,False
D3_M2_stockflow,M2_stockflow_regimeC,11.8,42,M1b_autonomous_Allee,62.9711314739496,91.09727740570696,79.0200146388035,92.76494898817101,False
D3_M2_stockflow,M2_stockflow_regimeC,11.8,42,M2_stockflow_regimeC,74.6166056165468,61.34802184246153,79.0200146388035,92.76494898817101,True
D3_M2_stockflow,M2_stockflow_regimeC,11.8,42,M3_AR_residual,64.29280560978484,60.58430646470783,79.0200146388035,92.76494898817101,False
D3_M2_stockflow,M2_stockflow_regimeC,11.8,42,M4_delayed_info,67.45839223950951,61.745202696246615,79.0200146388035,92.76494898817101,False
D3_M2_stockflow,M2_stockflow_regimeC,11.8,43,M1_autonomous_Schaefer,58.74067504140042,66.6281303713221,35.45245818091664,54.77269845627182,False
D3_M2_stockflow,M2_stockflow_regimeC,11.8,43,M1b_autonomous_Allee,38.210056176070296,82.00635106160291,35.45245818091664,54.77269845627182,False
D3_M2_stockflow,M2_stockflow_regimeC,11.8,43,M2_stockflow_regimeC,53.52193501359296,36.4570661134647,35.45245818091664,54.77269845627182,False
D3_M2_stockflow,M2_stockflow_regimeC,11.8,43,M3_AR_residual,37.26037286382601,27.35496903789222,35.45245818091664,54.77269845627182,False
D3_M2_stockflow,M2_stockflow_regimeC,11.8,43,M4_delayed_info,39.155263553197855,27.154716759158394,35.45245818091664,54.77269845627182,False
D3_M2_stockflow,M2_stockflow_regimeC,11.8,44,M1_autonomous_Schaefer,66.72287267776579,74.44984203449232,51.44909952977165,67.18520682628794,False
D3_M2_stockflow,M2_stockflow_regimeC,11.8,44,M1b_autonomous_Allee,49.77171621898258,87.60898430259358,51.44909952977165,67.18520682628794,False
D3_M2_stockflow,M2_stockflow_regimeC,11.8,44,M2_stockflow_regimeC,59.06941571873497,42.58729448937324,51.44909952977165,67.18520682628794,False
D3_M2_stockflow,M2_stockflow_regimeC,11.8,44,M3_AR_residual,44.324857208628345,37.58093538907305,51.44909952977165,67.18520682628794,True
D3_M2_stockflow,M2_stockflow_regimeC,11.8,44,M4_delayed_info,44.49487095729877,37.892716691320885,51.44909952977165,67.18520682628794,False
D3_M2_stockflow,M2_stockflow_regimeC,11.8,45,M1_autonomous_Schaefer,59.58446433472772,67.10091002233551,41.32651471880991,54.461491621686584,False
D3_M2_stockflow,M2_stockflow_regimeC,11.8,45,M1b_autonomous_Allee,38.20174553696028,70.26606687091255,41.32651471880991,54.461491621686584,False
D3_M2_stockflow,M2_stockflow_regimeC,11.8,45,M2_stockflow_regimeC,56.526312380235865,38.385811785188274,41.32651471880991,54.461491621686584,False
D3_M2_stockflow,M2_stockflow_regimeC,11.8,45,M3_AR_residual,42.26565578609806,43.65149758852011,41.32651471880991,54.461491621686584,False
D3_M2_stockflow,M2_stockflow_regimeC,11.8,45,M4_delayed_info,49.232236468612875,40.23791189486938,41.32651471880991,54.461491621686584,False
D3_M2_stockflow,M2_stockflow_regimeC,11.8,46,M1_autonomous_Schaefer,80.2393763553163,88.92461245923633,69.47608464244728,79.19124949301305,False
D3_M2_stockflow,M2_stockflow_regimeC,11.8,46,M1b_autonomous_Allee,53.33284385995505,73.81766742046817,69.47608464244728,79.19124949301305,True
D3_M2_stockflow,M2_stockflow_regimeC,11.8,46,M2_stockflow_regimeC,69.74817788283003,60.63282470479932,69.47608464244728,79.19124949301305,False
D3_M2_stockflow,M2_stockflow_regimeC,11.8,46,M3_AR_residual,54.89553152780946,59.68864494308989,69.47608464244728,79.19124949301305,False
D3_M2_stockflow,M2_stockflow_regimeC,11.8,46,M4_delayed_info,59.62475635406538,62.33789523124106,69.47608464244728,79.19124949301305,False
D3_M2_stockflow,M2_stockflow_regimeC,11.8,47,M1_autonomous_Schaefer,59.48193522295993,86.08832963104632,42.778354666702256,60.441410792027305,False
D3_M2_stockflow,M2_stockflow_regimeC,11.8,47,M1b_autonomous_Allee,40.326661935144784,75.13369366682814,42.778354666702256,60.441410792027305,False
D3_M2_stockflow,M2_stockflow_regimeC,11.8,47,M2_stockflow_regimeC,60.154278538491134,43.76997784443816,42.778354666702256,60.441410792027305,False
D3_M2_stockflow,M2_stockflow_regimeC,11.8,47,M3_AR_residual,39.862666467211646,35.63427090191243,42.778354666702256,60.441410792027305,True
D3_M2_stockflow,M2_stockflow_regimeC,11.8,47,M4_delayed_info,37.3959958288216,36.38887331648891,42.778354666702256,60.441410792027305,False
D3_M2_stockflow,M2_stockflow_regimeC,11.8,48,M1_autonomous_Schaefer,60.78994476651816,76.58513930950964,53.90527758878348,71.69858670050624,False
D3_M2_stockflow,M2_stockflow_regimeC,11.8,48,M1b_autonomous_Allee,48.543305036276145,84.19990684178356,53.90527758878348,71.69858670050624,False
D3_M2_stockflow,M2_stockflow_regimeC,11.8,48,M2_stockflow_regimeC,59.08011594066273,42.62997644326738,53.90527758878348,71.69858670050624,False
D3_M2_stockflow,M2_stockflow_regimeC,11.8,48,M3_AR_residual,48.45464004874188,39.38855718473362,53.90527758878348,71.69858670050624,True
D3_M2_stockflow,M2_stockflow_regimeC,11.8,48,M4_delayed_info,50.238634486368355,42.545673451814096,53.90527758878348,71.69858670050624,False
D3_M2_stockflow,M2_stockflow_regimeC,11.8,49,M1_autonomous_Schaefer,59.914892501251416,74.07156598694503,44.052785732530964,62.85174504219811,False
D3_M2_stockflow,M2_stockflow_regimeC,11.8,49,M1b_autonomous_Allee,40.18595571345688,73.1563917047866,44.052785732530964,62.85174504219811,False
D3_M2_stockflow,M2_stockflow_regimeC,11.8,49,M2_stockflow_regimeC,59.129838041224716,40.321135836748276,44.052785732530964,62.85174504219811,False
D3_M2_stockflow,M2_stockflow_regimeC,11.8,49,M3_AR_residual,42.79987492046483,34.35364866280787,44.052785732530964,62.85174504219811,False
D3_M2_stockflow,M2_stockflow_regimeC,11.8,49,M4_delayed_info,40.56668458195734,31.738066826447994,44.052785732530964,62.85174504219811,True
D3_M2_stockflow,M2_stockflow_regimeC,11.8,50,M1_autonomous_Schaefer,64.70801726961146,72.79232810231582,45.949977393648524,66.69587693071401,False
D3_M2_stockflow,M2_stockflow_regimeC,11.8,50,M1b_autonomous_Allee,46.04706869514593,90.87478492444467,45.949977393648524,66.69587693071401,False
D3_M2_stockflow,M2_stockflow_regimeC,11.8,50,M2_stockflow_regimeC,66.90203174770663,50.23594078211582,45.949977393648524,66.69587693071401,False
D3_M2_stockflow,M2_stockflow_regimeC,11.8,50,M3_AR_residual,43.49074961720396,43.94771147538425,45.949977393648524,66.69587693071401,True
D3_M2_stockflow,M2_stockflow_regimeC,11.8,50,M4_delayed_info,47.521779462736234,43.7597164454665,45.949977393648524,66.69587693071401,False
D3_M2_stockflow,M2_stockflow_regimeC,11.8,51,M1_autonomous_Schaefer,61.1609872885354,94.51116014497985,40.068968069802644,53.751345101311166,False
D3_M2_stockflow,M2_stockflow_regimeC,11.8,51,M1b_autonomous_Allee,56.734409825073186,103.78077219024237,40.068968069802644,53.751345101311166,False
D3_M2_stockflow,M2_stockflow_regimeC,11.8,51,M2_stockflow_regimeC,66.38674706139913,51.68058120876897,40.068968069802644,53.751345101311166,False
D3_M2_stockflow,M2_stockflow_regimeC,11.8,51,M3_AR_residual,43.81254030627631,39.804836756382585,40.068968069802644,53.751345101311166,False
D3_M2_stockflow,M2_stockflow_regimeC,11.8,51,M4_delayed_info,49.533186288801225,41.956708104521034,40.068968069802644,53.751345101311166,False
D3_M2_stockflow,M2_stockflow_regimeC,11.8,52,M1_autonomous_Schaefer,60.438308074905706,100.63083170068444,57.892856053536704,72.65128261127995,False
D3_M2_stockflow,M2_stockflow_regimeC,11.8,52,M1b_autonomous_Allee,54.083844920646946,90.93861066383764,57.892856053536704,72.65128261127995,False
D3_M2_stockflow,M2_stockflow_regimeC,11.8,52,M2_stockflow_regimeC,60.94581301883313,50.26467854940459,57.892856053536704,72.65128261127995,False
D3_M2_stockflow,M2_stockflow_regimeC,11.8,52,M3_AR_residual,46.824306001434174,46.34150182069856,57.892856053536704,72.65128261127995,True
D3_M2_stockflow,M2_stockflow_regimeC,11.8,52,M4_delayed_info,49.21686652508878,50.309854269830495,57.892856053536704,72.65128261127995,False
D3_M2_stockflow,M2_stockflow_regimeC,11.8,53,M1_autonomous_Schaefer,40.31082090986656,90.66645464672379,37.077464733700026,58.88964779531597,False
D3_M2_stockflow,M2_stockflow_regimeC,11.8,53,M1b_autonomous_Allee,43.24189801511481,359.29304617337857,37.077464733700026,58.88964779531597,False
D3_M2_stockflow,M2_stockflow_regimeC,11.8,53,M2_stockflow_regimeC,58.777629696536,43.222139372777015,37.077464733700026,58.88964779531597,False
D3_M2_stockflow,M2_stockflow_regimeC,11.8,53,M3_AR_residual,38.33490612929205,33.13651681750198,37.077464733700026,58.88964779531597,False
D3_M2_stockflow,M2_stockflow_regimeC,11.8,53,M4_delayed_info,41.05276274650294,35.13716504058389,37.077464733700026,58.88964779531597,False
D3_M2_stockflow,M2_stockflow_regimeC,11.8,54,M1_autonomous_Schaefer,54.06726009320696,69.05837234001561,42.44178459797691,60.65924881318365,False
D3_M2_stockflow,M2_stockflow_regimeC,11.8,54,M1b_autonomous_Allee,45.36716259418878,80.62036607799288,42.44178459797691,60.65924881318365,False
D3_M2_stockflow,M2_stockflow_regimeC,11.8,54,M2_stockflow_regimeC,58.578448867439946,40.5056832019038,42.44178459797691,60.65924881318365,False
D3_M2_stockflow,M2_stockflow_regimeC,11.8,54,M3_AR_residual,38.87266626683508,38.1313665153751,42.44178459797691,60.65924881318365,True
D3_M2_stockflow,M2_stockflow_regimeC,11.8,54,M4_delayed_info,39.47577446316362,35.49953064727113,42.44178459797691,60.65924881318365,False
D3_M2_stockflow,M2_stockflow_regimeC,11.8,55,M1_autonomous_Schaefer,61.702534499123836,71.51280716125436,48.4333206297745,65.83685159529934,False
D3_M2_stockflow,M2_stockflow_regimeC,11.8,55,M1b_autonomous_Allee,44.29986540256332,72.97652803157469,48.4333206297745,65.83685159529934,False
D3_M2_stockflow,M2_stockflow_regimeC,11.8,55,M2_stockflow_regimeC,53.42570643484914,34.68407118315832,48.4333206297745,65.83685159529934,False
D3_M2_stockflow,M2_stockflow_regimeC,11.8,55,M3_AR_residual,43.319443168356166,32.36779936600159,48.4333206297745,65.83685159529934,True
D3_M2_stockflow,M2_stockflow_regimeC,11.8,55,M4_delayed_info,42.854613076472624,34.33977997152312,48.4333206297745,65.83685159529934,False
D3_M2_stockflow,M2_stockflow_regimeC,11.8,56,M1_autonomous_Schaefer,81.74799536817164,114.1106407525765,94.36064225978141,99.76129126108877,False
D3_M2_stockflow,M2_stockflow_regimeC,11.8,56,M1b_autonomous_Allee,84.65943361784379,280.15966581740287,94.36064225978141,99.76129126108877,False
D3_M2_stockflow,M2_stockflow_regimeC,11.8,56,M2_stockflow_regimeC,77.32209836128754,74.6157955543286,94.36064225978141,99.76129126108877,True
D3_M2_stockflow,M2_stockflow_regimeC,11.8,56,M3_AR_residual,76.93299812762524,73.74000582128154,94.36064225978141,99.76129126108877,False
D3_M2_stockflow,M2_stockflow_regimeC,11.8,56,M4_delayed_info,73.41670977519006,75.8393260562315,94.36064225978141,99.76129126108877,False
D3_M2_stockflow,M2_stockflow_regimeC,11.8,57,M1_autonomous_Schaefer,76.90871215749881,116.5565382932671,56.70274033345701,62.264322018365746,False
D3_M2_stockflow,M2_stockflow_regimeC,11.8,57,M1b_autonomous_Allee,62.91925534501705,109.98241024396941,56.70274033345701,62.264322018365746,False
D3_M2_stockflow,M2_stockflow_regimeC,11.8,57,M2_stockflow_regimeC,68.554678099853,54.71914729693208,56.70274033345701,62.264322018365746,False
D3_M2_stockflow,M2_stockflow_regimeC,11.8,57,M3_AR_residual,49.103383326941376,51.140972807454865,56.70274033345701,62.264322018365746,True
D3_M2_stockflow,M2_stockflow_regimeC,11.8,57,M4_delayed_info,52.849260920996436,51.628158730228776,56.70274033345701,62.264322018365746,False
D3_M2_stockflow,M2_stockflow_regimeC,11.8,58,M1_autonomous_Schaefer,61.28816889434462,73.91943030858569,40.82500978095078,60.30640279278341,False
D3_M2_stockflow,M2_stockflow_regimeC,11.8,58,M1b_autonomous_Allee,39.05387825296623,76.73477372200708,40.82500978095078,60.30640279278341,False
D3_M2_stockflow,M2_stockflow_regimeC,11.8,58,M2_stockflow_regimeC,57.375136495397946,39.40682060318366,40.82500978095078,60.30640279278341,False
D3_M2_stockflow,M2_stockflow_regimeC,11.8,58,M3_AR_residual,40.40060081785374,32.3472523817445,40.82500978095078,60.30640279278341,False
D3_M2_stockflow,M2_stockflow_regimeC,11.8,58,M4_delayed_info,45.15818581858394,33.58188161297206,40.82500978095078,60.30640279278341,False
D3_M2_stockflow,M2_stockflow_regimeC,11.8,59,M1_autonomous_Schaefer,69.78894419906774,109.45186326879521,62.17506527365077,76.39332099534636,False
D3_M2_stockflow,M2_stockflow_regimeC,11.8,59,M1b_autonomous_Allee,57.657387937962916,115.58703246503813,62.17506527365077,76.39332099534636,False
D3_M2_stockflow,M2_stockflow_regimeC,11.8,59,M2_stockflow_regimeC,71.82073000396754,59.75610901361668,62.17506527365077,76.39332099534636,False
D3_M2_stockflow,M2_stockflow_regimeC,11.8,59,M3_AR_residual,53.16527919121626,54.851429750218216,62.17506527365077,76.39332099534636,True
D3_M2_stockflow,M2_stockflow_regimeC,11.8,59,M4_delayed_info,58.05107089292362,60.54210894965232,62.17506527365077,76.39332099534636,False
D3_M2_stockflow,M2_stockflow_regimeC,11.8,60,M1_autonomous_Schaefer,64.66764919312254,70.66591351506811,49.046689458465686,64.8462872326577,False
D3_M2_stockflow,M2_stockflow_regimeC,11.8,60,M1b_autonomous_Allee,47.849698858298424,79.97099196012749,49.046689458465686,64.8462872326577,False
D3_M2_stockflow,M2_stockflow_regimeC,11.8,60,M2_stockflow_regimeC,55.829550059026445,37.11257336934588,49.046689458465686,64.8462872326577,False
D3_M2_stockflow,M2_stockflow_regimeC,11.8,60,M3_AR_residual,45.62138881234171,32.415035698946646,49.046689458465686,64.8462872326577,True
D3_M2_stockflow,M2_stockflow_regimeC,11.8,60,M4_delayed_info,41.36689319791746,32.2550951746277,49.046689458465686,64.8462872326577,False
D3_M2_stockflow,M2_stockflow_regimeC,11.8,61,M1_autonomous_Schaefer,58.77605216525499,71.77503910501105,40.0487636586629,60.251543305829436,False
D3_M2_stockflow,M2_stockflow_regimeC,11.8,61,M1b_autonomous_Allee,39.766716562401896,75.43799731765743,40.0487636586629,60.251543305829436,False
D3_M2_stockflow,M2_stockflow_regimeC,11.8,61,M2_stockflow_regimeC,53.96240142471171,36.1394531305437,40.0487636586629,60.251543305829436,False
D3_M2_stockflow,M2_stockflow_regimeC,11.8,61,M3_AR_residual,40.504474365547445,29.78703132216172,40.0487636586629,60.251543305829436,False
D3_M2_stockflow,M2_stockflow_regimeC,11.8,61,M4_delayed_info,40.140983395144644,29.18883656153473,40.0487636586629,60.251543305829436,False
D3_M2_stockflow,M2_stockflow_regimeC,11.8,62,M1_autonomous_Schaefer,68.45355729719746,98.13465222663122,47.09178697713875,56.74519736264965,False
D3_M2_stockflow,M2_stockflow_regimeC,11.8,62,M1b_autonomous_Allee,46.1845304763442,78.87067722933894,47.09178697713875,56.74519736264965,False
D3_M2_stockflow,M2_stockflow_regimeC,11.8,62,M2_stockflow_regimeC,69.19908772023292,54.86659862106554,47.09178697713875,56.74519736264965,False
D3_M2_stockflow,M2_stockflow_regimeC,11.8,62,M3_AR_residual,44.40227657852031,46.03330627178148,47.09178697713875,56.74519736264965,True
D3_M2_stockflow,M2_stockflow_regimeC,11.8,62,M4_delayed_info,48.3970560613552,49.83050553930408,47.09178697713875,56.74519736264965,False
D3_M2_stockflow,M2_stockflow_regimeC,11.8,63,M1_autonomous_Schaefer,71.04536522954739,76.58549441238031,58.440639418358664,71.64051503310465,False
D3_M2_stockflow,M2_stockflow_regimeC,11.8,63,M1b_autonomous_Allee,55.55264482520985,74.79208266121735,58.440639418358664,71.64051503310465,False
D3_M2_stockflow,M2_stockflow_regimeC,11.8,63,M2_stockflow_regimeC,62.04277233500165,50.503251085388264,58.440639418358664,71.64051503310465,False
D3_M2_stockflow,M2_stockflow_regimeC,11.8,63,M3_AR_residual,49.914109800751085,46.467506267212926,58.440639418358664,71.64051503310465,True
D3_M2_stockflow,M2_stockflow_regimeC,11.8,63,M4_delayed_info,48.8523443477771,52.42736777557301,58.440639418358664,71.64051503310465,False
D3_M2_stockflow,M2_stockflow_regimeC,11.8,64,M1_autonomous_Schaefer,106.2244846391389,138.42132761268778,111.39780439279306,121.56682979420964,False
D3_M2_stockflow,M2_stockflow_regimeC,11.8,64,M1b_autonomous_Allee,92.56871690118477,148.75372786414573,111.39780439279306,121.56682979420964,False
D3_M2_stockflow,M2_stockflow_regimeC,11.8,64,M2_stockflow_regimeC,98.0183070691839,94.55442054203715,111.39780439279306,121.56682979420964,True
D3_M2_stockflow,M2_stockflow_regimeC,11.8,64,M3_AR_residual,95.79706490538948,96.64188230809437,111.39780439279306,121.56682979420964,False
D3_M2_stockflow,M2_stockflow_regimeC,11.8,64,M4_delayed_info,94.41441173705294,96.12116848902997,111.39780439279306,121.56682979420964,False
D3_M2_stockflow,M2_stockflow_regimeC,11.8,65,M1_autonomous_Schaefer,54.010007187722586,95.89062826065413,51.462118136886545,64.78526553384607,False
D3_M2_stockflow,M2_stockflow_regimeC,11.8,65,M1b_autonomous_Allee,49.7906527171931,105.50010637066944,51.462118136886545,64.78526553384607,False
D3_M2_stockflow,M2_stockflow_regimeC,11.8,65,M2_stockflow_regimeC,62.831411433237875,50.4742970927097,51.462118136886545,64.78526553384607,False
D3_M2_stockflow,M2_stockflow_regimeC,11.8,65,M3_AR_residual,46.084084826010795,42.50378323216455,51.462118136886545,64.78526553384607,True
D3_M2_stockflow,M2_stockflow_regimeC,11.8,65,M4_delayed_info,46.82847043701466,47.32450960169547,51.462118136886545,64.78526553384607,False
D3_M2_stockflow,M2_stockflow_regimeC,11.8,66,M1_autonomous_Schaefer,52.232477276322086,65.94456684446067,39.395592410085605,57.00245866939285,False
D3_M2_stockflow,M2_stockflow_regimeC,11.8,66,M1b_autonomous_Allee,38.891318983540714,65.36834943169355,39.395592410085605,57.00245866939285,False
D3_M2_stockflow,M2_stockflow_regimeC,11.8,66,M2_stockflow_regimeC,51.26182455159145,39.303621019033976,39.395592410085605,57.00245866939285,False
D3_M2_stockflow,M2_stockflow_regimeC,11.8,66,M3_AR_residual,35.06319975945395,34.732968766528494,39.395592410085605,57.00245866939285,True
D3_M2_stockflow,M2_stockflow_regimeC,11.8,66,M4_delayed_info,36.69171586396412,34.540343162503554,39.395592410085605,57.00245866939285,False
D3_M2_stockflow,M2_stockflow_regimeC,11.8,67,M1_autonomous_Schaefer,70.27093584087118,97.22282719479468,50.97938599266986,59.54756043467783,False
D3_M2_stockflow,M2_stockflow_regimeC,11.8,67,M1b_autonomous_Allee,51.0353887514952,99.0118486531447,50.97938599266986,59.54756043467783,False
D3_M2_stockflow,M2_stockflow_regimeC,11.8,67,M2_stockflow_regimeC,65.61891839265738,57.751550287452936,50.97938599266986,59.54756043467783,False
D3_M2_stockflow,M2_stockflow_regimeC,11.8,67,M3_AR_residual,48.7497910529989,51.152768394223095,50.97938599266986,59.54756043467783,False
D3_M2_stockflow,M2_stockflow_regimeC,11.8,67,M4_delayed_info,48.210791964428395,52.20075728521114,50.97938599266986,59.54756043467783,False
D3_M2_stockflow,M2_stockflow_regimeC,11.8,68,M1_autonomous_Schaefer,62.98654123748988,88.25037847786486,67.1561187454956,73.98238936831271,False
D3_M2_stockflow,M2_stockflow_regimeC,11.8,68,M1b_autonomous_Allee,61.472488532509,170.41017699625863,67.1561187454956,73.98238936831271,False
D3_M2_stockflow,M2_stockflow_regimeC,11.8,68,M2_stockflow_regimeC,60.11958840066612,47.597372375653784,67.1561187454956,73.98238936831271,False
D3_M2_stockflow,M2_stockflow_regimeC,11.8,68,M3_AR_residual,59.30977307620653,46.52067477319706,67.1561187454956,73.98238936831271,False
D3_M2_stockflow,M2_stockflow_regimeC,11.8,68,M4_delayed_info,56.128361570596674,49.527452872199355,67.1561187454956,73.98238936831271,False
D3_M2_stockflow,M2_stockflow_regimeC,11.8,69,M1_autonomous_Schaefer,58.28580664739382,64.30650744397165,36.20810493514154,54.93689690772583,False
D3_M2_stockflow,M2_stockflow_regimeC,11.8,69,M1b_autonomous_Allee,35.885122885393045,66.09433115290976,36.20810493514154,54.93689690772583,False
D3_M2_stockflow,M2_stockflow_regimeC,11.8,69,M2_stockflow_regimeC,47.08038733080629,27.822271061876346,36.20810493514154,54.93689690772583,False
D3_M2_stockflow,M2_stockflow_regimeC,11.8,69,M3_AR_residual,37.002100922670316,22.407913773788096,36.20810493514154,54.93689690772583,False
D3_M2_stockflow,M2_stockflow_regimeC,11.8,69,M4_delayed_info,36.63164092735779,23.031129244435608,36.20810493514154,54.93689690772583,False
D3_M2_stockflow,M2_stockflow_regimeC,11.8,70,M1_autonomous_Schaefer,77.75027204923344,106.71186228216821,64.40921162566165,72.71665304717624,False
D3_M2_stockflow,M2_stockflow_regimeC,11.8,70,M1b_autonomous_Allee,58.13679861028351,98.01603389510413,64.40921162566165,72.71665304717624,False
D3_M2_stockflow,M2_stockflow_regimeC,11.8,70,M2_stockflow_regimeC,64.60299015040484,54.45588942636927,64.40921162566165,72.71665304717624,False
D3_M2_stockflow,M2_stockflow_regimeC,11.8,70,M3_AR_residual,53.49582558923333,50.27515643415392,64.40921162566165,72.71665304717624,True
D3_M2_stockflow,M2_stockflow_regimeC,11.8,70,M4_delayed_info,56.14891831997373,53.153819876382904,64.40921162566165,72.71665304717624,False
D3_M2_stockflow,M2_stockflow_regimeC,11.8,71,M1_autonomous_Schaefer,71.7517975899389,82.39883873584192,63.797216203767896,74.0635072974847,False
D3_M2_stockflow,M2_stockflow_regimeC,11.8,71,M1b_autonomous_Allee,59.82227472488002,85.0891095643396,63.797216203767896,74.0635072974847,False
D3_M2_stockflow,M2_stockflow_regimeC,11.8,71,M2_stockflow_regimeC,72.10225176990083,60.854084898001915,63.797216203767896,74.0635072974847,False
D3_M2_stockflow,M2_stockflow_regimeC,11.8,71,M3_AR_residual,55.45591081361824,59.374807354302696,63.797216203767896,74.0635072974847,False
D3_M2_stockflow,M2_stockflow_regimeC,11.8,71,M4_delayed_info,60.562991031959115,61.25557679448773,63.797216203767896,74.0635072974847,False
D3_M2_stockflow,M2_stockflow_regimeC,11.8,72,M1_autonomous_Schaefer,53.398010664982515,67.8513038017493,36.32311089789701,59.92481174583147,False
D3_M2_stockflow,M2_stockflow_regimeC,11.8,72,M1b_autonomous_Allee,37.19413968613245,73.53646304476747,36.32311089789701,59.92481174583147,False
D3_M2_stockflow,M2_stockflow_regimeC,11.8,72,M2_stockflow_regimeC,54.411391971998555,57.4524436091124,36.32311089789701,59.92481174583147,False
D3_M2_stockflow,M2_stockflow_regimeC,11.8,72,M3_AR_residual,42.159667429153714,55.183801986612714,36.32311089789701,59.92481174583147,False
D3_M2_stockflow,M2_stockflow_regimeC,11.8,72,M4_delayed_info,45.149935915371756,55.634529770093586,36.32311089789701,59.92481174583147,False
D3_M2_stockflow,M2_stockflow_regimeC,11.8,73,M1_autonomous_Schaefer,37.388436138489745,93.35619198543408,30.263895799399144,55.855104818720164,False
D3_M2_stockflow,M2_stockflow_regimeC,11.8,73,M1b_autonomous_Allee,46.72753536668309,324.8331740761003,30.263895799399144,55.855104818720164,False
D3_M2_stockflow,M2_stockflow_regimeC,11.8,73,M2_stockflow_regimeC,63.18995598325924,43.90700850864968,30.263895799399144,55.855104818720164,False
D3_M2_stockflow,M2_stockflow_regimeC,11.8,73,M3_AR_residual,36.84787389439432,25.55591525664617,30.263895799399144,55.855104818720164,False
D3_M2_stockflow,M2_stockflow_regimeC,11.8,73,M4_delayed_info,40.851795687266616,31.720711721965117,30.263895799399144,55.855104818720164,False
D3_M2_stockflow,M2_stockflow_regimeC,11.8,74,M1_autonomous_Schaefer,76.16759601262247,110.79501058651594,65.16609477726163,76.71162412917202,False
D3_M2_stockflow,M2_stockflow_regimeC,11.8,74,M1b_autonomous_Allee,68.74061167141241,102.79694397648318,65.16609477726163,76.71162412917202,False
D3_M2_stockflow,M2_stockflow_regimeC,11.8,74,M2_stockflow_regimeC,78.30415029079413,66.63739844745955,65.16609477726163,76.71162412917202,False
D3_M2_stockflow,M2_stockflow_regimeC,11.8,74,M3_AR_residual,62.72525137627596,64.63269735038942,65.16609477726163,76.71162412917202,False
D3_M2_stockflow,M2_stockflow_regimeC,11.8,74,M4_delayed_info,64.42527518003318,65.27650898465704,65.16609477726163,76.71162412917202,False
D3_M2_stockflow,M2_stockflow_regimeC,11.8,75,M1_autonomous_Schaefer,67.94021525649978,111.93857419757394,67.05825509829849,79.03109862921455,False
D3_M2_stockflow,M2_stockflow_regimeC,11.8,75,M1b_autonomous_Allee,69.45997068221116,129.9425622617723,67.05825509829849,79.03109862921455,False
D3_M2_stockflow,M2_stockflow_regimeC,11.8,75,M2_stockflow_regimeC,68.80656975042622,58.761606630356425,67.05825509829849,79.03109862921455,False
D3_M2_stockflow,M2_stockflow_regimeC,11.8,75,M3_AR_residual,53.6922912686264,55.482811114134215,67.05825509829849,79.03109862921455,True
D3_M2_stockflow,M2_stockflow_regimeC,11.8,75,M4_delayed_info,56.43973291676351,59.7582818205395,67.05825509829849,79.03109862921455,False
D3_M2_stockflow,M2_stockflow_regimeC,11.8,76,M1_autonomous_Schaefer,51.89042604069014,80.74673218539644,38.934772086052675,56.09672169347592,False
D3_M2_stockflow,M2_stockflow_regimeC,11.8,76,M1b_autonomous_Allee,40.64347237801081,124.68557274393095,38.934772086052675,56.09672169347592,False
D3_M2_stockflow,M2_stockflow_regimeC,11.8,76,M2_stockflow_regimeC,54.64054370886886,36.295276692574845,38.934772086052675,56.09672169347592,False
D3_M2_stockflow,M2_stockflow_regimeC,11.8,76,M3_AR_residual,40.871395082274844,34.015605366986534,38.934772086052675,56.09672169347592,False
D3_M2_stockflow,M2_stockflow_regimeC,11.8,76,M4_delayed_info,46.22651084586076,32.85435752857041,38.934772086052675,56.09672169347592,False
D3_M2_stockflow,M2_stockflow_regimeC,11.8,77,M1_autonomous_Schaefer,85.93021172119974,123.13552909048592,92.16268193920571,101.23664319381035,False
D3_M2_stockflow,M2_stockflow_regimeC,11.8,77,M1b_autonomous_Allee,68.72157620985779,115.44342535144807,92.16268193920571,101.23664319381035,False
D3_M2_stockflow,M2_stockflow_regimeC,11.8,77,M2_stockflow_regimeC,87.17043310554833,83.02497045938269,92.16268193920571,101.23664319381035,False
D3_M2_stockflow,M2_stockflow_regimeC,11.8,77,M3_AR_residual,79.05804525074555,82.7201131102815,92.16268193920571,101.23664319381035,False
D3_M2_stockflow,M2_stockflow_regimeC,11.8,77,M4_delayed_info,83.81234695994328,86.29076235720743,92.16268193920571,101.23664319381035,False
D3_M2_stockflow,M2_stockflow_regimeC,11.8,78,M1_autonomous_Schaefer,67.23089932206851,85.54947247703763,44.89181580917343,60.87149501986544,False
D3_M2_stockflow,M2_stockflow_regimeC,11.8,78,M1b_autonomous_Allee,46.81348448814646,85.54721459614984,44.89181580917343,60.87149501986544,False
D3_M2_stockflow,M2_stockflow_regimeC,11.8,78,M2_stockflow_regimeC,60.50233631581817,44.753580327813665,44.89181580917343,60.87149501986544,False
D3_M2_stockflow,M2_stockflow_regimeC,11.8,78,M3_AR_residual,41.72732058410056,38.284137701972284,44.89181580917343,60.87149501986544,True
D3_M2_stockflow,M2_stockflow_regimeC,11.8,78,M4_delayed_info,47.97495659520822,43.30061915289248,44.89181580917343,60.87149501986544,False
D3_M2_stockflow,M2_stockflow_regimeC,11.8,79,M1_autonomous_Schaefer,57.486592152018254,69.22290498600259,37.31901356913962,55.77161710022896,False
D3_M2_stockflow,M2_stockflow_regimeC,11.8,79,M1b_autonomous_Allee,33.370353087442815,67.88804427354142,37.31901356913962,55.77161710022896,False
D3_M2_stockflow,M2_stockflow_regimeC,11.8,79,M2_stockflow_regimeC,54.15439989049396,37.914665221607486,37.31901356913962,55.77161710022896,False
D3_M2_stockflow,M2_stockflow_regimeC,11.8,79,M3_AR_residual,40.40955554969432,31.2187469018208,37.31901356913962,55.77161710022896,False
D3_M2_stockflow,M2_stockflow_regimeC,11.8,79,M4_delayed_info,36.10063407195705,30.963434501378448,37.31901356913962,55.77161710022896,False
D3_M2_stockflow,M2_stockflow_regimeC,11.8,80,M1_autonomous_Schaefer,58.564437849127984,70.12570187354298,38.84327923191092,58.17919281966293,False
D3_M2_stockflow,M2_stockflow_regimeC,11.8,80,M1b_autonomous_Allee,36.74610684799599,64.83630098687773,38.84327923191092,58.17919281966293,False
D3_M2_stockflow,M2_stockflow_regimeC,11.8,80,M2_stockflow_regimeC,57.33674053990385,39.82743554868587,38.84327923191092,58.17919281966293,False
D3_M2_stockflow,M2_stockflow_regimeC,11.8,80,M3_AR_residual,39.61131176969341,34.75668484924426,38.84327923191092,58.17919281966293,False
D3_M2_stockflow,M2_stockflow_regimeC,11.8,80,M4_delayed_info,44.97868133453907,42.21055375616969,38.84327923191092,58.17919281966293,False
D3_M2_stockflow,M2_stockflow_regimeC,11.8,81,M1_autonomous_Schaefer,76.53485164873156,113.7268663859842,79.42476376399289,89.53889332600697,False
D3_M2_stockflow,M2_stockflow_regimeC,11.8,81,M1b_autonomous_Allee,69.40604958728149,114.64533147699582,79.42476376399289,89.53889332600697,False
D3_M2_stockflow,M2_stockflow_regimeC,11.8,81,M2_stockflow_regimeC,75.11734899815926,68.20486598458453,79.42476376399289,89.53889332600697,False
D3_M2_stockflow,M2_stockflow_regimeC,11.8,81,M3_AR_residual,65.77131965771349,66.66593628435174,79.42476376399289,89.53889332600697,False
D3_M2_stockflow,M2_stockflow_regimeC,11.8,81,M4_delayed_info,65.41671697708253,68.8862139524976,79.42476376399289,89.53889332600697,False
D3_M2_stockflow,M2_stockflow_regimeC,11.8,82,M1_autonomous_Schaefer,78.67291049121985,83.20500491285475,65.66355664276513,77.96998050339357,False
D3_M2_stockflow,M2_stockflow_regimeC,11.8,82,M1b_autonomous_Allee,60.49477184045952,91.73171163793903,65.66355664276513,77.96998050339357,False
D3_M2_stockflow,M2_stockflow_regimeC,11.8,82,M2_stockflow_regimeC,68.8565908248188,53.765390819051625,65.66355664276513,77.96998050339357,False
D3_M2_stockflow,M2_stockflow_regimeC,11.8,82,M3_AR_residual,56.142890906219804,50.20015892154696,65.66355664276513,77.96998050339357,True
D3_M2_stockflow,M2_stockflow_regimeC,11.8,82,M4_delayed_info,56.95485008442096,50.40724723452721,65.66355664276513,77.96998050339357,False
D3_M2_stockflow,M2_stockflow_regimeC,11.8,83,M1_autonomous_Schaefer,62.953751692506984,72.91814115369377,52.303798431353975,71.32093213426484,False
D3_M2_stockflow,M2_stockflow_regimeC,11.8,83,M1b_autonomous_Allee,45.534114932023776,82.49259105434764,52.303798431353975,71.32093213426484,False
D3_M2_stockflow,M2_stockflow_regimeC,11.8,83,M2_stockflow_regimeC,56.18739633980813,43.07616995578898,52.303798431353975,71.32093213426484,False
D3_M2_stockflow,M2_stockflow_regimeC,11.8,83,M3_AR_residual,43.59687773246996,40.54297566204492,52.303798431353975,71.32093213426484,True
D3_M2_stockflow,M2_stockflow_regimeC,11.8,83,M4_delayed_info,41.64911316439838,39.49644830248062,52.303798431353975,71.32093213426484,False
D3_M2_stockflow,M2_stockflow_regimeC,11.8,84,M1_autonomous_Schaefer,71.13124548991885,104.61179640763129,61.179712142766,73.8628866791571,False
D3_M2_stockflow,M2_stockflow_regimeC,11.8,84,M1b_autonomous_Allee,54.99122022738156,95.72595407205831,61.179712142766,73.8628866791571,False
D3_M2_stockflow,M2_stockflow_regimeC,11.8,84,M2_stockflow_regimeC,69.15710941620252,54.6337179405935,61.179712142766,73.8628866791571,False
D3_M2_stockflow,M2_stockflow_regimeC,11.8,84,M3_AR_residual,52.60924916430891,51.36781957520264,61.179712142766,73.8628866791571,True
D3_M2_stockflow,M2_stockflow_regimeC,11.8,84,M4_delayed_info,54.93000044690779,51.95446222505976,61.179712142766,73.8628866791571,False
D3_M2_stockflow,M2_stockflow_regimeC,11.8,85,M1_autonomous_Schaefer,76.14497791253444,82.06524600150296,63.399270064482,76.86120715605371,False
D3_M2_stockflow,M2_stockflow_regimeC,11.8,85,M1b_autonomous_Allee,57.1870397685058,93.62755903404918,63.399270064482,76.86120715605371,False
D3_M2_stockflow,M2_stockflow_regimeC,11.8,85,M2_stockflow_regimeC,71.3946260102357,55.086985108277375,63.399270064482,76.86120715605371,False
D3_M2_stockflow,M2_stockflow_regimeC,11.8,85,M3_AR_residual,56.86214369476451,52.80114838748104,63.399270064482,76.86120715605371,False
D3_M2_stockflow,M2_stockflow_regimeC,11.8,85,M4_delayed_info,55.70299229371215,54.9448576462188,63.399270064482,76.86120715605371,False
D3_M2_stockflow,M2_stockflow_regimeC,11.8,86,M1_autonomous_Schaefer,66.55586935170764,73.10887625188323,49.00623228972747,64.8479567944203,False
D3_M2_stockflow,M2_stockflow_regimeC,11.8,86,M1b_autonomous_Allee,50.670542958944615,79.84225791000259,49.00623228972747,64.8479567944203,False
D3_M2_stockflow,M2_stockflow_regimeC,11.8,86,M2_stockflow_regimeC,56.77964931313744,37.74231447144831,49.00623228972747,64.8479567944203,False
D3_M2_stockflow,M2_stockflow_regimeC,11.8,86,M3_AR_residual,46.093890012193555,32.86388137335556,49.00623228972747,64.8479567944203,True
D3_M2_stockflow,M2_stockflow_regimeC,11.8,86,M4_delayed_info,43.49603961248925,32.353837003026,49.00623228972747,64.8479567944203,False
D3_M2_stockflow,M2_stockflow_regimeC,11.8,87,M1_autonomous_Schaefer,31.045031951820643,90.16047233049085,25.580532654737688,51.55749618243123,False
D3_M2_stockflow,M2_stockflow_regimeC,11.8,87,M1b_autonomous_Allee,31.07182025469546,124.37272908984117,25.580532654737688,51.55749618243123,False
D3_M2_stockflow,M2_stockflow_regimeC,11.8,87,M2_stockflow_regimeC,46.859496195086294,33.20866669390323,25.580532654737688,51.55749618243123,False
D3_M2_stockflow,M2_stockflow_regimeC,11.8,87,M3_AR_residual,33.018757041296915,26.342252016454683,25.580532654737688,51.55749618243123,False
D3_M2_stockflow,M2_stockflow_regimeC,11.8,87,M4_delayed_info,30.791487341870017,25.99878376515175,25.580532654737688,51.55749618243123,False
D3_M2_stockflow,M2_stockflow_regimeC,11.8,88,M1_autonomous_Schaefer,57.83628669385631,78.38200915027527,61.24976130806376,74.17780249075888,False
D3_M2_stockflow,M2_stockflow_regimeC,11.8,88,M1b_autonomous_Allee,52.65014590713994,79.15366253793664,61.24976130806376,74.17780249075888,False
D3_M2_stockflow,M2_stockflow_regimeC,11.8,88,M2_stockflow_regimeC,64.93484545883852,53.45740388033402,61.24976130806376,74.17780249075888,False
D3_M2_stockflow,M2_stockflow_regimeC,11.8,88,M3_AR_residual,52.723387022023786,50.74566385036886,61.24976130806376,74.17780249075888,True
D3_M2_stockflow,M2_stockflow_regimeC,11.8,88,M4_delayed_info,53.481500570741616,53.406067149496565,61.24976130806376,74.17780249075888,False
D3_M2_stockflow,M2_stockflow_regimeC,11.8,89,M1_autonomous_Schaefer,66.35410928321318,105.92507245455815,54.55560505130723,69.50962038356458,False
D3_M2_stockflow,M2_stockflow_regimeC,11.8,89,M1b_autonomous_Allee,51.37274108150576,97.34721636626269,54.55560505130723,69.50962038356458,False
D3_M2_stockflow,M2_stockflow_regimeC,11.8,89,M2_stockflow_regimeC,66.89005306702703,51.26913158786147,54.55560505130723,69.50962038356458,False
D3_M2_stockflow,M2_stockflow_regimeC,11.8,89,M3_AR_residual,49.58372237985701,46.4866339261472,54.55560505130723,69.50962038356458,True
D3_M2_stockflow,M2_stockflow_regimeC,11.8,89,M4_delayed_info,47.212273014753215,47.155918601113235,54.55560505130723,69.50962038356458,False
D3_M2_stockflow,M2_stockflow_regimeC,11.8,90,M1_autonomous_Schaefer,81.04290284047032,103.09231746177349,67.71982261698732,75.00389500244418,False
D3_M2_stockflow,M2_stockflow_regimeC,11.8,90,M1b_autonomous_Allee,58.45809180540945,127.21009901957447,67.71982261698732,75.00389500244418,False
D3_M2_stockflow,M2_stockflow_regimeC,11.8,90,M2_stockflow_regimeC,66.80004092631779,53.444261201147924,67.71982261698732,75.00389500244418,False
D3_M2_stockflow,M2_stockflow_regimeC,11.8,90,M3_AR_residual,58.51309624583314,47.6496415554533,67.71982261698732,75.00389500244418,True
D3_M2_stockflow,M2_stockflow_regimeC,11.8,90,M4_delayed_info,60.22489246776316,49.37096139469164,67.71982261698732,75.00389500244418,False
D3_M2_stockflow,M2_stockflow_regimeC,11.8,91,M1_autonomous_Schaefer,74.4003970269205,82.48792695919566,64.81350811111803,78.36286376004742,False
D3_M2_stockflow,M2_stockflow_regimeC,11.8,91,M1b_autonomous_Allee,55.97660133430471,88.13414512508491,64.81350811111803,78.36286376004742,False
D3_M2_stockflow,M2_stockflow_regimeC,11.8,91,M2_stockflow_regimeC,62.08120134720697,50.11657253913281,64.81350811111803,78.36286376004742,False
D3_M2_stockflow,M2_stockflow_regimeC,11.8,91,M3_AR_residual,51.53813954644575,50.29147689655451,64.81350811111803,78.36286376004742,False
D3_M2_stockflow,M2_stockflow_regimeC,11.8,91,M4_delayed_info,55.50838127149955,51.40330624004277,64.81350811111803,78.36286376004742,False
D3_M2_stockflow,M2_stockflow_regimeC,11.8,92,M1_autonomous_Schaefer,77.01772766312938,126.90072625890876,70.01877028283718,82.98633338271955,False
D3_M2_stockflow,M2_stockflow_regimeC,11.8,92,M1b_autonomous_Allee,73.29435143846133,138.32983440238743,70.01877028283718,82.98633338271955,False
D3_M2_stockflow,M2_stockflow_regimeC,11.8,92,M2_stockflow_regimeC,78.38383859583617,68.5252853675668,70.01877028283718,82.98633338271955,False
D3_M2_stockflow,M2_stockflow_regimeC,11.8,92,M3_AR_residual,58.700959639880686,64.94534473353887,70.01877028283718,82.98633338271955,True
D3_M2_stockflow,M2_stockflow_regimeC,11.8,92,M4_delayed_info,67.39787970007805,73.10164088188063,70.01877028283718,82.98633338271955,False
D3_M2_stockflow,M2_stockflow_regimeC,11.8,93,M1_autonomous_Schaefer,57.31355345559446,89.65513576259532,49.778017804404165,70.9367820668877,False
D3_M2_stockflow,M2_stockflow_regimeC,11.8,93,M1b_autonomous_Allee,46.46904773471722,88.88592408806542,49.778017804404165,70.9367820668877,False
D3_M2_stockflow,M2_stockflow_regimeC,11.8,93,M2_stockflow_regimeC,58.694822088749696,46.565515317346765,49.778017804404165,70.9367820668877,False
D3_M2_stockflow,M2_stockflow_regimeC,11.8,93,M3_AR_residual,42.91131522896463,42.317304627809506,49.778017804404165,70.9367820668877,True
D3_M2_stockflow,M2_stockflow_regimeC,11.8,93,M4_delayed_info,45.446181131897646,46.93370360923919,49.778017804404165,70.9367820668877,False
D3_M2_stockflow,M2_stockflow_regimeC,11.8,94,M1_autonomous_Schaefer,76.09985641000708,76.64544875678422,66.52114743898007,69.19559128330349,False
D3_M2_stockflow,M2_stockflow_regimeC,11.8,94,M1b_autonomous_Allee,68.36144097884143,81.18107180798656,66.52114743898007,69.19559128330349,False
D3_M2_stockflow,M2_stockflow_regimeC,11.8,94,M2_stockflow_regimeC,60.94559748785997,46.06021231634707,66.52114743898007,69.19559128330349,True
D3_M2_stockflow,M2_stockflow_regimeC,11.8,94,M3_AR_residual,61.123488518853286,43.322514317852196,66.52114743898007,69.19559128330349,False
D3_M2_stockflow,M2_stockflow_regimeC,11.8,94,M4_delayed_info,58.84668152382173,45.24883955437797,66.52114743898007,69.19559128330349,False
D3_M2_stockflow,M2_stockflow_regimeC,11.8,95,M1_autonomous_Schaefer,77.77495572574487,74.7914558255218,68.59256898281977,71.12706183916173,False
D3_M2_stockflow,M2_stockflow_regimeC,11.8,95,M1b_autonomous_Allee,64.74778919379474,83.81569354991474,68.59256898281977,71.12706183916173,False
D3_M2_stockflow,M2_stockflow_regimeC,11.8,95,M2_stockflow_regimeC,59.41180465696942,47.18517202961275,68.59256898281977,71.12706183916173,True
D3_M2_stockflow,M2_stockflow_regimeC,11.8,95,M3_AR_residual,61.713292703951026,44.506676240626604,68.59256898281977,71.12706183916173,False
D3_M2_stockflow,M2_stockflow_regimeC,11.8,95,M4_delayed_info,56.59047008492567,43.73752746375055,68.59256898281977,71.12706183916173,False
D3_M2_stockflow,M2_stockflow_regimeC,11.8,96,M1_autonomous_Schaefer,60.9336192055268,69.95080790883208,43.37676343025208,65.78163438300723,False
D3_M2_stockflow,M2_stockflow_regimeC,11.8,96,M1b_autonomous_Allee,40.98396936932673,79.60509470664499,43.37676343025208,65.78163438300723,False
D3_M2_stockflow,M2_stockflow_regimeC,11.8,96,M2_stockflow_regimeC,57.12003167736931,39.88362925832434,43.37676343025208,65.78163438300723,False
D3_M2_stockflow,M2_stockflow_regimeC,11.8,96,M3_AR_residual,41.81143760606642,34.85167311675557,43.37676343025208,65.78163438300723,False
D3_M2_stockflow,M2_stockflow_regimeC,11.8,96,M4_delayed_info,44.717443158270434,37.205656016698185,43.37676343025208,65.78163438300723,False
D3_M2_stockflow,M2_stockflow_regimeC,11.8,97,M1_autonomous_Schaefer,53.81842191342824,64.55164460093995,33.390100015584366,56.25021949229389,False
D3_M2_stockflow,M2_stockflow_regimeC,11.8,97,M1b_autonomous_Allee,31.153533664377186,71.13872284151641,33.390100015584366,56.25021949229389,False
D3_M2_stockflow,M2_stockflow_regimeC,11.8,97,M2_stockflow_regimeC,47.20608028072583,29.641370523091016,33.390100015584366,56.25021949229389,False
D3_M2_stockflow,M2_stockflow_regimeC,11.8,97,M3_AR_residual,37.264065114753684,25.878434437044664,33.390100015584366,56.25021949229389,False
D3_M2_stockflow,M2_stockflow_regimeC,11.8,97,M4_delayed_info,41.48388641245315,26.717810735013487,33.390100015584366,56.25021949229389,False
D3_M2_stockflow,M2_stockflow_regimeC,11.8,98,M1_autonomous_Schaefer,66.99992768113007,77.45256490778519,49.903525025808285,65.09158821457567,False
D3_M2_stockflow,M2_stockflow_regimeC,11.8,98,M1b_autonomous_Allee,45.739410993634095,71.73064389595201,49.903525025808285,65.09158821457567,False
D3_M2_stockflow,M2_stockflow_regimeC,11.8,98,M2_stockflow_regimeC,57.41239745531781,41.68923460937515,49.903525025808285,65.09158821457567,False
D3_M2_stockflow,M2_stockflow_regimeC,11.8,98,M3_AR_residual,43.257374682313646,37.18660270187323,49.903525025808285,65.09158821457567,True
D3_M2_stockflow,M2_stockflow_regimeC,11.8,98,M4_delayed_info,44.20841664766547,36.80813834090723,49.903525025808285,65.09158821457567,False
D3_M2_stockflow,M2_stockflow_regimeC,11.8,99,M1_autonomous_Schaefer,85.06053930138322,92.55647040713632,82.65079137096436,90.57637305226436,False
D3_M2_stockflow,M2_stockflow_regimeC,11.8,99,M1b_autonomous_Allee,72.02615260534391,102.28011242711429,82.65079137096436,90.57637305226436,False
D3_M2_stockflow,M2_stockflow_regimeC,11.8,99,M2_stockflow_regimeC,77.45519936348845,68.73674662082486,82.65079137096436,90.57637305226436,True
D3_M2_stockflow,M2_stockflow_regimeC,11.8,99,M3_AR_residual,75.08140395186037,67.2725414375538,82.65079137096436,90.57637305226436,False
D3_M2_stockflow,M2_stockflow_regimeC,11.8,99,M4_delayed_info,73.91863123733437,68.3622726347661,82.65079137096436,90.57637305226436,False
D3_M2_stockflow,M2_stockflow_regimeC,33.8,0,M1_autonomous_Schaefer,127.58361882103401,110.83229262586175,153.04730007668397,156.86033143304837,True
D3_M2_stockflow,M2_stockflow_regimeC,33.8,0,M1b_autonomous_Allee,135.32500243774643,139.59395698947316,153.04730007668397,156.86033143304837,False
D3_M2_stockflow,M2_stockflow_regimeC,33.8,0,M2_stockflow_regimeC,125.09048444366012,125.68524982102889,153.04730007668397,156.86033143304837,False
D3_M2_stockflow,M2_stockflow_regimeC,33.8,0,M3_AR_residual,132.37378332488038,125.52391167225025,153.04730007668397,156.86033143304837,False
D3_M2_stockflow,M2_stockflow_regimeC,33.8,0,M4_delayed_info,128.27977515574054,126.92235299637332,153.04730007668397,156.86033143304837,False
D3_M2_stockflow,M2_stockflow_regimeC,33.8,1,M1_autonomous_Schaefer,90.39982497273627,133.88594965990825,101.4498825967878,99.58416771019371,False
D3_M2_stockflow,M2_stockflow_regimeC,33.8,1,M1b_autonomous_Allee,78.1519638587033,96.06290418586771,101.4498825967878,99.58416771019371,False
D3_M2_stockflow,M2_stockflow_regimeC,33.8,1,M2_stockflow_regimeC,94.7332343602689,97.32022239988083,101.4498825967878,99.58416771019371,False
D3_M2_stockflow,M2_stockflow_regimeC,33.8,1,M3_AR_residual,86.20630381855887,95.47241796851219,101.4498825967878,99.58416771019371,False
D3_M2_stockflow,M2_stockflow_regimeC,33.8,1,M4_delayed_info,97.33077646080983,100.31029463808706,101.4498825967878,99.58416771019371,False
D3_M2_stockflow,M2_stockflow_regimeC,33.8,2,M1_autonomous_Schaefer,114.42710640073894,109.79333749865472,136.24018128295026,134.0367755389873,True
D3_M2_stockflow,M2_stockflow_regimeC,33.8,2,M1b_autonomous_Allee,126.51131015366404,113.7357581978549,136.24018128295026,134.0367755389873,False
D3_M2_stockflow,M2_stockflow_regimeC,33.8,2,M2_stockflow_regimeC,116.91570678487439,115.26358614871432,136.24018128295026,134.0367755389873,False
D3_M2_stockflow,M2_stockflow_regimeC,33.8,2,M3_AR_residual,115.27886268121908,115.40997971967718,136.24018128295026,134.0367755389873,False
D3_M2_stockflow,M2_stockflow_regimeC,33.8,2,M4_delayed_info,113.34214072672717,114.86439888805931,136.24018128295026,134.0367755389873,False
D3_M2_stockflow,M2_stockflow_regimeC,33.8,3,M1_autonomous_Schaefer,139.1400271822339,123.87352104089773,181.10166530026845,172.34869752710674,True
D3_M2_stockflow,M2_stockflow_regimeC,33.8,3,M1b_autonomous_Allee,151.93057846246592,172.59378490497372,181.10166530026845,172.34869752710674,False
D3_M2_stockflow,M2_stockflow_regimeC,33.8,3,M2_stockflow_regimeC,156.39088758765723,159.39763122538383,181.10166530026845,172.34869752710674,False
D3_M2_stockflow,M2_stockflow_regimeC,33.8,3,M3_AR_residual,161.3873388197035,157.59777829703825,181.10166530026845,172.34869752710674,False
D3_M2_stockflow,M2_stockflow_regimeC,33.8,3,M4_delayed_info,162.0979838407232,167.43291845754194,181.10166530026845,172.34869752710674,False
D3_M2_stockflow,M2_stockflow_regimeC,33.8,4,M1_autonomous_Schaefer,102.40417387698372,124.99293996386187,124.75218791088564,138.32689704295643,True
D3_M2_stockflow,M2_stockflow_regimeC,33.8,4,M1b_autonomous_Allee,104.10991615173931,140.7974126132547,124.75218791088564,138.32689704295643,False
D3_M2_stockflow,M2_stockflow_regimeC,33.8,4,M2_stockflow_regimeC,110.22883317833593,120.12154551270912,124.75218791088564,138.32689704295643,False
D3_M2_stockflow,M2_stockflow_regimeC,33.8,4,M3_AR_residual,110.57744447986057,120.41197053437823,124.75218791088564,138.32689704295643,False
D3_M2_stockflow,M2_stockflow_regimeC,33.8,4,M4_delayed_info,114.90114612661439,120.3857676017587,124.75218791088564,138.32689704295643,False
D3_M2_stockflow,M2_stockflow_regimeC,33.8,5,M1_autonomous_Schaefer,97.67928009019066,101.16973479856983,111.19730294817906,99.47665629358812,False
D3_M2_stockflow,M2_stockflow_regimeC,33.8,5,M1b_autonomous_Allee,96.19212005945762,116.71812927258706,111.19730294817906,99.47665629358812,False
D3_M2_stockflow,M2_stockflow_regimeC,33.8,5,M2_stockflow_regimeC,88.4443438302448,86.69705631639034,111.19730294817906,99.47665629358812,True
D3_M2_stockflow,M2_stockflow_regimeC,33.8,5,M3_AR_residual,89.60687926332459,86.59486877833395,111.19730294817906,99.47665629358812,False
D3_M2_stockflow,M2_stockflow_regimeC,33.8,5,M4_delayed_info,87.30022879284351,85.25679897955007,111.19730294817906,99.47665629358812,False
D3_M2_stockflow,M2_stockflow_regimeC,33.8,6,M1_autonomous_Schaefer,115.1785685572116,163.7832533473927,136.1568738694214,138.19422296372642,False
D3_M2_stockflow,M2_stockflow_regimeC,33.8,6,M1b_autonomous_Allee,125.9155589105914,154.86678686417287,136.1568738694214,138.19422296372642,False
D3_M2_stockflow,M2_stockflow_regimeC,33.8,6,M2_stockflow_regimeC,124.01725741545805,139.18318383613797,136.1568738694214,138.19422296372642,False
D3_M2_stockflow,M2_stockflow_regimeC,33.8,6,M3_AR_residual,129.8412201792154,137.28433218873417,136.1568738694214,138.19422296372642,False
D3_M2_stockflow,M2_stockflow_regimeC,33.8,6,M4_delayed_info,143.87118635250204,144.2406258387534,136.1568738694214,138.19422296372642,False
D3_M2_stockflow,M2_stockflow_regimeC,33.8,7,M1_autonomous_Schaefer,126.32375687242103,117.06298039529997,149.5122716779914,138.46675677820303,True
D3_M2_stockflow,M2_stockflow_regimeC,33.8,7,M1b_autonomous_Allee,125.7519581024847,107.35368612971155,149.5122716779914,138.46675677820303,False
D3_M2_stockflow,M2_stockflow_regimeC,33.8,7,M2_stockflow_regimeC,124.16473099507367,123.85991383671943,149.5122716779914,138.46675677820303,False
D3_M2_stockflow,M2_stockflow_regimeC,33.8,7,M3_AR_residual,125.81907822865807,124.29127643912004,149.5122716779914,138.46675677820303,False
D3_M2_stockflow,M2_stockflow_regimeC,33.8,7,M4_delayed_info,126.33723229709686,126.65522867060082,149.5122716779914,138.46675677820303,False
D3_M2_stockflow,M2_stockflow_regimeC,33.8,8,M1_autonomous_Schaefer,64.65092288057046,76.12048555339513,66.00903528182002,68.46753483771433,False
D3_M2_stockflow,M2_stockflow_regimeC,33.8,8,M1b_autonomous_Allee,66.91907557707432,83.85024635737575,66.00903528182002,68.46753483771433,False
D3_M2_stockflow,M2_stockflow_regimeC,33.8,8,M2_stockflow_regimeC,80.0294076652625,73.28959480220567,66.00903528182002,68.46753483771433,False
D3_M2_stockflow,M2_stockflow_regimeC,33.8,8,M3_AR_residual,63.89793754241323,75.9208305753426,66.00903528182002,68.46753483771433,False
D3_M2_stockflow,M2_stockflow_regimeC,33.8,8,M4_delayed_info,63.98586571615105,68.69671998277364,66.00903528182002,68.46753483771433,False
D3_M2_stockflow,M2_stockflow_regimeC,33.8,9,M1_autonomous_Schaefer,90.4982853686324,90.11475099057701,109.08320208491162,106.97161570385063,True
D3_M2_stockflow,M2_stockflow_regimeC,33.8,9,M1b_autonomous_Allee,89.88935580514574,109.6423282507926,109.08320208491162,106.97161570385063,False
D3_M2_stockflow,M2_stockflow_regimeC,33.8,9,M2_stockflow_regimeC,98.41109266611095,101.42513707782268,109.08320208491162,106.97161570385063,False
D3_M2_stockflow,M2_stockflow_regimeC,33.8,9,M3_AR_residual,100.14647159775403,100.70265419387603,109.08320208491162,106.97161570385063,False
D3_M2_stockflow,M2_stockflow_regimeC,33.8,9,M4_delayed_info,98.6678574855285,100.81053667498038,109.08320208491162,106.97161570385063,False
D3_M2_stockflow,M2_stockflow_regimeC,33.8,10,M1_autonomous_Schaefer,105.84617935942194,102.48748313901515,138.25375377509556,90.74702096837193,False
D3_M2_stockflow,M2_stockflow_regimeC,33.8,10,M1b_autonomous_Allee,110.46908635837737,102.1653202064314,138.25375377509556,90.74702096837193,False
D3_M2_stockflow,M2_stockflow_regimeC,33.8,10,M2_stockflow_regimeC,113.76545681420437,108.7484511132638,138.25375377509556,90.74702096837193,False
D3_M2_stockflow,M2_stockflow_regimeC,33.8,10,M3_AR_residual,111.46042873642236,107.83654035665062,138.25375377509556,90.74702096837193,False
D3_M2_stockflow,M2_stockflow_regimeC,33.8,10,M4_delayed_info,106.42825153214547,105.51414250334773,138.25375377509556,90.74702096837193,False
D3_M2_stockflow,M2_stockflow_regimeC,33.8,11,M1_autonomous_Schaefer,93.68651078824975,89.01463300055876,98.96409455818144,84.95505749967117,False
D3_M2_stockflow,M2_stockflow_regimeC,33.8,11,M1b_autonomous_Allee,92.24331996641327,91.85274098562219,98.96409455818144,84.95505749967117,False
D3_M2_stockflow,M2_stockflow_regimeC,33.8,11,M2_stockflow_regimeC,92.35853058349507,86.60351509567653,98.96409455818144,84.95505749967117,False
D3_M2_stockflow,M2_stockflow_regimeC,33.8,11,M3_AR_residual,89.1725866530733,85.70843939330868,98.96409455818144,84.95505749967117,False
D3_M2_stockflow,M2_stockflow_regimeC,33.8,11,M4_delayed_info,90.27077481248814,84.4347158957048,98.96409455818144,84.95505749967117,False
D3_M2_stockflow,M2_stockflow_regimeC,33.8,12,M1_autonomous_Schaefer,223.3487369383763,183.63607451464156,282.32555639132755,285.61160352471694,True
D3_M2_stockflow,M2_stockflow_regimeC,33.8,12,M1b_autonomous_Allee,238.06170925641837,215.81337574897853,282.32555639132755,285.61160352471694,False
D3_M2_stockflow,M2_stockflow_regimeC,33.8,12,M2_stockflow_regimeC,224.88751910695544,218.729002636355,282.32555639132755,285.61160352471694,False
D3_M2_stockflow,M2_stockflow_regimeC,33.8,12,M3_AR_residual,206.5787486196328,219.46687220738505,282.32555639132755,285.61160352471694,False
D3_M2_stockflow,M2_stockflow_regimeC,33.8,12,M4_delayed_info,195.586359773287,218.7934918873038,282.32555639132755,285.61160352471694,False
D3_M2_stockflow,M2_stockflow_regimeC,33.8,13,M1_autonomous_Schaefer,75.0427344121091,82.60023493156446,72.9121263891306,70.58173071288788,False
D3_M2_stockflow,M2_stockflow_regimeC,33.8,13,M1b_autonomous_Allee,67.49751545981631,73.38204715804552,72.9121263891306,70.58173071288788,False
D3_M2_stockflow,M2_stockflow_regimeC,33.8,13,M2_stockflow_regimeC,77.36080712627202,56.269430505020416,72.9121263891306,70.58173071288788,False
D3_M2_stockflow,M2_stockflow_regimeC,33.8,13,M3_AR_residual,66.17015046374868,54.79360372002149,72.9121263891306,70.58173071288788,False
D3_M2_stockflow,M2_stockflow_regimeC,33.8,13,M4_delayed_info,60.87904798028612,52.34660756873361,72.9121263891306,70.58173071288788,False
D3_M2_stockflow,M2_stockflow_regimeC,33.8,14,M1_autonomous_Schaefer,124.26773227173331,111.99756772366204,148.6047612505716,150.29923104380575,True
D3_M2_stockflow,M2_stockflow_regimeC,33.8,14,M1b_autonomous_Allee,120.20684430779177,117.21940919638945,148.6047612505716,150.29923104380575,False
D3_M2_stockflow,M2_stockflow_regimeC,33.8,14,M2_stockflow_regimeC,119.39429141945052,108.59280306139193,148.6047612505716,150.29923104380575,False
D3_M2_stockflow,M2_stockflow_regimeC,33.8,14,M3_AR_residual,123.16254263088874,110.15639629799742,148.6047612505716,150.29923104380575,False
D3_M2_stockflow,M2_stockflow_regimeC,33.8,14,M4_delayed_info,127.63027798312237,112.58699991512034,148.6047612505716,150.29923104380575,False
D3_M2_stockflow,M2_stockflow_regimeC,33.8,15,M1_autonomous_Schaefer,74.10281688161619,82.44360584914173,66.6674955587556,66.26971247249166,False
D3_M2_stockflow,M2_stockflow_regimeC,33.8,15,M1b_autonomous_Allee,60.291036822825504,84.80774806405302,66.6674955587556,66.26971247249166,False
D3_M2_stockflow,M2_stockflow_regimeC,33.8,15,M2_stockflow_regimeC,67.43343753095596,58.25007788234978,66.6674955587556,66.26971247249166,False
D3_M2_stockflow,M2_stockflow_regimeC,33.8,15,M3_AR_residual,60.46171694171359,56.405265006370584,66.6674955587556,66.26971247249166,False
D3_M2_stockflow,M2_stockflow_regimeC,33.8,15,M4_delayed_info,59.28025748575206,55.61913662739075,66.6674955587556,66.26971247249166,False
D3_M2_stockflow,M2_stockflow_regimeC,33.8,16,M1_autonomous_Schaefer,106.1161405696651,96.2060356877949,122.37501577587491,100.21658205115472,False
D3_M2_stockflow,M2_stockflow_regimeC,33.8,16,M1b_autonomous_Allee,101.80340672183277,104.99361752241518,122.37501577587491,100.21658205115472,False
D3_M2_stockflow,M2_stockflow_regimeC,33.8,16,M2_stockflow_regimeC,103.5643539286076,99.08942326507183,122.37501577587491,100.21658205115472,False
D3_M2_stockflow,M2_stockflow_regimeC,33.8,16,M3_AR_residual,113.7573458908349,96.82796937854262,122.37501577587491,100.21658205115472,False
D3_M2_stockflow,M2_stockflow_regimeC,33.8,16,M4_delayed_info,99.02384070646897,97.34014860818702,122.37501577587491,100.21658205115472,False
D3_M2_stockflow,M2_stockflow_regimeC,33.8,17,M1_autonomous_Schaefer,119.90448863924522,115.10421573591229,140.58925653984468,117.1705118313929,False
D3_M2_stockflow,M2_stockflow_regimeC,33.8,17,M1b_autonomous_Allee,118.29903731872322,119.15093554306256,140.58925653984468,117.1705118313929,False
D3_M2_stockflow,M2_stockflow_regimeC,33.8,17,M2_stockflow_regimeC,112.9040237303074,116.16151007079503,140.58925653984468,117.1705118313929,False
D3_M2_stockflow,M2_stockflow_regimeC,33.8,17,M3_AR_residual,119.69386158953097,117.240515619438,140.58925653984468,117.1705118313929,False
D3_M2_stockflow,M2_stockflow_regimeC,33.8,17,M4_delayed_info,117.91511111186296,117.32355862178997,140.58925653984468,117.1705118313929,False
D3_M2_stockflow,M2_stockflow_regimeC,33.8,18,M1_autonomous_Schaefer,122.18201717914773,115.13843270870996,147.79572432518762,139.79594267812422,True
D3_M2_stockflow,M2_stockflow_regimeC,33.8,18,M1b_autonomous_Allee,119.25807236797142,137.78410075911512,147.79572432518762,139.79594267812422,False
D3_M2_stockflow,M2_stockflow_regimeC,33.8,18,M2_stockflow_regimeC,119.79315085992191,111.10575208677085,147.79572432518762,139.79594267812422,False
D3_M2_stockflow,M2_stockflow_regimeC,33.8,18,M3_AR_residual,125.64190922803539,111.30542215112084,147.79572432518762,139.79594267812422,False
D3_M2_stockflow,M2_stockflow_regimeC,33.8,18,M4_delayed_info,114.94600671687729,111.54872673246243,147.79572432518762,139.79594267812422,False
D3_M2_stockflow,M2_stockflow_regimeC,33.8,19,M1_autonomous_Schaefer,93.02698846661464,90.21808522564265,101.96758556811938,93.86390849515759,False
D3_M2_stockflow,M2_stockflow_regimeC,33.8,19,M1b_autonomous_Allee,86.8551694091507,93.87754943424954,101.96758556811938,93.86390849515759,False
D3_M2_stockflow,M2_stockflow_regimeC,33.8,19,M2_stockflow_regimeC,94.2991463996709,90.71989178271853,101.96758556811938,93.86390849515759,False
D3_M2_stockflow,M2_stockflow_regimeC,33.8,19,M3_AR_residual,88.39066177867521,97.75469636653783,101.96758556811938,93.86390849515759,False
D3_M2_stockflow,M2_stockflow_regimeC,33.8,19,M4_delayed_info,94.87869065822846,91.8672105378765,101.96758556811938,93.86390849515759,False
D3_M2_stockflow,M2_stockflow_regimeC,33.8,20,M1_autonomous_Schaefer,96.03932764539155,97.19669137789111,107.4361035448037,92.15988495125883,False
D3_M2_stockflow,M2_stockflow_regimeC,33.8,20,M1b_autonomous_Allee,97.12115400322448,99.45832635633145,107.4361035448037,92.15988495125883,False
D3_M2_stockflow,M2_stockflow_regimeC,33.8,20,M2_stockflow_regimeC,94.86713275236633,83.24512776691908,107.4361035448037,92.15988495125883,False
D3_M2_stockflow,M2_stockflow_regimeC,33.8,20,M3_AR_residual,96.64494698506476,81.61979604900647,107.4361035448037,92.15988495125883,False
D3_M2_stockflow,M2_stockflow_regimeC,33.8,20,M4_delayed_info,87.16320759676832,81.92284871486171,107.4361035448037,92.15988495125883,False
D3_M2_stockflow,M2_stockflow_regimeC,33.8,21,M1_autonomous_Schaefer,139.38897454451302,125.81457368593192,180.4506298681401,175.36533570809775,True
D3_M2_stockflow,M2_stockflow_regimeC,33.8,21,M1b_autonomous_Allee,146.41852550232912,146.60361675014101,180.4506298681401,175.36533570809775,False
D3_M2_stockflow,M2_stockflow_regimeC,33.8,21,M2_stockflow_regimeC,141.36781682025904,147.7745499840872,180.4506298681401,175.36533570809775,False
D3_M2_stockflow,M2_stockflow_regimeC,33.8,21,M3_AR_residual,144.64429886404585,147.95923807999523,180.4506298681401,175.36533570809775,False
D3_M2_stockflow,M2_stockflow_regimeC,33.8,21,M4_delayed_info,142.39063624282744,146.39322237231326,180.4506298681401,175.36533570809775,False
D3_M2_stockflow,M2_stockflow_regimeC,33.8,22,M1_autonomous_Schaefer,121.5993544448329,112.3077055415889,156.36463912918117,154.55732795383997,True
D3_M2_stockflow,M2_stockflow_regimeC,33.8,22,M1b_autonomous_Allee,124.52322460254054,117.579843706534,156.36463912918117,154.55732795383997,False
D3_M2_stockflow,M2_stockflow_regimeC,33.8,22,M2_stockflow_regimeC,120.92219301657892,121.93740568230898,156.36463912918117,154.55732795383997,False
D3_M2_stockflow,M2_stockflow_regimeC,33.8,22,M3_AR_residual,124.2739389964463,121.84235775295652,156.36463912918117,154.55732795383997,False
D3_M2_stockflow,M2_stockflow_regimeC,33.8,22,M4_delayed_info,120.1205040139007,121.80501718208592,156.36463912918117,154.55732795383997,False
D3_M2_stockflow,M2_stockflow_regimeC,33.8,23,M1_autonomous_Schaefer,104.00999323350284,112.24128157858547,123.61695766008606,115.80787471165547,False
D3_M2_stockflow,M2_stockflow_regimeC,33.8,23,M1b_autonomous_Allee,90.89126795379087,109.02240028991297,123.61695766008606,115.80787471165547,False
D3_M2_stockflow,M2_stockflow_regimeC,33.8,23,M2_stockflow_regimeC,104.17980361859637,96.31141498603752,123.61695766008606,115.80787471165547,False
D3_M2_stockflow,M2_stockflow_regimeC,33.8,23,M3_AR_residual,104.44696645670115,96.04983356035846,123.61695766008606,115.80787471165547,False
D3_M2_stockflow,M2_stockflow_regimeC,33.8,23,M4_delayed_info,100.59173060619018,97.80130309754993,123.61695766008606,115.80787471165547,False
D3_M2_stockflow,M2_stockflow_regimeC,33.8,24,M1_autonomous_Schaefer,134.55971757074562,122.7094035467674,167.32754633671394,170.63305731181322,True
D3_M2_stockflow,M2_stockflow_regimeC,33.8,24,M1b_autonomous_Allee,147.8128997414809,150.07474968820551,167.32754633671394,170.63305731181322,False
D3_M2_stockflow,M2_stockflow_regimeC,33.8,24,M2_stockflow_regimeC,131.4350037343981,128.114650722671,167.32754633671394,170.63305731181322,False
D3_M2_stockflow,M2_stockflow_regimeC,33.8,24,M3_AR_residual,137.25910993774121,128.27016948898867,167.32754633671394,170.63305731181322,False
D3_M2_stockflow,M2_stockflow_regimeC,33.8,24,M4_delayed_info,129.07712089949038,128.10331888022344,167.32754633671394,170.63305731181322,False
D3_M2_stockflow,M2_stockflow_regimeC,33.8,25,M1_autonomous_Schaefer,143.0809582354394,127.74446981513252,182.11279249531108,182.87460829278632,True
D3_M2_stockflow,M2_stockflow_regimeC,33.8,25,M1b_autonomous_Allee,145.40530780578354,140.09070661624162,182.11279249531108,182.87460829278632,False
D3_M2_stockflow,M2_stockflow_regimeC,33.8,25,M2_stockflow_regimeC,143.64360029553993,140.3733491841115,182.11279249531108,182.87460829278632,False
D3_M2_stockflow,M2_stockflow_regimeC,33.8,25,M3_AR_residual,143.79844714249754,140.37801603638584,182.11279249531108,182.87460829278632,False
D3_M2_stockflow,M2_stockflow_regimeC,33.8,25,M4_delayed_info,140.43085048249924,140.18083983428318,182.11279249531108,182.87460829278632,False
D3_M2_stockflow,M2_stockflow_regimeC,33.8,26,M1_autonomous_Schaefer,92.39556338356296,100.81889702242144,99.06153648128121,94.4441277494624,False
D3_M2_stockflow,M2_stockflow_regimeC,33.8,26,M1b_autonomous_Allee,97.40257833269611,120.02983720873905,99.06153648128121,94.4441277494624,False
D3_M2_stockflow,M2_stockflow_regimeC,33.8,26,M2_stockflow_regimeC,87.55032619546503,80.23143512808849,99.06153648128121,94.4441277494624,True
D3_M2_stockflow,M2_stockflow_regimeC,33.8,26,M3_AR_residual,84.41938251090261,79.86690838378357,99.06153648128121,94.4441277494624,False
D3_M2_stockflow,M2_stockflow_regimeC,33.8,26,M4_delayed_info,82.86637851314596,79.85363441313386,99.06153648128121,94.4441277494624,False
D3_M2_stockflow,M2_stockflow_regimeC,33.8,27,M1_autonomous_Schaefer,92.37711034721417,102.9018723438495,110.78062070333611,108.13538992748613,False
D3_M2_stockflow,M2_stockflow_regimeC,33.8,27,M1b_autonomous_Allee,107.50039718223839,120.11856063238378,110.78062070333611,108.13538992748613,False
D3_M2_stockflow,M2_stockflow_regimeC,33.8,27,M2_stockflow_regimeC,98.79174612764415,89.01522017026143,110.78062070333611,108.13538992748613,False
D3_M2_stockflow,M2_stockflow_regimeC,33.8,27,M3_AR_residual,98.28746822466003,88.5286150956023,110.78062070333611,108.13538992748613,False
D3_M2_stockflow,M2_stockflow_regimeC,33.8,27,M4_delayed_info,93.22748244737313,88.98004292873037,110.78062070333611,108.13538992748613,False
D3_M2_stockflow,M2_stockflow_regimeC,33.8,28,M1_autonomous_Schaefer,93.51177996388245,145.36131528315104,108.93590751044239,116.59960143637737,False
D3_M2_stockflow,M2_stockflow_regimeC,33.8,28,M1b_autonomous_Allee,102.22131365918021,457.0438415009307,108.93590751044239,116.59960143637737,False
D3_M2_stockflow,M2_stockflow_regimeC,33.8,28,M2_stockflow_regimeC,97.35965395265751,92.3685992576698,108.93590751044239,116.59960143637737,False
D3_M2_stockflow,M2_stockflow_regimeC,33.8,28,M3_AR_residual,90.32785217230963,92.40665557031298,108.93590751044239,116.59960143637737,False
D3_M2_stockflow,M2_stockflow_regimeC,33.8,28,M4_delayed_info,94.66692171384861,93.58688290743353,108.93590751044239,116.59960143637737,False
D3_M2_stockflow,M2_stockflow_regimeC,33.8,29,M1_autonomous_Schaefer,89.99270735931812,88.81069351126534,101.35924634973648,77.90540645029262,False
D3_M2_stockflow,M2_stockflow_regimeC,33.8,29,M1b_autonomous_Allee,92.71649495296356,115.72625489519099,101.35924634973648,77.90540645029262,False
D3_M2_stockflow,M2_stockflow_regimeC,33.8,29,M2_stockflow_regimeC,97.73727849872984,93.57080672821067,101.35924634973648,77.90540645029262,False
D3_M2_stockflow,M2_stockflow_regimeC,33.8,29,M3_AR_residual,90.79370288748282,98.51103198815362,101.35924634973648,77.90540645029262,False
D3_M2_stockflow,M2_stockflow_regimeC,33.8,29,M4_delayed_info,107.35700085578303,95.60809894822572,101.35924634973648,77.90540645029262,False
D3_M2_stockflow,M2_stockflow_regimeC,33.8,30,M1_autonomous_Schaefer,99.16903369058174,105.15452488204241,120.615532417412,124.81035387073527,True
D3_M2_stockflow,M2_stockflow_regimeC,33.8,30,M1b_autonomous_Allee,88.57512602164513,88.86445806741715,120.615532417412,124.81035387073527,True
D3_M2_stockflow,M2_stockflow_regimeC,33.8,30,M2_stockflow_regimeC,111.4537849174093,130.7295484675043,120.615532417412,124.81035387073527,False
D3_M2_stockflow,M2_stockflow_regimeC,33.8,30,M3_AR_residual,110.28144872073598,130.9489978545032,120.615532417412,124.81035387073527,False
D3_M2_stockflow,M2_stockflow_regimeC,33.8,30,M4_delayed_info,120.90248981202507,130.9463229080093,120.615532417412,124.81035387073527,False
D3_M2_stockflow,M2_stockflow_regimeC,33.8,31,M1_autonomous_Schaefer,122.82556849883386,119.77390571108711,141.64412358628476,125.632018037259,False
D3_M2_stockflow,M2_stockflow_regimeC,33.8,31,M1b_autonomous_Allee,118.03650034873408,134.2530662263033,141.64412358628476,125.632018037259,False
D3_M2_stockflow,M2_stockflow_regimeC,33.8,31,M2_stockflow_regimeC,121.16908791177838,120.61586727445365,141.64412358628476,125.632018037259,False
D3_M2_stockflow,M2_stockflow_regimeC,33.8,31,M3_AR_residual,121.41473432639852,121.0785748173123,141.64412358628476,125.632018037259,False
D3_M2_stockflow,M2_stockflow_regimeC,33.8,31,M4_delayed_info,124.01332370368267,121.72879719175056,141.64412358628476,125.632018037259,False
D3_M2_stockflow,M2_stockflow_regimeC,33.8,32,M1_autonomous_Schaefer,115.89032485756529,137.7256298441495,141.12207388831177,133.02473295154635,False
D3_M2_stockflow,M2_stockflow_regimeC,33.8,32,M1b_autonomous_Allee,124.62619150576093,142.94658148858113,141.12207388831177,133.02473295154635,False
D3_M2_stockflow,M2_stockflow_regimeC,33.8,32,M2_stockflow_regimeC,125.11067613000942,130.02703088565394,141.12207388831177,133.02473295154635,False
D3_M2_stockflow,M2_stockflow_regimeC,33.8,32,M3_AR_residual,124.67544157193234,128.82825856236366,141.12207388831177,133.02473295154635,False
D3_M2_stockflow,M2_stockflow_regimeC,33.8,32,M4_delayed_info,134.50763617216626,133.94220520966093,141.12207388831177,133.02473295154635,False
D3_M2_stockflow,M2_stockflow_regimeC,33.8,33,M1_autonomous_Schaefer,138.37518046821938,125.05439258312661,163.27037621025792,166.39224259250253,True
D3_M2_stockflow,M2_stockflow_regimeC,33.8,33,M1b_autonomous_Allee,136.39825879166105,135.77487331588702,163.27037621025792,166.39224259250253,False
D3_M2_stockflow,M2_stockflow_regimeC,33.8,33,M2_stockflow_regimeC,136.30884374613623,134.87080022017616,163.27037621025792,166.39224259250253,False
D3_M2_stockflow,M2_stockflow_regimeC,33.8,33,M3_AR_residual,143.63597029666022,135.2385305148839,163.27037621025792,166.39224259250253,False
D3_M2_stockflow,M2_stockflow_regimeC,33.8,33,M4_delayed_info,138.5187690472161,132.13649180438375,163.27037621025792,166.39224259250253,False
D3_M2_stockflow,M2_stockflow_regimeC,33.8,34,M1_autonomous_Schaefer,83.2847556996308,125.93964541194062,91.02217018442106,84.11380581253769,False
D3_M2_stockflow,M2_stockflow_regimeC,33.8,34,M1b_autonomous_Allee,79.96342373614739,135.3219990250872,91.02217018442106,84.11380581253769,False
D3_M2_stockflow,M2_stockflow_regimeC,33.8,34,M2_stockflow_regimeC,94.50904892744046,89.19417939066872,91.02217018442106,84.11380581253769,False
D3_M2_stockflow,M2_stockflow_regimeC,33.8,34,M3_AR_residual,84.2741854801838,86.58279368042912,91.02217018442106,84.11380581253769,False
D3_M2_stockflow,M2_stockflow_regimeC,33.8,34,M4_delayed_info,90.9417546790838,87.11004892703336,91.02217018442106,84.11380581253769,False
D3_M2_stockflow,M2_stockflow_regimeC,33.8,35,M1_autonomous_Schaefer,94.78386641506913,96.71472798846264,116.02665796164679,101.83939469723614,True
D3_M2_stockflow,M2_stockflow_regimeC,33.8,35,M1b_autonomous_Allee,100.7278001856322,113.18416626606275,116.02665796164679,101.83939469723614,False
D3_M2_stockflow,M2_stockflow_regimeC,33.8,35,M2_stockflow_regimeC,114.135953683862,113.26130047392218,116.02665796164679,101.83939469723614,False
D3_M2_stockflow,M2_stockflow_regimeC,33.8,35,M3_AR_residual,107.05055935625785,113.18121578968169,116.02665796164679,101.83939469723614,False
D3_M2_stockflow,M2_stockflow_regimeC,33.8,35,M4_delayed_info,112.66102755515998,112.0084102571887,116.02665796164679,101.83939469723614,False
D3_M2_stockflow,M2_stockflow_regimeC,33.8,36,M1_autonomous_Schaefer,118.72935149902463,112.45431397321629,147.78943873921634,140.5506649999472,True
D3_M2_stockflow,M2_stockflow_regimeC,33.8,36,M1b_autonomous_Allee,126.50221981258218,120.73775113484656,147.78943873921634,140.5506649999472,False
D3_M2_stockflow,M2_stockflow_regimeC,33.8,36,M2_stockflow_regimeC,118.27606328895574,110.63289558641682,147.78943873921634,140.5506649999472,False
D3_M2_stockflow,M2_stockflow_regimeC,33.8,36,M3_AR_residual,120.53754437259144,110.76927359079693,147.78943873921634,140.5506649999472,False
D3_M2_stockflow,M2_stockflow_regimeC,33.8,36,M4_delayed_info,114.74427684912222,111.91762452474077,147.78943873921634,140.5506649999472,False
D3_M2_stockflow,M2_stockflow_regimeC,33.8,37,M1_autonomous_Schaefer,90.16369700733573,99.68846593323651,95.24452086331424,92.20583246077136,False
D3_M2_stockflow,M2_stockflow_regimeC,33.8,37,M1b_autonomous_Allee,77.5451739338687,90.59190454291729,95.24452086331424,92.20583246077136,False
D3_M2_stockflow,M2_stockflow_regimeC,33.8,37,M2_stockflow_regimeC,86.52689596915353,83.08837605299384,95.24452086331424,92.20583246077136,False
D3_M2_stockflow,M2_stockflow_regimeC,33.8,37,M3_AR_residual,80.00212853028327,82.18945124917914,95.24452086331424,92.20583246077136,False
D3_M2_stockflow,M2_stockflow_regimeC,33.8,37,M4_delayed_info,81.33457312113548,82.05761863107277,95.24452086331424,92.20583246077136,False
D3_M2_stockflow,M2_stockflow_regimeC,33.8,38,M1_autonomous_Schaefer,155.79738378228564,130.62798172036923,191.77756482904965,202.08228709280905,True
D3_M2_stockflow,M2_stockflow_regimeC,33.8,38,M1b_autonomous_Allee,152.39150029663656,171.32098712009642,191.77756482904965,202.08228709280905,False
D3_M2_stockflow,M2_stockflow_regimeC,33.8,38,M2_stockflow_regimeC,151.57140317278976,151.56572685404777,191.77756482904965,202.08228709280905,False
D3_M2_stockflow,M2_stockflow_regimeC,33.8,38,M3_AR_residual,154.657872566954,151.75482132911299,191.77756482904965,202.08228709280905,False
D3_M2_stockflow,M2_stockflow_regimeC,33.8,38,M4_delayed_info,156.16195896726225,150.32165558878816,191.77756482904965,202.08228709280905,False
D3_M2_stockflow,M2_stockflow_regimeC,33.8,39,M1_autonomous_Schaefer,126.05098732563097,111.75399205698396,156.62148005445005,145.06558824811012,True
D3_M2_stockflow,M2_stockflow_regimeC,33.8,39,M1b_autonomous_Allee,121.60400976380174,113.67947256274516,156.62148005445005,145.06558824811012,False
D3_M2_stockflow,M2_stockflow_regimeC,33.8,39,M2_stockflow_regimeC,122.20452646404354,110.45164117193266,156.62148005445005,145.06558824811012,False
D3_M2_stockflow,M2_stockflow_regimeC,33.8,39,M3_AR_residual,127.33642304645772,112.18442728771238,156.62148005445005,145.06558824811012,False
D3_M2_stockflow,M2_stockflow_regimeC,33.8,39,M4_delayed_info,115.03827011103344,110.32547157053585,156.62148005445005,145.06558824811012,False
D3_M2_stockflow,M2_stockflow_regimeC,33.8,40,M1_autonomous_Schaefer,99.7167525670825,100.27992389323921,128.42932618024892,120.52066162353557,True
D3_M2_stockflow,M2_stockflow_regimeC,33.8,40,M1b_autonomous_Allee,108.98480636383205,126.09686259001826,128.42932618024892,120.52066162353557,False
D3_M2_stockflow,M2_stockflow_regimeC,33.8,40,M2_stockflow_regimeC,120.55462400391015,121.94632661856649,128.42932618024892,120.52066162353557,False
D3_M2_stockflow,M2_stockflow_regimeC,33.8,40,M3_AR_residual,123.93774826554329,134.1915414874624,128.42932618024892,120.52066162353557,False
D3_M2_stockflow,M2_stockflow_regimeC,33.8,40,M4_delayed_info,134.2904943274615,130.00549507719037,128.42932618024892,120.52066162353557,False
D3_M2_stockflow,M2_stockflow_regimeC,33.8,41,M1_autonomous_Schaefer,105.9540786552033,94.83774028374086,125.0042219741636,95.5942707656228,False
D3_M2_stockflow,M2_stockflow_regimeC,33.8,41,M1b_autonomous_Allee,112.01901912655016,114.88076302852645,125.0042219741636,95.5942707656228,False
D3_M2_stockflow,M2_stockflow_regimeC,33.8,41,M2_stockflow_regimeC,92.79717048564714,86.11616688814357,125.0042219741636,95.5942707656228,True
D3_M2_stockflow,M2_stockflow_regimeC,33.8,41,M3_AR_residual,105.12420494110258,83.14619129674266,125.0042219741636,95.5942707656228,False
D3_M2_stockflow,M2_stockflow_regimeC,33.8,41,M4_delayed_info,87.59442415193756,83.32824888366454,125.0042219741636,95.5942707656228,False
D3_M2_stockflow,M2_stockflow_regimeC,33.8,42,M1_autonomous_Schaefer,87.04514418847282,98.01262907212664,81.33312515546392,77.40072536208163,False
D3_M2_stockflow,M2_stockflow_regimeC,33.8,42,M1b_autonomous_Allee,74.23699043678002,78.71691545996403,81.33312515546392,77.40072536208163,False
D3_M2_stockflow,M2_stockflow_regimeC,33.8,42,M2_stockflow_regimeC,86.59432650804075,87.91304670256886,81.33312515546392,77.40072536208163,False
D3_M2_stockflow,M2_stockflow_regimeC,33.8,42,M3_AR_residual,75.95142702608206,90.17349540337165,81.33312515546392,77.40072536208163,False
D3_M2_stockflow,M2_stockflow_regimeC,33.8,42,M4_delayed_info,82.55540857737022,88.47912035343033,81.33312515546392,77.40072536208163,False
D3_M2_stockflow,M2_stockflow_regimeC,33.8,43,M1_autonomous_Schaefer,96.82561325955422,98.06992255553335,107.40573316501921,99.12190171515427,False
D3_M2_stockflow,M2_stockflow_regimeC,33.8,43,M1b_autonomous_Allee,86.9709470905883,97.78171092892833,107.40573316501921,99.12190171515427,False
D3_M2_stockflow,M2_stockflow_regimeC,33.8,43,M2_stockflow_regimeC,94.21501655761057,90.32366415645281,107.40573316501921,99.12190171515427,False
D3_M2_stockflow,M2_stockflow_regimeC,33.8,43,M3_AR_residual,87.61417300462507,90.04766698100296,107.40573316501921,99.12190171515427,False
D3_M2_stockflow,M2_stockflow_regimeC,33.8,43,M4_delayed_info,92.78679321013053,93.60085532975386,107.40573316501921,99.12190171515427,False
D3_M2_stockflow,M2_stockflow_regimeC,33.8,44,M1_autonomous_Schaefer,92.11111940041405,91.30320374828366,99.03541521668882,94.45638628872014,False
D3_M2_stockflow,M2_stockflow_regimeC,33.8,44,M1b_autonomous_Allee,84.14658877200905,99.57135845920392,99.03541521668882,94.45638628872014,False
D3_M2_stockflow,M2_stockflow_regimeC,33.8,44,M2_stockflow_regimeC,100.87640139886426,90.27679684096917,99.03541521668882,94.45638628872014,False
D3_M2_stockflow,M2_stockflow_regimeC,33.8,44,M3_AR_residual,99.84789989317676,96.52038895295495,99.03541521668882,94.45638628872014,False
D3_M2_stockflow,M2_stockflow_regimeC,33.8,44,M4_delayed_info,99.89041276209163,95.35352476700703,99.03541521668882,94.45638628872014,False
D3_M2_stockflow,M2_stockflow_regimeC,33.8,45,M1_autonomous_Schaefer,162.07367761172785,153.93438934604862,212.99874156110158,215.88385972936197,True
D3_M2_stockflow,M2_stockflow_regimeC,33.8,45,M1b_autonomous_Allee,171.37834140111482,167.00552945022451,212.99874156110158,215.88385972936197,False
D3_M2_stockflow,M2_stockflow_regimeC,33.8,45,M2_stockflow_regimeC,166.45555450084737,169.32897852762218,212.99874156110158,215.88385972936197,False
D3_M2_stockflow,M2_stockflow_regimeC,33.8,45,M3_AR_residual,170.30998363228792,169.36297527669228,212.99874156110158,215.88385972936197,False
D3_M2_stockflow,M2_stockflow_regimeC,33.8,45,M4_delayed_info,163.55125518381624,169.1872316699579,212.99874156110158,215.88385972936197,False
D3_M2_stockflow,M2_stockflow_regimeC,33.8,46,M1_autonomous_Schaefer,89.09722549484093,90.40219935646694,86.33795553839416,88.0332775254289,False
D3_M2_stockflow,M2_stockflow_regimeC,33.8,46,M1b_autonomous_Allee,86.59369276305475,98.38592470184847,86.33795553839416,88.0332775254289,False
D3_M2_stockflow,M2_stockflow_regimeC,33.8,46,M2_stockflow_regimeC,80.44946257003141,70.84033872320772,86.33795553839416,88.0332775254289,True
D3_M2_stockflow,M2_stockflow_regimeC,33.8,46,M3_AR_residual,83.47726959404532,70.30874868760638,86.33795553839416,88.0332775254289,False
D3_M2_stockflow,M2_stockflow_regimeC,33.8,46,M4_delayed_info,76.98963798701945,75.34108413890877,86.33795553839416,88.0332775254289,False
D3_M2_stockflow,M2_stockflow_regimeC,33.8,47,M1_autonomous_Schaefer,118.68283411646712,100.91955480033553,136.2436384879207,116.09744629148737,True
D3_M2_stockflow,M2_stockflow_regimeC,33.8,47,M1b_autonomous_Allee,133.25944516989264,124.36598499953833,136.2436384879207,116.09744629148737,False
D3_M2_stockflow,M2_stockflow_regimeC,33.8,47,M2_stockflow_regimeC,122.89591196212668,122.7927875202663,136.2436384879207,116.09744629148737,False
D3_M2_stockflow,M2_stockflow_regimeC,33.8,47,M3_AR_residual,127.17955195700425,123.11114616565284,136.2436384879207,116.09744629148737,False
D3_M2_stockflow,M2_stockflow_regimeC,33.8,47,M4_delayed_info,128.66863776751626,121.54527099545494,136.2436384879207,116.09744629148737,False
D3_M2_stockflow,M2_stockflow_regimeC,33.8,48,M1_autonomous_Schaefer,99.63981231628604,98.00983810531329,118.17195777777613,114.39525923575822,True
D3_M2_stockflow,M2_stockflow_regimeC,33.8,48,M1b_autonomous_Allee,101.45057548155154,120.73479268731266,118.17195777777613,114.39525923575822,False
D3_M2_stockflow,M2_stockflow_regimeC,33.8,48,M2_stockflow_regimeC,105.58477040577138,93.54945132217267,118.17195777777613,114.39525923575822,False
D3_M2_stockflow,M2_stockflow_regimeC,33.8,48,M3_AR_residual,105.546854509027,92.91149567256485,118.17195777777613,114.39525923575822,False
D3_M2_stockflow,M2_stockflow_regimeC,33.8,48,M4_delayed_info,103.77059563972267,96.17575113831033,118.17195777777613,114.39525923575822,False
D3_M2_stockflow,M2_stockflow_regimeC,33.8,49,M1_autonomous_Schaefer,71.30199530552989,70.106881147241,73.82916545393469,72.237360460861,False
D3_M2_stockflow,M2_stockflow_regimeC,33.8,49,M1b_autonomous_Allee,66.77389022510893,83.7494239350772,73.82916545393469,72.237360460861,False
D3_M2_stockflow,M2_stockflow_regimeC,33.8,49,M2_stockflow_regimeC,84.24704682650534,77.9986460548858,73.82916545393469,72.237360460861,False
D3_M2_stockflow,M2_stockflow_regimeC,33.8,49,M3_AR_residual,66.73065653871306,72.55189959691675,73.82916545393469,72.237360460861,False
D3_M2_stockflow,M2_stockflow_regimeC,33.8,49,M4_delayed_info,65.19611198338808,73.81950339253176,73.82916545393469,72.237360460861,False
D3_M2_stockflow,M2_stockflow_regimeC,33.8,50,M1_autonomous_Schaefer,73.84277409912751,83.0783925657859,65.65872419059575,78.23090678581725,False
D3_M2_stockflow,M2_stockflow_regimeC,33.8,50,M1b_autonomous_Allee,71.23898353792264,104.60054067075411,65.65872419059575,78.23090678581725,False
D3_M2_stockflow,M2_stockflow_regimeC,33.8,50,M2_stockflow_regimeC,78.93137466519921,66.46000778429513,65.65872419059575,78.23090678581725,False
D3_M2_stockflow,M2_stockflow_regimeC,33.8,50,M3_AR_residual,67.84515405209854,65.4953867404219,65.65872419059575,78.23090678581725,False
D3_M2_stockflow,M2_stockflow_regimeC,33.8,50,M4_delayed_info,68.98495176857281,61.85700806181563,65.65872419059575,78.23090678581725,False
D3_M2_stockflow,M2_stockflow_regimeC,33.8,51,M1_autonomous_Schaefer,111.2535191079685,100.60001457282293,148.12037235415346,141.66970100483658,True
D3_M2_stockflow,M2_stockflow_regimeC,33.8,51,M1b_autonomous_Allee,117.08555873396651,131.07364609181718,148.12037235415346,141.66970100483658,False
D3_M2_stockflow,M2_stockflow_regimeC,33.8,51,M2_stockflow_regimeC,129.2128061595113,136.39690430872298,148.12037235415346,141.66970100483658,False
D3_M2_stockflow,M2_stockflow_regimeC,33.8,51,M3_AR_residual,131.7885690976276,136.57381945357082,148.12037235415346,141.66970100483658,False
D3_M2_stockflow,M2_stockflow_regimeC,33.8,51,M4_delayed_info,139.32999268097308,138.10111712011852,148.12037235415346,141.66970100483658,False
D3_M2_stockflow,M2_stockflow_regimeC,33.8,52,M1_autonomous_Schaefer,103.3029262010465,100.38120708748994,119.5118879661295,122.33707243518616,True
D3_M2_stockflow,M2_stockflow_regimeC,33.8,52,M1b_autonomous_Allee,106.85678703954056,121.61717399825824,119.5118879661295,122.33707243518616,False
D3_M2_stockflow,M2_stockflow_regimeC,33.8,52,M2_stockflow_regimeC,102.76109007174921,103.32222806473929,119.5118879661295,122.33707243518616,False
D3_M2_stockflow,M2_stockflow_regimeC,33.8,52,M3_AR_residual,106.59150224415949,103.47570326840939,119.5118879661295,122.33707243518616,False
D3_M2_stockflow,M2_stockflow_regimeC,33.8,52,M4_delayed_info,107.17245074319283,106.34541182839341,119.5118879661295,122.33707243518616,False
D3_M2_stockflow,M2_stockflow_regimeC,33.8,53,M1_autonomous_Schaefer,105.72564497789894,145.23930049708582,129.27514067046044,140.23887019800046,False
D3_M2_stockflow,M2_stockflow_regimeC,33.8,53,M1b_autonomous_Allee,112.92492982399186,155.90823046422358,129.27514067046044,140.23887019800046,False
D3_M2_stockflow,M2_stockflow_regimeC,33.8,53,M2_stockflow_regimeC,122.1716430440174,131.74938461793792,129.27514067046044,140.23887019800046,False
D3_M2_stockflow,M2_stockflow_regimeC,33.8,53,M3_AR_residual,123.30583831722899,131.5490036036103,129.27514067046044,140.23887019800046,False
D3_M2_stockflow,M2_stockflow_regimeC,33.8,53,M4_delayed_info,131.06074771287518,131.66415724740435,129.27514067046044,140.23887019800046,False
D3_M2_stockflow,M2_stockflow_regimeC,33.8,54,M1_autonomous_Schaefer,88.01112669175338,99.46348321827129,98.39175942917261,103.12079072578852,False
D3_M2_stockflow,M2_stockflow_regimeC,33.8,54,M1b_autonomous_Allee,82.77224533833399,112.41056156166826,98.39175942917261,103.12079072578852,False
D3_M2_stockflow,M2_stockflow_regimeC,33.8,54,M2_stockflow_regimeC,83.70992584148277,75.02902551868065,98.39175942917261,103.12079072578852,False
D3_M2_stockflow,M2_stockflow_regimeC,33.8,54,M3_AR_residual,81.42784727719358,74.87378417463931,98.39175942917261,103.12079072578852,False
D3_M2_stockflow,M2_stockflow_regimeC,33.8,54,M4_delayed_info,80.11494647308592,74.51990743041947,98.39175942917261,103.12079072578852,False
D3_M2_stockflow,M2_stockflow_regimeC,33.8,55,M1_autonomous_Schaefer,152.85467348075645,162.2515640071458,191.9348536386178,197.81761115660416,True
D3_M2_stockflow,M2_stockflow_regimeC,33.8,55,M1b_autonomous_Allee,163.2848461848912,176.6400028535009,191.9348536386178,197.81761115660416,False
D3_M2_stockflow,M2_stockflow_regimeC,33.8,55,M2_stockflow_regimeC,152.22859950260758,149.23434225397014,191.9348536386178,197.81761115660416,False
D3_M2_stockflow,M2_stockflow_regimeC,33.8,55,M3_AR_residual,150.8739105539061,149.2087680126796,191.9348536386178,197.81761115660416,False
D3_M2_stockflow,M2_stockflow_regimeC,33.8,55,M4_delayed_info,151.6663534433151,149.34413883928752,191.9348536386178,197.81761115660416,False
D3_M2_stockflow,M2_stockflow_regimeC,33.8,56,M1_autonomous_Schaefer,86.04333064231145,102.94993878275062,100.87165146415502,104.13592552278058,False
D3_M2_stockflow,M2_stockflow_regimeC,33.8,56,M1b_autonomous_Allee,84.79651281003758,114.61882871014257,100.87165146415502,104.13592552278058,False
D3_M2_stockflow,M2_stockflow_regimeC,33.8,56,M2_stockflow_regimeC,91.0753610735739,89.01640469731592,100.87165146415502,104.13592552278058,False
D3_M2_stockflow,M2_stockflow_regimeC,33.8,56,M3_AR_residual,84.15510650351284,88.9953611936136,100.87165146415502,104.13592552278058,False
D3_M2_stockflow,M2_stockflow_regimeC,33.8,56,M4_delayed_info,87.48771462069182,88.35077606429849,100.87165146415502,104.13592552278058,False
D3_M2_stockflow,M2_stockflow_regimeC,33.8,57,M1_autonomous_Schaefer,109.85445790696761,102.13334471083229,130.9157503748147,140.05625320920183,True
D3_M2_stockflow,M2_stockflow_regimeC,33.8,57,M1b_autonomous_Allee,111.37112237075395,109.81012785207506,130.9157503748147,140.05625320920183,False
D3_M2_stockflow,M2_stockflow_regimeC,33.8,57,M2_stockflow_regimeC,112.56007079758702,105.04154080052564,130.9157503748147,140.05625320920183,False
D3_M2_stockflow,M2_stockflow_regimeC,33.8,57,M3_AR_residual,114.9782671973529,104.8360331568066,130.9157503748147,140.05625320920183,False
D3_M2_stockflow,M2_stockflow_regimeC,33.8,57,M4_delayed_info,109.99339934933626,100.25483818541059,130.9157503748147,140.05625320920183,False
D3_M2_stockflow,M2_stockflow_regimeC,33.8,58,M1_autonomous_Schaefer,63.93741718569451,77.6242536877854,60.1028062270255,74.23088692313085,False
D3_M2_stockflow,M2_stockflow_regimeC,33.8,58,M1b_autonomous_Allee,66.59820776896838,88.07983451986878,60.1028062270255,74.23088692313085,False
D3_M2_stockflow,M2_stockflow_regimeC,33.8,58,M2_stockflow_regimeC,68.21347515103218,64.09771585597274,60.1028062270255,74.23088692313085,False
D3_M2_stockflow,M2_stockflow_regimeC,33.8,58,M3_AR_residual,53.50477374014318,61.30133313751479,60.1028062270255,74.23088692313085,False
D3_M2_stockflow,M2_stockflow_regimeC,33.8,58,M4_delayed_info,57.14782287604131,62.46507798200323,60.1028062270255,74.23088692313085,False
D3_M2_stockflow,M2_stockflow_regimeC,33.8,59,M1_autonomous_Schaefer,104.90650416320305,101.83797561829505,131.14260321882082,120.50481601588918,True
D3_M2_stockflow,M2_stockflow_regimeC,33.8,59,M1b_autonomous_Allee,104.53952911512658,127.58114200984248,131.14260321882082,120.50481601588918,False
D3_M2_stockflow,M2_stockflow_regimeC,33.8,59,M2_stockflow_regimeC,121.15205800959515,134.53422934505556,131.14260321882082,120.50481601588918,False
D3_M2_stockflow,M2_stockflow_regimeC,33.8,59,M3_AR_residual,121.87583581077047,134.47523326908848,131.14260321882082,120.50481601588918,False
D3_M2_stockflow,M2_stockflow_regimeC,33.8,59,M4_delayed_info,137.17317276947256,132.64995797491528,131.14260321882082,120.50481601588918,False
D3_M2_stockflow,M2_stockflow_regimeC,33.8,60,M1_autonomous_Schaefer,84.71153219937857,94.4740625563658,82.92323029215753,83.32068913407142,False
D3_M2_stockflow,M2_stockflow_regimeC,33.8,60,M1b_autonomous_Allee,71.055994483455,95.55822095614481,82.92323029215753,83.32068913407142,False
D3_M2_stockflow,M2_stockflow_regimeC,33.8,60,M2_stockflow_regimeC,87.96136386565092,89.17946130804178,82.92323029215753,83.32068913407142,False
D3_M2_stockflow,M2_stockflow_regimeC,33.8,60,M3_AR_residual,76.00524905800077,88.36304092551487,82.92323029215753,83.32068913407142,False
D3_M2_stockflow,M2_stockflow_regimeC,33.8,60,M4_delayed_info,82.43843974347418,88.48088348282216,82.92323029215753,83.32068913407142,False
D3_M2_stockflow,M2_stockflow_regimeC,33.8,61,M1_autonomous_Schaefer,93.28531629715083,106.5772821842799,103.29315814034035,102.41971157250781,False
D3_M2_stockflow,M2_stockflow_regimeC,33.8,61,M1b_autonomous_Allee,95.83368702958695,122.91172258384566,103.29315814034035,102.41971157250781,False
D3_M2_stockflow,M2_stockflow_regimeC,33.8,61,M2_stockflow_regimeC,85.49886346328289,67.50956304981047,103.29315814034035,102.41971157250781,True
D3_M2_stockflow,M2_stockflow_regimeC,33.8,61,M3_AR_residual,86.68538520023343,67.52125496335383,103.29315814034035,102.41971157250781,False
D3_M2_stockflow,M2_stockflow_regimeC,33.8,61,M4_delayed_info,83.7881269715979,67.87366676475379,103.29315814034035,102.41971157250781,False
D3_M2_stockflow,M2_stockflow_regimeC,33.8,62,M1_autonomous_Schaefer,104.70999679585134,103.4618047523259,115.07487158421729,115.30814930669887,True
D3_M2_stockflow,M2_stockflow_regimeC,33.8,62,M1b_autonomous_Allee,93.7050725031458,121.39864826868879,115.07487158421729,115.30814930669887,False
D3_M2_stockflow,M2_stockflow_regimeC,33.8,62,M2_stockflow_regimeC,91.46403661286794,81.40402136992667,115.07487158421729,115.30814930669887,True
D3_M2_stockflow,M2_stockflow_regimeC,33.8,62,M3_AR_residual,95.75640306871537,82.77861655034376,115.07487158421729,115.30814930669887,False
D3_M2_stockflow,M2_stockflow_regimeC,33.8,62,M4_delayed_info,89.1408697911138,82.56795472557981,115.07487158421729,115.30814930669887,False
D3_M2_stockflow,M2_stockflow_regimeC,33.8,63,M1_autonomous_Schaefer,146.14663595124782,131.75617971754133,188.21669915615792,165.9362874411848,True
D3_M2_stockflow,M2_stockflow_regimeC,33.8,63,M1b_autonomous_Allee,156.4955372579515,154.09924504923762,188.21669915615792,165.9362874411848,False
D3_M2_stockflow,M2_stockflow_regimeC,33.8,63,M2_stockflow_regimeC,156.08571420970614,149.90402198532686,188.21669915615792,165.9362874411848,False
D3_M2_stockflow,M2_stockflow_regimeC,33.8,63,M3_AR_residual,153.0081689524391,149.9239280252396,188.21669915615792,165.9362874411848,False
D3_M2_stockflow,M2_stockflow_regimeC,33.8,63,M4_delayed_info,149.57582559122136,149.88677973224037,188.21669915615792,165.9362874411848,False
D3_M2_stockflow,M2_stockflow_regimeC,33.8,64,M1_autonomous_Schaefer,122.1998063491007,110.10695538751557,162.44693857671763,147.1135156192182,True
D3_M2_stockflow,M2_stockflow_regimeC,33.8,64,M1b_autonomous_Allee,128.04083069708665,128.69682505682346,162.44693857671763,147.1135156192182,False
D3_M2_stockflow,M2_stockflow_regimeC,33.8,64,M2_stockflow_regimeC,129.3767239024475,132.78412931980793,162.44693857671763,147.1135156192182,False
D3_M2_stockflow,M2_stockflow_regimeC,33.8,64,M3_AR_residual,128.89092323135148,132.53080783395515,162.44693857671763,147.1135156192182,False
D3_M2_stockflow,M2_stockflow_regimeC,33.8,64,M4_delayed_info,133.23307462751055,134.66063402086124,162.44693857671763,147.1135156192182,False
D3_M2_stockflow,M2_stockflow_regimeC,33.8,65,M1_autonomous_Schaefer,131.91563778381902,127.14655469135451,162.43337047467517,152.68117203080027,True
D3_M2_stockflow,M2_stockflow_regimeC,33.8,65,M1b_autonomous_Allee,137.46400446764707,133.5764084867012,162.43337047467517,152.68117203080027,False
D3_M2_stockflow,M2_stockflow_regimeC,33.8,65,M2_stockflow_regimeC,127.05140473858118,121.3307193938704,162.43337047467517,152.68117203080027,False
D3_M2_stockflow,M2_stockflow_regimeC,33.8,65,M3_AR_residual,129.01128190224358,123.06402529538673,162.43337047467517,152.68117203080027,False
D3_M2_stockflow,M2_stockflow_regimeC,33.8,65,M4_delayed_info,118.73334029844298,121.31149338671437,162.43337047467517,152.68117203080027,False
D3_M2_stockflow,M2_stockflow_regimeC,33.8,66,M1_autonomous_Schaefer,85.30670286665243,89.36344708546522,91.75563252212781,94.4077986599916,True
D3_M2_stockflow,M2_stockflow_regimeC,33.8,66,M1b_autonomous_Allee,84.62504647763079,90.5154491479214,91.75563252212781,94.4077986599916,False
D3_M2_stockflow,M2_stockflow_regimeC,33.8,66,M2_stockflow_regimeC,87.03975716546204,78.7000467598525,91.75563252212781,94.4077986599916,False
D3_M2_stockflow,M2_stockflow_regimeC,33.8,66,M3_AR_residual,81.8619503275786,77.13766626189204,91.75563252212781,94.4077986599916,False
D3_M2_stockflow,M2_stockflow_regimeC,33.8,66,M4_delayed_info,78.40858829673633,77.82504028561262,91.75563252212781,94.4077986599916,False
D3_M2_stockflow,M2_stockflow_regimeC,33.8,67,M1_autonomous_Schaefer,115.76923852170768,108.9374153169133,151.48649495110436,151.98727085737264,True
D3_M2_stockflow,M2_stockflow_regimeC,33.8,67,M1b_autonomous_Allee,126.5389966746383,166.01718010348006,151.48649495110436,151.98727085737264,False
D3_M2_stockflow,M2_stockflow_regimeC,33.8,67,M2_stockflow_regimeC,123.44021819454007,125.79517651196342,151.48649495110436,151.98727085737264,False
D3_M2_stockflow,M2_stockflow_regimeC,33.8,67,M3_AR_residual,129.82053500148862,141.80383020162606,151.48649495110436,151.98727085737264,False
D3_M2_stockflow,M2_stockflow_regimeC,33.8,67,M4_delayed_info,140.51261680198502,141.65241477152995,151.48649495110436,151.98727085737264,False
D3_M2_stockflow,M2_stockflow_regimeC,33.8,68,M1_autonomous_Schaefer,123.03249012681167,104.54683140525628,149.3788812492674,108.57845701880974,False
D3_M2_stockflow,M2_stockflow_regimeC,33.8,68,M1b_autonomous_Allee,128.0292415501963,114.64745805366559,149.3788812492674,108.57845701880974,False
D3_M2_stockflow,M2_stockflow_regimeC,33.8,68,M2_stockflow_regimeC,121.70271605815314,108.44284906326295,149.3788812492674,108.57845701880974,False
D3_M2_stockflow,M2_stockflow_regimeC,33.8,68,M3_AR_residual,134.51654062436307,105.36940686912394,149.3788812492674,108.57845701880974,False
D3_M2_stockflow,M2_stockflow_regimeC,33.8,68,M4_delayed_info,118.64810013683758,102.40990694428564,149.3788812492674,108.57845701880974,False
D3_M2_stockflow,M2_stockflow_regimeC,33.8,69,M1_autonomous_Schaefer,117.1867351790615,114.44732220908023,148.03983427659995,144.08566603020648,True
D3_M2_stockflow,M2_stockflow_regimeC,33.8,69,M1b_autonomous_Allee,124.99819169613177,144.9752891043509,148.03983427659995,144.08566603020648,False
D3_M2_stockflow,M2_stockflow_regimeC,33.8,69,M2_stockflow_regimeC,132.10410102548906,157.9691678385219,148.03983427659995,144.08566603020648,False
D3_M2_stockflow,M2_stockflow_regimeC,33.8,69,M3_AR_residual,135.27952602268505,157.86487134222352,148.03983427659995,144.08566603020648,False
D3_M2_stockflow,M2_stockflow_regimeC,33.8,69,M4_delayed_info,139.9865321826027,159.7474935156979,148.03983427659995,144.08566603020648,False
D3_M2_stockflow,M2_stockflow_regimeC,33.8,70,M1_autonomous_Schaefer,115.44937379363279,107.53120707702067,142.72052058635634,127.40678146069881,True
D3_M2_stockflow,M2_stockflow_regimeC,33.8,70,M1b_autonomous_Allee,119.36801180910578,123.19522702564785,142.72052058635634,127.40678146069881,False
D3_M2_stockflow,M2_stockflow_regimeC,33.8,70,M2_stockflow_regimeC,120.08218171158727,121.5875128825908,142.72052058635634,127.40678146069881,False
D3_M2_stockflow,M2_stockflow_regimeC,33.8,70,M3_AR_residual,120.33436336713358,121.27224001502374,142.72052058635634,127.40678146069881,False
D3_M2_stockflow,M2_stockflow_regimeC,33.8,70,M4_delayed_info,121.65586816802517,122.58101106828335,142.72052058635634,127.40678146069881,False
D3_M2_stockflow,M2_stockflow_regimeC,33.8,71,M1_autonomous_Schaefer,99.98453400036587,108.21280882109264,116.54630678478388,123.51695006587701,True
D3_M2_stockflow,M2_stockflow_regimeC,33.8,71,M1b_autonomous_Allee,94.37211413627115,119.80378314273308,116.54630678478388,123.51695006587701,False
D3_M2_stockflow,M2_stockflow_regimeC,33.8,71,M2_stockflow_regimeC,94.74947580422972,84.37046122156455,116.54630678478388,123.51695006587701,True
D3_M2_stockflow,M2_stockflow_regimeC,33.8,71,M3_AR_residual,95.28296793548888,84.28972587664855,116.54630678478388,123.51695006587701,False
D3_M2_stockflow,M2_stockflow_regimeC,33.8,71,M4_delayed_info,90.19087020451983,86.28992667096166,116.54630678478388,123.51695006587701,False
D3_M2_stockflow,M2_stockflow_regimeC,33.8,72,M1_autonomous_Schaefer,97.30327345492466,99.39326669243819,112.68660484788883,107.75515178115623,True
D3_M2_stockflow,M2_stockflow_regimeC,33.8,72,M1b_autonomous_Allee,99.2945869470543,106.21242808370457,112.68660484788883,107.75515178115623,False
D3_M2_stockflow,M2_stockflow_regimeC,33.8,72,M2_stockflow_regimeC,100.72981691560302,95.214234466368,112.68660484788883,107.75515178115623,False
D3_M2_stockflow,M2_stockflow_regimeC,33.8,72,M3_AR_residual,97.05128962501759,95.37361986239485,112.68660484788883,107.75515178115623,False
D3_M2_stockflow,M2_stockflow_regimeC,33.8,72,M4_delayed_info,102.14268774833558,93.28155310810847,112.68660484788883,107.75515178115623,False
D3_M2_stockflow,M2_stockflow_regimeC,33.8,73,M1_autonomous_Schaefer,77.97083269492293,82.8826641089181,60.235788748226206,76.63615847285524,False
D3_M2_stockflow,M2_stockflow_regimeC,33.8,73,M1b_autonomous_Allee,65.53952827044124,100.82165196535995,60.235788748226206,76.63615847285524,False
D3_M2_stockflow,M2_stockflow_regimeC,33.8,73,M2_stockflow_regimeC,76.70774488105442,60.11185942435439,60.235788748226206,76.63615847285524,False
D3_M2_stockflow,M2_stockflow_regimeC,33.8,73,M3_AR_residual,60.45761468160226,57.58308562762634,60.235788748226206,76.63615847285524,False
D3_M2_stockflow,M2_stockflow_regimeC,33.8,73,M4_delayed_info,64.03966159914721,58.12634585898648,60.235788748226206,76.63615847285524,False
D3_M2_stockflow,M2_stockflow_regimeC,33.8,74,M1_autonomous_Schaefer,95.56257744373725,91.56166388099447,125.61079092260947,90.07165569726016,False
D3_M2_stockflow,M2_stockflow_regimeC,33.8,74,M1b_autonomous_Allee,108.50669111136426,109.86246994948753,125.61079092260947,90.07165569726016,False
D3_M2_stockflow,M2_stockflow_regimeC,33.8,74,M2_stockflow_regimeC,120.1438304566781,136.8355290663248,125.61079092260947,90.07165569726016,False
D3_M2_stockflow,M2_stockflow_regimeC,33.8,74,M3_AR_residual,119.80546046131896,137.32340051592726,125.61079092260947,90.07165569726016,False
D3_M2_stockflow,M2_stockflow_regimeC,33.8,74,M4_delayed_info,131.6377595156388,134.00092176990663,125.61079092260947,90.07165569726016,False
D3_M2_stockflow,M2_stockflow_regimeC,33.8,75,M1_autonomous_Schaefer,123.02571924068488,116.59848340373063,148.11324005334134,143.9218324396956,True
D3_M2_stockflow,M2_stockflow_regimeC,33.8,75,M1b_autonomous_Allee,131.5345065534747,130.3623399951367,148.11324005334134,143.9218324396956,False
D3_M2_stockflow,M2_stockflow_regimeC,33.8,75,M2_stockflow_regimeC,115.78899776866784,105.21893972939672,148.11324005334134,143.9218324396956,True
D3_M2_stockflow,M2_stockflow_regimeC,33.8,75,M3_AR_residual,117.98564849479651,105.99818807825856,148.11324005334134,143.9218324396956,False
D3_M2_stockflow,M2_stockflow_regimeC,33.8,75,M4_delayed_info,117.22084061511033,105.76215184805436,148.11324005334134,143.9218324396956,False
D3_M2_stockflow,M2_stockflow_regimeC,33.8,76,M1_autonomous_Schaefer,98.61288227840997,97.23776309191784,123.76221011452228,112.10766587680655,True
D3_M2_stockflow,M2_stockflow_regimeC,33.8,76,M1b_autonomous_Allee,94.64736092717322,95.29310031566047,123.76221011452228,112.10766587680655,False
D3_M2_stockflow,M2_stockflow_regimeC,33.8,76,M2_stockflow_regimeC,102.82562536396338,98.97042248139967,123.76221011452228,112.10766587680655,False
D3_M2_stockflow,M2_stockflow_regimeC,33.8,76,M3_AR_residual,102.7170715521887,99.88997863469311,123.76221011452228,112.10766587680655,False
D3_M2_stockflow,M2_stockflow_regimeC,33.8,76,M4_delayed_info,98.08898523760423,117.59500448322665,123.76221011452228,112.10766587680655,False
D3_M2_stockflow,M2_stockflow_regimeC,33.8,77,M1_autonomous_Schaefer,74.03172586206215,73.71894520752161,81.12752413687396,63.797016227272074,False
D3_M2_stockflow,M2_stockflow_regimeC,33.8,77,M1b_autonomous_Allee,74.22599096458322,74.71132655764788,81.12752413687396,63.797016227272074,False
D3_M2_stockflow,M2_stockflow_regimeC,33.8,77,M2_stockflow_regimeC,82.9114805517709,87.66332000214186,81.12752413687396,63.797016227272074,False
D3_M2_stockflow,M2_stockflow_regimeC,33.8,77,M3_AR_residual,75.71105714088614,83.52092578603629,81.12752413687396,63.797016227272074,False
D3_M2_stockflow,M2_stockflow_regimeC,33.8,77,M4_delayed_info,74.68537622244284,84.54415624707723,81.12752413687396,63.797016227272074,False
D3_M2_stockflow,M2_stockflow_regimeC,33.8,78,M1_autonomous_Schaefer,99.18684776070339,89.43539780086427,111.39273528118592,103.10319930217055,True
D3_M2_stockflow,M2_stockflow_regimeC,33.8,78,M1b_autonomous_Allee,109.91354554086836,120.08600091990454,111.39273528118592,103.10319930217055,False
D3_M2_stockflow,M2_stockflow_regimeC,33.8,78,M2_stockflow_regimeC,118.27818556801664,128.74569186103912,111.39273528118592,103.10319930217055,False
D3_M2_stockflow,M2_stockflow_regimeC,33.8,78,M3_AR_residual,110.3890413388329,128.61097690898896,111.39273528118592,103.10319930217055,False
D3_M2_stockflow,M2_stockflow_regimeC,33.8,78,M4_delayed_info,118.7376923358505,124.33162306855846,111.39273528118592,103.10319930217055,False
D3_M2_stockflow,M2_stockflow_regimeC,33.8,79,M1_autonomous_Schaefer,68.57870101991725,81.2483767618399,61.13297633277841,66.17504523982278,False
D3_M2_stockflow,M2_stockflow_regimeC,33.8,79,M1b_autonomous_Allee,72.11310308714472,94.21318538574423,61.13297633277841,66.17504523982278,False
D3_M2_stockflow,M2_stockflow_regimeC,33.8,79,M2_stockflow_regimeC,82.98529381972676,72.70910669181991,61.13297633277841,66.17504523982278,False
D3_M2_stockflow,M2_stockflow_regimeC,33.8,79,M3_AR_residual,65.12172967132419,71.0846747364153,61.13297633277841,66.17504523982278,False
D3_M2_stockflow,M2_stockflow_regimeC,33.8,79,M4_delayed_info,69.52287681302491,73.28749152152302,61.13297633277841,66.17504523982278,False
D3_M2_stockflow,M2_stockflow_regimeC,33.8,80,M1_autonomous_Schaefer,66.15903921293132,79.5392581510725,70.21580344359607,76.40040358882247,False
D3_M2_stockflow,M2_stockflow_regimeC,33.8,80,M1b_autonomous_Allee,69.95897970051061,90.06131393947682,70.21580344359607,76.40040358882247,False
D3_M2_stockflow,M2_stockflow_regimeC,33.8,80,M2_stockflow_regimeC,85.02373824925762,82.45330155741985,70.21580344359607,76.40040358882247,False
D3_M2_stockflow,M2_stockflow_regimeC,33.8,80,M3_AR_residual,65.33312438960978,80.03668837311443,70.21580344359607,76.40040358882247,False
D3_M2_stockflow,M2_stockflow_regimeC,33.8,80,M4_delayed_info,69.60088487472366,80.47453788997609,70.21580344359607,76.40040358882247,False
D3_M2_stockflow,M2_stockflow_regimeC,33.8,81,M1_autonomous_Schaefer,98.3779598670828,99.3144192362223,109.7899534041343,98.16557441790434,False
D3_M2_stockflow,M2_stockflow_regimeC,33.8,81,M1b_autonomous_Allee,92.13747113806922,117.92976997914481,109.7899534041343,98.16557441790434,False
D3_M2_stockflow,M2_stockflow_regimeC,33.8,81,M2_stockflow_regimeC,89.65835513292387,91.12412051026239,109.7899534041343,98.16557441790434,True
D3_M2_stockflow,M2_stockflow_regimeC,33.8,81,M3_AR_residual,85.84286785530759,92.25599798226025,109.7899534041343,98.16557441790434,False
D3_M2_stockflow,M2_stockflow_regimeC,33.8,81,M4_delayed_info,88.33621378145767,91.69148430706191,109.7899534041343,98.16557441790434,False
D3_M2_stockflow,M2_stockflow_regimeC,33.8,82,M1_autonomous_Schaefer,97.7536635654948,97.24993720732472,126.51960334497582,128.20201728682952,True
D3_M2_stockflow,M2_stockflow_regimeC,33.8,82,M1b_autonomous_Allee,95.70663414356771,113.70825807841645,126.51960334497582,128.20201728682952,False
D3_M2_stockflow,M2_stockflow_regimeC,33.8,82,M2_stockflow_regimeC,106.01152241024617,113.17874622034486,126.51960334497582,128.20201728682952,False
D3_M2_stockflow,M2_stockflow_regimeC,33.8,82,M3_AR_residual,108.4352705928883,112.9741669501401,126.51960334497582,128.20201728682952,False
D3_M2_stockflow,M2_stockflow_regimeC,33.8,82,M4_delayed_info,115.54915255345198,113.09971783718275,126.51960334497582,128.20201728682952,False
D3_M2_stockflow,M2_stockflow_regimeC,33.8,83,M1_autonomous_Schaefer,148.74157692924192,133.63585931421852,188.65392812169077,182.31054941956134,True
D3_M2_stockflow,M2_stockflow_regimeC,33.8,83,M1b_autonomous_Allee,162.19369579587692,150.57758499492425,188.65392812169077,182.31054941956134,False
D3_M2_stockflow,M2_stockflow_regimeC,33.8,83,M2_stockflow_regimeC,158.6891215331423,172.6617405477978,188.65392812169077,182.31054941956134,False
D3_M2_stockflow,M2_stockflow_regimeC,33.8,83,M3_AR_residual,164.15065836820617,173.11188459269204,188.65392812169077,182.31054941956134,False
D3_M2_stockflow,M2_stockflow_regimeC,33.8,83,M4_delayed_info,166.65799557103088,173.70786895063623,188.65392812169077,182.31054941956134,False
D3_M2_stockflow,M2_stockflow_regimeC,33.8,84,M1_autonomous_Schaefer,84.15729474173179,94.04787559992609,79.12332237136708,81.21140097961369,False
D3_M2_stockflow,M2_stockflow_regimeC,33.8,84,M1b_autonomous_Allee,90.99938417816323,97.36951345276823,79.12332237136708,81.21140097961369,False
D3_M2_stockflow,M2_stockflow_regimeC,33.8,84,M2_stockflow_regimeC,79.59587917694957,64.71105497913041,79.12332237136708,81.21140097961369,False
D3_M2_stockflow,M2_stockflow_regimeC,33.8,84,M3_AR_residual,70.15553518704365,64.60143139446673,79.12332237136708,81.21140097961369,False
D3_M2_stockflow,M2_stockflow_regimeC,33.8,84,M4_delayed_info,75.10308815587238,62.402507607721894,79.12332237136708,81.21140097961369,False
D3_M2_stockflow,M2_stockflow_regimeC,33.8,85,M1_autonomous_Schaefer,104.83209305800736,98.04311569000264,128.45164573057662,127.23965508715813,True
D3_M2_stockflow,M2_stockflow_regimeC,33.8,85,M1b_autonomous_Allee,111.41388060846984,107.9049229399252,128.45164573057662,127.23965508715813,False
D3_M2_stockflow,M2_stockflow_regimeC,33.8,85,M2_stockflow_regimeC,100.65349738447412,89.96033578827522,128.45164573057662,127.23965508715813,False
D3_M2_stockflow,M2_stockflow_regimeC,33.8,85,M3_AR_residual,106.95926286433598,89.87186024322143,128.45164573057662,127.23965508715813,False
D3_M2_stockflow,M2_stockflow_regimeC,33.8,85,M4_delayed_info,94.99977384208897,88.01297478611276,128.45164573057662,127.23965508715813,False
D3_M2_stockflow,M2_stockflow_regimeC,33.8,86,M1_autonomous_Schaefer,99.24684690416508,104.15825785525853,120.31302643443087,118.39308615994553,True
D3_M2_stockflow,M2_stockflow_regimeC,33.8,86,M1b_autonomous_Allee,99.12675690319406,102.5753222213382,120.31302643443087,118.39308615994553,False
D3_M2_stockflow,M2_stockflow_regimeC,33.8,86,M2_stockflow_regimeC,103.76805602857877,103.10687495045133,120.31302643443087,118.39308615994553,False
D3_M2_stockflow,M2_stockflow_regimeC,33.8,86,M3_AR_residual,105.56801466838432,102.73625444148027,120.31302643443087,118.39308615994553,False
D3_M2_stockflow,M2_stockflow_regimeC,33.8,86,M4_delayed_info,104.8154884945551,102.38707186588603,120.31302643443087,118.39308615994553,False
D3_M2_stockflow,M2_stockflow_regimeC,33.8,87,M1_autonomous_Schaefer,104.89959885805463,102.41327784945763,108.82681169563344,99.37850124647491,False
D3_M2_stockflow,M2_stockflow_regimeC,33.8,87,M1b_autonomous_Allee,98.82111448223958,110.13962005804142,108.82681169563344,99.37850124647491,False
D3_M2_stockflow,M2_stockflow_regimeC,33.8,87,M2_stockflow_regimeC,105.34254669950896,106.30124831319698,108.82681169563344,99.37850124647491,False
D3_M2_stockflow,M2_stockflow_regimeC,33.8,87,M3_AR_residual,113.14302674991525,116.42652656426849,108.82681169563344,99.37850124647491,False
D3_M2_stockflow,M2_stockflow_regimeC,33.8,87,M4_delayed_info,110.41461075184213,108.58115780961037,108.82681169563344,99.37850124647491,False
D3_M2_stockflow,M2_stockflow_regimeC,33.8,88,M1_autonomous_Schaefer,89.92501913892487,98.06928120096453,103.81288791462782,111.27236477260347,True
D3_M2_stockflow,M2_stockflow_regimeC,33.8,88,M1b_autonomous_Allee,84.52936145830697,92.25936948169681,103.81288791462782,111.27236477260347,True
D3_M2_stockflow,M2_stockflow_regimeC,33.8,88,M2_stockflow_regimeC,86.06662893964076,83.85312657978103,103.81288791462782,111.27236477260347,False
D3_M2_stockflow,M2_stockflow_regimeC,33.8,88,M3_AR_residual,81.67128075964396,83.66849459117141,103.81288791462782,111.27236477260347,False
D3_M2_stockflow,M2_stockflow_regimeC,33.8,88,M4_delayed_info,81.421753657697,83.58838946599978,103.81288791462782,111.27236477260347,False
D3_M2_stockflow,M2_stockflow_regimeC,33.8,89,M1_autonomous_Schaefer,99.62971468973886,101.74062890473034,121.49968282850845,105.81706160809176,False
D3_M2_stockflow,M2_stockflow_regimeC,33.8,89,M1b_autonomous_Allee,97.20543523680978,112.84873887123003,121.49968282850845,105.81706160809176,False
D3_M2_stockflow,M2_stockflow_regimeC,33.8,89,M2_stockflow_regimeC,106.8591022939648,101.48017815970157,121.49968282850845,105.81706160809176,False
D3_M2_stockflow,M2_stockflow_regimeC,33.8,89,M3_AR_residual,109.69252645734552,113.39930592613567,121.49968282850845,105.81706160809176,False
D3_M2_stockflow,M2_stockflow_regimeC,33.8,89,M4_delayed_info,109.25555993488017,109.53773997228359,121.49968282850845,105.81706160809176,False
D3_M2_stockflow,M2_stockflow_regimeC,33.8,90,M1_autonomous_Schaefer,159.38052424771914,181.61653039230927,209.71394854140556,212.8234181959073,True
D3_M2_stockflow,M2_stockflow_regimeC,33.8,90,M1b_autonomous_Allee,163.81453310861718,185.5040282043355,209.71394854140556,212.8234181959073,False
D3_M2_stockflow,M2_stockflow_regimeC,33.8,90,M2_stockflow_regimeC,163.94698299527744,165.34441397324335,209.71394854140556,212.8234181959073,False
D3_M2_stockflow,M2_stockflow_regimeC,33.8,90,M3_AR_residual,164.3979332758303,167.26658494200294,209.71394854140556,212.8234181959073,False
D3_M2_stockflow,M2_stockflow_regimeC,33.8,90,M4_delayed_info,163.80949466456482,166.98129422472292,209.71394854140556,212.8234181959073,False
D3_M2_stockflow,M2_stockflow_regimeC,33.8,91,M1_autonomous_Schaefer,77.59858166817571,89.99883832016961,73.8119031169043,69.08895258947672,False
D3_M2_stockflow,M2_stockflow_regimeC,33.8,91,M1b_autonomous_Allee,81.5693857988917,90.4170072362753,73.8119031169043,69.08895258947672,False
D3_M2_stockflow,M2_stockflow_regimeC,33.8,91,M2_stockflow_regimeC,80.68527668955052,70.07926668176871,73.8119031169043,69.08895258947672,False
D3_M2_stockflow,M2_stockflow_regimeC,33.8,91,M3_AR_residual,71.72353758415869,63.10846771025518,73.8119031169043,69.08895258947672,False
D3_M2_stockflow,M2_stockflow_regimeC,33.8,91,M4_delayed_info,68.5898917238288,64.60875305740666,73.8119031169043,69.08895258947672,False
D3_M2_stockflow,M2_stockflow_regimeC,33.8,92,M1_autonomous_Schaefer,109.10075581597576,95.7233372826019,147.3030090133074,145.04113969539154,True
D3_M2_stockflow,M2_stockflow_regimeC,33.8,92,M1b_autonomous_Allee,115.24337191410115,104.63269263830338,147.3030090133074,145.04113969539154,False
D3_M2_stockflow,M2_stockflow_regimeC,33.8,92,M2_stockflow_regimeC,134.4531323574428,141.94270830374856,147.3030090133074,145.04113969539154,False
D3_M2_stockflow,M2_stockflow_regimeC,33.8,92,M3_AR_residual,136.83071439327026,141.90365649868758,147.3030090133074,145.04113969539154,False
D3_M2_stockflow,M2_stockflow_regimeC,33.8,92,M4_delayed_info,143.77798254121782,141.71775646728022,147.3030090133074,145.04113969539154,False
D3_M2_stockflow,M2_stockflow_regimeC,33.8,93,M1_autonomous_Schaefer,96.83696111581887,97.29838892114434,118.24870871502323,121.11788695166166,True
D3_M2_stockflow,M2_stockflow_regimeC,33.8,93,M1b_autonomous_Allee,90.23068785690744,102.44799243506125,118.24870871502323,121.11788695166166,False
D3_M2_stockflow,M2_stockflow_regimeC,33.8,93,M2_stockflow_regimeC,100.34610205043926,89.41268178874122,118.24870871502323,121.11788695166166,False
D3_M2_stockflow,M2_stockflow_regimeC,33.8,93,M3_AR_residual,102.5188155506974,88.92873173593573,118.24870871502323,121.11788695166166,False
D3_M2_stockflow,M2_stockflow_regimeC,33.8,93,M4_delayed_info,93.6592702868243,87.61146354810153,118.24870871502323,121.11788695166166,False
D3_M2_stockflow,M2_stockflow_regimeC,33.8,94,M1_autonomous_Schaefer,75.18151448972506,88.08072620017936,79.25439526385165,74.69504152506484,False
D3_M2_stockflow,M2_stockflow_regimeC,33.8,94,M1b_autonomous_Allee,72.75119206592235,91.68058722561976,79.25439526385165,74.69504152506484,False
D3_M2_stockflow,M2_stockflow_regimeC,33.8,94,M2_stockflow_regimeC,78.57119146542462,66.91964572381326,79.25439526385165,74.69504152506484,False
D3_M2_stockflow,M2_stockflow_regimeC,33.8,94,M3_AR_residual,69.56987581929945,66.43626770297814,79.25439526385165,74.69504152506484,False
D3_M2_stockflow,M2_stockflow_regimeC,33.8,94,M4_delayed_info,72.53771518061379,66.16049046964476,79.25439526385165,74.69504152506484,False
D3_M2_stockflow,M2_stockflow_regimeC,33.8,95,M1_autonomous_Schaefer,133.8395262859109,121.87997248456492,170.59792010154257,163.21445039901312,True
D3_M2_stockflow,M2_stockflow_regimeC,33.8,95,M1b_autonomous_Allee,141.5732620840804,160.25069205757697,170.59792010154257,163.21445039901312,False
D3_M2_stockflow,M2_stockflow_regimeC,33.8,95,M2_stockflow_regimeC,140.84287990293902,155.15585735836837,170.59792010154257,163.21445039901312,False
D3_M2_stockflow,M2_stockflow_regimeC,33.8,95,M3_AR_residual,142.22342213110676,158.25397480852786,170.59792010154257,163.21445039901312,False
D3_M2_stockflow,M2_stockflow_regimeC,33.8,95,M4_delayed_info,153.7894189205379,156.15794586174843,170.59792010154257,163.21445039901312,False
D3_M2_stockflow,M2_stockflow_regimeC,33.8,96,M1_autonomous_Schaefer,108.43609782882046,102.2107308162969,115.56194537532642,125.88429051015247,True
D3_M2_stockflow,M2_stockflow_regimeC,33.8,96,M1b_autonomous_Allee,101.30082617836055,109.19491715559785,115.56194537532642,125.88429051015247,False
D3_M2_stockflow,M2_stockflow_regimeC,33.8,96,M2_stockflow_regimeC,102.47673224300925,97.76190228016355,115.56194537532642,125.88429051015247,False
D3_M2_stockflow,M2_stockflow_regimeC,33.8,96,M3_AR_residual,108.40680421795311,102.54237516547697,115.56194537532642,125.88429051015247,False
D3_M2_stockflow,M2_stockflow_regimeC,33.8,96,M4_delayed_info,97.43852204022755,95.199170793184,115.56194537532642,125.88429051015247,True
D3_M2_stockflow,M2_stockflow_regimeC,33.8,97,M1_autonomous_Schaefer,127.47282074610224,112.63651410029105,152.81207001324685,155.50164303399114,True
D3_M2_stockflow,M2_stockflow_regimeC,33.8,97,M1b_autonomous_Allee,125.90746083611963,137.23222051088607,152.81207001324685,155.50164303399114,False
D3_M2_stockflow,M2_stockflow_regimeC,33.8,97,M2_stockflow_regimeC,125.63529265731674,124.6463161637075,152.81207001324685,155.50164303399114,False
D3_M2_stockflow,M2_stockflow_regimeC,33.8,97,M3_AR_residual,129.67014119256427,124.84575806283355,152.81207001324685,155.50164303399114,False
D3_M2_stockflow,M2_stockflow_regimeC,33.8,97,M4_delayed_info,133.55435513534488,123.88220890321479,152.81207001324685,155.50164303399114,False
D3_M2_stockflow,M2_stockflow_regimeC,33.8,98,M1_autonomous_Schaefer,105.63512888854235,101.6332708538423,126.50792154480035,123.58393156188765,True
D3_M2_stockflow,M2_stockflow_regimeC,33.8,98,M1b_autonomous_Allee,118.10768119300224,131.56677412136807,126.50792154480035,123.58393156188765,False
D3_M2_stockflow,M2_stockflow_regimeC,33.8,98,M2_stockflow_regimeC,100.74970651951752,93.0284604142718,126.50792154480035,123.58393156188765,False
D3_M2_stockflow,M2_stockflow_regimeC,33.8,98,M3_AR_residual,116.16318528331908,91.90456148617974,126.50792154480035,123.58393156188765,False
D3_M2_stockflow,M2_stockflow_regimeC,33.8,98,M4_delayed_info,106.01943655014767,92.89261485671719,126.50792154480035,123.58393156188765,False
D3_M2_stockflow,M2_stockflow_regimeC,33.8,99,M1_autonomous_Schaefer,98.04474844572681,99.21940191260754,108.77845677192269,92.34559576686489,False
D3_M2_stockflow,M2_stockflow_regimeC,33.8,99,M1b_autonomous_Allee,92.8232127972388,110.40725232989864,108.77845677192269,92.34559576686489,False
D3_M2_stockflow,M2_stockflow_regimeC,33.8,99,M2_stockflow_regimeC,91.68490979806418,78.08276092531113,108.77845677192269,92.34559576686489,True
D3_M2_stockflow,M2_stockflow_regimeC,33.8,99,M3_AR_residual,99.20043355348889,86.00841096990364,108.77845677192269,92.34559576686489,False
D3_M2_stockflow,M2_stockflow_regimeC,33.8,99,M4_delayed_info,94.11338233441245,83.76246119432935,108.77845677192269,92.34559576686489,False
D4_M1b_depens,M1b_autonomous_Allee,11.8,0,M1_autonomous_Schaefer,8.349925745995407,13.441278562149416,7.504414817549721,15.794689334405998,False
D4_M1b_depens,M1b_autonomous_Allee,11.8,0,M1b_autonomous_Allee,8.557537634498141,13.441278562149416,7.504414817549721,15.794689334405998,False
D4_M1b_depens,M1b_autonomous_Allee,11.8,0,M2_stockflow_regimeC,8.349925745995407,13.441278562149416,7.504414817549721,15.794689334405998,False
D4_M1b_depens,M1b_autonomous_Allee,11.8,0,M3_AR_residual,7.807940116901843,15.271114942748236,7.504414817549721,15.794689334405998,False
D4_M1b_depens,M1b_autonomous_Allee,11.8,0,M4_delayed_info,7.918623963647783,14.154761801643511,7.504414817549721,15.794689334405998,False
D4_M1b_depens,M1b_autonomous_Allee,11.8,1,M1_autonomous_Schaefer,8.440052739036691,12.114334666016767,8.638319177914498,15.908858833041249,False
D4_M1b_depens,M1b_autonomous_Allee,11.8,1,M1b_autonomous_Allee,7.962142649394976,6.418380061923187,8.638319177914498,15.908858833041249,True
D4_M1b_depens,M1b_autonomous_Allee,11.8,1,M2_stockflow_regimeC,8.440052739036691,12.114334666016767,8.638319177914498,15.908858833041249,False
D4_M1b_depens,M1b_autonomous_Allee,11.8,1,M3_AR_residual,8.25785430045106,12.17408034587295,8.638319177914498,15.908858833041249,False
D4_M1b_depens,M1b_autonomous_Allee,11.8,1,M4_delayed_info,10.911687099446565,16.71405964638639,8.638319177914498,15.908858833041249,False
D4_M1b_depens,M1b_autonomous_Allee,11.8,2,M1_autonomous_Schaefer,7.434060811278209,18.373649519819228,6.948328285733815,13.73007197805387,False
D4_M1b_depens,M1b_autonomous_Allee,11.8,2,M1b_autonomous_Allee,7.92851967928424,19.060519618415224,6.948328285733815,13.73007197805387,False
D4_M1b_depens,M1b_autonomous_Allee,11.8,2,M2_stockflow_regimeC,7.434060811278209,18.373649519819228,6.948328285733815,13.73007197805387,False
D4_M1b_depens,M1b_autonomous_Allee,11.8,2,M3_AR_residual,7.858904504253522,16.65379801343577,6.948328285733815,13.73007197805387,False
D4_M1b_depens,M1b_autonomous_Allee,11.8,2,M4_delayed_info,8.428701431639,18.620628792269024,6.948328285733815,13.73007197805387,False
D4_M1b_depens,M1b_autonomous_Allee,11.8,3,M1_autonomous_Schaefer,9.437470005310114,10.59766999125435,9.692964421845124,13.057775516963575,False
D4_M1b_depens,M1b_autonomous_Allee,11.8,3,M1b_autonomous_Allee,10.355467547628308,28.36015781799362,9.692964421845124,13.057775516963575,False
D4_M1b_depens,M1b_autonomous_Allee,11.8,3,M2_stockflow_regimeC,9.437470005310114,10.59766999125435,9.692964421845124,13.057775516963575,False
D4_M1b_depens,M1b_autonomous_Allee,11.8,3,M3_AR_residual,9.824862715356335,11.471529500625763,9.692964421845124,13.057775516963575,False
D4_M1b_depens,M1b_autonomous_Allee,11.8,3,M4_delayed_info,11.869603118760715,16.311843574368304,9.692964421845124,13.057775516963575,False
D4_M1b_depens,M1b_autonomous_Allee,11.8,4,M1_autonomous_Schaefer,10.739004308554629,20.706501038706534,10.367059118637004,20.900740139521815,False
D4_M1b_depens,M1b_autonomous_Allee,11.8,4,M1b_autonomous_Allee,10.56596371323991,19.27120330341366,10.367059118637004,20.900740139521815,False
D4_M1b_depens,M1b_autonomous_Allee,11.8,4,M2_stockflow_regimeC,10.739004308554629,20.706501038706534,10.367059118637004,20.900740139521815,False
D4_M1b_depens,M1b_autonomous_Allee,11.8,4,M3_AR_residual,11.21935794032082,20.868886586483445,10.367059118637004,20.900740139521815,False
D4_M1b_depens,M1b_autonomous_Allee,11.8,4,M4_delayed_info,12.723354597170822,19.44144859931788,10.367059118637004,20.900740139521815,False
D4_M1b_depens,M1b_autonomous_Allee,11.8,5,M1_autonomous_Schaefer,7.371303155378195,6.969856229352497,8.186884334247248,9.632107881773512,True
D4_M1b_depens,M1b_autonomous_Allee,11.8,5,M1b_autonomous_Allee,7.4952339966224,6.969856229352497,8.186884334247248,9.632107881773512,False
D4_M1b_depens,M1b_autonomous_Allee,11.8,5,M2_stockflow_regimeC,7.371303155378195,6.969856229352497,8.186884334247248,9.632107881773512,False
D4_M1b_depens,M1b_autonomous_Allee,11.8,5,M3_AR_residual,7.604733890269904,6.969856229352497,8.186884334247248,9.632107881773512,False
D4_M1b_depens,M1b_autonomous_Allee,11.8,5,M4_delayed_info,8.453501630956765,6.969856229352497,8.186884334247248,9.632107881773512,False
D4_M1b_depens,M1b_autonomous_Allee,11.8,6,M1_autonomous_Schaefer,9.483945085951625,15.276090496422661,9.029967133932617,16.383496984980884,False
D4_M1b_depens,M1b_autonomous_Allee,11.8,6,M1b_autonomous_Allee,9.485322782221516,15.276090496422661,9.029967133932617,16.383496984980884,False
D4_M1b_depens,M1b_autonomous_Allee,11.8,6,M2_stockflow_regimeC,9.483945085951625,15.276090496422661,9.029967133932617,16.383496984980884,False
D4_M1b_depens,M1b_autonomous_Allee,11.8,6,M3_AR_residual,10.067832559832562,15.276090496422661,9.029967133932617,16.383496984980884,False
D4_M1b_depens,M1b_autonomous_Allee,11.8,6,M4_delayed_info,11.847747718116683,15.276090496422661,9.029967133932617,16.383496984980884,False
D4_M1b_depens,M1b_autonomous_Allee,11.8,7,M1_autonomous_Schaefer,9.372319935525788,19.095118111520037,9.093679798292245,20.03121580188055,False
D4_M1b_depens,M1b_autonomous_Allee,11.8,7,M1b_autonomous_Allee,9.451847760969853,18.512489837418485,9.093679798292245,20.03121580188055,False
D4_M1b_depens,M1b_autonomous_Allee,11.8,7,M2_stockflow_regimeC,9.372319935525788,19.095118111520037,9.093679798292245,20.03121580188055,False
D4_M1b_depens,M1b_autonomous_Allee,11.8,7,M3_AR_residual,11.047620570920833,34.225861080404435,9.093679798292245,20.03121580188055,False
D4_M1b_depens,M1b_autonomous_Allee,11.8,7,M4_delayed_info,11.288834289670605,29.851217265380225,9.093679798292245,20.03121580188055,False
D4_M1b_depens,M1b_autonomous_Allee,11.8,8,M1_autonomous_Schaefer,8.846385396034593,20.87011323752857,8.321795145012032,20.277594447506804,False
D4_M1b_depens,M1b_autonomous_Allee,11.8,8,M1b_autonomous_Allee,9.568102258816943,27.347605691742014,8.321795145012032,20.277594447506804,False
D4_M1b_depens,M1b_autonomous_Allee,11.8,8,M2_stockflow_regimeC,8.846385396034593,20.87011323752857,8.321795145012032,20.277594447506804,False
D4_M1b_depens,M1b_autonomous_Allee,11.8,8,M3_AR_residual,8.400595507224319,20.025821321840823,8.321795145012032,20.277594447506804,False
D4_M1b_depens,M1b_autonomous_Allee,11.8,8,M4_delayed_info,10.914307922382443,21.41998923038156,8.321795145012032,20.277594447506804,False
D4_M1b_depens,M1b_autonomous_Allee,11.8,9,M1_autonomous_Schaefer,5.170511311381509,5.484611250597505,6.064603234708888,5.4370666903101865,False
D4_M1b_depens,M1b_autonomous_Allee,11.8,9,M1b_autonomous_Allee,5.186426304440085,5.484611250597505,6.064603234708888,5.4370666903101865,False
D4_M1b_depens,M1b_autonomous_Allee,11.8,9,M2_stockflow_regimeC,5.170511311381509,5.484611250597505,6.064603234708888,5.4370666903101865,False
D4_M1b_depens,M1b_autonomous_Allee,11.8,9,M3_AR_residual,5.863524405739277,5.484611250597505,6.064603234708888,5.4370666903101865,False
D4_M1b_depens,M1b_autonomous_Allee,11.8,9,M4_delayed_info,5.218787394307294,5.484611250597505,6.064603234708888,5.4370666903101865,False
D4_M1b_depens,M1b_autonomous_Allee,11.8,10,M1_autonomous_Schaefer,7.4833991979090895,9.680027621857194,7.921607262087269,8.470259936144085,False
D4_M1b_depens,M1b_autonomous_Allee,11.8,10,M1b_autonomous_Allee,7.48296044098014,9.680027621857194,7.921607262087269,8.470259936144085,False
D4_M1b_depens,M1b_autonomous_Allee,11.8,10,M2_stockflow_regimeC,7.4833991979090895,9.680027621857194,7.921607262087269,8.470259936144085,False
D4_M1b_depens,M1b_autonomous_Allee,11.8,10,M3_AR_residual,7.27053072506986,9.680027621857194,7.921607262087269,8.470259936144085,False
D4_M1b_depens,M1b_autonomous_Allee,11.8,10,M4_delayed_info,8.314554981826475,9.680027621857194,7.921607262087269,8.470259936144085,False
D4_M1b_depens,M1b_autonomous_Allee,11.8,11,M1_autonomous_Schaefer,9.560283376761214,26.13217272762724,9.223771364351673,23.60126437655378,False
D4_M1b_depens,M1b_autonomous_Allee,11.8,11,M1b_autonomous_Allee,9.74759848423574,39.97647539145767,9.223771364351673,23.60126437655378,False
D4_M1b_depens,M1b_autonomous_Allee,11.8,11,M2_stockflow_regimeC,9.560283376761214,26.13217272762724,9.223771364351673,23.60126437655378,False
D4_M1b_depens,M1b_autonomous_Allee,11.8,11,M3_AR_residual,9.559396810456814,26.104898246525295,9.223771364351673,23.60126437655378,False
D4_M1b_depens,M1b_autonomous_Allee,11.8,11,M4_delayed_info,13.027030590242116,26.630915521853325,9.223771364351673,23.60126437655378,False
D4_M1b_depens,M1b_autonomous_Allee,11.8,12,M1_autonomous_Schaefer,13.516565088206338,22.337175695956915,13.329533903492813,23.56029894986973,False
D4_M1b_depens,M1b_autonomous_Allee,11.8,12,M1b_autonomous_Allee,13.389129127699848,22.29701310358596,13.329533903492813,23.56029894986973,False
D4_M1b_depens,M1b_autonomous_Allee,11.8,12,M2_stockflow_regimeC,13.516565088206338,22.337175695956915,13.329533903492813,23.56029894986973,False
D4_M1b_depens,M1b_autonomous_Allee,11.8,12,M3_AR_residual,14.201566713173095,21.330981263026622,13.329533903492813,23.56029894986973,False
D4_M1b_depens,M1b_autonomous_Allee,11.8,12,M4_delayed_info,16.320583950579593,22.227772594938273,13.329533903492813,23.56029894986973,False
D4_M1b_depens,M1b_autonomous_Allee,11.8,13,M1_autonomous_Schaefer,10.526076460746838,11.071438843195914,11.431652393917272,12.997706519168661,True
D4_M1b_depens,M1b_autonomous_Allee,11.8,13,M1b_autonomous_Allee,10.517968304427677,11.031497910888104,11.431652393917272,12.997706519168661,False
D4_M1b_depens,M1b_autonomous_Allee,11.8,13,M2_stockflow_regimeC,10.526076460746838,11.071438843195914,11.431652393917272,12.997706519168661,False
D4_M1b_depens,M1b_autonomous_Allee,11.8,13,M3_AR_residual,11.178363455942922,13.07141626528555,11.431652393917272,12.997706519168661,False
D4_M1b_depens,M1b_autonomous_Allee,11.8,13,M4_delayed_info,11.349651745380086,10.982906641849887,11.431652393917272,12.997706519168661,False
D4_M1b_depens,M1b_autonomous_Allee,11.8,14,M1_autonomous_Schaefer,10.840011999605583,26.975953496012487,10.825250163000232,22.71872708300889,False
D4_M1b_depens,M1b_autonomous_Allee,11.8,14,M1b_autonomous_Allee,11.461997652362822,26.580470419081497,10.825250163000232,22.71872708300889,False
D4_M1b_depens,M1b_autonomous_Allee,11.8,14,M2_stockflow_regimeC,10.840011999605583,26.975953496012487,10.825250163000232,22.71872708300889,False
D4_M1b_depens,M1b_autonomous_Allee,11.8,14,M3_AR_residual,11.134254243308447,27.23672512287482,10.825250163000232,22.71872708300889,False
D4_M1b_depens,M1b_autonomous_Allee,11.8,14,M4_delayed_info,16.4580847094071,31.369977855092383,10.825250163000232,22.71872708300889,False
D4_M1b_depens,M1b_autonomous_Allee,11.8,15,M1_autonomous_Schaefer,8.338076947460905,8.305816247999266,8.442137042200315,9.324026251172475,False
D4_M1b_depens,M1b_autonomous_Allee,11.8,15,M1b_autonomous_Allee,8.148219690992505,9.087340694360584,8.442137042200315,9.324026251172475,False
D4_M1b_depens,M1b_autonomous_Allee,11.8,15,M2_stockflow_regimeC,8.338076947460905,8.305816247999266,8.442137042200315,9.324026251172475,False
D4_M1b_depens,M1b_autonomous_Allee,11.8,15,M3_AR_residual,8.412225964228988,8.30515992353343,8.442137042200315,9.324026251172475,False
D4_M1b_depens,M1b_autonomous_Allee,11.8,15,M4_delayed_info,10.435167759098952,9.424310733127113,8.442137042200315,9.324026251172475,False
D4_M1b_depens,M1b_autonomous_Allee,11.8,16,M1_autonomous_Schaefer,6.936857084352759,10.400187073229368,6.596377994821851,9.854933156748428,False
D4_M1b_depens,M1b_autonomous_Allee,11.8,16,M1b_autonomous_Allee,6.9005688373891285,10.400187073229368,6.596377994821851,9.854933156748428,False
D4_M1b_depens,M1b_autonomous_Allee,11.8,16,M2_stockflow_regimeC,6.936857084352759,10.400187073229368,6.596377994821851,9.854933156748428,False
D4_M1b_depens,M1b_autonomous_Allee,11.8,16,M3_AR_residual,6.838734057538618,10.400187073229368,6.596377994821851,9.854933156748428,False
D4_M1b_depens,M1b_autonomous_Allee,11.8,16,M4_delayed_info,8.478793529705458,10.400187073229368,6.596377994821851,9.854933156748428,False
D4_M1b_depens,M1b_autonomous_Allee,11.8,17,M1_autonomous_Schaefer,6.4553208166219616,7.406827858472303,6.8741482182642475,7.28372919604053,False
D4_M1b_depens,M1b_autonomous_Allee,11.8,17,M1b_autonomous_Allee,6.410824280418735,7.406827858472303,6.8741482182642475,7.28372919604053,False
D4_M1b_depens,M1b_autonomous_Allee,11.8,17,M2_stockflow_regimeC,6.4553208166219616,7.406827858472303,6.8741482182642475,7.28372919604053,False
D4_M1b_depens,M1b_autonomous_Allee,11.8,17,M3_AR_residual,6.6651778908139345,7.406827858472303,6.8741482182642475,7.28372919604053,False
D4_M1b_depens,M1b_autonomous_Allee,11.8,17,M4_delayed_info,7.466697832426437,7.406827858472303,6.8741482182642475,7.28372919604053,False
D4_M1b_depens,M1b_autonomous_Allee,11.8,18,M1_autonomous_Schaefer,8.885937920955964,15.889324106202961,8.897540196305712,17.408424938811365,False
D4_M1b_depens,M1b_autonomous_Allee,11.8,18,M1b_autonomous_Allee,8.840531982566894,15.711150490725041,8.897540196305712,17.408424938811365,False
D4_M1b_depens,M1b_autonomous_Allee,11.8,18,M2_stockflow_regimeC,8.885937920955964,15.889324106202961,8.897540196305712,17.408424938811365,False
D4_M1b_depens,M1b_autonomous_Allee,11.8,18,M3_AR_residual,9.315259210411762,15.796990048428153,8.897540196305712,17.408424938811365,False
D4_M1b_depens,M1b_autonomous_Allee,11.8,18,M4_delayed_info,12.203182386581185,15.595429609024848,8.897540196305712,17.408424938811365,False
D4_M1b_depens,M1b_autonomous_Allee,11.8,19,M1_autonomous_Schaefer,3.1490330378379423,3.35820950239452,4.216387259852474,4.482174003752003,True
D4_M1b_depens,M1b_autonomous_Allee,11.8,19,M1b_autonomous_Allee,3.0086856605288634,3.35820950239452,4.216387259852474,4.482174003752003,False
D4_M1b_depens,M1b_autonomous_Allee,11.8,19,M2_stockflow_regimeC,3.1490330378379423,3.35820950239452,4.216387259852474,4.482174003752003,False
D4_M1b_depens,M1b_autonomous_Allee,11.8,19,M3_AR_residual,4.589721392241236,3.7906169759378785,4.216387259852474,4.482174003752003,False
D4_M1b_depens,M1b_autonomous_Allee,11.8,19,M4_delayed_info,3.229020250438489,3.35820950239452,4.216387259852474,4.482174003752003,True
D4_M1b_depens,M1b_autonomous_Allee,11.8,20,M1_autonomous_Schaefer,3.3487090317414396,3.6038529277063867,4.195050056649576,4.509090996300678,True
D4_M1b_depens,M1b_autonomous_Allee,11.8,20,M1b_autonomous_Allee,3.3480690058021327,3.6038529277063867,4.195050056649576,4.509090996300678,False
D4_M1b_depens,M1b_autonomous_Allee,11.8,20,M2_stockflow_regimeC,3.3487090317414396,3.6038529277063867,4.195050056649576,4.509090996300678,False
D4_M1b_depens,M1b_autonomous_Allee,11.8,20,M3_AR_residual,4.057690952525129,3.6038529277063867,4.195050056649576,4.509090996300678,False
D4_M1b_depens,M1b_autonomous_Allee,11.8,20,M4_delayed_info,3.3029857669405467,3.6038529277063867,4.195050056649576,4.509090996300678,False
D4_M1b_depens,M1b_autonomous_Allee,11.8,21,M1_autonomous_Schaefer,6.5108589514701,7.470015055507016,7.142182419967078,8.709572364010473,True
D4_M1b_depens,M1b_autonomous_Allee,11.8,21,M1b_autonomous_Allee,6.45588069367164,7.470015055507016,7.142182419967078,8.709572364010473,False
D4_M1b_depens,M1b_autonomous_Allee,11.8,21,M2_stockflow_regimeC,6.5108589514701,7.470015055507016,7.142182419967078,8.709572364010473,False
D4_M1b_depens,M1b_autonomous_Allee,11.8,21,M3_AR_residual,7.416786950149314,7.850720658944757,7.142182419967078,8.709572364010473,False
D4_M1b_depens,M1b_autonomous_Allee,11.8,21,M4_delayed_info,6.880275740934554,7.481126863200198,7.142182419967078,8.709572364010473,False
D4_M1b_depens,M1b_autonomous_Allee,11.8,22,M1_autonomous_Schaefer,4.658678665657619,6.338857176910704,4.586963938793711,7.111825607397158,False
D4_M1b_depens,M1b_autonomous_Allee,11.8,22,M1b_autonomous_Allee,4.727617161687557,6.338857176910704,4.586963938793711,7.111825607397158,False
D4_M1b_depens,M1b_autonomous_Allee,11.8,22,M2_stockflow_regimeC,4.658678665657619,6.338857176910704,4.586963938793711,7.111825607397158,False
D4_M1b_depens,M1b_autonomous_Allee,11.8,22,M3_AR_residual,4.523869130482067,6.338857176910704,4.586963938793711,7.111825607397158,False
D4_M1b_depens,M1b_autonomous_Allee,11.8,22,M4_delayed_info,5.68096471647316,6.338857176910704,4.586963938793711,7.111825607397158,False
D4_M1b_depens,M1b_autonomous_Allee,11.8,23,M1_autonomous_Schaefer,9.940528918774573,10.178735477616417,10.574081023678293,9.260330042852999,False
D4_M1b_depens,M1b_autonomous_Allee,11.8,23,M1b_autonomous_Allee,10.09637373765846,10.178735477616417,10.574081023678293,9.260330042852999,False
D4_M1b_depens,M1b_autonomous_Allee,11.8,23,M2_stockflow_regimeC,9.940528918774573,10.178735477616417,10.574081023678293,9.260330042852999,False
D4_M1b_depens,M1b_autonomous_Allee,11.8,23,M3_AR_residual,10.698491596768594,12.773826527769216,10.574081023678293,9.260330042852999,False
D4_M1b_depens,M1b_autonomous_Allee,11.8,23,M4_delayed_info,9.447842442167454,13.035210945508258,10.574081023678293,9.260330042852999,False
D4_M1b_depens,M1b_autonomous_Allee,11.8,24,M1_autonomous_Schaefer,7.611975196995495,7.274069415861214,7.2960261864435285,10.112107007964628,False
D4_M1b_depens,M1b_autonomous_Allee,11.8,24,M1b_autonomous_Allee,7.546954519242482,7.396599271174813,7.2960261864435285,10.112107007964628,False
D4_M1b_depens,M1b_autonomous_Allee,11.8,24,M2_stockflow_regimeC,7.611975196995495,7.274069415861214,7.2960261864435285,10.112107007964628,False
D4_M1b_depens,M1b_autonomous_Allee,11.8,24,M3_AR_residual,8.179305145197599,7.248222235260492,7.2960261864435285,10.112107007964628,False
D4_M1b_depens,M1b_autonomous_Allee,11.8,24,M4_delayed_info,8.84223744495728,7.510381755432526,7.2960261864435285,10.112107007964628,False
D4_M1b_depens,M1b_autonomous_Allee,11.8,25,M1_autonomous_Schaefer,11.527306241688757,21.64665662749474,11.17755044435637,17.207321856338346,False
D4_M1b_depens,M1b_autonomous_Allee,11.8,25,M1b_autonomous_Allee,12.32741412746496,31.218841614029706,11.17755044435637,17.207321856338346,False
D4_M1b_depens,M1b_autonomous_Allee,11.8,25,M2_stockflow_regimeC,11.527306241688757,21.64665662749474,11.17755044435637,17.207321856338346,False
D4_M1b_depens,M1b_autonomous_Allee,11.8,25,M3_AR_residual,11.994508008104264,22.24319816524948,11.17755044435637,17.207321856338346,False
D4_M1b_depens,M1b_autonomous_Allee,11.8,25,M4_delayed_info,15.761169067592627,24.802222400367377,11.17755044435637,17.207321856338346,False
D4_M1b_depens,M1b_autonomous_Allee,11.8,26,M1_autonomous_Schaefer,5.517505912520057,5.99569689353036,6.244157419252531,6.158217464314539,False
D4_M1b_depens,M1b_autonomous_Allee,11.8,26,M1b_autonomous_Allee,5.516983832458352,5.99569689353036,6.244157419252531,6.158217464314539,False
D4_M1b_depens,M1b_autonomous_Allee,11.8,26,M2_stockflow_regimeC,5.517505912520057,5.99569689353036,6.244157419252531,6.158217464314539,False
D4_M1b_depens,M1b_autonomous_Allee,11.8,26,M3_AR_residual,5.446606052936014,5.99569689353036,6.244157419252531,6.158217464314539,False
D4_M1b_depens,M1b_autonomous_Allee,11.8,26,M4_delayed_info,5.461049468672825,5.99569689353036,6.244157419252531,6.158217464314539,False
D4_M1b_depens,M1b_autonomous_Allee,11.8,27,M1_autonomous_Schaefer,7.813265402098567,8.750041727106646,8.911256641592798,12.630156463450035,True
D4_M1b_depens,M1b_autonomous_Allee,11.8,27,M1b_autonomous_Allee,7.974757969741142,8.76855864415669,8.911256641592798,12.630156463450035,False
D4_M1b_depens,M1b_autonomous_Allee,11.8,27,M2_stockflow_regimeC,7.813265402098567,8.750041727106646,8.911256641592798,12.630156463450035,False
D4_M1b_depens,M1b_autonomous_Allee,11.8,27,M3_AR_residual,8.197860746169392,8.87983823324462,8.911256641592798,12.630156463450035,False
D4_M1b_depens,M1b_autonomous_Allee,11.8,27,M4_delayed_info,8.430838604799535,8.755719224440178,8.911256641592798,12.630156463450035,False
D4_M1b_depens,M1b_autonomous_Allee,11.8,28,M1_autonomous_Schaefer,5.604649166787253,5.41325798675836,6.4080963211625654,7.012070089012767,True
D4_M1b_depens,M1b_autonomous_Allee,11.8,28,M1b_autonomous_Allee,5.620539139546492,5.41325798675836,6.4080963211625654,7.012070089012767,False
D4_M1b_depens,M1b_autonomous_Allee,11.8,28,M2_stockflow_regimeC,5.604649166787253,5.41325798675836,6.4080963211625654,7.012070089012767,False
D4_M1b_depens,M1b_autonomous_Allee,11.8,28,M3_AR_residual,5.796905399094975,5.41325798675836,6.4080963211625654,7.012070089012767,False
D4_M1b_depens,M1b_autonomous_Allee,11.8,28,M4_delayed_info,6.060939112920698,5.41325798675836,6.4080963211625654,7.012070089012767,False
D4_M1b_depens,M1b_autonomous_Allee,11.8,29,M1_autonomous_Schaefer,5.034096294594942,5.788961446397828,5.162341818919581,7.108963107011128,False
D4_M1b_depens,M1b_autonomous_Allee,11.8,29,M1b_autonomous_Allee,5.060031713208713,5.788961446397828,5.162341818919581,7.108963107011128,False
D4_M1b_depens,M1b_autonomous_Allee,11.8,29,M2_stockflow_regimeC,5.034096294594942,5.788961446397828,5.162341818919581,7.108963107011128,False
D4_M1b_depens,M1b_autonomous_Allee,11.8,29,M3_AR_residual,5.130041017349906,5.788961446397828,5.162341818919581,7.108963107011128,False
D4_M1b_depens,M1b_autonomous_Allee,11.8,29,M4_delayed_info,5.156488670120582,5.788961446397828,5.162341818919581,7.108963107011128,False
D4_M1b_depens,M1b_autonomous_Allee,11.8,30,M1_autonomous_Schaefer,5.729162455336304,5.400669559612681,6.279827111451028,7.286825437371148,True
D4_M1b_depens,M1b_autonomous_Allee,11.8,30,M1b_autonomous_Allee,5.730822510782662,5.400669559612681,6.279827111451028,7.286825437371148,False
D4_M1b_depens,M1b_autonomous_Allee,11.8,30,M2_stockflow_regimeC,5.729162455336304,5.400669559612681,6.279827111451028,7.286825437371148,False
D4_M1b_depens,M1b_autonomous_Allee,11.8,30,M3_AR_residual,5.855613559073617,5.400669559612681,6.279827111451028,7.286825437371148,False
D4_M1b_depens,M1b_autonomous_Allee,11.8,30,M4_delayed_info,5.671822363917308,5.400669559612681,6.279827111451028,7.286825437371148,False
D4_M1b_depens,M1b_autonomous_Allee,11.8,31,M1_autonomous_Schaefer,5.752503758760264,5.377446888143347,6.806491581319175,7.552070189723275,True
D4_M1b_depens,M1b_autonomous_Allee,11.8,31,M1b_autonomous_Allee,5.680998164533902,5.377446888143347,6.806491581319175,7.552070189723275,False
D4_M1b_depens,M1b_autonomous_Allee,11.8,31,M2_stockflow_regimeC,5.752503758760264,5.377446888143347,6.806491581319175,7.552070189723275,False
D4_M1b_depens,M1b_autonomous_Allee,11.8,31,M3_AR_residual,5.92814997962094,5.377446888143347,6.806491581319175,7.552070189723275,False
D4_M1b_depens,M1b_autonomous_Allee,11.8,31,M4_delayed_info,5.621559570405458,5.377446888143347,6.806491581319175,7.552070189723275,False
D4_M1b_depens,M1b_autonomous_Allee,11.8,32,M1_autonomous_Schaefer,9.99258911074005,31.987741143090663,10.153586002516873,27.953717938347637,False
D4_M1b_depens,M1b_autonomous_Allee,11.8,32,M1b_autonomous_Allee,10.983121964278205,49.09387358891581,10.153586002516873,27.953717938347637,False
D4_M1b_depens,M1b_autonomous_Allee,11.8,32,M2_stockflow_regimeC,9.99258911074005,31.987741143090663,10.153586002516873,27.953717938347637,False
D4_M1b_depens,M1b_autonomous_Allee,11.8,32,M3_AR_residual,10.91281600366797,32.6729604102185,10.153586002516873,27.953717938347637,False
D4_M1b_depens,M1b_autonomous_Allee,11.8,32,M4_delayed_info,13.309676849360256,36.01448560373576,10.153586002516873,27.953717938347637,False
D4_M1b_depens,M1b_autonomous_Allee,11.8,33,M1_autonomous_Schaefer,11.385888661901898,27.285239411607982,11.545147905127234,24.51889330180455,False
D4_M1b_depens,M1b_autonomous_Allee,11.8,33,M1b_autonomous_Allee,12.466812685495185,35.98532152941333,11.545147905127234,24.51889330180455,False
D4_M1b_depens,M1b_autonomous_Allee,11.8,33,M2_stockflow_regimeC,11.385888661901898,27.285239411607982,11.545147905127234,24.51889330180455,False
D4_M1b_depens,M1b_autonomous_Allee,11.8,33,M3_AR_residual,12.132228731739549,27.65535179278642,11.545147905127234,24.51889330180455,False
D4_M1b_depens,M1b_autonomous_Allee,11.8,33,M4_delayed_info,15.854631479348306,32.57025152534614,11.545147905127234,24.51889330180455,False
D4_M1b_depens,M1b_autonomous_Allee,11.8,34,M1_autonomous_Schaefer,8.829291012065374,10.11178576530392,8.36196246085863,12.051970081105432,False
D4_M1b_depens,M1b_autonomous_Allee,11.8,34,M1b_autonomous_Allee,8.798272635772665,11.10659290517864,8.36196246085863,12.051970081105432,False
D4_M1b_depens,M1b_autonomous_Allee,11.8,34,M2_stockflow_regimeC,8.829291012065374,10.11178576530392,8.36196246085863,12.051970081105432,False
D4_M1b_depens,M1b_autonomous_Allee,11.8,34,M3_AR_residual,8.949793226833602,10.014502197336157,8.36196246085863,12.051970081105432,False
D4_M1b_depens,M1b_autonomous_Allee,11.8,34,M4_delayed_info,12.387979948353289,10.95185394343931,8.36196246085863,12.051970081105432,False
D4_M1b_depens,M1b_autonomous_Allee,11.8,35,M1_autonomous_Schaefer,11.16208462294618,23.21652692633465,11.248559344440404,22.867610341469423,False
D4_M1b_depens,M1b_autonomous_Allee,11.8,35,M1b_autonomous_Allee,10.987885847776255,20.610713911678417,11.248559344440404,22.867610341469423,False
D4_M1b_depens,M1b_autonomous_Allee,11.8,35,M2_stockflow_regimeC,11.16208462294618,23.21652692633465,11.248559344440404,22.867610341469423,False
D4_M1b_depens,M1b_autonomous_Allee,11.8,35,M3_AR_residual,11.363983368538635,23.40237849921388,11.248559344440404,22.867610341469423,False
D4_M1b_depens,M1b_autonomous_Allee,11.8,35,M4_delayed_info,12.460240257538587,23.419997568115594,11.248559344440404,22.867610341469423,False
D4_M1b_depens,M1b_autonomous_Allee,11.8,36,M1_autonomous_Schaefer,8.596670821536236,13.042527096102447,8.968607889811517,14.332503723097481,False
D4_M1b_depens,M1b_autonomous_Allee,11.8,36,M1b_autonomous_Allee,8.897896115421435,15.499780341957464,8.968607889811517,14.332503723097481,False
D4_M1b_depens,M1b_autonomous_Allee,11.8,36,M2_stockflow_regimeC,8.596670821536236,13.042527096102447,8.968607889811517,14.332503723097481,False
D4_M1b_depens,M1b_autonomous_Allee,11.8,36,M3_AR_residual,9.034329523021519,13.0918601283326,8.968607889811517,14.332503723097481,False
D4_M1b_depens,M1b_autonomous_Allee,11.8,36,M4_delayed_info,12.289584776654474,13.965326915513016,8.968607889811517,14.332503723097481,False
D4_M1b_depens,M1b_autonomous_Allee,11.8,37,M1_autonomous_Schaefer,4.412733917325768,5.85006333816436,4.969262206574606,8.152661608761134,True
D4_M1b_depens,M1b_autonomous_Allee,11.8,37,M1b_autonomous_Allee,4.412689140850636,5.85006333816436,4.969262206574606,8.152661608761134,False
D4_M1b_depens,M1b_autonomous_Allee,11.8,37,M2_stockflow_regimeC,4.412733917325768,5.85006333816436,4.969262206574606,8.152661608761134,False
D4_M1b_depens,M1b_autonomous_Allee,11.8,37,M3_AR_residual,5.719936924778345,8.337466355235575,4.969262206574606,8.152661608761134,False
D4_M1b_depens,M1b_autonomous_Allee,11.8,37,M4_delayed_info,4.357645775198756,5.918918427806218,4.969262206574606,8.152661608761134,True
D4_M1b_depens,M1b_autonomous_Allee,11.8,38,M1_autonomous_Schaefer,11.516492180084018,26.020679899757802,10.980219342134605,22.139654916924773,False
D4_M1b_depens,M1b_autonomous_Allee,11.8,38,M1b_autonomous_Allee,11.862738446077849,28.42475655684109,10.980219342134605,22.139654916924773,False
D4_M1b_depens,M1b_autonomous_Allee,11.8,38,M2_stockflow_regimeC,11.516492180084018,26.020679899757802,10.980219342134605,22.139654916924773,False
D4_M1b_depens,M1b_autonomous_Allee,11.8,38,M3_AR_residual,12.412583375541642,25.901705252835452,10.980219342134605,22.139654916924773,False
D4_M1b_depens,M1b_autonomous_Allee,11.8,38,M4_delayed_info,16.60562784107162,28.472269574734966,10.980219342134605,22.139654916924773,False
D4_M1b_depens,M1b_autonomous_Allee,11.8,39,M1_autonomous_Schaefer,5.259173140742188,5.047345141981644,6.134293956255748,6.805125827659166,True
D4_M1b_depens,M1b_autonomous_Allee,11.8,39,M1b_autonomous_Allee,5.258587071496834,5.047345141981644,6.134293956255748,6.805125827659166,False
D4_M1b_depens,M1b_autonomous_Allee,11.8,39,M2_stockflow_regimeC,5.259173140742188,5.047345141981644,6.134293956255748,6.805125827659166,False
D4_M1b_depens,M1b_autonomous_Allee,11.8,39,M3_AR_residual,5.521723140488527,5.047345141981644,6.134293956255748,6.805125827659166,False
D4_M1b_depens,M1b_autonomous_Allee,11.8,39,M4_delayed_info,5.665848623421492,5.047345141981644,6.134293956255748,6.805125827659166,False
D4_M1b_depens,M1b_autonomous_Allee,11.8,40,M1_autonomous_Schaefer,11.56313127660727,31.246686272974813,10.532691137227838,20.01412129723367,False
D4_M1b_depens,M1b_autonomous_Allee,11.8,40,M1b_autonomous_Allee,12.075861597111713,37.47828676203095,10.532691137227838,20.01412129723367,False
D4_M1b_depens,M1b_autonomous_Allee,11.8,40,M2_stockflow_regimeC,11.56313127660727,31.246686272974813,10.532691137227838,20.01412129723367,False
D4_M1b_depens,M1b_autonomous_Allee,11.8,40,M3_AR_residual,11.426320509033205,31.283592344919843,10.532691137227838,20.01412129723367,False
D4_M1b_depens,M1b_autonomous_Allee,11.8,40,M4_delayed_info,15.807319512294434,31.539357177626876,10.532691137227838,20.01412129723367,False
D4_M1b_depens,M1b_autonomous_Allee,11.8,41,M1_autonomous_Schaefer,9.36764165272554,5.225791018767428,10.320330704136905,12.104751694960859,True
D4_M1b_depens,M1b_autonomous_Allee,11.8,41,M1b_autonomous_Allee,9.478550240170133,6.164443688038746,10.320330704136905,12.104751694960859,False
D4_M1b_depens,M1b_autonomous_Allee,11.8,41,M2_stockflow_regimeC,9.36764165272554,5.225791018767428,10.320330704136905,12.104751694960859,False
D4_M1b_depens,M1b_autonomous_Allee,11.8,41,M3_AR_residual,9.503095960450237,5.488080732139593,10.320330704136905,12.104751694960859,False
D4_M1b_depens,M1b_autonomous_Allee,11.8,41,M4_delayed_info,13.19006556048457,6.8981416060182035,10.320330704136905,12.104751694960859,False
D4_M1b_depens,M1b_autonomous_Allee,11.8,42,M1_autonomous_Schaefer,9.257552105292701,17.24036827200328,8.292607777847435,14.387615815448536,False
D4_M1b_depens,M1b_autonomous_Allee,11.8,42,M1b_autonomous_Allee,9.576350199362192,17.245832221401162,8.292607777847435,14.387615815448536,False
D4_M1b_depens,M1b_autonomous_Allee,11.8,42,M2_stockflow_regimeC,9.257552105292701,17.24036827200328,8.292607777847435,14.387615815448536,False
D4_M1b_depens,M1b_autonomous_Allee,11.8,42,M3_AR_residual,9.865255985135246,16.834201851163566,8.292607777847435,14.387615815448536,False
D4_M1b_depens,M1b_autonomous_Allee,11.8,42,M4_delayed_info,11.270698716957751,17.38723256755634,8.292607777847435,14.387615815448536,False
D4_M1b_depens,M1b_autonomous_Allee,11.8,43,M1_autonomous_Schaefer,7.966891675544149,10.690073368418298,8.391666491528897,9.206791953964936,False
D4_M1b_depens,M1b_autonomous_Allee,11.8,43,M1b_autonomous_Allee,7.929007108554997,10.787084805477624,8.391666491528897,9.206791953964936,False
D4_M1b_depens,M1b_autonomous_Allee,11.8,43,M2_stockflow_regimeC,7.966891675544149,10.690073368418298,8.391666491528897,9.206791953964936,False
D4_M1b_depens,M1b_autonomous_Allee,11.8,43,M3_AR_residual,8.195008934575764,10.680384751114147,8.391666491528897,9.206791953964936,False
D4_M1b_depens,M1b_autonomous_Allee,11.8,43,M4_delayed_info,9.157996788849754,10.787084805477624,8.391666491528897,9.206791953964936,False
D4_M1b_depens,M1b_autonomous_Allee,11.8,44,M1_autonomous_Schaefer,10.99700695805939,25.541428583297037,10.955602329713935,23.341886225841343,False
D4_M1b_depens,M1b_autonomous_Allee,11.8,44,M1b_autonomous_Allee,11.02816006621694,25.67334182623197,10.955602329713935,23.341886225841343,False
D4_M1b_depens,M1b_autonomous_Allee,11.8,44,M2_stockflow_regimeC,10.99700695805939,25.541428583297037,10.955602329713935,23.341886225841343,False
D4_M1b_depens,M1b_autonomous_Allee,11.8,44,M3_AR_residual,11.60605162352467,25.578884290861545,10.955602329713935,23.341886225841343,False
D4_M1b_depens,M1b_autonomous_Allee,11.8,44,M4_delayed_info,14.959761876134456,26.188683251460436,10.955602329713935,23.341886225841343,False
D4_M1b_depens,M1b_autonomous_Allee,11.8,45,M1_autonomous_Schaefer,5.741389630453744,7.350809029071131,5.466102752037522,8.683069308765978,False
D4_M1b_depens,M1b_autonomous_Allee,11.8,45,M1b_autonomous_Allee,6.542643763078003,7.350809029071131,5.466102752037522,8.683069308765978,False
D4_M1b_depens,M1b_autonomous_Allee,11.8,45,M2_stockflow_regimeC,5.741389630453744,7.350809029071131,5.466102752037522,8.683069308765978,False
D4_M1b_depens,M1b_autonomous_Allee,11.8,45,M3_AR_residual,6.285567895854068,9.344202908917985,5.466102752037522,8.683069308765978,False
D4_M1b_depens,M1b_autonomous_Allee,11.8,45,M4_delayed_info,6.323712686242647,7.849153841843535,5.466102752037522,8.683069308765978,False
D4_M1b_depens,M1b_autonomous_Allee,11.8,46,M1_autonomous_Schaefer,8.570859498514915,12.250008814273793,8.336022171398941,13.447298621291495,False
D4_M1b_depens,M1b_autonomous_Allee,11.8,46,M1b_autonomous_Allee,8.470651639536936,12.200529488435578,8.336022171398941,13.447298621291495,False
D4_M1b_depens,M1b_autonomous_Allee,11.8,46,M2_stockflow_regimeC,8.570859498514915,12.250008814273793,8.336022171398941,13.447298621291495,False
D4_M1b_depens,M1b_autonomous_Allee,11.8,46,M3_AR_residual,9.286017031810609,12.136472748227026,8.336022171398941,13.447298621291495,False
D4_M1b_depens,M1b_autonomous_Allee,11.8,46,M4_delayed_info,9.506252945649768,12.29294300387382,8.336022171398941,13.447298621291495,False
D4_M1b_depens,M1b_autonomous_Allee,11.8,47,M1_autonomous_Schaefer,4.521883971359534,5.574390817512395,5.020186899441947,6.473327828618335,True
D4_M1b_depens,M1b_autonomous_Allee,11.8,47,M1b_autonomous_Allee,4.499334135206623,5.574390817512395,5.020186899441947,6.473327828618335,False
D4_M1b_depens,M1b_autonomous_Allee,11.8,47,M2_stockflow_regimeC,4.521883971359534,5.574390817512395,5.020186899441947,6.473327828618335,False
D4_M1b_depens,M1b_autonomous_Allee,11.8,47,M3_AR_residual,4.653734605820231,5.574390817512395,5.020186899441947,6.473327828618335,False
D4_M1b_depens,M1b_autonomous_Allee,11.8,47,M4_delayed_info,5.388125626199725,5.574390817512395,5.020186899441947,6.473327828618335,False
D4_M1b_depens,M1b_autonomous_Allee,11.8,48,M1_autonomous_Schaefer,9.73856466158409,29.08007389708827,10.058934183547073,27.657055042862567,False
D4_M1b_depens,M1b_autonomous_Allee,11.8,48,M1b_autonomous_Allee,9.40813707282077,29.84826641873286,10.058934183547073,27.657055042862567,False
D4_M1b_depens,M1b_autonomous_Allee,11.8,48,M2_stockflow_regimeC,9.73856466158409,29.08007389708827,10.058934183547073,27.657055042862567,False
D4_M1b_depens,M1b_autonomous_Allee,11.8,48,M3_AR_residual,9.959360647362153,29.416594436874732,10.058934183547073,27.657055042862567,False
D4_M1b_depens,M1b_autonomous_Allee,11.8,48,M4_delayed_info,13.70329816783646,34.44222117262101,10.058934183547073,27.657055042862567,False
D4_M1b_depens,M1b_autonomous_Allee,11.8,49,M1_autonomous_Schaefer,10.686090983136863,25.533551418776632,10.338784805029368,21.370877713789767,False
D4_M1b_depens,M1b_autonomous_Allee,11.8,49,M1b_autonomous_Allee,10.952175650057512,34.26460188280776,10.338784805029368,21.370877713789767,False
D4_M1b_depens,M1b_autonomous_Allee,11.8,49,M2_stockflow_regimeC,10.686090983136863,25.533551418776632,10.338784805029368,21.370877713789767,False
D4_M1b_depens,M1b_autonomous_Allee,11.8,49,M3_AR_residual,10.862573054437204,25.65353666479576,10.338784805029368,21.370877713789767,False
D4_M1b_depens,M1b_autonomous_Allee,11.8,49,M4_delayed_info,14.892495072562445,25.49604419645406,10.338784805029368,21.370877713789767,False
D4_M1b_depens,M1b_autonomous_Allee,11.8,50,M1_autonomous_Schaefer,8.218251676306874,11.320244970414446,7.719408230097969,10.234350734563781,False
D4_M1b_depens,M1b_autonomous_Allee,11.8,50,M1b_autonomous_Allee,8.176626309997356,11.320244970414446,7.719408230097969,10.234350734563781,False
D4_M1b_depens,M1b_autonomous_Allee,11.8,50,M2_stockflow_regimeC,8.218251676306874,11.320244970414446,7.719408230097969,10.234350734563781,False
D4_M1b_depens,M1b_autonomous_Allee,11.8,50,M3_AR_residual,8.757615181107969,11.217358896078043,7.719408230097969,10.234350734563781,False
D4_M1b_depens,M1b_autonomous_Allee,11.8,50,M4_delayed_info,8.505358646741472,11.320244970414446,7.719408230097969,10.234350734563781,False
D4_M1b_depens,M1b_autonomous_Allee,11.8,51,M1_autonomous_Schaefer,6.200701685921398,7.968534149897368,6.155792853837053,7.854960884468803,False
D4_M1b_depens,M1b_autonomous_Allee,11.8,51,M1b_autonomous_Allee,6.133667948425096,7.968534149897368,6.155792853837053,7.854960884468803,False
D4_M1b_depens,M1b_autonomous_Allee,11.8,51,M2_stockflow_regimeC,6.200701685921398,7.968534149897368,6.155792853837053,7.854960884468803,False
D4_M1b_depens,M1b_autonomous_Allee,11.8,51,M3_AR_residual,6.645242448428098,7.968534149897368,6.155792853837053,7.854960884468803,False
D4_M1b_depens,M1b_autonomous_Allee,11.8,51,M4_delayed_info,6.871131525862592,7.968534149897368,6.155792853837053,7.854960884468803,False
D4_M1b_depens,M1b_autonomous_Allee,11.8,52,M1_autonomous_Schaefer,7.01888374658395,10.440983411116603,6.41948731375842,7.6876932607562924,False
D4_M1b_depens,M1b_autonomous_Allee,11.8,52,M1b_autonomous_Allee,7.071519606617946,10.440983411116603,6.41948731375842,7.6876932607562924,False
D4_M1b_depens,M1b_autonomous_Allee,11.8,52,M2_stockflow_regimeC,7.01888374658395,10.440983411116603,6.41948731375842,7.6876932607562924,False
D4_M1b_depens,M1b_autonomous_Allee,11.8,52,M3_AR_residual,7.284571708011258,10.440983411116603,6.41948731375842,7.6876932607562924,False
D4_M1b_depens,M1b_autonomous_Allee,11.8,52,M4_delayed_info,8.355792474438434,10.440983411116603,6.41948731375842,7.6876932607562924,False
D4_M1b_depens,M1b_autonomous_Allee,11.8,53,M1_autonomous_Schaefer,9.281071924662754,21.009144595036243,9.348082173509843,21.322264304125255,False
D4_M1b_depens,M1b_autonomous_Allee,11.8,53,M1b_autonomous_Allee,9.548373796198348,27.86896598965228,9.348082173509843,21.322264304125255,False
D4_M1b_depens,M1b_autonomous_Allee,11.8,53,M2_stockflow_regimeC,9.281071924662754,21.009144595036243,9.348082173509843,21.322264304125255,False
D4_M1b_depens,M1b_autonomous_Allee,11.8,53,M3_AR_residual,8.99003339799312,23.65328856091274,9.348082173509843,21.322264304125255,False
D4_M1b_depens,M1b_autonomous_Allee,11.8,53,M4_delayed_info,10.160653077626117,21.404545385637434,9.348082173509843,21.322264304125255,False
D4_M1b_depens,M1b_autonomous_Allee,11.8,54,M1_autonomous_Schaefer,6.909502505110418,6.360173993113159,7.541796897506607,8.006121575145098,True
D4_M1b_depens,M1b_autonomous_Allee,11.8,54,M1b_autonomous_Allee,6.915633162830207,6.360173993113159,7.541796897506607,8.006121575145098,False
D4_M1b_depens,M1b_autonomous_Allee,11.8,54,M2_stockflow_regimeC,6.909502505110418,6.360173993113159,7.541796897506607,8.006121575145098,False
D4_M1b_depens,M1b_autonomous_Allee,11.8,54,M3_AR_residual,7.165772561056825,6.360173993113159,7.541796897506607,8.006121575145098,False
D4_M1b_depens,M1b_autonomous_Allee,11.8,54,M4_delayed_info,8.229186939704448,6.360173993113159,7.541796897506607,8.006121575145098,False
D4_M1b_depens,M1b_autonomous_Allee,11.8,55,M1_autonomous_Schaefer,4.804741930952557,4.505287310196252,4.708623761974757,5.6895341425560835,False
D4_M1b_depens,M1b_autonomous_Allee,11.8,55,M1b_autonomous_Allee,4.546064124394703,4.505287310196252,4.708623761974757,5.6895341425560835,False
D4_M1b_depens,M1b_autonomous_Allee,11.8,55,M2_stockflow_regimeC,4.804741930952557,4.505287310196252,4.708623761974757,5.6895341425560835,False
D4_M1b_depens,M1b_autonomous_Allee,11.8,55,M3_AR_residual,4.757200508586434,4.505287310196252,4.708623761974757,5.6895341425560835,False
D4_M1b_depens,M1b_autonomous_Allee,11.8,55,M4_delayed_info,5.577098910694606,4.486362777638109,4.708623761974757,5.6895341425560835,False
D4_M1b_depens,M1b_autonomous_Allee,11.8,56,M1_autonomous_Schaefer,7.524110389690037,17.17368779444123,8.029172578558686,20.21004227209548,True
D4_M1b_depens,M1b_autonomous_Allee,11.8,56,M1b_autonomous_Allee,9.483262133663702,35.374222164417155,8.029172578558686,20.21004227209548,False
D4_M1b_depens,M1b_autonomous_Allee,11.8,56,M2_stockflow_regimeC,7.524110389690037,17.17368779444123,8.029172578558686,20.21004227209548,False
D4_M1b_depens,M1b_autonomous_Allee,11.8,56,M3_AR_residual,8.428197501449832,17.670436099888985,8.029172578558686,20.21004227209548,False
D4_M1b_depens,M1b_autonomous_Allee,11.8,56,M4_delayed_info,11.612289582998638,21.446207590523343,8.029172578558686,20.21004227209548,False
D4_M1b_depens,M1b_autonomous_Allee,11.8,57,M1_autonomous_Schaefer,16.298124064217166,72.4168581863914,15.779170963752238,51.8769952539831,False
D4_M1b_depens,M1b_autonomous_Allee,11.8,57,M1b_autonomous_Allee,14.45027773042853,50.27582831829766,15.779170963752238,51.8769952539831,False
D4_M1b_depens,M1b_autonomous_Allee,11.8,57,M2_stockflow_regimeC,16.298124064217166,72.4168581863914,15.779170963752238,51.8769952539831,False
D4_M1b_depens,M1b_autonomous_Allee,11.8,57,M3_AR_residual,16.181972470436268,71.33893265187133,15.779170963752238,51.8769952539831,False
D4_M1b_depens,M1b_autonomous_Allee,11.8,57,M4_delayed_info,20.85303407203258,69.1577917144396,15.779170963752238,51.8769952539831,False
D4_M1b_depens,M1b_autonomous_Allee,11.8,58,M1_autonomous_Schaefer,10.754883745935842,30.60253864005326,9.546369133500276,22.574212567014346,False
D4_M1b_depens,M1b_autonomous_Allee,11.8,58,M1b_autonomous_Allee,10.836312224210028,56.51470424783389,9.546369133500276,22.574212567014346,False
D4_M1b_depens,M1b_autonomous_Allee,11.8,58,M2_stockflow_regimeC,10.754883745935842,30.60253864005326,9.546369133500276,22.574212567014346,False
D4_M1b_depens,M1b_autonomous_Allee,11.8,58,M3_AR_residual,10.90330508644543,31.20492889129594,9.546369133500276,22.574212567014346,False
D4_M1b_depens,M1b_autonomous_Allee,11.8,58,M4_delayed_info,11.380260406339488,29.65486458402263,9.546369133500276,22.574212567014346,False
D4_M1b_depens,M1b_autonomous_Allee,11.8,59,M1_autonomous_Schaefer,7.071469241437718,10.61024783947115,7.167214699578201,9.31580430732508,False
D4_M1b_depens,M1b_autonomous_Allee,11.8,59,M1b_autonomous_Allee,7.1168161542572195,10.673783378803787,7.167214699578201,9.31580430732508,False
D4_M1b_depens,M1b_autonomous_Allee,11.8,59,M2_stockflow_regimeC,7.071469241437718,10.61024783947115,7.167214699578201,9.31580430732508,False
D4_M1b_depens,M1b_autonomous_Allee,11.8,59,M3_AR_residual,6.921060521712447,10.363145374703377,7.167214699578201,9.31580430732508,False
D4_M1b_depens,M1b_autonomous_Allee,11.8,59,M4_delayed_info,8.985545657835086,10.673783378803787,7.167214699578201,9.31580430732508,False
D4_M1b_depens,M1b_autonomous_Allee,11.8,60,M1_autonomous_Schaefer,10.6722409027396,16.634238637980168,10.913752932910418,17.518976560137354,False
D4_M1b_depens,M1b_autonomous_Allee,11.8,60,M1b_autonomous_Allee,10.925515146574023,16.620645129111434,10.913752932910418,17.518976560137354,False
D4_M1b_depens,M1b_autonomous_Allee,11.8,60,M2_stockflow_regimeC,10.6722409027396,16.634238637980168,10.913752932910418,17.518976560137354,False
D4_M1b_depens,M1b_autonomous_Allee,11.8,60,M3_AR_residual,13.44216241764664,35.005321886189385,10.913752932910418,17.518976560137354,False
D4_M1b_depens,M1b_autonomous_Allee,11.8,60,M4_delayed_info,15.469742593109371,33.5893582007912,10.913752932910418,17.518976560137354,False
D4_M1b_depens,M1b_autonomous_Allee,11.8,61,M1_autonomous_Schaefer,9.043380406891925,16.60868767609002,8.976604888464847,17.23862205073656,False
D4_M1b_depens,M1b_autonomous_Allee,11.8,61,M1b_autonomous_Allee,9.348006357978909,18.83602749126127,8.976604888464847,17.23862205073656,False
D4_M1b_depens,M1b_autonomous_Allee,11.8,61,M2_stockflow_regimeC,9.043380406891925,16.60868767609002,8.976604888464847,17.23862205073656,False
D4_M1b_depens,M1b_autonomous_Allee,11.8,61,M3_AR_residual,9.546266313625843,16.54254162312513,8.976604888464847,17.23862205073656,False
D4_M1b_depens,M1b_autonomous_Allee,11.8,61,M4_delayed_info,13.289130880758856,17.599316550360285,8.976604888464847,17.23862205073656,False
D4_M1b_depens,M1b_autonomous_Allee,11.8,62,M1_autonomous_Schaefer,6.6857169788462665,7.255081698351115,6.366736688486135,9.646727476035226,False
D4_M1b_depens,M1b_autonomous_Allee,11.8,62,M1b_autonomous_Allee,6.617308179395426,7.255081698351115,6.366736688486135,9.646727476035226,False
D4_M1b_depens,M1b_autonomous_Allee,11.8,62,M2_stockflow_regimeC,6.6857169788462665,7.255081698351115,6.366736688486135,9.646727476035226,False
D4_M1b_depens,M1b_autonomous_Allee,11.8,62,M3_AR_residual,6.84013078461195,7.255081698351115,6.366736688486135,9.646727476035226,False
D4_M1b_depens,M1b_autonomous_Allee,11.8,62,M4_delayed_info,7.950861373530199,7.255081698351115,6.366736688486135,9.646727476035226,False
D4_M1b_depens,M1b_autonomous_Allee,11.8,63,M1_autonomous_Schaefer,5.721170711371059,6.864593261856363,6.912345732042718,8.08850263653334,True
D4_M1b_depens,M1b_autonomous_Allee,11.8,63,M1b_autonomous_Allee,5.7122361897352665,6.864593261856363,6.912345732042718,8.08850263653334,False
D4_M1b_depens,M1b_autonomous_Allee,11.8,63,M2_stockflow_regimeC,5.721170711371059,6.864593261856363,6.912345732042718,8.08850263653334,False
D4_M1b_depens,M1b_autonomous_Allee,11.8,63,M3_AR_residual,6.666055077246317,7.464100917785857,6.912345732042718,8.08850263653334,False
D4_M1b_depens,M1b_autonomous_Allee,11.8,63,M4_delayed_info,5.371062582262288,6.864593261856363,6.912345732042718,8.08850263653334,True
D4_M1b_depens,M1b_autonomous_Allee,11.8,64,M1_autonomous_Schaefer,10.652250259377443,13.954103455218975,10.457598949144279,12.988120454860587,False
D4_M1b_depens,M1b_autonomous_Allee,11.8,64,M1b_autonomous_Allee,10.651696305640414,13.953786690930082,10.457598949144279,12.988120454860587,False
D4_M1b_depens,M1b_autonomous_Allee,11.8,64,M2_stockflow_regimeC,10.652250259377443,13.954103455218975,10.457598949144279,12.988120454860587,False
D4_M1b_depens,M1b_autonomous_Allee,11.8,64,M3_AR_residual,11.204017718812608,13.951929682904753,10.457598949144279,12.988120454860587,False
D4_M1b_depens,M1b_autonomous_Allee,11.8,64,M4_delayed_info,12.958200006508836,13.951617301365962,10.457598949144279,12.988120454860587,False
D4_M1b_depens,M1b_autonomous_Allee,11.8,65,M1_autonomous_Schaefer,6.683496069717466,10.083903145848216,6.1330315709769625,12.712698096075755,False
D4_M1b_depens,M1b_autonomous_Allee,11.8,65,M1b_autonomous_Allee,6.608535231424397,10.07691396653112,6.1330315709769625,12.712698096075755,False
D4_M1b_depens,M1b_autonomous_Allee,11.8,65,M2_stockflow_regimeC,6.683496069717466,10.083903145848216,6.1330315709769625,12.712698096075755,False
D4_M1b_depens,M1b_autonomous_Allee,11.8,65,M3_AR_residual,6.877770700774756,10.112943447598436,6.1330315709769625,12.712698096075755,False
D4_M1b_depens,M1b_autonomous_Allee,11.8,65,M4_delayed_info,9.506380217540363,10.119524496423761,6.1330315709769625,12.712698096075755,False
D4_M1b_depens,M1b_autonomous_Allee,11.8,66,M1_autonomous_Schaefer,2.741756805070846,2.966460263223567,3.5270756144952213,4.007586961599659,True
D4_M1b_depens,M1b_autonomous_Allee,11.8,66,M1b_autonomous_Allee,2.7435253661582664,2.966460263223567,3.5270756144952213,4.007586961599659,False
D4_M1b_depens,M1b_autonomous_Allee,11.8,66,M2_stockflow_regimeC,2.741756805070846,2.966460263223567,3.5270756144952213,4.007586961599659,False
D4_M1b_depens,M1b_autonomous_Allee,11.8,66,M3_AR_residual,3.0178186707487575,2.966460263223567,3.5270756144952213,4.007586961599659,False
D4_M1b_depens,M1b_autonomous_Allee,11.8,66,M4_delayed_info,2.7189366522989697,2.966460263223567,3.5270756144952213,4.007586961599659,False
D4_M1b_depens,M1b_autonomous_Allee,11.8,67,M1_autonomous_Schaefer,8.828016442941136,10.205941431799355,8.719253692646847,11.55090260881191,False
D4_M1b_depens,M1b_autonomous_Allee,11.8,67,M1b_autonomous_Allee,8.777585744643579,10.31474350639126,8.719253692646847,11.55090260881191,False
D4_M1b_depens,M1b_autonomous_Allee,11.8,67,M2_stockflow_regimeC,8.828016442941136,10.205941431799355,8.719253692646847,11.55090260881191,False
D4_M1b_depens,M1b_autonomous_Allee,11.8,67,M3_AR_residual,9.56088948516033,10.987335199311806,8.719253692646847,11.55090260881191,False
D4_M1b_depens,M1b_autonomous_Allee,11.8,67,M4_delayed_info,9.452399660227627,10.470536218434749,8.719253692646847,11.55090260881191,False
D4_M1b_depens,M1b_autonomous_Allee,11.8,68,M1_autonomous_Schaefer,5.252094435313211,3.2288766419426107,5.938101441892352,6.359265546768289,True
D4_M1b_depens,M1b_autonomous_Allee,11.8,68,M1b_autonomous_Allee,5.287879314540894,3.2288766419426107,5.938101441892352,6.359265546768289,False
D4_M1b_depens,M1b_autonomous_Allee,11.8,68,M2_stockflow_regimeC,5.252094435313211,3.2288766419426107,5.938101441892352,6.359265546768289,False
D4_M1b_depens,M1b_autonomous_Allee,11.8,68,M3_AR_residual,5.883395203281205,3.287543202348074,5.938101441892352,6.359265546768289,False
D4_M1b_depens,M1b_autonomous_Allee,11.8,68,M4_delayed_info,5.572520192870966,3.2288766419426107,5.938101441892352,6.359265546768289,False
D4_M1b_depens,M1b_autonomous_Allee,11.8,69,M1_autonomous_Schaefer,12.278534292927839,28.10542010997869,11.809488908778457,25.62970395508652,False
D4_M1b_depens,M1b_autonomous_Allee,11.8,69,M1b_autonomous_Allee,12.679953071621561,32.30223573158215,11.809488908778457,25.62970395508652,False
D4_M1b_depens,M1b_autonomous_Allee,11.8,69,M2_stockflow_regimeC,12.278534292927839,28.10542010997869,11.809488908778457,25.62970395508652,False
D4_M1b_depens,M1b_autonomous_Allee,11.8,69,M3_AR_residual,12.509304746390619,28.285021126672117,11.809488908778457,25.62970395508652,False
D4_M1b_depens,M1b_autonomous_Allee,11.8,69,M4_delayed_info,15.076604583513314,32.48519358319456,11.809488908778457,25.62970395508652,False
D4_M1b_depens,M1b_autonomous_Allee,11.8,70,M1_autonomous_Schaefer,4.467627115268606,6.945442254127918,3.8494581617618078,7.137329709614341,False
D4_M1b_depens,M1b_autonomous_Allee,11.8,70,M1b_autonomous_Allee,4.549755721004592,6.945442254127918,3.8494581617618078,7.137329709614341,False
D4_M1b_depens,M1b_autonomous_Allee,11.8,70,M2_stockflow_regimeC,4.467627115268606,6.945442254127918,3.8494581617618078,7.137329709614341,False
D4_M1b_depens,M1b_autonomous_Allee,11.8,70,M3_AR_residual,4.087659110724714,6.945442254127918,3.8494581617618078,7.137329709614341,False
D4_M1b_depens,M1b_autonomous_Allee,11.8,70,M4_delayed_info,5.745923172684576,6.945442254127918,3.8494581617618078,7.137329709614341,False
D4_M1b_depens,M1b_autonomous_Allee,11.8,71,M1_autonomous_Schaefer,4.880273484105677,6.795940770046127,4.103875207081099,6.830403946417989,False
D4_M1b_depens,M1b_autonomous_Allee,11.8,71,M1b_autonomous_Allee,5.043923652526174,6.795940770046127,4.103875207081099,6.830403946417989,False
D4_M1b_depens,M1b_autonomous_Allee,11.8,71,M2_stockflow_regimeC,4.880273484105677,6.795940770046127,4.103875207081099,6.830403946417989,False
D4_M1b_depens,M1b_autonomous_Allee,11.8,71,M3_AR_residual,4.393867127087408,6.838928826320576,4.103875207081099,6.830403946417989,False
D4_M1b_depens,M1b_autonomous_Allee,11.8,71,M4_delayed_info,5.125958443931345,6.795940770046127,4.103875207081099,6.830403946417989,False
D4_M1b_depens,M1b_autonomous_Allee,11.8,72,M1_autonomous_Schaefer,7.638762074710675,14.39532908050459,7.390058422655917,16.63102050594371,False
D4_M1b_depens,M1b_autonomous_Allee,11.8,72,M1b_autonomous_Allee,7.594710782892259,14.531890899828177,7.390058422655917,16.63102050594371,False
D4_M1b_depens,M1b_autonomous_Allee,11.8,72,M2_stockflow_regimeC,7.638762074710675,14.39532908050459,7.390058422655917,16.63102050594371,False
D4_M1b_depens,M1b_autonomous_Allee,11.8,72,M3_AR_residual,7.606355196668475,14.262047684492432,7.390058422655917,16.63102050594371,False
D4_M1b_depens,M1b_autonomous_Allee,11.8,72,M4_delayed_info,10.293111141123298,14.180518636655787,7.390058422655917,16.63102050594371,False
D4_M1b_depens,M1b_autonomous_Allee,11.8,73,M1_autonomous_Schaefer,12.265448097082835,23.326069682023494,11.436365609245597,19.76765933625923,False
D4_M1b_depens,M1b_autonomous_Allee,11.8,73,M1b_autonomous_Allee,12.079513304343102,29.54726207898657,11.436365609245597,19.76765933625923,False
D4_M1b_depens,M1b_autonomous_Allee,11.8,73,M2_stockflow_regimeC,12.265448097082835,23.326069682023494,11.436365609245597,19.76765933625923,False
D4_M1b_depens,M1b_autonomous_Allee,11.8,73,M3_AR_residual,12.762993478516526,25.37111796839004,11.436365609245597,19.76765933625923,False
D4_M1b_depens,M1b_autonomous_Allee,11.8,73,M4_delayed_info,14.373196144155058,22.368863446348097,11.436365609245597,19.76765933625923,False
D4_M1b_depens,M1b_autonomous_Allee,11.8,74,M1_autonomous_Schaefer,6.931255757796758,13.600116667660844,6.665426299071012,14.285440186627552,False
D4_M1b_depens,M1b_autonomous_Allee,11.8,74,M1b_autonomous_Allee,7.107876506426395,13.440153443493848,6.665426299071012,14.285440186627552,False
D4_M1b_depens,M1b_autonomous_Allee,11.8,74,M2_stockflow_regimeC,6.931255757796758,13.600116667660844,6.665426299071012,14.285440186627552,False
D4_M1b_depens,M1b_autonomous_Allee,11.8,74,M3_AR_residual,7.611585124651077,15.130874437686183,6.665426299071012,14.285440186627552,False
D4_M1b_depens,M1b_autonomous_Allee,11.8,74,M4_delayed_info,6.6937982871214965,13.421883167057905,6.665426299071012,14.285440186627552,False
D4_M1b_depens,M1b_autonomous_Allee,11.8,75,M1_autonomous_Schaefer,6.670718164343368,7.43053546750287,6.778210571484948,8.403858316432643,False
D4_M1b_depens,M1b_autonomous_Allee,11.8,75,M1b_autonomous_Allee,6.641576969212759,7.43053546750287,6.778210571484948,8.403858316432643,False
D4_M1b_depens,M1b_autonomous_Allee,11.8,75,M2_stockflow_regimeC,6.670718164343368,7.43053546750287,6.778210571484948,8.403858316432643,False
D4_M1b_depens,M1b_autonomous_Allee,11.8,75,M3_AR_residual,6.68134778221615,7.43053546750287,6.778210571484948,8.403858316432643,False
D4_M1b_depens,M1b_autonomous_Allee,11.8,75,M4_delayed_info,7.7427036049527995,7.43053546750287,6.778210571484948,8.403858316432643,False
D4_M1b_depens,M1b_autonomous_Allee,11.8,76,M1_autonomous_Schaefer,8.377367825315826,17.704392496247486,8.143276632526103,18.881051498806823,False
D4_M1b_depens,M1b_autonomous_Allee,11.8,76,M1b_autonomous_Allee,8.392830480791831,17.42401949550508,8.143276632526103,18.881051498806823,False
D4_M1b_depens,M1b_autonomous_Allee,11.8,76,M2_stockflow_regimeC,8.377367825315826,17.704392496247486,8.143276632526103,18.881051498806823,False
D4_M1b_depens,M1b_autonomous_Allee,11.8,76,M3_AR_residual,7.738463391795068,18.71862571912218,8.143276632526103,18.881051498806823,False
D4_M1b_depens,M1b_autonomous_Allee,11.8,76,M4_delayed_info,10.359998507700837,17.55697372237736,8.143276632526103,18.881051498806823,False
D4_M1b_depens,M1b_autonomous_Allee,11.8,77,M1_autonomous_Schaefer,6.222455498221487,9.551405932048565,5.943010710289987,8.804616372201107,False
D4_M1b_depens,M1b_autonomous_Allee,11.8,77,M1b_autonomous_Allee,6.158162332828189,9.731410015726436,5.943010710289987,8.804616372201107,False
D4_M1b_depens,M1b_autonomous_Allee,11.8,77,M2_stockflow_regimeC,6.222455498221487,9.551405932048565,5.943010710289987,8.804616372201107,False
D4_M1b_depens,M1b_autonomous_Allee,11.8,77,M3_AR_residual,6.282916337980689,9.442919389663299,5.943010710289987,8.804616372201107,False
D4_M1b_depens,M1b_autonomous_Allee,11.8,77,M4_delayed_info,7.485469208187038,9.74360777120032,5.943010710289987,8.804616372201107,False
D4_M1b_depens,M1b_autonomous_Allee,11.8,78,M1_autonomous_Schaefer,2.9383931821358753,3.1386636380284867,3.205703757860113,3.250770018337166,False
D4_M1b_depens,M1b_autonomous_Allee,11.8,78,M1b_autonomous_Allee,2.9383931821358753,3.1386636380284867,3.205703757860113,3.250770018337166,False
D4_M1b_depens,M1b_autonomous_Allee,11.8,78,M2_stockflow_regimeC,2.9383931821358753,3.1386636380284867,3.205703757860113,3.250770018337166,False
D4_M1b_depens,M1b_autonomous_Allee,11.8,78,M3_AR_residual,2.9383931821358753,3.1386636380284867,3.205703757860113,3.250770018337166,False
D4_M1b_depens,M1b_autonomous_Allee,11.8,78,M4_delayed_info,2.903876774217836,3.1386636380284867,3.205703757860113,3.250770018337166,False
D4_M1b_depens,M1b_autonomous_Allee,11.8,79,M1_autonomous_Schaefer,1.1185800300778437,0.996087095904453,1.619638308581168,2.3405895591950703,True
D4_M1b_depens,M1b_autonomous_Allee,11.8,79,M1b_autonomous_Allee,1.118877655632742,0.996087095904453,1.619638308581168,2.3405895591950703,False
D4_M1b_depens,M1b_autonomous_Allee,11.8,79,M2_stockflow_regimeC,1.1185800300778437,0.996087095904453,1.619638308581168,2.3405895591950703,False
D4_M1b_depens,M1b_autonomous_Allee,11.8,79,M3_AR_residual,1.0995331132044979,0.996087095904453,1.619638308581168,2.3405895591950703,False
D4_M1b_depens,M1b_autonomous_Allee,11.8,79,M4_delayed_info,1.3536211247922423,0.996087095904453,1.619638308581168,2.3405895591950703,False
D4_M1b_depens,M1b_autonomous_Allee,11.8,80,M1_autonomous_Schaefer,3.037379636530261,3.5476996396172993,3.8675217104762996,5.118462505330447,True
D4_M1b_depens,M1b_autonomous_Allee,11.8,80,M1b_autonomous_Allee,3.0369503935900704,3.5476996396172993,3.8675217104762996,5.118462505330447,False
D4_M1b_depens,M1b_autonomous_Allee,11.8,80,M2_stockflow_regimeC,3.037379636530261,3.5476996396172993,3.8675217104762996,5.118462505330447,False
D4_M1b_depens,M1b_autonomous_Allee,11.8,80,M3_AR_residual,3.183916675193297,3.5476996396172993,3.8675217104762996,5.118462505330447,False
D4_M1b_depens,M1b_autonomous_Allee,11.8,80,M4_delayed_info,3.337570049312908,3.5476996396172993,3.8675217104762996,5.118462505330447,False
D4_M1b_depens,M1b_autonomous_Allee,11.8,81,M1_autonomous_Schaefer,11.23414115489717,31.27209478639434,10.753548093904724,24.767797359830755,False
D4_M1b_depens,M1b_autonomous_Allee,11.8,81,M1b_autonomous_Allee,11.303988314683028,29.5726635400911,10.753548093904724,24.767797359830755,False
D4_M1b_depens,M1b_autonomous_Allee,11.8,81,M2_stockflow_regimeC,11.23414115489717,31.27209478639434,10.753548093904724,24.767797359830755,False
D4_M1b_depens,M1b_autonomous_Allee,11.8,81,M3_AR_residual,11.647161341034337,31.027657988053697,10.753548093904724,24.767797359830755,False
D4_M1b_depens,M1b_autonomous_Allee,11.8,81,M4_delayed_info,18.358603088676837,32.62133281900051,10.753548093904724,24.767797359830755,False
D4_M1b_depens,M1b_autonomous_Allee,11.8,82,M1_autonomous_Schaefer,10.995188915073927,22.33224210989181,10.665351160613653,22.61035779817988,False
D4_M1b_depens,M1b_autonomous_Allee,11.8,82,M1b_autonomous_Allee,10.911313961642211,21.236064458569324,10.665351160613653,22.61035779817988,False
D4_M1b_depens,M1b_autonomous_Allee,11.8,82,M2_stockflow_regimeC,10.995188915073927,22.33224210989181,10.665351160613653,22.61035779817988,False
D4_M1b_depens,M1b_autonomous_Allee,11.8,82,M3_AR_residual,11.235377464112988,22.313441996861773,10.665351160613653,22.61035779817988,False
D4_M1b_depens,M1b_autonomous_Allee,11.8,82,M4_delayed_info,14.97500047331597,21.55584200967579,10.665351160613653,22.61035779817988,False
D4_M1b_depens,M1b_autonomous_Allee,11.8,83,M1_autonomous_Schaefer,5.797930021021662,7.073353266526498,6.299313475032547,6.241293933085112,False
D4_M1b_depens,M1b_autonomous_Allee,11.8,83,M1b_autonomous_Allee,5.795773706810521,7.073353266526498,6.299313475032547,6.241293933085112,False
D4_M1b_depens,M1b_autonomous_Allee,11.8,83,M2_stockflow_regimeC,5.797930021021662,7.073353266526498,6.299313475032547,6.241293933085112,False
D4_M1b_depens,M1b_autonomous_Allee,11.8,83,M3_AR_residual,5.855069266689501,7.073353266526498,6.299313475032547,6.241293933085112,False
D4_M1b_depens,M1b_autonomous_Allee,11.8,83,M4_delayed_info,6.486926633316421,7.073353266526498,6.299313475032547,6.241293933085112,False
D4_M1b_depens,M1b_autonomous_Allee,11.8,84,M1_autonomous_Schaefer,1.490591503865559,1.6302580387580627,1.9639629631051312,2.305533028579415,True
D4_M1b_depens,M1b_autonomous_Allee,11.8,84,M1b_autonomous_Allee,1.4905736641855696,1.6302580387580627,1.9639629631051312,2.305533028579415,False
D4_M1b_depens,M1b_autonomous_Allee,11.8,84,M2_stockflow_regimeC,1.490591503865559,1.6302580387580627,1.9639629631051312,2.305533028579415,False
D4_M1b_depens,M1b_autonomous_Allee,11.8,84,M3_AR_residual,2.060670813694374,1.6302580387580627,1.9639629631051312,2.305533028579415,False
D4_M1b_depens,M1b_autonomous_Allee,11.8,84,M4_delayed_info,1.4941561729838149,1.6302580387580627,1.9639629631051312,2.305533028579415,False
D4_M1b_depens,M1b_autonomous_Allee,11.8,85,M1_autonomous_Schaefer,8.439274113154463,9.794899386961859,9.5506193145735,10.950748096485027,True
D4_M1b_depens,M1b_autonomous_Allee,11.8,85,M1b_autonomous_Allee,8.080840419438378,9.794899386961859,9.5506193145735,10.950748096485027,False
D4_M1b_depens,M1b_autonomous_Allee,11.8,85,M2_stockflow_regimeC,8.439274113154463,9.794899386961859,9.5506193145735,10.950748096485027,False
D4_M1b_depens,M1b_autonomous_Allee,11.8,85,M3_AR_residual,8.996159261026971,9.878493159631628,9.5506193145735,10.950748096485027,False
D4_M1b_depens,M1b_autonomous_Allee,11.8,85,M4_delayed_info,9.268945937390054,9.794899386961859,9.5506193145735,10.950748096485027,False
D4_M1b_depens,M1b_autonomous_Allee,11.8,86,M1_autonomous_Schaefer,4.780011495272484,5.414635201189696,5.323718183777749,6.076148230712427,True
D4_M1b_depens,M1b_autonomous_Allee,11.8,86,M1b_autonomous_Allee,4.782609824832668,5.414635201189696,5.323718183777749,6.076148230712427,False
D4_M1b_depens,M1b_autonomous_Allee,11.8,86,M2_stockflow_regimeC,4.780011495272484,5.414635201189696,5.323718183777749,6.076148230712427,False
D4_M1b_depens,M1b_autonomous_Allee,11.8,86,M3_AR_residual,4.8306074005755075,5.414635201189696,5.323718183777749,6.076148230712427,False
D4_M1b_depens,M1b_autonomous_Allee,11.8,86,M4_delayed_info,5.0616786241003355,5.414635201189696,5.323718183777749,6.076148230712427,False
D4_M1b_depens,M1b_autonomous_Allee,11.8,87,M1_autonomous_Schaefer,9.861897186475504,25.703044515316517,9.321782508833858,23.619995803156016,False
D4_M1b_depens,M1b_autonomous_Allee,11.8,87,M1b_autonomous_Allee,10.132086352704503,26.73548275750247,9.321782508833858,23.619995803156016,False
D4_M1b_depens,M1b_autonomous_Allee,11.8,87,M2_stockflow_regimeC,9.861897186475504,25.703044515316517,9.321782508833858,23.619995803156016,False
D4_M1b_depens,M1b_autonomous_Allee,11.8,87,M3_AR_residual,10.128977284266053,25.643673771878376,9.321782508833858,23.619995803156016,False
D4_M1b_depens,M1b_autonomous_Allee,11.8,87,M4_delayed_info,13.137489730424436,28.67756458030494,9.321782508833858,23.619995803156016,False
D4_M1b_depens,M1b_autonomous_Allee,11.8,88,M1_autonomous_Schaefer,8.854640756600725,20.044153294697352,8.260849481450563,20.03188887981726,False
D4_M1b_depens,M1b_autonomous_Allee,11.8,88,M1b_autonomous_Allee,8.931360863044812,21.028677510613665,8.260849481450563,20.03188887981726,False
D4_M1b_depens,M1b_autonomous_Allee,11.8,88,M2_stockflow_regimeC,8.854640756600725,20.044153294697352,8.260849481450563,20.03188887981726,False
D4_M1b_depens,M1b_autonomous_Allee,11.8,88,M3_AR_residual,9.130366942552572,19.983455856259017,8.260849481450563,20.03188887981726,False
D4_M1b_depens,M1b_autonomous_Allee,11.8,88,M4_delayed_info,10.969470862500811,20.30453103530243,8.260849481450563,20.03188887981726,False
D4_M1b_depens,M1b_autonomous_Allee,11.8,89,M1_autonomous_Schaefer,10.860249836740156,16.12533918359396,10.062533174794277,18.598721846645898,False
D4_M1b_depens,M1b_autonomous_Allee,11.8,89,M1b_autonomous_Allee,11.143724673071777,22.203042364229784,10.062533174794277,18.598721846645898,False
D4_M1b_depens,M1b_autonomous_Allee,11.8,89,M2_stockflow_regimeC,10.860249836740156,16.12533918359396,10.062533174794277,18.598721846645898,False
D4_M1b_depens,M1b_autonomous_Allee,11.8,89,M3_AR_residual,11.581641482168013,15.808872145936865,10.062533174794277,18.598721846645898,False
D4_M1b_depens,M1b_autonomous_Allee,11.8,89,M4_delayed_info,15.492999103838715,17.591349936825416,10.062533174794277,18.598721846645898,False
D4_M1b_depens,M1b_autonomous_Allee,11.8,90,M1_autonomous_Schaefer,6.8537612531092,8.743758385668391,7.129626697183005,9.210153202739987,False
D4_M1b_depens,M1b_autonomous_Allee,11.8,90,M1b_autonomous_Allee,6.839004610047618,8.743758385668391,7.129626697183005,9.210153202739987,False
D4_M1b_depens,M1b_autonomous_Allee,11.8,90,M2_stockflow_regimeC,6.8537612531092,8.743758385668391,7.129626697183005,9.210153202739987,False
D4_M1b_depens,M1b_autonomous_Allee,11.8,90,M3_AR_residual,6.88715861989551,8.743758385668391,7.129626697183005,9.210153202739987,False
D4_M1b_depens,M1b_autonomous_Allee,11.8,90,M4_delayed_info,7.991052639361205,8.743758385668391,7.129626697183005,9.210153202739987,False
D4_M1b_depens,M1b_autonomous_Allee,11.8,91,M1_autonomous_Schaefer,9.266557293815866,21.353144037473736,9.316962620394602,19.80614118339012,False
D4_M1b_depens,M1b_autonomous_Allee,11.8,91,M1b_autonomous_Allee,9.433849280459684,22.550985792426545,9.316962620394602,19.80614118339012,False
D4_M1b_depens,M1b_autonomous_Allee,11.8,91,M2_stockflow_regimeC,9.266557293815866,21.353144037473736,9.316962620394602,19.80614118339012,False
D4_M1b_depens,M1b_autonomous_Allee,11.8,91,M3_AR_residual,9.726390489533705,21.651295328983853,9.316962620394602,19.80614118339012,False
D4_M1b_depens,M1b_autonomous_Allee,11.8,91,M4_delayed_info,13.53011173269965,24.68902452286935,9.316962620394602,19.80614118339012,False
D4_M1b_depens,M1b_autonomous_Allee,11.8,92,M1_autonomous_Schaefer,8.314424340727886,14.978212265443815,8.357749127973225,15.026829772048101,False
D4_M1b_depens,M1b_autonomous_Allee,11.8,92,M1b_autonomous_Allee,8.32846575749614,14.978212265443815,8.357749127973225,15.026829772048101,False
D4_M1b_depens,M1b_autonomous_Allee,11.8,92,M2_stockflow_regimeC,8.314424340727886,14.978212265443815,8.357749127973225,15.026829772048101,False
D4_M1b_depens,M1b_autonomous_Allee,11.8,92,M3_AR_residual,8.229261133912724,14.978212265443815,8.357749127973225,15.026829772048101,False
D4_M1b_depens,M1b_autonomous_Allee,11.8,92,M4_delayed_info,11.279468479694376,14.978212265443815,8.357749127973225,15.026829772048101,False
D4_M1b_depens,M1b_autonomous_Allee,11.8,93,M1_autonomous_Schaefer,8.87179012296035,26.55260627112387,8.61654406078159,22.600159453256303,False
D4_M1b_depens,M1b_autonomous_Allee,11.8,93,M1b_autonomous_Allee,9.755134707465643,49.80635774611995,8.61654406078159,22.600159453256303,False
D4_M1b_depens,M1b_autonomous_Allee,11.8,93,M2_stockflow_regimeC,8.87179012296035,26.55260627112387,8.61654406078159,22.600159453256303,False
D4_M1b_depens,M1b_autonomous_Allee,11.8,93,M3_AR_residual,7.960425995857592,32.36170478268568,8.61654406078159,22.600159453256303,False
D4_M1b_depens,M1b_autonomous_Allee,11.8,93,M4_delayed_info,9.72114606580436,28.883235590268526,8.61654406078159,22.600159453256303,False
D4_M1b_depens,M1b_autonomous_Allee,11.8,94,M1_autonomous_Schaefer,8.095035331533161,21.2940855368241,8.485633005481182,22.647427071260342,False
D4_M1b_depens,M1b_autonomous_Allee,11.8,94,M1b_autonomous_Allee,8.415892185700558,28.576614283813146,8.485633005481182,22.647427071260342,False
D4_M1b_depens,M1b_autonomous_Allee,11.8,94,M2_stockflow_regimeC,8.095035331533161,21.2940855368241,8.485633005481182,22.647427071260342,False
D4_M1b_depens,M1b_autonomous_Allee,11.8,94,M3_AR_residual,8.633773635185829,21.643614613011405,8.485633005481182,22.647427071260342,False
D4_M1b_depens,M1b_autonomous_Allee,11.8,94,M4_delayed_info,11.47918216573073,25.54327751210772,8.485633005481182,22.647427071260342,False
D4_M1b_depens,M1b_autonomous_Allee,11.8,95,M1_autonomous_Schaefer,5.177213849749345,4.167757212060172,6.47670518994982,6.872510711011762,True
D4_M1b_depens,M1b_autonomous_Allee,11.8,95,M1b_autonomous_Allee,5.173428943577149,4.167757212060172,6.47670518994982,6.872510711011762,False
D4_M1b_depens,M1b_autonomous_Allee,11.8,95,M2_stockflow_regimeC,5.177213849749345,4.167757212060172,6.47670518994982,6.872510711011762,False
D4_M1b_depens,M1b_autonomous_Allee,11.8,95,M3_AR_residual,5.235431578998514,4.167757212060172,6.47670518994982,6.872510711011762,False
D4_M1b_depens,M1b_autonomous_Allee,11.8,95,M4_delayed_info,4.939561233613649,4.167757212060172,6.47670518994982,6.872510711011762,False
D4_M1b_depens,M1b_autonomous_Allee,11.8,96,M1_autonomous_Schaefer,10.48108154201966,17.66728591382863,10.03293203083112,14.56140321325446,False
D4_M1b_depens,M1b_autonomous_Allee,11.8,96,M1b_autonomous_Allee,10.58782561454868,18.088031252675876,10.03293203083112,14.56140321325446,False
D4_M1b_depens,M1b_autonomous_Allee,11.8,96,M2_stockflow_regimeC,10.48108154201966,17.66728591382863,10.03293203083112,14.56140321325446,False
D4_M1b_depens,M1b_autonomous_Allee,11.8,96,M3_AR_residual,10.87927784792427,17.639755954596062,10.03293203083112,14.56140321325446,False
D4_M1b_depens,M1b_autonomous_Allee,11.8,96,M4_delayed_info,15.192195213699168,16.523176524948138,10.03293203083112,14.56140321325446,False
D4_M1b_depens,M1b_autonomous_Allee,11.8,97,M1_autonomous_Schaefer,11.210524090198293,25.749388108336426,11.018031344756041,21.742187437134266,False
D4_M1b_depens,M1b_autonomous_Allee,11.8,97,M1b_autonomous_Allee,11.208652637692582,46.75988316217334,11.018031344756041,21.742187437134266,False
D4_M1b_depens,M1b_autonomous_Allee,11.8,97,M2_stockflow_regimeC,11.210524090198293,25.749388108336426,11.018031344756041,21.742187437134266,False
D4_M1b_depens,M1b_autonomous_Allee,11.8,97,M3_AR_residual,11.600091778119367,27.707002172889496,11.018031344756041,21.742187437134266,False
D4_M1b_depens,M1b_autonomous_Allee,11.8,97,M4_delayed_info,14.968665121573403,24.59420271085381,11.018031344756041,21.742187437134266,False
D4_M1b_depens,M1b_autonomous_Allee,11.8,98,M1_autonomous_Schaefer,9.60550268366265,6.720584061256408,9.575666610589273,12.364340678724664,False
D4_M1b_depens,M1b_autonomous_Allee,11.8,98,M1b_autonomous_Allee,9.455051946780289,5.277372477112883,9.575666610589273,12.364340678724664,False
D4_M1b_depens,M1b_autonomous_Allee,11.8,98,M2_stockflow_regimeC,9.60550268366265,6.720584061256408,9.575666610589273,12.364340678724664,False
D4_M1b_depens,M1b_autonomous_Allee,11.8,98,M3_AR_residual,9.872239732674503,5.58834235470411,9.575666610589273,12.364340678724664,False
D4_M1b_depens,M1b_autonomous_Allee,11.8,98,M4_delayed_info,13.780365878924687,5.616869571847378,9.575666610589273,12.364340678724664,False
D4_M1b_depens,M1b_autonomous_Allee,11.8,99,M1_autonomous_Schaefer,7.639142070358943,11.307032846272252,8.098127304074229,13.728374552254627,True
D4_M1b_depens,M1b_autonomous_Allee,11.8,99,M1b_autonomous_Allee,8.07887386943554,11.250043447352224,8.098127304074229,13.728374552254627,False
D4_M1b_depens,M1b_autonomous_Allee,11.8,99,M2_stockflow_regimeC,7.639142070358943,11.307032846272252,8.098127304074229,13.728374552254627,False
D4_M1b_depens,M1b_autonomous_Allee,11.8,99,M3_AR_residual,8.118151675957611,11.461499369535392,8.098127304074229,13.728374552254627,False
D4_M1b_depens,M1b_autonomous_Allee,11.8,99,M4_delayed_info,9.664477515960034,11.250043447352224,8.098127304074229,13.728374552254627,False
D4_M1b_depens,M1b_autonomous_Allee,33.8,0,M1_autonomous_Schaefer,26.220919434489684,85.4878420939535,23.813216756179756,70.27047808926066,False
D4_M1b_depens,M1b_autonomous_Allee,33.8,0,M1b_autonomous_Allee,23.84756370953446,75.47809358963359,23.813216756179756,70.27047808926066,False
D4_M1b_depens,M1b_autonomous_Allee,33.8,0,M2_stockflow_regimeC,26.220919434489684,85.4878420939535,23.813216756179756,70.27047808926066,False
D4_M1b_depens,M1b_autonomous_Allee,33.8,0,M3_AR_residual,27.434145192119036,85.13847176044044,23.813216756179756,70.27047808926066,False
D4_M1b_depens,M1b_autonomous_Allee,33.8,0,M4_delayed_info,29.695336390074882,77.61781825806082,23.813216756179756,70.27047808926066,False
D4_M1b_depens,M1b_autonomous_Allee,33.8,1,M1_autonomous_Schaefer,18.507139342785024,21.771423074360133,19.084332724396702,24.568388949221752,False
D4_M1b_depens,M1b_autonomous_Allee,33.8,1,M1b_autonomous_Allee,18.44673954602744,22.049823157154965,19.084332724396702,24.568388949221752,False
D4_M1b_depens,M1b_autonomous_Allee,33.8,1,M2_stockflow_regimeC,18.507139342785024,21.771423074360133,19.084332724396702,24.568388949221752,False
D4_M1b_depens,M1b_autonomous_Allee,33.8,1,M3_AR_residual,19.006268820620534,22.27073089148507,19.084332724396702,24.568388949221752,False
D4_M1b_depens,M1b_autonomous_Allee,33.8,1,M4_delayed_info,23.983393340971,22.841860123129877,19.084332724396702,24.568388949221752,False
D4_M1b_depens,M1b_autonomous_Allee,33.8,2,M1_autonomous_Schaefer,22.36390698243759,73.0490807929983,22.910192418704813,65.85573322270889,False
D4_M1b_depens,M1b_autonomous_Allee,33.8,2,M1b_autonomous_Allee,23.803958046831696,71.14031770553918,22.910192418704813,65.85573322270889,False
D4_M1b_depens,M1b_autonomous_Allee,33.8,2,M2_stockflow_regimeC,22.36390698243759,73.0490807929983,22.910192418704813,65.85573322270889,False
D4_M1b_depens,M1b_autonomous_Allee,33.8,2,M3_AR_residual,22.534711440626946,71.9049089638113,22.910192418704813,65.85573322270889,False
D4_M1b_depens,M1b_autonomous_Allee,33.8,2,M4_delayed_info,29.86991357104605,81.76175248350098,22.910192418704813,65.85573322270889,False
D4_M1b_depens,M1b_autonomous_Allee,33.8,3,M1_autonomous_Schaefer,25.466680783318445,101.21481384680982,23.305570170161488,61.20843289964101,False
D4_M1b_depens,M1b_autonomous_Allee,33.8,3,M1b_autonomous_Allee,27.486454748078774,63.86871256780458,23.305570170161488,61.20843289964101,False
D4_M1b_depens,M1b_autonomous_Allee,33.8,3,M2_stockflow_regimeC,25.466680783318445,101.21481384680982,23.305570170161488,61.20843289964101,False
D4_M1b_depens,M1b_autonomous_Allee,33.8,3,M3_AR_residual,26.096795822723777,110.63574700604492,23.305570170161488,61.20843289964101,False
D4_M1b_depens,M1b_autonomous_Allee,33.8,3,M4_delayed_info,27.539644415569967,98.06699418492482,23.305570170161488,61.20843289964101,False
D4_M1b_depens,M1b_autonomous_Allee,33.8,4,M1_autonomous_Schaefer,23.108557042282563,39.647359246211686,23.550653028765325,41.672551050256274,False
D4_M1b_depens,M1b_autonomous_Allee,33.8,4,M1b_autonomous_Allee,23.58136679324815,49.817139144561885,23.550653028765325,41.672551050256274,False
D4_M1b_depens,M1b_autonomous_Allee,33.8,4,M2_stockflow_regimeC,23.108557042282563,39.647359246211686,23.550653028765325,41.672551050256274,False
D4_M1b_depens,M1b_autonomous_Allee,33.8,4,M3_AR_residual,24.110563855254913,39.20290625787672,23.550653028765325,41.672551050256274,False
D4_M1b_depens,M1b_autonomous_Allee,33.8,4,M4_delayed_info,32.870726243385654,37.75226436496022,23.550653028765325,41.672551050256274,False
D4_M1b_depens,M1b_autonomous_Allee,33.8,5,M1_autonomous_Schaefer,19.999458371055958,19.547014661898206,20.850860807873254,20.24406200698878,False
D4_M1b_depens,M1b_autonomous_Allee,33.8,5,M1b_autonomous_Allee,20.181908893378278,19.4588327467968,20.850860807873254,20.24406200698878,False
D4_M1b_depens,M1b_autonomous_Allee,33.8,5,M2_stockflow_regimeC,19.999458371055958,19.547014661898206,20.850860807873254,20.24406200698878,False
D4_M1b_depens,M1b_autonomous_Allee,33.8,5,M3_AR_residual,18.081252561398422,19.565265270077635,20.850860807873254,20.24406200698878,False
D4_M1b_depens,M1b_autonomous_Allee,33.8,5,M4_delayed_info,21.625242825221665,21.479567117543475,20.850860807873254,20.24406200698878,False
D4_M1b_depens,M1b_autonomous_Allee,33.8,6,M1_autonomous_Schaefer,35.8254811781481,85.40339216558242,37.33737440898505,82.0548691376448,False
D4_M1b_depens,M1b_autonomous_Allee,33.8,6,M1b_autonomous_Allee,45.73908707136186,110.24225347023406,37.33737440898505,82.0548691376448,False
D4_M1b_depens,M1b_autonomous_Allee,33.8,6,M2_stockflow_regimeC,35.8254811781481,85.40339216558242,37.33737440898505,82.0548691376448,False
D4_M1b_depens,M1b_autonomous_Allee,33.8,6,M3_AR_residual,37.63983309346716,85.00653425569115,37.33737440898505,82.0548691376448,False
D4_M1b_depens,M1b_autonomous_Allee,33.8,6,M4_delayed_info,49.34675463961738,87.56282473315602,37.33737440898505,82.0548691376448,False
D4_M1b_depens,M1b_autonomous_Allee,33.8,7,M1_autonomous_Schaefer,35.68871132299023,33.21069200624922,36.404349865956604,37.64126025921965,False
D4_M1b_depens,M1b_autonomous_Allee,33.8,7,M1b_autonomous_Allee,36.05190361220672,33.54684116913336,36.404349865956604,37.64126025921965,False
D4_M1b_depens,M1b_autonomous_Allee,33.8,7,M2_stockflow_regimeC,35.68871132299023,33.21069200624922,36.404349865956604,37.64126025921965,False
D4_M1b_depens,M1b_autonomous_Allee,33.8,7,M3_AR_residual,36.299395016578394,32.85078097026393,36.404349865956604,37.64126025921965,False
D4_M1b_depens,M1b_autonomous_Allee,33.8,7,M4_delayed_info,46.686145679598134,37.700860441974115,36.404349865956604,37.64126025921965,False
D4_M1b_depens,M1b_autonomous_Allee,33.8,8,M1_autonomous_Schaefer,37.005501009954536,65.43349946864438,37.63580010577162,72.5775496889834,False
D4_M1b_depens,M1b_autonomous_Allee,33.8,8,M1b_autonomous_Allee,37.345645270919405,68.49430646920742,37.63580010577162,72.5775496889834,False
D4_M1b_depens,M1b_autonomous_Allee,33.8,8,M2_stockflow_regimeC,37.005501009954536,65.43349946864438,37.63580010577162,72.5775496889834,False
D4_M1b_depens,M1b_autonomous_Allee,33.8,8,M3_AR_residual,36.86312660818699,65.35504309178836,37.63580010577162,72.5775496889834,False
D4_M1b_depens,M1b_autonomous_Allee,33.8,8,M4_delayed_info,39.51612128539805,66.37586558759851,37.63580010577162,72.5775496889834,False
D4_M1b_depens,M1b_autonomous_Allee,33.8,9,M1_autonomous_Schaefer,29.17031257185669,49.5774865375671,27.160563296749526,43.40383454215225,False
D4_M1b_depens,M1b_autonomous_Allee,33.8,9,M1b_autonomous_Allee,32.64300850990884,52.87568546763674,27.160563296749526,43.40383454215225,False
D4_M1b_depens,M1b_autonomous_Allee,33.8,9,M2_stockflow_regimeC,29.17031257185669,49.5774865375671,27.160563296749526,43.40383454215225,False
D4_M1b_depens,M1b_autonomous_Allee,33.8,9,M3_AR_residual,29.373296266492545,49.15520969256745,27.160563296749526,43.40383454215225,False
D4_M1b_depens,M1b_autonomous_Allee,33.8,9,M4_delayed_info,35.39099206663557,52.767691517189334,27.160563296749526,43.40383454215225,False
D4_M1b_depens,M1b_autonomous_Allee,33.8,10,M1_autonomous_Schaefer,32.529535370834196,126.81769116920103,30.894373650800862,79.08889735887855,False
D4_M1b_depens,M1b_autonomous_Allee,33.8,10,M1b_autonomous_Allee,32.731997763217535,121.19858354935499,30.894373650800862,79.08889735887855,False
D4_M1b_depens,M1b_autonomous_Allee,33.8,10,M2_stockflow_regimeC,32.529535370834196,126.81769116920103,30.894373650800862,79.08889735887855,False
D4_M1b_depens,M1b_autonomous_Allee,33.8,10,M3_AR_residual,30.463011401017145,123.14474586064358,30.894373650800862,79.08889735887855,False
D4_M1b_depens,M1b_autonomous_Allee,33.8,10,M4_delayed_info,41.00101121549748,107.32673193371502,30.894373650800862,79.08889735887855,False
D4_M1b_depens,M1b_autonomous_Allee,33.8,11,M1_autonomous_Schaefer,41.959187903741906,148.66307237576265,40.509451491370385,126.36966956594215,False
D4_M1b_depens,M1b_autonomous_Allee,33.8,11,M1b_autonomous_Allee,41.048245834283,105.84814830695183,40.509451491370385,126.36966956594215,False
D4_M1b_depens,M1b_autonomous_Allee,33.8,11,M2_stockflow_regimeC,41.959187903741906,148.66307237576265,40.509451491370385,126.36966956594215,False
D4_M1b_depens,M1b_autonomous_Allee,33.8,11,M3_AR_residual,45.73833113685795,147.9640268744794,40.509451491370385,126.36966956594215,False
D4_M1b_depens,M1b_autonomous_Allee,33.8,11,M4_delayed_info,55.42587909551549,143.53997364448603,40.509451491370385,126.36966956594215,False
D4_M1b_depens,M1b_autonomous_Allee,33.8,12,M1_autonomous_Schaefer,36.176916673575064,179.9843818699062,41.408603276697946,135.34921176690645,False
D4_M1b_depens,M1b_autonomous_Allee,33.8,12,M1b_autonomous_Allee,38.03714916373812,184.38400704706035,41.408603276697946,135.34921176690645,False
D4_M1b_depens,M1b_autonomous_Allee,33.8,12,M2_stockflow_regimeC,36.176916673575064,179.9843818699062,41.408603276697946,135.34921176690645,False
D4_M1b_depens,M1b_autonomous_Allee,33.8,12,M3_AR_residual,38.56163782190607,179.82989649558854,41.408603276697946,135.34921176690645,False
D4_M1b_depens,M1b_autonomous_Allee,33.8,12,M4_delayed_info,47.67800932734067,180.7474085067242,41.408603276697946,135.34921176690645,False
D4_M1b_depens,M1b_autonomous_Allee,33.8,13,M1_autonomous_Schaefer,32.88990688984295,59.00725494057169,32.441741344386216,58.488685721513626,False
D4_M1b_depens,M1b_autonomous_Allee,33.8,13,M1b_autonomous_Allee,32.382781224128784,51.539015523920725,32.441741344386216,58.488685721513626,False
D4_M1b_depens,M1b_autonomous_Allee,33.8,13,M2_stockflow_regimeC,32.88990688984295,59.00725494057169,32.441741344386216,58.488685721513626,False
D4_M1b_depens,M1b_autonomous_Allee,33.8,13,M3_AR_residual,34.09161385050529,61.052838176411846,32.441741344386216,58.488685721513626,False
D4_M1b_depens,M1b_autonomous_Allee,33.8,13,M4_delayed_info,41.18698562543674,60.079224922959185,32.441741344386216,58.488685721513626,False
D4_M1b_depens,M1b_autonomous_Allee,33.8,14,M1_autonomous_Schaefer,26.375166277207352,42.69731132044809,26.749959258214894,48.30830138044139,False
D4_M1b_depens,M1b_autonomous_Allee,33.8,14,M1b_autonomous_Allee,28.773576706988372,87.44038241585406,26.749959258214894,48.30830138044139,False
D4_M1b_depens,M1b_autonomous_Allee,33.8,14,M2_stockflow_regimeC,26.375166277207352,42.69731132044809,26.749959258214894,48.30830138044139,False
D4_M1b_depens,M1b_autonomous_Allee,33.8,14,M3_AR_residual,28.71068278091058,43.36012750086492,26.749959258214894,48.30830138044139,False
D4_M1b_depens,M1b_autonomous_Allee,33.8,14,M4_delayed_info,42.59368519829598,46.49041559411838,26.749959258214894,48.30830138044139,False
D4_M1b_depens,M1b_autonomous_Allee,33.8,15,M1_autonomous_Schaefer,20.367392382505464,30.07446804739829,20.871403414304677,35.22160641951861,False
D4_M1b_depens,M1b_autonomous_Allee,33.8,15,M1b_autonomous_Allee,21.80694018530868,32.824012801775915,20.871403414304677,35.22160641951861,False
D4_M1b_depens,M1b_autonomous_Allee,33.8,15,M2_stockflow_regimeC,20.367392382505464,30.07446804739829,20.871403414304677,35.22160641951861,False
D4_M1b_depens,M1b_autonomous_Allee,33.8,15,M3_AR_residual,22.640369093760608,37.89143541084777,20.871403414304677,35.22160641951861,False
D4_M1b_depens,M1b_autonomous_Allee,33.8,15,M4_delayed_info,26.217972006601602,30.38225916317544,20.871403414304677,35.22160641951861,False
D4_M1b_depens,M1b_autonomous_Allee,33.8,16,M1_autonomous_Schaefer,42.79281375301634,83.69251775471605,45.88708077832949,110.42874084380547,True
D4_M1b_depens,M1b_autonomous_Allee,33.8,16,M1b_autonomous_Allee,49.232475127244186,110.71453852588496,45.88708077832949,110.42874084380547,False
D4_M1b_depens,M1b_autonomous_Allee,33.8,16,M2_stockflow_regimeC,42.79281375301634,83.69251775471605,45.88708077832949,110.42874084380547,False
D4_M1b_depens,M1b_autonomous_Allee,33.8,16,M3_AR_residual,41.669640205403105,83.81935939739327,45.88708077832949,110.42874084380547,False
D4_M1b_depens,M1b_autonomous_Allee,33.8,16,M4_delayed_info,44.82695242843557,84.94615834735598,45.88708077832949,110.42874084380547,False
D4_M1b_depens,M1b_autonomous_Allee,33.8,17,M1_autonomous_Schaefer,33.21471619310596,95.75463408249585,32.15177392432918,74.42646828048554,False
D4_M1b_depens,M1b_autonomous_Allee,33.8,17,M1b_autonomous_Allee,38.27958204833201,127.98015073997088,32.15177392432918,74.42646828048554,False
D4_M1b_depens,M1b_autonomous_Allee,33.8,17,M2_stockflow_regimeC,33.21471619310596,95.75463408249585,32.15177392432918,74.42646828048554,False
D4_M1b_depens,M1b_autonomous_Allee,33.8,17,M3_AR_residual,33.939382127250404,96.63247919978377,32.15177392432918,74.42646828048554,False
D4_M1b_depens,M1b_autonomous_Allee,33.8,17,M4_delayed_info,47.54407578185677,98.35263667340425,32.15177392432918,74.42646828048554,False
D4_M1b_depens,M1b_autonomous_Allee,33.8,18,M1_autonomous_Schaefer,38.275745520377846,78.81981809558643,37.12271911936376,72.34864110067461,False
D4_M1b_depens,M1b_autonomous_Allee,33.8,18,M1b_autonomous_Allee,39.40479606958078,110.93058127757702,37.12271911936376,72.34864110067461,False
D4_M1b_depens,M1b_autonomous_Allee,33.8,18,M2_stockflow_regimeC,38.275745520377846,78.81981809558643,37.12271911936376,72.34864110067461,False
D4_M1b_depens,M1b_autonomous_Allee,33.8,18,M3_AR_residual,41.75155033689004,79.63311708421223,37.12271911936376,72.34864110067461,False
D4_M1b_depens,M1b_autonomous_Allee,33.8,18,M4_delayed_info,53.37699889958646,79.20425618961072,37.12271911936376,72.34864110067461,False
D4_M1b_depens,M1b_autonomous_Allee,33.8,19,M1_autonomous_Schaefer,35.40753699502335,123.45176386931927,35.24440389459492,98.9981099912434,False
D4_M1b_depens,M1b_autonomous_Allee,33.8,19,M1b_autonomous_Allee,35.848639104125965,130.3547452960811,35.24440389459492,98.9981099912434,False
D4_M1b_depens,M1b_autonomous_Allee,33.8,19,M2_stockflow_regimeC,35.40753699502335,123.45176386931927,35.24440389459492,98.9981099912434,False
D4_M1b_depens,M1b_autonomous_Allee,33.8,19,M3_AR_residual,35.648765775705854,122.72310352780026,35.24440389459492,98.9981099912434,False
D4_M1b_depens,M1b_autonomous_Allee,33.8,19,M4_delayed_info,48.368858655649795,117.45014669045584,35.24440389459492,98.9981099912434,False
D4_M1b_depens,M1b_autonomous_Allee,33.8,20,M1_autonomous_Schaefer,24.963345751662512,39.55896185667413,25.513138604760773,40.000988234988355,False
D4_M1b_depens,M1b_autonomous_Allee,33.8,20,M1b_autonomous_Allee,24.858872959296857,39.29816663336832,25.513138604760773,40.000988234988355,False
D4_M1b_depens,M1b_autonomous_Allee,33.8,20,M2_stockflow_regimeC,24.963345751662512,39.55896185667413,25.513138604760773,40.000988234988355,False
D4_M1b_depens,M1b_autonomous_Allee,33.8,20,M3_AR_residual,25.099033312075044,39.549559961145434,25.513138604760773,40.000988234988355,False
D4_M1b_depens,M1b_autonomous_Allee,33.8,20,M4_delayed_info,29.706609517526665,40.60700742148855,25.513138604760773,40.000988234988355,False
D4_M1b_depens,M1b_autonomous_Allee,33.8,21,M1_autonomous_Schaefer,28.08197539505924,46.58096760952707,28.374439865041353,46.26853880319387,False
D4_M1b_depens,M1b_autonomous_Allee,33.8,21,M1b_autonomous_Allee,28.851003240654485,57.41512831585484,28.374439865041353,46.26853880319387,False
D4_M1b_depens,M1b_autonomous_Allee,33.8,21,M2_stockflow_regimeC,28.08197539505924,46.58096760952707,28.374439865041353,46.26853880319387,False
D4_M1b_depens,M1b_autonomous_Allee,33.8,21,M3_AR_residual,28.20854380410574,46.40551889613662,28.374439865041353,46.26853880319387,False
D4_M1b_depens,M1b_autonomous_Allee,33.8,21,M4_delayed_info,36.87021350507203,52.844435197425916,28.374439865041353,46.26853880319387,False
D4_M1b_depens,M1b_autonomous_Allee,33.8,22,M1_autonomous_Schaefer,40.92277138022478,125.03973203376107,37.313360209341,99.40287094469902,False
D4_M1b_depens,M1b_autonomous_Allee,33.8,22,M1b_autonomous_Allee,43.23392590939257,197.55257160868516,37.313360209341,99.40287094469902,False
D4_M1b_depens,M1b_autonomous_Allee,33.8,22,M2_stockflow_regimeC,40.92277138022478,125.03973203376107,37.313360209341,99.40287094469902,False
D4_M1b_depens,M1b_autonomous_Allee,33.8,22,M3_AR_residual,41.71268556262914,124.38288022188489,37.313360209341,99.40287094469902,False
D4_M1b_depens,M1b_autonomous_Allee,33.8,22,M4_delayed_info,48.143248320341506,120.50118617659197,37.313360209341,99.40287094469902,False
D4_M1b_depens,M1b_autonomous_Allee,33.8,23,M1_autonomous_Schaefer,54.5412638990387,439.41715989207495,45.655399301556876,78.58845226573884,False
D4_M1b_depens,M1b_autonomous_Allee,33.8,23,M1b_autonomous_Allee,45.94352010345907,69.74083871017208,45.655399301556876,78.58845226573884,False
D4_M1b_depens,M1b_autonomous_Allee,33.8,23,M2_stockflow_regimeC,54.5412638990387,439.41715989207495,45.655399301556876,78.58845226573884,False
D4_M1b_depens,M1b_autonomous_Allee,33.8,23,M3_AR_residual,56.68638788731601,436.3083335714776,45.655399301556876,78.58845226573884,False
D4_M1b_depens,M1b_autonomous_Allee,33.8,23,M4_delayed_info,59.914421743335566,394.15299277281326,45.655399301556876,78.58845226573884,False
D4_M1b_depens,M1b_autonomous_Allee,33.8,24,M1_autonomous_Schaefer,28.342615268885964,90.99007158675646,29.176997205866048,100.46185187258251,False
D4_M1b_depens,M1b_autonomous_Allee,33.8,24,M1b_autonomous_Allee,31.598933580157443,99.87134894970578,29.176997205866048,100.46185187258251,False
D4_M1b_depens,M1b_autonomous_Allee,33.8,24,M2_stockflow_regimeC,28.342615268885964,90.99007158675646,29.176997205866048,100.46185187258251,False
D4_M1b_depens,M1b_autonomous_Allee,33.8,24,M3_AR_residual,28.769865838136706,90.82025917641799,29.176997205866048,100.46185187258251,False
D4_M1b_depens,M1b_autonomous_Allee,33.8,24,M4_delayed_info,31.315927730499347,88.97046934192242,29.176997205866048,100.46185187258251,False
D4_M1b_depens,M1b_autonomous_Allee,33.8,25,M1_autonomous_Schaefer,41.617662525253834,105.66812722035115,39.38440341512134,107.86786257783388,False
D4_M1b_depens,M1b_autonomous_Allee,33.8,25,M1b_autonomous_Allee,53.39113941073081,163.85130824702088,39.38440341512134,107.86786257783388,False
D4_M1b_depens,M1b_autonomous_Allee,33.8,25,M2_stockflow_regimeC,41.617662525253834,105.66812722035115,39.38440341512134,107.86786257783388,False
D4_M1b_depens,M1b_autonomous_Allee,33.8,25,M3_AR_residual,44.421610514716896,105.7173378555979,39.38440341512134,107.86786257783388,False
D4_M1b_depens,M1b_autonomous_Allee,33.8,25,M4_delayed_info,47.632750385208425,103.48751671520671,39.38440341512134,107.86786257783388,False
D4_M1b_depens,M1b_autonomous_Allee,33.8,26,M1_autonomous_Schaefer,50.97902281521526,259.2958753089497,44.693067833624085,102.17303180844442,False
D4_M1b_depens,M1b_autonomous_Allee,33.8,26,M1b_autonomous_Allee,54.13666556166085,103.43442661906501,44.693067833624085,102.17303180844442,False
D4_M1b_depens,M1b_autonomous_Allee,33.8,26,M2_stockflow_regimeC,50.97902281521526,259.2958753089497,44.693067833624085,102.17303180844442,False
D4_M1b_depens,M1b_autonomous_Allee,33.8,26,M3_AR_residual,49.43744320109454,258.2210849128681,44.693067833624085,102.17303180844442,False
D4_M1b_depens,M1b_autonomous_Allee,33.8,26,M4_delayed_info,60.7963914818095,238.72941728201158,44.693067833624085,102.17303180844442,False
D4_M1b_depens,M1b_autonomous_Allee,33.8,27,M1_autonomous_Schaefer,26.91896381188102,89.81231422235251,26.32367088645062,82.14400208887986,False
D4_M1b_depens,M1b_autonomous_Allee,33.8,27,M1b_autonomous_Allee,29.696829851847525,101.2142403180825,26.32367088645062,82.14400208887986,False
D4_M1b_depens,M1b_autonomous_Allee,33.8,27,M2_stockflow_regimeC,26.91896381188102,89.81231422235251,26.32367088645062,82.14400208887986,False
D4_M1b_depens,M1b_autonomous_Allee,33.8,27,M3_AR_residual,27.722671367719986,91.07738991585252,26.32367088645062,82.14400208887986,False
D4_M1b_depens,M1b_autonomous_Allee,33.8,27,M4_delayed_info,40.61499395925874,98.43368836702273,26.32367088645062,82.14400208887986,False
D4_M1b_depens,M1b_autonomous_Allee,33.8,28,M1_autonomous_Schaefer,34.53666042449726,89.82961086972597,34.0874723147075,92.60190955085659,False
D4_M1b_depens,M1b_autonomous_Allee,33.8,28,M1b_autonomous_Allee,34.80075320507563,141.2291548163771,34.0874723147075,92.60190955085659,False
D4_M1b_depens,M1b_autonomous_Allee,33.8,28,M2_stockflow_regimeC,34.53666042449726,89.82961086972597,34.0874723147075,92.60190955085659,False
D4_M1b_depens,M1b_autonomous_Allee,33.8,28,M3_AR_residual,35.618607257261566,91.52627385814904,34.0874723147075,92.60190955085659,False
D4_M1b_depens,M1b_autonomous_Allee,33.8,28,M4_delayed_info,46.457012568275125,101.2621235481502,34.0874723147075,92.60190955085659,False
D4_M1b_depens,M1b_autonomous_Allee,33.8,29,M1_autonomous_Schaefer,44.62909058151919,133.49106655993555,44.13068994321806,123.72470491080219,False
D4_M1b_depens,M1b_autonomous_Allee,33.8,29,M1b_autonomous_Allee,43.74276362341038,97.58603573528696,44.13068994321806,123.72470491080219,False
D4_M1b_depens,M1b_autonomous_Allee,33.8,29,M2_stockflow_regimeC,44.62909058151919,133.49106655993555,44.13068994321806,123.72470491080219,False
D4_M1b_depens,M1b_autonomous_Allee,33.8,29,M3_AR_residual,46.60104871490818,133.88197350755456,44.13068994321806,123.72470491080219,False
D4_M1b_depens,M1b_autonomous_Allee,33.8,29,M4_delayed_info,51.8659677037136,132.85780495522243,44.13068994321806,123.72470491080219,False
D4_M1b_depens,M1b_autonomous_Allee,33.8,30,M1_autonomous_Schaefer,30.781851088371226,76.39729613655437,30.07994613226853,70.24165756027487,False
D4_M1b_depens,M1b_autonomous_Allee,33.8,30,M1b_autonomous_Allee,31.58169923547267,82.10217916941376,30.07994613226853,70.24165756027487,False
D4_M1b_depens,M1b_autonomous_Allee,33.8,30,M2_stockflow_regimeC,30.781851088371226,76.39729613655437,30.07994613226853,70.24165756027487,False
D4_M1b_depens,M1b_autonomous_Allee,33.8,30,M3_AR_residual,31.927371300425087,77.93679003826524,30.07994613226853,70.24165756027487,False
D4_M1b_depens,M1b_autonomous_Allee,33.8,30,M4_delayed_info,43.59037330912187,76.34303234277084,30.07994613226853,70.24165756027487,False
D4_M1b_depens,M1b_autonomous_Allee,33.8,31,M1_autonomous_Schaefer,36.394475025713774,65.63880223531143,30.933530322590073,50.39373598800509,False
D4_M1b_depens,M1b_autonomous_Allee,33.8,31,M1b_autonomous_Allee,35.00742523815842,142.06836350687476,30.933530322590073,50.39373598800509,False
D4_M1b_depens,M1b_autonomous_Allee,33.8,31,M2_stockflow_regimeC,36.394475025713774,65.63880223531143,30.933530322590073,50.39373598800509,False
D4_M1b_depens,M1b_autonomous_Allee,33.8,31,M3_AR_residual,35.80515425478456,65.84824214674937,30.933530322590073,50.39373598800509,False
D4_M1b_depens,M1b_autonomous_Allee,33.8,31,M4_delayed_info,32.594131770642726,63.24316537126816,30.933530322590073,50.39373598800509,False
D4_M1b_depens,M1b_autonomous_Allee,33.8,32,M1_autonomous_Schaefer,26.176284323104284,102.70471373703042,30.993633961800693,120.48389632130699,True
D4_M1b_depens,M1b_autonomous_Allee,33.8,32,M1b_autonomous_Allee,26.90834156990089,158.3859497107513,30.993633961800693,120.48389632130699,False
D4_M1b_depens,M1b_autonomous_Allee,33.8,32,M2_stockflow_regimeC,26.176284323104284,102.70471373703042,30.993633961800693,120.48389632130699,False
D4_M1b_depens,M1b_autonomous_Allee,33.8,32,M3_AR_residual,27.117182385521048,102.36851663428142,30.993633961800693,120.48389632130699,False
D4_M1b_depens,M1b_autonomous_Allee,33.8,32,M4_delayed_info,40.40466019657637,109.94456964072378,30.993633961800693,120.48389632130699,False
D4_M1b_depens,M1b_autonomous_Allee,33.8,33,M1_autonomous_Schaefer,25.19090929576915,35.845305860507295,24.81808474162034,36.62080477431746,False
D4_M1b_depens,M1b_autonomous_Allee,33.8,33,M1b_autonomous_Allee,24.959197852958553,37.09059406763942,24.81808474162034,36.62080477431746,False
D4_M1b_depens,M1b_autonomous_Allee,33.8,33,M2_stockflow_regimeC,25.19090929576915,35.845305860507295,24.81808474162034,36.62080477431746,False
D4_M1b_depens,M1b_autonomous_Allee,33.8,33,M3_AR_residual,23.908831136111818,35.98514770160034,24.81808474162034,36.62080477431746,False
D4_M1b_depens,M1b_autonomous_Allee,33.8,33,M4_delayed_info,30.20318011660417,37.75080974847974,24.81808474162034,36.62080477431746,False
D4_M1b_depens,M1b_autonomous_Allee,33.8,34,M1_autonomous_Schaefer,38.538220810683974,150.79532157203352,37.80191518215097,127.02079727823408,False
D4_M1b_depens,M1b_autonomous_Allee,33.8,34,M1b_autonomous_Allee,42.2317668898205,136.29968151393848,37.80191518215097,127.02079727823408,False
D4_M1b_depens,M1b_autonomous_Allee,33.8,34,M2_stockflow_regimeC,38.538220810683974,150.79532157203352,37.80191518215097,127.02079727823408,False
D4_M1b_depens,M1b_autonomous_Allee,33.8,34,M3_AR_residual,39.178765175734476,150.59525250885324,37.80191518215097,127.02079727823408,False
D4_M1b_depens,M1b_autonomous_Allee,33.8,34,M4_delayed_info,45.14937266814291,147.7143161290837,37.80191518215097,127.02079727823408,False
D4_M1b_depens,M1b_autonomous_Allee,33.8,35,M1_autonomous_Schaefer,29.68974614397435,58.58682834656409,29.23371423200397,59.43348563182054,False
D4_M1b_depens,M1b_autonomous_Allee,33.8,35,M1b_autonomous_Allee,26.99034357038308,58.440801955572056,29.23371423200397,59.43348563182054,False
D4_M1b_depens,M1b_autonomous_Allee,33.8,35,M2_stockflow_regimeC,29.68974614397435,58.58682834656409,29.23371423200397,59.43348563182054,False
D4_M1b_depens,M1b_autonomous_Allee,33.8,35,M3_AR_residual,30.443343385563022,58.16428506607835,29.23371423200397,59.43348563182054,False
D4_M1b_depens,M1b_autonomous_Allee,33.8,35,M4_delayed_info,38.19652972786011,56.85676917349426,29.23371423200397,59.43348563182054,False
D4_M1b_depens,M1b_autonomous_Allee,33.8,36,M1_autonomous_Schaefer,36.81499088423735,157.25626295911792,32.93509786073215,84.4408312824491,False
D4_M1b_depens,M1b_autonomous_Allee,33.8,36,M1b_autonomous_Allee,41.579391776777925,82.9923545684784,32.93509786073215,84.4408312824491,False
D4_M1b_depens,M1b_autonomous_Allee,33.8,36,M2_stockflow_regimeC,36.81499088423735,157.25626295911792,32.93509786073215,84.4408312824491,False
D4_M1b_depens,M1b_autonomous_Allee,33.8,36,M3_AR_residual,35.301101761041956,155.4911741476087,32.93509786073215,84.4408312824491,False
D4_M1b_depens,M1b_autonomous_Allee,33.8,36,M4_delayed_info,46.58021818375169,148.97548894622986,32.93509786073215,84.4408312824491,False
D4_M1b_depens,M1b_autonomous_Allee,33.8,37,M1_autonomous_Schaefer,24.48031415687987,30.090751567762734,25.311977340716723,33.38347298318808,False
D4_M1b_depens,M1b_autonomous_Allee,33.8,37,M1b_autonomous_Allee,24.907835386442688,31.4916449346666,25.311977340716723,33.38347298318808,False
D4_M1b_depens,M1b_autonomous_Allee,33.8,37,M2_stockflow_regimeC,24.48031415687987,30.090751567762734,25.311977340716723,33.38347298318808,False
D4_M1b_depens,M1b_autonomous_Allee,33.8,37,M3_AR_residual,26.429963448216668,31.213840797045147,25.311977340716723,33.38347298318808,False
D4_M1b_depens,M1b_autonomous_Allee,33.8,37,M4_delayed_info,33.68868341822538,29.836486971529684,25.311977340716723,33.38347298318808,False
D4_M1b_depens,M1b_autonomous_Allee,33.8,38,M1_autonomous_Schaefer,23.958409108615943,42.46166374707336,23.708097007283428,44.97911465618037,False
D4_M1b_depens,M1b_autonomous_Allee,33.8,38,M1b_autonomous_Allee,23.66374510647487,42.05771545108514,23.708097007283428,44.97911465618037,False
D4_M1b_depens,M1b_autonomous_Allee,33.8,38,M2_stockflow_regimeC,23.958409108615943,42.46166374707336,23.708097007283428,44.97911465618037,False
D4_M1b_depens,M1b_autonomous_Allee,33.8,38,M3_AR_residual,23.01383498492573,42.40949262778066,23.708097007283428,44.97911465618037,False
D4_M1b_depens,M1b_autonomous_Allee,33.8,38,M4_delayed_info,35.19401884695419,40.02071022319357,23.708097007283428,44.97911465618037,False
D4_M1b_depens,M1b_autonomous_Allee,33.8,39,M1_autonomous_Schaefer,25.072942266072175,31.688791188001534,25.728385984251602,34.60871031071683,False
D4_M1b_depens,M1b_autonomous_Allee,33.8,39,M1b_autonomous_Allee,26.514886346112807,29.21712392386443,25.728385984251602,34.60871031071683,False
D4_M1b_depens,M1b_autonomous_Allee,33.8,39,M2_stockflow_regimeC,25.072942266072175,31.688791188001534,25.728385984251602,34.60871031071683,False
D4_M1b_depens,M1b_autonomous_Allee,33.8,39,M3_AR_residual,26.86414098946372,30.72921753317851,25.728385984251602,34.60871031071683,False
D4_M1b_depens,M1b_autonomous_Allee,33.8,39,M4_delayed_info,35.96236221568009,30.61195320901506,25.728385984251602,34.60871031071683,False
D4_M1b_depens,M1b_autonomous_Allee,33.8,40,M1_autonomous_Schaefer,42.12843333206818,98.34174779693159,41.62851813439395,95.5033142978905,False
D4_M1b_depens,M1b_autonomous_Allee,33.8,40,M1b_autonomous_Allee,58.707185465010745,106.78795623691568,41.62851813439395,95.5033142978905,False
D4_M1b_depens,M1b_autonomous_Allee,33.8,40,M2_stockflow_regimeC,42.12843333206818,98.34174779693159,41.62851813439395,95.5033142978905,False
D4_M1b_depens,M1b_autonomous_Allee,33.8,40,M3_AR_residual,43.842996469863515,96.76281001438225,41.62851813439395,95.5033142978905,False
D4_M1b_depens,M1b_autonomous_Allee,33.8,40,M4_delayed_info,51.119446918078985,95.38053260282412,41.62851813439395,95.5033142978905,False
D4_M1b_depens,M1b_autonomous_Allee,33.8,41,M1_autonomous_Schaefer,52.09653946363365,133.8124268143979,47.381954563485365,131.0996255701295,False
D4_M1b_depens,M1b_autonomous_Allee,33.8,41,M1b_autonomous_Allee,62.5477706670792,133.225278716276,47.381954563485365,131.0996255701295,False
D4_M1b_depens,M1b_autonomous_Allee,33.8,41,M2_stockflow_regimeC,52.09653946363365,133.8124268143979,47.381954563485365,131.0996255701295,False
D4_M1b_depens,M1b_autonomous_Allee,33.8,41,M3_AR_residual,55.78505748896023,133.9933383641437,47.381954563485365,131.0996255701295,False
D4_M1b_depens,M1b_autonomous_Allee,33.8,41,M4_delayed_info,60.173397321949274,134.60415842034158,47.381954563485365,131.0996255701295,False
D4_M1b_depens,M1b_autonomous_Allee,33.8,42,M1_autonomous_Schaefer,27.131953633048198,93.24675675096982,26.572188503292264,33.630061702903284,False
D4_M1b_depens,M1b_autonomous_Allee,33.8,42,M1b_autonomous_Allee,28.16401849619118,49.655859891726585,26.572188503292264,33.630061702903284,False
D4_M1b_depens,M1b_autonomous_Allee,33.8,42,M2_stockflow_regimeC,27.131953633048198,93.24675675096982,26.572188503292264,33.630061702903284,False
D4_M1b_depens,M1b_autonomous_Allee,33.8,42,M3_AR_residual,28.65569000649971,103.08717950796151,26.572188503292264,33.630061702903284,False
D4_M1b_depens,M1b_autonomous_Allee,33.8,42,M4_delayed_info,33.92987205812154,84.6979594292749,26.572188503292264,33.630061702903284,False
D4_M1b_depens,M1b_autonomous_Allee,33.8,43,M1_autonomous_Schaefer,17.256277065285545,18.070419851502468,18.595277945584947,18.911179389655057,False
D4_M1b_depens,M1b_autonomous_Allee,33.8,43,M1b_autonomous_Allee,16.21931222236083,17.174093214046874,18.595277945584947,18.911179389655057,False
D4_M1b_depens,M1b_autonomous_Allee,33.8,43,M2_stockflow_regimeC,17.256277065285545,18.070419851502468,18.595277945584947,18.911179389655057,False
D4_M1b_depens,M1b_autonomous_Allee,33.8,43,M3_AR_residual,17.065595353478177,17.606974390908125,18.595277945584947,18.911179389655057,False
D4_M1b_depens,M1b_autonomous_Allee,33.8,43,M4_delayed_info,20.483740229860896,16.604230229067436,18.595277945584947,18.911179389655057,False
D4_M1b_depens,M1b_autonomous_Allee,33.8,44,M1_autonomous_Schaefer,37.50805198854195,68.90664456652219,35.5744344348124,56.77184912716269,False
D4_M1b_depens,M1b_autonomous_Allee,33.8,44,M1b_autonomous_Allee,36.798225038795486,72.9996776136675,35.5744344348124,56.77184912716269,False
D4_M1b_depens,M1b_autonomous_Allee,33.8,44,M2_stockflow_regimeC,37.50805198854195,68.90664456652219,35.5744344348124,56.77184912716269,False
D4_M1b_depens,M1b_autonomous_Allee,33.8,44,M3_AR_residual,38.99268192340403,68.7979507728346,35.5744344348124,56.77184912716269,False
D4_M1b_depens,M1b_autonomous_Allee,33.8,44,M4_delayed_info,48.68526632792189,70.67448406266269,35.5744344348124,56.77184912716269,False
D4_M1b_depens,M1b_autonomous_Allee,33.8,45,M1_autonomous_Schaefer,33.863195738041476,76.59667942688246,33.13344923814999,69.23421172121134,False
D4_M1b_depens,M1b_autonomous_Allee,33.8,45,M1b_autonomous_Allee,34.2239194068057,75.14849645420642,33.13344923814999,69.23421172121134,False
D4_M1b_depens,M1b_autonomous_Allee,33.8,45,M2_stockflow_regimeC,33.863195738041476,76.59667942688246,33.13344923814999,69.23421172121134,False
D4_M1b_depens,M1b_autonomous_Allee,33.8,45,M3_AR_residual,34.62418823187266,78.82221786877734,33.13344923814999,69.23421172121134,False
D4_M1b_depens,M1b_autonomous_Allee,33.8,45,M4_delayed_info,44.38848104232039,73.81503489614623,33.13344923814999,69.23421172121134,False
D4_M1b_depens,M1b_autonomous_Allee,33.8,46,M1_autonomous_Schaefer,29.73025604673601,69.80190400220599,27.95067696051575,60.07141036612924,False
D4_M1b_depens,M1b_autonomous_Allee,33.8,46,M1b_autonomous_Allee,29.964627025947053,69.50699977040561,27.95067696051575,60.07141036612924,False
D4_M1b_depens,M1b_autonomous_Allee,33.8,46,M2_stockflow_regimeC,29.73025604673601,69.80190400220599,27.95067696051575,60.07141036612924,False
D4_M1b_depens,M1b_autonomous_Allee,33.8,46,M3_AR_residual,30.517525533444292,70.91811030941793,27.95067696051575,60.07141036612924,False
D4_M1b_depens,M1b_autonomous_Allee,33.8,46,M4_delayed_info,40.02193559715759,73.41348072984636,27.95067696051575,60.07141036612924,False
D4_M1b_depens,M1b_autonomous_Allee,33.8,47,M1_autonomous_Schaefer,30.58282756746102,64.96757772275345,30.28367390678132,67.49228538345247,False
D4_M1b_depens,M1b_autonomous_Allee,33.8,47,M1b_autonomous_Allee,35.94501361669181,75.39800222233728,30.28367390678132,67.49228538345247,False
D4_M1b_depens,M1b_autonomous_Allee,33.8,47,M2_stockflow_regimeC,30.58282756746102,64.96757772275345,30.28367390678132,67.49228538345247,False
D4_M1b_depens,M1b_autonomous_Allee,33.8,47,M3_AR_residual,31.453219983778126,65.06347206374916,30.28367390678132,67.49228538345247,False
D4_M1b_depens,M1b_autonomous_Allee,33.8,47,M4_delayed_info,45.22136014807092,64.45448031498861,30.28367390678132,67.49228538345247,False
D4_M1b_depens,M1b_autonomous_Allee,33.8,48,M1_autonomous_Schaefer,20.16084436968234,36.396252368735595,20.260109689420272,38.14527052292814,False
D4_M1b_depens,M1b_autonomous_Allee,33.8,48,M1b_autonomous_Allee,20.250778485170674,35.87068533863352,20.260109689420272,38.14527052292814,False
D4_M1b_depens,M1b_autonomous_Allee,33.8,48,M2_stockflow_regimeC,20.16084436968234,36.396252368735595,20.260109689420272,38.14527052292814,False
D4_M1b_depens,M1b_autonomous_Allee,33.8,48,M3_AR_residual,20.42406888683408,36.39705105712343,20.260109689420272,38.14527052292814,False
D4_M1b_depens,M1b_autonomous_Allee,33.8,48,M4_delayed_info,27.45353241994391,36.66626744742953,20.260109689420272,38.14527052292814,False
D4_M1b_depens,M1b_autonomous_Allee,33.8,49,M1_autonomous_Schaefer,25.516954611938125,45.038314465058754,25.8463228102647,46.610519177569174,False
D4_M1b_depens,M1b_autonomous_Allee,33.8,49,M1b_autonomous_Allee,26.050281428619673,45.86372154752774,25.8463228102647,46.610519177569174,False
D4_M1b_depens,M1b_autonomous_Allee,33.8,49,M2_stockflow_regimeC,25.516954611938125,45.038314465058754,25.8463228102647,46.610519177569174,False
D4_M1b_depens,M1b_autonomous_Allee,33.8,49,M3_AR_residual,25.929337262717986,44.8225284954926,25.8463228102647,46.610519177569174,False
D4_M1b_depens,M1b_autonomous_Allee,33.8,49,M4_delayed_info,33.891269011387216,44.916415618990754,25.8463228102647,46.610519177569174,False
D4_M1b_depens,M1b_autonomous_Allee,33.8,50,M1_autonomous_Schaefer,40.91657175474724,223.76162911041777,37.431073161304305,138.50374150372116,False
D4_M1b_depens,M1b_autonomous_Allee,33.8,50,M1b_autonomous_Allee,42.88139656308318,162.72388203252956,37.431073161304305,138.50374150372116,False
D4_M1b_depens,M1b_autonomous_Allee,33.8,50,M2_stockflow_regimeC,40.91657175474724,223.76162911041777,37.431073161304305,138.50374150372116,False
D4_M1b_depens,M1b_autonomous_Allee,33.8,50,M3_AR_residual,40.14446145441295,226.57719526499685,37.431073161304305,138.50374150372116,False
D4_M1b_depens,M1b_autonomous_Allee,33.8,50,M4_delayed_info,48.63663184916286,216.40161884903404,37.431073161304305,138.50374150372116,False
D4_M1b_depens,M1b_autonomous_Allee,33.8,51,M1_autonomous_Schaefer,37.671382882725865,267.58422465351134,40.65229685825556,167.4261097649435,False
D4_M1b_depens,M1b_autonomous_Allee,33.8,51,M1b_autonomous_Allee,45.82044354905846,159.74733658525884,40.65229685825556,167.4261097649435,False
D4_M1b_depens,M1b_autonomous_Allee,33.8,51,M2_stockflow_regimeC,37.671382882725865,267.58422465351134,40.65229685825556,167.4261097649435,False
D4_M1b_depens,M1b_autonomous_Allee,33.8,51,M3_AR_residual,38.64305338459427,266.8478274627144,40.65229685825556,167.4261097649435,False
D4_M1b_depens,M1b_autonomous_Allee,33.8,51,M4_delayed_info,49.59190612268598,262.82233020675716,40.65229685825556,167.4261097649435,False
D4_M1b_depens,M1b_autonomous_Allee,33.8,52,M1_autonomous_Schaefer,38.67887473302603,84.16810858673921,35.808687710072654,73.30063017002713,False
D4_M1b_depens,M1b_autonomous_Allee,33.8,52,M1b_autonomous_Allee,39.52089718160451,87.86260873520285,35.808687710072654,73.30063017002713,False
D4_M1b_depens,M1b_autonomous_Allee,33.8,52,M2_stockflow_regimeC,38.67887473302603,84.16810858673921,35.808687710072654,73.30063017002713,False
D4_M1b_depens,M1b_autonomous_Allee,33.8,52,M3_AR_residual,40.0010802734284,84.80951589834172,35.808687710072654,73.30063017002713,False
D4_M1b_depens,M1b_autonomous_Allee,33.8,52,M4_delayed_info,46.35292962245521,92.2023416793559,35.808687710072654,73.30063017002713,False
D4_M1b_depens,M1b_autonomous_Allee,33.8,53,M1_autonomous_Schaefer,31.4571304125646,46.804318124045864,31.335205215409733,48.078761347595965,False
D4_M1b_depens,M1b_autonomous_Allee,33.8,53,M1b_autonomous_Allee,32.37754513745614,47.43787191254736,31.335205215409733,48.078761347595965,False
D4_M1b_depens,M1b_autonomous_Allee,33.8,53,M2_stockflow_regimeC,31.4571304125646,46.804318124045864,31.335205215409733,48.078761347595965,False
D4_M1b_depens,M1b_autonomous_Allee,33.8,53,M3_AR_residual,32.473679775729686,46.40017668502145,31.335205215409733,48.078761347595965,False
D4_M1b_depens,M1b_autonomous_Allee,33.8,53,M4_delayed_info,44.28065773636996,45.49274773406743,31.335205215409733,48.078761347595965,False
D4_M1b_depens,M1b_autonomous_Allee,33.8,54,M1_autonomous_Schaefer,22.09002998249008,63.578060167712145,20.49449927269879,60.25579655292703,False
D4_M1b_depens,M1b_autonomous_Allee,33.8,54,M1b_autonomous_Allee,25.939378527179482,63.61764784565524,20.49449927269879,60.25579655292703,False
D4_M1b_depens,M1b_autonomous_Allee,33.8,54,M2_stockflow_regimeC,22.09002998249008,63.578060167712145,20.49449927269879,60.25579655292703,False
D4_M1b_depens,M1b_autonomous_Allee,33.8,54,M3_AR_residual,22.201673038204053,62.74939796660225,20.49449927269879,60.25579655292703,False
D4_M1b_depens,M1b_autonomous_Allee,33.8,54,M4_delayed_info,27.85351754717865,67.22108802883147,20.49449927269879,60.25579655292703,False
D4_M1b_depens,M1b_autonomous_Allee,33.8,55,M1_autonomous_Schaefer,30.449650924467875,62.59219499949231,30.244043196387054,60.64747507040793,False
D4_M1b_depens,M1b_autonomous_Allee,33.8,55,M1b_autonomous_Allee,31.018150248924865,71.25221718598891,30.244043196387054,60.64747507040793,False
D4_M1b_depens,M1b_autonomous_Allee,33.8,55,M2_stockflow_regimeC,30.449650924467875,62.59219499949231,30.244043196387054,60.64747507040793,False
D4_M1b_depens,M1b_autonomous_Allee,33.8,55,M3_AR_residual,32.087737593455806,63.021493688476,30.244043196387054,60.64747507040793,False
D4_M1b_depens,M1b_autonomous_Allee,33.8,55,M4_delayed_info,41.378315031919925,62.05628330509427,30.244043196387054,60.64747507040793,False
D4_M1b_depens,M1b_autonomous_Allee,33.8,56,M1_autonomous_Schaefer,45.27515972061183,162.32316770698833,43.816319700573274,135.72165214328615,False
D4_M1b_depens,M1b_autonomous_Allee,33.8,56,M1b_autonomous_Allee,53.48701693446003,178.21164117910297,43.816319700573274,135.72165214328615,False
D4_M1b_depens,M1b_autonomous_Allee,33.8,56,M2_stockflow_regimeC,45.27515972061183,162.32316770698833,43.816319700573274,135.72165214328615,False
D4_M1b_depens,M1b_autonomous_Allee,33.8,56,M3_AR_residual,51.48885654386703,161.38366949030788,43.816319700573274,135.72165214328615,False
D4_M1b_depens,M1b_autonomous_Allee,33.8,56,M4_delayed_info,63.49254231101913,151.96146587887725,43.816319700573274,135.72165214328615,False
D4_M1b_depens,M1b_autonomous_Allee,33.8,57,M1_autonomous_Schaefer,29.543795366663733,41.494253523418216,30.05233236894473,44.53349800068834,False
D4_M1b_depens,M1b_autonomous_Allee,33.8,57,M1b_autonomous_Allee,30.273277660074864,41.695060725726535,30.05233236894473,44.53349800068834,False
D4_M1b_depens,M1b_autonomous_Allee,33.8,57,M2_stockflow_regimeC,29.543795366663733,41.494253523418216,30.05233236894473,44.53349800068834,False
D4_M1b_depens,M1b_autonomous_Allee,33.8,57,M3_AR_residual,29.203618181237143,39.65844263052222,30.05233236894473,44.53349800068834,False
D4_M1b_depens,M1b_autonomous_Allee,33.8,57,M4_delayed_info,35.63085667276069,34.1470511265077,30.05233236894473,44.53349800068834,False
D4_M1b_depens,M1b_autonomous_Allee,33.8,58,M1_autonomous_Schaefer,22.42380913883979,48.123257692791235,22.283606026903456,44.80982757239875,False
D4_M1b_depens,M1b_autonomous_Allee,33.8,58,M1b_autonomous_Allee,24.381218055048745,64.31143624358782,22.283606026903456,44.80982757239875,False
D4_M1b_depens,M1b_autonomous_Allee,33.8,58,M2_stockflow_regimeC,22.42380913883979,48.123257692791235,22.283606026903456,44.80982757239875,False
D4_M1b_depens,M1b_autonomous_Allee,33.8,58,M3_AR_residual,23.26366377936104,49.061870553181194,22.283606026903456,44.80982757239875,False
D4_M1b_depens,M1b_autonomous_Allee,33.8,58,M4_delayed_info,29.775640329524794,50.07210764008172,22.283606026903456,44.80982757239875,False
D4_M1b_depens,M1b_autonomous_Allee,33.8,59,M1_autonomous_Schaefer,41.514654994991766,149.65628647512,39.778764815311746,118.06785399257734,False
D4_M1b_depens,M1b_autonomous_Allee,33.8,59,M1b_autonomous_Allee,45.953880888720484,234.60520529679016,39.778764815311746,118.06785399257734,False
D4_M1b_depens,M1b_autonomous_Allee,33.8,59,M2_stockflow_regimeC,41.514654994991766,149.65628647512,39.778764815311746,118.06785399257734,False
D4_M1b_depens,M1b_autonomous_Allee,33.8,59,M3_AR_residual,43.66030494190307,149.6557740516512,39.778764815311746,118.06785399257734,False
D4_M1b_depens,M1b_autonomous_Allee,33.8,59,M4_delayed_info,55.64015105197772,150.08563383774867,39.778764815311746,118.06785399257734,False
D4_M1b_depens,M1b_autonomous_Allee,33.8,60,M1_autonomous_Schaefer,39.11912568477452,156.37652190047228,40.43665132933163,144.99369562056677,False
D4_M1b_depens,M1b_autonomous_Allee,33.8,60,M1b_autonomous_Allee,64.76955710047942,165.40588476175566,40.43665132933163,144.99369562056677,False
D4_M1b_depens,M1b_autonomous_Allee,33.8,60,M2_stockflow_regimeC,39.11912568477452,156.37652190047228,40.43665132933163,144.99369562056677,False
D4_M1b_depens,M1b_autonomous_Allee,33.8,60,M3_AR_residual,45.57395914792895,157.7390085600942,40.43665132933163,144.99369562056677,False
D4_M1b_depens,M1b_autonomous_Allee,33.8,60,M4_delayed_info,50.30402281496267,152.34538896605167,40.43665132933163,144.99369562056677,False
D4_M1b_depens,M1b_autonomous_Allee,33.8,61,M1_autonomous_Schaefer,27.526734936996153,28.919030186623786,28.55454776909229,26.315784146860263,False
D4_M1b_depens,M1b_autonomous_Allee,33.8,61,M1b_autonomous_Allee,27.828357040790287,30.640708576346505,28.55454776909229,26.315784146860263,False
D4_M1b_depens,M1b_autonomous_Allee,33.8,61,M2_stockflow_regimeC,27.526734936996153,28.919030186623786,28.55454776909229,26.315784146860263,False
D4_M1b_depens,M1b_autonomous_Allee,33.8,61,M3_AR_residual,25.41009007779542,28.01230291773248,28.55454776909229,26.315784146860263,False
D4_M1b_depens,M1b_autonomous_Allee,33.8,61,M4_delayed_info,27.814786308103056,27.494931093821606,28.55454776909229,26.315784146860263,False
D4_M1b_depens,M1b_autonomous_Allee,33.8,62,M1_autonomous_Schaefer,30.845217107658122,193.80021830635337,34.659385411566014,135.85903685035683,False
D4_M1b_depens,M1b_autonomous_Allee,33.8,62,M1b_autonomous_Allee,42.36202533683618,133.78686569532107,34.659385411566014,135.85903685035683,False
D4_M1b_depens,M1b_autonomous_Allee,33.8,62,M2_stockflow_regimeC,30.845217107658122,193.80021830635337,34.659385411566014,135.85903685035683,False
D4_M1b_depens,M1b_autonomous_Allee,33.8,62,M3_AR_residual,31.880026843728043,193.60557811250928,34.659385411566014,135.85903685035683,False
D4_M1b_depens,M1b_autonomous_Allee,33.8,62,M4_delayed_info,40.970625293536706,192.56938996480991,34.659385411566014,135.85903685035683,False
D4_M1b_depens,M1b_autonomous_Allee,33.8,63,M1_autonomous_Schaefer,36.36720839795234,63.8131730940804,34.77058137809147,56.36533120298872,False
D4_M1b_depens,M1b_autonomous_Allee,33.8,63,M1b_autonomous_Allee,38.218672579116145,92.49462246719838,34.77058137809147,56.36533120298872,False
D4_M1b_depens,M1b_autonomous_Allee,33.8,63,M2_stockflow_regimeC,36.36720839795234,63.8131730940804,34.77058137809147,56.36533120298872,False
D4_M1b_depens,M1b_autonomous_Allee,33.8,63,M3_AR_residual,38.93043000118566,63.33242123419117,34.77058137809147,56.36533120298872,False
D4_M1b_depens,M1b_autonomous_Allee,33.8,63,M4_delayed_info,48.32697798840435,55.2763446970319,34.77058137809147,56.36533120298872,False
D4_M1b_depens,M1b_autonomous_Allee,33.8,64,M1_autonomous_Schaefer,48.90883350995928,151.00545577564583,42.380869803342435,95.78121257154466,False
D4_M1b_depens,M1b_autonomous_Allee,33.8,64,M1b_autonomous_Allee,52.403682561323365,117.24332284211462,42.380869803342435,95.78121257154466,False
D4_M1b_depens,M1b_autonomous_Allee,33.8,64,M2_stockflow_regimeC,48.90883350995928,151.00545577564583,42.380869803342435,95.78121257154466,False
D4_M1b_depens,M1b_autonomous_Allee,33.8,64,M3_AR_residual,59.03458262767514,151.03130572053172,42.380869803342435,95.78121257154466,False
D4_M1b_depens,M1b_autonomous_Allee,33.8,64,M4_delayed_info,51.47750157088805,144.6587159246873,42.380869803342435,95.78121257154466,False
D4_M1b_depens,M1b_autonomous_Allee,33.8,65,M1_autonomous_Schaefer,32.947887383502,129.90214198213795,30.73070667487538,59.065402279814265,False
D4_M1b_depens,M1b_autonomous_Allee,33.8,65,M1b_autonomous_Allee,35.7053098665082,132.71667912323048,30.73070667487538,59.065402279814265,False
D4_M1b_depens,M1b_autonomous_Allee,33.8,65,M2_stockflow_regimeC,32.947887383502,129.90214198213795,30.73070667487538,59.065402279814265,False
D4_M1b_depens,M1b_autonomous_Allee,33.8,65,M3_AR_residual,34.444568894375394,135.63181935060868,30.73070667487538,59.065402279814265,False
D4_M1b_depens,M1b_autonomous_Allee,33.8,65,M4_delayed_info,40.825954191015754,112.0813496909451,30.73070667487538,59.065402279814265,False
D4_M1b_depens,M1b_autonomous_Allee,33.8,66,M1_autonomous_Schaefer,44.01144804617016,93.32230656355416,39.49122546993429,97.76278515954154,False
D4_M1b_depens,M1b_autonomous_Allee,33.8,66,M1b_autonomous_Allee,44.868174514914166,110.83006386140983,39.49122546993429,97.76278515954154,False
D4_M1b_depens,M1b_autonomous_Allee,33.8,66,M2_stockflow_regimeC,44.01144804617016,93.32230656355416,39.49122546993429,97.76278515954154,False
D4_M1b_depens,M1b_autonomous_Allee,33.8,66,M3_AR_residual,40.81040035808515,96.56350999978777,39.49122546993429,97.76278515954154,False
D4_M1b_depens,M1b_autonomous_Allee,33.8,66,M4_delayed_info,47.309082575366084,93.73074866795437,39.49122546993429,97.76278515954154,False
D4_M1b_depens,M1b_autonomous_Allee,33.8,67,M1_autonomous_Schaefer,31.537896104853953,119.12025180336983,32.60283960345445,124.96517547961984,False
D4_M1b_depens,M1b_autonomous_Allee,33.8,67,M1b_autonomous_Allee,35.081655047290475,190.36545310331843,32.60283960345445,124.96517547961984,False
D4_M1b_depens,M1b_autonomous_Allee,33.8,67,M2_stockflow_regimeC,31.537896104853953,119.12025180336983,32.60283960345445,124.96517547961984,False
D4_M1b_depens,M1b_autonomous_Allee,33.8,67,M3_AR_residual,31.60710485267211,118.94594211546745,32.60283960345445,124.96517547961984,False
D4_M1b_depens,M1b_autonomous_Allee,33.8,67,M4_delayed_info,48.063402106999725,124.44122746782192,32.60283960345445,124.96517547961984,False
D4_M1b_depens,M1b_autonomous_Allee,33.8,68,M1_autonomous_Schaefer,42.15608359509331,170.86429959378077,41.51102608910913,119.65044523046105,False
D4_M1b_depens,M1b_autonomous_Allee,33.8,68,M1b_autonomous_Allee,41.30885173780036,95.79520927998307,41.51102608910913,119.65044523046105,False
D4_M1b_depens,M1b_autonomous_Allee,33.8,68,M2_stockflow_regimeC,42.15608359509331,170.86429959378077,41.51102608910913,119.65044523046105,False
D4_M1b_depens,M1b_autonomous_Allee,33.8,68,M3_AR_residual,44.53895307444678,169.9940487995381,41.51102608910913,119.65044523046105,False
D4_M1b_depens,M1b_autonomous_Allee,33.8,68,M4_delayed_info,56.55084376206254,170.41352305124374,41.51102608910913,119.65044523046105,False
D4_M1b_depens,M1b_autonomous_Allee,33.8,69,M1_autonomous_Schaefer,26.029019377782106,49.86251396778955,25.385788444716347,46.0837085437498,False
D4_M1b_depens,M1b_autonomous_Allee,33.8,69,M1b_autonomous_Allee,27.15611637412735,49.32509719853529,25.385788444716347,46.0837085437498,False
D4_M1b_depens,M1b_autonomous_Allee,33.8,69,M2_stockflow_regimeC,26.029019377782106,49.86251396778955,25.385788444716347,46.0837085437498,False
D4_M1b_depens,M1b_autonomous_Allee,33.8,69,M3_AR_residual,25.197641714442604,50.51972884656798,25.385788444716347,46.0837085437498,False
D4_M1b_depens,M1b_autonomous_Allee,33.8,69,M4_delayed_info,28.00535907467963,50.4054382882657,25.385788444716347,46.0837085437498,False
D4_M1b_depens,M1b_autonomous_Allee,33.8,70,M1_autonomous_Schaefer,37.86929452050605,201.6733970135841,40.11068662708718,147.55376865264907,False
D4_M1b_depens,M1b_autonomous_Allee,33.8,70,M1b_autonomous_Allee,34.82041086697712,234.2735641378664,40.11068662708718,147.55376865264907,False
D4_M1b_depens,M1b_autonomous_Allee,33.8,70,M2_stockflow_regimeC,37.86929452050605,201.6733970135841,40.11068662708718,147.55376865264907,False
D4_M1b_depens,M1b_autonomous_Allee,33.8,70,M3_AR_residual,38.49600822916473,201.24007060951254,40.11068662708718,147.55376865264907,False
D4_M1b_depens,M1b_autonomous_Allee,33.8,70,M4_delayed_info,47.89760525536917,203.10815969537626,40.11068662708718,147.55376865264907,False
D4_M1b_depens,M1b_autonomous_Allee,33.8,71,M1_autonomous_Schaefer,44.15547034108425,154.68444417582901,42.9000163328276,124.87046288339,False
D4_M1b_depens,M1b_autonomous_Allee,33.8,71,M1b_autonomous_Allee,49.915974313919314,125.42777105425377,42.9000163328276,124.87046288339,False
D4_M1b_depens,M1b_autonomous_Allee,33.8,71,M2_stockflow_regimeC,44.15547034108425,154.68444417582901,42.9000163328276,124.87046288339,False
D4_M1b_depens,M1b_autonomous_Allee,33.8,71,M3_AR_residual,45.51328639082094,148.11293668554504,42.9000163328276,124.87046288339,False
D4_M1b_depens,M1b_autonomous_Allee,33.8,71,M4_delayed_info,58.14405344898899,126.98286244577073,42.9000163328276,124.87046288339,False
D4_M1b_depens,M1b_autonomous_Allee,33.8,72,M1_autonomous_Schaefer,23.694610109112435,37.544542623549376,23.24187598524041,31.081882962562737,False
D4_M1b_depens,M1b_autonomous_Allee,33.8,72,M1b_autonomous_Allee,25.23742623539824,41.83032820321156,23.24187598524041,31.081882962562737,False
D4_M1b_depens,M1b_autonomous_Allee,33.8,72,M2_stockflow_regimeC,23.694610109112435,37.544542623549376,23.24187598524041,31.081882962562737,False
D4_M1b_depens,M1b_autonomous_Allee,33.8,72,M3_AR_residual,24.60788264303054,38.93430524270206,23.24187598524041,31.081882962562737,False
D4_M1b_depens,M1b_autonomous_Allee,33.8,72,M4_delayed_info,33.576789896969856,39.935807927062996,23.24187598524041,31.081882962562737,False
D4_M1b_depens,M1b_autonomous_Allee,33.8,73,M1_autonomous_Schaefer,19.67972951994984,22.07520214746392,19.837474855301732,25.56681220210982,False
D4_M1b_depens,M1b_autonomous_Allee,33.8,73,M1b_autonomous_Allee,19.312582006647208,21.715521317834387,19.837474855301732,25.56681220210982,False
D4_M1b_depens,M1b_autonomous_Allee,33.8,73,M2_stockflow_regimeC,19.67972951994984,22.07520214746392,19.837474855301732,25.56681220210982,False
D4_M1b_depens,M1b_autonomous_Allee,33.8,73,M3_AR_residual,19.981093977161457,22.080611529166248,19.837474855301732,25.56681220210982,False
D4_M1b_depens,M1b_autonomous_Allee,33.8,73,M4_delayed_info,27.314899354540422,21.91237384668952,19.837474855301732,25.56681220210982,False
D4_M1b_depens,M1b_autonomous_Allee,33.8,74,M1_autonomous_Schaefer,32.30268083041402,105.74013164556723,37.13602874318918,102.75240102203871,False
D4_M1b_depens,M1b_autonomous_Allee,33.8,74,M1b_autonomous_Allee,34.576454321296346,109.60767285826614,37.13602874318918,102.75240102203871,False
D4_M1b_depens,M1b_autonomous_Allee,33.8,74,M2_stockflow_regimeC,32.30268083041402,105.74013164556723,37.13602874318918,102.75240102203871,False
D4_M1b_depens,M1b_autonomous_Allee,33.8,74,M3_AR_residual,32.44031232123585,106.1266605003962,37.13602874318918,102.75240102203871,False
D4_M1b_depens,M1b_autonomous_Allee,33.8,74,M4_delayed_info,51.31340657696182,110.51793902401756,37.13602874318918,102.75240102203871,False
D4_M1b_depens,M1b_autonomous_Allee,33.8,75,M1_autonomous_Schaefer,25.457239193901234,63.52345870751001,24.825380612284444,58.4249367696228,False
D4_M1b_depens,M1b_autonomous_Allee,33.8,75,M1b_autonomous_Allee,26.043252325056574,63.72920390793025,24.825380612284444,58.4249367696228,False
D4_M1b_depens,M1b_autonomous_Allee,33.8,75,M2_stockflow_regimeC,25.457239193901234,63.52345870751001,24.825380612284444,58.4249367696228,False
D4_M1b_depens,M1b_autonomous_Allee,33.8,75,M3_AR_residual,27.577145634397844,68.74464683591773,24.825380612284444,58.4249367696228,False
D4_M1b_depens,M1b_autonomous_Allee,33.8,75,M4_delayed_info,35.57234117227723,66.54448096827856,24.825380612284444,58.4249367696228,False
D4_M1b_depens,M1b_autonomous_Allee,33.8,76,M1_autonomous_Schaefer,37.92161659325009,89.72619425611198,36.56509252684588,94.01968544848853,False
D4_M1b_depens,M1b_autonomous_Allee,33.8,76,M1b_autonomous_Allee,39.75807036957198,113.94688590402477,36.56509252684588,94.01968544848853,False
D4_M1b_depens,M1b_autonomous_Allee,33.8,76,M2_stockflow_regimeC,37.92161659325009,89.72619425611198,36.56509252684588,94.01968544848853,False
D4_M1b_depens,M1b_autonomous_Allee,33.8,76,M3_AR_residual,35.66201325855407,89.70240424257733,36.56509252684588,94.01968544848853,False
D4_M1b_depens,M1b_autonomous_Allee,33.8,76,M4_delayed_info,33.93084488272995,90.84375912134158,36.56509252684588,94.01968544848853,False
D4_M1b_depens,M1b_autonomous_Allee,33.8,77,M1_autonomous_Schaefer,25.580547570818904,86.04520793382939,20.128287637335298,51.12623835420781,False
D4_M1b_depens,M1b_autonomous_Allee,33.8,77,M1b_autonomous_Allee,26.358027115117086,113.18946862963007,20.128287637335298,51.12623835420781,False
D4_M1b_depens,M1b_autonomous_Allee,33.8,77,M2_stockflow_regimeC,25.580547570818904,86.04520793382939,20.128287637335298,51.12623835420781,False
D4_M1b_depens,M1b_autonomous_Allee,33.8,77,M3_AR_residual,27.384687464453858,86.25546168075832,20.128287637335298,51.12623835420781,False
D4_M1b_depens,M1b_autonomous_Allee,33.8,77,M4_delayed_info,34.868123438050176,90.12809347368649,20.128287637335298,51.12623835420781,False
D4_M1b_depens,M1b_autonomous_Allee,33.8,78,M1_autonomous_Schaefer,31.151405729629932,50.419459517647084,30.99259599474338,46.02332454005251,False
D4_M1b_depens,M1b_autonomous_Allee,33.8,78,M1b_autonomous_Allee,30.94082498132349,51.904304281165906,30.99259599474338,46.02332454005251,False
D4_M1b_depens,M1b_autonomous_Allee,33.8,78,M2_stockflow_regimeC,31.151405729629932,50.419459517647084,30.99259599474338,46.02332454005251,False
D4_M1b_depens,M1b_autonomous_Allee,33.8,78,M3_AR_residual,32.590220099042966,50.96212613885679,30.99259599474338,46.02332454005251,False
D4_M1b_depens,M1b_autonomous_Allee,33.8,78,M4_delayed_info,42.03157309902051,50.38834458673076,30.99259599474338,46.02332454005251,False
D4_M1b_depens,M1b_autonomous_Allee,33.8,79,M1_autonomous_Schaefer,24.20697063481935,40.63131489324009,23.9853416090049,45.68936783637798,False
D4_M1b_depens,M1b_autonomous_Allee,33.8,79,M1b_autonomous_Allee,26.098238832886004,47.95984420452033,23.9853416090049,45.68936783637798,False
D4_M1b_depens,M1b_autonomous_Allee,33.8,79,M2_stockflow_regimeC,24.20697063481935,40.63131489324009,23.9853416090049,45.68936783637798,False
D4_M1b_depens,M1b_autonomous_Allee,33.8,79,M3_AR_residual,26.235354211963976,40.81899153568334,23.9853416090049,45.68936783637798,False
D4_M1b_depens,M1b_autonomous_Allee,33.8,79,M4_delayed_info,28.312792854021527,43.64886729184902,23.9853416090049,45.68936783637798,False
D4_M1b_depens,M1b_autonomous_Allee,33.8,80,M1_autonomous_Schaefer,28.162485449008997,67.13136037445794,28.510848455971157,69.38806995549466,False
D4_M1b_depens,M1b_autonomous_Allee,33.8,80,M1b_autonomous_Allee,28.755422492934038,69.97855537802145,28.510848455971157,69.38806995549466,False
D4_M1b_depens,M1b_autonomous_Allee,33.8,80,M2_stockflow_regimeC,28.162485449008997,67.13136037445794,28.510848455971157,69.38806995549466,False
D4_M1b_depens,M1b_autonomous_Allee,33.8,80,M3_AR_residual,32.69179522002253,67.51741702992014,28.510848455971157,69.38806995549466,False
D4_M1b_depens,M1b_autonomous_Allee,33.8,80,M4_delayed_info,45.48307159171259,65.93311309868591,28.510848455971157,69.38806995549466,False
D4_M1b_depens,M1b_autonomous_Allee,33.8,81,M1_autonomous_Schaefer,37.350263440197935,82.36112197240645,39.164856205510155,89.8742652510419,False
D4_M1b_depens,M1b_autonomous_Allee,33.8,81,M1b_autonomous_Allee,39.42503483817861,154.33513484385668,39.164856205510155,89.8742652510419,False
D4_M1b_depens,M1b_autonomous_Allee,33.8,81,M2_stockflow_regimeC,37.350263440197935,82.36112197240645,39.164856205510155,89.8742652510419,False
D4_M1b_depens,M1b_autonomous_Allee,33.8,81,M3_AR_residual,40.25795074625617,85.89949782850577,39.164856205510155,89.8742652510419,False
D4_M1b_depens,M1b_autonomous_Allee,33.8,81,M4_delayed_info,49.58076695764265,93.86181333891406,39.164856205510155,89.8742652510419,False
D4_M1b_depens,M1b_autonomous_Allee,33.8,82,M1_autonomous_Schaefer,14.361216439352066,20.57073933018342,15.212904841153073,23.370690709688862,True
D4_M1b_depens,M1b_autonomous_Allee,33.8,82,M1b_autonomous_Allee,14.121631242538134,18.528831240631224,15.212904841153073,23.370690709688862,False
D4_M1b_depens,M1b_autonomous_Allee,33.8,82,M2_stockflow_regimeC,14.361216439352066,20.57073933018342,15.212904841153073,23.370690709688862,False
D4_M1b_depens,M1b_autonomous_Allee,33.8,82,M3_AR_residual,14.59511922474477,21.02995494273049,15.212904841153073,23.370690709688862,False
D4_M1b_depens,M1b_autonomous_Allee,33.8,82,M4_delayed_info,19.759843819248015,19.81376183057098,15.212904841153073,23.370690709688862,False
D4_M1b_depens,M1b_autonomous_Allee,33.8,83,M1_autonomous_Schaefer,40.51996156548626,121.68052384687873,43.749511519425624,120.07393196084263,False
D4_M1b_depens,M1b_autonomous_Allee,33.8,83,M1b_autonomous_Allee,37.43536580625933,107.52412061961823,43.749511519425624,120.07393196084263,True
D4_M1b_depens,M1b_autonomous_Allee,33.8,83,M2_stockflow_regimeC,40.51996156548626,121.68052384687873,43.749511519425624,120.07393196084263,False
D4_M1b_depens,M1b_autonomous_Allee,33.8,83,M3_AR_residual,39.31460724094326,121.28728480997948,43.749511519425624,120.07393196084263,False
D4_M1b_depens,M1b_autonomous_Allee,33.8,83,M4_delayed_info,41.66202214573216,120.97597350544571,43.749511519425624,120.07393196084263,False
D4_M1b_depens,M1b_autonomous_Allee,33.8,84,M1_autonomous_Schaefer,33.23986597791884,70.39326745064909,31.470019478412908,67.5181318760292,False
D4_M1b_depens,M1b_autonomous_Allee,33.8,84,M1b_autonomous_Allee,35.90603178041569,105.98553635962709,31.470019478412908,67.5181318760292,False
D4_M1b_depens,M1b_autonomous_Allee,33.8,84,M2_stockflow_regimeC,33.23986597791884,70.39326745064909,31.470019478412908,67.5181318760292,False
D4_M1b_depens,M1b_autonomous_Allee,33.8,84,M3_AR_residual,33.60301246799441,70.83453443211391,31.470019478412908,67.5181318760292,False
D4_M1b_depens,M1b_autonomous_Allee,33.8,84,M4_delayed_info,43.533414483148746,70.3518977320393,31.470019478412908,67.5181318760292,False
D4_M1b_depens,M1b_autonomous_Allee,33.8,85,M1_autonomous_Schaefer,25.096551500392327,69.26842152205579,23.873065176019942,58.45966376116753,False
D4_M1b_depens,M1b_autonomous_Allee,33.8,85,M1b_autonomous_Allee,27.18679864947789,133.13707174732195,23.873065176019942,58.45966376116753,False
D4_M1b_depens,M1b_autonomous_Allee,33.8,85,M2_stockflow_regimeC,25.096551500392327,69.26842152205579,23.873065176019942,58.45966376116753,False
D4_M1b_depens,M1b_autonomous_Allee,33.8,85,M3_AR_residual,25.164314339430415,69.10861801955434,23.873065176019942,58.45966376116753,False
D4_M1b_depens,M1b_autonomous_Allee,33.8,85,M4_delayed_info,34.22716606233721,75.70982860600407,23.873065176019942,58.45966376116753,False
D4_M1b_depens,M1b_autonomous_Allee,33.8,86,M1_autonomous_Schaefer,29.235833598647865,75.70362825402367,29.099375809632246,84.45623168296714,False
D4_M1b_depens,M1b_autonomous_Allee,33.8,86,M1b_autonomous_Allee,33.310466538585025,107.24329541567099,29.099375809632246,84.45623168296714,False
D4_M1b_depens,M1b_autonomous_Allee,33.8,86,M2_stockflow_regimeC,29.235833598647865,75.70362825402367,29.099375809632246,84.45623168296714,False
D4_M1b_depens,M1b_autonomous_Allee,33.8,86,M3_AR_residual,29.27987104798926,74.62454212845158,29.099375809632246,84.45623168296714,False
D4_M1b_depens,M1b_autonomous_Allee,33.8,86,M4_delayed_info,34.97301789424815,74.31651657541767,29.099375809632246,84.45623168296714,False
D4_M1b_depens,M1b_autonomous_Allee,33.8,87,M1_autonomous_Schaefer,30.44844687837647,189.94774502037257,33.10744943219201,126.86384479658513,False
D4_M1b_depens,M1b_autonomous_Allee,33.8,87,M1b_autonomous_Allee,33.25124512043708,119.39876963580637,33.10744943219201,126.86384479658513,False
D4_M1b_depens,M1b_autonomous_Allee,33.8,87,M2_stockflow_regimeC,30.44844687837647,189.94774502037257,33.10744943219201,126.86384479658513,False
D4_M1b_depens,M1b_autonomous_Allee,33.8,87,M3_AR_residual,33.21339163961287,191.681964975314,33.10744943219201,126.86384479658513,False
D4_M1b_depens,M1b_autonomous_Allee,33.8,87,M4_delayed_info,41.3068293670422,198.89080939647414,33.10744943219201,126.86384479658513,False
D4_M1b_depens,M1b_autonomous_Allee,33.8,88,M1_autonomous_Schaefer,30.650751081203694,45.895110030088425,30.132184919468806,42.9523544617813,False
D4_M1b_depens,M1b_autonomous_Allee,33.8,88,M1b_autonomous_Allee,31.652545521078252,63.85910226555983,30.132184919468806,42.9523544617813,False
D4_M1b_depens,M1b_autonomous_Allee,33.8,88,M2_stockflow_regimeC,30.650751081203694,45.895110030088425,30.132184919468806,42.9523544617813,False
D4_M1b_depens,M1b_autonomous_Allee,33.8,88,M3_AR_residual,30.78663866099604,50.952614491888845,30.132184919468806,42.9523544617813,False
D4_M1b_depens,M1b_autonomous_Allee,33.8,88,M4_delayed_info,39.79241133308933,47.824311793891006,30.132184919468806,42.9523544617813,False
D4_M1b_depens,M1b_autonomous_Allee,33.8,89,M1_autonomous_Schaefer,35.931144786434665,107.70120372981346,34.9182563723438,94.18282919260507,False
D4_M1b_depens,M1b_autonomous_Allee,33.8,89,M1b_autonomous_Allee,36.91934530198941,91.72820276781295,34.9182563723438,94.18282919260507,False
D4_M1b_depens,M1b_autonomous_Allee,33.8,89,M2_stockflow_regimeC,35.931144786434665,107.70120372981346,34.9182563723438,94.18282919260507,False
D4_M1b_depens,M1b_autonomous_Allee,33.8,89,M3_AR_residual,36.74038528493217,107.94810684398001,34.9182563723438,94.18282919260507,False
D4_M1b_depens,M1b_autonomous_Allee,33.8,89,M4_delayed_info,42.56012049875894,106.29472055696839,34.9182563723438,94.18282919260507,False
D4_M1b_depens,M1b_autonomous_Allee,33.8,90,M1_autonomous_Schaefer,9.886309942812513,16.52109092619712,10.340998086153597,18.307518607426278,False
D4_M1b_depens,M1b_autonomous_Allee,33.8,90,M1b_autonomous_Allee,9.884335285370069,15.620020320542435,10.340998086153597,18.307518607426278,False
D4_M1b_depens,M1b_autonomous_Allee,33.8,90,M2_stockflow_regimeC,9.886309942812513,16.52109092619712,10.340998086153597,18.307518607426278,False
D4_M1b_depens,M1b_autonomous_Allee,33.8,90,M3_AR_residual,10.086314210395305,16.642739126245466,10.340998086153597,18.307518607426278,False
D4_M1b_depens,M1b_autonomous_Allee,33.8,90,M4_delayed_info,13.076415273605626,15.726540259814834,10.340998086153597,18.307518607426278,False
D4_M1b_depens,M1b_autonomous_Allee,33.8,91,M1_autonomous_Schaefer,50.024218504584766,453.52382912124585,44.75570076028913,137.74304375034097,False
D4_M1b_depens,M1b_autonomous_Allee,33.8,91,M1b_autonomous_Allee,53.48457594753946,403.58374680433474,44.75570076028913,137.74304375034097,False
D4_M1b_depens,M1b_autonomous_Allee,33.8,91,M2_stockflow_regimeC,50.024218504584766,453.52382912124585,44.75570076028913,137.74304375034097,False
D4_M1b_depens,M1b_autonomous_Allee,33.8,91,M3_AR_residual,49.99718803497798,436.3083475704466,44.75570076028913,137.74304375034097,False
D4_M1b_depens,M1b_autonomous_Allee,33.8,91,M4_delayed_info,60.26202460477677,287.86150797660054,44.75570076028913,137.74304375034097,False
D4_M1b_depens,M1b_autonomous_Allee,33.8,92,M1_autonomous_Schaefer,38.5829750556358,111.19965666264164,36.04222279848129,113.99566301441048,False
D4_M1b_depens,M1b_autonomous_Allee,33.8,92,M1b_autonomous_Allee,40.50033199806528,130.85321042160058,36.04222279848129,113.99566301441048,False
D4_M1b_depens,M1b_autonomous_Allee,33.8,92,M2_stockflow_regimeC,38.5829750556358,111.19965666264164,36.04222279848129,113.99566301441048,False
D4_M1b_depens,M1b_autonomous_Allee,33.8,92,M3_AR_residual,37.920799644000304,110.47235959695773,36.04222279848129,113.99566301441048,False
D4_M1b_depens,M1b_autonomous_Allee,33.8,92,M4_delayed_info,46.458899685385376,115.37186393955616,36.04222279848129,113.99566301441048,False
D4_M1b_depens,M1b_autonomous_Allee,33.8,93,M1_autonomous_Schaefer,29.67687423086736,80.56707681570433,28.725040659399774,49.85857986459005,False
D4_M1b_depens,M1b_autonomous_Allee,33.8,93,M1b_autonomous_Allee,29.761664199411374,89.6473187878662,28.725040659399774,49.85857986459005,False
D4_M1b_depens,M1b_autonomous_Allee,33.8,93,M2_stockflow_regimeC,29.67687423086736,80.56707681570433,28.725040659399774,49.85857986459005,False
D4_M1b_depens,M1b_autonomous_Allee,33.8,93,M3_AR_residual,29.355140830287464,75.73941568765109,28.725040659399774,49.85857986459005,False
D4_M1b_depens,M1b_autonomous_Allee,33.8,93,M4_delayed_info,40.61105362393173,58.59811973789349,28.725040659399774,49.85857986459005,False
D4_M1b_depens,M1b_autonomous_Allee,33.8,94,M1_autonomous_Schaefer,43.32253612319654,90.95393451586432,46.35766821952179,122.70580506812331,True
D4_M1b_depens,M1b_autonomous_Allee,33.8,94,M1b_autonomous_Allee,43.52612478021608,103.95685269954728,46.35766821952179,122.70580506812331,False
D4_M1b_depens,M1b_autonomous_Allee,33.8,94,M2_stockflow_regimeC,43.32253612319654,90.95393451586432,46.35766821952179,122.70580506812331,False
D4_M1b_depens,M1b_autonomous_Allee,33.8,94,M3_AR_residual,44.22211584656676,91.14777264438912,46.35766821952179,122.70580506812331,False
D4_M1b_depens,M1b_autonomous_Allee,33.8,94,M4_delayed_info,50.663907063545366,92.78438753528732,46.35766821952179,122.70580506812331,False
D4_M1b_depens,M1b_autonomous_Allee,33.8,95,M1_autonomous_Schaefer,22.00048838885179,60.1198645443673,21.557551620862228,54.37725721773269,False
D4_M1b_depens,M1b_autonomous_Allee,33.8,95,M1b_autonomous_Allee,22.19895829566145,60.13219127105433,21.557551620862228,54.37725721773269,False
D4_M1b_depens,M1b_autonomous_Allee,33.8,95,M2_stockflow_regimeC,22.00048838885179,60.1198645443673,21.557551620862228,54.37725721773269,False
D4_M1b_depens,M1b_autonomous_Allee,33.8,95,M3_AR_residual,22.466326949590766,60.38413991698054,21.557551620862228,54.37725721773269,False
D4_M1b_depens,M1b_autonomous_Allee,33.8,95,M4_delayed_info,34.04587819323192,61.48698974077799,21.557551620862228,54.37725721773269,False
D4_M1b_depens,M1b_autonomous_Allee,33.8,96,M1_autonomous_Schaefer,54.677609790496675,107.95988309133682,50.96330731891177,99.88643973216489,False
D4_M1b_depens,M1b_autonomous_Allee,33.8,96,M1b_autonomous_Allee,57.18159736130265,110.54173087638665,50.96330731891177,99.88643973216489,False
D4_M1b_depens,M1b_autonomous_Allee,33.8,96,M2_stockflow_regimeC,54.677609790496675,107.95988309133682,50.96330731891177,99.88643973216489,False
D4_M1b_depens,M1b_autonomous_Allee,33.8,96,M3_AR_residual,59.18905266287732,107.65066800822233,50.96330731891177,99.88643973216489,False
D4_M1b_depens,M1b_autonomous_Allee,33.8,96,M4_delayed_info,63.90626956437563,103.99756879487407,50.96330731891177,99.88643973216489,False
D4_M1b_depens,M1b_autonomous_Allee,33.8,97,M1_autonomous_Schaefer,30.517299119423566,85.26356148983884,28.155252138498284,79.44815395475028,False
D4_M1b_depens,M1b_autonomous_Allee,33.8,97,M1b_autonomous_Allee,28.75106865940488,86.21818140356312,28.155252138498284,79.44815395475028,False
D4_M1b_depens,M1b_autonomous_Allee,33.8,97,M2_stockflow_regimeC,30.517299119423566,85.26356148983884,28.155252138498284,79.44815395475028,False
D4_M1b_depens,M1b_autonomous_Allee,33.8,97,M3_AR_residual,34.0649395083037,85.9457370031014,28.155252138498284,79.44815395475028,False
D4_M1b_depens,M1b_autonomous_Allee,33.8,97,M4_delayed_info,43.940499203923466,89.36793570024645,28.155252138498284,79.44815395475028,False
D4_M1b_depens,M1b_autonomous_Allee,33.8,98,M1_autonomous_Schaefer,20.005790567329637,28.015236865984885,20.82596858075601,33.92745133403252,False
D4_M1b_depens,M1b_autonomous_Allee,33.8,98,M1b_autonomous_Allee,21.023520373814197,33.118732449123016,20.82596858075601,33.92745133403252,False
D4_M1b_depens,M1b_autonomous_Allee,33.8,98,M2_stockflow_regimeC,20.005790567329637,28.015236865984885,20.82596858075601,33.92745133403252,False
D4_M1b_depens,M1b_autonomous_Allee,33.8,98,M3_AR_residual,23.050790736299152,28.02822331943593,20.82596858075601,33.92745133403252,False
D4_M1b_depens,M1b_autonomous_Allee,33.8,98,M4_delayed_info,29.688525541862603,30.088737161729114,20.82596858075601,33.92745133403252,False
D4_M1b_depens,M1b_autonomous_Allee,33.8,99,M1_autonomous_Schaefer,25.424131204145866,44.085205767974706,24.607803277017887,43.11329070120765,False
D4_M1b_depens,M1b_autonomous_Allee,33.8,99,M1b_autonomous_Allee,26.4599927969328,102.6914764749406,24.607803277017887,43.11329070120765,False
D4_M1b_depens,M1b_autonomous_Allee,33.8,99,M2_stockflow_regimeC,25.424131204145866,44.085205767974706,24.607803277017887,43.11329070120765,False
D4_M1b_depens,M1b_autonomous_Allee,33.8,99,M3_AR_residual,26.000243653535467,43.968973093467326,24.607803277017887,43.11329070120765,False
D4_M1b_depens,M1b_autonomous_Allee,33.8,99,M4_delayed_info,34.74659171020289,39.10585953767074,24.607803277017887,43.11329070120765,False
D5_persist_null,,11.8,0,M1_autonomous_Schaefer,13.20286207194195,33.17095560967566,13.098589552845981,31.728274265085528,False
D5_persist_null,,11.8,0,M1b_autonomous_Allee,13.747149046195876,40.74808814395233,13.098589552845981,31.728274265085528,False
D5_persist_null,,11.8,0,M2_stockflow_regimeC,13.20286207194195,33.17095560967566,13.098589552845981,31.728274265085528,False
D5_persist_null,,11.8,0,M3_AR_residual,14.160747412372665,33.230822888174906,13.098589552845981,31.728274265085528,False
D5_persist_null,,11.8,0,M4_delayed_info,20.696769894173727,36.240240006308596,13.098589552845981,31.728274265085528,False
D5_persist_null,,11.8,1,M1_autonomous_Schaefer,14.371503666411163,32.104661363884986,14.290282639954215,31.466478605074116,False
D5_persist_null,,11.8,1,M1b_autonomous_Allee,14.722567311723424,38.360541310450884,14.290282639954215,31.466478605074116,False
D5_persist_null,,11.8,1,M2_stockflow_regimeC,14.371503666411163,32.104661363884986,14.290282639954215,31.466478605074116,False
D5_persist_null,,11.8,1,M3_AR_residual,14.830295110908304,32.61360755256353,14.290282639954215,31.466478605074116,False
D5_persist_null,,11.8,1,M4_delayed_info,17.82222408455711,32.881876789156436,14.290282639954215,31.466478605074116,False
D5_persist_null,,11.8,2,M1_autonomous_Schaefer,11.141995599995768,16.84100868684468,11.02646928697231,16.193901859743853,False
D5_persist_null,,11.8,2,M1b_autonomous_Allee,11.848316786477648,24.526837370724568,11.02646928697231,16.193901859743853,False
D5_persist_null,,11.8,2,M2_stockflow_regimeC,11.141995599995768,16.84100868684468,11.02646928697231,16.193901859743853,False
D5_persist_null,,11.8,2,M3_AR_residual,11.401704930765963,17.55869700453366,11.02646928697231,16.193901859743853,False
D5_persist_null,,11.8,2,M4_delayed_info,12.55685991116266,17.158001533456996,11.02646928697231,16.193901859743853,False
D5_persist_null,,11.8,3,M1_autonomous_Schaefer,13.69605544470359,42.06330857930944,13.9874894074021,43.47658738445926,False
D5_persist_null,,11.8,3,M1b_autonomous_Allee,14.125638606417693,49.330743387001846,13.9874894074021,43.47658738445926,False
D5_persist_null,,11.8,3,M2_stockflow_regimeC,13.69605544470359,42.06330857930944,13.9874894074021,43.47658738445926,False
D5_persist_null,,11.8,3,M3_AR_residual,14.489911560695607,44.238282318082724,13.9874894074021,43.47658738445926,False
D5_persist_null,,11.8,3,M4_delayed_info,17.621563487680298,44.9169893213123,13.9874894074021,43.47658738445926,False
D5_persist_null,,11.8,4,M1_autonomous_Schaefer,13.450568373456822,35.13378762413968,13.332818662390713,33.75341397334308,False
D5_persist_null,,11.8,4,M1b_autonomous_Allee,13.934774843688626,39.79648360383173,13.332818662390713,33.75341397334308,False
D5_persist_null,,11.8,4,M2_stockflow_regimeC,13.450568373456822,35.13378762413968,13.332818662390713,33.75341397334308,False
D5_persist_null,,11.8,4,M3_AR_residual,13.955428547373085,37.287525116983026,13.332818662390713,33.75341397334308,False
D5_persist_null,,11.8,4,M4_delayed_info,19.013826718352135,38.66704078742838,13.332818662390713,33.75341397334308,False
D5_persist_null,,11.8,5,M1_autonomous_Schaefer,10.716300211920803,19.839489241412032,10.696253875602938,20.308676087692433,False
D5_persist_null,,11.8,5,M1b_autonomous_Allee,11.035081861052099,30.03349504535547,10.696253875602938,20.308676087692433,False
D5_persist_null,,11.8,5,M2_stockflow_regimeC,10.716300211920803,19.839489241412032,10.696253875602938,20.308676087692433,False
D5_persist_null,,11.8,5,M3_AR_residual,11.136021854531528,20.05235097671301,10.696253875602938,20.308676087692433,False
D5_persist_null,,11.8,5,M4_delayed_info,14.317992218932675,21.532325183009707,10.696253875602938,20.308676087692433,False
D5_persist_null,,11.8,6,M1_autonomous_Schaefer,11.780006826828053,20.626235564302124,11.638482396298201,22.247038057465858,False
D5_persist_null,,11.8,6,M1b_autonomous_Allee,11.70810343304264,20.43444831021725,11.638482396298201,22.247038057465858,False
D5_persist_null,,11.8,6,M2_stockflow_regimeC,11.780006826828053,20.626235564302124,11.638482396298201,22.247038057465858,False
D5_persist_null,,11.8,6,M3_AR_residual,11.531149233364632,20.19241411980664,11.638482396298201,22.247038057465858,False
D5_persist_null,,11.8,6,M4_delayed_info,14.013873123904116,22.324731697726214,11.638482396298201,22.247038057465858,False
D5_persist_null,,11.8,7,M1_autonomous_Schaefer,11.881217846527239,25.32922768048576,11.82820091886054,25.899292234968396,False
D5_persist_null,,11.8,7,M1b_autonomous_Allee,12.7588869725656,37.14698561359555,11.82820091886054,25.899292234968396,False
D5_persist_null,,11.8,7,M2_stockflow_regimeC,11.881217846527239,25.32922768048576,11.82820091886054,25.899292234968396,False
D5_persist_null,,11.8,7,M3_AR_residual,12.129546580575775,26.227259153713113,11.82820091886054,25.899292234968396,False
D5_persist_null,,11.8,7,M4_delayed_info,17.72130044146684,32.564759666299125,11.82820091886054,25.899292234968396,False
D5_persist_null,,11.8,8,M1_autonomous_Schaefer,10.971814228927837,24.508210229556994,10.6801008810461,20.84684044415794,False
D5_persist_null,,11.8,8,M1b_autonomous_Allee,11.020831136572069,23.003182974367093,10.6801008810461,20.84684044415794,False
D5_persist_null,,11.8,8,M2_stockflow_regimeC,10.971814228927837,24.508210229556994,10.6801008810461,20.84684044415794,False
D5_persist_null,,11.8,8,M3_AR_residual,11.664904387522164,24.53389225002702,10.6801008810461,20.84684044415794,False
D5_persist_null,,11.8,8,M4_delayed_info,16.231863061647513,26.094917491137657,10.6801008810461,20.84684044415794,False
D5_persist_null,,11.8,9,M1_autonomous_Schaefer,9.27664540841684,24.450229641156938,9.318830254221197,24.545338006115898,False
D5_persist_null,,11.8,9,M1b_autonomous_Allee,9.95470921265202,30.353970570314168,9.318830254221197,24.545338006115898,False
D5_persist_null,,11.8,9,M2_stockflow_regimeC,9.27664540841684,24.450229641156938,9.318830254221197,24.545338006115898,False
D5_persist_null,,11.8,9,M3_AR_residual,9.803876740683704,28.138875686852682,9.318830254221197,24.545338006115898,False
D5_persist_null,,11.8,9,M4_delayed_info,12.100417402331898,26.86589398186438,9.318830254221197,24.545338006115898,False
D5_persist_null,,11.8,10,M1_autonomous_Schaefer,15.438382762015078,35.487690184681966,15.39650451851702,34.63953175980006,False
D5_persist_null,,11.8,10,M1b_autonomous_Allee,16.01308479630883,35.402732387732115,15.39650451851702,34.63953175980006,False
D5_persist_null,,11.8,10,M2_stockflow_regimeC,15.438382762015078,35.487690184681966,15.39650451851702,34.63953175980006,False
D5_persist_null,,11.8,10,M3_AR_residual,16.08436668800419,35.99878350028868,15.39650451851702,34.63953175980006,False
D5_persist_null,,11.8,10,M4_delayed_info,23.00956796235872,40.030427805515174,15.39650451851702,34.63953175980006,False
D5_persist_null,,11.8,11,M1_autonomous_Schaefer,9.533168121258958,27.928156087801856,9.388863458155036,26.329566862950823,False
D5_persist_null,,11.8,11,M1b_autonomous_Allee,9.474085044197603,26.052798269539515,9.388863458155036,26.329566862950823,False
D5_persist_null,,11.8,11,M2_stockflow_regimeC,9.533168121258958,27.928156087801856,9.388863458155036,26.329566862950823,False
D5_persist_null,,11.8,11,M3_AR_residual,10.390037085079259,27.81665338457754,9.388863458155036,26.329566862950823,False
D5_persist_null,,11.8,11,M4_delayed_info,15.401963171079501,32.335995679984514,9.388863458155036,26.329566862950823,False
D5_persist_null,,11.8,12,M1_autonomous_Schaefer,13.354550091228582,22.71419629848767,13.636612748529187,23.89153911422716,False
D5_persist_null,,11.8,12,M1b_autonomous_Allee,13.787788656719835,26.452065816199994,13.636612748529187,23.89153911422716,False
D5_persist_null,,11.8,12,M2_stockflow_regimeC,13.354550091228582,22.71419629848767,13.636612748529187,23.89153911422716,False
D5_persist_null,,11.8,12,M3_AR_residual,13.682190763824433,22.781505260873317,13.636612748529187,23.89153911422716,False
D5_persist_null,,11.8,12,M4_delayed_info,18.471288254947826,22.207380329596464,13.636612748529187,23.89153911422716,False
D5_persist_null,,11.8,13,M1_autonomous_Schaefer,13.26938834451947,25.852208584580733,12.396637444320271,18.737286354628925,False
D5_persist_null,,11.8,13,M1b_autonomous_Allee,12.958228618318243,25.03722358076096,12.396637444320271,18.737286354628925,False
D5_persist_null,,11.8,13,M2_stockflow_regimeC,13.26938834451947,25.852208584580733,12.396637444320271,18.737286354628925,False
D5_persist_null,,11.8,13,M3_AR_residual,13.279473624040396,25.875346056504597,12.396637444320271,18.737286354628925,False
D5_persist_null,,11.8,13,M4_delayed_info,17.059410718709515,29.00264256276066,12.396637444320271,18.737286354628925,False
D5_persist_null,,11.8,14,M1_autonomous_Schaefer,11.33855446369808,26.955611715832248,11.529662061640217,25.36886139920762,False
D5_persist_null,,11.8,14,M1b_autonomous_Allee,12.756876669050426,52.9368535177579,11.529662061640217,25.36886139920762,False
D5_persist_null,,11.8,14,M2_stockflow_regimeC,11.33855446369808,26.955611715832248,11.529662061640217,25.36886139920762,False
D5_persist_null,,11.8,14,M3_AR_residual,11.514931448913963,26.577504322092633,11.529662061640217,25.36886139920762,False
D5_persist_null,,11.8,14,M4_delayed_info,15.48993866190111,23.210650337089323,11.529662061640217,25.36886139920762,False
D5_persist_null,,11.8,15,M1_autonomous_Schaefer,11.636831015155988,36.70887133776763,11.471215922442141,34.66849437651182,False
D5_persist_null,,11.8,15,M1b_autonomous_Allee,11.817995857391926,37.8327202523796,11.471215922442141,34.66849437651182,False
D5_persist_null,,11.8,15,M2_stockflow_regimeC,11.636831015155988,36.70887133776763,11.471215922442141,34.66849437651182,False
D5_persist_null,,11.8,15,M3_AR_residual,11.57564704603905,36.66570132725015,11.471215922442141,34.66849437651182,False
D5_persist_null,,11.8,15,M4_delayed_info,15.09786236908125,37.866364132188295,11.471215922442141,34.66849437651182,False
D5_persist_null,,11.8,16,M1_autonomous_Schaefer,12.509798993419466,22.078690344335794,12.872626455247797,25.895869709561588,False
D5_persist_null,,11.8,16,M1b_autonomous_Allee,12.564206226091402,25.38291338341026,12.872626455247797,25.895869709561588,False
D5_persist_null,,11.8,16,M2_stockflow_regimeC,12.509798993419466,22.078690344335794,12.872626455247797,25.895869709561588,False
D5_persist_null,,11.8,16,M3_AR_residual,12.422453226511491,21.929648918245704,12.872626455247797,25.895869709561588,False
D5_persist_null,,11.8,16,M4_delayed_info,15.833621823203272,22.993853240554657,12.872626455247797,25.895869709561588,False
D5_persist_null,,11.8,17,M1_autonomous_Schaefer,15.210456012170903,28.283350740927098,14.93039413653237,26.648191955570763,False
D5_persist_null,,11.8,17,M1b_autonomous_Allee,16.209143726364598,41.20831526534871,14.93039413653237,26.648191955570763,False
D5_persist_null,,11.8,17,M2_stockflow_regimeC,15.210456012170903,28.283350740927098,14.93039413653237,26.648191955570763,False
D5_persist_null,,11.8,17,M3_AR_residual,16.12917924499001,29.151907445799928,14.93039413653237,26.648191955570763,False
D5_persist_null,,11.8,17,M4_delayed_info,22.06068931183526,30.957259426429943,14.93039413653237,26.648191955570763,False
D5_persist_null,,11.8,18,M1_autonomous_Schaefer,12.644149974328151,14.40626992791796,13.27752943698899,15.16201366680438,False
D5_persist_null,,11.8,18,M1b_autonomous_Allee,13.06720885515778,18.070288790282273,13.27752943698899,15.16201366680438,False
D5_persist_null,,11.8,18,M2_stockflow_regimeC,12.644149974328151,14.40626992791796,13.27752943698899,15.16201366680438,False
D5_persist_null,,11.8,18,M3_AR_residual,12.1432894068384,14.351433015768805,13.27752943698899,15.16201366680438,False
D5_persist_null,,11.8,18,M4_delayed_info,13.709039767570506,16.11951250276276,13.27752943698899,15.16201366680438,False
D5_persist_null,,11.8,19,M1_autonomous_Schaefer,12.321008680987983,34.94296418958042,12.168503396467898,32.81499718768432,False
D5_persist_null,,11.8,19,M1b_autonomous_Allee,13.064102589965872,35.29781737386388,12.168503396467898,32.81499718768432,False
D5_persist_null,,11.8,19,M2_stockflow_regimeC,12.321008680987983,34.94296418958042,12.168503396467898,32.81499718768432,False
D5_persist_null,,11.8,19,M3_AR_residual,12.783270224033803,34.81958989371308,12.168503396467898,32.81499718768432,False
D5_persist_null,,11.8,19,M4_delayed_info,16.67815998275906,37.627733670580064,12.168503396467898,32.81499718768432,False
D5_persist_null,,11.8,20,M1_autonomous_Schaefer,11.715132777418216,32.93688898397831,11.31766174998871,28.85785839856646,False
D5_persist_null,,11.8,20,M1b_autonomous_Allee,11.823189097464972,33.62282974223127,11.31766174998871,28.85785839856646,False
D5_persist_null,,11.8,20,M2_stockflow_regimeC,11.715132777418216,32.93688898397831,11.31766174998871,28.85785839856646,False
D5_persist_null,,11.8,20,M3_AR_residual,12.64273454925063,33.64611095260723,11.31766174998871,28.85785839856646,False
D5_persist_null,,11.8,20,M4_delayed_info,17.646407524932275,35.27623401976696,11.31766174998871,28.85785839856646,False
D5_persist_null,,11.8,21,M1_autonomous_Schaefer,10.461380339953905,24.72797499572788,10.225619902570822,22.160188187450068,False
D5_persist_null,,11.8,21,M1b_autonomous_Allee,10.424952379787495,26.444257820822223,10.225619902570822,22.160188187450068,False
D5_persist_null,,11.8,21,M2_stockflow_regimeC,10.461380339953905,24.72797499572788,10.225619902570822,22.160188187450068,False
D5_persist_null,,11.8,21,M3_AR_residual,10.948662839828996,24.61208270709841,10.225619902570822,22.160188187450068,False
D5_persist_null,,11.8,21,M4_delayed_info,16.622598904514824,24.181413419879192,10.225619902570822,22.160188187450068,False
D5_persist_null,,11.8,22,M1_autonomous_Schaefer,10.24461991464775,29.70234781140224,9.948842926222069,26.656977086476964,False
D5_persist_null,,11.8,22,M1b_autonomous_Allee,10.264002686056408,31.38228648838623,9.948842926222069,26.656977086476964,False
D5_persist_null,,11.8,22,M2_stockflow_regimeC,10.24461991464775,29.70234781140224,9.948842926222069,26.656977086476964,False
D5_persist_null,,11.8,22,M3_AR_residual,10.41202916047905,29.629720154889053,9.948842926222069,26.656977086476964,False
D5_persist_null,,11.8,22,M4_delayed_info,14.59904336448606,32.66477175094721,9.948842926222069,26.656977086476964,False
D5_persist_null,,11.8,23,M1_autonomous_Schaefer,11.353220780496288,27.405964493522468,10.648705331249705,23.867891185348473,False
D5_persist_null,,11.8,23,M1b_autonomous_Allee,12.23336296743078,59.33825922297713,10.648705331249705,23.867891185348473,False
D5_persist_null,,11.8,23,M2_stockflow_regimeC,11.353220780496288,27.405964493522468,10.648705331249705,23.867891185348473,False
D5_persist_null,,11.8,23,M3_AR_residual,11.541769250679142,27.533502044054767,10.648705331249705,23.867891185348473,False
D5_persist_null,,11.8,23,M4_delayed_info,15.393871770619993,27.903267412939677,10.648705331249705,23.867891185348473,False
D5_persist_null,,11.8,24,M1_autonomous_Schaefer,15.1137807770356,43.63731468720933,15.079714127659859,42.91016133597333,False
D5_persist_null,,11.8,24,M1b_autonomous_Allee,15.946397348105819,58.843332520296094,15.079714127659859,42.91016133597333,False
D5_persist_null,,11.8,24,M2_stockflow_regimeC,15.1137807770356,43.63731468720933,15.079714127659859,42.91016133597333,False
D5_persist_null,,11.8,24,M3_AR_residual,15.349265156561676,43.92558602664274,15.079714127659859,42.91016133597333,False
D5_persist_null,,11.8,24,M4_delayed_info,23.274386272382674,47.1631421767269,15.079714127659859,42.91016133597333,False
D5_persist_null,,11.8,25,M1_autonomous_Schaefer,11.87784364678176,29.882802458182375,11.150228367697371,23.791320037695765,False
D5_persist_null,,11.8,25,M1b_autonomous_Allee,12.493029932159125,35.73955699175936,11.150228367697371,23.791320037695765,False
D5_persist_null,,11.8,25,M2_stockflow_regimeC,11.87784364678176,29.882802458182375,11.150228367697371,23.791320037695765,False
D5_persist_null,,11.8,25,M3_AR_residual,12.949037079337723,30.427737667255045,11.150228367697371,23.791320037695765,False
D5_persist_null,,11.8,25,M4_delayed_info,14.019292884978023,32.39449018629932,11.150228367697371,23.791320037695765,False
D5_persist_null,,11.8,26,M1_autonomous_Schaefer,11.370959235085083,16.473856431282574,10.888252962567979,17.392487690133716,False
D5_persist_null,,11.8,26,M1b_autonomous_Allee,11.525162074123644,18.05840090587664,10.888252962567979,17.392487690133716,False
D5_persist_null,,11.8,26,M2_stockflow_regimeC,11.370959235085083,16.473856431282574,10.888252962567979,17.392487690133716,False
D5_persist_null,,11.8,26,M3_AR_residual,11.870066239259762,15.291951712330237,10.888252962567979,17.392487690133716,False
D5_persist_null,,11.8,26,M4_delayed_info,11.954709112507844,14.215644437816154,10.888252962567979,17.392487690133716,False
D5_persist_null,,11.8,27,M1_autonomous_Schaefer,9.418937113755746,17.82832168466508,9.05868956781621,14.168587107434229,False
D5_persist_null,,11.8,27,M1b_autonomous_Allee,9.342657801907356,19.034827655734315,9.05868956781621,14.168587107434229,False
D5_persist_null,,11.8,27,M2_stockflow_regimeC,9.418937113755746,17.82832168466508,9.05868956781621,14.168587107434229,False
D5_persist_null,,11.8,27,M3_AR_residual,9.41491974960506,17.816433631907515,9.05868956781621,14.168587107434229,False
D5_persist_null,,11.8,27,M4_delayed_info,10.926157755771783,18.992573671543205,9.05868956781621,14.168587107434229,False
D5_persist_null,,11.8,28,M1_autonomous_Schaefer,10.772443514431227,23.866271058294895,10.659204716667535,23.38520795350279,False
D5_persist_null,,11.8,28,M1b_autonomous_Allee,10.975131221297206,30.563727824897008,10.659204716667535,23.38520795350279,False
D5_persist_null,,11.8,28,M2_stockflow_regimeC,10.772443514431227,23.866271058294895,10.659204716667535,23.38520795350279,False
D5_persist_null,,11.8,28,M3_AR_residual,11.305396774113472,23.618345510491814,10.659204716667535,23.38520795350279,False
D5_persist_null,,11.8,28,M4_delayed_info,15.934716311629233,25.193204196871037,10.659204716667535,23.38520795350279,False
D5_persist_null,,11.8,29,M1_autonomous_Schaefer,10.070569053809539,24.059931234199656,9.814480916318642,23.40565354732457,False
D5_persist_null,,11.8,29,M1b_autonomous_Allee,9.930337129689894,24.516444568088115,9.814480916318642,23.40565354732457,False
D5_persist_null,,11.8,29,M2_stockflow_regimeC,10.070569053809539,24.059931234199656,9.814480916318642,23.40565354732457,False
D5_persist_null,,11.8,29,M3_AR_residual,11.149530405499913,23.859554295448504,9.814480916318642,23.40565354732457,False
D5_persist_null,,11.8,29,M4_delayed_info,15.770178463663864,24.142086620809376,9.814480916318642,23.40565354732457,False
D5_persist_null,,11.8,30,M1_autonomous_Schaefer,11.695558362806992,19.80042494621863,11.4949930795699,19.823718314333863,False
D5_persist_null,,11.8,30,M1b_autonomous_Allee,11.597609449406017,20.727074746433,11.4949930795699,19.823718314333863,False
D5_persist_null,,11.8,30,M2_stockflow_regimeC,11.695558362806992,19.80042494621863,11.4949930795699,19.823718314333863,False
D5_persist_null,,11.8,30,M3_AR_residual,12.267975685088388,22.297660442769036,11.4949930795699,19.823718314333863,False
D5_persist_null,,11.8,30,M4_delayed_info,13.279871503144355,19.66835577185139,11.4949930795699,19.823718314333863,False
D5_persist_null,,11.8,31,M1_autonomous_Schaefer,12.930789136667507,25.679920914510113,12.790532139161074,23.54948627888632,False
D5_persist_null,,11.8,31,M1b_autonomous_Allee,13.506510049922221,33.111479426613215,12.790532139161074,23.54948627888632,False
D5_persist_null,,11.8,31,M2_stockflow_regimeC,12.930789136667507,25.679920914510113,12.790532139161074,23.54948627888632,False
D5_persist_null,,11.8,31,M3_AR_residual,13.664424849497273,25.671592235386576,12.790532139161074,23.54948627888632,False
D5_persist_null,,11.8,31,M4_delayed_info,18.885418330983434,26.87806935319263,12.790532139161074,23.54948627888632,False
D5_persist_null,,11.8,32,M1_autonomous_Schaefer,13.701603504157244,34.58276626113861,13.623762870579219,33.832316714029204,False
D5_persist_null,,11.8,32,M1b_autonomous_Allee,14.332207180565879,45.52632110280184,13.623762870579219,33.832316714029204,False
D5_persist_null,,11.8,32,M2_stockflow_regimeC,13.701603504157244,34.58276626113861,13.623762870579219,33.832316714029204,False
D5_persist_null,,11.8,32,M3_AR_residual,14.241048701525928,35.141321609714026,13.623762870579219,33.832316714029204,False
D5_persist_null,,11.8,32,M4_delayed_info,19.15066375198107,35.286779610280334,13.623762870579219,33.832316714029204,False
D5_persist_null,,11.8,33,M1_autonomous_Schaefer,12.260992635436153,38.79143919818957,11.507708449623388,34.169590610213206,False
D5_persist_null,,11.8,33,M1b_autonomous_Allee,12.506406066969577,42.90497658649343,11.507708449623388,34.169590610213206,False
D5_persist_null,,11.8,33,M2_stockflow_regimeC,12.260992635436153,38.79143919818957,11.507708449623388,34.169590610213206,False
D5_persist_null,,11.8,33,M3_AR_residual,13.03376690721821,38.78739251461734,11.507708449623388,34.169590610213206,False
D5_persist_null,,11.8,33,M4_delayed_info,18.226727354647515,43.821543177365825,11.507708449623388,34.169590610213206,False
D5_persist_null,,11.8,34,M1_autonomous_Schaefer,10.53551615269463,23.302003535003752,10.728342764478311,26.038467974487908,False
D5_persist_null,,11.8,34,M1b_autonomous_Allee,10.652471097679939,24.352418724367,10.728342764478311,26.038467974487908,False
D5_persist_null,,11.8,34,M2_stockflow_regimeC,10.53551615269463,23.302003535003752,10.728342764478311,26.038467974487908,False
D5_persist_null,,11.8,34,M3_AR_residual,10.40562509212869,23.70127278173799,10.728342764478311,26.038467974487908,False
D5_persist_null,,11.8,34,M4_delayed_info,15.000596446563222,22.732662054141766,10.728342764478311,26.038467974487908,False
D5_persist_null,,11.8,35,M1_autonomous_Schaefer,12.75637930558382,28.0814257523874,13.009506091023,33.17379996058905,False
D5_persist_null,,11.8,35,M1b_autonomous_Allee,14.022817023019073,46.30169701044378,13.009506091023,33.17379996058905,False
D5_persist_null,,11.8,35,M2_stockflow_regimeC,12.75637930558382,28.0814257523874,13.009506091023,33.17379996058905,False
D5_persist_null,,11.8,35,M3_AR_residual,13.152002589015291,28.012550423408324,13.009506091023,33.17379996058905,False
D5_persist_null,,11.8,35,M4_delayed_info,17.321548557905466,29.398365194173234,13.009506091023,33.17379996058905,False
D5_persist_null,,11.8,36,M1_autonomous_Schaefer,12.221831923412822,31.90008071598471,11.484117610238158,29.587050198692836,False
D5_persist_null,,11.8,36,M1b_autonomous_Allee,11.870409278082018,35.24916549853133,11.484117610238158,29.587050198692836,False
D5_persist_null,,11.8,36,M2_stockflow_regimeC,12.221831923412822,31.90008071598471,11.484117610238158,29.587050198692836,False
D5_persist_null,,11.8,36,M3_AR_residual,12.577133453410678,31.622649650866308,11.484117610238158,29.587050198692836,False
D5_persist_null,,11.8,36,M4_delayed_info,16.874064841847435,31.37268154368698,11.484117610238158,29.587050198692836,False
D5_persist_null,,11.8,37,M1_autonomous_Schaefer,8.391533890099089,18.019254465676767,8.342588584721645,17.537817438524048,False
D5_persist_null,,11.8,37,M1b_autonomous_Allee,8.856514319850769,32.73424507030265,8.342588584721645,17.537817438524048,False
D5_persist_null,,11.8,37,M2_stockflow_regimeC,8.391533890099089,18.019254465676767,8.342588584721645,17.537817438524048,False
D5_persist_null,,11.8,37,M3_AR_residual,8.3887011193122,16.673930944258288,8.342588584721645,17.537817438524048,False
D5_persist_null,,11.8,37,M4_delayed_info,10.375548559473902,19.941280119544395,8.342588584721645,17.537817438524048,False
D5_persist_null,,11.8,38,M1_autonomous_Schaefer,11.69786639200834,30.72023131066322,11.309259359557545,27.82154442293462,False
D5_persist_null,,11.8,38,M1b_autonomous_Allee,12.00782093463039,33.91305688513678,11.309259359557545,27.82154442293462,False
D5_persist_null,,11.8,38,M2_stockflow_regimeC,11.69786639200834,30.72023131066322,11.309259359557545,27.82154442293462,False
D5_persist_null,,11.8,38,M3_AR_residual,11.896022132404449,30.817575551128158,11.309259359557545,27.82154442293462,False
D5_persist_null,,11.8,38,M4_delayed_info,15.82464081533624,31.75898599586406,11.309259359557545,27.82154442293462,False
D5_persist_null,,11.8,39,M1_autonomous_Schaefer,11.793210476254384,22.529419119289745,11.205894610605743,16.340775997859105,False
D5_persist_null,,11.8,39,M1b_autonomous_Allee,11.665812602575931,21.741107870262866,11.205894610605743,16.340775997859105,False
D5_persist_null,,11.8,39,M2_stockflow_regimeC,11.793210476254384,22.529419119289745,11.205894610605743,16.340775997859105,False
D5_persist_null,,11.8,39,M3_AR_residual,12.196149370700773,22.37594903310352,11.205894610605743,16.340775997859105,False
D5_persist_null,,11.8,39,M4_delayed_info,14.96864778633439,24.623637019551403,11.205894610605743,16.340775997859105,False
D5_persist_null,,11.8,40,M1_autonomous_Schaefer,12.617861910334284,22.00750695839212,12.323855916218198,21.988948448299954,False
D5_persist_null,,11.8,40,M1b_autonomous_Allee,12.527221906965659,22.267751786589045,12.323855916218198,21.988948448299954,False
D5_persist_null,,11.8,40,M2_stockflow_regimeC,12.617861910334284,22.00750695839212,12.323855916218198,21.988948448299954,False
D5_persist_null,,11.8,40,M3_AR_residual,12.723958048176616,21.49286560978042,12.323855916218198,21.988948448299954,False
D5_persist_null,,11.8,40,M4_delayed_info,15.928064077022901,22.394342520521576,12.323855916218198,21.988948448299954,False
D5_persist_null,,11.8,41,M1_autonomous_Schaefer,9.299612552364492,28.91114520891784,9.185353993143176,27.300829652766705,False
D5_persist_null,,11.8,41,M1b_autonomous_Allee,9.713734582215581,31.21224754490747,9.185353993143176,27.300829652766705,False
D5_persist_null,,11.8,41,M2_stockflow_regimeC,9.299612552364492,28.91114520891784,9.185353993143176,27.300829652766705,False
D5_persist_null,,11.8,41,M3_AR_residual,9.014663578433456,27.928228652045256,9.185353993143176,27.300829652766705,False
D5_persist_null,,11.8,41,M4_delayed_info,12.475002413729118,31.478739211571206,9.185353993143176,27.300829652766705,False
D5_persist_null,,11.8,42,M1_autonomous_Schaefer,11.543291447812813,21.575611504067528,11.464728765342912,20.546815613714845,False
D5_persist_null,,11.8,42,M1b_autonomous_Allee,12.011920067669074,22.947048171824523,11.464728765342912,20.546815613714845,False
D5_persist_null,,11.8,42,M2_stockflow_regimeC,11.543291447812813,21.575611504067528,11.464728765342912,20.546815613714845,False
D5_persist_null,,11.8,42,M3_AR_residual,11.76798412838208,20.95622526347399,11.464728765342912,20.546815613714845,False
D5_persist_null,,11.8,42,M4_delayed_info,16.07721464144027,23.327226616618066,11.464728765342912,20.546815613714845,False
D5_persist_null,,11.8,43,M1_autonomous_Schaefer,11.243091067757355,32.8072762958524,11.174754883199826,32.33280315058895,False
D5_persist_null,,11.8,43,M1b_autonomous_Allee,11.768112120237376,39.69078179942246,11.174754883199826,32.33280315058895,False
D5_persist_null,,11.8,43,M2_stockflow_regimeC,11.243091067757355,32.8072762958524,11.174754883199826,32.33280315058895,False
D5_persist_null,,11.8,43,M3_AR_residual,12.004562941691372,33.498682785605354,11.174754883199826,32.33280315058895,False
D5_persist_null,,11.8,43,M4_delayed_info,17.92975033609939,37.621242595713305,11.174754883199826,32.33280315058895,False
D5_persist_null,,11.8,44,M1_autonomous_Schaefer,13.66361950062805,19.64655858254883,13.16819941273658,19.134228437563703,False
D5_persist_null,,11.8,44,M1b_autonomous_Allee,13.580903171531599,22.15146745519523,13.16819941273658,19.134228437563703,False
D5_persist_null,,11.8,44,M2_stockflow_regimeC,13.66361950062805,19.64655858254883,13.16819941273658,19.134228437563703,False
D5_persist_null,,11.8,44,M3_AR_residual,13.796472426487203,20.19399308722879,13.16819941273658,19.134228437563703,False
D5_persist_null,,11.8,44,M4_delayed_info,16.903198249327186,19.416972717098684,13.16819941273658,19.134228437563703,False
D5_persist_null,,11.8,45,M1_autonomous_Schaefer,10.272342320480664,30.13312358724783,10.632638714071179,32.86025886769076,False
D5_persist_null,,11.8,45,M1b_autonomous_Allee,11.346565518838313,42.19478232708394,10.632638714071179,32.86025886769076,False
D5_persist_null,,11.8,45,M2_stockflow_regimeC,10.272342320480664,30.13312358724783,10.632638714071179,32.86025886769076,False
D5_persist_null,,11.8,45,M3_AR_residual,10.370619043966123,30.2886588031292,10.632638714071179,32.86025886769076,False
D5_persist_null,,11.8,45,M4_delayed_info,13.538412538220053,32.2935084626524,10.632638714071179,32.86025886769076,False
D5_persist_null,,11.8,46,M1_autonomous_Schaefer,13.902374502518368,30.864147212125054,13.824816874109548,29.686962803149314,False
D5_persist_null,,11.8,46,M1b_autonomous_Allee,14.55088834588385,40.271927894849284,13.824816874109548,29.686962803149314,False
D5_persist_null,,11.8,46,M2_stockflow_regimeC,13.902374502518368,30.864147212125054,13.824816874109548,29.686962803149314,False
D5_persist_null,,11.8,46,M3_AR_residual,14.491837974997049,34.019736293839955,13.824816874109548,29.686962803149314,False
D5_persist_null,,11.8,46,M4_delayed_info,16.27887004501296,30.860950496851416,13.824816874109548,29.686962803149314,False
D5_persist_null,,11.8,47,M1_autonomous_Schaefer,10.135562345070124,15.700262549918133,10.478238728599703,19.763594167422845,False
D5_persist_null,,11.8,47,M1b_autonomous_Allee,10.534924784413858,16.30015399733632,10.478238728599703,19.763594167422845,False
D5_persist_null,,11.8,47,M2_stockflow_regimeC,10.135562345070124,15.700262549918133,10.478238728599703,19.763594167422845,False
D5_persist_null,,11.8,47,M3_AR_residual,10.12365996822895,15.72779217833737,10.478238728599703,19.763594167422845,False
D5_persist_null,,11.8,47,M4_delayed_info,12.688813531341227,16.78678474262053,10.478238728599703,19.763594167422845,False
D5_persist_null,,11.8,48,M1_autonomous_Schaefer,11.438541489654895,39.35529907453051,11.249800146820261,37.40927439296938,False
D5_persist_null,,11.8,48,M1b_autonomous_Allee,11.596104922086445,47.27388434807801,11.249800146820261,37.40927439296938,False
D5_persist_null,,11.8,48,M2_stockflow_regimeC,11.438541489654895,39.35529907453051,11.249800146820261,37.40927439296938,False
D5_persist_null,,11.8,48,M3_AR_residual,11.314403432907925,39.34732745087187,11.249800146820261,37.40927439296938,False
D5_persist_null,,11.8,48,M4_delayed_info,18.323646122011866,43.206055261982655,11.249800146820261,37.40927439296938,False
D5_persist_null,,11.8,49,M1_autonomous_Schaefer,12.03150015987142,50.07986121205821,10.115542038100415,31.65877669814725,False
D5_persist_null,,11.8,49,M1b_autonomous_Allee,12.616205406348156,55.39293191717249,10.115542038100415,31.65877669814725,False
D5_persist_null,,11.8,49,M2_stockflow_regimeC,12.03150015987142,50.07986121205821,10.115542038100415,31.65877669814725,False
D5_persist_null,,11.8,49,M3_AR_residual,11.98150822436383,47.734703179975746,10.115542038100415,31.65877669814725,False
D5_persist_null,,11.8,49,M4_delayed_info,14.192953538302387,51.199956147644265,10.115542038100415,31.65877669814725,False
D5_persist_null,,11.8,50,M1_autonomous_Schaefer,10.3956312776914,19.619298360106978,9.579646358469908,15.55152302943027,False
D5_persist_null,,11.8,50,M1b_autonomous_Allee,10.137004513772423,18.231545224509222,9.579646358469908,15.55152302943027,False
D5_persist_null,,11.8,50,M2_stockflow_regimeC,10.3956312776914,19.619298360106978,9.579646358469908,15.55152302943027,False
D5_persist_null,,11.8,50,M3_AR_residual,11.38765470903669,20.17275972371578,9.579646358469908,15.55152302943027,False
D5_persist_null,,11.8,50,M4_delayed_info,16.183872960810373,23.63743780271275,9.579646358469908,15.55152302943027,False
D5_persist_null,,11.8,51,M1_autonomous_Schaefer,9.389492973888254,20.57619823654641,9.3007512753614,22.119573398532495,False
D5_persist_null,,11.8,51,M1b_autonomous_Allee,9.265827400236153,21.118470257726393,9.3007512753614,22.119573398532495,False
D5_persist_null,,11.8,51,M2_stockflow_regimeC,9.389492973888254,20.57619823654641,9.3007512753614,22.119573398532495,False
D5_persist_null,,11.8,51,M3_AR_residual,9.66599420848748,20.62331984742805,9.3007512753614,22.119573398532495,False
D5_persist_null,,11.8,51,M4_delayed_info,13.618885471517507,22.11240213913326,9.3007512753614,22.119573398532495,False
D5_persist_null,,11.8,52,M1_autonomous_Schaefer,11.399799157221535,18.111519031862098,11.238684814289282,16.730372859243857,False
D5_persist_null,,11.8,52,M1b_autonomous_Allee,12.139025267442308,44.70005952055334,11.238684814289282,16.730372859243857,False
D5_persist_null,,11.8,52,M2_stockflow_regimeC,11.399799157221535,18.111519031862098,11.238684814289282,16.730372859243857,False
D5_persist_null,,11.8,52,M3_AR_residual,12.23112745135371,17.964049657224212,11.238684814289282,16.730372859243857,False
D5_persist_null,,11.8,52,M4_delayed_info,16.09769985191968,18.163311783393315,11.238684814289282,16.730372859243857,False
D5_persist_null,,11.8,53,M1_autonomous_Schaefer,11.185437763826519,30.69432699151223,10.83802698858409,26.10484144761109,False
D5_persist_null,,11.8,53,M1b_autonomous_Allee,11.272505801924241,29.839345581374854,10.83802698858409,26.10484144761109,False
D5_persist_null,,11.8,53,M2_stockflow_regimeC,11.185437763826519,30.69432699151223,10.83802698858409,26.10484144761109,False
D5_persist_null,,11.8,53,M3_AR_residual,11.739441354531293,31.149055213799087,10.83802698858409,26.10484144761109,False
D5_persist_null,,11.8,53,M4_delayed_info,15.915618101161176,32.89844236026463,10.83802698858409,26.10484144761109,False
D5_persist_null,,11.8,54,M1_autonomous_Schaefer,11.252349593185773,24.427677062956857,11.182927115960494,23.999477013882167,False
D5_persist_null,,11.8,54,M1b_autonomous_Allee,11.48327810956873,31.098441432419815,11.182927115960494,23.999477013882167,False
D5_persist_null,,11.8,54,M2_stockflow_regimeC,11.252349593185773,24.427677062956857,11.182927115960494,23.999477013882167,False
D5_persist_null,,11.8,54,M3_AR_residual,11.946976748359964,27.84337112270321,11.182927115960494,23.999477013882167,False
D5_persist_null,,11.8,54,M4_delayed_info,13.171802614727854,23.976199949845142,11.182927115960494,23.999477013882167,False
D5_persist_null,,11.8,55,M1_autonomous_Schaefer,10.874598629768743,20.473930259739287,10.86673578675066,19.173112506072986,False
D5_persist_null,,11.8,55,M1b_autonomous_Allee,11.470017605623365,23.944355431750147,10.86673578675066,19.173112506072986,False
D5_persist_null,,11.8,55,M2_stockflow_regimeC,10.874598629768743,20.473930259739287,10.86673578675066,19.173112506072986,False
D5_persist_null,,11.8,55,M3_AR_residual,11.310376140547143,20.59866401161082,10.86673578675066,19.173112506072986,False
D5_persist_null,,11.8,55,M4_delayed_info,15.23772334247427,22.29464892231811,10.86673578675066,19.173112506072986,False
D5_persist_null,,11.8,56,M1_autonomous_Schaefer,13.143175175107904,24.122276462217606,13.178794945945132,24.95715745141028,False
D5_persist_null,,11.8,56,M1b_autonomous_Allee,14.84780309102648,52.470643627582774,13.178794945945132,24.95715745141028,False
D5_persist_null,,11.8,56,M2_stockflow_regimeC,13.143175175107904,24.122276462217606,13.178794945945132,24.95715745141028,False
D5_persist_null,,11.8,56,M3_AR_residual,13.577930121657957,30.584307246435582,13.178794945945132,24.95715745141028,False
D5_persist_null,,11.8,56,M4_delayed_info,15.642705249331899,25.606475624207892,13.178794945945132,24.95715745141028,False
D5_persist_null,,11.8,57,M1_autonomous_Schaefer,11.914411860167364,12.295214217348352,12.163906597186294,14.362668627941614,False
D5_persist_null,,11.8,57,M1b_autonomous_Allee,12.376263386377685,13.467835036260613,12.163906597186294,14.362668627941614,False
D5_persist_null,,11.8,57,M2_stockflow_regimeC,11.914411860167364,12.295214217348352,12.163906597186294,14.362668627941614,False
D5_persist_null,,11.8,57,M3_AR_residual,10.985292624337918,11.920894562826037,12.163906597186294,14.362668627941614,False
D5_persist_null,,11.8,57,M4_delayed_info,13.762658271883083,14.631105858231768,12.163906597186294,14.362668627941614,False
D5_persist_null,,11.8,58,M1_autonomous_Schaefer,11.1157754501107,16.218907269433466,10.959314113995184,15.126791021419853,False
D5_persist_null,,11.8,58,M1b_autonomous_Allee,11.087043048299426,15.355124489057797,10.959314113995184,15.126791021419853,False
D5_persist_null,,11.8,58,M2_stockflow_regimeC,11.1157754501107,16.218907269433466,10.959314113995184,15.126791021419853,False
D5_persist_null,,11.8,58,M3_AR_residual,11.43902643946322,16.605102508118343,10.959314113995184,15.126791021419853,False
D5_persist_null,,11.8,58,M4_delayed_info,14.099201234103871,15.142592540935292,10.959314113995184,15.126791021419853,False
D5_persist_null,,11.8,59,M1_autonomous_Schaefer,11.356199041337954,26.038384122443752,11.281676859515072,25.37774509931556,False
D5_persist_null,,11.8,59,M1b_autonomous_Allee,12.280656297819835,49.0085675356361,11.281676859515072,25.37774509931556,False
D5_persist_null,,11.8,59,M2_stockflow_regimeC,11.356199041337954,26.038384122443752,11.281676859515072,25.37774509931556,False
D5_persist_null,,11.8,59,M3_AR_residual,11.88248491015357,23.697633943470574,11.281676859515072,25.37774509931556,False
D5_persist_null,,11.8,59,M4_delayed_info,13.04841021011867,27.023926079476244,11.281676859515072,25.37774509931556,False
D5_persist_null,,11.8,60,M1_autonomous_Schaefer,9.941545183699265,22.409344373941916,9.507804848991343,20.923780689660664,False
D5_persist_null,,11.8,60,M1b_autonomous_Allee,10.16927901437554,27.983720038554242,9.507804848991343,20.923780689660664,False
D5_persist_null,,11.8,60,M2_stockflow_regimeC,9.941545183699265,22.409344373941916,9.507804848991343,20.923780689660664,False
D5_persist_null,,11.8,60,M3_AR_residual,10.399346871498569,22.48508259834208,9.507804848991343,20.923780689660664,False
D5_persist_null,,11.8,60,M4_delayed_info,13.689503983312289,23.946670127403568,9.507804848991343,20.923780689660664,False
D5_persist_null,,11.8,61,M1_autonomous_Schaefer,12.12264424314712,25.779314982352656,12.09647017214813,25.496909105512756,False
D5_persist_null,,11.8,61,M1b_autonomous_Allee,12.72968513688951,31.82291666496658,12.09647017214813,25.496909105512756,False
D5_persist_null,,11.8,61,M2_stockflow_regimeC,12.12264424314712,25.779314982352656,12.09647017214813,25.496909105512756,False
D5_persist_null,,11.8,61,M3_AR_residual,12.957030654380485,27.826972281384975,12.09647017214813,25.496909105512756,False
D5_persist_null,,11.8,61,M4_delayed_info,13.054889696915614,27.47142269823341,12.09647017214813,25.496909105512756,False
D5_persist_null,,11.8,62,M1_autonomous_Schaefer,12.58397528819438,38.689908399459206,12.097473576715814,36.16147423863777,False
D5_persist_null,,11.8,62,M1b_autonomous_Allee,13.649957254034534,61.868790957411164,12.097473576715814,36.16147423863777,False
D5_persist_null,,11.8,62,M2_stockflow_regimeC,12.58397528819438,38.689908399459206,12.097473576715814,36.16147423863777,False
D5_persist_null,,11.8,62,M3_AR_residual,12.93824091161442,39.01565144460098,12.097473576715814,36.16147423863777,False
D5_persist_null,,11.8,62,M4_delayed_info,19.0199118893773,44.735600457141416,12.097473576715814,36.16147423863777,False
D5_persist_null,,11.8,63,M1_autonomous_Schaefer,10.083445065839939,18.487545252800953,9.729562075135453,16.134266577546857,False
D5_persist_null,,11.8,63,M1b_autonomous_Allee,10.782080886884549,27.84506464953033,9.729562075135453,16.134266577546857,False
D5_persist_null,,11.8,63,M2_stockflow_regimeC,10.083445065839939,18.487545252800953,9.729562075135453,16.134266577546857,False
D5_persist_null,,11.8,63,M3_AR_residual,10.650233455595336,18.776512657293853,9.729562075135453,16.134266577546857,False
D5_persist_null,,11.8,63,M4_delayed_info,13.820846583212877,20.21572236292018,9.729562075135453,16.134266577546857,False
D5_persist_null,,11.8,64,M1_autonomous_Schaefer,13.519197699515674,32.37626779093672,13.374019845052425,26.74246240821902,False
D5_persist_null,,11.8,64,M1b_autonomous_Allee,14.14147193110435,46.328963298531086,13.374019845052425,26.74246240821902,False
D5_persist_null,,11.8,64,M2_stockflow_regimeC,13.519197699515674,32.37626779093672,13.374019845052425,26.74246240821902,False
D5_persist_null,,11.8,64,M3_AR_residual,14.039010484119439,32.100206147004045,13.374019845052425,26.74246240821902,False
D5_persist_null,,11.8,64,M4_delayed_info,17.389836941484454,31.110212510128864,13.374019845052425,26.74246240821902,False
D5_persist_null,,11.8,65,M1_autonomous_Schaefer,9.473988854068255,23.340200139018584,9.035518053841153,17.997225572313756,False
D5_persist_null,,11.8,65,M1b_autonomous_Allee,9.60519694678635,25.56158813093617,9.035518053841153,17.997225572313756,False
D5_persist_null,,11.8,65,M2_stockflow_regimeC,9.473988854068255,23.340200139018584,9.035518053841153,17.997225572313756,False
D5_persist_null,,11.8,65,M3_AR_residual,9.689090711003356,23.251429689189514,9.035518053841153,17.997225572313756,False
D5_persist_null,,11.8,65,M4_delayed_info,12.166836973040756,24.282230673551133,9.035518053841153,17.997225572313756,False
D5_persist_null,,11.8,66,M1_autonomous_Schaefer,11.782752573394772,31.423988344198282,11.70940817604116,29.89253892655079,False
D5_persist_null,,11.8,66,M1b_autonomous_Allee,11.946817604658785,31.771339383980205,11.70940817604116,29.89253892655079,False
D5_persist_null,,11.8,66,M2_stockflow_regimeC,11.782752573394772,31.423988344198282,11.70940817604116,29.89253892655079,False
D5_persist_null,,11.8,66,M3_AR_residual,12.027872018090813,31.277605774730866,11.70940817604116,29.89253892655079,False
D5_persist_null,,11.8,66,M4_delayed_info,17.02382543888236,32.91414240045618,11.70940817604116,29.89253892655079,False
D5_persist_null,,11.8,67,M1_autonomous_Schaefer,13.49521241576904,28.150555900270398,13.15169301965804,24.620140801112715,False
D5_persist_null,,11.8,67,M1b_autonomous_Allee,13.476823373660482,30.44631929636121,13.15169301965804,24.620140801112715,False
D5_persist_null,,11.8,67,M2_stockflow_regimeC,13.49521241576904,28.150555900270398,13.15169301965804,24.620140801112715,False
D5_persist_null,,11.8,67,M3_AR_residual,13.694085976982718,29.092199485866722,13.15169301965804,24.620140801112715,False
D5_persist_null,,11.8,67,M4_delayed_info,17.52788791992468,29.02889101341006,13.15169301965804,24.620140801112715,False
D5_persist_null,,11.8,68,M1_autonomous_Schaefer,11.91368564914941,22.479372634453505,11.89596821562954,22.19457727153877,False
D5_persist_null,,11.8,68,M1b_autonomous_Allee,12.539287288773739,26.85373021554191,11.89596821562954,22.19457727153877,False
D5_persist_null,,11.8,68,M2_stockflow_regimeC,11.91368564914941,22.479372634453505,11.89596821562954,22.19457727153877,False
D5_persist_null,,11.8,68,M3_AR_residual,12.62242925135871,22.965519188106622,11.89596821562954,22.19457727153877,False
D5_persist_null,,11.8,68,M4_delayed_info,14.551444503713782,25.781346586041376,11.89596821562954,22.19457727153877,False
D5_persist_null,,11.8,69,M1_autonomous_Schaefer,11.087852462384964,20.719506952749516,11.037011969056323,20.67756831917219,False
D5_persist_null,,11.8,69,M1b_autonomous_Allee,13.026470366353815,61.059576353509925,11.037011969056323,20.67756831917219,False
D5_persist_null,,11.8,69,M2_stockflow_regimeC,11.087852462384964,20.719506952749516,11.037011969056323,20.67756831917219,False
D5_persist_null,,11.8,69,M3_AR_residual,11.421864019431123,22.401531998477576,11.037011969056323,20.67756831917219,False
D5_persist_null,,11.8,69,M4_delayed_info,13.953078136113376,21.2338534030131,11.037011969056323,20.67756831917219,False
D5_persist_null,,11.8,70,M1_autonomous_Schaefer,14.269341065510522,31.81352159569753,14.25206297843341,31.10569728639857,False
D5_persist_null,,11.8,70,M1b_autonomous_Allee,14.638818936380012,35.71763234619546,14.25206297843341,31.10569728639857,False
D5_persist_null,,11.8,70,M2_stockflow_regimeC,14.269341065510522,31.81352159569753,14.25206297843341,31.10569728639857,False
D5_persist_null,,11.8,70,M3_AR_residual,14.292763535126326,31.88730897910768,14.25206297843341,31.10569728639857,False
D5_persist_null,,11.8,70,M4_delayed_info,18.50179984132073,32.20342284958477,14.25206297843341,31.10569728639857,False
D5_persist_null,,11.8,71,M1_autonomous_Schaefer,9.008658477970124,16.044913627487684,9.51751526192219,20.16617333108896,True
D5_persist_null,,11.8,71,M1b_autonomous_Allee,9.056392815496562,16.342067364126102,9.51751526192219,20.16617333108896,False
D5_persist_null,,11.8,71,M2_stockflow_regimeC,9.008658477970124,16.044913627487684,9.51751526192219,20.16617333108896,False
D5_persist_null,,11.8,71,M3_AR_residual,9.564874797301787,16.03112934941159,9.51751526192219,20.16617333108896,False
D5_persist_null,,11.8,71,M4_delayed_info,13.99646312363293,16.873803570215312,9.51751526192219,20.16617333108896,False
D5_persist_null,,11.8,72,M1_autonomous_Schaefer,12.235538637794328,28.429728155001225,12.07991965967634,26.228688968815693,False
D5_persist_null,,11.8,72,M1b_autonomous_Allee,12.098555757000463,27.893965077329597,12.07991965967634,26.228688968815693,False
D5_persist_null,,11.8,72,M2_stockflow_regimeC,12.235538637794328,28.429728155001225,12.07991965967634,26.228688968815693,False
D5_persist_null,,11.8,72,M3_AR_residual,13.022124851043555,27.680793765270543,12.07991965967634,26.228688968815693,False
D5_persist_null,,11.8,72,M4_delayed_info,15.134526413261094,30.501139478166195,12.07991965967634,26.228688968815693,False
D5_persist_null,,11.8,73,M1_autonomous_Schaefer,11.463163244171767,27.824113822914445,11.052739674753559,24.42759671160394,False
D5_persist_null,,11.8,73,M1b_autonomous_Allee,11.535330895738335,29.577739932615174,11.052739674753559,24.42759671160394,False
D5_persist_null,,11.8,73,M2_stockflow_regimeC,11.463163244171767,27.824113822914445,11.052739674753559,24.42759671160394,False
D5_persist_null,,11.8,73,M3_AR_residual,11.896163559681824,28.006030027689743,11.052739674753559,24.42759671160394,False
D5_persist_null,,11.8,73,M4_delayed_info,16.075652167441294,30.19923042202785,11.052739674753559,24.42759671160394,False
D5_persist_null,,11.8,74,M1_autonomous_Schaefer,11.468067897009973,24.736519627270116,11.460411874049253,26.128863806294024,False
D5_persist_null,,11.8,74,M1b_autonomous_Allee,11.523538071525753,28.595865590484056,11.460411874049253,26.128863806294024,False
D5_persist_null,,11.8,74,M2_stockflow_regimeC,11.468067897009973,24.736519627270116,11.460411874049253,26.128863806294024,False
D5_persist_null,,11.8,74,M3_AR_residual,12.271555079743656,24.74280865132721,11.460411874049253,26.128863806294024,False
D5_persist_null,,11.8,74,M4_delayed_info,16.416984776525442,25.918184303510873,11.460411874049253,26.128863806294024,False
D5_persist_null,,11.8,75,M1_autonomous_Schaefer,9.517344221326208,16.397355251810755,9.238739766900304,13.490919547427039,False
D5_persist_null,,11.8,75,M1b_autonomous_Allee,9.278730717310816,13.477939972740293,9.238739766900304,13.490919547427039,False
D5_persist_null,,11.8,75,M2_stockflow_regimeC,9.517344221326208,16.397355251810755,9.238739766900304,13.490919547427039,False
D5_persist_null,,11.8,75,M3_AR_residual,9.874862365325288,17.43212746103767,9.238739766900304,13.490919547427039,False
D5_persist_null,,11.8,75,M4_delayed_info,10.17243989536731,17.289098020165433,9.238739766900304,13.490919547427039,False
D5_persist_null,,11.8,76,M1_autonomous_Schaefer,10.257476061427106,27.805272269671025,10.151396042185901,26.853684227477746,False
D5_persist_null,,11.8,76,M1b_autonomous_Allee,10.293981906779056,26.343951162064744,10.151396042185901,26.853684227477746,False
D5_persist_null,,11.8,76,M2_stockflow_regimeC,10.257476061427106,27.805272269671025,10.151396042185901,26.853684227477746,False
D5_persist_null,,11.8,76,M3_AR_residual,10.540380575658887,28.086289495320386,10.151396042185901,26.853684227477746,False
D5_persist_null,,11.8,76,M4_delayed_info,14.227434885212867,31.584697103334396,10.151396042185901,26.853684227477746,False
D5_persist_null,,11.8,77,M1_autonomous_Schaefer,12.214887188956016,32.108612549263704,11.964303261597317,27.689134367995567,False
D5_persist_null,,11.8,77,M1b_autonomous_Allee,12.40180005637884,32.84416431031957,11.964303261597317,27.689134367995567,False
D5_persist_null,,11.8,77,M2_stockflow_regimeC,12.214887188956016,32.108612549263704,11.964303261597317,27.689134367995567,False
D5_persist_null,,11.8,77,M3_AR_residual,12.520055913119721,31.60175339378832,11.964303261597317,27.689134367995567,False
D5_persist_null,,11.8,77,M4_delayed_info,15.08685789255276,34.798876006654204,11.964303261597317,27.689134367995567,False
D5_persist_null,,11.8,78,M1_autonomous_Schaefer,10.711294631375774,33.47304117742064,10.508517885408688,31.746442714182376,False
D5_persist_null,,11.8,78,M1b_autonomous_Allee,10.095017800737809,28.54220883571494,10.508517885408688,31.746442714182376,False
D5_persist_null,,11.8,78,M2_stockflow_regimeC,10.711294631375774,33.47304117742064,10.508517885408688,31.746442714182376,False
D5_persist_null,,11.8,78,M3_AR_residual,12.302259242165883,34.374894807935014,10.508517885408688,31.746442714182376,False
D5_persist_null,,11.8,78,M4_delayed_info,16.480449774252236,38.16145981738174,10.508517885408688,31.746442714182376,False
D5_persist_null,,11.8,79,M1_autonomous_Schaefer,11.620860081450987,22.64688345463221,11.190744921934934,19.227811832631925,False
D5_persist_null,,11.8,79,M1b_autonomous_Allee,11.847076959466685,24.154959198749463,11.190744921934934,19.227811832631925,False
D5_persist_null,,11.8,79,M2_stockflow_regimeC,11.620860081450987,22.64688345463221,11.190744921934934,19.227811832631925,False
D5_persist_null,,11.8,79,M3_AR_residual,12.137483680751105,22.746197183149437,11.190744921934934,19.227811832631925,False
D5_persist_null,,11.8,79,M4_delayed_info,15.857874854599347,22.169202252355415,11.190744921934934,19.227811832631925,False
D5_persist_null,,11.8,80,M1_autonomous_Schaefer,10.717855426688113,26.646898504117466,10.700508697285418,26.58482892640775,False
D5_persist_null,,11.8,80,M1b_autonomous_Allee,11.172596768121469,41.88551875275975,10.700508697285418,26.58482892640775,False
D5_persist_null,,11.8,80,M2_stockflow_regimeC,10.717855426688113,26.646898504117466,10.700508697285418,26.58482892640775,False
D5_persist_null,,11.8,80,M3_AR_residual,10.625021233690832,26.313542511511105,10.700508697285418,26.58482892640775,False
D5_persist_null,,11.8,80,M4_delayed_info,14.2665230299598,27.267410728636648,10.700508697285418,26.58482892640775,False
D5_persist_null,,11.8,81,M1_autonomous_Schaefer,13.114737163212128,36.43101168523919,11.832080239552369,27.335461028751965,False
D5_persist_null,,11.8,81,M1b_autonomous_Allee,13.362831652232495,35.31279443024116,11.832080239552369,27.335461028751965,False
D5_persist_null,,11.8,81,M2_stockflow_regimeC,13.114737163212128,36.43101168523919,11.832080239552369,27.335461028751965,False
D5_persist_null,,11.8,81,M3_AR_residual,13.10296202315126,35.07458964774283,11.832080239552369,27.335461028751965,False
D5_persist_null,,11.8,81,M4_delayed_info,17.287512904116948,39.96016227854022,11.832080239552369,27.335461028751965,False
D5_persist_null,,11.8,82,M1_autonomous_Schaefer,9.346396454363774,18.01940837190337,9.258704479885452,18.009528862649535,False
D5_persist_null,,11.8,82,M1b_autonomous_Allee,9.317516277978777,18.32298202392354,9.258704479885452,18.009528862649535,False
D5_persist_null,,11.8,82,M2_stockflow_regimeC,9.346396454363774,18.01940837190337,9.258704479885452,18.009528862649535,False
D5_persist_null,,11.8,82,M3_AR_residual,9.95489465115788,16.673657007716812,9.258704479885452,18.009528862649535,False
D5_persist_null,,11.8,82,M4_delayed_info,13.124490304559538,16.823459111065493,9.258704479885452,18.009528862649535,False
D5_persist_null,,11.8,83,M1_autonomous_Schaefer,12.412154641923532,30.36815844567286,12.640470780248814,33.298329831734485,False
D5_persist_null,,11.8,83,M1b_autonomous_Allee,14.884026627587835,77.82171988754044,12.640470780248814,33.298329831734485,False
D5_persist_null,,11.8,83,M2_stockflow_regimeC,12.412154641923532,30.36815844567286,12.640470780248814,33.298329831734485,False
D5_persist_null,,11.8,83,M3_AR_residual,13.14343338116316,37.767242766842664,12.640470780248814,33.298329831734485,False
D5_persist_null,,11.8,83,M4_delayed_info,15.830433101325278,38.02548830612447,12.640470780248814,33.298329831734485,False
D5_persist_null,,11.8,84,M1_autonomous_Schaefer,9.930745846014412,21.791035841714613,9.141776316914154,14.946314030511425,False
D5_persist_null,,11.8,84,M1b_autonomous_Allee,10.342401498279745,24.555987218354247,9.141776316914154,14.946314030511425,False
D5_persist_null,,11.8,84,M2_stockflow_regimeC,9.930745846014412,21.791035841714613,9.141776316914154,14.946314030511425,False
D5_persist_null,,11.8,84,M3_AR_residual,10.364231258546052,22.024140033693392,9.141776316914154,14.946314030511425,False
D5_persist_null,,11.8,84,M4_delayed_info,14.272834309775073,24.019497876254434,9.141776316914154,14.946314030511425,False
D5_persist_null,,11.8,85,M1_autonomous_Schaefer,11.741640291161476,23.338186888206966,12.139815375234807,27.458316009171135,False
D5_persist_null,,11.8,85,M1b_autonomous_Allee,12.09122850500885,26.788577520530794,12.139815375234807,27.458316009171135,False
D5_persist_null,,11.8,85,M2_stockflow_regimeC,11.741640291161476,23.338186888206966,12.139815375234807,27.458316009171135,False
D5_persist_null,,11.8,85,M3_AR_residual,11.822826812884543,23.259419148763175,12.139815375234807,27.458316009171135,False
D5_persist_null,,11.8,85,M4_delayed_info,15.832499868982884,23.928826191867383,12.139815375234807,27.458316009171135,False
D5_persist_null,,11.8,86,M1_autonomous_Schaefer,9.537802386456134,23.567289335506466,8.995270162520022,20.853077696210107,False
D5_persist_null,,11.8,86,M1b_autonomous_Allee,9.366641118075979,25.67631576983048,8.995270162520022,20.853077696210107,False
D5_persist_null,,11.8,86,M2_stockflow_regimeC,9.537802386456134,23.567289335506466,8.995270162520022,20.853077696210107,False
D5_persist_null,,11.8,86,M3_AR_residual,9.45686955992597,23.573360541500058,8.995270162520022,20.853077696210107,False
D5_persist_null,,11.8,86,M4_delayed_info,13.913802410471684,24.272774649864257,8.995270162520022,20.853077696210107,False
D5_persist_null,,11.8,87,M1_autonomous_Schaefer,11.89314422180121,26.407944466775696,11.582235260313693,25.54887428939088,False
D5_persist_null,,11.8,87,M1b_autonomous_Allee,12.102831928993776,27.89037499142416,11.582235260313693,25.54887428939088,False
D5_persist_null,,11.8,87,M2_stockflow_regimeC,11.89314422180121,26.407944466775696,11.582235260313693,25.54887428939088,False
D5_persist_null,,11.8,87,M3_AR_residual,11.897806259044827,26.1886529038484,11.582235260313693,25.54887428939088,False
D5_persist_null,,11.8,87,M4_delayed_info,15.572958295731725,27.375111388874704,11.582235260313693,25.54887428939088,False
D5_persist_null,,11.8,88,M1_autonomous_Schaefer,13.474744314538574,26.990968670270057,13.128606239126952,27.035952120827933,False
D5_persist_null,,11.8,88,M1b_autonomous_Allee,14.166057239983928,51.5501504423112,13.128606239126952,27.035952120827933,False
D5_persist_null,,11.8,88,M2_stockflow_regimeC,13.474744314538574,26.990968670270057,13.128606239126952,27.035952120827933,False
D5_persist_null,,11.8,88,M3_AR_residual,13.813134611978295,26.705330325786537,13.128606239126952,27.035952120827933,False
D5_persist_null,,11.8,88,M4_delayed_info,18.202364251123296,25.015532163924654,13.128606239126952,27.035952120827933,False
D5_persist_null,,11.8,89,M1_autonomous_Schaefer,13.068120329819331,37.28204576800527,12.949319340614238,35.568273622714415,False
D5_persist_null,,11.8,89,M1b_autonomous_Allee,14.227317216337028,43.446592807493936,12.949319340614238,35.568273622714415,False
D5_persist_null,,11.8,89,M2_stockflow_regimeC,13.068120329819331,37.28204576800527,12.949319340614238,35.568273622714415,False
D5_persist_null,,11.8,89,M3_AR_residual,13.846747242735447,37.10874019972736,12.949319340614238,35.568273622714415,False
D5_persist_null,,11.8,89,M4_delayed_info,17.701324150530617,41.21012037286972,12.949319340614238,35.568273622714415,False
D5_persist_null,,11.8,90,M1_autonomous_Schaefer,14.261340397451558,22.408557519727623,14.222182365928859,21.706780576972587,False
D5_persist_null,,11.8,90,M1b_autonomous_Allee,15.689181580836678,33.649425920907326,14.222182365928859,21.706780576972587,False
D5_persist_null,,11.8,90,M2_stockflow_regimeC,14.261340397451558,22.408557519727623,14.222182365928859,21.706780576972587,False
D5_persist_null,,11.8,90,M3_AR_residual,15.225389697316045,22.51016966193936,14.222182365928859,21.706780576972587,False
D5_persist_null,,11.8,90,M4_delayed_info,20.45053625390905,27.66039731968127,14.222182365928859,21.706780576972587,False
D5_persist_null,,11.8,91,M1_autonomous_Schaefer,12.899278613886443,31.071985139114567,12.064597398597911,25.47115019508643,False
D5_persist_null,,11.8,91,M1b_autonomous_Allee,12.945945365894987,32.344365483159784,12.064597398597911,25.47115019508643,False
D5_persist_null,,11.8,91,M2_stockflow_regimeC,12.899278613886443,31.071985139114567,12.064597398597911,25.47115019508643,False
D5_persist_null,,11.8,91,M3_AR_residual,13.414710048170143,31.59312121012201,12.064597398597911,25.47115019508643,False
D5_persist_null,,11.8,91,M4_delayed_info,18.48828989495714,36.75941726180858,12.064597398597911,25.47115019508643,False
D5_persist_null,,11.8,92,M1_autonomous_Schaefer,10.48236161060606,19.92174391863287,10.473649716293535,19.775318110750632,False
D5_persist_null,,11.8,92,M1b_autonomous_Allee,11.45108876203613,29.52466153503478,10.473649716293535,19.775318110750632,False
D5_persist_null,,11.8,92,M2_stockflow_regimeC,10.48236161060606,19.92174391863287,10.473649716293535,19.775318110750632,False
D5_persist_null,,11.8,92,M3_AR_residual,10.99471254949889,20.16513897841707,10.473649716293535,19.775318110750632,False
D5_persist_null,,11.8,92,M4_delayed_info,13.31872130411634,21.24950883805927,10.473649716293535,19.775318110750632,False
D5_persist_null,,11.8,93,M1_autonomous_Schaefer,13.244746676143738,32.99305256603847,13.599608458854718,35.59391724180609,False
D5_persist_null,,11.8,93,M1b_autonomous_Allee,13.345871220578383,34.74965916396238,13.599608458854718,35.59391724180609,False
D5_persist_null,,11.8,93,M2_stockflow_regimeC,13.244746676143738,32.99305256603847,13.599608458854718,35.59391724180609,False
D5_persist_null,,11.8,93,M3_AR_residual,13.786492889575976,32.954855097447265,13.599608458854718,35.59391724180609,False
D5_persist_null,,11.8,93,M4_delayed_info,20.57118802971217,33.466301397881196,13.599608458854718,35.59391724180609,False
D5_persist_null,,11.8,94,M1_autonomous_Schaefer,12.352994521071716,25.785986489074578,12.346633843993398,25.817410395843577,False
D5_persist_null,,11.8,94,M1b_autonomous_Allee,13.502627587670538,50.889853698451596,12.346633843993398,25.817410395843577,False
D5_persist_null,,11.8,94,M2_stockflow_regimeC,12.352994521071716,25.785986489074578,12.346633843993398,25.817410395843577,False
D5_persist_null,,11.8,94,M3_AR_residual,12.68928983899812,26.22216231627656,12.346633843993398,25.817410395843577,False
D5_persist_null,,11.8,94,M4_delayed_info,16.9557849257964,28.97419548975149,12.346633843993398,25.817410395843577,False
D5_persist_null,,11.8,95,M1_autonomous_Schaefer,13.268953170382726,33.184449780064845,12.884452469344463,27.15556268526747,False
D5_persist_null,,11.8,95,M1b_autonomous_Allee,14.678423854862812,48.40673293041854,12.884452469344463,27.15556268526747,False
D5_persist_null,,11.8,95,M2_stockflow_regimeC,13.268953170382726,33.184449780064845,12.884452469344463,27.15556268526747,False
D5_persist_null,,11.8,95,M3_AR_residual,13.284825822242267,32.887568975335995,12.884452469344463,27.15556268526747,False
D5_persist_null,,11.8,95,M4_delayed_info,16.001557052245012,37.17067001254839,12.884452469344463,27.15556268526747,False
D5_persist_null,,11.8,96,M1_autonomous_Schaefer,12.276767256201836,38.046064349787095,10.255840417239213,23.878230774316545,False
D5_persist_null,,11.8,96,M1b_autonomous_Allee,11.858106084891432,37.2332940095452,10.255840417239213,23.878230774316545,False
D5_persist_null,,11.8,96,M2_stockflow_regimeC,12.276767256201836,38.046064349787095,10.255840417239213,23.878230774316545,False
D5_persist_null,,11.8,96,M3_AR_residual,11.914898763394783,37.129493916913816,10.255840417239213,23.878230774316545,False
D5_persist_null,,11.8,96,M4_delayed_info,17.59268113477975,41.38908994203251,10.255840417239213,23.878230774316545,False
D5_persist_null,,11.8,97,M1_autonomous_Schaefer,9.243366040125332,23.538046059213755,8.54142742258686,22.16632134273669,False
D5_persist_null,,11.8,97,M1b_autonomous_Allee,9.403279174624728,27.51190584747174,8.54142742258686,22.16632134273669,False
D5_persist_null,,11.8,97,M2_stockflow_regimeC,9.243366040125332,23.538046059213755,8.54142742258686,22.16632134273669,False
D5_persist_null,,11.8,97,M3_AR_residual,9.59322882887455,23.71911131030443,8.54142742258686,22.16632134273669,False
D5_persist_null,,11.8,97,M4_delayed_info,13.223049034913766,24.949099222682683,8.54142742258686,22.16632134273669,False
D5_persist_null,,11.8,98,M1_autonomous_Schaefer,9.428030844728873,20.15675836347566,9.407577700667348,20.29405778955245,False
D5_persist_null,,11.8,98,M1b_autonomous_Allee,9.81264158721264,29.46754908478217,9.407577700667348,20.29405778955245,False
D5_persist_null,,11.8,98,M2_stockflow_regimeC,9.428030844728873,20.15675836347566,9.407577700667348,20.29405778955245,False
D5_persist_null,,11.8,98,M3_AR_residual,9.564547464134288,20.134142877171566,9.407577700667348,20.29405778955245,False
D5_persist_null,,11.8,98,M4_delayed_info,11.926886471474134,21.225958594705833,9.407577700667348,20.29405778955245,False
D5_persist_null,,11.8,99,M1_autonomous_Schaefer,11.691962725463407,32.163974091888605,11.409402008976663,30.122617272462563,False
D5_persist_null,,11.8,99,M1b_autonomous_Allee,11.645375898270508,35.529358507172255,11.409402008976663,30.122617272462563,False
D5_persist_null,,11.8,99,M2_stockflow_regimeC,11.691962725463407,32.163974091888605,11.409402008976663,30.122617272462563,False
D5_persist_null,,11.8,99,M3_AR_residual,12.291582193483375,32.80467464229551,11.409402008976663,30.122617272462563,False
D5_persist_null,,11.8,99,M4_delayed_info,17.483812543521378,37.07366687135462,11.409402008976663,30.122617272462563,False
D5_persist_null,,11.8,100,M1_autonomous_Schaefer,12.397245449722803,26.631851060181624,11.65625284637639,27.010918395093537,False
D5_persist_null,,11.8,100,M1b_autonomous_Allee,12.865624802660308,30.508416363938416,11.65625284637639,27.010918395093537,False
D5_persist_null,,11.8,100,M2_stockflow_regimeC,12.397245449722803,26.631851060181624,11.65625284637639,27.010918395093537,False
D5_persist_null,,11.8,100,M3_AR_residual,12.735395346437013,26.821828030714563,11.65625284637639,27.010918395093537,False
D5_persist_null,,11.8,100,M4_delayed_info,16.72294607242026,28.97689712319778,11.65625284637639,27.010918395093537,False
D5_persist_null,,11.8,101,M1_autonomous_Schaefer,13.15240323003776,30.364433253577268,13.28449325505394,31.54886468664743,False
D5_persist_null,,11.8,101,M1b_autonomous_Allee,13.616558377989508,33.8690098136224,13.28449325505394,31.54886468664743,False
D5_persist_null,,11.8,101,M2_stockflow_regimeC,13.15240323003776,30.364433253577268,13.28449325505394,31.54886468664743,False
D5_persist_null,,11.8,101,M3_AR_residual,14.06626216823241,30.6791321218309,13.28449325505394,31.54886468664743,False
D5_persist_null,,11.8,101,M4_delayed_info,18.08701522991218,32.66368462527494,13.28449325505394,31.54886468664743,False
D5_persist_null,,11.8,102,M1_autonomous_Schaefer,11.007134709687216,34.806595850489735,10.295851740686308,27.625655120502774,False
D5_persist_null,,11.8,102,M1b_autonomous_Allee,11.77842182149248,37.489201702496096,10.295851740686308,27.625655120502774,False
D5_persist_null,,11.8,102,M2_stockflow_regimeC,11.007134709687216,34.806595850489735,10.295851740686308,27.625655120502774,False
D5_persist_null,,11.8,102,M3_AR_residual,12.25425975428344,34.27733010206426,10.295851740686308,27.625655120502774,False
D5_persist_null,,11.8,102,M4_delayed_info,15.740236571397734,38.4467173450582,10.295851740686308,27.625655120502774,False
D5_persist_null,,11.8,103,M1_autonomous_Schaefer,10.890645343342607,24.167868519988737,10.778327372121508,22.554703697828085,False
D5_persist_null,,11.8,103,M1b_autonomous_Allee,11.325350778350936,28.907630691051178,10.778327372121508,22.554703697828085,False
D5_persist_null,,11.8,103,M2_stockflow_regimeC,10.890645343342607,24.167868519988737,10.778327372121508,22.554703697828085,False
D5_persist_null,,11.8,103,M3_AR_residual,11.536476618533218,27.005711443299642,10.778327372121508,22.554703697828085,False
D5_persist_null,,11.8,103,M4_delayed_info,15.72263287046368,24.20472391455412,10.778327372121508,22.554703697828085,False
D5_persist_null,,11.8,104,M1_autonomous_Schaefer,11.773542738294333,31.356441908628483,11.075977134982981,25.65269171684747,False
D5_persist_null,,11.8,104,M1b_autonomous_Allee,11.676631205539463,30.32999356588697,11.075977134982981,25.65269171684747,False
D5_persist_null,,11.8,104,M2_stockflow_regimeC,11.773542738294333,31.356441908628483,11.075977134982981,25.65269171684747,False
D5_persist_null,,11.8,104,M3_AR_residual,12.479418943766579,31.673526211127022,11.075977134982981,25.65269171684747,False
D5_persist_null,,11.8,104,M4_delayed_info,16.9488323478015,34.697189248096414,11.075977134982981,25.65269171684747,False
D5_persist_null,,11.8,105,M1_autonomous_Schaefer,10.80439459400743,32.40237825444137,10.782427246301504,32.02286434620857,False
D5_persist_null,,11.8,105,M1b_autonomous_Allee,11.522427480019767,45.18491324363999,10.782427246301504,32.02286434620857,False
D5_persist_null,,11.8,105,M2_stockflow_regimeC,10.80439459400743,32.40237825444137,10.782427246301504,32.02286434620857,False
D5_persist_null,,11.8,105,M3_AR_residual,11.61397447506565,32.859127150929545,10.782427246301504,32.02286434620857,False
D5_persist_null,,11.8,105,M4_delayed_info,18.278019308051178,35.26223006062336,10.782427246301504,32.02286434620857,False
D5_persist_null,,11.8,106,M1_autonomous_Schaefer,11.76592583350377,28.331234007602248,11.676672280294516,26.448321802009556,False
D5_persist_null,,11.8,106,M1b_autonomous_Allee,12.086548931515212,31.91878248221005,11.676672280294516,26.448321802009556,False
D5_persist_null,,11.8,106,M2_stockflow_regimeC,11.76592583350377,28.331234007602248,11.676672280294516,26.448321802009556,False
D5_persist_null,,11.8,106,M3_AR_residual,12.18137283813123,28.418645718447518,11.676672280294516,26.448321802009556,False
D5_persist_null,,11.8,106,M4_delayed_info,17.43749711040238,28.915401271802107,11.676672280294516,26.448321802009556,False
D5_persist_null,,11.8,107,M1_autonomous_Schaefer,13.554617917837664,37.22858898398993,13.459389283893042,35.953857627654756,False
D5_persist_null,,11.8,107,M1b_autonomous_Allee,15.099089459046144,77.84629528203476,13.459389283893042,35.953857627654756,False
D5_persist_null,,11.8,107,M2_stockflow_regimeC,13.554617917837664,37.22858898398993,13.459389283893042,35.953857627654756,False
D5_persist_null,,11.8,107,M3_AR_residual,13.729852835355203,37.300894252213986,13.459389283893042,35.953857627654756,False
D5_persist_null,,11.8,107,M4_delayed_info,17.172432150132433,38.825033130582185,13.459389283893042,35.953857627654756,False
D5_persist_null,,11.8,108,M1_autonomous_Schaefer,11.879872748641844,31.76216104206821,11.802354341668774,30.50678061720915,False
D5_persist_null,,11.8,108,M1b_autonomous_Allee,12.599709026946986,54.21763961953966,11.802354341668774,30.50678061720915,False
D5_persist_null,,11.8,108,M2_stockflow_regimeC,11.879872748641844,31.76216104206821,11.802354341668774,30.50678061720915,False
D5_persist_null,,11.8,108,M3_AR_residual,12.058179293373842,32.493397315403435,11.802354341668774,30.50678061720915,False
D5_persist_null,,11.8,108,M4_delayed_info,16.217457881943897,33.053883821367066,11.802354341668774,30.50678061720915,False
D5_persist_null,,11.8,109,M1_autonomous_Schaefer,11.509495207401105,30.23183349314942,11.286275698795999,27.04348743665582,False
D5_persist_null,,11.8,109,M1b_autonomous_Allee,11.58874514870747,31.21143686582172,11.286275698795999,27.04348743665582,False
D5_persist_null,,11.8,109,M2_stockflow_regimeC,11.509495207401105,30.23183349314942,11.286275698795999,27.04348743665582,False
D5_persist_null,,11.8,109,M3_AR_residual,12.064837460192521,30.500370205501504,11.286275698795999,27.04348743665582,False
D5_persist_null,,11.8,109,M4_delayed_info,17.494488935293038,34.457944844280945,11.286275698795999,27.04348743665582,False
D5_persist_null,,11.8,110,M1_autonomous_Schaefer,15.760237779151494,48.61669286223567,13.746315894679203,36.11699272282598,False
D5_persist_null,,11.8,110,M1b_autonomous_Allee,16.543159989638102,56.35954990484923,13.746315894679203,36.11699272282598,False
D5_persist_null,,11.8,110,M2_stockflow_regimeC,15.760237779151494,48.61669286223567,13.746315894679203,36.11699272282598,False
D5_persist_null,,11.8,110,M3_AR_residual,18.13429123215032,49.81192748192229,13.746315894679203,36.11699272282598,False
D5_persist_null,,11.8,110,M4_delayed_info,21.202020155441012,50.58573005481916,13.746315894679203,36.11699272282598,False
D5_persist_null,,11.8,111,M1_autonomous_Schaefer,12.606374979611008,29.094949003143437,11.955893116663129,24.644384115023968,False
D5_persist_null,,11.8,111,M1b_autonomous_Allee,12.872806099401755,31.397307526856277,11.955893116663129,24.644384115023968,False
D5_persist_null,,11.8,111,M2_stockflow_regimeC,12.606374979611008,29.094949003143437,11.955893116663129,24.644384115023968,False
D5_persist_null,,11.8,111,M3_AR_residual,12.653312685010226,29.201145748630285,11.955893116663129,24.644384115023968,False
D5_persist_null,,11.8,111,M4_delayed_info,16.93139363965938,31.07981409830431,11.955893116663129,24.644384115023968,False
D5_persist_null,,11.8,112,M1_autonomous_Schaefer,10.828815995245504,25.69082293514144,10.83438477413492,25.69153934950314,False
D5_persist_null,,11.8,112,M1b_autonomous_Allee,13.692980246105236,52.32625135721178,10.83438477413492,25.69153934950314,False
D5_persist_null,,11.8,112,M2_stockflow_regimeC,10.828815995245504,25.69082293514144,10.83438477413492,25.69153934950314,False
D5_persist_null,,11.8,112,M3_AR_residual,11.803209113314889,42.27540995660883,10.83438477413492,25.69153934950314,False
D5_persist_null,,11.8,112,M4_delayed_info,11.974522895450606,38.32462257683365,10.83438477413492,25.69153934950314,False
D5_persist_null,,11.8,113,M1_autonomous_Schaefer,14.20810085146979,27.98612632748053,14.124215399378597,19.515658753657064,False
D5_persist_null,,11.8,113,M1b_autonomous_Allee,14.357310138311652,30.600599837954963,14.124215399378597,19.515658753657064,False
D5_persist_null,,11.8,113,M2_stockflow_regimeC,14.20810085146979,27.98612632748053,14.124215399378597,19.515658753657064,False
D5_persist_null,,11.8,113,M3_AR_residual,14.760804968617887,28.2353291541985,14.124215399378597,19.515658753657064,False
D5_persist_null,,11.8,113,M4_delayed_info,18.146719759314635,29.943089902776556,14.124215399378597,19.515658753657064,False
D5_persist_null,,11.8,114,M1_autonomous_Schaefer,11.52913245020796,19.911307978918103,11.687921354484804,22.139780167116793,False
D5_persist_null,,11.8,114,M1b_autonomous_Allee,11.594920143193836,20.486394952855456,11.687921354484804,22.139780167116793,False
D5_persist_null,,11.8,114,M2_stockflow_regimeC,11.52913245020796,19.911307978918103,11.687921354484804,22.139780167116793,False
D5_persist_null,,11.8,114,M3_AR_residual,11.770352446286562,19.988283255203747,11.687921354484804,22.139780167116793,False
D5_persist_null,,11.8,114,M4_delayed_info,15.57155441558728,20.684992313373456,11.687921354484804,22.139780167116793,False
D5_persist_null,,11.8,115,M1_autonomous_Schaefer,14.146289991298143,43.2973639403774,13.342507538965412,34.93814432621372,False
D5_persist_null,,11.8,115,M1b_autonomous_Allee,14.189961779313222,43.40351520487196,13.342507538965412,34.93814432621372,False
D5_persist_null,,11.8,115,M2_stockflow_regimeC,14.146289991298143,43.2973639403774,13.342507538965412,34.93814432621372,False
D5_persist_null,,11.8,115,M3_AR_residual,14.835376782529273,43.724793622346525,13.342507538965412,34.93814432621372,False
D5_persist_null,,11.8,115,M4_delayed_info,20.209894481417134,49.36643911437093,13.342507538965412,34.93814432621372,False
D5_persist_null,,11.8,116,M1_autonomous_Schaefer,12.808568630667628,27.119889541064683,13.294072105199822,31.99275343413073,False
D5_persist_null,,11.8,116,M1b_autonomous_Allee,13.569260881489972,28.92310422328688,13.294072105199822,31.99275343413073,False
D5_persist_null,,11.8,116,M2_stockflow_regimeC,12.808568630667628,27.119889541064683,13.294072105199822,31.99275343413073,False
D5_persist_null,,11.8,116,M3_AR_residual,13.568249810247346,27.141912488758727,13.294072105199822,31.99275343413073,False
D5_persist_null,,11.8,116,M4_delayed_info,16.842381336437867,26.08260474433771,13.294072105199822,31.99275343413073,False
D5_persist_null,,11.8,117,M1_autonomous_Schaefer,12.570137830371872,26.829403058631097,12.178333407320364,26.277801676474898,False
D5_persist_null,,11.8,117,M1b_autonomous_Allee,12.611554868362715,29.624880736139627,12.178333407320364,26.277801676474898,False
D5_persist_null,,11.8,117,M2_stockflow_regimeC,12.570137830371872,26.829403058631097,12.178333407320364,26.277801676474898,False
D5_persist_null,,11.8,117,M3_AR_residual,13.220435643623755,26.679879355426213,12.178333407320364,26.277801676474898,False
D5_persist_null,,11.8,117,M4_delayed_info,16.718983591304237,27.908523777823675,12.178333407320364,26.277801676474898,False
D5_persist_null,,11.8,118,M1_autonomous_Schaefer,10.780330051555623,31.574462951994303,10.27561685230912,26.37787343689364,False
D5_persist_null,,11.8,118,M1b_autonomous_Allee,10.819903845601143,34.717690118654644,10.27561685230912,26.37787343689364,False
D5_persist_null,,11.8,118,M2_stockflow_regimeC,10.780330051555623,31.574462951994303,10.27561685230912,26.37787343689364,False
D5_persist_null,,11.8,118,M3_AR_residual,11.393685217340042,32.28711104784653,10.27561685230912,26.37787343689364,False
D5_persist_null,,11.8,118,M4_delayed_info,15.53161860591545,35.884439987170076,10.27561685230912,26.37787343689364,False
D5_persist_null,,11.8,119,M1_autonomous_Schaefer,11.215131585219005,23.3735250458715,11.004498063918128,20.809691966830517,False
D5_persist_null,,11.8,119,M1b_autonomous_Allee,11.614335187975913,33.38930601221705,11.004498063918128,20.809691966830517,False
D5_persist_null,,11.8,119,M2_stockflow_regimeC,11.215131585219005,23.3735250458715,11.004498063918128,20.809691966830517,False
D5_persist_null,,11.8,119,M3_AR_residual,11.178533155075167,23.539608218414955,11.004498063918128,20.809691966830517,False
D5_persist_null,,11.8,119,M4_delayed_info,12.693902891177018,23.877014976585727,11.004498063918128,20.809691966830517,False
D5_persist_null,,11.8,120,M1_autonomous_Schaefer,12.015522150250098,28.79884962085874,11.158446557342002,22.289448126152738,False
D5_persist_null,,11.8,120,M1b_autonomous_Allee,12.187447017193858,29.966359908581982,11.158446557342002,22.289448126152738,False
D5_persist_null,,11.8,120,M2_stockflow_regimeC,12.015522150250098,28.79884962085874,11.158446557342002,22.289448126152738,False
D5_persist_null,,11.8,120,M3_AR_residual,12.195903397947315,29.56482838429284,11.158446557342002,22.289448126152738,False
D5_persist_null,,11.8,120,M4_delayed_info,15.385967843150997,29.278283105087418,11.158446557342002,22.289448126152738,False
D5_persist_null,,11.8,121,M1_autonomous_Schaefer,11.662007019648403,29.671355244699665,11.585557074382963,28.666198370840554,False
D5_persist_null,,11.8,121,M1b_autonomous_Allee,12.084696200918053,35.731486394965046,11.585557074382963,28.666198370840554,False
D5_persist_null,,11.8,121,M2_stockflow_regimeC,11.662007019648403,29.671355244699665,11.585557074382963,28.666198370840554,False
D5_persist_null,,11.8,121,M3_AR_residual,11.655530554989983,29.80028743585118,11.585557074382963,28.666198370840554,False
D5_persist_null,,11.8,121,M4_delayed_info,17.8619324146932,32.41221188155372,11.585557074382963,28.666198370840554,False
D5_persist_null,,11.8,122,M1_autonomous_Schaefer,11.53410006537039,27.08239727321916,11.410774538149568,25.657502501233342,False
D5_persist_null,,11.8,122,M1b_autonomous_Allee,12.249958116305097,32.95353858910741,11.410774538149568,25.657502501233342,False
D5_persist_null,,11.8,122,M2_stockflow_regimeC,11.53410006537039,27.08239727321916,11.410774538149568,25.657502501233342,False
D5_persist_null,,11.8,122,M3_AR_residual,11.837767665218186,27.266643334904007,11.410774538149568,25.657502501233342,False
D5_persist_null,,11.8,122,M4_delayed_info,16.055905947973297,29.215119092613243,11.410774538149568,25.657502501233342,False
D5_persist_null,,11.8,123,M1_autonomous_Schaefer,11.447654135015668,30.982431156172055,11.007501609459005,28.229032591049087,False
D5_persist_null,,11.8,123,M1b_autonomous_Allee,11.412922621523244,32.25104094209166,11.007501609459005,28.229032591049087,False
D5_persist_null,,11.8,123,M2_stockflow_regimeC,11.447654135015668,30.982431156172055,11.007501609459005,28.229032591049087,False
D5_persist_null,,11.8,123,M3_AR_residual,11.590577731264933,31.587745761094315,11.007501609459005,28.229032591049087,False
D5_persist_null,,11.8,123,M4_delayed_info,14.32241168360376,32.14121605925116,11.007501609459005,28.229032591049087,False
D5_persist_null,,11.8,124,M1_autonomous_Schaefer,11.476550061622262,22.403284626457022,11.010838319127675,18.85746021510287,False
D5_persist_null,,11.8,124,M1b_autonomous_Allee,11.161490195956356,20.99258500046072,11.010838319127675,18.85746021510287,False
D5_persist_null,,11.8,124,M2_stockflow_regimeC,11.476550061622262,22.403284626457022,11.010838319127675,18.85746021510287,False
D5_persist_null,,11.8,124,M3_AR_residual,11.211968190135085,22.00559532068226,11.010838319127675,18.85746021510287,False
D5_persist_null,,11.8,124,M4_delayed_info,14.159658039592035,23.941936292819353,11.010838319127675,18.85746021510287,False
D5_persist_null,,11.8,125,M1_autonomous_Schaefer,13.516755335878857,28.228083876322586,13.39136043647789,26.742050989039523,False
D5_persist_null,,11.8,125,M1b_autonomous_Allee,14.259418046124187,38.884539432366815,13.39136043647789,26.742050989039523,False
D5_persist_null,,11.8,125,M2_stockflow_regimeC,13.516755335878857,28.228083876322586,13.39136043647789,26.742050989039523,False
D5_persist_null,,11.8,125,M3_AR_residual,14.427616111984545,29.899759068064512,13.39136043647789,26.742050989039523,False
D5_persist_null,,11.8,125,M4_delayed_info,17.623275577241202,30.450248895013434,13.39136043647789,26.742050989039523,False
D5_persist_null,,11.8,126,M1_autonomous_Schaefer,12.061800555327565,20.634415589666148,12.03637897180122,19.661897635907803,False
D5_persist_null,,11.8,126,M1b_autonomous_Allee,12.168470691953194,20.799123445544748,12.03637897180122,19.661897635907803,False
D5_persist_null,,11.8,126,M2_stockflow_regimeC,12.061800555327565,20.634415589666148,12.03637897180122,19.661897635907803,False
D5_persist_null,,11.8,126,M3_AR_residual,12.449356612026227,21.08705310360629,12.03637897180122,19.661897635907803,False
D5_persist_null,,11.8,126,M4_delayed_info,15.60387594992531,19.261672594535572,12.03637897180122,19.661897635907803,False
D5_persist_null,,11.8,127,M1_autonomous_Schaefer,13.703752024131898,40.03304016807282,13.272669224168489,34.326872550428675,False
D5_persist_null,,11.8,127,M1b_autonomous_Allee,14.407994652693446,43.95793727421626,13.272669224168489,34.326872550428675,False
D5_persist_null,,11.8,127,M2_stockflow_regimeC,13.703752024131898,40.03304016807282,13.272669224168489,34.326872550428675,False
D5_persist_null,,11.8,127,M3_AR_residual,14.059580019154625,40.37455591422562,13.272669224168489,34.326872550428675,False
D5_persist_null,,11.8,127,M4_delayed_info,21.056668166679547,43.985612651466255,13.272669224168489,34.326872550428675,False
D5_persist_null,,11.8,128,M1_autonomous_Schaefer,12.054088010333693,31.683960241056248,11.828627497479125,29.244330845890886,False
D5_persist_null,,11.8,128,M1b_autonomous_Allee,12.459525904530684,34.697211959936126,11.828627497479125,29.244330845890886,False
D5_persist_null,,11.8,128,M2_stockflow_regimeC,12.054088010333693,31.683960241056248,11.828627497479125,29.244330845890886,False
D5_persist_null,,11.8,128,M3_AR_residual,13.06933449128409,32.51774434615779,11.828627497479125,29.244330845890886,False
D5_persist_null,,11.8,128,M4_delayed_info,17.449284667539423,35.354089227814036,11.828627497479125,29.244330845890886,False
D5_persist_null,,11.8,129,M1_autonomous_Schaefer,14.47027651882683,38.16720868146682,14.321570441602853,38.23800987023241,False
D5_persist_null,,11.8,129,M1b_autonomous_Allee,15.746383441920992,75.71930722735169,14.321570441602853,38.23800987023241,False
D5_persist_null,,11.8,129,M2_stockflow_regimeC,14.47027651882683,38.16720868146682,14.321570441602853,38.23800987023241,False
D5_persist_null,,11.8,129,M3_AR_residual,15.068756007354281,39.055271709377045,14.321570441602853,38.23800987023241,False
D5_persist_null,,11.8,129,M4_delayed_info,16.957455448557937,41.672249187152175,14.321570441602853,38.23800987023241,False
D5_persist_null,,11.8,130,M1_autonomous_Schaefer,9.562235109816298,27.175600126263053,9.533158341816437,26.951044519559442,False
D5_persist_null,,11.8,130,M1b_autonomous_Allee,10.245614847326612,44.19704150658199,9.533158341816437,26.951044519559442,False
D5_persist_null,,11.8,130,M2_stockflow_regimeC,9.562235109816298,27.175600126263053,9.533158341816437,26.951044519559442,False
D5_persist_null,,11.8,130,M3_AR_residual,9.484695888359386,26.481577831842003,9.533158341816437,26.951044519559442,False
D5_persist_null,,11.8,130,M4_delayed_info,12.35647147448972,30.893290263557706,9.533158341816437,26.951044519559442,False
D5_persist_null,,11.8,131,M1_autonomous_Schaefer,8.780298616107041,12.44685763310248,9.00484526296349,14.555481711397404,False
D5_persist_null,,11.8,131,M1b_autonomous_Allee,9.106747252651342,16.228601521490763,9.00484526296349,14.555481711397404,False
D5_persist_null,,11.8,131,M2_stockflow_regimeC,8.780298616107041,12.44685763310248,9.00484526296349,14.555481711397404,False
D5_persist_null,,11.8,131,M3_AR_residual,8.87855169481412,12.670170772569648,9.00484526296349,14.555481711397404,False
D5_persist_null,,11.8,131,M4_delayed_info,11.718563846231792,14.314629604666075,9.00484526296349,14.555481711397404,False
D5_persist_null,,11.8,132,M1_autonomous_Schaefer,13.25238190654565,26.483707854646816,13.156094197303176,27.426539639981684,False
D5_persist_null,,11.8,132,M1b_autonomous_Allee,13.516075735867213,32.88827405844939,13.156094197303176,27.426539639981684,False
D5_persist_null,,11.8,132,M2_stockflow_regimeC,13.25238190654565,26.483707854646816,13.156094197303176,27.426539639981684,False
D5_persist_null,,11.8,132,M3_AR_residual,13.909179968642432,27.015876844937676,13.156094197303176,27.426539639981684,False
D5_persist_null,,11.8,132,M4_delayed_info,15.655238931726739,28.067561711698023,13.156094197303176,27.426539639981684,False
D5_persist_null,,11.8,133,M1_autonomous_Schaefer,11.46849755213177,31.026850131983394,11.701198397514341,33.02232440496151,False
D5_persist_null,,11.8,133,M1b_autonomous_Allee,11.680522016452896,32.58804155159792,11.701198397514341,33.02232440496151,False
D5_persist_null,,11.8,133,M2_stockflow_regimeC,11.46849755213177,31.026850131983394,11.701198397514341,33.02232440496151,False
D5_persist_null,,11.8,133,M3_AR_residual,11.488356499290314,30.955310809802775,11.701198397514341,33.02232440496151,False
D5_persist_null,,11.8,133,M4_delayed_info,15.954253525512522,31.893780478963485,11.701198397514341,33.02232440496151,False
D5_persist_null,,11.8,134,M1_autonomous_Schaefer,10.483714256061983,19.1916884984767,10.143368269776277,15.911648320714846,False
D5_persist_null,,11.8,134,M1b_autonomous_Allee,10.519425125589297,18.15799284951854,10.143368269776277,15.911648320714846,False
D5_persist_null,,11.8,134,M2_stockflow_regimeC,10.483714256061983,19.1916884984767,10.143368269776277,15.911648320714846,False
D5_persist_null,,11.8,134,M3_AR_residual,10.926574261095729,20.494307082240336,10.143368269776277,15.911648320714846,False
D5_persist_null,,11.8,134,M4_delayed_info,12.748528389580029,20.98824232452598,10.143368269776277,15.911648320714846,False
D5_persist_null,,11.8,135,M1_autonomous_Schaefer,15.387934183400635,40.17868641236606,15.279098885501897,39.230971812117915,False
D5_persist_null,,11.8,135,M1b_autonomous_Allee,16.167513096769124,43.756514666909126,15.279098885501897,39.230971812117915,False
D5_persist_null,,11.8,135,M2_stockflow_regimeC,15.387934183400635,40.17868641236606,15.279098885501897,39.230971812117915,False
D5_persist_null,,11.8,135,M3_AR_residual,15.91158905113447,40.63001789017229,15.279098885501897,39.230971812117915,False
D5_persist_null,,11.8,135,M4_delayed_info,22.893116627827656,47.003536672360276,15.279098885501897,39.230971812117915,False
D5_persist_null,,11.8,136,M1_autonomous_Schaefer,11.993771140853609,32.48129445911785,10.36011887968104,24.839928221811647,False
D5_persist_null,,11.8,136,M1b_autonomous_Allee,11.874541088140631,29.901774361106913,10.36011887968104,24.839928221811647,False
D5_persist_null,,11.8,136,M2_stockflow_regimeC,11.993771140853609,32.48129445911785,10.36011887968104,24.839928221811647,False
D5_persist_null,,11.8,136,M3_AR_residual,11.369430426803588,31.442855987097794,10.36011887968104,24.839928221811647,False
D5_persist_null,,11.8,136,M4_delayed_info,15.769962471136493,34.92948171399299,10.36011887968104,24.839928221811647,False
D5_persist_null,,11.8,137,M1_autonomous_Schaefer,11.996765060670716,19.668778785782063,11.936040125369932,19.03036343889418,False
D5_persist_null,,11.8,137,M1b_autonomous_Allee,12.279745584638784,22.438743027479173,11.936040125369932,19.03036343889418,False
D5_persist_null,,11.8,137,M2_stockflow_regimeC,11.996765060670716,19.668778785782063,11.936040125369932,19.03036343889418,False
D5_persist_null,,11.8,137,M3_AR_residual,12.198525057060708,19.743577437151576,11.936040125369932,19.03036343889418,False
D5_persist_null,,11.8,137,M4_delayed_info,16.36673631860212,23.511941987137167,11.936040125369932,19.03036343889418,False
D5_persist_null,,11.8,138,M1_autonomous_Schaefer,9.612895925809052,21.728390052671273,9.193539380499425,19.482162023693693,False
D5_persist_null,,11.8,138,M1b_autonomous_Allee,9.876300073554518,27.39249789502989,9.193539380499425,19.482162023693693,False
D5_persist_null,,11.8,138,M2_stockflow_regimeC,9.612895925809052,21.728390052671273,9.193539380499425,19.482162023693693,False
D5_persist_null,,11.8,138,M3_AR_residual,9.854537695601605,21.32239676400003,9.193539380499425,19.482162023693693,False
D5_persist_null,,11.8,138,M4_delayed_info,13.688404047142997,20.38137673042595,9.193539380499425,19.482162023693693,False
D5_persist_null,,11.8,139,M1_autonomous_Schaefer,11.083145898483394,27.54102885369493,11.051112805915908,27.31840379437828,False
D5_persist_null,,11.8,139,M1b_autonomous_Allee,11.251780175542576,28.985890503594618,11.051112805915908,27.31840379437828,False
D5_persist_null,,11.8,139,M2_stockflow_regimeC,11.083145898483394,27.54102885369493,11.051112805915908,27.31840379437828,False
D5_persist_null,,11.8,139,M3_AR_residual,11.331467985596188,28.087139207557833,11.051112805915908,27.31840379437828,False
D5_persist_null,,11.8,139,M4_delayed_info,14.828839614412118,27.90169970377035,11.051112805915908,27.31840379437828,False
D5_persist_null,,11.8,140,M1_autonomous_Schaefer,13.652660439999833,36.71456465313068,13.207739866373274,32.43014335312232,False
D5_persist_null,,11.8,140,M1b_autonomous_Allee,14.07027118568473,37.04231107008003,13.207739866373274,32.43014335312232,False
D5_persist_null,,11.8,140,M2_stockflow_regimeC,13.652660439999833,36.71456465313068,13.207739866373274,32.43014335312232,False
D5_persist_null,,11.8,140,M3_AR_residual,13.958105495451687,37.01344557927888,13.207739866373274,32.43014335312232,False
D5_persist_null,,11.8,140,M4_delayed_info,18.28927169716338,41.01349195119536,13.207739866373274,32.43014335312232,False
D5_persist_null,,11.8,141,M1_autonomous_Schaefer,13.275002994877262,21.421593815772276,12.693989189043082,17.196011265161854,False
D5_persist_null,,11.8,141,M1b_autonomous_Allee,13.119214307918888,21.777236415885753,12.693989189043082,17.196011265161854,False
D5_persist_null,,11.8,141,M2_stockflow_regimeC,13.275002994877262,21.421593815772276,12.693989189043082,17.196011265161854,False
D5_persist_null,,11.8,141,M3_AR_residual,14.563613791214088,23.272918350644705,12.693989189043082,17.196011265161854,False
D5_persist_null,,11.8,141,M4_delayed_info,16.41697387684054,21.396356393705123,12.693989189043082,17.196011265161854,False
D5_persist_null,,11.8,142,M1_autonomous_Schaefer,11.768297977487626,24.580750488853518,11.741594828513895,24.680719047629687,False
D5_persist_null,,11.8,142,M1b_autonomous_Allee,11.9283864608083,25.23711953353409,11.741594828513895,24.680719047629687,False
D5_persist_null,,11.8,142,M2_stockflow_regimeC,11.768297977487626,24.580750488853518,11.741594828513895,24.680719047629687,False
D5_persist_null,,11.8,142,M3_AR_residual,12.24226832019662,24.727809770756636,11.741594828513895,24.680719047629687,False
D5_persist_null,,11.8,142,M4_delayed_info,15.076250981803929,25.797612403016643,11.741594828513895,24.680719047629687,False
D5_persist_null,,11.8,143,M1_autonomous_Schaefer,10.618185931666554,20.548820032764404,10.524152280861292,19.298625311146797,False
D5_persist_null,,11.8,143,M1b_autonomous_Allee,10.643053831744753,21.264718377954257,10.524152280861292,19.298625311146797,False
D5_persist_null,,11.8,143,M2_stockflow_regimeC,10.618185931666554,20.548820032764404,10.524152280861292,19.298625311146797,False
D5_persist_null,,11.8,143,M3_AR_residual,10.953230464718335,20.73171649516005,10.524152280861292,19.298625311146797,False
D5_persist_null,,11.8,143,M4_delayed_info,15.570387832827794,22.56980849352574,10.524152280861292,19.298625311146797,False
D5_persist_null,,11.8,144,M1_autonomous_Schaefer,11.440591114067779,29.105799603962357,11.052853084601058,28.377095340652104,False
D5_persist_null,,11.8,144,M1b_autonomous_Allee,11.455055502068166,32.12770457535018,11.052853084601058,28.377095340652104,False
D5_persist_null,,11.8,144,M2_stockflow_regimeC,11.440591114067779,29.105799603962357,11.052853084601058,28.377095340652104,False
D5_persist_null,,11.8,144,M3_AR_residual,11.92272974872422,29.30845811566383,11.052853084601058,28.377095340652104,False
D5_persist_null,,11.8,144,M4_delayed_info,17.135182900861164,30.343373928611307,11.052853084601058,28.377095340652104,False
D5_persist_null,,11.8,145,M1_autonomous_Schaefer,10.136336632355262,25.679599427314333,10.051989318558961,23.440522143411272,False
D5_persist_null,,11.8,145,M1b_autonomous_Allee,10.273595355742954,25.869742268510482,10.051989318558961,23.440522143411272,False
D5_persist_null,,11.8,145,M2_stockflow_regimeC,10.136336632355262,25.679599427314333,10.051989318558961,23.440522143411272,False
D5_persist_null,,11.8,145,M3_AR_residual,10.20822140067405,25.620191570472013,10.051989318558961,23.440522143411272,False
D5_persist_null,,11.8,145,M4_delayed_info,14.485244536055204,28.321940336026714,10.051989318558961,23.440522143411272,False
D5_persist_null,,11.8,146,M1_autonomous_Schaefer,10.648027334843812,20.97229530132275,10.259387270964924,15.139682958149734,False
D5_persist_null,,11.8,146,M1b_autonomous_Allee,10.843229699820437,25.366995418026818,10.259387270964924,15.139682958149734,False
D5_persist_null,,11.8,146,M2_stockflow_regimeC,10.648027334843812,20.97229530132275,10.259387270964924,15.139682958149734,False
D5_persist_null,,11.8,146,M3_AR_residual,11.007729120238503,20.977555836758587,10.259387270964924,15.139682958149734,False
D5_persist_null,,11.8,146,M4_delayed_info,15.838059545107699,22.55861204955067,10.259387270964924,15.139682958149734,False
D5_persist_null,,11.8,147,M1_autonomous_Schaefer,10.99216868582772,22.404623720617373,11.023737276464377,25.443539042192928,False
D5_persist_null,,11.8,147,M1b_autonomous_Allee,10.945182722206564,23.356582927054706,11.023737276464377,25.443539042192928,False
D5_persist_null,,11.8,147,M2_stockflow_regimeC,10.99216868582772,22.404623720617373,11.023737276464377,25.443539042192928,False
D5_persist_null,,11.8,147,M3_AR_residual,11.219203310916269,22.76799949032184,11.023737276464377,25.443539042192928,False
D5_persist_null,,11.8,147,M4_delayed_info,15.07894059193329,22.125935292791684,11.023737276464377,25.443539042192928,False
D5_persist_null,,11.8,148,M1_autonomous_Schaefer,11.263783458737388,15.176483555498352,11.739825077476572,18.608354145946983,False
D5_persist_null,,11.8,148,M1b_autonomous_Allee,11.403133652630371,19.48926710835147,11.739825077476572,18.608354145946983,False
D5_persist_null,,11.8,148,M2_stockflow_regimeC,11.263783458737388,15.176483555498352,11.739825077476572,18.608354145946983,False
D5_persist_null,,11.8,148,M3_AR_residual,12.04670909924108,15.143108620211812,11.739825077476572,18.608354145946983,False
D5_persist_null,,11.8,148,M4_delayed_info,15.984067312817333,15.804741609635526,11.739825077476572,18.608354145946983,False
D5_persist_null,,11.8,149,M1_autonomous_Schaefer,12.952220574318416,36.609289927554364,12.949877067943602,35.29420303664219,False
D5_persist_null,,11.8,149,M1b_autonomous_Allee,14.05600830516749,42.910116009143785,12.949877067943602,35.29420303664219,False
D5_persist_null,,11.8,149,M2_stockflow_regimeC,12.952220574318416,36.609289927554364,12.949877067943602,35.29420303664219,False
D5_persist_null,,11.8,149,M3_AR_residual,13.167849677137742,36.58053000927054,12.949877067943602,35.29420303664219,False
D5_persist_null,,11.8,149,M4_delayed_info,17.78555192737842,40.2027120861994,12.949877067943602,35.29420303664219,False
D5_persist_null,,11.8,150,M1_autonomous_Schaefer,12.898433058113843,33.477343256025954,12.154803029482967,21.302735070920335,False
D5_persist_null,,11.8,150,M1b_autonomous_Allee,12.728346093120068,34.13096246323625,12.154803029482967,21.302735070920335,False
D5_persist_null,,11.8,150,M2_stockflow_regimeC,12.898433058113843,33.477343256025954,12.154803029482967,21.302735070920335,False
D5_persist_null,,11.8,150,M3_AR_residual,14.662665464213731,38.67623372391362,12.154803029482967,21.302735070920335,False
D5_persist_null,,11.8,150,M4_delayed_info,18.14944579757042,39.953583793376566,12.154803029482967,21.302735070920335,False
D5_persist_null,,11.8,151,M1_autonomous_Schaefer,11.10679873490351,18.11393242072856,11.562779371919163,21.898421370294813,False
D5_persist_null,,11.8,151,M1b_autonomous_Allee,11.4285511401827,23.881256869970105,11.562779371919163,21.898421370294813,False
D5_persist_null,,11.8,151,M2_stockflow_regimeC,11.10679873490351,18.11393242072856,11.562779371919163,21.898421370294813,False
D5_persist_null,,11.8,151,M3_AR_residual,11.21609837445287,17.758394284914168,11.562779371919163,21.898421370294813,False
D5_persist_null,,11.8,151,M4_delayed_info,13.681462001055657,18.652069136494855,11.562779371919163,21.898421370294813,False
D5_persist_null,,11.8,152,M1_autonomous_Schaefer,9.429817264913698,20.371921920823567,9.418421055969208,20.235540454200123,False
D5_persist_null,,11.8,152,M1b_autonomous_Allee,9.97676877545917,26.70284957337422,9.418421055969208,20.235540454200123,False
D5_persist_null,,11.8,152,M2_stockflow_regimeC,9.429817264913698,20.371921920823567,9.418421055969208,20.235540454200123,False
D5_persist_null,,11.8,152,M3_AR_residual,9.854423098716167,20.772878201863012,9.418421055969208,20.235540454200123,False
D5_persist_null,,11.8,152,M4_delayed_info,13.21954005369963,21.56926494752819,9.418421055969208,20.235540454200123,False
D5_persist_null,,11.8,153,M1_autonomous_Schaefer,13.030010510575023,37.25625717073018,13.01104283175725,37.10490976163164,False
D5_persist_null,,11.8,153,M1b_autonomous_Allee,13.827239804408618,59.65938782555609,13.01104283175725,37.10490976163164,False
D5_persist_null,,11.8,153,M2_stockflow_regimeC,13.030010510575023,37.25625717073018,13.01104283175725,37.10490976163164,False
D5_persist_null,,11.8,153,M3_AR_residual,13.679691668616485,47.462005241246715,13.01104283175725,37.10490976163164,False
D5_persist_null,,11.8,153,M4_delayed_info,14.380225963543852,46.34267582522747,13.01104283175725,37.10490976163164,False
D5_persist_null,,11.8,154,M1_autonomous_Schaefer,10.386342529316453,23.92810733908131,10.379123159642052,23.67790635560871,False
D5_persist_null,,11.8,154,M1b_autonomous_Allee,10.764257731621365,29.984234643508856,10.379123159642052,23.67790635560871,False
D5_persist_null,,11.8,154,M2_stockflow_regimeC,10.386342529316453,23.92810733908131,10.379123159642052,23.67790635560871,False
D5_persist_null,,11.8,154,M3_AR_residual,10.837354067782037,23.803015221303998,10.379123159642052,23.67790635560871,False
D5_persist_null,,11.8,154,M4_delayed_info,15.205294613071358,24.195437518061993,10.379123159642052,23.67790635560871,False
D5_persist_null,,11.8,155,M1_autonomous_Schaefer,10.15382965586639,18.28709796725229,10.127145972312732,18.111036785781064,False
D5_persist_null,,11.8,155,M1b_autonomous_Allee,10.89926242679477,26.230280098625503,10.127145972312732,18.111036785781064,False
D5_persist_null,,11.8,155,M2_stockflow_regimeC,10.15382965586639,18.28709796725229,10.127145972312732,18.111036785781064,False
D5_persist_null,,11.8,155,M3_AR_residual,10.692569333900202,18.90552853920639,10.127145972312732,18.111036785781064,False
D5_persist_null,,11.8,155,M4_delayed_info,14.271154424643761,20.706660236876186,10.127145972312732,18.111036785781064,False
D5_persist_null,,11.8,156,M1_autonomous_Schaefer,11.994811487389718,18.085434063030267,11.893234143100353,17.59316231005855,False
D5_persist_null,,11.8,156,M1b_autonomous_Allee,12.22568727372322,19.902612612188484,11.893234143100353,17.59316231005855,False
D5_persist_null,,11.8,156,M2_stockflow_regimeC,11.994811487389718,18.085434063030267,11.893234143100353,17.59316231005855,False
D5_persist_null,,11.8,156,M3_AR_residual,11.75513943079382,17.2743864516753,11.893234143100353,17.59316231005855,False
D5_persist_null,,11.8,156,M4_delayed_info,14.75084309045433,16.30415885159956,11.893234143100353,17.59316231005855,False
D5_persist_null,,11.8,157,M1_autonomous_Schaefer,12.594595540975613,35.335661488851486,12.579113945380806,35.18290553454116,False
D5_persist_null,,11.8,157,M1b_autonomous_Allee,13.698291078974616,49.263855234813846,12.579113945380806,35.18290553454116,False
D5_persist_null,,11.8,157,M2_stockflow_regimeC,12.594595540975613,35.335661488851486,12.579113945380806,35.18290553454116,False
D5_persist_null,,11.8,157,M3_AR_residual,12.469397002816399,35.47034030083608,12.579113945380806,35.18290553454116,False
D5_persist_null,,11.8,157,M4_delayed_info,17.69993254096391,39.55008197729071,12.579113945380806,35.18290553454116,False
D5_persist_null,,11.8,158,M1_autonomous_Schaefer,10.326059321950135,30.38305999416603,10.587206855670733,30.155292006649294,False
D5_persist_null,,11.8,158,M1b_autonomous_Allee,10.471658298248807,32.42786187218301,10.587206855670733,30.155292006649294,False
D5_persist_null,,11.8,158,M2_stockflow_regimeC,10.326059321950135,30.38305999416603,10.587206855670733,30.155292006649294,False
D5_persist_null,,11.8,158,M3_AR_residual,10.730651174946301,29.90230541579103,10.587206855670733,30.155292006649294,False
D5_persist_null,,11.8,158,M4_delayed_info,13.76115477305871,30.22430075187354,10.587206855670733,30.155292006649294,False
D5_persist_null,,11.8,159,M1_autonomous_Schaefer,10.244001974995559,25.864558328528197,10.156709902505602,24.66548821713211,False
D5_persist_null,,11.8,159,M1b_autonomous_Allee,10.435519669392132,29.146165835031116,10.156709902505602,24.66548821713211,False
D5_persist_null,,11.8,159,M2_stockflow_regimeC,10.244001974995559,25.864558328528197,10.156709902505602,24.66548821713211,False
D5_persist_null,,11.8,159,M3_AR_residual,10.619751513379391,26.1062908863153,10.156709902505602,24.66548821713211,False
D5_persist_null,,11.8,159,M4_delayed_info,13.640030913495732,25.906437729660073,10.156709902505602,24.66548821713211,False
D5_persist_null,,11.8,160,M1_autonomous_Schaefer,12.69648181492594,34.15590748507148,12.231459843329645,30.003796595506376,False
D5_persist_null,,11.8,160,M1b_autonomous_Allee,13.378376311348621,38.0495628139648,12.231459843329645,30.003796595506376,False
D5_persist_null,,11.8,160,M2_stockflow_regimeC,12.69648181492594,34.15590748507148,12.231459843329645,30.003796595506376,False
D5_persist_null,,11.8,160,M3_AR_residual,13.576994602451157,35.065844769981545,12.231459843329645,30.003796595506376,False
D5_persist_null,,11.8,160,M4_delayed_info,17.679149943395725,36.40534442621799,12.231459843329645,30.003796595506376,False
D5_persist_null,,11.8,161,M1_autonomous_Schaefer,11.478797629298402,27.81420291240167,11.446468084269299,27.32732639266323,False
D5_persist_null,,11.8,161,M1b_autonomous_Allee,12.087380882559968,33.47817252029773,11.446468084269299,27.32732639266323,False
D5_persist_null,,11.8,161,M2_stockflow_regimeC,11.478797629298402,27.81420291240167,11.446468084269299,27.32732639266323,False
D5_persist_null,,11.8,161,M3_AR_residual,11.81678359913943,27.545372807303067,11.446468084269299,27.32732639266323,False
D5_persist_null,,11.8,161,M4_delayed_info,14.111024239587866,28.444265284763674,11.446468084269299,27.32732639266323,False
D5_persist_null,,11.8,162,M1_autonomous_Schaefer,12.721586106312484,28.77914956114529,12.792589035935764,29.693324488299353,False
D5_persist_null,,11.8,162,M1b_autonomous_Allee,13.44921036026133,40.62883731923442,12.792589035935764,29.693324488299353,False
D5_persist_null,,11.8,162,M2_stockflow_regimeC,12.721586106312484,28.77914956114529,12.792589035935764,29.693324488299353,False
D5_persist_null,,11.8,162,M3_AR_residual,13.046877634108338,29.152744485430254,12.792589035935764,29.693324488299353,False
D5_persist_null,,11.8,162,M4_delayed_info,17.593577721453592,31.945125420392657,12.792589035935764,29.693324488299353,False
D5_persist_null,,11.8,163,M1_autonomous_Schaefer,10.294025510199505,16.283873122147625,10.157062613773567,15.051536393047265,False
D5_persist_null,,11.8,163,M1b_autonomous_Allee,10.670316553508336,20.396199382165317,10.157062613773567,15.051536393047265,False
D5_persist_null,,11.8,163,M2_stockflow_regimeC,10.294025510199505,16.283873122147625,10.157062613773567,15.051536393047265,False
D5_persist_null,,11.8,163,M3_AR_residual,10.407315454111723,16.092222920532755,10.157062613773567,15.051536393047265,False
D5_persist_null,,11.8,163,M4_delayed_info,13.649073698443637,17.535524669361003,10.157062613773567,15.051536393047265,False
D5_persist_null,,11.8,164,M1_autonomous_Schaefer,11.76260215814446,26.87459049790552,11.701547991737993,24.922827622431257,False
D5_persist_null,,11.8,164,M1b_autonomous_Allee,12.02245645259405,28.807519571039872,11.701547991737993,24.922827622431257,False
D5_persist_null,,11.8,164,M2_stockflow_regimeC,11.76260215814446,26.87459049790552,11.701547991737993,24.922827622431257,False
D5_persist_null,,11.8,164,M3_AR_residual,11.978314306362732,27.42558263893797,11.701547991737993,24.922827622431257,False
D5_persist_null,,11.8,164,M4_delayed_info,16.129008420802005,30.731430776310024,11.701547991737993,24.922827622431257,False
D5_persist_null,,11.8,165,M1_autonomous_Schaefer,11.43730411481289,19.631626243663103,11.517072726225278,19.59177331116707,False
D5_persist_null,,11.8,165,M1b_autonomous_Allee,11.762000870328608,21.427017435790496,11.517072726225278,19.59177331116707,False
D5_persist_null,,11.8,165,M2_stockflow_regimeC,11.43730411481289,19.631626243663103,11.517072726225278,19.59177331116707,False
D5_persist_null,,11.8,165,M3_AR_residual,11.624737940448986,19.83178978379614,11.517072726225278,19.59177331116707,False
D5_persist_null,,11.8,165,M4_delayed_info,15.627232382724014,22.03729749514842,11.517072726225278,19.59177331116707,False
D5_persist_null,,11.8,166,M1_autonomous_Schaefer,11.7486549012188,35.639770799673315,11.299442259877516,34.99464356707669,False
D5_persist_null,,11.8,166,M1b_autonomous_Allee,11.821037318070664,37.44514540457498,11.299442259877516,34.99464356707669,False
D5_persist_null,,11.8,166,M2_stockflow_regimeC,11.7486549012188,35.639770799673315,11.299442259877516,34.99464356707669,False
D5_persist_null,,11.8,166,M3_AR_residual,11.393709052295929,35.52588561391925,11.299442259877516,34.99464356707669,False
D5_persist_null,,11.8,166,M4_delayed_info,15.776006361123901,37.19210629662224,11.299442259877516,34.99464356707669,False
D5_persist_null,,11.8,167,M1_autonomous_Schaefer,10.795613504915348,22.203085812069002,10.78066399112406,22.026478299466998,False
D5_persist_null,,11.8,167,M1b_autonomous_Allee,11.788700073899248,34.73091787208155,10.78066399112406,22.026478299466998,False
D5_persist_null,,11.8,167,M2_stockflow_regimeC,10.795613504915348,22.203085812069002,10.78066399112406,22.026478299466998,False
D5_persist_null,,11.8,167,M3_AR_residual,11.46259009020579,22.828472873983888,10.78066399112406,22.026478299466998,False
D5_persist_null,,11.8,167,M4_delayed_info,14.158418135800975,23.57094078798266,10.78066399112406,22.026478299466998,False
D5_persist_null,,11.8,168,M1_autonomous_Schaefer,13.314797671647348,29.725079175782362,13.151865546403688,28.07323763754168,False
D5_persist_null,,11.8,168,M1b_autonomous_Allee,13.63052939988443,31.29844558932515,13.151865546403688,28.07323763754168,False
D5_persist_null,,11.8,168,M2_stockflow_regimeC,13.314797671647348,29.725079175782362,13.151865546403688,28.07323763754168,False
D5_persist_null,,11.8,168,M3_AR_residual,13.611507805423777,30.64891018316445,13.151865546403688,28.07323763754168,False
D5_persist_null,,11.8,168,M4_delayed_info,15.718060016001463,31.14406041859797,13.151865546403688,28.07323763754168,False
D5_persist_null,,11.8,169,M1_autonomous_Schaefer,11.755667788262128,26.00521961225792,11.740639194794328,25.790223570227912,False
D5_persist_null,,11.8,169,M1b_autonomous_Allee,12.558137030768076,29.47367738546554,11.740639194794328,25.790223570227912,False
D5_persist_null,,11.8,169,M2_stockflow_regimeC,11.755667788262128,26.00521961225792,11.740639194794328,25.790223570227912,False
D5_persist_null,,11.8,169,M3_AR_residual,12.4669300293521,26.836195828059743,11.740639194794328,25.790223570227912,False
D5_persist_null,,11.8,169,M4_delayed_info,14.526820373869509,28.451891872391595,11.740639194794328,25.790223570227912,False
D5_persist_null,,11.8,170,M1_autonomous_Schaefer,12.0911412594476,24.098475961121924,12.143150877779004,24.198221139637294,False
D5_persist_null,,11.8,170,M1b_autonomous_Allee,12.307120588825661,25.775318516099336,12.143150877779004,24.198221139637294,False
D5_persist_null,,11.8,170,M2_stockflow_regimeC,12.0911412594476,24.098475961121924,12.143150877779004,24.198221139637294,False
D5_persist_null,,11.8,170,M3_AR_residual,12.532275212046988,24.077286380617632,12.143150877779004,24.198221139637294,False
D5_persist_null,,11.8,170,M4_delayed_info,16.809335409973862,24.47143241486866,12.143150877779004,24.198221139637294,False
D5_persist_null,,11.8,171,M1_autonomous_Schaefer,13.806959560549105,34.51547748239414,13.421615971808702,31.41184398660177,False
D5_persist_null,,11.8,171,M1b_autonomous_Allee,14.060193675741903,38.891544648939515,13.421615971808702,31.41184398660177,False
D5_persist_null,,11.8,171,M2_stockflow_regimeC,13.806959560549105,34.51547748239414,13.421615971808702,31.41184398660177,False
D5_persist_null,,11.8,171,M3_AR_residual,14.35888350626281,34.333483271563686,13.421615971808702,31.41184398660177,False
D5_persist_null,,11.8,171,M4_delayed_info,19.272695016183434,37.179847104719116,13.421615971808702,31.41184398660177,False
D5_persist_null,,11.8,172,M1_autonomous_Schaefer,13.773769335322463,36.87410592517577,13.669058817492084,36.11806961060813,False
D5_persist_null,,11.8,172,M1b_autonomous_Allee,13.500715207170494,23.683980586391026,13.669058817492084,36.11806961060813,False
D5_persist_null,,11.8,172,M2_stockflow_regimeC,13.773769335322463,36.87410592517577,13.669058817492084,36.11806961060813,False
D5_persist_null,,11.8,172,M3_AR_residual,14.351918933194163,37.738309606749375,13.669058817492084,36.11806961060813,False
D5_persist_null,,11.8,172,M4_delayed_info,20.425674211620183,44.29888068679538,13.669058817492084,36.11806961060813,False
D5_persist_null,,11.8,173,M1_autonomous_Schaefer,13.467166357704512,16.506008305754023,14.102554704714471,20.056869948336303,False
D5_persist_null,,11.8,173,M1b_autonomous_Allee,14.17462913006305,18.061971208056377,14.102554704714471,20.056869948336303,False
D5_persist_null,,11.8,173,M2_stockflow_regimeC,13.467166357704512,16.506008305754023,14.102554704714471,20.056869948336303,False
D5_persist_null,,11.8,173,M3_AR_residual,14.066019122292312,16.48887042084633,14.102554704714471,20.056869948336303,False
D5_persist_null,,11.8,173,M4_delayed_info,19.48509862171433,17.892735829822865,14.102554704714471,20.056869948336303,False
D5_persist_null,,11.8,174,M1_autonomous_Schaefer,11.777995109865602,25.475876730094182,11.319109524430454,22.206150152284486,False
D5_persist_null,,11.8,174,M1b_autonomous_Allee,11.707574404684586,24.568668192506777,11.319109524430454,22.206150152284486,False
D5_persist_null,,11.8,174,M2_stockflow_regimeC,11.777995109865602,25.475876730094182,11.319109524430454,22.206150152284486,False
D5_persist_null,,11.8,174,M3_AR_residual,12.490583330395133,26.23616366927281,11.319109524430454,22.206150152284486,False
D5_persist_null,,11.8,174,M4_delayed_info,17.441841607797915,27.025603248868677,11.319109524430454,22.206150152284486,False
D5_persist_null,,11.8,175,M1_autonomous_Schaefer,10.581770644533488,24.074718657714257,10.491836783655174,22.99150731787966,False
D5_persist_null,,11.8,175,M1b_autonomous_Allee,10.720850134831437,29.28070382236009,10.491836783655174,22.99150731787966,False
D5_persist_null,,11.8,175,M2_stockflow_regimeC,10.581770644533488,24.074718657714257,10.491836783655174,22.99150731787966,False
D5_persist_null,,11.8,175,M3_AR_residual,10.953848826995213,24.466176481247885,10.491836783655174,22.99150731787966,False
D5_persist_null,,11.8,175,M4_delayed_info,15.28381030836693,25.68230755669261,10.491836783655174,22.99150731787966,False
D5_persist_null,,11.8,176,M1_autonomous_Schaefer,11.161634260986977,20.12238100179955,11.165537765150187,20.047710086425184,False
D5_persist_null,,11.8,176,M1b_autonomous_Allee,12.568550989430886,30.726247298022788,11.165537765150187,20.047710086425184,False
D5_persist_null,,11.8,176,M2_stockflow_regimeC,11.161634260986977,20.12238100179955,11.165537765150187,20.047710086425184,False
D5_persist_null,,11.8,176,M3_AR_residual,12.972103815817833,26.544280900912344,11.165537765150187,20.047710086425184,False
D5_persist_null,,11.8,176,M4_delayed_info,12.911283700183152,24.380570166682485,11.165537765150187,20.047710086425184,False
D5_persist_null,,11.8,177,M1_autonomous_Schaefer,11.669113625719385,21.437476659088258,11.488404506915783,19.42013272341276,False
D5_persist_null,,11.8,177,M1b_autonomous_Allee,11.771496753037937,21.846812408628256,11.488404506915783,19.42013272341276,False
D5_persist_null,,11.8,177,M2_stockflow_regimeC,11.669113625719385,21.437476659088258,11.488404506915783,19.42013272341276,False
D5_persist_null,,11.8,177,M3_AR_residual,11.920570910226068,21.523446136895814,11.488404506915783,19.42013272341276,False
D5_persist_null,,11.8,177,M4_delayed_info,15.104738331063096,22.823766228378265,11.488404506915783,19.42013272341276,False
D5_persist_null,,11.8,178,M1_autonomous_Schaefer,12.80633548393576,25.823113069048183,12.941059546697751,24.509786842267445,False
D5_persist_null,,11.8,178,M1b_autonomous_Allee,12.964403787669578,26.39581297837236,12.941059546697751,24.509786842267445,False
D5_persist_null,,11.8,178,M2_stockflow_regimeC,12.80633548393576,25.823113069048183,12.941059546697751,24.509786842267445,False
D5_persist_null,,11.8,178,M3_AR_residual,13.586289395769171,26.243690260806332,12.941059546697751,24.509786842267445,False
D5_persist_null,,11.8,178,M4_delayed_info,19.345306301333466,28.662787841087557,12.941059546697751,24.509786842267445,False
D5_persist_null,,11.8,179,M1_autonomous_Schaefer,10.324971314292652,24.714977836743106,10.313019278584981,24.505110521094252,False
D5_persist_null,,11.8,179,M1b_autonomous_Allee,10.922591723265384,25.798215086711362,10.313019278584981,24.505110521094252,False
D5_persist_null,,11.8,179,M2_stockflow_regimeC,10.324971314292652,24.714977836743106,10.313019278584981,24.505110521094252,False
D5_persist_null,,11.8,179,M3_AR_residual,10.308626253518032,24.551241672371717,10.313019278584981,24.505110521094252,False
D5_persist_null,,11.8,179,M4_delayed_info,14.719185426446131,28.532529368200276,10.313019278584981,24.505110521094252,False
D5_persist_null,,11.8,180,M1_autonomous_Schaefer,13.665718550661063,19.436498740199195,14.27516154144238,24.979310599027936,False
D5_persist_null,,11.8,180,M1b_autonomous_Allee,14.561243988353967,23.840907230764778,14.27516154144238,24.979310599027936,False
D5_persist_null,,11.8,180,M2_stockflow_regimeC,13.665718550661063,19.436498740199195,14.27516154144238,24.979310599027936,False
D5_persist_null,,11.8,180,M3_AR_residual,13.923045946642782,19.304717382627384,14.27516154144238,24.979310599027936,False
D5_persist_null,,11.8,180,M4_delayed_info,18.543797067518046,18.372746796273905,14.27516154144238,24.979310599027936,False
D5_persist_null,,11.8,181,M1_autonomous_Schaefer,14.305628342574215,35.67067130033756,13.516179003561176,27.895119810611916,False
D5_persist_null,,11.8,181,M1b_autonomous_Allee,14.226937354904171,35.2944411353236,13.516179003561176,27.895119810611916,False
D5_persist_null,,11.8,181,M2_stockflow_regimeC,14.305628342574215,35.67067130033756,13.516179003561176,27.895119810611916,False
D5_persist_null,,11.8,181,M3_AR_residual,14.821515379218058,36.25837576105315,13.516179003561176,27.895119810611916,False
D5_persist_null,,11.8,181,M4_delayed_info,19.646958543240494,39.038142210541714,13.516179003561176,27.895119810611916,False
D5_persist_null,,11.8,182,M1_autonomous_Schaefer,12.426561274912247,25.88728557790964,12.550606790839824,27.77669825676709,False
D5_persist_null,,11.8,182,M1b_autonomous_Allee,12.665969671652753,30.461447528485305,12.550606790839824,27.77669825676709,False
D5_persist_null,,11.8,182,M2_stockflow_regimeC,12.426561274912247,25.88728557790964,12.550606790839824,27.77669825676709,False
D5_persist_null,,11.8,182,M3_AR_residual,13.113729108561921,25.935799245496,12.550606790839824,27.77669825676709,False
D5_persist_null,,11.8,182,M4_delayed_info,17.3753286147674,27.22519651357564,12.550606790839824,27.77669825676709,False
D5_persist_null,,11.8,183,M1_autonomous_Schaefer,16.574073274909995,53.68927246978514,15.256460061576188,38.83235334452236,False
D5_persist_null,,11.8,183,M1b_autonomous_Allee,16.92062539573835,56.72156845930034,15.256460061576188,38.83235334452236,False
D5_persist_null,,11.8,183,M2_stockflow_regimeC,16.574073274909995,53.68927246978514,15.256460061576188,38.83235334452236,False
D5_persist_null,,11.8,183,M3_AR_residual,16.29349843318127,52.24456408659738,15.256460061576188,38.83235334452236,False
D5_persist_null,,11.8,183,M4_delayed_info,22.150934855508474,55.04627161194293,15.256460061576188,38.83235334452236,False
D5_persist_null,,11.8,184,M1_autonomous_Schaefer,12.301174151455422,24.19108873600671,12.079457629313048,23.68158211366796,False
D5_persist_null,,11.8,184,M1b_autonomous_Allee,12.740304366976494,29.739815928316883,12.079457629313048,23.68158211366796,False
D5_persist_null,,11.8,184,M2_stockflow_regimeC,12.301174151455422,24.19108873600671,12.079457629313048,23.68158211366796,False
D5_persist_null,,11.8,184,M3_AR_residual,13.190465210125389,25.024170749130484,12.079457629313048,23.68158211366796,False
D5_persist_null,,11.8,184,M4_delayed_info,16.925055803160628,25.64783913077254,12.079457629313048,23.68158211366796,False
D5_persist_null,,11.8,185,M1_autonomous_Schaefer,14.25715157945206,32.579902885104694,13.359776847178788,27.926273931561855,False
D5_persist_null,,11.8,185,M1b_autonomous_Allee,14.115211922014701,39.28056355508773,13.359776847178788,27.926273931561855,False
D5_persist_null,,11.8,185,M2_stockflow_regimeC,14.25715157945206,32.579902885104694,13.359776847178788,27.926273931561855,False
D5_persist_null,,11.8,185,M3_AR_residual,14.761393434024907,38.57409184987148,13.359776847178788,27.926273931561855,False
D5_persist_null,,11.8,185,M4_delayed_info,15.022383580156847,34.38950338565735,13.359776847178788,27.926273931561855,False
D5_persist_null,,11.8,186,M1_autonomous_Schaefer,13.165975154115124,32.064819984395406,12.836858037577754,28.028415262999815,False
D5_persist_null,,11.8,186,M1b_autonomous_Allee,13.236969587678757,32.770549718631024,12.836858037577754,28.028415262999815,False
D5_persist_null,,11.8,186,M2_stockflow_regimeC,13.165975154115124,32.064819984395406,12.836858037577754,28.028415262999815,False
D5_persist_null,,11.8,186,M3_AR_residual,13.66594790303464,32.32196510876613,12.836858037577754,28.028415262999815,False
D5_persist_null,,11.8,186,M4_delayed_info,18.606437958209924,35.52491358434577,12.836858037577754,28.028415262999815,False
D5_persist_null,,11.8,187,M1_autonomous_Schaefer,10.905128704991366,22.061533734197273,10.42951700531045,17.52747611285258,False
D5_persist_null,,11.8,187,M1b_autonomous_Allee,10.851542798098505,22.828376556628726,10.42951700531045,17.52747611285258,False
D5_persist_null,,11.8,187,M2_stockflow_regimeC,10.905128704991366,22.061533734197273,10.42951700531045,17.52747611285258,False
D5_persist_null,,11.8,187,M3_AR_residual,11.035306399273583,22.256083060009846,10.42951700531045,17.52747611285258,False
D5_persist_null,,11.8,187,M4_delayed_info,14.0741023895769,23.6697945779963,10.42951700531045,17.52747611285258,False
D5_persist_null,,11.8,188,M1_autonomous_Schaefer,10.339211489083175,32.707444448579366,10.277985379773993,31.97986114623261,False
D5_persist_null,,11.8,188,M1b_autonomous_Allee,11.068555911986634,47.163785016443526,10.277985379773993,31.97986114623261,False
D5_persist_null,,11.8,188,M2_stockflow_regimeC,10.339211489083175,32.707444448579366,10.277985379773993,31.97986114623261,False
D5_persist_null,,11.8,188,M3_AR_residual,10.793578829517438,33.301167609032184,10.277985379773993,31.97986114623261,False
D5_persist_null,,11.8,188,M4_delayed_info,15.936853452325709,37.994853419798,10.277985379773993,31.97986114623261,False
D5_persist_null,,11.8,189,M1_autonomous_Schaefer,9.646837597425304,11.326544982465627,10.048963729702661,11.795993211152167,False
D5_persist_null,,11.8,189,M1b_autonomous_Allee,9.851778293979834,15.720769374833669,10.048963729702661,11.795993211152167,False
D5_persist_null,,11.8,189,M2_stockflow_regimeC,9.646837597425304,11.326544982465627,10.048963729702661,11.795993211152167,False
D5_persist_null,,11.8,189,M3_AR_residual,9.2004633608421,11.466644900020063,10.048963729702661,11.795993211152167,False
D5_persist_null,,11.8,189,M4_delayed_info,11.278499114367246,12.747593536002025,10.048963729702661,11.795993211152167,False
D5_persist_null,,11.8,190,M1_autonomous_Schaefer,10.267366057546305,29.156201169864737,9.964158455790177,25.106392077083946,False
D5_persist_null,,11.8,190,M1b_autonomous_Allee,10.614095405643642,36.01700661488769,9.964158455790177,25.106392077083946,False
D5_persist_null,,11.8,190,M2_stockflow_regimeC,10.267366057546305,29.156201169864737,9.964158455790177,25.106392077083946,False
D5_persist_null,,11.8,190,M3_AR_residual,10.648943118467184,29.039907557463778,9.964158455790177,25.106392077083946,False
D5_persist_null,,11.8,190,M4_delayed_info,14.3087692297977,29.827892609593874,9.964158455790177,25.106392077083946,False
D5_persist_null,,11.8,191,M1_autonomous_Schaefer,9.572485614617124,13.546093467266157,9.438716901354253,11.865391954780081,False
D5_persist_null,,11.8,191,M1b_autonomous_Allee,10.622031403844788,23.925512569057187,9.438716901354253,11.865391954780081,False
D5_persist_null,,11.8,191,M2_stockflow_regimeC,9.572485614617124,13.546093467266157,9.438716901354253,11.865391954780081,False
D5_persist_null,,11.8,191,M3_AR_residual,10.022465037325473,14.48301850943567,9.438716901354253,11.865391954780081,False
D5_persist_null,,11.8,191,M4_delayed_info,9.458336084573583,14.074725829280691,9.438716901354253,11.865391954780081,False
D5_persist_null,,11.8,192,M1_autonomous_Schaefer,11.829883589947348,26.23536077162217,11.52952958559456,23.724955460977515,False
D5_persist_null,,11.8,192,M1b_autonomous_Allee,12.044201300529927,28.6419017536797,11.52952958559456,23.724955460977515,False
D5_persist_null,,11.8,192,M2_stockflow_regimeC,11.829883589947348,26.23536077162217,11.52952958559456,23.724955460977515,False
D5_persist_null,,11.8,192,M3_AR_residual,12.353292859745714,26.406427029225725,11.52952958559456,23.724955460977515,False
D5_persist_null,,11.8,192,M4_delayed_info,15.612684093786987,27.182705554142302,11.52952958559456,23.724955460977515,False
D5_persist_null,,11.8,193,M1_autonomous_Schaefer,11.597943137983705,18.731477628956245,11.623835342971923,18.99854172468647,False
D5_persist_null,,11.8,193,M1b_autonomous_Allee,12.548734168207009,26.184446128296827,11.623835342971923,18.99854172468647,False
D5_persist_null,,11.8,193,M2_stockflow_regimeC,11.597943137983705,18.731477628956245,11.623835342971923,18.99854172468647,False
D5_persist_null,,11.8,193,M3_AR_residual,11.881047596251907,19.49207027417248,11.623835342971923,18.99854172468647,False
D5_persist_null,,11.8,193,M4_delayed_info,13.870160996536104,21.521387309631876,11.623835342971923,18.99854172468647,False
D5_persist_null,,11.8,194,M1_autonomous_Schaefer,12.646656183278996,21.16711393228926,12.675649444241275,20.723805025589503,False
D5_persist_null,,11.8,194,M1b_autonomous_Allee,12.806481818023144,23.914391117287984,12.675649444241275,20.723805025589503,False
D5_persist_null,,11.8,194,M2_stockflow_regimeC,12.646656183278996,21.16711393228926,12.675649444241275,20.723805025589503,False
D5_persist_null,,11.8,194,M3_AR_residual,13.108284246119414,21.549777186570484,12.675649444241275,20.723805025589503,False
D5_persist_null,,11.8,194,M4_delayed_info,15.514213733117895,20.86779139738669,12.675649444241275,20.723805025589503,False
D5_persist_null,,11.8,195,M1_autonomous_Schaefer,13.660918695692406,18.66296007109412,13.94045088278794,20.860927524250673,False
D5_persist_null,,11.8,195,M1b_autonomous_Allee,13.776187695207243,20.031576651218774,13.94045088278794,20.860927524250673,False
D5_persist_null,,11.8,195,M2_stockflow_regimeC,13.660918695692406,18.66296007109412,13.94045088278794,20.860927524250673,False
D5_persist_null,,11.8,195,M3_AR_residual,13.799933001248482,18.520669325420254,13.94045088278794,20.860927524250673,False
D5_persist_null,,11.8,195,M4_delayed_info,16.054994266489597,17.84365664596914,13.94045088278794,20.860927524250673,False
D5_persist_null,,11.8,196,M1_autonomous_Schaefer,11.700088668126465,26.830100253770937,11.434590825270059,27.48328795720122,False
D5_persist_null,,11.8,196,M1b_autonomous_Allee,11.805667569321216,31.832052346932933,11.434590825270059,27.48328795720122,False
D5_persist_null,,11.8,196,M2_stockflow_regimeC,11.700088668126465,26.830100253770937,11.434590825270059,27.48328795720122,False
D5_persist_null,,11.8,196,M3_AR_residual,12.077677210432853,27.11441534776187,11.434590825270059,27.48328795720122,False
D5_persist_null,,11.8,196,M4_delayed_info,16.99521933996987,26.18084207793158,11.434590825270059,27.48328795720122,False
D5_persist_null,,11.8,197,M1_autonomous_Schaefer,13.299094358574648,29.873389676105596,13.1607179495272,28.833390188832304,False
D5_persist_null,,11.8,197,M1b_autonomous_Allee,13.359028733328609,46.93429094387486,13.1607179495272,28.833390188832304,False
D5_persist_null,,11.8,197,M2_stockflow_regimeC,13.299094358574648,29.873389676105596,13.1607179495272,28.833390188832304,False
D5_persist_null,,11.8,197,M3_AR_residual,14.796488588778963,31.072869071678102,13.1607179495272,28.833390188832304,False
D5_persist_null,,11.8,197,M4_delayed_info,20.164409076059055,33.34542822118152,13.1607179495272,28.833390188832304,False
D5_persist_null,,11.8,198,M1_autonomous_Schaefer,10.979687043414119,17.01764158358868,10.749468862122873,14.085617401109525,False
D5_persist_null,,11.8,198,M1b_autonomous_Allee,10.85761651131408,14.425149578391556,10.749468862122873,14.085617401109525,False
D5_persist_null,,11.8,198,M2_stockflow_regimeC,10.979687043414119,17.01764158358868,10.749468862122873,14.085617401109525,False
D5_persist_null,,11.8,198,M3_AR_residual,11.069878872629367,16.992890031934127,10.749468862122873,14.085617401109525,False
D5_persist_null,,11.8,198,M4_delayed_info,14.647274657484028,17.71112059410811,10.749468862122873,14.085617401109525,False
D5_persist_null,,11.8,199,M1_autonomous_Schaefer,11.453878954473526,20.79378492224563,11.204125794395576,18.429498902643434,False
D5_persist_null,,11.8,199,M1b_autonomous_Allee,11.94939499397819,23.587251622388884,11.204125794395576,18.429498902643434,False
D5_persist_null,,11.8,199,M2_stockflow_regimeC,11.453878954473526,20.79378492224563,11.204125794395576,18.429498902643434,False
D5_persist_null,,11.8,199,M3_AR_residual,11.277370640486772,20.976919546142057,11.204125794395576,18.429498902643434,False
D5_persist_null,,11.8,199,M4_delayed_info,14.243897565608165,24.339710063783603,11.204125794395576,18.429498902643434,False
D5_persist_null,,33.8,0,M1_autonomous_Schaefer,31.51888196114929,86.19782727313941,32.16481208348959,75.22301569803159,False
D5_persist_null,,33.8,0,M1b_autonomous_Allee,34.886594705102524,93.63029483060089,32.16481208348959,75.22301569803159,False
D5_persist_null,,33.8,0,M2_stockflow_regimeC,31.51888196114929,86.19782727313941,32.16481208348959,75.22301569803159,False
D5_persist_null,,33.8,0,M3_AR_residual,39.76878962357117,90.24702753820927,32.16481208348959,75.22301569803159,False
D5_persist_null,,33.8,0,M4_delayed_info,53.07987502993135,98.61308911688397,32.16481208348959,75.22301569803159,False
D5_persist_null,,33.8,1,M1_autonomous_Schaefer,31.91449778717254,48.099658683953805,32.21829904880216,53.869541900712015,False
D5_persist_null,,33.8,1,M1b_autonomous_Allee,32.176295540990566,54.064643508211596,32.21829904880216,53.869541900712015,False
D5_persist_null,,33.8,1,M2_stockflow_regimeC,31.91449778717254,48.099658683953805,32.21829904880216,53.869541900712015,False
D5_persist_null,,33.8,1,M3_AR_residual,32.32648439014518,48.157138895737184,32.21829904880216,53.869541900712015,False
D5_persist_null,,33.8,1,M4_delayed_info,38.57938270383781,53.04423026823688,32.21829904880216,53.869541900712015,False
D5_persist_null,,33.8,2,M1_autonomous_Schaefer,37.33389600463217,105.77687856545029,36.53051102129873,101.99208055706201,False
D5_persist_null,,33.8,2,M1b_autonomous_Allee,38.19787797696262,113.12655687327907,36.53051102129873,101.99208055706201,False
D5_persist_null,,33.8,2,M2_stockflow_regimeC,37.33389600463217,105.77687856545029,36.53051102129873,101.99208055706201,False
D5_persist_null,,33.8,2,M3_AR_residual,35.034247862924914,112.92009575617767,36.53051102129873,101.99208055706201,False
D5_persist_null,,33.8,2,M4_delayed_info,43.82876971767997,112.09827488481281,36.53051102129873,101.99208055706201,False
D5_persist_null,,33.8,3,M1_autonomous_Schaefer,31.660886770654283,54.33827744242218,32.00887097164998,63.00657032674528,False
D5_persist_null,,33.8,3,M1b_autonomous_Allee,34.02720426160925,68.56164485015238,32.00887097164998,63.00657032674528,False
D5_persist_null,,33.8,3,M2_stockflow_regimeC,31.660886770654283,54.33827744242218,32.00887097164998,63.00657032674528,False
D5_persist_null,,33.8,3,M3_AR_residual,33.17061337378596,55.00159473648507,32.00887097164998,63.00657032674528,False
D5_persist_null,,33.8,3,M4_delayed_info,38.40625724199842,51.639082860814064,32.00887097164998,63.00657032674528,False
D5_persist_null,,33.8,4,M1_autonomous_Schaefer,29.636793878914684,89.87623664441142,29.58377075417625,89.51999583480672,False
D5_persist_null,,33.8,4,M1b_autonomous_Allee,30.26048467786855,72.8291677847289,29.58377075417625,89.51999583480672,False
D5_persist_null,,33.8,4,M2_stockflow_regimeC,29.636793878914684,89.87623664441142,29.58377075417625,89.51999583480672,False
D5_persist_null,,33.8,4,M3_AR_residual,30.089350704818067,90.30128254206434,29.58377075417625,89.51999583480672,False
D5_persist_null,,33.8,4,M4_delayed_info,44.82041870907949,101.32829168738927,29.58377075417625,89.51999583480672,False
D5_persist_null,,33.8,5,M1_autonomous_Schaefer,37.07243541070925,61.32374660924172,36.848198423885975,59.94193680912045,False
D5_persist_null,,33.8,5,M1b_autonomous_Allee,37.45223939876118,62.80321059618659,36.848198423885975,59.94193680912045,False
D5_persist_null,,33.8,5,M2_stockflow_regimeC,37.07243541070925,61.32374660924172,36.848198423885975,59.94193680912045,False
D5_persist_null,,33.8,5,M3_AR_residual,39.73012667766713,59.588106033845435,36.848198423885975,59.94193680912045,False
D5_persist_null,,33.8,5,M4_delayed_info,49.67714624302258,57.98089775478814,36.848198423885975,59.94193680912045,False
D5_persist_null,,33.8,6,M1_autonomous_Schaefer,31.299394889276947,50.95603625309677,31.47464296205854,52.798713063278875,False
D5_persist_null,,33.8,6,M1b_autonomous_Allee,32.61218450679352,64.77298884631104,31.47464296205854,52.798713063278875,False
D5_persist_null,,33.8,6,M2_stockflow_regimeC,31.299394889276947,50.95603625309677,31.47464296205854,52.798713063278875,False
D5_persist_null,,33.8,6,M3_AR_residual,34.648443249463874,54.58511525937127,31.47464296205854,52.798713063278875,False
D5_persist_null,,33.8,6,M4_delayed_info,37.52486887003606,54.789772184780816,31.47464296205854,52.798713063278875,False
D5_persist_null,,33.8,7,M1_autonomous_Schaefer,38.25346159347214,149.3516421556064,37.22984488312998,112.95534614780125,False
D5_persist_null,,33.8,7,M1b_autonomous_Allee,38.621574129741695,161.2541000860633,37.22984488312998,112.95534614780125,False
D5_persist_null,,33.8,7,M2_stockflow_regimeC,38.25346159347214,149.3516421556064,37.22984488312998,112.95534614780125,False
D5_persist_null,,33.8,7,M3_AR_residual,42.104078007390406,149.81674567196114,37.22984488312998,112.95534614780125,False
D5_persist_null,,33.8,7,M4_delayed_info,54.018521229877805,152.61730261650274,37.22984488312998,112.95534614780125,False
D5_persist_null,,33.8,8,M1_autonomous_Schaefer,30.401761366761384,29.35656078324171,31.24603343583705,47.667270851347595,False
D5_persist_null,,33.8,8,M1b_autonomous_Allee,31.809485074084588,44.291037294397654,31.24603343583705,47.667270851347595,False
D5_persist_null,,33.8,8,M2_stockflow_regimeC,30.401761366761384,29.35656078324171,31.24603343583705,47.667270851347595,False
D5_persist_null,,33.8,8,M3_AR_residual,31.59362943943261,29.432990842942207,31.24603343583705,47.667270851347595,False
D5_persist_null,,33.8,8,M4_delayed_info,35.98064370591524,31.36842556689008,31.24603343583705,47.667270851347595,False
D5_persist_null,,33.8,9,M1_autonomous_Schaefer,44.96684287588394,63.27536622408765,44.95374639492726,63.235139826680005,False
D5_persist_null,,33.8,9,M1b_autonomous_Allee,47.89910997883072,88.09318752814872,44.95374639492726,63.235139826680005,False
D5_persist_null,,33.8,9,M2_stockflow_regimeC,44.96684287588394,63.27536622408765,44.95374639492726,63.235139826680005,False
D5_persist_null,,33.8,9,M3_AR_residual,47.17003214254567,70.7199514015093,44.95374639492726,63.235139826680005,False
D5_persist_null,,33.8,9,M4_delayed_info,48.024298525191924,61.55569426805814,44.95374639492726,63.235139826680005,False
D5_persist_null,,33.8,10,M1_autonomous_Schaefer,34.011077102551035,84.82436416730576,31.005140804674877,71.28152724329087,False
D5_persist_null,,33.8,10,M1b_autonomous_Allee,34.09308987913621,85.57665629754224,31.005140804674877,71.28152724329087,False
D5_persist_null,,33.8,10,M2_stockflow_regimeC,34.011077102551035,84.82436416730576,31.005140804674877,71.28152724329087,False
D5_persist_null,,33.8,10,M3_AR_residual,35.18111782626049,84.92398348073993,31.005140804674877,71.28152724329087,False
D5_persist_null,,33.8,10,M4_delayed_info,49.082858562289395,89.39549924578864,31.005140804674877,71.28152724329087,False
D5_persist_null,,33.8,11,M1_autonomous_Schaefer,34.360027531008875,88.11432463898312,33.87269125845346,78.60627962594977,False
D5_persist_null,,33.8,11,M1b_autonomous_Allee,35.33687251966643,92.73424720618611,33.87269125845346,78.60627962594977,False
D5_persist_null,,33.8,11,M2_stockflow_regimeC,34.360027531008875,88.11432463898312,33.87269125845346,78.60627962594977,False
D5_persist_null,,33.8,11,M3_AR_residual,35.58672032288306,88.26883093119966,33.87269125845346,78.60627962594977,False
D5_persist_null,,33.8,11,M4_delayed_info,50.8749397930752,95.58890015155613,33.87269125845346,78.60627962594977,False
D5_persist_null,,33.8,12,M1_autonomous_Schaefer,31.484779439063946,41.58144124223854,32.099550280978185,44.52209183605383,False
D5_persist_null,,33.8,12,M1b_autonomous_Allee,32.13057600954831,44.36732125377681,32.099550280978185,44.52209183605383,False
D5_persist_null,,33.8,12,M2_stockflow_regimeC,31.484779439063946,41.58144124223854,32.099550280978185,44.52209183605383,False
D5_persist_null,,33.8,12,M3_AR_residual,30.39396523408502,41.506827855007074,32.099550280978185,44.52209183605383,False
D5_persist_null,,33.8,12,M4_delayed_info,36.40062586124763,45.66241470429279,32.099550280978185,44.52209183605383,False
D5_persist_null,,33.8,13,M1_autonomous_Schaefer,22.723630571470032,27.170201683106438,22.725628168749672,27.11192985690039,False
D5_persist_null,,33.8,13,M1b_autonomous_Allee,24.55804534659198,43.03688457768392,22.725628168749672,27.11192985690039,False
D5_persist_null,,33.8,13,M2_stockflow_regimeC,22.723630571470032,27.170201683106438,22.725628168749672,27.11192985690039,False
D5_persist_null,,33.8,13,M3_AR_residual,24.151158627823683,29.781795695244668,22.725628168749672,27.11192985690039,False
D5_persist_null,,33.8,13,M4_delayed_info,28.048436248164315,28.282466433475832,22.725628168749672,27.11192985690039,False
D5_persist_null,,33.8,14,M1_autonomous_Schaefer,29.024386958186845,56.12323610747211,27.67495328183943,49.89498258503017,False
D5_persist_null,,33.8,14,M1b_autonomous_Allee,29.365181329460153,53.14662517109008,27.67495328183943,49.89498258503017,False
D5_persist_null,,33.8,14,M2_stockflow_regimeC,29.024386958186845,56.12323610747211,27.67495328183943,49.89498258503017,False
D5_persist_null,,33.8,14,M3_AR_residual,30.009115752560994,56.07368359206624,27.67495328183943,49.89498258503017,False
D5_persist_null,,33.8,14,M4_delayed_info,38.81007653295127,55.393244549000876,27.67495328183943,49.89498258503017,False
D5_persist_null,,33.8,15,M1_autonomous_Schaefer,32.28601536485782,98.18246049373259,32.791471606678535,99.29957031948508,False
D5_persist_null,,33.8,15,M1b_autonomous_Allee,33.904261099354414,120.4273263889821,32.791471606678535,99.29957031948508,False
D5_persist_null,,33.8,15,M2_stockflow_regimeC,32.28601536485782,98.18246049373259,32.791471606678535,99.29957031948508,False
D5_persist_null,,33.8,15,M3_AR_residual,30.8481683495667,96.26221779843773,32.791471606678535,99.29957031948508,False
D5_persist_null,,33.8,15,M4_delayed_info,46.72101244310774,108.75197685336295,32.791471606678535,99.29957031948508,False
D5_persist_null,,33.8,16,M1_autonomous_Schaefer,36.70843836590626,90.9675407619682,35.078847557986975,78.60759974725516,False
D5_persist_null,,33.8,16,M1b_autonomous_Allee,38.048905246728076,103.59534082825243,35.078847557986975,78.60759974725516,False
D5_persist_null,,33.8,16,M2_stockflow_regimeC,36.70843836590626,90.9675407619682,35.078847557986975,78.60759974725516,False
D5_persist_null,,33.8,16,M3_AR_residual,37.56423727712744,90.856460028773,35.078847557986975,78.60759974725516,False
D5_persist_null,,33.8,16,M4_delayed_info,47.82706956798076,96.82380566797497,35.078847557986975,78.60759974725516,False
D5_persist_null,,33.8,17,M1_autonomous_Schaefer,23.53815594794188,50.95805358657146,23.499478450500547,50.445531224765816,False
D5_persist_null,,33.8,17,M1b_autonomous_Allee,26.258172537276003,68.55489892853895,23.499478450500547,50.445531224765816,False
D5_persist_null,,33.8,17,M2_stockflow_regimeC,23.53815594794188,50.95805358657146,23.499478450500547,50.445531224765816,False
D5_persist_null,,33.8,17,M3_AR_residual,22.83622163876299,53.41545006577453,23.499478450500547,50.445531224765816,False
D5_persist_null,,33.8,17,M4_delayed_info,27.38898898360107,53.08342325483663,23.499478450500547,50.445531224765816,False
D5_persist_null,,33.8,18,M1_autonomous_Schaefer,29.558547283694445,70.24965987188297,29.540020791849127,70.04295738126899,False
D5_persist_null,,33.8,18,M1b_autonomous_Allee,29.556166174737008,61.18201528884707,29.540020791849127,70.04295738126899,False
D5_persist_null,,33.8,18,M2_stockflow_regimeC,29.558547283694445,70.24965987188297,29.540020791849127,70.04295738126899,False
D5_persist_null,,33.8,18,M3_AR_residual,30.745749614065012,70.49589705011559,29.540020791849127,70.04295738126899,False
D5_persist_null,,33.8,18,M4_delayed_info,42.11599764599511,74.83426129044844,29.540020791849127,70.04295738126899,False
D5_persist_null,,33.8,19,M1_autonomous_Schaefer,39.52564324606953,89.98667414038735,39.50264020751765,89.85804790457826,False
D5_persist_null,,33.8,19,M1b_autonomous_Allee,39.24416679750081,88.78364097640218,39.50264020751765,89.85804790457826,False
D5_persist_null,,33.8,19,M2_stockflow_regimeC,39.52564324606953,89.98667414038735,39.50264020751765,89.85804790457826,False
D5_persist_null,,33.8,19,M3_AR_residual,39.73618967574696,91.13579891321363,39.50264020751765,89.85804790457826,False
D5_persist_null,,33.8,19,M4_delayed_info,51.97002619767958,98.10088173878742,39.50264020751765,89.85804790457826,False
D5_persist_null,,33.8,20,M1_autonomous_Schaefer,35.98345141483851,91.89639191816038,35.29300297573432,90.56553244020363,False
D5_persist_null,,33.8,20,M1b_autonomous_Allee,36.496094631668306,96.04253744435024,35.29300297573432,90.56553244020363,False
D5_persist_null,,33.8,20,M2_stockflow_regimeC,35.98345141483851,91.89639191816038,35.29300297573432,90.56553244020363,False
D5_persist_null,,33.8,20,M3_AR_residual,37.673757197426184,91.15943416951804,35.29300297573432,90.56553244020363,False
D5_persist_null,,33.8,20,M4_delayed_info,50.586128048935,90.51835459537764,35.29300297573432,90.56553244020363,False
D5_persist_null,,33.8,21,M1_autonomous_Schaefer,39.19354002883223,69.29696403235782,39.00500612604956,67.29699837091677,False
D5_persist_null,,33.8,21,M1b_autonomous_Allee,40.196228345110896,89.57160963827904,39.00500612604956,67.29699837091677,False
D5_persist_null,,33.8,21,M2_stockflow_regimeC,39.19354002883223,69.29696403235782,39.00500612604956,67.29699837091677,False
D5_persist_null,,33.8,21,M3_AR_residual,40.8349642190557,70.62993484567114,39.00500612604956,67.29699837091677,False
D5_persist_null,,33.8,21,M4_delayed_info,56.4269903980977,81.06560500510506,39.00500612604956,67.29699837091677,False
D5_persist_null,,33.8,22,M1_autonomous_Schaefer,36.30369564253245,94.40607974856496,34.842330660100934,83.96279650436931,False
D5_persist_null,,33.8,22,M1b_autonomous_Allee,36.123066962280824,87.80949511029753,34.842330660100934,83.96279650436931,False
D5_persist_null,,33.8,22,M2_stockflow_regimeC,36.30369564253245,94.40607974856496,34.842330660100934,83.96279650436931,False
D5_persist_null,,33.8,22,M3_AR_residual,37.568417669030865,94.7727760692054,34.842330660100934,83.96279650436931,False
D5_persist_null,,33.8,22,M4_delayed_info,51.08107193404283,93.14982146705471,34.842330660100934,83.96279650436931,False
D5_persist_null,,33.8,23,M1_autonomous_Schaefer,38.5333114900819,57.37819540700716,37.61430822680882,46.39824007380779,False
D5_persist_null,,33.8,23,M1b_autonomous_Allee,37.78356129344181,47.303808516908255,37.61430822680882,46.39824007380779,False
D5_persist_null,,33.8,23,M2_stockflow_regimeC,38.5333114900819,57.37819540700716,37.61430822680882,46.39824007380779,False
D5_persist_null,,33.8,23,M3_AR_residual,39.66029687513256,57.976894764964406,37.61430822680882,46.39824007380779,False
D5_persist_null,,33.8,23,M4_delayed_info,51.435763591962264,65.87914161397659,37.61430822680882,46.39824007380779,False
D5_persist_null,,33.8,24,M1_autonomous_Schaefer,28.160066730606385,47.427739647177255,27.50099131454787,57.25528720526031,False
D5_persist_null,,33.8,24,M1b_autonomous_Allee,28.469624362167202,49.32398247283757,27.50099131454787,57.25528720526031,False
D5_persist_null,,33.8,24,M2_stockflow_regimeC,28.160066730606385,47.427739647177255,27.50099131454787,57.25528720526031,False
D5_persist_null,,33.8,24,M3_AR_residual,29.20193421036288,47.46090725984458,27.50099131454787,57.25528720526031,False
D5_persist_null,,33.8,24,M4_delayed_info,37.86666707887213,50.81426698375874,27.50099131454787,57.25528720526031,False
D5_persist_null,,33.8,25,M1_autonomous_Schaefer,44.87734072964655,94.25718649619155,44.12795131058301,87.72329540401374,False
D5_persist_null,,33.8,25,M1b_autonomous_Allee,44.069484806730074,95.14621746180148,44.12795131058301,87.72329540401374,False
D5_persist_null,,33.8,25,M2_stockflow_regimeC,44.87734072964655,94.25718649619155,44.12795131058301,87.72329540401374,False
D5_persist_null,,33.8,25,M3_AR_residual,47.20994282322416,96.85196195267515,44.12795131058301,87.72329540401374,False
D5_persist_null,,33.8,25,M4_delayed_info,60.7285354410585,92.91708247828684,44.12795131058301,87.72329540401374,False
D5_persist_null,,33.8,26,M1_autonomous_Schaefer,39.519870692685586,124.02415199037523,39.14803618560697,118.70680199247133,False
D5_persist_null,,33.8,26,M1b_autonomous_Allee,41.362158075405524,142.3116198880814,39.14803618560697,118.70680199247133,False
D5_persist_null,,33.8,26,M2_stockflow_regimeC,39.519870692685586,124.02415199037523,39.14803618560697,118.70680199247133,False
D5_persist_null,,33.8,26,M3_AR_residual,41.60993757225479,125.0026463824243,39.14803618560697,118.70680199247133,False
D5_persist_null,,33.8,26,M4_delayed_info,56.973057757372516,136.49175978059142,39.14803618560697,118.70680199247133,False
D5_persist_null,,33.8,27,M1_autonomous_Schaefer,30.844750165952856,54.00546429565875,30.78218548023631,53.355774497257954,False
D5_persist_null,,33.8,27,M1b_autonomous_Allee,31.89006415319169,56.07583458058389,30.78218548023631,53.355774497257954,False
D5_persist_null,,33.8,27,M2_stockflow_regimeC,30.844750165952856,54.00546429565875,30.78218548023631,53.355774497257954,False
D5_persist_null,,33.8,27,M3_AR_residual,31.828170068266406,53.62399155686228,30.78218548023631,53.355774497257954,False
D5_persist_null,,33.8,27,M4_delayed_info,42.68624144473593,56.55867105134057,30.78218548023631,53.355774497257954,False
D5_persist_null,,33.8,28,M1_autonomous_Schaefer,26.610734177004968,35.80381311325456,26.589855878031386,40.91922147760642,False
D5_persist_null,,33.8,28,M1b_autonomous_Allee,26.41493704615381,38.183142804579525,26.589855878031386,40.91922147760642,False
D5_persist_null,,33.8,28,M2_stockflow_regimeC,26.610734177004968,35.80381311325456,26.589855878031386,40.91922147760642,False
D5_persist_null,,33.8,28,M3_AR_residual,26.33561209566657,35.4498565817992,26.589855878031386,40.91922147760642,False
D5_persist_null,,33.8,28,M4_delayed_info,32.78162327866027,36.843468164244356,26.589855878031386,40.91922147760642,False
D5_persist_null,,33.8,29,M1_autonomous_Schaefer,31.86734123510457,80.62732178401193,31.435607317490433,72.27090106254386,False
D5_persist_null,,33.8,29,M1b_autonomous_Allee,32.750783460898525,81.82781562349615,31.435607317490433,72.27090106254386,False
D5_persist_null,,33.8,29,M2_stockflow_regimeC,31.86734123510457,80.62732178401193,31.435607317490433,72.27090106254386,False
D5_persist_null,,33.8,29,M3_AR_residual,31.55181401964823,80.14049525123752,31.435607317490433,72.27090106254386,False
D5_persist_null,,33.8,29,M4_delayed_info,43.13834912353082,85.69512947395279,31.435607317490433,72.27090106254386,False
D5_persist_null,,33.8,30,M1_autonomous_Schaefer,34.79854712963565,59.5866618279156,34.74681261623817,58.912518787197904,False
D5_persist_null,,33.8,30,M1b_autonomous_Allee,35.06503225657372,66.78919339398396,34.74681261623817,58.912518787197904,False
D5_persist_null,,33.8,30,M2_stockflow_regimeC,34.79854712963565,59.5866618279156,34.74681261623817,58.912518787197904,False
D5_persist_null,,33.8,30,M3_AR_residual,35.27425632149726,60.82651064523767,34.74681261623817,58.912518787197904,False
D5_persist_null,,33.8,30,M4_delayed_info,47.74458428040439,66.99239642825907,34.74681261623817,58.912518787197904,False
D5_persist_null,,33.8,31,M1_autonomous_Schaefer,46.80710108098057,105.54901584546526,47.055301321122975,106.68071624151887,False
D5_persist_null,,33.8,31,M1b_autonomous_Allee,48.71535129100766,126.02301291394093,47.055301321122975,106.68071624151887,False
D5_persist_null,,33.8,31,M2_stockflow_regimeC,46.80710108098057,105.54901584546526,47.055301321122975,106.68071624151887,False
D5_persist_null,,33.8,31,M3_AR_residual,48.157555666124395,112.34509142973752,47.055301321122975,106.68071624151887,False
D5_persist_null,,33.8,31,M4_delayed_info,61.802272669780656,105.13396395421196,47.055301321122975,106.68071624151887,False
D5_persist_null,,33.8,32,M1_autonomous_Schaefer,28.56111926770769,55.01728148751367,28.399563314475994,54.619608581818476,False
D5_persist_null,,33.8,32,M1b_autonomous_Allee,29.184172898666322,59.584045486680125,28.399563314475994,54.619608581818476,False
D5_persist_null,,33.8,32,M2_stockflow_regimeC,28.56111926770769,55.01728148751367,28.399563314475994,54.619608581818476,False
D5_persist_null,,33.8,32,M3_AR_residual,29.216888029851564,53.89156943508126,28.399563314475994,54.619608581818476,False
D5_persist_null,,33.8,32,M4_delayed_info,43.78587064895441,44.24668251403685,28.399563314475994,54.619608581818476,False
D5_persist_null,,33.8,33,M1_autonomous_Schaefer,37.10254380205335,88.69875206434129,36.35049139808756,84.62161844630181,False
D5_persist_null,,33.8,33,M1b_autonomous_Allee,38.06003610000562,100.78795340680412,36.35049139808756,84.62161844630181,False
D5_persist_null,,33.8,33,M2_stockflow_regimeC,37.10254380205335,88.69875206434129,36.35049139808756,84.62161844630181,False
D5_persist_null,,33.8,33,M3_AR_residual,38.87537266977627,89.69849590060761,36.35049139808756,84.62161844630181,False
D5_persist_null,,33.8,33,M4_delayed_info,52.56114751362847,96.51448336057265,36.35049139808756,84.62161844630181,False
D5_persist_null,,33.8,34,M1_autonomous_Schaefer,29.513413906764477,70.49973260077196,26.371305717699734,50.14563504788906,False
D5_persist_null,,33.8,34,M1b_autonomous_Allee,28.87569666100181,66.64823098136729,26.371305717699734,50.14563504788906,False
D5_persist_null,,33.8,34,M2_stockflow_regimeC,29.513413906764477,70.49973260077196,26.371305717699734,50.14563504788906,False
D5_persist_null,,33.8,34,M3_AR_residual,29.951740356764088,67.4035315213263,26.371305717699734,50.14563504788906,False
D5_persist_null,,33.8,34,M4_delayed_info,34.158704196654604,69.27980484005019,26.371305717699734,50.14563504788906,False
D5_persist_null,,33.8,35,M1_autonomous_Schaefer,33.10219298015985,50.02147747876225,32.83216590103482,47.738034030860554,False
D5_persist_null,,33.8,35,M1b_autonomous_Allee,34.3961091663239,75.94593081556285,32.83216590103482,47.738034030860554,False
D5_persist_null,,33.8,35,M2_stockflow_regimeC,33.10219298015985,50.02147747876225,32.83216590103482,47.738034030860554,False
D5_persist_null,,33.8,35,M3_AR_residual,34.1419664089111,49.5229929061253,32.83216590103482,47.738034030860554,False
D5_persist_null,,33.8,35,M4_delayed_info,45.7545144321869,44.96180227663034,32.83216590103482,47.738034030860554,False
D5_persist_null,,33.8,36,M1_autonomous_Schaefer,28.558301194452422,58.58280572168935,28.376649472558913,57.4937060955717,False
D5_persist_null,,33.8,36,M1b_autonomous_Allee,29.843090182015736,60.800577456843335,28.376649472558913,57.4937060955717,False
D5_persist_null,,33.8,36,M2_stockflow_regimeC,28.558301194452422,58.58280572168935,28.376649472558913,57.4937060955717,False
D5_persist_null,,33.8,36,M3_AR_residual,30.975465309245543,60.106229425358215,28.376649472558913,57.4937060955717,False
D5_persist_null,,33.8,36,M4_delayed_info,38.316321407466226,63.059697996726605,28.376649472558913,57.4937060955717,False
D5_persist_null,,33.8,37,M1_autonomous_Schaefer,33.40230682748699,63.93264850037668,33.36151192651144,63.482052741715286,False
D5_persist_null,,33.8,37,M1b_autonomous_Allee,31.60518383939496,57.756245502120684,33.36151192651144,63.482052741715286,True
D5_persist_null,,33.8,37,M2_stockflow_regimeC,33.40230682748699,63.93264850037668,33.36151192651144,63.482052741715286,False
D5_persist_null,,33.8,37,M3_AR_residual,34.39271178671089,65.31151952623954,33.36151192651144,63.482052741715286,False
D5_persist_null,,33.8,37,M4_delayed_info,46.54128731532852,78.2491290667114,33.36151192651144,63.482052741715286,False
D5_persist_null,,33.8,38,M1_autonomous_Schaefer,42.079465472497965,101.98635428715741,40.735759619110084,97.82391403001904,False
D5_persist_null,,33.8,38,M1b_autonomous_Allee,41.06462046443544,100.66497670856437,40.735759619110084,97.82391403001904,False
D5_persist_null,,33.8,38,M2_stockflow_regimeC,42.079465472497965,101.98635428715741,40.735759619110084,97.82391403001904,False
D5_persist_null,,33.8,38,M3_AR_residual,41.49510567115432,99.30424786058622,40.735759619110084,97.82391403001904,False
D5_persist_null,,33.8,38,M4_delayed_info,54.73273397710905,99.83485579916025,40.735759619110084,97.82391403001904,False
D5_persist_null,,33.8,39,M1_autonomous_Schaefer,32.02771663262269,78.66141159997305,32.01629192038195,78.55039601332673,False
D5_persist_null,,33.8,39,M1b_autonomous_Allee,33.31432903564054,82.04756164134264,32.01629192038195,78.55039601332673,False
D5_persist_null,,33.8,39,M2_stockflow_regimeC,32.02771663262269,78.66141159997305,32.01629192038195,78.55039601332673,False
D5_persist_null,,33.8,39,M3_AR_residual,32.692181167159944,79.2731182610859,32.01629192038195,78.55039601332673,False
D5_persist_null,,33.8,39,M4_delayed_info,39.5993739319705,83.22333844608657,32.01629192038195,78.55039601332673,False
D5_persist_null,,33.8,40,M1_autonomous_Schaefer,41.55527833435861,91.96953105779237,41.157430063028606,98.37049706882392,False
D5_persist_null,,33.8,40,M1b_autonomous_Allee,41.291565174147365,113.80884447243496,41.157430063028606,98.37049706882392,False
D5_persist_null,,33.8,40,M2_stockflow_regimeC,41.55527833435861,91.96953105779237,41.157430063028606,98.37049706882392,False
D5_persist_null,,33.8,40,M3_AR_residual,42.091473165635534,91.57953543443229,41.157430063028606,98.37049706882392,False
D5_persist_null,,33.8,40,M4_delayed_info,57.28511712458552,97.51384532306047,41.157430063028606,98.37049706882392,False
D5_persist_null,,33.8,41,M1_autonomous_Schaefer,33.08761359920044,57.766162804292435,31.532334208533896,55.693989049725474,False
D5_persist_null,,33.8,41,M1b_autonomous_Allee,32.73882803678042,52.445847736621836,31.532334208533896,55.693989049725474,False
D5_persist_null,,33.8,41,M2_stockflow_regimeC,33.08761359920044,57.766162804292435,31.532334208533896,55.693989049725474,False
D5_persist_null,,33.8,41,M3_AR_residual,33.39017862057104,57.78527060865395,31.532334208533896,55.693989049725474,False
D5_persist_null,,33.8,41,M4_delayed_info,44.79268920842002,58.191825435560325,31.532334208533896,55.693989049725474,False
D5_persist_null,,33.8,42,M1_autonomous_Schaefer,35.88192365803783,92.69429048156975,35.16131065050321,80.94770079402386,False
D5_persist_null,,33.8,42,M1b_autonomous_Allee,40.68998290356663,103.78805933761956,35.16131065050321,80.94770079402386,False
D5_persist_null,,33.8,42,M2_stockflow_regimeC,35.88192365803783,92.69429048156975,35.16131065050321,80.94770079402386,False
D5_persist_null,,33.8,42,M3_AR_residual,37.48433981195703,94.26745029426193,35.16131065050321,80.94770079402386,False
D5_persist_null,,33.8,42,M4_delayed_info,48.64066969278224,99.96004660294341,35.16131065050321,80.94770079402386,False
D5_persist_null,,33.8,43,M1_autonomous_Schaefer,39.44910741741811,108.39246828412,36.8301006879805,94.80424571484423,False
D5_persist_null,,33.8,43,M1b_autonomous_Allee,38.93483362765445,107.35164713483127,36.8301006879805,94.80424571484423,False
D5_persist_null,,33.8,43,M2_stockflow_regimeC,39.44910741741811,108.39246828412,36.8301006879805,94.80424571484423,False
D5_persist_null,,33.8,43,M3_AR_residual,41.564467939210566,111.18974520464958,36.8301006879805,94.80424571484423,False
D5_persist_null,,33.8,43,M4_delayed_info,55.97753838032009,116.57466146996467,36.8301006879805,94.80424571484423,False
D5_persist_null,,33.8,44,M1_autonomous_Schaefer,39.77285732370703,92.22765023242009,35.81077684635231,68.84022653664157,False
D5_persist_null,,33.8,44,M1b_autonomous_Allee,39.01715806858956,89.47429951915619,35.81077684635231,68.84022653664157,False
D5_persist_null,,33.8,44,M2_stockflow_regimeC,39.77285732370703,92.22765023242009,35.81077684635231,68.84022653664157,False
D5_persist_null,,33.8,44,M3_AR_residual,40.04964374614391,92.06784269465857,35.81077684635231,68.84022653664157,False
D5_persist_null,,33.8,44,M4_delayed_info,54.62938253957643,95.33694954000167,35.81077684635231,68.84022653664157,False
D5_persist_null,,33.8,45,M1_autonomous_Schaefer,37.360657536332255,107.88352372614473,34.838501355445466,86.1578093772761,False
D5_persist_null,,33.8,45,M1b_autonomous_Allee,34.99559228176615,98.9461084710377,34.838501355445466,86.1578093772761,False
D5_persist_null,,33.8,45,M2_stockflow_regimeC,37.360657536332255,107.88352372614473,34.838501355445466,86.1578093772761,False
D5_persist_null,,33.8,45,M3_AR_residual,44.1808274400139,110.1204601799971,34.838501355445466,86.1578093772761,False
D5_persist_null,,33.8,45,M4_delayed_info,55.202968718754384,116.68147941560397,34.838501355445466,86.1578093772761,False
D5_persist_null,,33.8,46,M1_autonomous_Schaefer,33.17570920943968,77.84145103699646,32.04779995445211,68.42716852175408,False
D5_persist_null,,33.8,46,M1b_autonomous_Allee,32.46525307754889,66.98195468719575,32.04779995445211,68.42716852175408,False
D5_persist_null,,33.8,46,M2_stockflow_regimeC,33.17570920943968,77.84145103699646,32.04779995445211,68.42716852175408,False
D5_persist_null,,33.8,46,M3_AR_residual,34.88011672224493,78.60512765245596,32.04779995445211,68.42716852175408,False
D5_persist_null,,33.8,46,M4_delayed_info,47.563481297710375,89.86583438937191,32.04779995445211,68.42716852175408,False
D5_persist_null,,33.8,47,M1_autonomous_Schaefer,24.27433953402542,36.11635680134852,26.229554407241885,61.18812018779868,True
D5_persist_null,,33.8,47,M1b_autonomous_Allee,24.905175611070728,47.88855310524542,26.229554407241885,61.18812018779868,False
D5_persist_null,,33.8,47,M2_stockflow_regimeC,24.27433953402542,36.11635680134852,26.229554407241885,61.18812018779868,False
D5_persist_null,,33.8,47,M3_AR_residual,23.400349940951198,36.49935700756675,26.229554407241885,61.18812018779868,False
D5_persist_null,,33.8,47,M4_delayed_info,35.05503421692515,36.958442728643575,26.229554407241885,61.18812018779868,False
D5_persist_null,,33.8,48,M1_autonomous_Schaefer,31.271872621041638,74.85897269880395,29.4115901844366,47.194057456047254,False
D5_persist_null,,33.8,48,M1b_autonomous_Allee,30.935996257633374,68.7851882516491,29.4115901844366,47.194057456047254,False
D5_persist_null,,33.8,48,M2_stockflow_regimeC,31.271872621041638,74.85897269880395,29.4115901844366,47.194057456047254,False
D5_persist_null,,33.8,48,M3_AR_residual,31.791828894055623,75.59428275275127,29.4115901844366,47.194057456047254,False
D5_persist_null,,33.8,48,M4_delayed_info,44.67157111832155,81.07478092179774,29.4115901844366,47.194057456047254,False
D5_persist_null,,33.8,49,M1_autonomous_Schaefer,27.922769966193876,62.676297582167685,28.2524924211292,64.57998752995148,False
D5_persist_null,,33.8,49,M1b_autonomous_Allee,29.136039451514545,70.39867791272097,28.2524924211292,64.57998752995148,False
D5_persist_null,,33.8,49,M2_stockflow_regimeC,27.922769966193876,62.676297582167685,28.2524924211292,64.57998752995148,False
D5_persist_null,,33.8,49,M3_AR_residual,28.88165196891309,63.380710533032705,28.2524924211292,64.57998752995148,False
D5_persist_null,,33.8,49,M4_delayed_info,38.67078690622492,65.20855082665092,28.2524924211292,64.57998752995148,False
D5_persist_null,,33.8,50,M1_autonomous_Schaefer,34.726426108861915,83.95958116259722,34.564903004802645,82.95495046412638,False
D5_persist_null,,33.8,50,M1b_autonomous_Allee,34.268241628814465,80.8916595962755,34.564903004802645,82.95495046412638,False
D5_persist_null,,33.8,50,M2_stockflow_regimeC,34.726426108861915,83.95958116259722,34.564903004802645,82.95495046412638,False
D5_persist_null,,33.8,50,M3_AR_residual,35.76596075885728,84.00755307490152,34.564903004802645,82.95495046412638,False
D5_persist_null,,33.8,50,M4_delayed_info,45.17028784631166,85.64883289131632,34.564903004802645,82.95495046412638,False
D5_persist_null,,33.8,51,M1_autonomous_Schaefer,32.66181090227657,90.46093257552464,29.614606450399258,79.72808846706542,False
D5_persist_null,,33.8,51,M1b_autonomous_Allee,31.524876439488327,93.26075515159485,29.614606450399258,79.72808846706542,False
D5_persist_null,,33.8,51,M2_stockflow_regimeC,32.66181090227657,90.46093257552464,29.614606450399258,79.72808846706542,False
D5_persist_null,,33.8,51,M3_AR_residual,35.74779503237717,90.83508331579633,29.614606450399258,79.72808846706542,False
D5_persist_null,,33.8,51,M4_delayed_info,48.23934660969309,96.93642574914827,29.614606450399258,79.72808846706542,False
D5_persist_null,,33.8,52,M1_autonomous_Schaefer,39.882016359869155,40.22973471823516,39.57926824320424,37.63591481319449,False
D5_persist_null,,33.8,52,M1b_autonomous_Allee,40.42978057533267,43.898793368153456,39.57926824320424,37.63591481319449,False
D5_persist_null,,33.8,52,M2_stockflow_regimeC,39.882016359869155,40.22973471823516,39.57926824320424,37.63591481319449,False
D5_persist_null,,33.8,52,M3_AR_residual,38.90828453331525,37.086472098299375,39.57926824320424,37.63591481319449,False
D5_persist_null,,33.8,52,M4_delayed_info,49.30510734024222,45.16259643994161,39.57926824320424,37.63591481319449,False
D5_persist_null,,33.8,53,M1_autonomous_Schaefer,39.25786867321797,100.64413073278689,37.48020145516193,83.85571717870974,False
D5_persist_null,,33.8,53,M1b_autonomous_Allee,38.53585509586486,95.4618857686639,37.48020145516193,83.85571717870974,False
D5_persist_null,,33.8,53,M2_stockflow_regimeC,39.25786867321797,100.64413073278689,37.48020145516193,83.85571717870974,False
D5_persist_null,,33.8,53,M3_AR_residual,41.575513662772714,98.43402950661799,37.48020145516193,83.85571717870974,False
D5_persist_null,,33.8,53,M4_delayed_info,48.21999084666706,107.1511687713844,37.48020145516193,83.85571717870974,False
D5_persist_null,,33.8,54,M1_autonomous_Schaefer,35.92535148016283,45.859487142903426,36.424274567326705,46.075458236740374,False
D5_persist_null,,33.8,54,M1b_autonomous_Allee,35.92433239016515,49.30885931274909,36.424274567326705,46.075458236740374,False
D5_persist_null,,33.8,54,M2_stockflow_regimeC,35.92535148016283,45.859487142903426,36.424274567326705,46.075458236740374,False
D5_persist_null,,33.8,54,M3_AR_residual,36.283021773496685,46.10645588324095,36.424274567326705,46.075458236740374,False
D5_persist_null,,33.8,54,M4_delayed_info,38.06855776170989,44.42048178676386,36.424274567326705,46.075458236740374,False
D5_persist_null,,33.8,55,M1_autonomous_Schaefer,33.055207465561196,101.48686408610226,32.811369568240885,92.59483022888192,False
D5_persist_null,,33.8,55,M1b_autonomous_Allee,33.5819911088151,106.93464227578995,32.811369568240885,92.59483022888192,False
D5_persist_null,,33.8,55,M2_stockflow_regimeC,33.055207465561196,101.48686408610226,32.811369568240885,92.59483022888192,False
D5_persist_null,,33.8,55,M3_AR_residual,33.506052342166214,101.587541089787,32.811369568240885,92.59483022888192,False
D5_persist_null,,33.8,55,M4_delayed_info,48.27275103521035,106.52251812171816,32.811369568240885,92.59483022888192,False
D5_persist_null,,33.8,56,M1_autonomous_Schaefer,31.697967450391346,108.76606841366977,31.263410428218275,105.0687643628938,False
D5_persist_null,,33.8,56,M1b_autonomous_Allee,26.24431036015298,93.16449006911539,31.263410428218275,105.0687643628938,True
D5_persist_null,,33.8,56,M2_stockflow_regimeC,31.697967450391346,108.76606841366977,31.263410428218275,105.0687643628938,False
D5_persist_null,,33.8,56,M3_AR_residual,33.146703398796646,110.18333457583803,31.263410428218275,105.0687643628938,False
D5_persist_null,,33.8,56,M4_delayed_info,46.880037397529925,123.52756450504873,31.263410428218275,105.0687643628938,False
D5_persist_null,,33.8,57,M1_autonomous_Schaefer,39.43264716526389,123.09365929255887,38.8166386763234,120.28714440246272,False
D5_persist_null,,33.8,57,M1b_autonomous_Allee,39.21801590055024,128.05903290905798,38.8166386763234,120.28714440246272,False
D5_persist_null,,33.8,57,M2_stockflow_regimeC,39.43264716526389,123.09365929255887,38.8166386763234,120.28714440246272,False
D5_persist_null,,33.8,57,M3_AR_residual,39.70237611204193,122.1143986671944,38.8166386763234,120.28714440246272,False
D5_persist_null,,33.8,57,M4_delayed_info,59.79166346194066,131.61265289804166,38.8166386763234,120.28714440246272,False
D5_persist_null,,33.8,58,M1_autonomous_Schaefer,39.584964768573435,108.70821275741041,39.473920584575225,105.22807184483459,False
D5_persist_null,,33.8,58,M1b_autonomous_Allee,40.2660855513488,110.95675940307135,39.473920584575225,105.22807184483459,False
D5_persist_null,,33.8,58,M2_stockflow_regimeC,39.584964768573435,108.70821275741041,39.473920584575225,105.22807184483459,False
D5_persist_null,,33.8,58,M3_AR_residual,40.86088615783701,109.3695330111346,39.473920584575225,105.22807184483459,False
D5_persist_null,,33.8,58,M4_delayed_info,54.84281392940789,121.77429864826011,39.473920584575225,105.22807184483459,False
D5_persist_null,,33.8,59,M1_autonomous_Schaefer,31.578607047981258,32.82206209030941,31.564214964647363,32.68600500538469,False
D5_persist_null,,33.8,59,M1b_autonomous_Allee,30.621606579175957,37.10386775796209,31.564214964647363,32.68600500538469,False
D5_persist_null,,33.8,59,M2_stockflow_regimeC,31.578607047981258,32.82206209030941,31.564214964647363,32.68600500538469,False
D5_persist_null,,33.8,59,M3_AR_residual,32.47665604877858,31.189120074964322,31.564214964647363,32.68600500538469,False
D5_persist_null,,33.8,59,M4_delayed_info,26.639034582208392,38.728745568815036,31.564214964647363,32.68600500538469,False
D5_persist_null,,33.8,60,M1_autonomous_Schaefer,30.413428838299694,58.436166562287035,30.386471637583952,58.11583705370939,False
D5_persist_null,,33.8,60,M1b_autonomous_Allee,28.89784360302879,39.410418705062824,30.386471637583952,58.11583705370939,False
D5_persist_null,,33.8,60,M2_stockflow_regimeC,30.413428838299694,58.436166562287035,30.386471637583952,58.11583705370939,False
D5_persist_null,,33.8,60,M3_AR_residual,32.51869799678714,57.89348013534143,30.386471637583952,58.11583705370939,False
D5_persist_null,,33.8,60,M4_delayed_info,37.309427197611406,58.55262442951836,30.386471637583952,58.11583705370939,False
D5_persist_null,,33.8,61,M1_autonomous_Schaefer,34.783278826738155,79.39081909335867,34.272473170403195,75.51227102467972,False
D5_persist_null,,33.8,61,M1b_autonomous_Allee,33.84396228801216,79.5663669853961,34.272473170403195,75.51227102467972,False
D5_persist_null,,33.8,61,M2_stockflow_regimeC,34.783278826738155,79.39081909335867,34.272473170403195,75.51227102467972,False
D5_persist_null,,33.8,61,M3_AR_residual,36.77851631334992,79.63444036008885,34.272473170403195,75.51227102467972,False
D5_persist_null,,33.8,61,M4_delayed_info,44.560350891700836,84.69447802232051,34.272473170403195,75.51227102467972,False
D5_persist_null,,33.8,62,M1_autonomous_Schaefer,32.90252989741448,61.47241120118703,32.43022870481778,55.98804599767657,False
D5_persist_null,,33.8,62,M1b_autonomous_Allee,32.83147333516421,57.18470662122905,32.43022870481778,55.98804599767657,False
D5_persist_null,,33.8,62,M2_stockflow_regimeC,32.90252989741448,61.47241120118703,32.43022870481778,55.98804599767657,False
D5_persist_null,,33.8,62,M3_AR_residual,33.72525963791282,60.75462750279575,32.43022870481778,55.98804599767657,False
D5_persist_null,,33.8,62,M4_delayed_info,47.05648204679689,64.69161708025518,32.43022870481778,55.98804599767657,False
D5_persist_null,,33.8,63,M1_autonomous_Schaefer,33.4750823566319,87.72740709770294,33.170665981515896,89.44311430129615,False
D5_persist_null,,33.8,63,M1b_autonomous_Allee,32.86705055672005,82.02500981024819,33.170665981515896,89.44311430129615,False
D5_persist_null,,33.8,63,M2_stockflow_regimeC,33.4750823566319,87.72740709770294,33.170665981515896,89.44311430129615,False
D5_persist_null,,33.8,63,M3_AR_residual,34.08591138032689,87.36232038426236,33.170665981515896,89.44311430129615,False
D5_persist_null,,33.8,63,M4_delayed_info,42.911239770628924,86.61117086711951,33.170665981515896,89.44311430129615,False
D5_persist_null,,33.8,64,M1_autonomous_Schaefer,35.202574004432805,95.46309489017038,35.19209588151025,94.56922954248742,False
D5_persist_null,,33.8,64,M1b_autonomous_Allee,35.8610841140441,100.42009619167938,35.19209588151025,94.56922954248742,False
D5_persist_null,,33.8,64,M2_stockflow_regimeC,35.202574004432805,95.46309489017038,35.19209588151025,94.56922954248742,False
D5_persist_null,,33.8,64,M3_AR_residual,36.684841897924564,102.03978067240216,35.19209588151025,94.56922954248742,False
D5_persist_null,,33.8,64,M4_delayed_info,47.06538097279006,99.55815657936746,35.19209588151025,94.56922954248742,False
D5_persist_null,,33.8,65,M1_autonomous_Schaefer,36.81331891890044,99.48310967015793,34.25124345491613,81.79770752841043,False
D5_persist_null,,33.8,65,M1b_autonomous_Allee,37.744102186210526,99.26838836004265,34.25124345491613,81.79770752841043,False
D5_persist_null,,33.8,65,M2_stockflow_regimeC,36.81331891890044,99.48310967015793,34.25124345491613,81.79770752841043,False
D5_persist_null,,33.8,65,M3_AR_residual,39.805803775639625,100.40406662879431,34.25124345491613,81.79770752841043,False
D5_persist_null,,33.8,65,M4_delayed_info,53.59666503015718,106.41055216269812,34.25124345491613,81.79770752841043,False
D5_persist_null,,33.8,66,M1_autonomous_Schaefer,34.96002934635727,61.67065822933916,34.00734658670219,53.5523122059031,False
D5_persist_null,,33.8,66,M1b_autonomous_Allee,34.19441881047841,55.095248681680324,34.00734658670219,53.5523122059031,False
D5_persist_null,,33.8,66,M2_stockflow_regimeC,34.96002934635727,61.67065822933916,34.00734658670219,53.5523122059031,False
D5_persist_null,,33.8,66,M3_AR_residual,35.02288735813694,61.22634097311068,34.00734658670219,53.5523122059031,False
D5_persist_null,,33.8,66,M4_delayed_info,44.86324684207471,65.32490333926813,34.00734658670219,53.5523122059031,False
D5_persist_null,,33.8,67,M1_autonomous_Schaefer,35.60082396433067,50.38611842419317,35.53759853544519,49.88593594542077,False
D5_persist_null,,33.8,67,M1b_autonomous_Allee,37.62833614656134,66.59710099644376,35.53759853544519,49.88593594542077,False
D5_persist_null,,33.8,67,M2_stockflow_regimeC,35.60082396433067,50.38611842419317,35.53759853544519,49.88593594542077,False
D5_persist_null,,33.8,67,M3_AR_residual,37.79893245488632,53.55021125808398,35.53759853544519,49.88593594542077,False
D5_persist_null,,33.8,67,M4_delayed_info,49.906096257648834,44.75504413624738,35.53759853544519,49.88593594542077,False
D5_persist_null,,33.8,68,M1_autonomous_Schaefer,37.81148290900212,64.69227135103898,36.99747478270081,61.032121528510025,False
D5_persist_null,,33.8,68,M1b_autonomous_Allee,38.43930791411014,70.06639928019293,36.99747478270081,61.032121528510025,False
D5_persist_null,,33.8,68,M2_stockflow_regimeC,37.81148290900212,64.69227135103898,36.99747478270081,61.032121528510025,False
D5_persist_null,,33.8,68,M3_AR_residual,39.81404033607909,64.15424401669924,36.99747478270081,61.032121528510025,False
D5_persist_null,,33.8,68,M4_delayed_info,54.11884456991458,66.22644146613756,36.99747478270081,61.032121528510025,False
D5_persist_null,,33.8,69,M1_autonomous_Schaefer,33.25311669341264,95.72764333330531,33.07980395677893,89.00942052621238,False
D5_persist_null,,33.8,69,M1b_autonomous_Allee,33.93248443935385,108.83307658351693,33.07980395677893,89.00942052621238,False
D5_persist_null,,33.8,69,M2_stockflow_regimeC,33.25311669341264,95.72764333330531,33.07980395677893,89.00942052621238,False
D5_persist_null,,33.8,69,M3_AR_residual,36.29406545834935,95.49427379509049,33.07980395677893,89.00942052621238,False
D5_persist_null,,33.8,69,M4_delayed_info,48.26646841514524,98.03419700056044,33.07980395677893,89.00942052621238,False
D5_persist_null,,33.8,70,M1_autonomous_Schaefer,36.66228878301617,93.73081970983554,34.98202567121637,81.13137763230654,False
D5_persist_null,,33.8,70,M1b_autonomous_Allee,37.323676900731435,93.43723339306237,34.98202567121637,81.13137763230654,False
D5_persist_null,,33.8,70,M2_stockflow_regimeC,36.66228878301617,93.73081970983554,34.98202567121637,81.13137763230654,False
D5_persist_null,,33.8,70,M3_AR_residual,38.90398479132505,94.34327717251008,34.98202567121637,81.13137763230654,False
D5_persist_null,,33.8,70,M4_delayed_info,52.48879314049087,100.16262279526126,34.98202567121637,81.13137763230654,False
D5_persist_null,,33.8,71,M1_autonomous_Schaefer,43.00090595786089,87.68288844153916,43.73894360065462,88.43701097275503,False
D5_persist_null,,33.8,71,M1b_autonomous_Allee,41.8644795247174,89.52618614127351,43.73894360065462,88.43701097275503,False
D5_persist_null,,33.8,71,M2_stockflow_regimeC,43.00090595786089,87.68288844153916,43.73894360065462,88.43701097275503,False
D5_persist_null,,33.8,71,M3_AR_residual,44.249076634040854,89.61805436959386,43.73894360065462,88.43701097275503,False
D5_persist_null,,33.8,71,M4_delayed_info,56.87239811142455,94.16454059033168,43.73894360065462,88.43701097275503,False
D5_persist_null,,33.8,72,M1_autonomous_Schaefer,23.953387355690264,75.1186407559142,23.922046121742294,74.88615873033827,False
D5_persist_null,,33.8,72,M1b_autonomous_Allee,27.13178371067827,52.47127627490799,23.922046121742294,74.88615873033827,False
D5_persist_null,,33.8,72,M2_stockflow_regimeC,23.953387355690264,75.1186407559142,23.922046121742294,74.88615873033827,False
D5_persist_null,,33.8,72,M3_AR_residual,25.461971680750512,76.62310288353947,23.922046121742294,74.88615873033827,False
D5_persist_null,,33.8,72,M4_delayed_info,40.76876502285926,92.9234611398875,23.922046121742294,74.88615873033827,False
D5_persist_null,,33.8,73,M1_autonomous_Schaefer,36.93663316562768,71.22230002479631,36.95562972222074,78.43759588253836,False
D5_persist_null,,33.8,73,M1b_autonomous_Allee,39.74746980644412,79.62714103197382,36.95562972222074,78.43759588253836,False
D5_persist_null,,33.8,73,M2_stockflow_regimeC,36.93663316562768,71.22230002479631,36.95562972222074,78.43759588253836,False
D5_persist_null,,33.8,73,M3_AR_residual,36.00996280222807,71.77767037160429,36.95562972222074,78.43759588253836,False
D5_persist_null,,33.8,73,M4_delayed_info,39.82723429771702,74.86787585909592,36.95562972222074,78.43759588253836,False
D5_persist_null,,33.8,74,M1_autonomous_Schaefer,31.67138963200137,69.59450731350485,29.413945642714076,54.83786656594609,False
D5_persist_null,,33.8,74,M1b_autonomous_Allee,32.32890940331443,70.36588379994289,29.413945642714076,54.83786656594609,False
D5_persist_null,,33.8,74,M2_stockflow_regimeC,31.67138963200137,69.59450731350485,29.413945642714076,54.83786656594609,False
D5_persist_null,,33.8,74,M3_AR_residual,33.148004880517085,70.33156551605367,29.413945642714076,54.83786656594609,False
D5_persist_null,,33.8,74,M4_delayed_info,41.05899325712655,70.81645690446081,29.413945642714076,54.83786656594609,False
D5_persist_null,,33.8,75,M1_autonomous_Schaefer,32.15937034247736,54.403480778098015,30.324929027079783,57.04570660513008,False
D5_persist_null,,33.8,75,M1b_autonomous_Allee,32.25205885658099,58.140730906475994,30.324929027079783,57.04570660513008,False
D5_persist_null,,33.8,75,M2_stockflow_regimeC,32.15937034247736,54.403480778098015,30.324929027079783,57.04570660513008,False
D5_persist_null,,33.8,75,M3_AR_residual,33.10991234194231,55.01097635691839,30.324929027079783,57.04570660513008,False
D5_persist_null,,33.8,75,M4_delayed_info,41.00390303678378,55.01647264846189,30.324929027079783,57.04570660513008,False
D5_persist_null,,33.8,76,M1_autonomous_Schaefer,28.62394270109726,63.71224456282268,28.605719863052144,63.42684701955159,False
D5_persist_null,,33.8,76,M1b_autonomous_Allee,28.49374597774781,56.31899422269382,28.605719863052144,63.42684701955159,False
D5_persist_null,,33.8,76,M2_stockflow_regimeC,28.62394270109726,63.71224456282268,28.605719863052144,63.42684701955159,False
D5_persist_null,,33.8,76,M3_AR_residual,29.937386751969026,63.67279630270717,28.605719863052144,63.42684701955159,False
D5_persist_null,,33.8,76,M4_delayed_info,37.61152642691437,72.17680037308735,28.605719863052144,63.42684701955159,False
D5_persist_null,,33.8,77,M1_autonomous_Schaefer,33.178745868846285,75.95881212462129,32.830466686028394,74.35440991522175,False
D5_persist_null,,33.8,77,M1b_autonomous_Allee,33.62923526501445,86.84701939343078,32.830466686028394,74.35440991522175,False
D5_persist_null,,33.8,77,M2_stockflow_regimeC,33.178745868846285,75.95881212462129,32.830466686028394,74.35440991522175,False
D5_persist_null,,33.8,77,M3_AR_residual,34.48844231564208,75.98023744323203,32.830466686028394,74.35440991522175,False
D5_persist_null,,33.8,77,M4_delayed_info,42.562727680140455,78.46507375955963,32.830466686028394,74.35440991522175,False
D5_persist_null,,33.8,78,M1_autonomous_Schaefer,33.44142886830014,86.80415428457214,33.29061866236466,87.22562766014617,False
D5_persist_null,,33.8,78,M1b_autonomous_Allee,33.906465582790666,104.16289245039935,33.29061866236466,87.22562766014617,False
D5_persist_null,,33.8,78,M2_stockflow_regimeC,33.44142886830014,86.80415428457214,33.29061866236466,87.22562766014617,False
D5_persist_null,,33.8,78,M3_AR_residual,35.45995958928609,87.75324759109002,33.29061866236466,87.22562766014617,False
D5_persist_null,,33.8,78,M4_delayed_info,48.5586924164879,93.22190753918129,33.29061866236466,87.22562766014617,False
D5_persist_null,,33.8,79,M1_autonomous_Schaefer,35.10306966403641,95.47403249486425,33.673732059387056,78.62805662109264,False
D5_persist_null,,33.8,79,M1b_autonomous_Allee,35.22444920699654,100.03162966085942,33.673732059387056,78.62805662109264,False
D5_persist_null,,33.8,79,M2_stockflow_regimeC,35.10306966403641,95.47403249486425,33.673732059387056,78.62805662109264,False
D5_persist_null,,33.8,79,M3_AR_residual,35.03964541914198,94.32797328196067,33.673732059387056,78.62805662109264,False
D5_persist_null,,33.8,79,M4_delayed_info,49.104707085720776,101.11294222336454,33.673732059387056,78.62805662109264,False
D5_persist_null,,33.8,80,M1_autonomous_Schaefer,35.38340953580156,60.99390766465075,35.37565426172653,60.91980212562064,False
D5_persist_null,,33.8,80,M1b_autonomous_Allee,36.59131473133928,74.65057016655534,35.37565426172653,60.91980212562064,False
D5_persist_null,,33.8,80,M2_stockflow_regimeC,35.38340953580156,60.99390766465075,35.37565426172653,60.91980212562064,False
D5_persist_null,,33.8,80,M3_AR_residual,35.19792832132716,61.03645402114132,35.37565426172653,60.91980212562064,False
D5_persist_null,,33.8,80,M4_delayed_info,43.136011642115626,62.8776667047998,35.37565426172653,60.91980212562064,False
D5_persist_null,,33.8,81,M1_autonomous_Schaefer,37.37869918273911,82.50473053011525,36.56359869784077,80.29053073750602,False
D5_persist_null,,33.8,81,M1b_autonomous_Allee,39.19688184357038,79.14192782396829,36.56359869784077,80.29053073750602,False
D5_persist_null,,33.8,81,M2_stockflow_regimeC,37.37869918273911,82.50473053011525,36.56359869784077,80.29053073750602,False
D5_persist_null,,33.8,81,M3_AR_residual,38.89508831171351,82.85817020152773,36.56359869784077,80.29053073750602,False
D5_persist_null,,33.8,81,M4_delayed_info,50.00282038019209,76.45272653587068,36.56359869784077,80.29053073750602,False
D5_persist_null,,33.8,82,M1_autonomous_Schaefer,35.574190592045404,105.83652673049926,31.383915675110106,72.08493543293041,False
D5_persist_null,,33.8,82,M1b_autonomous_Allee,35.99076319862209,108.43577847756437,31.383915675110106,72.08493543293041,False
D5_persist_null,,33.8,82,M2_stockflow_regimeC,35.574190592045404,105.83652673049926,31.383915675110106,72.08493543293041,False
D5_persist_null,,33.8,82,M3_AR_residual,36.07602764696403,105.010613635694,31.383915675110106,72.08493543293041,False
D5_persist_null,,33.8,82,M4_delayed_info,47.08686663134218,108.76906344505491,31.383915675110106,72.08493543293041,False
D5_persist_null,,33.8,83,M1_autonomous_Schaefer,20.220684555714097,52.20296688692062,20.205115793134315,52.02853479734834,False
D5_persist_null,,33.8,83,M1b_autonomous_Allee,19.997596145283353,42.70843642892785,20.205115793134315,52.02853479734834,False
D5_persist_null,,33.8,83,M2_stockflow_regimeC,20.220684555714097,52.20296688692062,20.205115793134315,52.02853479734834,False
D5_persist_null,,33.8,83,M3_AR_residual,22.14576710033893,53.06705063700427,20.205115793134315,52.02853479734834,False
D5_persist_null,,33.8,83,M4_delayed_info,24.22524230744342,56.30145793395923,20.205115793134315,52.02853479734834,False
D5_persist_null,,33.8,84,M1_autonomous_Schaefer,29.480843423517776,73.48366390092035,28.71492394174121,70.81162980517513,False
D5_persist_null,,33.8,84,M1b_autonomous_Allee,29.61947962447165,78.64199214074489,28.71492394174121,70.81162980517513,False
D5_persist_null,,33.8,84,M2_stockflow_regimeC,29.480843423517776,73.48366390092035,28.71492394174121,70.81162980517513,False
D5_persist_null,,33.8,84,M3_AR_residual,28.627115103732933,72.49943953096333,28.71492394174121,70.81162980517513,False
D5_persist_null,,33.8,84,M4_delayed_info,42.44853631659941,78.63895314109081,28.71492394174121,70.81162980517513,False
D5_persist_null,,33.8,85,M1_autonomous_Schaefer,33.254830462491206,34.197031672956065,34.1388856341925,39.90707380512405,False
D5_persist_null,,33.8,85,M1b_autonomous_Allee,34.299865276845686,38.82877775846351,34.1388856341925,39.90707380512405,False
D5_persist_null,,33.8,85,M2_stockflow_regimeC,33.254830462491206,34.197031672956065,34.1388856341925,39.90707380512405,False
D5_persist_null,,33.8,85,M3_AR_residual,32.99341706626354,33.80611453091631,34.1388856341925,39.90707380512405,False
D5_persist_null,,33.8,85,M4_delayed_info,34.61122055950267,35.09035842191681,34.1388856341925,39.90707380512405,False
D5_persist_null,,33.8,86,M1_autonomous_Schaefer,29.841096214751428,77.05163716273383,29.778566390400066,76.91657454701415,False
D5_persist_null,,33.8,86,M1b_autonomous_Allee,30.988931318287083,92.22901016570829,29.778566390400066,76.91657454701415,False
D5_persist_null,,33.8,86,M2_stockflow_regimeC,29.841096214751428,77.05163716273383,29.778566390400066,76.91657454701415,False
D5_persist_null,,33.8,86,M3_AR_residual,30.634687300148208,76.66518019173499,29.778566390400066,76.91657454701415,False
D5_persist_null,,33.8,86,M4_delayed_info,46.65102234161454,78.11034359869913,29.778566390400066,76.91657454701415,False
D5_persist_null,,33.8,87,M1_autonomous_Schaefer,23.843911965660883,38.90059102210822,22.72981439849064,49.39370399018081,False
D5_persist_null,,33.8,87,M1b_autonomous_Allee,23.924716546069668,47.66100661175364,22.72981439849064,49.39370399018081,False
D5_persist_null,,33.8,87,M2_stockflow_regimeC,23.843911965660883,38.90059102210822,22.72981439849064,49.39370399018081,False
D5_persist_null,,33.8,87,M3_AR_residual,25.57569298183911,39.082856641141355,22.72981439849064,49.39370399018081,False
D5_persist_null,,33.8,87,M4_delayed_info,34.40141204232385,41.229187760443594,22.72981439849064,49.39370399018081,False
D5_persist_null,,33.8,88,M1_autonomous_Schaefer,33.17306475016363,31.139627728231417,35.41698262033188,35.363563132341596,True
D5_persist_null,,33.8,88,M1b_autonomous_Allee,33.08774955065686,30.25738222004286,35.41698262033188,35.363563132341596,False
D5_persist_null,,33.8,88,M2_stockflow_regimeC,33.17306475016363,31.139627728231417,35.41698262033188,35.363563132341596,False
D5_persist_null,,33.8,88,M3_AR_residual,32.562347906974196,31.37448568038396,35.41698262033188,35.363563132341596,False
D5_persist_null,,33.8,88,M4_delayed_info,39.61578015541873,33.56894306328023,35.41698262033188,35.363563132341596,False
D5_persist_null,,33.8,89,M1_autonomous_Schaefer,31.940249916453222,71.36230556906413,31.622395755318347,68.04010588966128,False
D5_persist_null,,33.8,89,M1b_autonomous_Allee,32.53251632760525,73.24098261628679,31.622395755318347,68.04010588966128,False
D5_persist_null,,33.8,89,M2_stockflow_regimeC,31.940249916453222,71.36230556906413,31.622395755318347,68.04010588966128,False
D5_persist_null,,33.8,89,M3_AR_residual,32.47526417263762,72.03118354935427,31.622395755318347,68.04010588966128,False
D5_persist_null,,33.8,89,M4_delayed_info,47.44529597331445,75.42746891094805,31.622395755318347,68.04010588966128,False
D5_persist_null,,33.8,90,M1_autonomous_Schaefer,34.27350009784275,101.61562264260877,33.11330338444949,96.96206874184557,False
D5_persist_null,,33.8,90,M1b_autonomous_Allee,35.22073668047713,106.64903658742433,33.11330338444949,96.96206874184557,False
D5_persist_null,,33.8,90,M2_stockflow_regimeC,34.27350009784275,101.61562264260877,33.11330338444949,96.96206874184557,False
D5_persist_null,,33.8,90,M3_AR_residual,34.18042569039232,100.22261690765471,33.11330338444949,96.96206874184557,False
D5_persist_null,,33.8,90,M4_delayed_info,43.4874609661342,105.54275633462919,33.11330338444949,96.96206874184557,False
D5_persist_null,,33.8,91,M1_autonomous_Schaefer,34.41859694792307,114.08154580197761,34.02896786177063,111.79681447455961,False
D5_persist_null,,33.8,91,M1b_autonomous_Allee,34.02612200627189,105.7029670793565,34.02896786177063,111.79681447455961,False
D5_persist_null,,33.8,91,M2_stockflow_regimeC,34.41859694792307,114.08154580197761,34.02896786177063,111.79681447455961,False
D5_persist_null,,33.8,91,M3_AR_residual,29.574790398043316,112.8554172033419,34.02896786177063,111.79681447455961,False
D5_persist_null,,33.8,91,M4_delayed_info,44.42589040381078,121.21547666489116,34.02896786177063,111.79681447455961,False
D5_persist_null,,33.8,92,M1_autonomous_Schaefer,35.72074115523379,82.28529473847514,34.92221846987999,91.97479548597482,False
D5_persist_null,,33.8,92,M1b_autonomous_Allee,37.04034024688653,83.82435666468815,34.92221846987999,91.97479548597482,False
D5_persist_null,,33.8,92,M2_stockflow_regimeC,35.72074115523379,82.28529473847514,34.92221846987999,91.97479548597482,False
D5_persist_null,,33.8,92,M3_AR_residual,35.682493413270926,82.36788479706614,34.92221846987999,91.97479548597482,False
D5_persist_null,,33.8,92,M4_delayed_info,50.44622707388973,81.93959599261402,34.92221846987999,91.97479548597482,False
D5_persist_null,,33.8,93,M1_autonomous_Schaefer,36.88046337379834,65.74590392279588,36.9285925081394,78.98320749793851,False
D5_persist_null,,33.8,93,M1b_autonomous_Allee,38.19031365738982,75.31166580132235,36.9285925081394,78.98320749793851,False
D5_persist_null,,33.8,93,M2_stockflow_regimeC,36.88046337379834,65.74590392279588,36.9285925081394,78.98320749793851,False
D5_persist_null,,33.8,93,M3_AR_residual,39.17690800058576,66.27273390343817,36.9285925081394,78.98320749793851,False
D5_persist_null,,33.8,93,M4_delayed_info,53.22836058262569,63.327532339033276,36.9285925081394,78.98320749793851,False
D5_persist_null,,33.8,94,M1_autonomous_Schaefer,34.11603364986188,78.98684032251838,34.67340236150168,80.15235213379768,False
D5_persist_null,,33.8,94,M1b_autonomous_Allee,35.71519038180139,85.80201140582187,34.67340236150168,80.15235213379768,False
D5_persist_null,,33.8,94,M2_stockflow_regimeC,34.11603364986188,78.98684032251838,34.67340236150168,80.15235213379768,False
D5_persist_null,,33.8,94,M3_AR_residual,33.39730494437776,78.37357500877522,34.67340236150168,80.15235213379768,False
D5_persist_null,,33.8,94,M4_delayed_info,38.75102946573863,78.91964330940677,34.67340236150168,80.15235213379768,False
D5_persist_null,,33.8,95,M1_autonomous_Schaefer,40.61254843321511,89.29284767023805,38.942064440437946,79.08486933129353,False
D5_persist_null,,33.8,95,M1b_autonomous_Allee,41.27026992761985,102.18675673389914,38.942064440437946,79.08486933129353,False
D5_persist_null,,33.8,95,M2_stockflow_regimeC,40.61254843321511,89.29284767023805,38.942064440437946,79.08486933129353,False
D5_persist_null,,33.8,95,M3_AR_residual,42.957275279576166,89.75044237632335,38.942064440437946,79.08486933129353,False
D5_persist_null,,33.8,95,M4_delayed_info,56.35076840588684,92.6201274621307,38.942064440437946,79.08486933129353,False
D5_persist_null,,33.8,96,M1_autonomous_Schaefer,35.44583982922641,64.43175556082232,35.43687018284013,64.38119081956702,False
D5_persist_null,,33.8,96,M1b_autonomous_Allee,38.60444834708714,87.32131222409164,35.43687018284013,64.38119081956702,False
D5_persist_null,,33.8,96,M2_stockflow_regimeC,35.44583982922641,64.43175556082232,35.43687018284013,64.38119081956702,False
D5_persist_null,,33.8,96,M3_AR_residual,37.10691016518419,74.81781236755815,35.43687018284013,64.38119081956702,False
D5_persist_null,,33.8,96,M4_delayed_info,43.91619269625624,60.56850866310216,35.43687018284013,64.38119081956702,False
D5_persist_null,,33.8,97,M1_autonomous_Schaefer,43.039569150038474,65.37748058878712,40.2023810998136,53.01856618103228,False
D5_persist_null,,33.8,97,M1b_autonomous_Allee,42.702283462219796,67.08604292246793,40.2023810998136,53.01856618103228,False
D5_persist_null,,33.8,97,M2_stockflow_regimeC,43.039569150038474,65.37748058878712,40.2023810998136,53.01856618103228,False
D5_persist_null,,33.8,97,M3_AR_residual,45.08875496825779,70.43902508384865,40.2023810998136,53.01856618103228,False
D5_persist_null,,33.8,97,M4_delayed_info,55.06298550039199,66.06450277266535,40.2023810998136,53.01856618103228,False
D5_persist_null,,33.8,98,M1_autonomous_Schaefer,35.65014930499861,78.76365769167803,35.641680906699385,78.59011031814327,False
D5_persist_null,,33.8,98,M1b_autonomous_Allee,38.16715791026815,73.77945048248476,35.641680906699385,78.59011031814327,False
D5_persist_null,,33.8,98,M2_stockflow_regimeC,35.65014930499861,78.76365769167803,35.641680906699385,78.59011031814327,False
D5_persist_null,,33.8,98,M3_AR_residual,38.98223320533824,78.5923619853847,35.641680906699385,78.59011031814327,False
D5_persist_null,,33.8,98,M4_delayed_info,51.55619336693984,79.14017490634858,35.641680906699385,78.59011031814327,False
D5_persist_null,,33.8,99,M1_autonomous_Schaefer,37.8199107537126,85.01839072512301,36.83982315297503,74.89410005362093,False
D5_persist_null,,33.8,99,M1b_autonomous_Allee,38.15319711293946,92.05979725939044,36.83982315297503,74.89410005362093,False
D5_persist_null,,33.8,99,M2_stockflow_regimeC,37.8199107537126,85.01839072512301,36.83982315297503,74.89410005362093,False
D5_persist_null,,33.8,99,M3_AR_residual,38.37162083960619,86.04599287351937,36.83982315297503,74.89410005362093,False
D5_persist_null,,33.8,99,M4_delayed_info,48.758800762847955,83.44978594982106,36.83982315297503,74.89410005362093,False
D5_persist_null,,33.8,100,M1_autonomous_Schaefer,40.93191677749304,120.98083842983478,40.809667167192984,120.02856576492994,False
D5_persist_null,,33.8,100,M1b_autonomous_Allee,42.4521132402222,137.7776632906494,40.809667167192984,120.02856576492994,False
D5_persist_null,,33.8,100,M2_stockflow_regimeC,40.93191677749304,120.98083842983478,40.809667167192984,120.02856576492994,False
D5_persist_null,,33.8,100,M3_AR_residual,40.314678336056296,121.1343180329258,40.809667167192984,120.02856576492994,False
D5_persist_null,,33.8,100,M4_delayed_info,60.88394377942952,126.10655496618483,40.809667167192984,120.02856576492994,False
D5_persist_null,,33.8,101,M1_autonomous_Schaefer,27.56562174096049,48.214816261000266,26.930885809866034,52.47983548255589,False
D5_persist_null,,33.8,101,M1b_autonomous_Allee,28.41452053955235,49.12554654780587,26.930885809866034,52.47983548255589,False
D5_persist_null,,33.8,101,M2_stockflow_regimeC,27.56562174096049,48.214816261000266,26.930885809866034,52.47983548255589,False
D5_persist_null,,33.8,101,M3_AR_residual,28.262570777101725,48.0923059953579,26.930885809866034,52.47983548255589,False
D5_persist_null,,33.8,101,M4_delayed_info,36.7357535102198,48.60579707745197,26.930885809866034,52.47983548255589,False
D5_persist_null,,33.8,102,M1_autonomous_Schaefer,28.58306672954326,68.31631992754299,27.755550266528143,55.96446319021395,False
D5_persist_null,,33.8,102,M1b_autonomous_Allee,28.719235905785133,70.0525404679704,27.755550266528143,55.96446319021395,False
D5_persist_null,,33.8,102,M2_stockflow_regimeC,28.58306672954326,68.31631992754299,27.755550266528143,55.96446319021395,False
D5_persist_null,,33.8,102,M3_AR_residual,29.918386758042963,69.1769304885332,27.755550266528143,55.96446319021395,False
D5_persist_null,,33.8,102,M4_delayed_info,40.630189099845836,77.55845892035671,27.755550266528143,55.96446319021395,False
D5_persist_null,,33.8,103,M1_autonomous_Schaefer,33.93474692528594,45.62115286384343,33.833978156829716,45.21661459299711,False
D5_persist_null,,33.8,103,M1b_autonomous_Allee,34.949115844422394,62.34513819446885,33.833978156829716,45.21661459299711,False
D5_persist_null,,33.8,103,M2_stockflow_regimeC,33.93474692528594,45.62115286384343,33.833978156829716,45.21661459299711,False
D5_persist_null,,33.8,103,M3_AR_residual,32.73610506561993,45.80624840365378,33.833978156829716,45.21661459299711,False
D5_persist_null,,33.8,103,M4_delayed_info,41.757618056444294,56.1257284379239,33.833978156829716,45.21661459299711,False
D5_persist_null,,33.8,104,M1_autonomous_Schaefer,40.043053022304875,91.65380734535456,36.86626848152762,71.55050183159418,False
D5_persist_null,,33.8,104,M1b_autonomous_Allee,41.01438617702651,88.50611608452236,36.86626848152762,71.55050183159418,False
D5_persist_null,,33.8,104,M2_stockflow_regimeC,40.043053022304875,91.65380734535456,36.86626848152762,71.55050183159418,False
D5_persist_null,,33.8,104,M3_AR_residual,41.226783997126105,90.68132972368917,36.86626848152762,71.55050183159418,False
D5_persist_null,,33.8,104,M4_delayed_info,55.251995674753026,93.13544917399838,36.86626848152762,71.55050183159418,False
D5_persist_null,,33.8,105,M1_autonomous_Schaefer,31.125822189041575,57.910392819143176,29.709131174356024,45.1692427033777,False
D5_persist_null,,33.8,105,M1b_autonomous_Allee,29.70099050662428,49.077624109204514,29.709131174356024,45.1692427033777,False
D5_persist_null,,33.8,105,M2_stockflow_regimeC,31.125822189041575,57.910392819143176,29.709131174356024,45.1692427033777,False
D5_persist_null,,33.8,105,M3_AR_residual,33.55240821448135,59.00807721964133,29.709131174356024,45.1692427033777,False
D5_persist_null,,33.8,105,M4_delayed_info,43.79761005519364,64.35098959328846,29.709131174356024,45.1692427033777,False
D5_persist_null,,33.8,106,M1_autonomous_Schaefer,35.458682634704154,83.19395334198721,33.26716433419511,67.22146610448628,False
D5_persist_null,,33.8,106,M1b_autonomous_Allee,36.46885130629823,90.7874064579913,33.26716433419511,67.22146610448628,False
D5_persist_null,,33.8,106,M2_stockflow_regimeC,35.458682634704154,83.19395334198721,33.26716433419511,67.22146610448628,False
D5_persist_null,,33.8,106,M3_AR_residual,36.50749972518462,83.22421323987966,33.26716433419511,67.22146610448628,False
D5_persist_null,,33.8,106,M4_delayed_info,45.12011886249348,86.6835401678753,33.26716433419511,67.22146610448628,False
D5_persist_null,,33.8,107,M1_autonomous_Schaefer,33.07934546780503,80.18814266281319,32.882391351888174,76.37698885251197,False
D5_persist_null,,33.8,107,M1b_autonomous_Allee,34.20894814436214,82.2139454806763,32.882391351888174,76.37698885251197,False
D5_persist_null,,33.8,107,M2_stockflow_regimeC,33.07934546780503,80.18814266281319,32.882391351888174,76.37698885251197,False
D5_persist_null,,33.8,107,M3_AR_residual,33.00371548541522,82.0601479706726,32.882391351888174,76.37698885251197,False
D5_persist_null,,33.8,107,M4_delayed_info,44.425935912020115,94.38106495326643,32.882391351888174,76.37698885251197,False
D5_persist_null,,33.8,108,M1_autonomous_Schaefer,33.56845774630035,95.71061042434626,32.85655370767975,87.67507536168493,False
D5_persist_null,,33.8,108,M1b_autonomous_Allee,32.278046709444695,81.79249439738496,32.85655370767975,87.67507536168493,False
D5_persist_null,,33.8,108,M2_stockflow_regimeC,33.56845774630035,95.71061042434626,32.85655370767975,87.67507536168493,False
D5_persist_null,,33.8,108,M3_AR_residual,34.78947895458376,96.64746705826812,32.85655370767975,87.67507536168493,False
D5_persist_null,,33.8,108,M4_delayed_info,53.84056566860622,105.68202652935909,32.85655370767975,87.67507536168493,False
D5_persist_null,,33.8,109,M1_autonomous_Schaefer,31.60107990708352,66.63641504249908,31.724065680850213,78.86963126643919,False
D5_persist_null,,33.8,109,M1b_autonomous_Allee,31.418262527167887,65.77039944525383,31.724065680850213,78.86963126643919,False
D5_persist_null,,33.8,109,M2_stockflow_regimeC,31.60107990708352,66.63641504249908,31.724065680850213,78.86963126643919,False
D5_persist_null,,33.8,109,M3_AR_residual,34.270738912469916,67.30625168458842,31.724065680850213,78.86963126643919,False
D5_persist_null,,33.8,109,M4_delayed_info,43.020349084063895,72.24409620072379,31.724065680850213,78.86963126643919,False
D5_persist_null,,33.8,110,M1_autonomous_Schaefer,26.26053709767195,57.558057267034464,26.571041131461385,57.66314340139369,False
D5_persist_null,,33.8,110,M1b_autonomous_Allee,26.36013043385054,58.49186620385673,26.571041131461385,57.66314340139369,False
D5_persist_null,,33.8,110,M2_stockflow_regimeC,26.26053709767195,57.558057267034464,26.571041131461385,57.66314340139369,False
D5_persist_null,,33.8,110,M3_AR_residual,26.448987777337297,58.47006403873756,26.571041131461385,57.66314340139369,False
D5_persist_null,,33.8,110,M4_delayed_info,34.78992353687827,66.83142595778885,26.571041131461385,57.66314340139369,False
D5_persist_null,,33.8,111,M1_autonomous_Schaefer,21.270518054626926,64.41956358143314,20.885283631908386,67.42429014295614,False
D5_persist_null,,33.8,111,M1b_autonomous_Allee,20.072353137713115,61.22436131921367,20.885283631908386,67.42429014295614,False
D5_persist_null,,33.8,111,M2_stockflow_regimeC,21.270518054626926,64.41956358143314,20.885283631908386,67.42429014295614,False
D5_persist_null,,33.8,111,M3_AR_residual,21.363732823455855,64.57361689207734,20.885283631908386,67.42429014295614,False
D5_persist_null,,33.8,111,M4_delayed_info,29.91786505069655,66.2315080458096,20.885283631908386,67.42429014295614,False
D5_persist_null,,33.8,112,M1_autonomous_Schaefer,32.248034170837,72.99954333424613,32.22416132937103,72.77063072763549,False
D5_persist_null,,33.8,112,M1b_autonomous_Allee,30.640104425742056,62.07597139763811,32.22416132937103,72.77063072763549,False
D5_persist_null,,33.8,112,M2_stockflow_regimeC,32.248034170837,72.99954333424613,32.22416132937103,72.77063072763549,False
D5_persist_null,,33.8,112,M3_AR_residual,33.627032623337946,75.35933928793743,32.22416132937103,72.77063072763549,False
D5_persist_null,,33.8,112,M4_delayed_info,42.176868421911564,80.75942507362927,32.22416132937103,72.77063072763549,False
D5_persist_null,,33.8,113,M1_autonomous_Schaefer,33.473626290910126,78.46325666735872,32.77112303193697,78.00543658891785,False
D5_persist_null,,33.8,113,M1b_autonomous_Allee,33.290484195462,79.76027070212686,32.77112303193697,78.00543658891785,False
D5_persist_null,,33.8,113,M2_stockflow_regimeC,33.473626290910126,78.46325666735872,32.77112303193697,78.00543658891785,False
D5_persist_null,,33.8,113,M3_AR_residual,35.08805848955468,77.79391046791802,32.77112303193697,78.00543658891785,False
D5_persist_null,,33.8,113,M4_delayed_info,41.549411307941035,78.26367634859517,32.77112303193697,78.00543658891785,False
D5_persist_null,,33.8,114,M1_autonomous_Schaefer,29.92167712885554,91.58161980135722,29.198398528402443,86.73490425785238,False
D5_persist_null,,33.8,114,M1b_autonomous_Allee,28.142064194836088,82.2787846972999,29.198398528402443,86.73490425785238,False
D5_persist_null,,33.8,114,M2_stockflow_regimeC,29.92167712885554,91.58161980135722,29.198398528402443,86.73490425785238,False
D5_persist_null,,33.8,114,M3_AR_residual,32.96878210804812,91.63804815793226,29.198398528402443,86.73490425785238,False
D5_persist_null,,33.8,114,M4_delayed_info,43.16667573133932,101.73934283617984,29.198398528402443,86.73490425785238,False
D5_persist_null,,33.8,115,M1_autonomous_Schaefer,36.4447054030643,97.0128462703279,34.57866411915655,89.09784094588326,False
D5_persist_null,,33.8,115,M1b_autonomous_Allee,35.292621666821546,84.31221730298445,34.57866411915655,89.09784094588326,False
D5_persist_null,,33.8,115,M2_stockflow_regimeC,36.4447054030643,97.0128462703279,34.57866411915655,89.09784094588326,False
D5_persist_null,,33.8,115,M3_AR_residual,35.95433177033285,93.98463495095397,34.57866411915655,89.09784094588326,False
D5_persist_null,,33.8,115,M4_delayed_info,45.41976536137941,104.62644194347283,34.57866411915655,89.09784094588326,False
D5_persist_null,,33.8,116,M1_autonomous_Schaefer,33.95076884969132,89.28258551726115,33.46619241800343,84.82852053615466,False
D5_persist_null,,33.8,116,M1b_autonomous_Allee,35.045534561314284,91.8230980783709,33.46619241800343,84.82852053615466,False
D5_persist_null,,33.8,116,M2_stockflow_regimeC,33.95076884969132,89.28258551726115,33.46619241800343,84.82852053615466,False
D5_persist_null,,33.8,116,M3_AR_residual,35.807858250264104,89.6767671542137,33.46619241800343,84.82852053615466,False
D5_persist_null,,33.8,116,M4_delayed_info,53.767362639175445,100.18083145241997,33.46619241800343,84.82852053615466,False
D5_persist_null,,33.8,117,M1_autonomous_Schaefer,35.238635529907135,52.014376809294085,34.72396796202292,45.50529635622433,False
D5_persist_null,,33.8,117,M1b_autonomous_Allee,34.29824445778108,182.21831402827507,34.72396796202292,45.50529635622433,False
D5_persist_null,,33.8,117,M2_stockflow_regimeC,35.238635529907135,52.014376809294085,34.72396796202292,45.50529635622433,False
D5_persist_null,,33.8,117,M3_AR_residual,33.799077061574586,49.101777106291436,34.72396796202292,45.50529635622433,False
D5_persist_null,,33.8,117,M4_delayed_info,36.88585872905237,40.723251569405214,34.72396796202292,45.50529635622433,False
D5_persist_null,,33.8,118,M1_autonomous_Schaefer,36.54316149109348,75.41415051948908,35.15105316083192,84.50891645187122,False
D5_persist_null,,33.8,118,M1b_autonomous_Allee,38.7222456740328,77.64146020548694,35.15105316083192,84.50891645187122,False
D5_persist_null,,33.8,118,M2_stockflow_regimeC,36.54316149109348,75.41415051948908,35.15105316083192,84.50891645187122,False
D5_persist_null,,33.8,118,M3_AR_residual,37.628311737503516,74.57348385781235,35.15105316083192,84.50891645187122,False
D5_persist_null,,33.8,118,M4_delayed_info,46.092390442626524,80.96779610636348,35.15105316083192,84.50891645187122,False
D5_persist_null,,33.8,119,M1_autonomous_Schaefer,37.308790667382674,108.7510795250842,36.96611700020145,100.64840571991786,False
D5_persist_null,,33.8,119,M1b_autonomous_Allee,36.69824996874773,107.75896619405856,36.96611700020145,100.64840571991786,False
D5_persist_null,,33.8,119,M2_stockflow_regimeC,37.308790667382674,108.7510795250842,36.96611700020145,100.64840571991786,False
D5_persist_null,,33.8,119,M3_AR_residual,38.363041303874496,109.40054400258265,36.96611700020145,100.64840571991786,False
D5_persist_null,,33.8,119,M4_delayed_info,46.27244292591155,113.0636370666964,36.96611700020145,100.64840571991786,False
D5_persist_null,,33.8,120,M1_autonomous_Schaefer,32.20859958107705,76.1578484041186,32.18466656851024,75.91931035822252,False
D5_persist_null,,33.8,120,M1b_autonomous_Allee,30.31972514892043,54.37844946454086,32.18466656851024,75.91931035822252,True
D5_persist_null,,33.8,120,M2_stockflow_regimeC,32.20859958107705,76.1578484041186,32.18466656851024,75.91931035822252,False
D5_persist_null,,33.8,120,M3_AR_residual,33.80217355297453,77.92379545422523,32.18466656851024,75.91931035822252,False
D5_persist_null,,33.8,120,M4_delayed_info,47.8077377118554,90.75485609805898,32.18466656851024,75.91931035822252,False
D5_persist_null,,33.8,121,M1_autonomous_Schaefer,26.2195986699963,64.55942756244336,26.200006199988515,64.38203882227785,False
D5_persist_null,,33.8,121,M1b_autonomous_Allee,26.15604764950592,67.96590788497268,26.200006199988515,64.38203882227785,False
D5_persist_null,,33.8,121,M2_stockflow_regimeC,26.2195986699963,64.55942756244336,26.200006199988515,64.38203882227785,False
D5_persist_null,,33.8,121,M3_AR_residual,26.09469630988114,64.72261300037042,26.200006199988515,64.38203882227785,False
D5_persist_null,,33.8,121,M4_delayed_info,38.222682055249436,71.12215689262867,26.200006199988515,64.38203882227785,False
D5_persist_null,,33.8,122,M1_autonomous_Schaefer,34.07586073751603,101.23555439658202,34.2405049071231,104.98266808115858,False
D5_persist_null,,33.8,122,M1b_autonomous_Allee,44.96314004284836,240.38515185587414,34.2405049071231,104.98266808115858,False
D5_persist_null,,33.8,122,M2_stockflow_regimeC,34.07586073751603,101.23555439658202,34.2405049071231,104.98266808115858,False
D5_persist_null,,33.8,122,M3_AR_residual,36.18940623984519,110.75569720527226,34.2405049071231,104.98266808115858,False
D5_persist_null,,33.8,122,M4_delayed_info,42.70227654976305,103.27513395595103,34.2405049071231,104.98266808115858,False
D5_persist_null,,33.8,123,M1_autonomous_Schaefer,27.783298156749037,29.446360812815968,28.981281435780474,40.75582861697899,False
D5_persist_null,,33.8,123,M1b_autonomous_Allee,27.98787785646378,29.247523008146302,28.981281435780474,40.75582861697899,False
D5_persist_null,,33.8,123,M2_stockflow_regimeC,27.783298156749037,29.446360812815968,28.981281435780474,40.75582861697899,False
D5_persist_null,,33.8,123,M3_AR_residual,27.79167470941091,29.212394269290964,28.981281435780474,40.75582861697899,False
D5_persist_null,,33.8,123,M4_delayed_info,33.5126413527208,29.144279948214358,28.981281435780474,40.75582861697899,False
D5_persist_null,,33.8,124,M1_autonomous_Schaefer,31.598662372993463,52.143071580606694,34.30738698571724,70.62039661651968,True
D5_persist_null,,33.8,124,M1b_autonomous_Allee,32.84441321600609,76.54477559132793,34.30738698571724,70.62039661651968,False
D5_persist_null,,33.8,124,M2_stockflow_regimeC,31.598662372993463,52.143071580606694,34.30738698571724,70.62039661651968,False
D5_persist_null,,33.8,124,M3_AR_residual,33.00964812188918,51.61322565842215,34.30738698571724,70.62039661651968,False
D5_persist_null,,33.8,124,M4_delayed_info,42.80894009564473,50.911460133601956,34.30738698571724,70.62039661651968,False
D5_persist_null,,33.8,125,M1_autonomous_Schaefer,31.73075583353028,104.31011297939108,31.265240368676103,93.99620263632397,False
D5_persist_null,,33.8,125,M1b_autonomous_Allee,32.330788637712104,109.63744930436239,31.265240368676103,93.99620263632397,False
D5_persist_null,,33.8,125,M2_stockflow_regimeC,31.73075583353028,104.31011297939108,31.265240368676103,93.99620263632397,False
D5_persist_null,,33.8,125,M3_AR_residual,33.91798470697678,105.881086427194,31.265240368676103,93.99620263632397,False
D5_persist_null,,33.8,125,M4_delayed_info,51.32708450968502,113.3371345242586,31.265240368676103,93.99620263632397,False
D5_persist_null,,33.8,126,M1_autonomous_Schaefer,36.73626644052219,64.90251828354555,36.64747490419114,68.92170627292997,False
D5_persist_null,,33.8,126,M1b_autonomous_Allee,37.61692916323999,73.93488188705264,36.64747490419114,68.92170627292997,False
D5_persist_null,,33.8,126,M2_stockflow_regimeC,36.73626644052219,64.90251828354555,36.64747490419114,68.92170627292997,False
D5_persist_null,,33.8,126,M3_AR_residual,39.997253250410175,85.18889013549487,36.64747490419114,68.92170627292997,False
D5_persist_null,,33.8,126,M4_delayed_info,42.04800044767491,73.88859930894915,36.64747490419114,68.92170627292997,False
D5_persist_null,,33.8,127,M1_autonomous_Schaefer,36.23849118155319,64.84722581152923,36.394058164339164,66.57115629921135,False
D5_persist_null,,33.8,127,M1b_autonomous_Allee,37.30678384362215,64.76943654576007,36.394058164339164,66.57115629921135,False
D5_persist_null,,33.8,127,M2_stockflow_regimeC,36.23849118155319,64.84722581152923,36.394058164339164,66.57115629921135,False
D5_persist_null,,33.8,127,M3_AR_residual,37.26746324642174,63.35950451845537,36.394058164339164,66.57115629921135,False
D5_persist_null,,33.8,127,M4_delayed_info,51.5623249520353,59.22147227523424,36.394058164339164,66.57115629921135,False
D5_persist_null,,33.8,128,M1_autonomous_Schaefer,37.84541517123636,79.90229424664443,38.80431250796691,82.634249870738,False
D5_persist_null,,33.8,128,M1b_autonomous_Allee,38.519935653144415,82.62833124171522,38.80431250796691,82.634249870738,False
D5_persist_null,,33.8,128,M2_stockflow_regimeC,37.84541517123636,79.90229424664443,38.80431250796691,82.634249870738,False
D5_persist_null,,33.8,128,M3_AR_residual,38.84363865572981,80.27301909267226,38.80431250796691,82.634249870738,False
D5_persist_null,,33.8,128,M4_delayed_info,50.49524597667037,85.23898610054954,38.80431250796691,82.634249870738,False
D5_persist_null,,33.8,129,M1_autonomous_Schaefer,32.440932200805335,86.42044939357731,32.43900292287677,86.42776960468116,False
D5_persist_null,,33.8,129,M1b_autonomous_Allee,37.860637428525436,102.88440454581551,32.43900292287677,86.42776960468116,False
D5_persist_null,,33.8,129,M2_stockflow_regimeC,32.440932200805335,86.42044939357731,32.43900292287677,86.42776960468116,False
D5_persist_null,,33.8,129,M3_AR_residual,34.10651392921573,86.20996621773747,32.43900292287677,86.42776960468116,False
D5_persist_null,,33.8,129,M4_delayed_info,42.22679881733953,91.21494544437812,32.43900292287677,86.42776960468116,False
D5_persist_null,,33.8,130,M1_autonomous_Schaefer,34.601707031254556,73.45130212483639,34.016787826598225,67.58249027495782,False
D5_persist_null,,33.8,130,M1b_autonomous_Allee,35.26575275077535,72.4617920408454,34.016787826598225,67.58249027495782,False
D5_persist_null,,33.8,130,M2_stockflow_regimeC,34.601707031254556,73.45130212483639,34.016787826598225,67.58249027495782,False
D5_persist_null,,33.8,130,M3_AR_residual,35.75762419722052,73.8258311247948,34.016787826598225,67.58249027495782,False
D5_persist_null,,33.8,130,M4_delayed_info,40.937921630277046,78.68986235335755,34.016787826598225,67.58249027495782,False
D5_persist_null,,33.8,131,M1_autonomous_Schaefer,27.525598543104582,63.646072979816125,26.931311382261743,62.5663267373411,False
D5_persist_null,,33.8,131,M1b_autonomous_Allee,27.627169267001715,72.36827366254896,26.931311382261743,62.5663267373411,False
D5_persist_null,,33.8,131,M2_stockflow_regimeC,27.525598543104582,63.646072979816125,26.931311382261743,62.5663267373411,False
D5_persist_null,,33.8,131,M3_AR_residual,30.481253914081325,64.04539097515597,26.931311382261743,62.5663267373411,False
D5_persist_null,,33.8,131,M4_delayed_info,39.1570110068092,65.9813908878192,26.931311382261743,62.5663267373411,False
D5_persist_null,,33.8,132,M1_autonomous_Schaefer,47.465124613554835,110.38188443363083,46.387023446475354,104.78504080620328,False
D5_persist_null,,33.8,132,M1b_autonomous_Allee,48.544263341804,116.40521650862736,46.387023446475354,104.78504080620328,False
D5_persist_null,,33.8,132,M2_stockflow_regimeC,47.465124613554835,110.38188443363083,46.387023446475354,104.78504080620328,False
D5_persist_null,,33.8,132,M3_AR_residual,53.43232437303562,120.13971996295362,46.387023446475354,104.78504080620328,False
D5_persist_null,,33.8,132,M4_delayed_info,65.83827217693674,115.01911039683952,46.387023446475354,104.78504080620328,False
D5_persist_null,,33.8,133,M1_autonomous_Schaefer,33.610959812359035,64.31846040174727,32.15064827674636,59.767300058070425,False
D5_persist_null,,33.8,133,M1b_autonomous_Allee,34.11549567128846,72.91688764430283,32.15064827674636,59.767300058070425,False
D5_persist_null,,33.8,133,M2_stockflow_regimeC,33.610959812359035,64.31846040174727,32.15064827674636,59.767300058070425,False
D5_persist_null,,33.8,133,M3_AR_residual,35.245817873751164,65.31583440618964,32.15064827674636,59.767300058070425,False
D5_persist_null,,33.8,133,M4_delayed_info,48.5879149350378,73.86903134682939,32.15064827674636,59.767300058070425,False
D5_persist_null,,33.8,134,M1_autonomous_Schaefer,24.583495809246898,57.741104867557226,24.424727061763118,57.30001732727409,False
D5_persist_null,,33.8,134,M1b_autonomous_Allee,24.46895639976749,57.825379222362095,24.424727061763118,57.30001732727409,False
D5_persist_null,,33.8,134,M2_stockflow_regimeC,24.583495809246898,57.741104867557226,24.424727061763118,57.30001732727409,False
D5_persist_null,,33.8,134,M3_AR_residual,25.793234095350428,58.398427606166166,24.424727061763118,57.30001732727409,False
D5_persist_null,,33.8,134,M4_delayed_info,37.83235990728297,67.56818349581587,24.424727061763118,57.30001732727409,False
D5_persist_null,,33.8,135,M1_autonomous_Schaefer,31.87338168956023,57.34781949874494,33.48436312479899,58.536655006568736,False
D5_persist_null,,33.8,135,M1b_autonomous_Allee,32.28001884467601,63.252269734682955,33.48436312479899,58.536655006568736,False
D5_persist_null,,33.8,135,M2_stockflow_regimeC,31.87338168956023,57.34781949874494,33.48436312479899,58.536655006568736,False
D5_persist_null,,33.8,135,M3_AR_residual,33.741293987461425,56.97160154256962,33.48436312479899,58.536655006568736,False
D5_persist_null,,33.8,135,M4_delayed_info,42.081289962492775,58.87181778948911,33.48436312479899,58.536655006568736,False
D5_persist_null,,33.8,136,M1_autonomous_Schaefer,41.43479169801021,103.69073271905164,40.22948083656007,88.41594907872643,False
D5_persist_null,,33.8,136,M1b_autonomous_Allee,43.29659874008638,135.65626498416816,40.22948083656007,88.41594907872643,False
D5_persist_null,,33.8,136,M2_stockflow_regimeC,41.43479169801021,103.69073271905164,40.22948083656007,88.41594907872643,False
D5_persist_null,,33.8,136,M3_AR_residual,42.75568170299602,105.01235458708803,40.22948083656007,88.41594907872643,False
D5_persist_null,,33.8,136,M4_delayed_info,51.464371322318165,103.71972731788327,40.22948083656007,88.41594907872643,False
D5_persist_null,,33.8,137,M1_autonomous_Schaefer,27.061021617738675,76.8569025962706,26.557113063519104,72.94920867104395,False
D5_persist_null,,33.8,137,M1b_autonomous_Allee,27.046851295918444,85.32672964215884,26.557113063519104,72.94920867104395,False
D5_persist_null,,33.8,137,M2_stockflow_regimeC,27.061021617738675,76.8569025962706,26.557113063519104,72.94920867104395,False
D5_persist_null,,33.8,137,M3_AR_residual,28.176118743275012,77.968042109145,26.557113063519104,72.94920867104395,False
D5_persist_null,,33.8,137,M4_delayed_info,42.30343327728453,84.61302836145849,26.557113063519104,72.94920867104395,False
D5_persist_null,,33.8,138,M1_autonomous_Schaefer,30.353981495981486,80.26565218828357,30.14545906801598,77.49493164885197,False
D5_persist_null,,33.8,138,M1b_autonomous_Allee,31.33863907590697,90.18681841839184,30.14545906801598,77.49493164885197,False
D5_persist_null,,33.8,138,M2_stockflow_regimeC,30.353981495981486,80.26565218828357,30.14545906801598,77.49493164885197,False
D5_persist_null,,33.8,138,M3_AR_residual,32.81295922651077,80.2989493568071,30.14545906801598,77.49493164885197,False
D5_persist_null,,33.8,138,M4_delayed_info,51.107892264949804,87.10139854470606,30.14545906801598,77.49493164885197,False
D5_persist_null,,33.8,139,M1_autonomous_Schaefer,36.9203979452011,85.77691604913268,35.49072446613434,80.6636051141799,False
D5_persist_null,,33.8,139,M1b_autonomous_Allee,37.52879436687258,100.11941776007093,35.49072446613434,80.6636051141799,False
D5_persist_null,,33.8,139,M2_stockflow_regimeC,36.9203979452011,85.77691604913268,35.49072446613434,80.6636051141799,False
D5_persist_null,,33.8,139,M3_AR_residual,36.86334956039436,85.38900755024169,35.49072446613434,80.6636051141799,False
D5_persist_null,,33.8,139,M4_delayed_info,44.7876382697914,88.20614424789635,35.49072446613434,80.6636051141799,False
D5_persist_null,,33.8,140,M1_autonomous_Schaefer,35.18098552120269,82.41231648994173,35.221220753794306,88.34367856206065,False
D5_persist_null,,33.8,140,M1b_autonomous_Allee,34.85856032276618,88.69203659261419,35.221220753794306,88.34367856206065,False
D5_persist_null,,33.8,140,M2_stockflow_regimeC,35.18098552120269,82.41231648994173,35.221220753794306,88.34367856206065,False
D5_persist_null,,33.8,140,M3_AR_residual,35.232689770226514,83.01308499196888,35.221220753794306,88.34367856206065,False
D5_persist_null,,33.8,140,M4_delayed_info,50.408709942183684,79.89071033949008,35.221220753794306,88.34367856206065,False
D5_persist_null,,33.8,141,M1_autonomous_Schaefer,27.573854171492055,69.96505597854922,28.29163034178276,77.28950631010503,False
D5_persist_null,,33.8,141,M1b_autonomous_Allee,27.463044188289995,71.57455287413985,28.29163034178276,77.28950631010503,False
D5_persist_null,,33.8,141,M2_stockflow_regimeC,27.573854171492055,69.96505597854922,28.29163034178276,77.28950631010503,False
D5_persist_null,,33.8,141,M3_AR_residual,29.92114554829722,68.93910640993998,28.29163034178276,77.28950631010503,False
D5_persist_null,,33.8,141,M4_delayed_info,41.6445724818112,66.9808934458221,28.29163034178276,77.28950631010503,False
D5_persist_null,,33.8,142,M1_autonomous_Schaefer,43.7201732499936,100.34068242832102,40.13480357811587,76.34094713753015,False
D5_persist_null,,33.8,142,M1b_autonomous_Allee,43.668542686007974,95.64902038867697,40.13480357811587,76.34094713753015,False
D5_persist_null,,33.8,142,M2_stockflow_regimeC,43.7201732499936,100.34068242832102,40.13480357811587,76.34094713753015,False
D5_persist_null,,33.8,142,M3_AR_residual,45.766715313473405,101.52994192671159,40.13480357811587,76.34094713753015,False
D5_persist_null,,33.8,142,M4_delayed_info,57.5215711065062,107.48587088500742,40.13480357811587,76.34094713753015,False
D5_persist_null,,33.8,143,M1_autonomous_Schaefer,33.120845846836424,74.91979934536984,32.6599062002436,72.75040769804511,False
D5_persist_null,,33.8,143,M1b_autonomous_Allee,37.29063044916409,98.17925815935975,32.6599062002436,72.75040769804511,False
D5_persist_null,,33.8,143,M2_stockflow_regimeC,33.120845846836424,74.91979934536984,32.6599062002436,72.75040769804511,False
D5_persist_null,,33.8,143,M3_AR_residual,36.443048637474426,75.71182844918123,32.6599062002436,72.75040769804511,False
D5_persist_null,,33.8,143,M4_delayed_info,49.87300144950164,77.57730122080291,32.6599062002436,72.75040769804511,False
D5_persist_null,,33.8,144,M1_autonomous_Schaefer,24.607363362122086,44.86304423990218,25.361085364508384,46.30150195801638,False
D5_persist_null,,33.8,144,M1b_autonomous_Allee,24.86353788684082,46.23236831966682,25.361085364508384,46.30150195801638,False
D5_persist_null,,33.8,144,M2_stockflow_regimeC,24.607363362122086,44.86304423990218,25.361085364508384,46.30150195801638,False
D5_persist_null,,33.8,144,M3_AR_residual,24.486411291385217,44.28096989066534,25.361085364508384,46.30150195801638,False
D5_persist_null,,33.8,144,M4_delayed_info,28.426647349683787,43.62789047409636,25.361085364508384,46.30150195801638,False
D5_persist_null,,33.8,145,M1_autonomous_Schaefer,32.976067896699305,37.12113923257348,33.44891648293657,51.11543256643594,False
D5_persist_null,,33.8,145,M1b_autonomous_Allee,31.879272887593142,35.617522827759416,33.44891648293657,51.11543256643594,False
D5_persist_null,,33.8,145,M2_stockflow_regimeC,32.976067896699305,37.12113923257348,33.44891648293657,51.11543256643594,False
D5_persist_null,,33.8,145,M3_AR_residual,36.346190005261626,35.89457759871109,33.44891648293657,51.11543256643594,False
D5_persist_null,,33.8,145,M4_delayed_info,44.27339670751699,36.40805421103774,33.44891648293657,51.11543256643594,False
D5_persist_null,,33.8,146,M1_autonomous_Schaefer,41.28330922557936,110.64239961455756,41.2843432193893,110.57377436260654,False
D5_persist_null,,33.8,146,M1b_autonomous_Allee,44.2775931462362,120.55256730796602,41.2843432193893,110.57377436260654,False
D5_persist_null,,33.8,146,M2_stockflow_regimeC,41.28330922557936,110.64239961455756,41.2843432193893,110.57377436260654,False
D5_persist_null,,33.8,146,M3_AR_residual,43.56344178923407,111.94604210758907,41.2843432193893,110.57377436260654,False
D5_persist_null,,33.8,146,M4_delayed_info,50.1263754054466,115.7076673691342,41.2843432193893,110.57377436260654,False
D5_persist_null,,33.8,147,M1_autonomous_Schaefer,33.56779710996416,90.49929730069144,32.9254312078671,75.65092156716693,False
D5_persist_null,,33.8,147,M1b_autonomous_Allee,33.52194472582267,87.51806184346289,32.9254312078671,75.65092156716693,False
D5_persist_null,,33.8,147,M2_stockflow_regimeC,33.56779710996416,90.49929730069144,32.9254312078671,75.65092156716693,False
D5_persist_null,,33.8,147,M3_AR_residual,35.363559533202405,91.68345202484706,32.9254312078671,75.65092156716693,False
D5_persist_null,,33.8,147,M4_delayed_info,51.65118361725632,98.78893595689418,32.9254312078671,75.65092156716693,False
D5_persist_null,,33.8,148,M1_autonomous_Schaefer,37.187140006660776,76.67565222026631,36.61417718245834,73.3219690794929,False
D5_persist_null,,33.8,148,M1b_autonomous_Allee,38.50679737762953,80.37894650555907,36.61417718245834,73.3219690794929,False
D5_persist_null,,33.8,148,M2_stockflow_regimeC,37.187140006660776,76.67565222026631,36.61417718245834,73.3219690794929,False
D5_persist_null,,33.8,148,M3_AR_residual,38.498288964141494,83.51892971535906,36.61417718245834,73.3219690794929,False
D5_persist_null,,33.8,148,M4_delayed_info,45.23422124375762,76.20915649451311,36.61417718245834,73.3219690794929,False
D5_persist_null,,33.8,149,M1_autonomous_Schaefer,31.79802205560618,67.73294074811326,30.468370246156876,68.11247735274516,False
D5_persist_null,,33.8,149,M1b_autonomous_Allee,33.51742710176677,78.48285979900466,30.468370246156876,68.11247735274516,False
D5_persist_null,,33.8,149,M2_stockflow_regimeC,31.79802205560618,67.73294074811326,30.468370246156876,68.11247735274516,False
D5_persist_null,,33.8,149,M3_AR_residual,32.51858237532967,61.66397786209816,30.468370246156876,68.11247735274516,False
D5_persist_null,,33.8,149,M4_delayed_info,40.438709365216695,60.30091298733648,30.468370246156876,68.11247735274516,False
D5_persist_null,,33.8,150,M1_autonomous_Schaefer,36.03488403294378,112.43267601539698,36.446590325380924,114.4801315705282,False
D5_persist_null,,33.8,150,M1b_autonomous_Allee,36.787638171504454,155.81200354776573,36.446590325380924,114.4801315705282,False
D5_persist_null,,33.8,150,M2_stockflow_regimeC,36.03488403294378,112.43267601539698,36.446590325380924,114.4801315705282,False
D5_persist_null,,33.8,150,M3_AR_residual,37.61287921629613,113.2915272458407,36.446590325380924,114.4801315705282,False
D5_persist_null,,33.8,150,M4_delayed_info,47.257462216370264,122.13315333657411,36.446590325380924,114.4801315705282,False
D5_persist_null,,33.8,151,M1_autonomous_Schaefer,33.062311486218256,78.38539768094124,32.905676596229824,77.4917818297413,False
D5_persist_null,,33.8,151,M1b_autonomous_Allee,34.0558215224089,91.52935813338526,32.905676596229824,77.4917818297413,False
D5_persist_null,,33.8,151,M2_stockflow_regimeC,33.062311486218256,78.38539768094124,32.905676596229824,77.4917818297413,False
D5_persist_null,,33.8,151,M3_AR_residual,34.94688508685652,79.00736355756352,32.905676596229824,77.4917818297413,False
D5_persist_null,,33.8,151,M4_delayed_info,52.00262758172551,85.88521866261429,32.905676596229824,77.4917818297413,False
D5_persist_null,,33.8,152,M1_autonomous_Schaefer,29.141237772159013,70.00743455770504,28.291252252236124,63.6803967725461,False
D5_persist_null,,33.8,152,M1b_autonomous_Allee,28.33463332063802,66.6061753556904,28.291252252236124,63.6803967725461,False
D5_persist_null,,33.8,152,M2_stockflow_regimeC,29.141237772159013,70.00743455770504,28.291252252236124,63.6803967725461,False
D5_persist_null,,33.8,152,M3_AR_residual,30.520929733492018,70.05289286086757,28.291252252236124,63.6803967725461,False
D5_persist_null,,33.8,152,M4_delayed_info,32.54908863930844,72.87157916563059,28.291252252236124,63.6803967725461,False
D5_persist_null,,33.8,153,M1_autonomous_Schaefer,31.6500395148808,91.1228124060525,31.87476294976111,85.63925727774759,False
D5_persist_null,,33.8,153,M1b_autonomous_Allee,32.81381460861376,95.02998686848177,31.87476294976111,85.63925727774759,False
D5_persist_null,,33.8,153,M2_stockflow_regimeC,31.6500395148808,91.1228124060525,31.87476294976111,85.63925727774759,False
D5_persist_null,,33.8,153,M3_AR_residual,35.822257345968005,93.4184099561678,31.87476294976111,85.63925727774759,False
D5_persist_null,,33.8,153,M4_delayed_info,48.25054884764211,103.53742556887482,31.87476294976111,85.63925727774759,False
D5_persist_null,,33.8,154,M1_autonomous_Schaefer,47.05731759042949,86.02089110560159,45.951438110941176,82.0583361284323,False
D5_persist_null,,33.8,154,M1b_autonomous_Allee,47.39779588149058,106.8519267407225,45.951438110941176,82.0583361284323,False
D5_persist_null,,33.8,154,M2_stockflow_regimeC,47.05731759042949,86.02089110560159,45.951438110941176,82.0583361284323,False
D5_persist_null,,33.8,154,M3_AR_residual,48.27169084647165,84.9008023681068,45.951438110941176,82.0583361284323,False
D5_persist_null,,33.8,154,M4_delayed_info,65.24948713515832,83.77337872359631,45.951438110941176,82.0583361284323,False
D5_persist_null,,33.8,155,M1_autonomous_Schaefer,38.71150909073739,147.7583344661695,35.127456220898715,117.24582489626073,False
D5_persist_null,,33.8,155,M1b_autonomous_Allee,36.67619503658118,133.58286291948795,35.127456220898715,117.24582489626073,False
D5_persist_null,,33.8,155,M2_stockflow_regimeC,38.71150909073739,147.7583344661695,35.127456220898715,117.24582489626073,False
D5_persist_null,,33.8,155,M3_AR_residual,42.181510499004276,149.63819645159865,35.127456220898715,117.24582489626073,False
D5_persist_null,,33.8,155,M4_delayed_info,61.52125855611368,164.610459673009,35.127456220898715,117.24582489626073,False
D5_persist_null,,33.8,156,M1_autonomous_Schaefer,33.31815044398721,41.729364164519225,33.11650845915542,38.393208627621725,False
D5_persist_null,,33.8,156,M1b_autonomous_Allee,33.59722046198258,43.41407918806035,33.11650845915542,38.393208627621725,False
D5_persist_null,,33.8,156,M2_stockflow_regimeC,33.31815044398721,41.729364164519225,33.11650845915542,38.393208627621725,False
D5_persist_null,,33.8,156,M3_AR_residual,33.481657125048045,41.917380297539836,33.11650845915542,38.393208627621725,False
D5_persist_null,,33.8,156,M4_delayed_info,38.358313573897625,45.56236597856642,33.11650845915542,38.393208627621725,False
D5_persist_null,,33.8,157,M1_autonomous_Schaefer,32.91144867666718,69.3577993937196,33.08574059399115,71.97709116254752,False
D5_persist_null,,33.8,157,M1b_autonomous_Allee,34.21721268876974,109.47678785325861,33.08574059399115,71.97709116254752,False
D5_persist_null,,33.8,157,M2_stockflow_regimeC,32.91144867666718,69.3577993937196,33.08574059399115,71.97709116254752,False
D5_persist_null,,33.8,157,M3_AR_residual,31.982594780993065,68.24878360575244,33.08574059399115,71.97709116254752,False
D5_persist_null,,33.8,157,M4_delayed_info,36.195557857015665,69.09190942310316,33.08574059399115,71.97709116254752,False
D5_persist_null,,33.8,158,M1_autonomous_Schaefer,37.09219872812787,77.9738966109383,36.489352061889775,83.96111286392427,False
D5_persist_null,,33.8,158,M1b_autonomous_Allee,37.54715159982178,76.08778615378786,36.489352061889775,83.96111286392427,False
D5_persist_null,,33.8,158,M2_stockflow_regimeC,37.09219872812787,77.9738966109383,36.489352061889775,83.96111286392427,False
D5_persist_null,,33.8,158,M3_AR_residual,37.63240875459212,77.54804052768618,36.489352061889775,83.96111286392427,False
D5_persist_null,,33.8,158,M4_delayed_info,47.38827432002364,77.45328105698977,36.489352061889775,83.96111286392427,False
D5_persist_null,,33.8,159,M1_autonomous_Schaefer,42.7653112259682,107.08716069493066,39.642937066584196,89.55616506683062,False
D5_persist_null,,33.8,159,M1b_autonomous_Allee,43.42856314898269,106.93562685289044,39.642937066584196,89.55616506683062,False
D5_persist_null,,33.8,159,M2_stockflow_regimeC,42.7653112259682,107.08716069493066,39.642937066584196,89.55616506683062,False
D5_persist_null,,33.8,159,M3_AR_residual,42.97649812358561,107.83278414619913,39.642937066584196,89.55616506683062,False
D5_persist_null,,33.8,159,M4_delayed_info,62.56009900222284,112.83561194982447,39.642937066584196,89.55616506683062,False
D5_persist_null,,33.8,160,M1_autonomous_Schaefer,38.45634444375065,77.20946010569975,38.09631106900797,74.84982972644859,False
D5_persist_null,,33.8,160,M1b_autonomous_Allee,39.87982367711413,94.22660290243705,38.09631106900797,74.84982972644859,False
D5_persist_null,,33.8,160,M2_stockflow_regimeC,38.45634444375065,77.20946010569975,38.09631106900797,74.84982972644859,False
D5_persist_null,,33.8,160,M3_AR_residual,40.46671804003407,78.6360144970129,38.09631106900797,74.84982972644859,False
D5_persist_null,,33.8,160,M4_delayed_info,56.71444368078217,81.95698665715776,38.09631106900797,74.84982972644859,False
D5_persist_null,,33.8,161,M1_autonomous_Schaefer,33.10286396905446,54.08840284203439,33.937210633864474,69.99053402490817,False
D5_persist_null,,33.8,161,M1b_autonomous_Allee,33.846360654011775,66.53662925239752,33.937210633864474,69.99053402490817,False
D5_persist_null,,33.8,161,M2_stockflow_regimeC,33.10286396905446,54.08840284203439,33.937210633864474,69.99053402490817,False
D5_persist_null,,33.8,161,M3_AR_residual,33.70970647227778,53.84713028111525,33.937210633864474,69.99053402490817,False
D5_persist_null,,33.8,161,M4_delayed_info,44.694893731851224,54.636931195777514,33.937210633864474,69.99053402490817,False
D5_persist_null,,33.8,162,M1_autonomous_Schaefer,38.50975375422024,60.28654079069785,38.56880928921467,59.92852856926929,False
D5_persist_null,,33.8,162,M1b_autonomous_Allee,38.9598766528057,86.46631466687796,38.56880928921467,59.92852856926929,False
D5_persist_null,,33.8,162,M2_stockflow_regimeC,38.50975375422024,60.28654079069785,38.56880928921467,59.92852856926929,False
D5_persist_null,,33.8,162,M3_AR_residual,40.27451887856725,68.67806137410807,38.56880928921467,59.92852856926929,False
D5_persist_null,,33.8,162,M4_delayed_info,43.82409341356893,61.237835989656226,38.56880928921467,59.92852856926929,False
D5_persist_null,,33.8,163,M1_autonomous_Schaefer,29.506071314057486,47.315828534549496,29.503571245231782,47.30592321785803,False
D5_persist_null,,33.8,163,M1b_autonomous_Allee,32.23104798236577,70.96734824766274,29.503571245231782,47.30592321785803,False
D5_persist_null,,33.8,163,M2_stockflow_regimeC,29.506071314057486,47.315828534549496,29.503571245231782,47.30592321785803,False
D5_persist_null,,33.8,163,M3_AR_residual,30.032223302775805,47.299661058000126,29.503571245231782,47.30592321785803,False
D5_persist_null,,33.8,163,M4_delayed_info,43.71647485748123,54.30562067622781,29.503571245231782,47.30592321785803,False
D5_persist_null,,33.8,164,M1_autonomous_Schaefer,32.049151199627175,73.93317413676102,32.101597975974656,72.73654069876456,False
D5_persist_null,,33.8,164,M1b_autonomous_Allee,33.12652220996356,100.98219980164143,32.101597975974656,72.73654069876456,False
D5_persist_null,,33.8,164,M2_stockflow_regimeC,32.049151199627175,73.93317413676102,32.101597975974656,72.73654069876456,False
D5_persist_null,,33.8,164,M3_AR_residual,32.96451429516851,73.50595543670377,32.101597975974656,72.73654069876456,False
D5_persist_null,,33.8,164,M4_delayed_info,39.11775246435817,74.18146641734242,32.101597975974656,72.73654069876456,False
D5_persist_null,,33.8,165,M1_autonomous_Schaefer,29.830823888596292,76.36125874940831,26.707592759599166,65.25795444585556,False
D5_persist_null,,33.8,165,M1b_autonomous_Allee,29.41898540946673,77.14745464217275,26.707592759599166,65.25795444585556,False
D5_persist_null,,33.8,165,M2_stockflow_regimeC,29.830823888596292,76.36125874940831,26.707592759599166,65.25795444585556,False
D5_persist_null,,33.8,165,M3_AR_residual,28.44234470275942,75.84576278406536,26.707592759599166,65.25795444585556,False
D5_persist_null,,33.8,165,M4_delayed_info,38.15846761601615,78.54883101018991,26.707592759599166,65.25795444585556,False
D5_persist_null,,33.8,166,M1_autonomous_Schaefer,37.35468700127884,76.40318101059195,38.61679028410505,71.60452331717302,False
D5_persist_null,,33.8,166,M1b_autonomous_Allee,38.86736044837132,74.89774468085596,38.61679028410505,71.60452331717302,False
D5_persist_null,,33.8,166,M2_stockflow_regimeC,37.35468700127884,76.40318101059195,38.61679028410505,71.60452331717302,False
D5_persist_null,,33.8,166,M3_AR_residual,38.439089518558475,76.04021852588617,38.61679028410505,71.60452331717302,False
D5_persist_null,,33.8,166,M4_delayed_info,47.66065553546276,75.7147835704921,38.61679028410505,71.60452331717302,False
D5_persist_null,,33.8,167,M1_autonomous_Schaefer,27.090871445522314,98.85667765349834,26.825573762179697,96.36307321891385,False
D5_persist_null,,33.8,167,M1b_autonomous_Allee,25.21879913829718,87.44686986182008,26.825573762179697,96.36307321891385,True
D5_persist_null,,33.8,167,M2_stockflow_regimeC,27.090871445522314,98.85667765349834,26.825573762179697,96.36307321891385,False
D5_persist_null,,33.8,167,M3_AR_residual,27.905909957296927,96.25196079805629,26.825573762179697,96.36307321891385,False
D5_persist_null,,33.8,167,M4_delayed_info,38.334931365714695,108.39782390351377,26.825573762179697,96.36307321891385,False
D5_persist_null,,33.8,168,M1_autonomous_Schaefer,32.442105231645385,38.20888780174349,32.56406826467341,36.13604265259447,False
D5_persist_null,,33.8,168,M1b_autonomous_Allee,32.19769285324836,37.74695890401932,32.56406826467341,36.13604265259447,False
D5_persist_null,,33.8,168,M2_stockflow_regimeC,32.442105231645385,38.20888780174349,32.56406826467341,36.13604265259447,False
D5_persist_null,,33.8,168,M3_AR_residual,34.44127014337056,38.97948711755932,32.56406826467341,36.13604265259447,False
D5_persist_null,,33.8,168,M4_delayed_info,42.13584910667156,43.7510510936179,32.56406826467341,36.13604265259447,False
D5_persist_null,,33.8,169,M1_autonomous_Schaefer,30.79894581015206,50.111969820017826,30.456190953248267,58.83608459038692,False
D5_persist_null,,33.8,169,M1b_autonomous_Allee,29.896094581820716,54.26045652058992,30.456190953248267,58.83608459038692,False
D5_persist_null,,33.8,169,M2_stockflow_regimeC,30.79894581015206,50.111969820017826,30.456190953248267,58.83608459038692,False
D5_persist_null,,33.8,169,M3_AR_residual,31.48698296344421,50.74447779968286,30.456190953248267,58.83608459038692,False
D5_persist_null,,33.8,169,M4_delayed_info,40.15598860744361,48.81626162047788,30.456190953248267,58.83608459038692,False
D5_persist_null,,33.8,170,M1_autonomous_Schaefer,33.957420991068595,71.51768638101508,33.94173307287576,71.37260569914012,False
D5_persist_null,,33.8,170,M1b_autonomous_Allee,33.13889157861646,58.227219574400806,33.94173307287576,71.37260569914012,False
D5_persist_null,,33.8,170,M2_stockflow_regimeC,33.957420991068595,71.51768638101508,33.94173307287576,71.37260569914012,False
D5_persist_null,,33.8,170,M3_AR_residual,36.29796655145594,73.56169784853593,33.94173307287576,71.37260569914012,False
D5_persist_null,,33.8,170,M4_delayed_info,38.88031862741472,69.46275563336937,33.94173307287576,71.37260569914012,False
D5_persist_null,,33.8,171,M1_autonomous_Schaefer,27.881139865068725,76.47461209320804,27.67633940999276,70.95456946873854,False
D5_persist_null,,33.8,171,M1b_autonomous_Allee,26.420502528838753,71.27756916488487,27.67633940999276,70.95456946873854,False
D5_persist_null,,33.8,171,M2_stockflow_regimeC,27.881139865068725,76.47461209320804,27.67633940999276,70.95456946873854,False
D5_persist_null,,33.8,171,M3_AR_residual,29.635401885632444,77.26394903023662,27.67633940999276,70.95456946873854,False
D5_persist_null,,33.8,171,M4_delayed_info,43.10438905513472,87.48723218879576,27.67633940999276,70.95456946873854,False
D5_persist_null,,33.8,172,M1_autonomous_Schaefer,25.462595151216863,57.810507110995914,25.35114267125287,56.35834648305072,False
D5_persist_null,,33.8,172,M1b_autonomous_Allee,25.563430187163036,57.991266586942224,25.35114267125287,56.35834648305072,False
D5_persist_null,,33.8,172,M2_stockflow_regimeC,25.462595151216863,57.810507110995914,25.35114267125287,56.35834648305072,False
D5_persist_null,,33.8,172,M3_AR_residual,26.14173461672387,58.01493874538904,25.35114267125287,56.35834648305072,False
D5_persist_null,,33.8,172,M4_delayed_info,36.907479225656175,59.38392333190472,25.35114267125287,56.35834648305072,False
D5_persist_null,,33.8,173,M1_autonomous_Schaefer,27.95554739305287,39.34540740366081,29.23767519054477,56.46470483597049,False
D5_persist_null,,33.8,173,M1b_autonomous_Allee,28.832017900101285,44.951037357159166,29.23767519054477,56.46470483597049,False
D5_persist_null,,33.8,173,M2_stockflow_regimeC,27.95554739305287,39.34540740366081,29.23767519054477,56.46470483597049,False
D5_persist_null,,33.8,173,M3_AR_residual,29.39557200152655,39.03253509404444,29.23767519054477,56.46470483597049,False
D5_persist_null,,33.8,173,M4_delayed_info,37.483920736289264,38.34731847850562,29.23767519054477,56.46470483597049,False
D5_persist_null,,33.8,174,M1_autonomous_Schaefer,25.36316934798345,65.31988394554024,24.41712098837817,53.52398171623556,False
D5_persist_null,,33.8,174,M1b_autonomous_Allee,24.602258666238665,56.229365362037576,24.41712098837817,53.52398171623556,False
D5_persist_null,,33.8,174,M2_stockflow_regimeC,25.36316934798345,65.31988394554024,24.41712098837817,53.52398171623556,False
D5_persist_null,,33.8,174,M3_AR_residual,25.200294549738803,65.55238943697171,24.41712098837817,53.52398171623556,False
D5_persist_null,,33.8,174,M4_delayed_info,37.143325188541695,70.4376828350097,24.41712098837817,53.52398171623556,False
D5_persist_null,,33.8,175,M1_autonomous_Schaefer,43.18665037924939,68.59528311879102,43.44075858515378,74.41398360377444,False
D5_persist_null,,33.8,175,M1b_autonomous_Allee,43.1014004842473,70.37966437629636,43.44075858515378,74.41398360377444,False
D5_persist_null,,33.8,175,M2_stockflow_regimeC,43.18665037924939,68.59528311879102,43.44075858515378,74.41398360377444,False
D5_persist_null,,33.8,175,M3_AR_residual,45.717961543389634,69.96505491432461,43.44075858515378,74.41398360377444,False
D5_persist_null,,33.8,175,M4_delayed_info,55.460893522082934,73.67116629740303,43.44075858515378,74.41398360377444,False
D5_persist_null,,33.8,176,M1_autonomous_Schaefer,36.73562564021624,120.5659646753314,36.729649733268694,119.27762557755642,False
D5_persist_null,,33.8,176,M1b_autonomous_Allee,37.301704891475545,123.58914202549809,36.729649733268694,119.27762557755642,False
D5_persist_null,,33.8,176,M2_stockflow_regimeC,36.73562564021624,120.5659646753314,36.729649733268694,119.27762557755642,False
D5_persist_null,,33.8,176,M3_AR_residual,35.55699676107997,118.55624942265749,36.729649733268694,119.27762557755642,False
D5_persist_null,,33.8,176,M4_delayed_info,50.40210783657601,128.55689008127604,36.729649733268694,119.27762557755642,False
D5_persist_null,,33.8,177,M1_autonomous_Schaefer,41.46798592077749,86.17254982516552,41.51860077370649,93.57993423171521,False
D5_persist_null,,33.8,177,M1b_autonomous_Allee,42.714700174422624,90.92499057051216,41.51860077370649,93.57993423171521,False
D5_persist_null,,33.8,177,M2_stockflow_regimeC,41.46798592077749,86.17254982516552,41.51860077370649,93.57993423171521,False
D5_persist_null,,33.8,177,M3_AR_residual,43.55336988577532,96.33464215757502,41.51860077370649,93.57993423171521,False
D5_persist_null,,33.8,177,M4_delayed_info,48.98075249670362,92.37750554150975,41.51860077370649,93.57993423171521,False
D5_persist_null,,33.8,178,M1_autonomous_Schaefer,34.08691097219306,67.06972167813636,33.719324468857735,66.86522888522721,False
D5_persist_null,,33.8,178,M1b_autonomous_Allee,33.81915761567473,63.932710370738015,33.719324468857735,66.86522888522721,False
D5_persist_null,,33.8,178,M2_stockflow_regimeC,34.08691097219306,67.06972167813636,33.719324468857735,66.86522888522721,False
D5_persist_null,,33.8,178,M3_AR_residual,34.069226711417514,67.10980591546415,33.719324468857735,66.86522888522721,False
D5_persist_null,,33.8,178,M4_delayed_info,45.6630764190865,74.83258095627708,33.719324468857735,66.86522888522721,False
D5_persist_null,,33.8,179,M1_autonomous_Schaefer,29.184695566607328,82.20831185867931,28.068890530648325,75.27286794895143,False
D5_persist_null,,33.8,179,M1b_autonomous_Allee,29.641086620177518,82.11711953422324,28.068890530648325,75.27286794895143,False
D5_persist_null,,33.8,179,M2_stockflow_regimeC,29.184695566607328,82.20831185867931,28.068890530648325,75.27286794895143,False
D5_persist_null,,33.8,179,M3_AR_residual,30.576140142355452,82.42297508320046,28.068890530648325,75.27286794895143,False
D5_persist_null,,33.8,179,M4_delayed_info,44.02363146346647,88.65453936397013,28.068890530648325,75.27286794895143,False
D5_persist_null,,33.8,180,M1_autonomous_Schaefer,32.835917778502406,68.9468816663498,32.23272285775427,70.56741299708766,False
D5_persist_null,,33.8,180,M1b_autonomous_Allee,33.76954964740371,68.13958941650324,32.23272285775427,70.56741299708766,False
D5_persist_null,,33.8,180,M2_stockflow_regimeC,32.835917778502406,68.9468816663498,32.23272285775427,70.56741299708766,False
D5_persist_null,,33.8,180,M3_AR_residual,34.40350322052757,69.09192679348571,32.23272285775427,70.56741299708766,False
D5_persist_null,,33.8,180,M4_delayed_info,42.18375575013215,72.55166371638259,32.23272285775427,70.56741299708766,False
D5_persist_null,,33.8,181,M1_autonomous_Schaefer,40.866822493924744,47.6724575917946,40.906458842953484,47.950285945404474,False
D5_persist_null,,33.8,181,M1b_autonomous_Allee,43.975245734370716,81.85418743078372,40.906458842953484,47.950285945404474,False
D5_persist_null,,33.8,181,M2_stockflow_regimeC,40.866822493924744,47.6724575917946,40.906458842953484,47.950285945404474,False
D5_persist_null,,33.8,181,M3_AR_residual,36.73991202881143,44.77964001109981,40.906458842953484,47.950285945404474,True
D5_persist_null,,33.8,181,M4_delayed_info,43.947341732565505,59.867504320612824,40.906458842953484,47.950285945404474,False
D5_persist_null,,33.8,182,M1_autonomous_Schaefer,33.01296645308627,64.93420750889736,32.55518019930116,68.37785618012585,False
D5_persist_null,,33.8,182,M1b_autonomous_Allee,32.798347303053674,69.93099664959063,32.55518019930116,68.37785618012585,False
D5_persist_null,,33.8,182,M2_stockflow_regimeC,33.01296645308627,64.93420750889736,32.55518019930116,68.37785618012585,False
D5_persist_null,,33.8,182,M3_AR_residual,34.7741376976356,64.99532592536725,32.55518019930116,68.37785618012585,False
D5_persist_null,,33.8,182,M4_delayed_info,43.02138144375959,67.1531820813351,32.55518019930116,68.37785618012585,False
D5_persist_null,,33.8,183,M1_autonomous_Schaefer,36.72770098276345,68.73740584674184,34.540745052750125,60.400297378339616,False
D5_persist_null,,33.8,183,M1b_autonomous_Allee,37.7190581928694,86.42718042980893,34.540745052750125,60.400297378339616,False
D5_persist_null,,33.8,183,M2_stockflow_regimeC,36.72770098276345,68.73740584674184,34.540745052750125,60.400297378339616,False
D5_persist_null,,33.8,183,M3_AR_residual,41.73329564558427,72.19791049747386,34.540745052750125,60.400297378339616,False
D5_persist_null,,33.8,183,M4_delayed_info,49.84079177363745,68.62703452198954,34.540745052750125,60.400297378339616,False
D5_persist_null,,33.8,184,M1_autonomous_Schaefer,26.8680660808745,71.76198814484901,26.582360823535563,75.05584731491116,False
D5_persist_null,,33.8,184,M1b_autonomous_Allee,28.399063035744305,88.24969773968289,26.582360823535563,75.05584731491116,False
D5_persist_null,,33.8,184,M2_stockflow_regimeC,26.8680660808745,71.76198814484901,26.582360823535563,75.05584731491116,False
D5_persist_null,,33.8,184,M3_AR_residual,26.859085784246908,71.58539501672023,26.582360823535563,75.05584731491116,False
D5_persist_null,,33.8,184,M4_delayed_info,35.45452530283488,71.24535608907462,26.582360823535563,75.05584731491116,False
D5_persist_null,,33.8,185,M1_autonomous_Schaefer,34.40362829393704,88.00467663974396,33.48502409106084,79.84969997429191,False
D5_persist_null,,33.8,185,M1b_autonomous_Allee,33.69591912865318,83.22788823363246,33.48502409106084,79.84969997429191,False
D5_persist_null,,33.8,185,M2_stockflow_regimeC,34.40362829393704,88.00467663974396,33.48502409106084,79.84969997429191,False
D5_persist_null,,33.8,185,M3_AR_residual,36.57047552858407,89.60977135228713,33.48502409106084,79.84969997429191,False
D5_persist_null,,33.8,185,M4_delayed_info,51.15452360236594,98.18704809387779,33.48502409106084,79.84969997429191,False
D5_persist_null,,33.8,186,M1_autonomous_Schaefer,39.15327259223394,103.5915826260144,38.48500970626539,108.20081698645708,False
D5_persist_null,,33.8,186,M1b_autonomous_Allee,40.30481932966159,118.96989650544333,38.48500970626539,108.20081698645708,False
D5_persist_null,,33.8,186,M2_stockflow_regimeC,39.15327259223394,103.5915826260144,38.48500970626539,108.20081698645708,False
D5_persist_null,,33.8,186,M3_AR_residual,39.83342217583007,103.00658709157291,38.48500970626539,108.20081698645708,False
D5_persist_null,,33.8,186,M4_delayed_info,56.331811209998556,115.98393946920075,38.48500970626539,108.20081698645708,False
D5_persist_null,,33.8,187,M1_autonomous_Schaefer,31.126775428546203,89.70311990171788,30.547285407541953,86.98491729335275,False
D5_persist_null,,33.8,187,M1b_autonomous_Allee,32.22265225988662,104.34110799565686,30.547285407541953,86.98491729335275,False
D5_persist_null,,33.8,187,M2_stockflow_regimeC,31.126775428546203,89.70311990171788,30.547285407541953,86.98491729335275,False
D5_persist_null,,33.8,187,M3_AR_residual,30.3043061030467,90.33354565643526,30.547285407541953,86.98491729335275,False
D5_persist_null,,33.8,187,M4_delayed_info,41.78985826884743,92.10980741735618,30.547285407541953,86.98491729335275,False
D5_persist_null,,33.8,188,M1_autonomous_Schaefer,39.2550421995297,70.73147361763884,39.24472589889564,70.67994171013113,False
D5_persist_null,,33.8,188,M1b_autonomous_Allee,40.65238661270893,82.68109951072589,39.24472589889564,70.67994171013113,False
D5_persist_null,,33.8,188,M2_stockflow_regimeC,39.2550421995297,70.73147361763884,39.24472589889564,70.67994171013113,False
D5_persist_null,,33.8,188,M3_AR_residual,41.511979419791416,67.78901753300995,39.24472589889564,70.67994171013113,False
D5_persist_null,,33.8,188,M4_delayed_info,52.82010408021376,68.04529835268795,39.24472589889564,70.67994171013113,False
D5_persist_null,,33.8,189,M1_autonomous_Schaefer,43.35808245698413,147.54059569736648,41.212727895205965,117.15772764624671,False
D5_persist_null,,33.8,189,M1b_autonomous_Allee,44.053002345607815,155.0113843211755,41.212727895205965,117.15772764624671,False
D5_persist_null,,33.8,189,M2_stockflow_regimeC,43.35808245698413,147.54059569736648,41.212727895205965,117.15772764624671,False
D5_persist_null,,33.8,189,M3_AR_residual,43.69901822770679,147.12736678694003,41.212727895205965,117.15772764624671,False
D5_persist_null,,33.8,189,M4_delayed_info,61.51549976827203,156.48629897003926,41.212727895205965,117.15772764624671,False
D5_persist_null,,33.8,190,M1_autonomous_Schaefer,33.317131019033084,62.26988076359923,32.488018690146596,57.82680997511086,False
D5_persist_null,,33.8,190,M1b_autonomous_Allee,33.17154033461458,62.550993281669705,32.488018690146596,57.82680997511086,False
D5_persist_null,,33.8,190,M2_stockflow_regimeC,33.317131019033084,62.26988076359923,32.488018690146596,57.82680997511086,False
D5_persist_null,,33.8,190,M3_AR_residual,35.00798903215191,61.9877886271924,32.488018690146596,57.82680997511086,False
D5_persist_null,,33.8,190,M4_delayed_info,46.20268108996347,64.44985248708404,32.488018690146596,57.82680997511086,False
D5_persist_null,,33.8,191,M1_autonomous_Schaefer,27.203194813668528,61.744200599660026,27.198451963145402,61.73038838744563,False
D5_persist_null,,33.8,191,M1b_autonomous_Allee,33.737847387765704,88.12349420692787,27.198451963145402,61.73038838744563,False
D5_persist_null,,33.8,191,M2_stockflow_regimeC,27.203194813668528,61.744200599660026,27.198451963145402,61.73038838744563,False
D5_persist_null,,33.8,191,M3_AR_residual,28.744847672707,64.784011535765,27.198451963145402,61.73038838744563,False
D5_persist_null,,33.8,191,M4_delayed_info,34.82907902060246,61.73958702950984,27.198451963145402,61.73038838744563,False
D5_persist_null,,33.8,192,M1_autonomous_Schaefer,28.97003198700804,79.7627428081792,27.186540314350093,70.6921352412703,False
D5_persist_null,,33.8,192,M1b_autonomous_Allee,30.562627664221683,110.2663929373115,27.186540314350093,70.6921352412703,False
D5_persist_null,,33.8,192,M2_stockflow_regimeC,28.97003198700804,79.7627428081792,27.186540314350093,70.6921352412703,False
D5_persist_null,,33.8,192,M3_AR_residual,31.14342551223828,79.71204422785831,27.186540314350093,70.6921352412703,False
D5_persist_null,,33.8,192,M4_delayed_info,42.54382854725137,79.27192714619333,27.186540314350093,70.6921352412703,False
D5_persist_null,,33.8,193,M1_autonomous_Schaefer,33.39641757718257,46.3544443495636,35.2734212145329,53.78981278169908,True
D5_persist_null,,33.8,193,M1b_autonomous_Allee,35.340304918394935,44.245775979619445,35.2734212145329,53.78981278169908,False
D5_persist_null,,33.8,193,M2_stockflow_regimeC,33.39641757718257,46.3544443495636,35.2734212145329,53.78981278169908,False
D5_persist_null,,33.8,193,M3_AR_residual,33.954970192894656,47.103728623160244,35.2734212145329,53.78981278169908,False
D5_persist_null,,33.8,193,M4_delayed_info,44.82109325825795,52.94972335475072,35.2734212145329,53.78981278169908,False
D5_persist_null,,33.8,194,M1_autonomous_Schaefer,29.69439727593139,78.56165169409171,29.684096072883666,75.3548577616012,False
D5_persist_null,,33.8,194,M1b_autonomous_Allee,31.894535273214963,80.73221522864111,29.684096072883666,75.3548577616012,False
D5_persist_null,,33.8,194,M2_stockflow_regimeC,29.69439727593139,78.56165169409171,29.684096072883666,75.3548577616012,False
D5_persist_null,,33.8,194,M3_AR_residual,30.621808202276355,78.41242799304351,29.684096072883666,75.3548577616012,False
D5_persist_null,,33.8,194,M4_delayed_info,39.98536443292373,80.66086139958414,29.684096072883666,75.3548577616012,False
D5_persist_null,,33.8,195,M1_autonomous_Schaefer,29.99349441600643,51.12184555452675,31.61272247440706,60.238798787023754,True
D5_persist_null,,33.8,195,M1b_autonomous_Allee,30.219926564774333,53.26168315717938,31.61272247440706,60.238798787023754,False
D5_persist_null,,33.8,195,M2_stockflow_regimeC,29.99349441600643,51.12184555452675,31.61272247440706,60.238798787023754,False
D5_persist_null,,33.8,195,M3_AR_residual,30.35712821723873,51.377532298346175,31.61272247440706,60.238798787023754,False
D5_persist_null,,33.8,195,M4_delayed_info,36.471702653176614,53.551555405635064,31.61272247440706,60.238798787023754,False
D5_persist_null,,33.8,196,M1_autonomous_Schaefer,37.886659067912696,123.14324143813076,34.80096456037639,100.57924506026876,False
D5_persist_null,,33.8,196,M1b_autonomous_Allee,38.39873811451196,115.55243676672274,34.80096456037639,100.57924506026876,False
D5_persist_null,,33.8,196,M2_stockflow_regimeC,37.886659067912696,123.14324143813076,34.80096456037639,100.57924506026876,False
D5_persist_null,,33.8,196,M3_AR_residual,36.64090660038281,119.82028662279228,34.80096456037639,100.57924506026876,False
D5_persist_null,,33.8,196,M4_delayed_info,53.28781188138005,130.9102946263313,34.80096456037639,100.57924506026876,False
D5_persist_null,,33.8,197,M1_autonomous_Schaefer,33.01029570866857,71.34457951281776,33.239240529931294,67.2624765842654,False
D5_persist_null,,33.8,197,M1b_autonomous_Allee,32.70669808912216,66.17903351548908,33.239240529931294,67.2624765842654,False
D5_persist_null,,33.8,197,M2_stockflow_regimeC,33.01029570866857,71.34457951281776,33.239240529931294,67.2624765842654,False
D5_persist_null,,33.8,197,M3_AR_residual,32.862173183493944,72.5366541462474,33.239240529931294,67.2624765842654,False
D5_persist_null,,33.8,197,M4_delayed_info,43.45837086349094,81.93571827539519,33.239240529931294,67.2624765842654,False
D5_persist_null,,33.8,198,M1_autonomous_Schaefer,36.790947157625915,73.28847244614387,38.14224430829393,82.27105336750522,False
D5_persist_null,,33.8,198,M1b_autonomous_Allee,37.004057460366944,76.02970604111508,38.14224430829393,82.27105336750522,False
D5_persist_null,,33.8,198,M2_stockflow_regimeC,36.790947157625915,73.28847244614387,38.14224430829393,82.27105336750522,False
D5_persist_null,,33.8,198,M3_AR_residual,37.77968276081521,74.13348352788404,38.14224430829393,82.27105336750522,False
D5_persist_null,,33.8,198,M4_delayed_info,46.67959843596732,78.59623921073538,38.14224430829393,82.27105336750522,False
D5_persist_null,,33.8,199,M1_autonomous_Schaefer,31.369630596697633,90.13432521094579,30.885602521587053,88.52777091884073,False
D5_persist_null,,33.8,199,M1b_autonomous_Allee,33.104187567211376,113.26572747675594,30.885602521587053,88.52777091884073,False
D5_persist_null,,33.8,199,M2_stockflow_regimeC,31.369630596697633,90.13432521094579,30.885602521587053,88.52777091884073,False
D5_persist_null,,33.8,199,M3_AR_residual,31.671804576074667,90.50578595928708,30.885602521587053,88.52777091884073,False
D5_persist_null,,33.8,199,M4_delayed_info,44.822742105818236,97.78672603973989,30.885602521587053,88.52777091884073,False
