origin,horizon,model,target,obs,pred,sqerr,abserr
1948,1,M2_Rar,R,508.1,552.0248497644609,1929.3924268304584,43.92484976446087
1948,1,M2_enso,R,508.1,522.9790789030186,221.38698900225262,14.87907890301858
1948,1,M2_precip,R,508.1,427.6697606372637,6469.023403947056,80.4302393627363
1948,1,M2_combo,R,508.1,486.9901642727638,445.625164430898,21.109835727236202
1948,1,M2_precip_oracle,R,508.1,741.2623242455243,54364.66944757498,233.16232424552425
1948,1,R_persist,R,508.1,178.3,108768.04000000001,329.8
1948,1,R_mean,R,508.1,521.0600000000001,167.96160000000094,12.960000000000036
1948,1,naive_persist,H,662.3477134986226,659.3478709677419,8.999055210081057,2.9998425308807555
1948,1,M1,H,662.3477134986226,667.7502543409213,29.187447552705148,5.402540842298663
1948,1,M2_Rar,H,662.3477134986226,661.4049923387977,0.8887231851816828,0.9427211598249414
1948,1,M2_enso,H,662.3477134986226,660.9642900380256,1.9138604713301428,1.3834234605969868
1948,1,M2_precip,H,662.3477134986226,659.518191876434,8.006192610432931,2.829521622188622
1948,1,M2_combo,H,662.3477134986226,660.4182416113715,3.722861763692365,1.9294718872511112
1948,1,M2_precip_oracle,H,662.3477134986226,664.276232726734,3.7191864131951076,1.9285192281113268
1948,5,M2_Rar,R,167.6,552.0248497644609,147782.4651164283,384.4248497644609
1948,5,M2_enso,R,167.6,522.9790789030186,126294.2897219579,355.3790789030186
1948,5,M2_precip,R,167.6,427.6697606372637,67636.28039792363,260.0697606372637
1948,5,M2_combo,R,167.6,486.9901642727638,102010.07703418308,319.39016427276385
1948,5,M2_precip_oracle,R,167.6,276.6811594426528,11898.699345353447,109.08115944265282
1948,5,R_persist,R,167.6,178.3,114.49000000000036,10.700000000000017
1948,5,R_mean,R,167.6,521.0600000000001,124933.97160000002,353.46000000000004
1948,5,naive_persist,H,642.8683753501401,659.3478709677419,271.57377581055505,16.479495617601742
1948,5,M1,H,642.8683753501401,672.4813264924522,876.9268753569643,29.612951142312113
1948,5,M2_Rar,H,642.8683753501401,667.0403188562407,584.2828528621164,24.171943506100547
1948,5,M2_enso,H,642.8683753501401,665.3923463395334,507.3292691310319,22.52397098939332
1948,5,M2_precip,H,642.8683753501401,659.98477296724,292.97106738666287,17.116397617099892
1948,5,M2_combo,H,642.8683753501401,663.3504400496398,419.51497435449124,20.482064699499688
1948,5,M2_precip_oracle,H,642.8683753501401,654.8928893095937,144.5889359610931,12.024513959453543
1949,1,M2_Rar,R,200.2,543.0287059769909,117531.52164185805,342.8287059769909
1949,1,M2_enso,R,200.2,426.3547464046503,51145.9693213517,226.15474640465033
1949,1,M2_precip,R,200.2,615.6875956928052,172629.94217458795,415.4875956928052
1949,1,M2_combo,R,200.2,628.246141560616,183223.49930493094,428.04614156061604
1949,1,M2_precip_oracle,R,200.2,243.4441548043231,1870.056924740261,43.2441548043231
1949,1,R_persist,R,200.2,508.1,94802.41000000002,307.90000000000003
1949,1,R_mean,R,200.2,520.25,102432.0025,320.05
1949,1,naive_persist,H,659.4780273972603,662.3477134986226,8.235098320351822,2.8696861013622765
1949,1,M1,H,659.4780273972603,666.4994145794842,49.299877962697536,7.021387182223862
1949,1,M2_Rar,H,659.4780273972603,664.7240775261092,27.521041954395336,5.246050128848879
1949,1,M2_enso,H,659.4780273972603,662.9804459162754,12.26693548233929,3.5024185190150092
1949,1,M2_precip,H,659.4780273972603,665.8099268219444,40.09295032431388,6.331899424684025
1949,1,M2_combo,H,659.4780273972603,665.9976077545958,42.504928035754695,6.519580357335485
1949,1,M2_precip_oracle,H,659.4780273972603,660.2469423096715,0.591230142528178,0.7689149124111054
1949,5,M2_Rar,R,162.1,543.0287059769909,145106.67903730474,380.92870597699084
1949,5,M2_enso,R,162.1,426.3547464046503,69830.57099738604,264.2547464046503
1949,5,M2_precip,R,162.1,615.6875956928052,205741.7069663797,453.58759569280517
1949,5,M2_combo,R,162.1,628.246141560616,217292.22529184984,466.146141560616
1949,5,M2_precip_oracle,R,162.1,54.51102478288641,11575.38758826868,107.58897521711359
1949,5,R_persist,R,162.1,508.1,119716.0,346.0
1949,5,R_mean,R,162.1,520.25,128271.42249999999,358.15
1949,5,naive_persist,H,635.8018289085546,662.3477134986226,704.6839886692096,26.545884590068
1949,5,M1,H,635.8018289085546,671.160027005284,1250.2021726475532,35.358198096729325
1949,5,M2_Rar,H,635.8018289085546,670.418564401238,1198.3183761704029,34.61673549268335
1949,5,M2_enso,H,635.8018289085546,664.49666414131,823.3935690349804,28.694835232755395
1949,5,M2_precip,H,635.8018289085546,674.1064369948424,1467.2430006441025,38.30460808628777
1949,5,M2_combo,H,635.8018289085546,674.7438582010099,1516.4816454144413,38.94202929245523
1949,5,M2_precip_oracle,H,635.8018289085546,653.5077291976125,313.4989050460614,17.705900289057922
1950,1,M2_Rar,R,139.9,522.1185043142299,146090.985040207,382.2185043142299
1950,1,M2_enso,R,139.9,350.73494351300155,44451.37340613055,210.83494351300155
1950,1,M2_precip,R,139.9,456.57091476316293,100280.46825693842,316.67091476316295
1950,1,M2_combo,R,139.9,360.38136525489494,48612.03242466239,220.48136525489494
1950,1,M2_precip_oracle,R,139.9,172.379582948635,1054.9233085172614,32.479582948635
1950,1,R_persist,R,139.9,200.2,3636.089999999998,60.29999999999998
1950,1,R_mean,R,139.9,501.4235294117648,130699.26231833917,361.5235294117648
1950,1,naive_persist,H,648.3519452054794,659.4780273972603,123.78970493826492,11.126082191780938
1950,1,M1,H,648.3519452054794,662.6773211324,205.21639544759705,14.325375926920628
1950,1,M2_Rar,H,648.3519452054794,662.2563255402076,193.33179249277674,13.904380334728216
1950,1,M2_enso,H,648.3519452054794,659.6791218377344,128.30493045830445,11.327176632255032
1950,1,M2_precip,H,648.3519452054794,661.2706447100892,166.89279689040487,12.918699504609776
1950,1,M2_combo,H,648.3519452054794,659.8241812221503,131.61219922220047,11.472236016670877
1950,1,M2_precip_oracle,H,648.3519452054794,656.9970787441407,74.73833390128642,8.645133538661298
1950,5,M2_Rar,R,192.0,522.1185043142299,108978.22689066421,330.1185043142299
1950,5,M2_enso,R,192.0,350.73494351300155,25196.782292075794,158.73494351300155
1950,5,M2_precip,R,192.0,456.57091476316293,69997.76893861682,264.57091476316293
1950,5,M2_combo,R,192.0,360.38136525489494,28352.28416510234,168.38136525489494
1950,5,M2_precip_oracle,R,192.0,249.24567018131592,3277.0667545080023,57.245670181315916
1950,5,R_persist,R,192.0,200.2,67.23999999999981,8.199999999999989
1950,5,R_mean,R,192.0,501.4235294117648,95742.92055363326,309.4235294117648
1950,5,naive_persist,H,630.8421546961325,659.4780273972603,820.0132053551977,28.635872701127823
1950,5,M1,H,630.8421546961325,668.2593580931529,1400.0471100539896,37.41720339702033
1950,5,M2_Rar,H,630.8421546961325,669.0498140236698,1459.825231289146,38.20765932753727
1950,5,M2_enso,H,630.8421546961325,660.1708375194789,860.1716361524549,29.328682823346412
1950,5,M2_precip,H,630.8421546961325,665.6539486045513,1211.8609951222197,34.811793908418736
1950,5,M2_combo,H,630.8421546961325,660.6705957903151,889.7358981091218,29.828441094182608
1950,5,M2_precip_oracle,H,630.8421546961325,653.058763141446,493.57769081237313,22.216608445313454
1951,1,M2_Rar,R,275.5,467.5103507379468,36867.974790509346,192.0103507379468
1951,1,M2_enso,R,275.5,741.6483689427981,217294.30186803103,466.14836894279813
1951,1,M2_precip,R,275.5,387.70655697152915,12590.311427405017,112.20655697152915
1951,1,M2_combo,R,275.5,727.6634482817137,204451.78396201,452.1634482817137
1951,1,M2_precip_oracle,R,275.5,359.41106199885525,7041.066325775729,83.91106199885525
1951,1,R_persist,R,275.5,139.9,18387.359999999997,135.6
1951,1,R_mean,R,275.5,481.3388888888889,42369.64817901235,205.8388888888889
1951,1,naive_persist,H,642.6324863387978,648.3519452054794,32.712209727663165,5.719458866681634
1951,1,M1,H,642.6324863387978,647.9361217768367,28.12854885962203,5.303635438038896
1951,1,M2_Rar,H,642.6324863387978,648.7836223296191,37.83647397757751,6.151135990821331
1951,1,M2_enso,H,642.6324863387978,653.2007190872569,111.687543425603,10.568232748459081
1951,1,M2_precip,H,642.6324863387978,647.4977697470363,23.670982642480805,4.865283408238497
1951,1,M2_combo,H,642.6324863387978,652.9753846075214,106.97554459716596,10.342898268723616
1951,1,M2_precip_oracle,H,642.6324863387978,647.0418536361736,19.442519963167747,4.409367297375866
1951,5,M2_Rar,R,43.7,467.5103507379468,179615.2133926215,423.8103507379468
1951,5,M2_enso,R,43.7,741.6483689427981,487131.9257099122,697.9483689427981
1951,5,M2_precip,R,43.7,387.70655697152915,118340.51123940594,344.00655697152916
1951,5,M2_combo,R,43.7,727.6634482817137,467805.99858541245,683.9634482817137
1951,5,M2_precip_oracle,R,43.7,-14.553062671218356,3393.4193105768936,58.25306267121836
1951,5,R_persist,R,43.7,139.9,9254.44,96.2
1951,5,R_mean,R,43.7,481.3388888888889,191527.79706790127,437.6388888888889
1951,5,naive_persist,H,623.1509836065574,648.3519452054794,635.0884655103438,25.20096159892205
1951,5,M1,H,623.1509836065574,646.4256365623337,541.7094702118279,23.274652955776332
1951,5,M2_Rar,H,623.1509836065574,650.1732942284358,730.2052713452839,27.022310621878432
1951,5,M2_enso,H,623.1509836065574,668.8100818040142,2084.7532482050065,45.65909819745684
1951,5,M2_precip,H,623.1509836065574,644.7479746690066,466.43002295151086,21.596991062449206
1951,5,M2_combo,H,623.1509836065574,667.8593417449421,1998.8372874300703,44.70835813838471
1951,5,M2_precip_oracle,H,623.1509836065574,629.6501199847052,42.23877366176405,6.499136378147796
1952,1,M2_Rar,R,167.6,459.1484932803802,85000.52393405988,291.54849328038017
1952,1,M2_enso,R,167.6,487.818468399603,102539.86750418755,320.218468399603
1952,1,M2_precip,R,167.6,441.0999806222467,74802.23940036929,273.49998062224665
1952,1,M2_combo,R,167.6,478.7721730204701,96828.12126228142,311.17217302047015
1952,1,M2_precip_oracle,R,167.6,261.33335484731214,8785.941810932134,93.73335484731214
1952,1,R_persist,R,167.6,275.5,11642.410000000002,107.9
1952,1,R_mean,R,167.6,470.5052631578948,91751.59844875347,302.90526315789475
1952,1,naive_persist,H,642.8683753501401,642.6324863387978,0.055643625672071935,0.2358890113423513
1952,1,M1,H,642.8683753501401,631.0992551818671,138.51218953525142,11.769120168273048
1952,1,M2_Rar,H,642.8683753501401,641.6267357980591,1.5416687772918638,1.2416395520809829
1952,1,M2_enso,H,642.8683753501401,642.1013334834777,0.58835322521302,0.7670418666624528
1952,1,M2_precip,H,642.8683753501401,641.3279639192147,2.3728673765258654,1.5404114309254737
1952,1,M2_combo,H,642.8683753501401,641.9515827135277,0.8405087385467148,0.9167926366123993
1952,1,M2_precip_oracle,H,642.8683753501401,638.3521390657406,20.396390176526573,4.516236284399497
1952,5,M2_Rar,R,1142.6,459.1484932803802,467105.9620373184,683.4515067196197
1952,5,M2_enso,R,1142.6,487.818468399603,428738.85412496154,654.7815316003969
1952,5,M2_precip,R,1142.6,441.0999806222467,492102.27718698815,701.5000193777532
1952,5,M2_combo,R,1142.6,478.7721730204701,440667.3838723646,663.8278269795298
1952,5,M2_precip_oracle,R,1142.6,861.4189429920955,79062.7868200824,281.1810570079044
1952,5,R_persist,R,1142.6,275.5,751862.4099999998,867.0999999999999
1952,5,R_mean,R,1142.6,470.5052631578948,451711.3352908586,672.0947368421051
1952,5,naive_persist,H,637.1188767123288,642.6324863387978,30.39989111309184,5.5136096264690195
1952,5,M1,H,637.1188767123288,610.0,735.4334741384869,27.118876712328756
1952,5,M2_Rar,H,637.1188767123288,637.7481911299342,0.3960366362060595,0.6293144176054284
1952,5,M2_enso,H,637.1188767123288,640.0530123625681,8.60915201400544,2.934135650239341
1952,5,M2_precip,H,637.1188767123288,636.2972447995334,0.6750790001238222,0.8216319127953966
1952,5,M2_combo,H,637.1188767123288,639.3257674458982,4.870366709914839,2.2068907335694803
1952,5,M2_precip_oracle,H,637.1188767123288,623.0729121547537,197.28912035265517,14.045964557575076
1953,1,M2_Rar,R,162.1,417.54186494799666,65250.54636811057,255.44186494799666
1953,1,M2_enso,R,162.1,565.9158338342951,163067.227655287,403.81583383429506
1953,1,M2_precip,R,162.1,385.3916767825488,49859.17292036225,223.29167678254882
1953,1,M2_combo,R,162.1,504.49225673146725,117232.45746966696,342.3922567314672
1953,1,M2_precip_oracle,R,162.1,16.566970034870224,21179.86281083136,145.53302996512977
1953,1,R_persist,R,162.1,167.6,30.25,5.5
1953,1,R_mean,R,162.1,455.36,86001.4276,293.26
1953,1,naive_persist,H,635.8018289085546,642.8683753501401,49.93607861108471,7.066546441585501
1953,1,M1,H,635.8018289085546,641.0643532764615,27.69416272281338,5.262524367906849
1953,1,M2_Rar,H,635.8018289085546,643.6200511983791,61.12459977310805,7.818222289824462
1953,1,M2_enso,H,635.8018289085546,645.9261390521344,102.50165588339294,10.124310143579805
1953,1,M2_precip,H,635.8018289085546,643.120360053222,53.56089811546698,7.318531144667418
1953,1,M2_combo,H,635.8018289085546,644.9714691315666,84.08230181947818,9.169640223011925
1953,1,M2_precip_oracle,H,635.8018289085546,637.3879382357031,2.5157427976674867,1.586109327148506
1953,5,M2_Rar,R,1711.2,417.54186494799666,1673551.3703862275,1293.6581350520034
1953,5,M2_enso,R,1711.2,565.9158338342951,1311675.8212698738,1145.2841661657048
1953,5,M2_precip,R,1711.2,385.3916767825488,1757767.7099126698,1325.8083232174513
1953,5,M2_combo,R,1711.2,504.49225673146725,1456143.5776642351,1206.7077432685328
1953,5,M2_precip_oracle,R,1711.2,714.8536527021657,992706.0437737367,996.3463472978343
1953,5,R_persist,R,1711.2,167.6,2382700.9600000004,1543.6000000000001
1953,5,R_mean,R,1711.2,455.36,1577134.1056000004,1255.8400000000001
1953,5,naive_persist,H,666.7902486187845,642.8683753501401,572.256020681083,23.92187326864439
1953,5,M1,H,666.7902486187845,633.5972579136806,1101.7746319491182,33.192990705103966
1953,5,M2_Rar,H,666.7902486187845,645.809171826871,440.20558334817343,20.98107679191355
1953,5,M2_enso,H,666.7902486187845,654.8313255268254,143.0158415193938,11.95892309195915
1953,5,M2_precip,H,666.7902486187845,643.8542201511264,526.0614018692256,22.93602846765816
1953,5,M2_combo,H,666.7902486187845,651.0963512750593,246.29841383538525,15.693897343725212
1953,5,M2_precip_oracle,H,666.7902486187845,645.4109523107915,457.0743106249656,21.37929630799306
1954,1,M2_Rar,R,192.0,389.84028124455625,39140.776882925114,197.84028124455625
1954,1,M2_enso,R,192.0,351.58288272013726,25466.696457269085,159.58288272013726
1954,1,M2_precip,R,192.0,261.04569552805555,4767.3080709529495,69.04569552805555
1954,1,M2_combo,R,192.0,179.48838740814293,156.54044964871647,12.511612591857073
1954,1,M2_precip_oracle,R,192.0,246.3526525590869,2954.2108402088147,54.35265255908689
1954,1,R_persist,R,192.0,162.1,894.0100000000003,29.900000000000006
1954,1,R_mean,R,192.0,441.39523809523814,62197.98478458052,249.39523809523814
1954,1,naive_persist,H,630.8421546961325,635.8018289085546,24.598368293364786,4.959674212422101
1954,1,M1,H,630.8421546961325,622.1694091709182,75.21651494512435,8.672745525214282
1954,1,M2_Rar,H,630.8421546961325,635.616011042938,22.789704419934903,4.7738563468054735
1954,1,M2_enso,H,630.8421546961325,635.0278349529461,17.519919212279262,4.185680256813612
1954,1,M2_precip,H,630.8421546961325,633.6359000379908,7.8050130351550155,2.793745341858312
1954,1,M2_combo,H,630.8421546961325,632.3820233905859,2.3711955961575857,1.5398686944533893
1954,1,M2_precip_oracle,H,630.8421546961325,633.4100065664821,6.59386322805801,2.567851870349614
1954,5,M2_Rar,R,690.4,389.84028124455625,90336.14453835144,300.5597187554437
1954,5,M2_enso,R,690.4,351.58288272013726,114797.03896183624,338.8171172798627
1954,5,M2_precip,R,690.4,261.04569552805555,184345.11876858716,429.35430447194443
1954,5,M2_combo,R,690.4,179.48838740814293,261030.67588121185,510.9116125918571
1954,5,M2_precip_oracle,R,690.4,614.2835169221873,5793.718996134937,76.11648307781263
1954,5,R_persist,R,690.4,162.1,279100.88999999996,528.3
1954,5,R_mean,R,690.4,441.39523809523814,62003.371451247134,249.00476190476184
1954,5,naive_persist,H,672.0067857142857,635.8018289085546,1310.7988973048516,36.20495680573106
1954,5,M1,H,672.0067857142857,610.0,3844.841474617343,62.006785714285684
1954,5,M2_Rar,H,672.0067857142857,635.0459502438039,1366.1033586760263,36.96083547048181
1954,5,M2_enso,H,672.0067857142857,632.6533398450892,1548.6937017797738,39.353445869196435
1954,5,M2_precip,H,672.0067857142857,626.9911614455859,2026.4064283007501,45.01562426869975
1954,5,M2_combo,H,672.0067857142857,621.8905829686062,2511.633777646055,50.116202745679516
1954,5,M2_precip_oracle,H,672.0067857142857,642.732374323931,856.9911622517266,29.274411390354658
1955,1,M2_Rar,R,43.7,378.52438539824567,112107.36905731296,334.8243853982457
1955,1,M2_enso,R,43.7,249.4458883505166,42331.37057314325,205.74588835051662
1955,1,M2_precip,R,43.7,346.4669611692588,91667.83277566748,302.7669611692588
1955,1,M2_combo,R,43.7,248.44145346207867,41919.06276576452,204.74145346207865
1955,1,M2_precip_oracle,R,43.7,-13.608699200278807,3284.2870040280372,57.30869920027881
1955,1,R_persist,R,43.7,192.0,21992.890000000003,148.3
1955,1,R_mean,R,43.7,430.05909090909097,149273.34712809924,386.359090909091
1955,1,naive_persist,H,623.1509836065574,630.8421546961325,59.15411272911681,7.691171089575164
1955,1,M1,H,623.1509836065574,610.1641335375942,168.65827471372745,12.986850068963122
1955,1,M2_Rar,H,623.1509836065574,630.2942183958304,51.02580325468062,7.143234789273038
1955,1,M2_enso,H,623.1509836065574,628.3225249357375,26.744839719418625,5.171541329180172
1955,1,M2_precip,H,623.1509836065574,629.8045364182324,44.26976501774847,6.653552811675013
1955,1,M2_combo,H,623.1509836065574,628.3071820417163,26.58638230273508,5.156198435158899
1955,1,M2_precip_oracle,H,623.1509836065574,624.3043265387608,1.3301999192637355,1.1533429322034863
1955,5,M2_Rar,R,824.8,378.52438539824567,199161.92418817352,446.2756146017543
1955,5,M2_enso,R,824.8,249.4458883505166,331032.35379196616,575.3541116494833
1955,5,M2_precip,R,824.8,346.4669611692588,228802.4960370513,478.33303883074115
1955,5,M2_combo,R,824.8,248.44145346207867,332189.1741673051,576.3585465379213
1955,5,M2_precip_oracle,R,824.8,655.4443290413144,28681.34328586657,169.35567095868555
1955,5,R_persist,R,824.8,192.0,400435.83999999997,632.8
1955,5,R_mean,R,824.8,430.05909090909097,155820.38530991727,394.740909090909
1955,5,naive_persist,H,671.7045205479452,630.8421546961325,1669.7329430073873,40.86236585181268
1955,5,M1,H,671.7045205479452,610.0,3807.4478560517923,61.70452054794521
1955,5,M2_Rar,H,671.7045205479452,628.5646415582869,1861.0491592423627,43.139878989658314
1955,5,M2_enso,H,671.7045205479452,620.3692404565702,2635.310982059924,51.33528009137501
1955,5,M2_precip,H,671.7045205479452,626.5292642037823,2040.8037857608306,45.175256344162904
1955,5,M2_combo,H,671.7045205479452,620.3054672721933,2641.8626776435876,51.39905327575195
1955,5,M2_precip_oracle,H,671.7045205479452,641.5198590714746,911.1137884491305,30.184661476470637
1956,1,M2_Rar,R,1142.6,307.2735800642487,697770.227842679,835.3264199357512
1956,1,M2_enso,R,1142.6,328.34938910766925,663004.0573385337,814.2506108923307
1956,1,M2_precip,R,1142.6,186.36905354113023,914377.6229656256,956.2309464588697
1956,1,M2_combo,R,1142.6,162.1406254484728,961300.5851459719,980.4593745515272
1956,1,M2_precip_oracle,R,1142.6,845.2300834158235,88428.86728928002,297.3699165841764
1956,1,R_persist,R,1142.6,43.7,1207581.2099999997,1098.8999999999999
1956,1,R_mean,R,1142.6,413.2608695652175,531935.5671833645,729.3391304347824
1956,1,naive_persist,H,637.1188767123288,623.1509836065574,195.10203781425608,13.967893105771395
1956,1,M1,H,637.1188767123288,610.0,735.4334741384869,27.118876712328756
1956,1,M2_Rar,H,637.1188767123288,620.9771324272555,260.5559085646961,16.141744285073287
1956,1,M2_enso,H,637.1188767123288,621.2903053416313,250.54367163726238,15.828571370697432
1956,1,M2_precip,H,637.1188767123288,619.1805692275005,321.78287542024395,17.938307484828215
1956,1,M2_combo,H,637.1188767123288,618.8205504296035,334.8287447490744,18.29832628272527
1956,1,M2_precip_oracle,H,637.1188767123288,628.9708187248937,66.39084896660485,8.148057987435095
1956,5,M2_Rar,R,717.1,307.2735800642487,167957.69447735482,409.82641993575135
1956,5,M2_enso,R,717.1,328.34938910766925,151127.03746916036,388.75061089233077
1956,5,M2_precip,R,717.1,186.36905354113023,281675.33752912766,530.7309464588698
1956,5,M2_combo,R,717.1,162.1406254484728,307979.9074026222,554.9593745515272
1956,5,M2_precip_oracle,R,717.1,494.2383879169853,49667.29814024014,222.86161208301473
1956,5,R_persist,R,717.1,43.7,453467.56,673.4
1956,5,R_mean,R,717.1,413.2608695652175,92318.21718336479,303.83913043478253
1956,5,naive_persist,H,674.8342465753425,623.1509836065574,2671.1596711005964,51.68326296878513
1956,5,M1,H,674.8342465753425,610.0,4203.4795289923095,64.83424657534249
1956,5,M2_Rar,H,674.8342465753425,614.365128037904,3656.5142966947856,60.469118537438476
1956,5,M2_enso,H,674.8342465753425,615.6308503743355,3505.042121733406,59.20339620100697
1956,5,M2_precip,H,674.8342465753425,610.0,4203.4795289923095,64.83424657534249
1956,5,M2_combo,H,674.8342465753425,610.0,4203.4795289923095,64.83424657534249
1956,5,M2_precip_oracle,H,674.8342465753425,634.6580291354369,1614.1284477785748,40.1762174399056
1957,1,M2_Rar,R,1711.2,551.9578785078895,1343842.296241529,1159.2421214921105
1957,1,M2_enso,R,1711.2,595.7214155638038,1244292.4723357805,1115.4785844361963
1957,1,M2_precip,R,1711.2,556.0135020495743,1334455.845046969,1155.1864979504257
1957,1,M2_combo,R,1711.2,601.5322931495375,1231362.419626764,1109.6677068504625
1957,1,M2_precip_oracle,R,1711.2,740.1309024893809,942975.1921400883,971.0690975106191
1957,1,R_persist,R,1711.2,1142.6,323305.96000000014,568.6000000000001
1957,1,R_mean,R,1711.2,443.65000000000003,1606683.0025,1267.55
1957,1,naive_persist,H,666.7902486187845,637.1188767123288,880.3903108112122,29.67137190645576
1957,1,M1,H,666.7902486187845,636.4020567984504,923.4422021094204,30.3881918203341
1957,1,M2_Rar,H,666.7902486187845,639.1828604225749,762.1678830162147,27.607388196209627
1957,1,M2_enso,H,666.7902486187845,639.8616380537259,725.1500669645882,26.928610565058648
1957,1,M2_precip,H,666.7902486187845,639.2457636229481,758.6986536858597,27.544484995836456
1957,1,M2_combo,H,666.7902486187845,639.9517654517356,720.3041787079691,26.838483167048935
1957,1,M2_precip_oracle,H,666.7902486187845,642.1014462604032,609.5369618912131,24.68880235838128
1957,5,M2_Rar,R,239.4,551.9578785078895,97692.42741735264,312.55787850788954
1957,5,M2_enso,R,239.4,595.7214155638038,126964.95118939299,356.32141556380384
1957,5,M2_precip,R,239.4,556.0135020495743,100244.1096800958,316.6135020495743
1957,5,M2_combo,R,239.4,601.5322931495375,131139.7977417426,362.13229314953753
1957,5,M2_precip_oracle,R,239.4,246.64441437209814,52.48153959466201,7.244414372098134
1957,5,R_persist,R,239.4,1142.6,815770.2399999999,903.1999999999999
1957,5,R_mean,R,239.4,443.65000000000003,41718.062500000015,204.25000000000003
1957,5,naive_persist,H,663.4681043956044,637.1188767123288,694.281799505101,26.34922768327567
1957,5,M1,H,663.4681043956044,633.735010489264,884.0568732432566,29.7330939063404
1957,5,M2_Rar,H,663.4681043956044,645.0981613261555,337.454808374795,18.369943069448937
1957,5,M2_enso,H,663.4681043956044,647.7222905194071,247.93065462384754,15.745813876197303
1957,5,M2_precip,H,663.4681043956044,645.341342770082,328.5794870285143,18.126761625522477
1957,5,M2_combo,H,663.4681043956044,648.0707197035392,237.07945535544383,15.397384692065202
1957,5,M2_precip_oracle,H,663.4681043956044,643.9644873728072,380.3910769719464,19.503617022797243
1958,1,M2_Rar,R,690.4,1115.4302559212729,180650.71844850274,425.0302559212729
1958,1,M2_enso,R,690.4,553.7625950255645,18669.7804381479,136.63740497443553
1958,1,M2_precip,R,690.4,661.0725057218021,860.1019206377266,29.327494278197833
1958,1,M2_combo,R,690.4,969.7489327556482,78035.82623171966,279.3489327556482
1958,1,M2_precip_oracle,R,690.4,707.1188813253531,279.52099277124046,16.718881325353095
1958,1,R_persist,R,690.4,1711.2,1042032.6400000001,1020.8000000000001
1958,1,R_mean,R,690.4,494.35200000000003,38434.81830399998,196.04799999999994
1958,1,naive_persist,H,672.0067857142857,666.7902486187845,27.21225926873975,5.216537095501167
1958,1,M1,H,672.0067857142857,665.912870172146,37.135806634731935,6.093915542139712
1958,1,M2_Rar,H,672.0067857142857,679.3510622199053,53.93839739099651,7.344276505619632
1958,1,M2_enso,H,672.0067857142857,668.0615319100679,15.56502757969524,3.9452538042178276
1958,1,M2_precip,H,672.0067857142857,670.2184630878735,3.1980978161378144,1.7883226264121959
1958,1,M2_combo,H,672.0067857142857,676.4228649460357,19.50175578109383,4.416079231750018
1958,1,M2_precip_oracle,H,672.0067857142857,671.1439960840326,0.7444059460723372,0.8627896302531326
1958,5,M2_Rar,R,170.7,1115.4302559212729,892515.2564530737,944.7302559212728
1958,5,M2_enso,R,170.7,553.7625950255645,146736.9517077196,383.06259502556446
1958,5,M2_precip,R,170.7,661.0725057218021,240465.1943678789,490.37250572180216
1958,5,M2_combo,R,170.7,969.7489327556482,638479.1969379403,799.0489327556481
1958,5,M2_precip_oracle,R,170.7,141.0769612272154,877.5244261338987,29.623038772784582
1958,5,R_persist,R,170.7,1711.2,2373140.25,1540.5
1958,5,R_mean,R,170.7,494.35200000000003,104750.61710400003,323.65200000000004
1958,5,naive_persist,H,651.8947323943662,666.7902486187845,221.87640359190928,14.895516224418316
1958,5,M1,H,651.8947323943662,663.4488470142361,133.4975646490912,11.554114619869893
1958,5,M2_Rar,H,651.8947323943662,710.0,3376.2221235223165,58.1052676056338
1958,5,M2_enso,H,651.8947323943662,672.5978258553849,428.61807885567686,20.70309346101874
1958,5,M2_precip,H,651.8947323943662,682.4512900635808,933.7032165920383,30.556557669214612
1958,5,M2_combo,H,651.8947323943662,710.0,3376.2221235223165,58.1052676056338
1958,5,M2_precip_oracle,H,651.8947323943662,664.7902510423064,166.29440119937362,12.895518647940207
1959,1,M2_Rar,R,824.8,582.6713148207896,58626.300186613174,242.12868517921038
1959,1,M2_enso,R,824.8,534.8951025878832,84044.84954352993,289.9048974121167
1959,1,M2_precip,R,824.8,611.1828520305319,45632.28590660962,213.61714796946808
1959,1,M2_combo,R,824.8,586.2201503960812,56920.3446370285,238.57984960391877
1959,1,M2_precip_oracle,R,824.8,757.6879953665157,4504.021165924815,67.11200463348428
1959,1,R_persist,R,824.8,690.4,18063.359999999993,134.39999999999998
1959,1,R_mean,R,824.8,501.8923076923077,104269.37775147925,322.90769230769223
1959,1,naive_persist,H,671.7045205479452,672.0067857142857,0.09136423078283554,0.30226516634047584
1959,1,M1,H,671.7045205479452,670.7073657458988,0.9943176992442998,0.9971548020464525
1959,1,M2_Rar,H,671.7045205479452,674.4278533614295,7.416541613000107,2.7233328134842623
1959,1,M2_enso,H,671.7045205479452,673.453924628812,3.060414638153549,1.7494040808668387
1959,1,M2_precip,H,671.7045205479452,675.0090674008409,10.92002990298267,3.304546852895669
1959,1,M2_combo,H,671.7045205479452,674.5001971654394,7.815807749603941,2.795676617494223
1959,1,M2_precip_oracle,H,671.7045205479452,677.9956073943331,39.57777370879465,6.291086846387884
1959,5,M2_Rar,R,413.2,582.6713148207896,28720.526547087175,169.4713148207896
1959,5,M2_enso,R,413.2,534.8951025878832,14809.697993875427,121.69510258788324
1959,5,M2_precip,R,413.2,611.1828520305319,39197.20969814349,197.9828520305319
1959,5,M2_combo,R,413.2,586.2201503960812,29935.972443082555,173.0201503960812
1959,5,M2_precip_oracle,R,413.2,430.0024339996255,282.3217883117717,16.80243399962552
1959,5,R_persist,R,413.2,690.4,76839.84,277.2
1959,5,R_mean,R,413.2,501.8923076923077,7866.32544378699,88.69230769230774
1959,5,naive_persist,H,648.0771584699453,672.0067857142857,572.6270600530781,23.929627244340395
1959,5,M1,H,648.0771584699453,667.0136149124097,358.5893825973522,18.93645644246442
1959,5,M2_Rar,H,648.0771584699453,683.450510311685,1251.2740205195087,35.37335184173969
1959,5,M2_enso,H,648.0771584699453,678.8470155655897,946.7841056863779,30.769857095644397
1959,5,M2_precip,H,648.0771584699453,686.1977501118663,1453.179507130098,38.12059164192101
1959,5,M2_combo,H,648.0771584699453,683.7924596869507,1275.5827410214267,35.71530121700539
1959,5,M2_precip_oracle,H,648.0771584699453,667.975766753274,395.95461161335805,19.898608283328713
1960,1,M2_Rar,R,717.1,642.2882700010246,5596.794945439606,74.81172999897547
1960,1,M2_enso,R,717.1,561.5459770976753,24197.054041096966,155.55402290232473
1960,1,M2_precip,R,717.1,647.3597310156471,4863.705118009902,69.74026898435295
1960,1,M2_combo,R,717.1,641.1003712220597,5775.943574384732,75.9996287779403
1960,1,M2_precip_oracle,R,717.1,561.5507944576266,24195.55534486354,155.54920554237344
1960,1,R_persist,R,717.1,824.8,11599.289999999985,107.69999999999993
1960,1,R_mean,R,717.1,513.8518518518518,41309.80972565159,203.24814814814818
1960,1,naive_persist,H,674.8342465753425,671.7045205479452,9.795185006567975,3.1297260273972825
1960,1,M1,H,674.8342465753425,670.4969956330558,18.811745736366753,4.337250942286687
1960,1,M2_Rar,H,674.8342465753425,672.3687457432685,6.0786943529575135,2.4655008320739853
1960,1,M2_enso,H,674.8342465753425,670.8579957102999,15.810570941752262,3.97625086504263
1960,1,M2_precip,H,674.8342465753425,672.4636366563147,5.619791388192721,2.3706099190277428
1960,1,M2_combo,H,674.8342465753425,672.3465192488881,6.1887872507881205,2.487727326454433
1960,1,M2_precip_oracle,H,674.8342465753425,670.8580858467877,15.809854139301118,3.9761607285547598
1960,5,M2_Rar,R,623.5,642.2882700010246,352.99908963139933,18.788270001024557
1960,5,M2_enso,R,623.5,561.5459770976753,3838.3009537817748,61.95402290232471
1960,5,M2_precip,R,623.5,647.3597310156471,569.2867641390308,23.85973101564707
1960,5,M2_combo,R,623.5,641.1003712220597,309.77306715430797,17.60037122205972
1960,5,M2_precip_oracle,R,623.5,676.1025806603607,2767.031492129751,52.60258066036067
1960,5,R_persist,R,623.5,824.8,40521.68999999998,201.29999999999995
1960,5,R_mean,R,623.5,513.8518518518518,12022.716392318245,109.64814814814815
1960,5,naive_persist,H,659.6286849315069,671.7045205479452,145.8258058352404,12.075835616438326
1960,5,M1,H,659.6286849315069,667.0514355906549,55.09722734788282,7.4227506591480505
1960,5,M2_Rar,H,659.6286849315069,674.3004558571914,215.2608620957622,14.671770925684541
1960,5,M2_enso,H,659.6286849315069,668.3961189220058,76.86789877775624,8.767433990498944
1960,5,M2_precip,H,659.6286849315069,674.6713100094244,226.2805692347918,15.042625077917478
1960,5,M2_combo,H,659.6286849315069,674.2135899238165,212.71945363469717,14.584904992309589
1960,5,M2_precip_oracle,H,659.6286849315069,658.4923066345302,1.2913556338395717,1.136378296976659
1961,1,M2_Rar,R,239.4,607.6866875481883,135635.08422521688,368.2866875481883
1961,1,M2_enso,R,239.4,484.6318762594467,60138.673133728575,245.2318762594467
1961,1,M2_precip,R,239.4,556.43593782225,100511.7858708336,317.03593782225005
1961,1,M2_combo,R,239.4,540.7148390626879,90790.63223937355,301.31483906268795
1961,1,M2_precip_oracle,R,239.4,258.6642471398693,371.11121786596243,19.264247139869298
1961,1,R_persist,R,239.4,717.1,228197.29000000004,477.70000000000005
1961,1,R_mean,R,239.4,521.1107142857143,79360.92654336734,281.7107142857143
1961,1,naive_persist,H,663.4681043956044,674.8342465753425,129.1891880500207,11.366142179738063
1961,1,M1,H,663.4681043956044,673.4488765808273,99.61581341331946,9.980772185222918
1961,1,M2_Rar,H,663.4681043956044,674.7635654855289,127.58744123399872,11.295461089924515
1961,1,M2_enso,H,663.4681043956044,672.4429060870117,80.54706540008671,8.974801691407265
1961,1,M2_precip,H,663.4681043956044,673.7970406273218,106.68692367888488,10.328936231717421
1961,1,M2_combo,H,663.4681043956044,673.5005604230186,100.65017394199806,10.032456027414128
1961,1,M2_precip_oracle,H,663.4681043956044,668.1814400233521,22.215532739795904,4.7133356277477105
1961,5,M2_Rar,R,615.2,607.6866875481883,56.44986399854981,7.513312451811771
1961,5,M2_enso,R,615.2,484.6318762594467,17048.03493712845,130.56812374055335
1961,5,M2_precip,R,615.2,556.43593782225,3453.2150036304706,58.76406217775002
1961,5,M2_combo,R,615.2,540.7148390626879,5548.039199857287,74.48516093731212
1961,5,M2_precip_oracle,R,615.2,436.0093309724401,32109.295866544522,179.19066902755992
1961,5,R_persist,R,615.2,717.1,10383.609999999995,101.89999999999998
1961,5,R_mean,R,615.2,521.1107142857143,8852.793686224502,94.08928571428578
1961,5,naive_persist,H,659.4361538461538,674.8342465753425,237.1012596966923,15.398092729188647
1961,5,M1,H,659.4361538461538,669.4354467232008,99.98585804096224,9.999292877046969
1961,5,M2_Rar,H,659.4361538461538,674.5527500830242,228.51148178856283,15.11659623687035
1961,5,M2_enso,H,659.4361538461538,665.3104268212967,34.507082986493565,5.874272975142844
1961,5,M2_precip,H,659.4361538461538,670.7034410522577,126.95176098483266,11.267287206103902
1961,5,M2_combo,H,659.4361538461538,669.522670668364,101.73782160472763,10.086516822210115
1961,5,M2_precip_oracle,H,659.4361538461538,659.9176058380893,0.23179602053866144,0.4814519919355007
1962,1,M2_Rar,R,170.7,425.7937772575683,65072.83519553388,255.09377725756832
1962,1,M2_enso,R,170.7,484.1249664277193,98235.20958021698,313.4249664277193
1962,1,M2_precip,R,170.7,400.33795133265903,52733.58869226068,229.63795133265904
1962,1,M2_combo,R,170.7,413.73683707105175,59066.90417350096,243.03683707105176
1962,1,M2_precip_oracle,R,170.7,144.1149594200674,706.764382636662,26.58504057993258
1962,1,R_persist,R,170.7,239.4,4719.690000000002,68.70000000000002
1962,1,R_mean,R,170.7,511.3965517241379,116074.14035671818,340.6965517241379
1962,1,naive_persist,H,651.8947323943662,663.4681043956044,133.94293947904492,11.573372001238226
1962,1,M1,H,651.8947323943662,663.1369024075502,126.38638660533404,11.242170013184023
1962,1,M2_Rar,H,651.8947323943662,660.0100214802475,65.8579169474237,8.115289085881273
1962,1,M2_enso,H,651.8947323943662,661.1012580837521,84.7601152693225,9.206525689385899
1962,1,M2_precip,H,651.8947323943662,659.5338040497975,58.3554157568136,7.63907165543128
1962,1,M2_combo,H,651.8947323943662,659.7844650558891,62.24788147030098,7.889732661522885
1962,1,M2_precip_oracle,H,651.8947323943662,654.7404865911236,8.09831694836242,2.8457541967574116
1962,5,M2_Rar,R,466.5,425.7937772575683,1656.996569956463,40.70622274243169
1962,5,M2_enso,R,466.5,484.1249664277193,310.63944157823244,17.6249664277193
1962,5,M2_precip,R,466.5,400.33795133265903,4377.416683859595,66.16204866734097
1962,5,M2_combo,R,466.5,413.73683707105175,2783.9513622667387,52.76316292894825
1962,5,M2_precip_oracle,R,466.5,531.1818876242608,4183.746586637496,64.68188762426075
1962,5,R_persist,R,466.5,239.4,51574.409999999996,227.1
1962,5,R_mean,R,466.5,511.3965517241379,2015.7003567181905,44.89655172413791
1962,5,naive_persist,H,644.8193510324484,663.4681043956044,347.7760019998245,18.64875336315606
1962,5,M1,H,644.8193510324484,662.2189128876564,302.74475275321095,17.39956185520805
1962,5,M2_Rar,H,644.8193510324484,650.5907551560632,33.309105558078414,5.771404123614843
1962,5,M2_enso,H,644.8193510324484,654.654346223789,96.72713041369433,9.834995191340681
1962,5,M2_precip,H,644.8193510324484,648.8173973980324,15.984374741359908,3.9980463655840595
1962,5,M2_combo,H,644.8193510324484,649.7508190062428,24.31937637655968,4.931467973794383
1962,5,M2_precip_oracle,H,644.8193510324484,653.534792391572,75.95891808432201,8.715441359123588
1963,1,M2_Rar,R,413.2,387.51108079147235,659.9205701022602,25.688919208527636
1963,1,M2_enso,R,413.2,771.787858489919,128585.2522563862,358.58785848991903
1963,1,M2_precip,R,413.2,331.2286733837556,6719.298387227012,81.97132661624437
1963,1,M2_combo,R,413.2,584.3472031168537,29291.365134721593,171.14720311685375
1963,1,M2_precip_oracle,R,413.2,437.5642871596375,593.6184887972773,24.364287159637513
1963,1,R_persist,R,413.2,170.7,58806.25,242.5
1963,1,R_mean,R,413.2,500.04,7541.185600000005,86.84000000000003
1963,1,naive_persist,H,648.0771584699453,651.8947323943662,14.573870668418488,3.8175739244209126
1963,1,M1,H,648.0771584699453,652.8228793144948,22.521866334391714,4.74572084454951
1963,1,M2_Rar,H,648.0771584699453,648.856565662855,0.607475572359425,0.7794071929097299
1963,1,M2_enso,H,648.0771584699453,656.0537879569458,63.62661797288644,7.976629487000537
1963,1,M2_precip,H,648.0771584699453,647.8024374384381,0.07547164515236336,0.27472103150716976
1963,1,M2_combo,H,648.0771584699453,652.543161913525,19.945186758065436,4.466003443579666
1963,1,M2_precip_oracle,H,648.0771584699453,649.7940255190589,2.9476324643320497,1.7168670491136027
1963,5,M2_Rar,R,884.7,387.51108079147235,247196.82138374387,497.1889192085277
1963,5,M2_enso,R,884.7,771.787858489919,12749.151700392564,112.91214151008103
1963,5,M2_precip,R,884.7,331.2286733837556,306330.50938634545,553.4713266162444
1963,5,M2_combo,R,884.7,584.3472031168537,90211.80259552854,300.3527968831463
1963,5,M2_precip_oracle,R,884.7,867.0455693989137,311.678919848574,17.654430601086347
1963,5,R_persist,R,884.7,170.7,509796.0,714.0
1963,5,R_mean,R,884.7,500.04,147963.31560000003,384.66
1963,5,naive_persist,H,670.1143715846994,651.8947323943662,331.95525222592426,18.21963919033317
1963,5,M1,H,670.1143715846994,655.3892935467853,216.82792322265854,14.725078037914045
1963,5,M2_Rar,H,670.1143715846994,640.8729132335448,855.0628865023102,29.24145835115462
1963,5,M2_enso,H,670.1143715846994,666.9828965214743,9.806136071600175,3.1314750632250252
1963,5,M2_precip,H,670.1143715846994,637.0487614707937,1093.3345722048214,33.06561011390568
1963,5,M2_combo,H,670.1143715846994,654.247096017001,251.77043394127722,15.867275567698357
1963,5,M2_precip_oracle,H,670.1143715846994,656.4865219844521,185.71828472695938,13.62784960024726
1964,1,M2_Rar,R,623.5,476.5008789823132,21608.74157997252,146.99912101768678
1964,1,M2_enso,R,623.5,338.67996625276146,81122.4516237781,284.82003374723854
1964,1,M2_precip,R,623.5,477.7900994171711,21231.375127857875,145.70990058282888
1964,1,M2_combo,R,623.5,359.6793020000125,69601.36069320061,263.8206979999875
1964,1,M2_precip_oracle,R,623.5,681.3385731551393,3345.300544622404,57.83857315513933
1964,1,R_persist,R,623.5,413.2,44226.090000000004,210.3
1964,1,R_mean,R,623.5,497.2387096774194,15941.91343392298,126.26129032258058
1964,1,naive_persist,H,659.6286849315069,648.0771584699453,133.4377635921577,11.551526461561593
1964,1,M1,H,659.6286849315069,649.2912412060612,106.86274277675716,10.337443725445723
1964,1,M2_Rar,H,659.6286849315069,647.5326853731186,146.31320531652892,12.095999558388257
1964,1,M2_enso,H,659.6286849315069,644.9539199147428,215.34872829724424,14.674765016764127
1964,1,M2_precip,H,659.6286849315069,647.5568079613369,145.7302135829214,12.071876970170024
1964,1,M2_combo,H,659.6286849315069,645.3468382360727,203.9711450318843,14.281846695434183
1964,1,M2_precip_oracle,H,659.6286849315069,651.3654010317559,68.28186080788319,8.263283899750945
1964,5,M2_Rar,R,610.5,476.5008789823132,17955.764433512664,133.99912101768678
1964,5,M2_enso,R,610.5,338.67996625276146,73886.1307463499,271.82003374723854
1964,5,M2_precip,R,610.5,477.7900994171711,17611.917712704326,132.70990058282888
1964,5,M2_combo,R,610.5,359.6793020000125,62911.022545200925,250.8206979999875
1964,5,M2_precip_oracle,R,610.5,731.1785464695863,14563.311578012102,120.67854646958631
1964,5,R_persist,R,610.5,413.2,38927.29,197.3
1964,5,R_mean,R,610.5,497.2387096774194,12828.119885535885,113.26129032258058
1964,5,naive_persist,H,664.3702465753425,648.0771584699453,265.46472001023767,16.29308810539726
1964,5,M1,H,664.3702465753425,652.7108634039603,135.94121593711216,11.659383171382274
1964,5,M2_Rar,H,664.3702465753425,646.1058594133747,333.5878384022569,18.264387161967875
1964,5,M2_enso,H,664.3702465753425,636.7692770462357,761.8135189466824,27.600969529106806
1964,5,M2_precip,H,664.3702465753425,646.1931967596528,330.4051400020675,18.17704981568977
1964,5,M2_combo,H,664.3702465753425,638.1918625158603,685.3077919657546,26.178384059482255
1964,5,M2_precip_oracle,H,664.3702465753425,659.1396940287698,27.358679942458856,5.230552546572767
1965,1,M2_Rar,R,615.2,556.7374215900002,3417.873074345384,58.46257840999988
1965,1,M2_enso,R,615.2,871.2200882992644,65546.28561276311,256.02008829926433
1965,1,M2_precip,R,615.2,599.4274736426247,248.77258769409985,15.772526357375341
1965,1,M2_combo,R,615.2,822.2290708444659,42861.036174722874,207.02907084446588
1965,1,M2_precip_oracle,R,615.2,433.9332601301387,32857.63098304798,181.26673986986134
1965,1,R_persist,R,615.2,623.5,68.88999999999925,8.299999999999955
1965,1,R_mean,R,615.2,501.18437500000005,12999.562744140625,114.015625
1965,1,naive_persist,H,659.4361538461538,659.6286849315069,0.037068218827219224,0.1925310853530391
1965,1,M1,H,659.4361538461538,659.6578829296867,0.04916378648432379,0.22172908353286402
1965,1,M2_Rar,H,659.4361538461538,659.5225773704802,0.0074690255569944694,0.086423524326392
1965,1,M2_enso,H,659.4361538461538,665.5583942213781,37.481827212025806,6.122240375224237
1965,1,M2_precip,H,659.4361538461538,660.3419208918297,0.8204139410322958,0.905767045675816
1965,1,M2_combo,H,659.4361538461538,664.6181172522513,26.85274474213311,5.181963406097452
1965,1,M2_precip_oracle,H,659.4361538461538,657.1656162226499,5.155341099747053,2.2705376235039694
1965,5,M2_Rar,R,661.6,556.7374215900002,10996.160350793369,104.86257840999986
1965,5,M2_enso,R,661.6,871.2200882992644,43940.581418591384,209.62008829926435
1965,5,M2_precip,R,661.6,599.4274736426247,3865.4230336585288,62.17252635737532
1965,5,M2_combo,R,661.6,822.2290708444659,25801.698400356447,160.6290708444659
1965,5,M2_precip_oracle,R,661.6,420.7894649214486,57989.713804818246,240.81053507855142
1965,5,R_persist,R,661.6,623.5,1451.6100000000017,38.10000000000002
1965,5,R_mean,R,661.6,501.18437500000005,25733.17274414062,160.41562499999998
1965,5,naive_persist,H,665.8043013698631,659.6286849315069,38.138238393695325,6.175616438356201
1965,5,M1,H,665.8043013698631,659.7359827034409,36.82449143724829,6.068318666422215
1965,5,M2_Rar,H,665.8043013698631,659.2447990052241,43.027071271704656,6.559502364639002
1965,5,M2_enso,H,665.8043013698631,681.0817455928336,233.40030198597563,15.27744422297053
1965,5,M2_precip,H,665.8043013698631,662.2090971531956,12.925493359543957,3.5952042166675255
1965,5,M2_combo,H,665.8043013698631,677.6799230293595,141.03038979950145,11.87562165949646
1965,5,M2_precip_oracle,H,665.8043013698631,662.0542066961887,14.063210061521294,3.7500946736744254
1966,1,M2_Rar,R,466.5,555.7855077835047,7971.901900158283,89.28550778350473
1966,1,M2_enso,R,466.5,526.65120710772,3618.167716515823,60.15120710771998
1966,1,M2_precip,R,466.5,482.50988496820173,256.31641669505177,16.00988496820173
1966,1,M2_combo,R,466.5,524.6096519067708,3376.7316447260655,58.10965190677075
1966,1,M2_precip_oracle,R,466.5,534.6414976190506,4643.263697767078,68.1414976190506
1966,1,R_persist,R,466.5,615.2,22111.690000000013,148.70000000000005
1966,1,R_mean,R,466.5,504.639393939394,1454.6133700642824,38.13939393939398
1966,1,naive_persist,H,644.8193510324484,659.4361538461538,213.65092449474832,14.616802813705476
1966,1,M1,H,644.8193510324484,659.4880184627414,215.16980418053862,14.668667430292999
1966,1,M2_Rar,H,644.8193510324484,659.2263989120268,207.56302860446405,14.407047879578386
1966,1,M2_enso,H,644.8193510324484,658.6698763912266,191.83705271415838,13.850525358778214
1966,1,M2_precip,H,644.8193510324484,657.8266902052283,169.1908723557343,13.007339172779893
1966,1,M2_combo,H,644.8193510324484,658.6308786661934,190.75829557770376,13.811527633745072
1966,1,M2_precip_oracle,H,644.8193510324484,658.8225066762907,196.08836798567302,14.00315564384232
1966,5,M2_Rar,R,925.3,555.7855077835047,136540.9599580143,369.5144922164952
1966,5,M2_enso,R,925.3,526.65120710772,158920.86007447194,398.64879289227997
1966,5,M2_precip,R,925.3,482.50988496820173,196063.0859698731,442.7901150317982
1966,5,M2_combo,R,925.3,524.6096519067708,160552.75505507318,400.6903480932292
1966,5,M2_precip_oracle,R,925.3,641.0022915282996,80825.18704225995,284.2977084717004
1966,5,R_persist,R,925.3,615.2,96162.00999999994,310.0999999999999
1966,5,R_mean,R,925.3,504.639393939394,176955.34549127633,420.66060606060597
1966,5,naive_persist,H,651.6140273972603,659.4361538461538,61.18566218247967,7.822126448893528
1966,5,M1,H,651.6140273972603,659.6267737195092,64.20410362471262,8.012746322248859
1966,5,M2_Rar,H,651.6140273972603,658.682383227892,49.96165414842559,7.068355830631731
1966,5,M2_enso,H,651.6140273972603,656.6824764017375,25.689175310985938,5.068449004477202
1966,5,M2_precip,H,651.6140273972603,653.6524214694189,4.155050393411129,2.038394072158553
1966,5,M2_combo,H,651.6140273972603,656.5423350533048,24.28821635262651,4.928307656044467
1966,5,M2_precip_oracle,H,651.6140273972603,663.8633046572378,150.04479339180128,12.249277259977475
1967,1,M2_Rar,R,884.7,499.710188596796,148217.1548842746,384.98981140320404
1967,1,M2_enso,R,884.7,475.7634029300631,167229.14042313996,408.93659706993697
1967,1,M2_precip,R,884.7,527.8107574362093,127369.93145775626,356.88924256379073
1967,1,M2_combo,R,884.7,489.6810667121922,156039.95765583758,395.01893328780784
1967,1,M2_precip_oracle,R,884.7,864.9597068710196,389.6791728180707,19.740293128980397
1967,1,R_persist,R,884.7,466.5,174891.24000000005,418.20000000000005
1967,1,R_mean,R,884.7,503.51764705882357,145299.98619377162,381.1823529411765
1967,1,naive_persist,H,670.1143715846994,644.8193510324484,639.8380647388007,25.295020552251003
1967,1,M1,H,670.1143715846994,646.6039021243115,552.7421742478306,23.510469460387867
1967,1,M2_Rar,H,670.1143715846994,641.975014620821,791.8234103405725,28.139356963878413
1967,1,M2_enso,H,670.1143715846994,641.5380586386215,816.6056615921797,28.576312946077906
1967,1,M2_precip,H,670.1143715846994,642.4877645083621,763.2294185503259,27.626607076337223
1967,1,M2_combo,H,670.1143715846994,641.7920136592442,802.1559584575954,28.322357925455208
1967,1,M2_precip_oracle,H,670.1143715846994,648.6397070862952,461.1612153190215,21.474664498404195
1967,5,M2_Rar,R,756.4,499.710188596796,65889.65927821242,256.689811403204
1967,5,M2_enso,R,756.4,475.7634029300631,78756.89961499411,280.6365970699369
1967,5,M2_precip,R,756.4,527.8107574362093,52253.041815887525,228.58924256379066
1967,5,M2_combo,R,756.4,489.6810667121922,71138.98937418606,266.7189332878078
1967,5,M2_precip_oracle,R,756.4,564.7918449013099,36713.68510032367,191.60815509869008
1967,5,R_persist,R,756.4,466.5,84042.00999999998,289.9
1967,5,R_mean,R,756.4,503.51764705882357,63949.48442906571,252.8823529411764
1967,5,naive_persist,H,668.0121038251366,644.8193510324484,537.9037821027474,23.192752792688225
1967,5,M1,H,668.0121038251366,651.4406651667516,274.61257920861607,16.571438658384977
1967,5,M2_Rar,H,668.0121038251366,635.6288292321422,1048.6764733652792,32.38327459299444
1967,5,M2_enso,H,668.0121038251366,634.2169521195183,1142.1122788057562,33.79515170561831
1967,5,M2_precip,H,668.0121038251366,637.2856089999248,944.1174842437694,30.72649482521183
1967,5,M2_combo,H,668.0121038251366,635.0375228311223,1087.3229917308113,32.97458099401433
1967,5,M2_precip_oracle,H,668.0121038251366,642.4264684804311,654.6247359922409,25.58563534470545
1968,1,M2_Rar,R,610.5,659.1428160216174,2366.123550512915,48.642816021617364
1968,1,M2_enso,R,610.5,628.093945066516,309.5469030035817,17.59394506651597
1968,1,M2_precip,R,610.5,700.1721356951964,8041.091920137716,89.6721356951964
1968,1,M2_combo,R,610.5,735.1092994126565,15527.477500113067,124.60929941265647
1968,1,M2_precip_oracle,R,610.5,731.9509541530448,14750.334264684987,121.45095415304479
1968,1,R_persist,R,610.5,884.7,75185.64000000003,274.20000000000005
1968,1,R_mean,R,610.5,514.4085714285715,9233.562644897953,96.09142857142854
1968,1,naive_persist,H,664.3702465753425,670.1143715846994,32.9949721231185,5.7441250093568215
1968,1,M1,H,664.3702465753425,668.3693026597679,15.992449566379168,3.9990560844253196
1968,1,M2_Rar,H,664.3702465753425,668.9715922926952,21.17238241059925,4.601345717352615
1968,1,M2_enso,H,664.3702465753425,668.3566157297064,15.891139034863496,3.9863691543638424
1968,1,M2_precip,H,664.3702465753425,669.7842488956073,29.311421123832478,5.414002320264785
1968,1,M2_combo,H,664.3702465753425,670.4762398183888,37.283153484126025,6.105993243046214
1968,1,M2_precip_oracle,H,664.3702465753425,670.4136833307375,36.52312781645881,6.043436755394964
1968,5,M2_Rar,R,1486.5,659.1428160216174,684519.9098806393,827.3571839783826
1968,5,M2_enso,R,1486.5,628.093945066516,736860.9551464675,858.406054933484
1968,5,M2_precip,R,1486.5,700.1721356951964,618311.5101821537,786.3278643048036
1968,5,M2_combo,R,1486.5,735.1092994126565,564587.9849291389,751.3907005873435
1968,5,M2_precip_oracle,R,1486.5,967.0917367918233,269784.9438889345,519.4082632081767
1968,5,R_persist,R,1486.5,884.7,362163.23999999993,601.8
1968,5,R_mean,R,1486.5,514.4085714285715,944961.7455020407,972.0914285714285
1968,5,naive_persist,H,681.9524657534247,670.1143715846994,140.14047354760842,11.83809416872532
1968,5,M1,H,681.9524657534247,664.2422294730742,313.6524691058431,17.7102362803505
1968,5,M2_Rar,H,681.9524657534247,666.5558164794445,237.05680886595465,15.396649273980188
1968,5,M2_enso,H,681.9524657534247,664.6408115409164,299.69337157345643,17.3116542125083
1968,5,M2_precip,H,681.9524657534247,669.0863867508399,165.5359889007534,12.866079002584797
1968,5,M2_combo,H,681.9524657534247,671.2412103885131,114.7309914923477,10.711255364911608
1968,5,M2_precip_oracle,H,681.9524657534247,669.4642226608152,155.9562155401098,12.488243092609537
1969,1,M2_Rar,R,661.6,560.3319645721433,10255.214999417643,101.26803542785672
1969,1,M2_enso,R,661.6,669.4295116165006,61.301252152917115,7.829511616500554
1969,1,M2_precip,R,661.6,629.9482414880367,1001.8338168996409,31.651758511963294
1969,1,M2_combo,R,661.6,684.8339064744936,539.8144100655134,23.23390647449355
1969,1,M2_precip_oracle,R,661.6,422.48717079364053,57174.94509106965,239.1128292063595
1969,1,R_persist,R,661.6,610.5,2611.2100000000023,51.10000000000002
1969,1,R_mean,R,661.6,517.0777777777779,20886.672716049354,144.52222222222213
1969,1,naive_persist,H,665.8043013698631,664.3702465753425,2.056513153687332,1.4340547945205344
1969,1,M1,H,665.8043013698631,663.6451977541259,4.661728423489427,2.1591036157371946
1969,1,M2_Rar,H,665.8043013698631,660.4064440275387,29.13686388808559,5.397857342324414
1969,1,M2_enso,H,665.8043013698631,662.5511373234643,10.583076312781499,3.2531640463987515
1969,1,M2_precip,H,665.8043013698631,661.7749950759699,16.235309210007582,4.029306293893228
1969,1,M2_combo,H,665.8043013698631,662.853964502212,8.704487632621406,2.9503368676511172
1969,1,M2_precip_oracle,H,665.8043013698631,657.6966232010923,65.73444528836269,8.107678168770803
1969,5,M2_Rar,R,658.5,560.3319645721433,9636.963179764927,98.1680354278567
1969,5,M2_enso,R,658.5,669.4295116165006,119.45422417522104,10.929511616500577
1969,5,M2_precip,R,658.5,629.9482414880367,815.2029141254671,28.55175851196327
1969,5,M2_combo,R,658.5,684.8339064744936,693.4746302073746,26.333906474493574
1969,5,M2_precip_oracle,R,658.5,777.8636801826218,14247.688146739221,119.3636801826218
1969,5,R_persist,R,658.5,610.5,2304.0,48.0
1969,5,R_mean,R,658.5,517.0777777777779,20000.24493827157,141.4222222222221
1969,5,naive_persist,H,678.2443561643836,664.3702465753425,192.49091688872056,13.87410958904104
1969,5,M1,H,678.2443561643836,661.9507278467756,265.4823237523558,16.293628317607954
1969,5,M2_Rar,H,678.2443561643836,652.2318376104923,676.6511215165368,26.012518553891255
1969,5,M2_enso,H,678.2443561643836,658.7995624192222,378.1000037918681,19.444793745161405
1969,5,M2_precip,H,678.2443561643836,656.4227709667302,476.1815805384437,21.82158519765335
1969,5,M2_combo,H,678.2443561643836,659.7269143992917,342.89564952357046,18.517441765091917
1969,5,M2_precip_oracle,H,678.2443561643836,662.1888615299138,257.7789079574893,16.055494634469824
1970,1,M2_Rar,R,925.3,581.3278695626972,118316.82651757683,343.9721304373028
1970,1,M2_enso,R,925.3,432.6435000206052,242710.4269719474,492.65649997939477
1970,1,M2_precip,R,925.3,484.96297232454793,193896.6979420518,440.337027675452
1970,1,M2_combo,R,925.3,462.53913822065925,214147.61519475808,462.7608617793407
1970,1,M2_precip_oracle,R,925.3,640.8782071924235,80895.75622387597,284.4217928075765
1970,1,R_persist,R,925.3,661.6,69537.68999999996,263.69999999999993
1970,1,R_mean,R,925.3,520.9837837837838,163471.60269539806,404.31621621621616
1970,1,naive_persist,H,651.6140273972603,665.8043013698631,201.36387541752754,14.190273972602768
1970,1,M1,H,651.6140273972603,664.8499564928045,175.18981902227296,13.23592909554418
1970,1,M2_Rar,H,651.6140273972603,661.9471141709181,106.7726822719414,10.333086773657783
1970,1,M2_enso,H,651.6140273972603,658.9753549575455,54.18914344981431,7.36132756028519
1970,1,M2_precip,H,651.6140273972603,660.0210659111372,70.67829657380854,8.407038513876842
1970,1,M2_combo,H,651.6140273972603,659.5728800271562,63.34333518440067,7.958852629895887
1970,1,M2_precip_oracle,H,651.6140273972603,663.1373486592883,132.78693290790508,11.523321262027935
1970,5,M2_Rar,R,973.0,581.3278695626972,153407.05776129555,391.6721304373028
1970,5,M2_enso,R,973.0,432.6435000206052,291985.14706998173,540.3564999793948
1970,5,M2_precip,R,973.0,484.96297232454793,238180.14038228997,488.03702767545207
1970,5,M2_combo,R,973.0,462.53913822065925,260570.2914085072,510.46086177934075
1970,5,M2_precip_oracle,R,973.0,602.3995872223903,137344.66595093466,370.6004127776097
1970,5,R_persist,R,973.0,661.6,96969.95999999999,311.4
1970,5,R_mean,R,973.0,520.9837837837838,204318.65972242513,452.0162162162162
1970,5,naive_persist,H,679.3312054794521,665.8043013698631,182.97713479001726,13.526904109589054
1970,5,M1,H,679.3312054794521,662.6151433014555,279.4267347386486,16.716062177996605
1970,5,M2_Rar,H,679.3312054794521,653.6407916731041,659.9973615413976,25.690413806348033
1970,5,M2_enso,H,679.3312054794521,644.2694492559722,1229.3267494747358,35.06175622347996
1970,5,M2_precip,H,679.3312054794521,647.5670634675662,1008.9607177512581,31.76414201188595
1970,5,M2_combo,H,679.3312054794521,646.1537244034823,1100.7452505463348,33.17748107596981
1970,5,M2_precip_oracle,H,679.3312054794521,661.9212401128491,303.1068940663175,17.409965366603046
1971,1,M2_Rar,R,756.4,687.8205566292947,4703.140053035766,68.57944337070523
1971,1,M2_enso,R,756.4,449.42304853730764,94234.84872932817,306.97695146269234
1971,1,M2_precip,R,756.4,597.5541962495089,25231.989369139526,158.8458037504911
1971,1,M2_combo,R,756.4,584.1430833189128,29672.445344475018,172.2569166810872
1971,1,M2_precip_oracle,R,756.4,575.8049182713892,32614.58354456362,180.5950817286108
1971,1,R_persist,R,756.4,925.3,28527.209999999992,168.89999999999998
1971,1,R_mean,R,756.4,531.6236842105263,50524.392139889176,224.77631578947364
1971,1,naive_persist,H,668.0121038251366,651.6140273972603,268.8969105344716,16.398076427876276
1971,1,M1,H,668.0121038251366,653.2506187162335,217.90144262036844,14.761485108903116
1971,1,M2_Rar,H,668.0121038251366,646.7689353415775,451.27220722087816,21.24316848355909
1971,1,M2_enso,H,668.0121038251366,642.3956426824867,656.2030814728913,25.616461142649882
1971,1,M2_precip,H,668.0121038251366,645.1130404693063,524.367102574331,22.89906335583032
1971,1,M2_combo,H,668.0121038251366,644.8670197696814,535.6949159340859,23.145084055455186
1971,1,M2_precip_oracle,H,668.0121038251366,644.7140599661815,542.798847653796,23.29804385895511
1971,5,M2_Rar,R,894.1,687.8205566292947,42551.20875732801,206.27944337070528
1971,5,M2_enso,R,894.1,449.42304853730764,197737.5911621537,444.6769514626924
1971,5,M2_precip,R,894.1,597.5541962495089,87939.4137220248,296.54580375049113
1971,5,M2_combo,R,894.1,584.1430833189128,96073.29019844647,309.95691668108725
1971,5,M2_precip_oracle,R,894.1,951.0075641143583,3238.470853429795,56.90756411435825
1971,5,R_persist,R,894.1,925.3,973.4399999999957,31.199999999999932
1971,5,R_mean,R,894.1,531.6236842105263,131389.07950831024,362.4763157894737
1971,5,naive_persist,H,678.1262191780822,651.6140273972603,702.8963130230815,26.512191780821922
1971,5,M1,H,678.1262191780822,657.0130961853092,445.7639625079605,21.113122992773015
1971,5,M2_Rar,H,678.1262191780822,637.9552051227073,1613.710370237131,40.17101405537494
1971,5,M2_enso,H,678.1262191780822,625.6264347921073,2756.227360573862,52.499784385974976
1971,5,M2_precip,H,678.1262191780822,633.287063938647,2010.5498425861767,44.839155239435286
1971,5,M2_combo,H,678.1262191780822,632.5935058032353,2073.227987275965,45.532713374846935
1971,5,M2_precip_oracle,H,678.1262191780822,644.1088863330317,1157.1789338909537,34.01733284505053
1972,1,M2_Rar,R,1486.5,629.6658897785901,734164.6924389153,856.8341102214099
1972,1,M2_enso,R,1486.5,810.1464030482837,457454.1881095247,676.3535969517163
1972,1,M2_precip,R,1486.5,567.637005224233,844309.2031682912,918.862994775767
1972,1,M2_combo,R,1486.5,762.2866719081917,524484.9445858132,724.2133280918083
1972,1,M2_precip_oracle,R,1486.5,981.2546888153504,255272.82447407342,505.2453111846496
1972,1,R_persist,R,1486.5,756.4,533046.01,730.1
1972,1,R_mean,R,1486.5,537.3871794871795,900815.1460618014,949.1128205128205
1972,1,naive_persist,H,681.9524657534247,668.0121038251366,194.33369069166426,13.940361928288098
1972,1,M1,H,681.9524657534247,666.4818356993304,239.34039427064494,15.470630054094272
1972,1,M2_Rar,H,681.9524657534247,661.970844872588,399.26517302548757,19.981620880836658
1972,1,M2_enso,H,681.9524657534247,665.4450542993201,272.49463291510415,16.507411454104613
1972,1,M2_precip,H,681.9524657534247,660.7768027483482,448.40870370456315,21.175663005076444
1972,1,M2_combo,H,681.9524657534247,664.5237652023675,303.7596028984217,17.428700551057204
1972,1,M2_precip_oracle,H,681.9524657534247,668.7388504473597,174.59962945667473,13.21361530606498
1972,5,M2_Rar,R,952.0,629.6658897785901,103899.27861222802,322.3341102214099
1972,5,M2_enso,R,952.0,810.1464030482837,20122.442968139985,141.85359695171633
1972,5,M2_precip,R,952.0,567.637005224233,147734.9117529963,384.362994775767
1972,5,M2_combo,R,952.0,762.2866719081917,35991.1468556701,189.7133280918083
1972,5,M2_precip_oracle,R,952.0,378.53757154691596,328859.15684730856,573.462428453084
1972,5,R_persist,R,952.0,756.4,38259.36000000001,195.60000000000002
1972,5,R_mean,R,952.0,537.3871794871795,171903.7909335963,414.61282051282046
1972,5,naive_persist,H,686.50591160221,668.0121038251366,342.020926095339,18.493807777073357
1972,5,M1,H,686.50591160221,663.1400370080806,545.9640955485775,23.36587459412931
1972,5,M2_Rar,H,686.50591160221,650.4979612362205,1296.5724895595613,36.00795036598947
1972,5,M2_enso,H,686.50591160221,660.5700008162937,672.6714682950061,25.935910785916235
1972,5,M2_precip,H,686.50591160221,647.0363277943558,1557.8480459652246,39.46958380785418
1972,5,M2_combo,H,686.50591160221,657.8991024594482,818.3495293303995,28.60680914276179
1972,5,M2_precip_oracle,H,686.50591160221,653.1582822992631,1112.0643801267609,33.34762930294687
1973,1,M2_Rar,R,658.5,959.007093403734,90304.51318596049,300.50709340373396
1973,1,M2_enso,R,658.5,263.01276719631136,156410.15131071903,395.48723280368864
1973,1,M2_precip,R,658.5,785.670400140609,16172.310671922603,127.17040014060899
1973,1,M2_combo,R,658.5,624.7325762876895,1140.2389041667068,33.76742371231046
1973,1,M2_precip_oracle,R,658.5,828.276403449505,28824.027168249086,169.77640344950498
1973,1,R_persist,R,658.5,1486.5,685584.0,828.0
1973,1,R_mean,R,658.5,561.115,9483.838224999998,97.38499999999999
1973,1,naive_persist,H,678.2443561643836,681.9524657534247,13.75007672433856,3.7081095890411007
1973,1,M1,H,678.2443561643836,677.8842868511337,0.12964991034428147,0.3600693132499373
1973,1,M2_Rar,H,678.2443561643836,680.9046749519937,7.077296051711244,2.6603187876100947
1973,1,M2_enso,H,678.2443561643836,667.3671297770052,118.31405388228127,10.877226387378414
1973,1,M2_precip,H,678.2443561643836,677.5331628186702,0.505795974986955,0.7111933457133546
1973,1,M2_combo,H,678.2443561643836,674.4028168104701,14.75742460766618,3.841539353913504
1973,1,M2_precip_oracle,H,678.2443561643836,678.3618774687777,0.013811256986498046,0.11752130439413122
1973,5,M2_Rar,R,502.5,959.007093403734,208398.72632792548,456.50709340373396
1973,5,M2_enso,R,502.5,263.01276719631136,57354.13467596816,239.48723280368864
1973,5,M2_precip,R,502.5,785.670400140609,80185.47551579261,283.170400140609
1973,5,M2_combo,R,502.5,624.7325762876895,14940.802705925844,122.23257628768954
1973,5,M2_precip_oracle,R,502.5,582.5443462203876,6407.097361849284,80.04434622038764
1973,5,R_persist,R,502.5,1486.5,968256.0,984.0
1973,5,R_mean,R,502.5,561.115,3435.718225000001,58.61500000000001
1973,5,naive_persist,H,673.2055807365439,681.9524657534247,76.50799749853401,8.74688501688081
1973,5,M1,H,673.2055807365439,668.6946504317422,20.34849221477852,4.510930304801718
1973,5,M2_Rar,H,673.2055807365439,678.8985386328075,32.40976960862983,5.692957896263579
1973,5,M2_enso,H,673.2055807365439,639.4415436868504,1140.0101978930725,33.76403704969346
1973,5,M2_precip,H,673.2055807365439,669.0718133672431,17.08803266349616,4.133767369300813
1973,5,M2_combo,H,673.2055807365439,659.9479991876349,175.7634685259724,13.257581548909002
1973,5,M2_precip_oracle,H,673.2055807365439,660.6514662972371,157.6057893552108,12.554114439306773
1974,1,M2_Rar,R,973.0,608.0201053970604,133210.32346437286,364.97989460293957
1974,1,M2_enso,R,973.0,488.43306908566194,234805.11053574088,484.56693091433806
1974,1,M2_precip,R,973.0,689.4781636197984,80384.63170440184,283.52183638020165
1974,1,M2_combo,R,973.0,536.3446026818115,190667.93600710508,436.65539731818853
1974,1,M2_precip_oracle,R,973.0,628.0440241358806,118994.62528436694,344.9559758641194
1974,1,R_persist,R,973.0,658.5,98910.25,314.5
1974,1,R_mean,R,973.0,563.490243902439,167698.24033908386,409.50975609756097
1974,1,naive_persist,H,679.3312054794521,678.2443561643836,1.1812414336649721,1.086849315068548
1974,1,M1,H,679.3312054794521,674.9991887846757,18.76636864382218,4.332016694776485
1974,1,M2_Rar,H,679.3312054794521,670.1711895704655,83.90589145288907,9.16001590898668
1974,1,M2_enso,H,679.3312054794521,667.8394163806893,132.06121669044504,11.491789098762865
1974,1,M2_precip,H,679.3312054794521,671.7595031712842,57.33067584351532,7.5717023081679145
1974,1,M2_combo,H,679.3312054794521,668.7736215668572,111.46257807148399,10.557583912594964
1974,1,M2_precip_oracle,H,679.3312054794521,670.5616268478627,76.9055093756296,8.769578631589411
1974,5,M2_Rar,R,1117.8,608.0201053970604,259875.54094138413,509.7798946029395
1974,5,M2_enso,R,1117.8,488.43306908566194,396102.73372853315,629.366930914338
1974,5,M2_precip,R,1117.8,689.4781636197984,183459.59552010818,428.3218363802016
1974,5,M2_combo,R,1117.8,536.3446026818115,338090.3790704524,581.4553973181885
1974,5,M2_precip_oracle,R,1117.8,689.2788439460091,183630.38118584873,428.5211560539908
1974,5,R_persist,R,1117.8,658.5,210956.48999999996,459.29999999999995
1974,5,R_mean,R,1117.8,563.490243902439,307259.3057049375,554.3097560975609
1974,5,naive_persist,H,682.3877534246575,678.2443561643836,17.167740856445263,4.1433972602739
1974,5,M1,H,682.3877534246575,667.6514286987835,217.15926642640372,14.736324725873942
1974,5,M2_Rar,H,682.3877534246575,653.6702778901802,824.693401073304,28.71747553447733
1974,5,M2_enso,H,682.3877534246575,646.572545393688,1282.7291263016243,35.81520803096953
1974,5,M2_precip,H,682.3877534246575,658.5049784127616,570.3869422688387,23.882775011895887
1974,5,M2_combo,H,682.3877534246575,649.416191824365,1087.1238743618821,32.97156160029249
1974,5,M2_precip_oracle,H,682.3877534246575,655.53723916989,720.9501157454737,26.850514254767518
1975,1,M2_Rar,R,894.1,732.2949721477214,26180.867038276658,161.8050278522786
1975,1,M2_enso,R,894.1,375.3505216307062,269101.0213084144,518.7494783692938
1975,1,M2_precip,R,894.1,612.6376632599727,79221.04700315655,281.46233674002735
1975,1,M2_combo,R,894.1,520.024482616167,139932.49270598235,374.075517383833
1975,1,M2_precip_oracle,R,894.1,999.4520492223969,11099.054275358336,105.35204922239689
1975,1,R_persist,R,894.1,973.0,6225.209999999996,78.89999999999998
1975,1,R_mean,R,894.1,573.2404761904761,102950.83401927445,320.8595238095239
1975,1,naive_persist,H,678.1262191780822,679.3312054794521,1.4519919864891104,1.2049863013698996
1975,1,M1,H,678.1262191780822,676.0872334293996,4.157462883330941,2.0389857486826486
1975,1,M2_Rar,H,678.1262191780822,675.0547080226323,9.434180778053252,3.0715111554499117
1975,1,M2_enso,H,678.1262191780822,668.0850346180282,100.82538736906754,10.041184560054035
1975,1,M2_precip,H,678.1262191780822,672.7182874333404,29.245725755786726,5.407931744741859
1975,1,M2_combo,H,678.1262191780822,670.9099286785986,52.07484857293796,7.216290499483648
1975,1,M2_precip_oracle,H,678.1262191780822,680.2711991944159,4.600939270470695,2.1449800163336477
1975,5,M2_Rar,R,406.4,732.2949721477214,106207.53287116413,325.89497214772143
1975,5,M2_enso,R,406.4,375.3505216307062,964.0701070052406,31.04947836929375
1975,5,M2_precip,R,406.4,612.6376632599727,42533.97374693389,206.2376632599727
1975,5,M2_combo,R,406.4,520.024482616167,12910.523049791644,113.62448261616703
1975,5,M2_precip_oracle,R,406.4,487.8088861060294,6627.406737024467,81.4088861060294
1975,5,R_persist,R,406.4,973.0,321035.56,566.6
1975,5,R_mean,R,406.4,573.2404761904761,27835.74449546483,166.84047619047612
1975,5,naive_persist,H,663.3322857142857,679.3312054794521,255.96543365223272,15.99891976516642
1975,5,M1,H,663.3322857142857,668.5812226400502,27.551338850654044,5.248936925764497
1975,5,M2_Rar,H,663.3322857142857,666.2833151048183,8.708574463786853,2.9510293905325398
1975,5,M2_enso,H,663.3322857142857,645.0183581047264,335.39994448817845,18.3139276095593
1975,5,M2_precip,H,663.3322857142857,659.1547338240078,17.451939795964194,4.1775518902778686
1975,5,M2_combo,H,663.3322857142857,653.6373058287563,93.9926349808195,9.694979885529392
1975,5,M2_precip_oracle,H,663.3322857142857,658.1947150239131,26.394632598575868,5.137570690372627
1976,1,M2_Rar,R,952.0,710.9863280724405,58087.59005600527,241.01367192755947
1976,1,M2_enso,R,952.0,734.8232574451948,47165.73750671613,217.17674255480517
1976,1,M2_precip,R,952.0,787.8973059131853,26929.694206550696,164.10269408681472
1976,1,M2_combo,R,952.0,851.7510450341888,10049.852971737244,100.24895496581121
1976,1,M2_precip_oracle,R,952.0,384.32163645573166,322258.7244362985,567.6783635442683
1976,1,R_persist,R,952.0,894.1,3352.4099999999976,57.89999999999998
1976,1,R_mean,R,952.0,580.7023255813953,137861.9630286642,371.29767441860474
1976,1,naive_persist,H,686.50591160221,678.1262191780822,70.21924512298335,8.379692424127711
1976,1,M1,H,686.50591160221,675.2363331525447,127.00339843315902,11.269578449665232
1976,1,M2_Rar,H,686.50591160221,673.1236836974718,179.08402369435112,13.382227904738102
1976,1,M2_enso,H,686.50591160221,673.5896576494252,166.8296161728264,12.9162539527847
1976,1,M2_precip,H,686.50591160221,674.6271706496973,141.1044866169013,11.878740952512658
1976,1,M2_combo,H,686.50591160221,675.8754094098133,113.00757686254994,10.630502192396648
1976,1,M2_precip_oracle,H,686.50591160221,666.7379099706644,390.7738885047868,19.76800163154553
1976,5,M2_Rar,R,1448.4,710.9863280724405,543778.9235456864,737.4136719275596
1976,5,M2_enso,R,1448.4,734.8232574451948,509191.76751512685,713.5767425548053
1976,5,M2_precip,R,1448.4,787.8973059131853,436263.8088959405,660.5026940868148
1976,5,M2_combo,R,1448.4,851.7510450341888,355989.9754617947,596.6489549658113
1976,5,M2_precip_oracle,R,1448.4,921.4525143400707,277673.6526433215,526.9474856599294
1976,5,R_persist,R,1448.4,894.1,307248.49000000005,554.3000000000001
1976,5,R_mean,R,1448.4,580.7023255813953,752899.2541914552,867.6976744186048
1976,5,naive_persist,H,674.4084806629834,678.1262191780822,13.821579666649464,3.7177385150988584
1976,5,M1,H,674.4084806629834,668.4804082598223,35.14204241712,5.928072403161082
1976,5,M2_Rar,H,674.4084806629834,662.8179181932535,134.34113836471101,11.590562469729889
1976,5,M2_enso,H,674.4084806629834,664.2438490107842,103.31973662488994,10.164631652199205
1976,5,M2_precip,H,674.4084806629834,667.4187512869194,48.85631675061231,6.98972937606402
1976,5,M2_combo,H,674.4084806629834,671.2384972367179,10.048794922797978,3.169983426265503
1976,5,M2_precip_oracle,H,674.4084806629834,660.3597303744715,197.3673846689627,14.048750288511883
1977,1,M2_Rar,R,502.5,743.2037232732943,57938.28239762662,240.70372327329426
1977,1,M2_enso,R,502.5,750.8911957617215,61698.186131937866,248.39119576172152
1977,1,M2_precip,R,502.5,502.9347401594807,0.18899900626532637,0.4347401594807252
1977,1,M2_combo,R,502.5,822.1827634017532,102197.06921618129,319.68276340175316
1977,1,M2_precip_oracle,R,502.5,596.7010909996341,8873.845545521337,94.20109099963406
1977,1,R_persist,R,502.5,952.0,202050.25,449.5
1977,1,R_mean,R,502.5,589.1409090909091,7506.647128099171,86.64090909090908
1977,1,naive_persist,H,673.2055807365439,686.50591160221,176.89880113618952,13.30033086566607
1977,1,M1,H,673.2055807365439,682.588014001646,88.03005397409487,9.382433265102122
1977,1,M2_Rar,H,673.2055807365439,680.6100308971498,54.82588218089764,7.404450160605961
1977,1,M2_enso,H,673.2055807365439,680.7631016892175,57.11612295010046,7.557520952673599
1977,1,M2_precip,H,673.2055807365439,675.8258624191628,6.865876096268406,2.620281682618952
1977,1,M2_combo,H,673.2055807365439,682.182639351672,80.58758137944668,8.977058615128158
1977,1,M2_precip_oracle,H,673.2055807365439,677.6929116494533,20.13613872195269,4.487330912909442
1977,5,M2_Rar,R,422.4,743.2037232732943,102915.02886600838,320.8037232732943
1977,5,M2_enso,R,422.4,750.8911957617215,107906.46569296566,328.49119576172154
1977,5,M2_precip,R,422.4,502.9347401594807,6485.8443725550815,80.53474015948075
1977,5,M2_combo,R,422.4,822.1827634017532,159826.25791314218,399.7827634017532
1977,5,M2_precip_oracle,R,422.4,410.8843397296496,132.61043146212654,11.515660270350395
1977,5,R_persist,R,422.4,952.0,280476.16000000003,529.6
1977,5,R_mean,R,422.4,589.1409090909091,27802.530764462812,166.7409090909091
1977,5,naive_persist,H,665.4723287671233,686.50591160221,442.41160688045346,21.03358283508669
1977,5,M1,H,665.4723287671233,672.9599366781368,56.0642722290732,7.487607911013583
1977,5,M2_Rar,H,665.4723287671233,667.7120529065908,5.016364220913487,2.239724139467512
1977,5,M2_enso,H,665.4723287671233,668.1999852411235,7.440109840155429,2.7276564740002414
1977,5,M2_precip,H,665.4723287671233,652.4619162689626,169.2708333722959,13.01041249816069
1977,5,M2_combo,H,665.4723287671233,672.7249394550688,52.600361790902,7.252610687945548
1977,5,M2_precip_oracle,H,665.4723287671233,659.612181962659,34.341320569873226,5.860146804464307
1978,1,M2_Rar,R,1117.8,564.0245924295691,306667.2020297968,553.7754075704308
1978,1,M2_enso,R,1117.8,573.5234035654638,296237.01342636294,544.2765964345361
1978,1,M2_precip,R,1117.8,600.2760717207296,267831.0163416073,517.5239282792703
1978,1,M2_combo,R,1117.8,560.2896817367534,310817.75496998645,557.5103182632465
1978,1,M2_precip_oracle,R,1117.8,701.7951359699363,173060.0468966718,416.0048640300637
1978,1,R_persist,R,1117.8,502.5,378594.08999999997,615.3
1978,1,R_mean,R,1117.8,587.2155555555555,281519.85268641973,530.5844444444444
1978,1,naive_persist,H,682.3877534246575,673.2055807365439,84.31229527433952,9.18217268811361
1978,1,M1,H,682.3877534246575,671.3412785148068,122.0246079339598,11.046474909850645
1978,1,M2_Rar,H,682.3877534246575,665.1984237728395,295.47305387886803,17.189329651817957
1978,1,M2_enso,H,682.3877534246575,665.3880596935335,288.989586952017,16.99969373112401
1978,1,M2_precip,H,682.3877534246575,665.9221546222631,271.11594392141274,16.465598802394425
1978,1,M2_combo,H,682.3877534246575,665.1238593649565,298.04203810457904,17.263894059700988
1978,1,M2_precip_oracle,H,682.3877534246575,667.9488989107276,208.48051967443294,14.438854513929869
1978,5,M2_Rar,R,420.1,564.0245924295691,20714.288306017577,143.9245924295691
1978,5,M2_enso,R,420.1,573.5234035654638,23538.740761611167,153.4234035654638
1978,5,M2_precip,R,420.1,600.2760717207296,32463.416820713504,180.17607172072962
1978,5,M2_combo,R,420.1,560.2896817367534,19653.146865452214,140.1896817367534
1978,5,M2_precip_oracle,R,420.1,579.7777684949668,25496.989751532215,159.6777684949668
1978,5,R_persist,R,420.1,502.5,6789.759999999997,82.39999999999998
1978,5,R_mean,R,420.1,587.2155555555555,27927.608908641952,167.1155555555555
1978,5,naive_persist,H,657.3258677685951,673.2055807365439,252.1652839444401,15.879712967948763
1978,5,M1,H,657.3258677685951,667.0281859366833,94.13497783481321,9.70231816808814
1978,5,M2_Rar,H,657.3258677685951,647.8522749775427,89.74896037067994,9.473592791052397
1978,5,M2_enso,H,657.3258677685951,648.4527249877071,78.73266281002438,8.873142780887974
1978,5,M2_precip,H,657.3258677685951,650.143846080224,51.5814355322336,7.182021688371151
1978,5,M2_combo,H,657.3258677685951,647.61617941449,94.27804793384388,9.709688354105083
1978,5,M2_precip_oracle,H,657.3258677685951,650.3940395796183,48.050242041494094,6.931828188976851
1979,1,M2_Rar,R,406.4,802.6361063054962,157003.05194014055,396.23610630549626
1979,1,M2_enso,R,406.4,688.8734047396196,79791.22438519294,282.4734047396196
1979,1,M2_precip,R,406.4,665.7395426200402,67256.99836637166,259.3395426200402
1979,1,M2_combo,R,406.4,805.5788614127102,159343.76339874775,399.17886141271026
1979,1,M2_precip_oracle,R,406.4,507.7712374047253,10276.127772965181,101.37123740472532
1979,1,R_persist,R,406.4,1117.8,506089.95999999996,711.4
1979,1,R_mean,R,406.4,598.7499999999999,36998.52249999996,192.3499999999999
1979,1,naive_persist,H,663.3322857142857,682.3877534246575,363.11084966102123,19.055467710371772
1979,1,M1,H,663.3322857142857,679.0512952429904,247.08726056350747,15.719009528704646
1979,1,M2_Rar,H,663.3322857142857,678.6763044231309,235.4389101373906,15.34401870884517
1979,1,M2_enso,H,663.3322857142857,676.3679571276429,169.92872919701642,13.035671413357136
1979,1,M2_precip,H,663.3322857142857,675.8985503069284,157.91100581230586,12.56626459264271
1979,1,M2_combo,H,663.3322857142857,678.7360155648278,237.2748933084802,15.40372985054205
1979,1,M2_precip_oracle,H,663.3322857142857,672.693231647144,87.62730875789582,9.360945932858272
1979,5,M2_Rar,R,197.9,802.6361063054962,365705.75826953247,604.7361063054963
1979,5,M2_enso,R,197.9,688.8734047396196,241054.88416161432,490.9734047396196
1979,5,M2_precip,R,197.9,665.7395426200402,218873.83763892844,467.8395426200402
1979,5,M2_combo,R,197.9,805.5788614127102,369273.59860784793,607.6788614127103
1979,5,M2_precip_oracle,R,197.9,437.36978238177403,57345.77667397421,239.46978238177402
1979,5,R_persist,R,197.9,1117.8,846216.01,919.9
1979,5,R_mean,R,197.9,598.7499999999999,160680.72249999992,400.8499999999999
1979,5,naive_persist,H,638.7970218579235,682.3877534246575,1900.1518785230605,43.59073156673401
1979,5,M1,H,638.7970218579235,671.109704847275,1044.1094819703267,32.312682989351515
1979,5,M2_Rar,H,638.7970218579235,670.5151699993546,1006.040921521771,31.71814814143113
1979,5,M2_enso,H,638.7970218579235,663.1309796658808,592.1415025994455,24.33395780795729
1979,5,M2_precip,H,638.7970218579235,661.6293904922061,521.317057451772,22.832368634282602
1979,5,M2_combo,H,638.7970218579235,670.7061804405394,1018.1944014505283,31.909158582615873
1979,5,M2_precip_oracle,H,638.7970218579235,654.1285740017228,235.05649113803648,15.331552143799286
1980,1,M2_Rar,R,1448.4,539.4941314509051,826109.8778829847,908.905868549095
1980,1,M2_enso,R,1448.4,623.5689189569132,680346.3122547073,824.8310810430869
1980,1,M2_precip,R,1448.4,559.2237706882746,790634.3667730183,889.1762293117255
1980,1,M2_combo,R,1448.4,565.4245458771757,779645.652583408,882.9754541228244
1980,1,M2_precip_oracle,R,1448.4,934.232288704497,264368.4353388558,514.1677112955031
1980,1,R_persist,R,1448.4,406.4,1085764.0,1042.0
1980,1,R_mean,R,1448.4,594.6574468085106,728876.3471299233,853.7425531914895
1980,1,naive_persist,H,674.4084806629834,663.3322857142857,122.6820945415556,11.076194948697662
1980,1,M1,H,674.4084806629834,663.4439237240199,120.22150886777226,10.964556938963483
1980,1,M2_Rar,H,674.4084806629834,655.2409341679759,367.39483863827485,19.167546495007514
1980,1,M2_enso,H,674.4084806629834,656.9701895091819,304.09399836475217,17.438291153801515
1980,1,M2_precip,H,674.4084806629834,655.6467345873805,352.00311580540085,18.7617460756029
1980,1,M2_combo,H,674.4084806629834,655.7742725084754,347.2337135455315,18.634208154507974
1980,1,M2_precip_oracle,H,674.4084806629834,663.3599325866139,122.07041459584723,11.048548076369457
1980,5,M2_Rar,R,1003.3,539.4941314509051,215115.88370058025,463.80586854909484
1980,5,M2_enso,R,1003.3,623.5689189569132,144195.6939101513,379.73108104308676
1980,5,M2_precip,R,1003.3,559.2237706882746,197203.69743972007,444.07622931172534
1980,5,M2_combo,R,1003.3,565.4245458771757,191734.9133232696,437.8754541228243
1980,5,M2_precip_oracle,R,1003.3,703.7821408539551,89710.94794742999,299.5178591460449
1980,5,R_persist,R,1003.3,406.4,356289.61,596.9
1980,5,R_mean,R,1003.3,594.6574468085106,166988.7362788592,408.64255319148936
1980,5,naive_persist,H,659.312561983471,663.3322857142857,16.158178872074767,4.01972373081469
1980,5,M1,H,659.312561983471,663.6898572433191,19.160713791888618,4.377295259848097
1980,5,M2_Rar,H,659.312561983471,637.8759616961697,459.5278318775263,21.436600287301303
1980,5,M2_enso,H,659.312561983471,643.3163981948009,255.87725595396293,15.996163788670174
1980,5,M2_precip,H,659.312561983471,639.1526565603006,406.42178667117815,20.15990542317047
1980,5,M2_combo,H,659.312561983471,639.5539055513264,390.40450400353217,19.758656432144676
1980,5,M2_precip_oracle,H,659.312561983471,641.7973415067714,306.7829483473968,17.515220476699596
1981,1,M2_Rar,R,422.4,883.2273552583138,212361.85135437213,460.8273552583138
1981,1,M2_enso,R,422.4,630.9083471389586,43475.730826620456,208.50834713895858
1981,1,M2_precip,R,422.4,779.7779688723779,127719.0126353463,357.3779688723779
1981,1,M2_combo,R,422.4,820.0568300792554,158130.9545086818,397.6568300792554
1981,1,M2_precip_oracle,R,422.4,414.98635518649166,54.96212942085871,7.413644813508313
1981,1,R_persist,R,422.4,1448.4,1052676.0,1026.0
1981,1,R_mean,R,422.4,612.44375,36116.626914062515,190.04375000000005
1981,1,naive_persist,H,665.4723287671233,674.4084806629834,79.85481070588443,8.936151895860121
1981,1,M1,H,665.4723287671233,672.2508465977647,45.948303980324425,6.778517830641476
1981,1,M2_Rar,H,665.4723287671233,673.5222494206979,64.80122252884765,8.049920653574645
1981,1,M2_enso,H,665.4723287671233,668.4006152363587,8.57486164590739,2.928286469235445
1981,1,M2_precip,H,665.4723287671233,671.4224079635989,35.40344244433171,5.950079196475599
1981,1,M2_combo,H,665.4723287671233,672.2399983385809,45.80135142843371,6.767669571457645
1981,1,M2_precip_oracle,H,665.4723287671233,664.017776767799,2.115721518738262,1.4545519993242806
1981,5,M2_Rar,R,1153.7,883.2273552583138,73155.45155356244,270.4726447416863
1981,5,M2_enso,R,1153.7,630.9083471389586,273311.11230117973,522.7916528610415
1981,5,M2_precip,R,1153.7,779.7779688723779,139817.68536260645,373.9220311276222
1981,5,M2_combo,R,1153.7,820.0568300792554,111317.76483476289,333.64316992074464
1981,5,M2_precip_oracle,R,1153.7,897.3090015762693,65736.34407271747,256.3909984237307
1981,5,R_persist,R,1153.7,1448.4,86848.09000000003,294.70000000000005
1981,5,R_mean,R,1153.7,612.44375,292958.3281640625,541.25625
1981,5,naive_persist,H,666.7662465753424,674.4084806629834,58.403741850301856,7.642234087640986
1981,5,M1,H,666.7662465753424,667.5143743904529,0.5596952277419789,0.7481278151104789
1981,5,M2_Rar,H,666.7662465753424,671.6183698825109,23.543100587968173,4.85212330716854
1981,5,M2_enso,H,666.7662465753424,655.4939927791829,127.0637056450317,11.272253796159475
1981,5,M2_precip,H,666.7662465753424,665.0074651804533,3.093311995007942,1.7587813948890698
1981,5,M2_combo,H,666.7662465753424,667.5814747734407,0.6645970149746645,0.8152281980983389
1981,5,M2_precip_oracle,H,666.7662465753424,658.148448138292,74.26644990162825,8.617798437050396
1982,1,M2_Rar,R,420.1,569.765509201739,22399.7646446158,149.66550920173893
1982,1,M2_enso,R,420.1,889.5113602522363,220347.0251338547,469.41136025223625
1982,1,M2_precip,R,420.1,535.5300934972919,13324.106484793541,115.43009349729186
1982,1,M2_combo,R,420.1,757.0695808514516,113548.49841920298,336.9695808514516
1982,1,M2_precip_oracle,R,420.1,596.687648817816,31183.19771500431,176.587648817816
1982,1,R_persist,R,420.1,422.4,5.28999999999979,2.2999999999999545
1982,1,R_mean,R,420.1,608.565306122449,35519.1716118284,188.46530612244896
1982,1,naive_persist,H,657.3258677685951,665.4723287671233,66.36482680054011,8.146460998528141
1982,1,M1,H,657.3258677685951,665.1886828328018,61.82386073391491,7.862815064206643
1982,1,M2_Rar,H,657.3258677685951,658.7795083771707,2.1130710189000323,1.453640608575597
1982,1,M2_enso,H,657.3258677685951,665.2194547410779,62.3087152921503,7.893586972482808
1982,1,M2_precip,H,657.3258677685951,658.0899787393089,0.5838655755651444,0.764110970713773
1982,1,M2_combo,H,657.3258677685951,662.5519675700036,27.312119134282057,5.226099801408509
1982,1,M2_precip_oracle,H,657.3258677685951,659.3217425752364,3.9835162437853193,1.9958748066412682
1982,5,M2_Rar,R,2003.6,569.765509201739,2055881.3470027084,1433.834490798261
1982,5,M2_enso,R,2003.6,889.5113602522363,1241193.4972150223,1114.0886397477636
1982,5,M2_precip,R,2003.6,535.5300934972919,2155229.2503788695,1468.069906502708
1982,5,M2_combo,R,2003.6,757.0695808514516,1553838.0858626557,1246.5304191485484
1982,5,M2_precip_oracle,R,2003.6,826.2963494721706,1386043.885546153,1177.3036505278292
1982,5,R_persist,R,2003.6,422.4,2500193.4399999995,1581.1999999999998
1982,5,R_mean,R,2003.6,608.565306122449,1946121.7971220326,1395.034693877551
1982,5,naive_persist,H,684.2446428571428,665.4723287671233,352.399776294347,18.772314090019563
1982,5,M1,H,684.2446428571428,664.5772248570834,386.8073307890627,19.667418000059456
1982,5,M2_Rar,H,684.2446428571428,644.2863904313349,1596.661936924585,39.95825242580793
1982,5,M2_enso,H,684.2446428571428,664.6718630127216,383.0937108381821,19.572779844421234
1982,5,M2_precip,H,684.2446428571428,642.1037033820347,1775.858779844724,42.1409394751081
1982,5,M2_combo,H,684.2446428571428,656.2280059502002,784.9319435754587,28.016636906942608
1982,5,M2_precip_oracle,H,684.2446428571428,655.292324406093,838.2367436909982,28.95231845104979
1983,1,M2_Rar,R,197.9,565.3847671474696,135045.05408542996,367.4847671474696
1983,1,M2_enso,R,197.9,535.6593951642692,114081.40902173296,337.7593951642692
1983,1,M2_precip,R,197.9,608.4768989005318,168573.38991077748,410.5768989005318
1983,1,M2_combo,R,197.9,543.411196186022,119377.98668989583,345.51119618602206
1983,1,M2_precip_oracle,R,197.9,434.52675086361387,55992.21922427078,236.62675086361386
1983,1,R_persist,R,197.9,420.1,49372.84000000001,222.20000000000002
1983,1,R_mean,R,197.9,604.7959999999999,165564.35481599998,406.89599999999996
1983,1,naive_persist,H,638.7970218579235,657.3258677685951,343.31813078141295,18.528845910671635
1983,1,M1,H,638.7970218579235,658.7800353786726,399.3208293704401,19.98301352074907
1983,1,M2_Rar,H,638.7970218579235,653.4159563208976,213.71324483273338,14.618934462974153
1983,1,M2_enso,H,638.7970218579235,652.8180402427909,196.58895654878893,14.021018384867375
1983,1,M2_precip,H,638.7970218579235,654.2827403742515,239.80747796694408,15.485718516328006
1983,1,M2_combo,H,638.7970218579235,652.9739651700822,200.98572167616285,14.176943312158755
1983,1,M2_precip_oracle,H,638.7970218579235,650.7837903742616,143.682619464274,11.986768516338088
1983,5,M2_Rar,R,355.5,565.3847671474696,44051.61548054752,209.88476714746957
1983,5,M2_enso,R,355.5,535.6593951642692,32457.407665955303,180.1593951642692
1983,5,M2_precip,R,355.5,608.4768989005318,63997.31137732986,252.97689890053175
1983,5,M2_combo,R,355.5,543.411196186022,35310.617652061665,187.91119618602204
1983,5,M2_precip_oracle,R,355.5,173.7544323622766,33031.45135595829,181.7455676377234
1983,5,R_persist,R,355.5,420.1,4173.160000000003,64.60000000000002
1983,5,R_mean,R,355.5,604.7959999999999,62148.49561599997,249.29599999999994
1983,5,naive_persist,H,664.6300273224043,657.3258677685951,53.35074678750221,7.3041595538092
1983,5,M1,H,664.6300273224043,661.9096105703047,7.40066730510411,2.720416752099595
1983,5,M2_Rar,H,664.6300273224043,644.9488763699896,387.3477028117328,19.68115095241467
1983,5,M2_enso,H,664.6300273224043,643.0561475307795,465.4322892634765,21.57387979162479
1983,5,M2_precip,H,664.6300273224043,647.6927182488452,286.87243865326957,16.937309073559163
1983,5,M2_combo,H,664.6300273224043,643.5497345364519,444.378743941479,21.08029278595245
1983,5,M2_precip_oracle,H,664.6300273224043,645.4198125630476,369.03235110060774,19.210214759356745
1984,1,M2_Rar,R,1003.3,497.42090055304095,255913.66325726625,505.879099446959
1984,1,M2_enso,R,1003.3,534.5796619929297,219698.7552614622,468.72033800707027
1984,1,M2_precip,R,1003.3,533.3740616867228,220830.38749961395,469.92593831327713
1984,1,M2_combo,R,1003.3,472.0082130560979,282270.9628740446,531.291786943902
1984,1,M2_precip_oracle,R,1003.3,712.2157284843665,84730.053123787,291.0842715156334
1984,1,R_persist,R,1003.3,197.9,648669.1599999999,805.4
1984,1,R_mean,R,1003.3,596.8176470588236,165227.90325259508,406.4823529411764
1984,1,naive_persist,H,659.312561983471,638.7970218579235,420.8873866429514,20.515540125547545
1984,1,M1,H,659.312561983471,643.8087913675886,240.36690330989993,15.503770615882445
1984,1,M2_Rar,H,659.312561983471,634.0616201256375,637.610064707687,25.25094185783348
1984,1,M2_enso,H,659.312561983471,634.8199220823445,599.8894093262537,24.492639901126495
1984,1,M2_precip,H,659.312561983471,634.7953192959282,601.0951889998746,24.517242687542876
1984,1,M2_combo,H,659.312561983471,633.5430212836043,664.069227882089,25.769540699866752
1984,1,M2_precip_oracle,H,659.312561983471,638.4449561680497,435.4569724678078,20.86760581542137
1984,5,M2_Rar,R,214.4,497.42090055304095,80100.83014985432,283.020900553041
1984,5,M2_enso,R,214.4,534.5796619929297,102515.01595390672,320.1796619929297
1984,5,M2_precip,R,214.4,533.3740616867228,101744.45202892527,318.97406168672285
1984,5,M2_combo,R,214.4,472.0082130560979,66361.9914339559,257.60821305609784
1984,5,M2_precip_oracle,R,214.4,320.19537052030194,11192.66042352797,105.79537052030193
1984,5,R_persist,R,214.4,197.9,272.25,16.5
1984,5,R_mean,R,214.4,596.8176470588236,146243.25678200697,382.4176470588236
1984,5,naive_persist,H,644.1396164383561,638.7970218579235,28.543316850868433,5.34259458043266
1984,5,M1,H,644.1396164383561,655.0305308531466,118.61201679029091,10.890914414790473
1984,5,M2_Rar,H,644.1396164383561,623.724971939381,416.7577100195352,20.41464449897512
1984,5,M2_enso,H,644.1396164383561,626.1385295615131,324.03912874765047,18.001086876843033
1984,5,M2_precip,H,644.1396164383561,626.0602227047845,326.86447777351134,18.079393733571692
1984,5,M2_combo,H,644.1396164383561,622.0743521869888,486.87588648267007,22.065264251367353
1984,5,M2_precip_oracle,H,644.1396164383561,624.0605086083428,403.1705712493014,20.0791078300133
1985,1,M2_Rar,R,1153.7,709.2254797974948,197557.59910924724,444.47452020250523
1985,1,M2_enso,R,1153.7,573.975089371207,336080.9720035621,579.724910628793
1985,1,M2_precip,R,1153.7,659.0180689365473,244710.21292066667,494.6819310634528
1985,1,M2_combo,R,1153.7,628.6723215757924,275654.0631115133,525.0276784242077
1985,1,M2_precip_oracle,R,1153.7,899.9602403244472,64383.8656402073,253.73975967555282
1985,1,R_persist,R,1153.7,1003.3,22620.16000000003,150.4000000000001
1985,1,R_mean,R,1153.7,604.6346153846154,301472.7965828403,549.0653846153847
1985,1,naive_persist,H,666.7662465753424,659.312561983471,55.5574139951006,7.453684591871365
1985,1,M1,H,666.7662465753424,660.3038948227476,41.761990174265435,6.462351752594827
1985,1,M2_Rar,H,666.7662465753424,656.2516307037271,110.55714692762479,10.51461587161532
1985,1,M2_enso,H,666.7662465753424,653.4137713129151,178.28859563373388,13.352475262427333
1985,1,M2_precip,H,666.7662465753424,655.1981655569647,133.8204984477507,11.568081018377711
1985,1,M2_combo,H,666.7662465753424,654.561443076183,148.95722845309413,12.204803499159425
1985,1,M2_precip_oracle,H,666.7662465753424,660.2536777929049,42.413552145979246,6.512568782437484
1985,5,M2_Rar,R,1123.2,709.2254797974948,171374.90337689442,413.97452020250523
1985,5,M2_enso,R,1123.2,573.975089371207,301648.0024552057,549.224910628793
1985,5,M2_precip,R,1123.2,659.0180689365473,215464.86512579603,464.1819310634528
1985,5,M2_combo,R,1123.2,628.6723215757924,244557.62472763658,494.5276784242077
1985,5,M2_precip_oracle,R,1123.2,687.1018400905992,190181.60507636532,436.0981599094008
1985,5,R_persist,R,1123.2,1003.3,14376.010000000022,119.90000000000009
1985,5,R_mean,R,1123.2,604.6346153846154,268910.0581213019,518.5653846153847
1985,5,naive_persist,H,645.8410220994475,659.312561983471,181.48238684683628,13.471539884023514
1985,5,M1,H,645.8410220994475,662.3092531045438,271.2026324372151,16.4682310050963
1985,5,M2_Rar,H,645.8410220994475,650.1255924112373,18.357542756670725,4.284570311789821
1985,5,M2_enso,H,645.8410220994475,641.6081428212392,17.91726698388535,4.2328792782083156
1985,5,M2_precip,H,645.8410220994475,646.963759830166,1.2605400119790182,1.1227377307185407
1985,5,M2_combo,H,645.8410220994475,645.052723768818,0.621414258073192,0.7882983306294591
1985,5,M2_precip_oracle,H,645.8410220994475,639.6332000371849,38.537054756714376,6.207822062262608
1986,1,M2_Rar,R,2003.6,766.5831030861716,1530210.803250317,1237.0168969138283
1986,1,M2_enso,R,2003.6,723.4936917435108,1638672.1604380577,1280.1063082564892
1986,1,M2_precip,R,2003.6,744.1587829228982,1586192.1792726507,1259.4412170771016
1986,1,M2_combo,R,2003.6,824.025345278526,1391396.3660612844,1179.574654721474
1986,1,M2_precip_oracle,R,2003.6,836.0392149475249,1363198.1867923518,1167.560785052475
1986,1,R_persist,R,2003.6,1153.7,722330.0099999998,849.8999999999999
1986,1,R_mean,R,2003.6,614.9943396226415,1928225.6800320395,1388.6056603773584
1986,1,naive_persist,H,684.2446428571428,666.7662465753424,305.494336583655,17.47839628180043
1986,1,M1,H,684.2446428571428,665.9751930795165,333.7727951772089,18.269449777626278
1986,1,M2_Rar,H,684.2446428571428,665.1422505439257,364.9013920880572,19.102392313217138
1986,1,M2_enso,H,684.2446428571428,664.2408519365375,400.1516511952909,20.003790920605297
1986,1,M2_precip,H,684.2446428571428,664.6731503558061,383.04331872987893,19.571492501336706
1986,1,M2_combo,H,684.2446428571428,666.3438997543473,320.43660363228275,17.90074310279556
1986,1,M2_precip_oracle,H,684.2446428571428,666.5952210198633,311.50209119023964,17.649421837279533
1986,5,M2_Rar,R,1508.4,766.5831030861716,550292.3085468616,741.8168969138285
1986,5,M2_enso,R,1508.4,723.4936917435108,616077.912740831,784.9063082564893
1986,5,M2_precip,R,1508.4,744.1587829228982,584064.6378794899,764.2412170771019
1986,5,M2_combo,R,1508.4,824.025345278526,468368.6680251369,684.3746547214741
1986,5,M2_precip_oracle,R,1508.4,1090.3672633843087,174751.36888240403,418.0327366156914
1986,5,R_persist,R,1508.4,1153.7,125812.09000000003,354.70000000000005
1986,5,R_mean,R,1508.4,614.9943396226415,798173.6739943041,893.4056603773586
1986,5,naive_persist,H,654.815867768595,666.7662465753424,142.81155362475695,11.95037880674738
1986,5,M1,H,654.815867768595,664.3875257991232,91.6166374533744,9.57165803052817
1986,5,M2_Rar,H,654.815867768595,661.8896980016431,50.03907416598472,7.0738302330480565
1986,5,M2_enso,H,654.815867768595,659.182970886455,19.07158964202239,4.367103117859983
1986,5,M2_precip,H,654.815867768595,660.4810801177059,32.09463096051867,5.665212349110902
1986,5,M2_combo,H,654.815867768595,665.4980200848296,114.10837810723577,10.682152316234578
1986,5,M2_precip_oracle,H,654.815867768595,657.7273931239225,8.476979894714997,2.9115253553275124
1987,1,M2_Rar,R,355.5,1132.2616511825772,603358.6627478838,776.7616511825772
1987,1,M2_enso,R,355.5,862.5614550215006,257111.31916852127,507.0614550215006
1987,1,M2_precip,R,355.5,756.2952281686352,160636.8149227483,400.79522816863516
1987,1,M2_combo,R,355.5,1092.8093150151194,543625.0260080646,737.3093150151194
1987,1,M2_precip_oracle,R,355.5,161.41856517270048,37667.60334462331,194.08143482729952
1987,1,R_persist,R,355.5,2003.6,2716233.61,1648.1
1987,1,R_mean,R,355.5,640.7092592592593,81344.32156721537,285.2092592592593
1987,1,naive_persist,H,664.6300273224043,684.2446428571428,384.7331425756051,19.614615534738505
1987,1,M1,H,664.6300273224043,679.3897703112189,217.85001309585988,14.759742988814537
1987,1,M2_Rar,H,664.6300273224043,686.5064864846781,478.57946547863406,21.876459162273818
1987,1,M2_enso,H,664.6300273224043,681.1867237663736,274.12419713774426,16.55669644396926
1987,1,M2_precip,H,664.6300273224043,679.0906514613717,209.1096504884876,14.460624138967432
1987,1,M2_combo,H,664.6300273224043,685.7282999276008,445.13710692318443,21.098272605196485
1987,1,M2_precip_oracle,H,664.6300273224043,667.356871735438,7.435680452892733,2.726844413033632
1987,5,M2_Rar,R,2485.7,1132.2616511825772,1831795.3640496312,1353.4383488174226
1987,5,M2_enso,R,2485.7,862.5614550215006,2634578.73619492,1623.1385449784993
1987,5,M2_precip,R,2485.7,756.2952281686352,2990840.864833094,1729.4047718313645
1987,5,M2_combo,R,2485.7,1092.8093150151194,1940144.4603176494,1392.8906849848804
1987,5,M2_precip_oracle,R,2485.7,1139.3275839982712,1812718.682570332,1346.3724160017287
1987,5,R_persist,R,2485.7,2003.6,232420.40999999992,482.0999999999999
1987,5,R_mean,R,2485.7,640.7092592592593,3403990.833419066,1844.9907407407404
1987,5,naive_persist,H,691.9603825136612,684.2446428571428,59.53263844717059,7.715739656518394
1987,5,M1,H,691.9603825136612,669.5172020615803,503.6963488046673,22.443180452080924
1987,5,M2_Rar,H,691.9603825136612,691.0006563195042,0.9210743677511608,0.9597261941570423
1987,5,M2_enso,H,691.9603825136612,675.1107919168985,283.90870327851434,16.84959059676271
1987,5,M2_precip,H,691.9603825136612,668.8499290799277,534.0930579127637,23.110453433733483
1987,5,M2_combo,H,691.9603825136612,688.6762521070115,10.785512527881462,3.2841304066497514
1987,5,M2_precip_oracle,H,691.9603825136612,674.6631263079331,299.1950722465994,17.297256205728104
1988,1,M2_Rar,R,214.4,576.3690853644597,131021.61875958352,361.9690853644597
1988,1,M2_enso,R,214.4,445.4764788506991,53396.339078037585,231.0764788506991
1988,1,M2_precip,R,214.4,432.82521855504154,47709.57610081766,218.42521855504154
1988,1,M2_combo,R,214.4,309.4558915519785,9035.622518741493,95.05589155197848
1988,1,M2_precip_oracle,R,214.4,337.7563222537922,15216.782239981421,123.35632225379217
1988,1,R_persist,R,214.4,355.5,19909.21,141.1
1988,1,R_mean,R,214.4,635.5236363636365,177345.11710413234,421.1236363636365
1988,1,naive_persist,H,644.1396164383561,664.6300273224043,419.85693819711986,20.490410884048174
1988,1,M1,H,644.1396164383561,664.4571597961897,412.8025680974453,20.31754335783353
1988,1,M2_Rar,H,644.1396164383561,656.4903940896717,152.54170859223504,12.350777651315525
1988,1,M2_enso,H,644.1396164383561,653.8951450362622,95.17033822456278,9.75552859790605
1988,1,M2_precip,H,644.1396164383561,653.644304502322,90.33909519329559,9.504688063965887
1988,1,M2_combo,H,644.1396164383561,651.1982218880928,49.82391089505208,7.05860544973666
1988,1,M2_precip_oracle,H,644.1396164383561,651.7593434666613,58.06023998588467,7.619727028305192
1988,5,M2_Rar,R,447.6,576.3690853644597,16581.477345599502,128.76908536445967
1988,5,M2_enso,R,447.6,445.4764788506991,4.509342071528332,2.1235211493009274
1988,5,M2_precip,R,447.6,432.82521855504154,218.29416674628933,14.774781444958478
1988,5,M2_combo,R,447.6,309.4558915519785,19083.794698898735,138.14410844802154
1988,5,M2_precip_oracle,R,447.6,608.4698327760386,25879.103097390624,160.8698327760386
1988,5,R_persist,R,447.6,355.5,8482.410000000003,92.10000000000002
1988,5,R_mean,R,447.6,635.5236363636365,35315.29310413226,187.92363636363643
1988,5,naive_persist,H,683.4519178082193,664.6300273224043,354.2635614600112,18.821890485814947
1988,5,M1,H,683.4519178082193,664.1308278260999,373.3045180971531,19.32108998211936
1988,5,M2_Rar,H,683.4519178082193,640.5036170283342,1844.556539879472,42.94830077988502
1988,5,M2_enso,H,683.4519178082193,632.8111274913292,2564.489643919225,50.64079031689005
1988,5,M2_precip,H,683.4519178082193,632.0676195878175,2640.346103603185,51.384298220401774
1988,5,M2_combo,H,683.4519178082193,624.8172692247615,3438.022014505585,58.63464858345776
1988,5,M2_precip_oracle,H,683.4519178082193,654.9861710144222,810.2987405285671,28.465746793797052
1989,1,M2_Rar,R,1123.2,531.9185722973655,349613.7267460659,591.2814277026346
1989,1,M2_enso,R,1123.2,611.9249743264266,261402.15187751313,511.2750256735734
1989,1,M2_precip,R,1123.2,496.9001793128455,392251.465392762,626.2998206871546
1989,1,M2_combo,R,1123.2,502.3381020218327,385469.49636105227,620.8618979781673
1989,1,M2_precip_oracle,R,1123.2,719.3236228771049,163116.12799791506,403.8763771228952
1989,1,R_persist,R,1123.2,214.4,825917.4400000002,908.8000000000001
1989,1,R_mean,R,1123.2,628.0035714285714,245219.50286989805,495.19642857142867
1989,1,naive_persist,H,645.8410220994475,644.1396164383561,2.894781223593766,1.7014056610913713
1989,1,M1,H,645.8410220994475,649.3155632682281,12.072436333550892,3.474541168780547
1989,1,M2_Rar,H,645.8410220994475,639.9221561113574,35.03297458497035,5.918865988090147
1989,1,M2_enso,H,645.8410220994475,641.5306859857301,18.578997413216644,4.310336113717426
1989,1,M2_precip,H,645.8410220994475,639.2181108119865,43.86295392157786,6.6229112874609655
1989,1,M2_combo,H,645.8410220994475,639.3274403270016,42.42674750634007,6.513581772445946
1989,1,M2_precip_oracle,H,645.8410220994475,643.6899373741162,4.627165495553703,2.151084725331316
1989,5,M2_Rar,R,538.1,531.9185722973655,38.21004844289786,6.181427702634551
1989,5,M2_enso,R,538.1,611.9249743264266,5450.126834297551,73.82497432642663
1989,5,M2_precip,R,538.1,496.9001793128455,1697.425224653684,41.1998206871545
1989,5,M2_combo,R,538.1,502.3381020218327,1278.9133470008483,35.761897978167326
1989,5,M2_precip_oracle,R,538.1,812.365875666433,75221.77055507527,274.265875666433
1989,5,R_persist,R,538.1,214.4,104781.69000000003,323.70000000000005
1989,5,R_mean,R,538.1,628.0035714285714,8082.652155612232,89.90357142857135
1989,5,naive_persist,H,669.7203287671233,644.1396164383561,654.3728432471403,25.580712328767163
1989,5,M1,H,669.7203287671233,659.0747050509502,113.32930430634667,10.645623716173077
1989,5,M2_Rar,H,669.7203287671233,631.6418070629749,1449.973815173304,38.07852170414844
1989,5,M2_enso,H,669.7203287671233,636.4084434236829,1109.681705134519,33.311885343440395
1989,5,M2_precip,H,669.7203287671233,629.5554747063097,1613.2155017264533,40.16485406081358
1989,5,M2_combo,H,669.7203287671233,629.8794562809586,1587.2951204588353,39.8408724861647
1989,5,M2_precip_oracle,H,669.7203287671233,650.831762521857,356.7779348018158,18.88856624526636
1990,1,M2_Rar,R,1508.4,755.0887281753918,567477.8722580089,753.3112718246083
1990,1,M2_enso,R,1508.4,678.7475855649002,688323.1287779908,829.6524144350999
1990,1,M2_precip,R,1508.4,684.1165607002304,679443.1883038571,824.2834392997697
1990,1,M2_combo,R,1508.4,684.1888836480813,679323.9643180763,824.2111163519188
1990,1,M2_precip_oracle,R,1508.4,1144.508600485206,132416.95064083548,363.8913995147941
1990,1,R_persist,R,1508.4,1123.2,148379.04000000004,385.20000000000005
1990,1,R_mean,R,1508.4,636.6912280701754,759876.1830594031,871.7087719298247
1990,1,naive_persist,H,654.815867768595,645.8410220994475,80.54785478501562,8.974845669147498
1990,1,M1,H,654.815867768595,650.3734871873958,19.734745228216145,4.442380581199245
1990,1,M2_Rar,H,654.815867768595,646.4058554648624,70.72830694893419,8.410012303732628
1990,1,M2_enso,H,654.815867768595,644.8919576353414,98.48399233289291,9.923910133253571
1990,1,M2_precip,H,654.815867768595,644.9984281376969,96.38212090632848,9.817439630898093
1990,1,M2_combo,H,654.815867768595,644.9998623519363,96.353962339874,9.816005416658754
1990,1,M2_precip_oracle,H,654.815867768595,654.1283217432373,0.47271953698521646,0.687546025357733
1990,5,M2_Rar,R,531.3,755.0887281753918,50081.39485835942,223.78872817539184
1990,5,M2_enso,R,531.3,678.7475855649002,21740.790488918577,147.44758556490024
1990,5,M2_precip,R,531.3,684.1165607002304,23352.901224247205,152.8165607002304
1990,5,M2_combo,R,531.3,684.1888836480813,23375.010743156552,152.88888364808133
1990,5,M2_precip_oracle,R,531.3,557.5257821803797,687.7916509727227,26.225782180379724
1990,5,R_persist,R,531.3,1123.2,350345.6100000001,591.9000000000001
1990,5,R_mean,R,531.3,636.6912280701754,11107.310954139733,105.39122807017543
1990,5,naive_persist,H,664.470602739726,645.8410220994475,347.06127483263964,18.629580640278505
1990,5,M1,H,664.470602739726,659.0664108739243,29.205289722397794,5.404191865801749
1990,5,M2_Rar,H,664.470602739726,647.5513007394968,286.2627801749601,16.91930200022921
1990,5,M2_enso,H,664.470602739726,642.9673167194585,462.3913096694327,21.503286020267524
1990,5,M2_precip,H,664.470602739726,643.2897024656334,448.6305364210587,21.180900274092664
1990,5,M2_combo,H,664.470602739726,643.2940451729328,448.44659037970786,21.176557566793235
1990,5,M2_precip_oracle,H,664.470602739726,648.6483837103601,250.3426150132283,15.822219029365897
1991,1,M2_Rar,R,2485.7,885.8203942800999,2559614.7527984623,1599.8796057199
1991,1,M2_enso,R,2485.7,778.4234612001211,2914793.179936494,1707.2765387998788
1991,1,M2_precip,R,2485.7,883.8449643330437,2565939.555291585,1601.8550356669562
1991,1,M2_combo,R,2485.7,942.5744614006187,2381236.42787763,1543.1255385993811
1991,1,M2_precip_oracle,R,2485.7,1168.2702873561152,1735621.0477569483,1317.4297126438846
1991,1,R_persist,R,2485.7,1508.4,955115.2899999995,977.2999999999997
1991,1,R_mean,R,2485.7,651.7206896551724,3363480.1107728886,1833.9793103448274
1991,1,naive_persist,H,691.9603825136612,654.815867768595,1379.7149756464405,37.1445147450662
1991,1,M1,H,691.9603825136612,657.0325305332227,1219.954843967422,34.927851980438504
1991,1,M2_Rar,H,691.9603825136612,656.7242587180349,1241.5844201407037,35.23612379562633
1991,1,M2_enso,H,691.9603825136612,654.6555312804398,1391.651925532778,37.30485123322137
1991,1,M2_precip,H,691.9603825136612,656.6862071087821,1244.2674504941767,35.27417540487909
1991,1,M2_combo,H,691.9603825136612,657.8174807727084,1165.7377392923554,34.142901740952766
1991,1,M2_precip_oracle,H,691.9603825136612,662.1649340408305,887.7687496971084,29.795448472830685
1991,5,M2_Rar,R,324.3,885.8203942800999,315305.1531924789,561.5203942800999
1991,5,M2_enso,R,324.3,778.4234612001211,206228.11801237788,454.1234612001211
1991,5,M2_precip,R,324.3,883.8449643330437,313090.5671104672,559.5449643330437
1991,5,M2_combo,R,324.3,942.5744614006187,382263.3096202252,618.2744614006187
1991,5,M2_precip_oracle,R,324.3,395.9133596912569,5128.473286269339,71.6133596912569
1991,5,R_persist,R,324.3,1508.4,1402092.8100000003,1184.1000000000001
1991,5,R_mean,R,324.3,651.7206896551724,107204.30801426868,327.42068965517234
1991,5,naive_persist,H,644.7381147540983,654.815867768595,101.56110582119719,10.077753014496693
1991,5,M1,H,644.7381147540983,661.2035877688053,271.1118015980431,16.46547301470696
1991,5,M2_Rar,H,644.7381147540983,660.7017146337657,254.83652111811745,15.963599879667413
1991,5,M2_enso,H,644.7381147540983,654.321359022126,91.8385707006852,9.58324426802767
1991,5,M2_precip,H,644.7381147540983,660.5843561097686,251.10336510215438,15.846241355670259
1991,5,M2_combo,H,644.7381147540983,664.0734229335375,373.8541423938866,19.335308179439153
1991,5,M2_precip_oracle,H,644.7381147540983,645.5013509954467,0.5825295601076466,0.7632362413484088
1992,1,M2_Rar,R,447.6,1399.2384577701046,905615.7543070631,951.6384577701045
1992,1,M2_enso,R,447.6,681.2396599367336,54587.4906953525,233.63965993673355
1992,1,M2_precip,R,447.6,982.6313184036148,286258.51167271024,535.0313184036148
1992,1,M2_combo,R,447.6,1106.1297334541882,433661.4098432442,658.5297334541882
1992,1,M2_precip_oracle,R,447.6,636.1340353656525,35545.0824912571,188.53403536565247
1992,1,R_persist,R,447.6,2485.7,4153851.6099999994,2038.1
1992,1,R_mean,R,447.6,682.8050847457625,55321.43189026133,235.20508474576252
1992,1,naive_persist,H,683.4519178082193,691.9603825136612,72.3939716437514,8.508464705441952
1992,1,M1,H,683.4519178082193,683.6764284139031,0.05040501206450852,0.224510605683804
1992,1,M2_Rar,H,683.4519178082193,698.0006439130584,211.66543127362806,14.548726104839147
1992,1,M2_enso,H,683.4519178082193,684.0551538276349,0.36389369512036596,0.6032360194155899
1992,1,M2_precip,H,683.4519178082193,689.9089998196648,41.69390810253371,6.45708201144555
1992,1,M2_combo,H,683.4519178082193,692.307675037298,78.42443610038126,8.85575722907879
1992,1,M2_precip_oracle,H,683.4519178082193,683.1790798813399,0.07444053434381241,0.2728379268793333
1992,5,M2_Rar,R,1134.6,1399.2384577701046,70033.51333093946,264.63845777010465
1992,5,M2_enso,R,1134.6,681.2396599367336,205535.5979422805,453.36034006326634
1992,5,M2_precip,R,1134.6,982.6313184036148,23094.480186143464,151.96868159638507
1992,5,M2_combo,R,1134.6,1106.1297334541882,810.5560771895639,28.470266545811683
1992,5,M2_precip_oracle,R,1134.6,1137.2693374644641,7.125362499192198,2.6693374644642063
1992,5,R_persist,R,1134.6,2485.7,1825471.2099999997,1351.1
1992,5,R_mean,R,1134.6,682.8050847457625,204118.64544958354,451.79491525423737
1992,5,naive_persist,H,662.8175616438356,691.9603825136612,849.3040082507449,29.14282086982564
1992,5,M1,H,662.8175616438356,669.1957078116452,40.680748537944694,6.378146167809632
1992,5,M2_Rar,H,662.8175616438356,710.0,2226.182489233256,47.182438356164425
1992,5,M2_enso,H,662.8175616438356,667.5906449691298,22.782324430201896,4.7730833252942375
1992,5,M2_precip,H,662.8175616438356,685.636510069028,520.7044072315902,22.81894842519239
1992,5,M2_combo,H,662.8175616438356,693.0309938758812,912.8514872404148,30.213432232045648
1992,5,M2_precip_oracle,H,662.8175616438356,672.296688203711,89.85384033813625,9.479126559875453
1993,1,M2_Rar,R,538.1,625.1780688669706,7582.590077600878,87.07806886697063
1993,1,M2_enso,R,538.1,763.1787279507367,50660.43377592175,225.07872795073672
1993,1,M2_precip,R,538.1,665.3829771865082,16200.956281461173,127.28297718650822
1993,1,M2_combo,R,538.1,722.0434684515743,33835.19958599531,183.9434684515743
1993,1,M2_precip_oracle,R,538.1,870.2333479102213,110312.56079405206,332.13334791022123
1993,1,R_persist,R,538.1,447.6,8190.25,90.5
1993,1,R_mean,R,538.1,678.8849999999999,19820.41622499996,140.78499999999985
1993,1,naive_persist,H,669.7203287671233,683.4519178082193,188.5565375935466,13.731589041095958
1993,1,M1,H,669.7203287671233,677.7482309006734,64.4472126658587,8.027902133550128
1993,1,M2_Rar,H,669.7203287671233,674.6691773071717,24.491101872339204,4.948848540048402
1993,1,M2_enso,H,669.7203287671233,677.3370158500578,58.01392211934133,7.616687082934504
1993,1,M2_precip,H,669.7203287671233,675.4464214503533,32.78813741694055,5.726092683230036
1993,1,M2_combo,H,669.7203287671233,676.5417860917936,46.53228003229797,6.821457324670291
1993,1,M2_precip_oracle,H,669.7203287671233,679.4066033666548,93.82391561752996,9.686274599531544
1993,5,M2_Rar,R,1142.3,625.1780688669706,267415.0916587535,517.1219311330293
1993,5,M2_enso,R,1142.3,763.1787279507367,143732.93892025144,379.1212720492632
1993,5,M2_precip,R,1142.3,665.3829771865082,227449.84664928456,476.9170228134917
1993,5,M2_combo,R,1142.3,722.0434684515743,176615.55230911289,420.25653154842564
1993,5,M2_precip_oracle,R,1142.3,973.0882672533498,28632.61049912374,169.2117327466501
1993,5,R_persist,R,1142.3,447.6,482608.0899999999,694.6999999999999
1993,5,R_mean,R,1142.3,678.8849999999999,214753.46222500008,463.4150000000001
1993,5,naive_persist,H,667.6309863013698,683.4519178082193,250.30187374442107,15.820931506849433
1993,5,M1,H,667.6309863013698,667.7921870246764,0.025985673194568563,0.1612007233065924
1993,5,M2_Rar,H,667.6309863013698,655.6599050478281,143.30678637889713,11.971081253541684
1993,5,M2_enso,H,667.6309863013698,664.1019856054525,12.453845911785319,3.529000695917375
1993,5,M2_precip,H,667.6309863013698,658.1194083364277,90.47011538317302,9.511577964942148
1993,5,M2_combo,H,667.6309863013698,661.5855688234144,36.54707248276893,6.045417477955425
1993,5,M2_precip_oracle,H,667.6309863013698,668.3997481188244,0.590994731976039,0.7687618174545605
1994,1,M2_Rar,R,531.3,647.4475453071024,13490.252280865407,116.1475453071024
1994,1,M2_enso,R,531.3,842.9287393547277,97112.47119181682,311.6287393547277
1994,1,M2_precip,R,531.3,774.956806938984,59368.63956770132,243.656806938984
1994,1,M2_combo,R,531.3,869.09220063816,114103.57081197095,337.79220063816
1994,1,M2_precip_oracle,R,531.3,564.9550397317838,1132.6616993479502,33.65503973178386
1994,1,R_persist,R,531.3,538.1,46.240000000000926,6.800000000000068
1994,1,R_mean,R,531.3,676.5770491803277,21105.421018543355,145.2770491803277
1994,1,naive_persist,H,664.470602739726,669.7203287671233,27.559623362732502,5.249726027397287
1994,1,M1,H,664.470602739726,668.0135841259835,12.552717103366776,3.542981386257452
1994,1,M2_Rar,H,664.470602739726,663.9244975838891,0.2982308412316736,0.5461051558369263
1994,1,M2_enso,H,664.470602739726,667.7091747821428,10.488348873923483,3.238572042416763
1994,1,M2_precip,H,664.470602739726,666.3931820904241,3.6963113597308395,1.922579350698129
1994,1,M2_combo,H,664.470602739726,668.215720978718,14.02591062403016,3.7451182389919495
1994,1,M2_precip_oracle,H,664.470602739726,662.3273746156221,4.593426791949797,2.143228124103871
1994,5,M2_Rar,R,473.5,647.4475453071024,30257.74851836643,173.94754530710236
1994,5,M2_enso,R,473.5,842.9287393547277,136477.59346122332,369.42873935472767
1994,5,M2_precip,R,473.5,774.956806938984,90876.20644984784,301.45680693898396
1994,5,M2_combo,R,473.5,869.09220063816,156493.1892057422,395.59220063815997
1994,5,M2_precip_oracle,R,473.5,171.2623625693219,91347.58947967802,302.2376374306781
1994,5,R_persist,R,473.5,538.1,4173.160000000003,64.60000000000002
1994,5,R_mean,R,473.5,676.5770491803277,41240.28790378922,203.07704918032766
1994,5,naive_persist,H,670.4018082191781,669.7203287671233,0.46441424357285505,0.6814794520547593
1994,5,M1,H,670.4018082191781,665.134375048618,27.74585220631604,5.267433170560025
1994,5,M2_Rar,H,670.4018082191781,651.5190147704881,356.55988842588977,18.882793448689995
1994,5,M2_enso,H,670.4018082191781,663.4044710378463,48.96272762924808,6.997337181331773
1994,5,M2_precip,H,670.4018082191781,659.2717081187783,123.87912824491903,11.130100100399773
1994,5,M2_combo,H,670.4018082191781,664.9952362078768,29.231020913386047,5.40657201130125
1994,5,M2_precip_oracle,H,670.4018082191781,649.5908849755458,433.0945262523535,20.81092324363226
1995,1,M2_Rar,R,324.3,643.5717086075758,101934.42391720081,319.2717086075758
1995,1,M2_enso,R,324.3,592.4905909231762,71926.19305972246,268.1905909231762
1995,1,M2_precip,R,324.3,630.0230312957331,93466.57186465176,305.72303129573305
1995,1,M2_combo,R,324.3,575.8650430963918,63284.97090808945,251.56504309639178
1995,1,M2_precip_oracle,R,324.3,382.95125947954,3439.9702385363294,58.65125947953999
1995,1,R_persist,R,324.3,531.3,42848.99999999998,206.99999999999994
1995,1,R_mean,R,324.3,674.2338709677418,122453.71405046819,349.9338709677418
1995,1,naive_persist,H,644.7381147540983,664.470602739726,389.3710821029415,19.7324879856277
1995,1,M1,H,644.7381147540983,664.3686210944223,385.3567791775015,19.63050634032402
1995,1,M2_Rar,H,644.7381147540983,660.6168178690281,252.13321261207972,15.878703114929749
1995,1,M2_enso,H,644.7381147540983,659.6293153054467,221.7478538604769,14.891200551348334
1995,1,M2_precip,H,644.7381147540983,660.3548942035898,243.88380037405835,15.616779449491446
1995,1,M2_combo,H,644.7381147540983,659.3079094348599,212.27891703954788,14.56979468076156
1995,1,M2_precip_oracle,H,644.7381147540983,655.5784911192928,117.51375973906785,10.840376365194516
1995,5,M2_Rar,R,614.5,643.5717086075758,845.1642413637985,29.07170860757583
1995,5,M2_enso,R,614.5,592.4905909231762,484.4140879109726,22.009409076823772
1995,5,M2_precip,R,614.5,630.0230312957331,240.96450060830807,15.523031295733063
1995,5,M2_combo,R,614.5,575.8650430963918,1492.6598949436639,38.63495690360821
1995,5,M2_precip_oracle,R,614.5,802.0757408630742,35184.65856033116,187.5757408630742
1995,5,R_persist,R,614.5,531.3,6922.240000000008,83.20000000000005
1995,5,R_mean,R,614.5,674.2338709677418,3568.135340790831,59.73387096774184
1995,5,naive_persist,H,656.2541256830601,664.470602739726,67.51049522271704,8.216477056665894
1995,5,M1,H,656.2541256830601,664.1972972963674,63.09397527845089,7.9431716133073
1995,5,M2_Rar,H,656.2541256830601,652.3510152912079,15.234270730984928,3.9031103918522376
1995,5,M2_enso,H,656.2541256830601,649.2454647541347,49.12132801664617,7.008660928925451
1995,5,M2_precip,H,656.2541256830601,651.5273038297166,22.34284483324563,4.726821853343495
1995,5,M2_combo,H,656.2541256830601,648.234690493054,64.31134076670828,8.019435190006106
1995,5,M2_precip_oracle,H,656.2541256830601,654.5026995431672,3.0674935235002914,1.751426139892942
1996,1,M2_Rar,R,1134.6,582.0546882208225,305306.32156914833,552.5453117791774
1996,1,M2_enso,R,1134.6,648.3398237358828,236448.9590204103,486.26017626411715
1996,1,M2_precip,R,1134.6,538.8267536218494,354945.76109996036,595.7732463781505
1996,1,M2_combo,R,1134.6,539.6867968416844,353921.71929208713,594.9132031583155
1996,1,M2_precip_oracle,R,1134.6,1125.2836426514177,86.79451424648131,9.316357348582187
1996,1,R_persist,R,1134.6,324.3,656586.09,810.3
1996,1,R_mean,R,1134.6,668.679365079365,217082.03804484758,465.92063492063494
1996,1,naive_persist,H,662.8175616438356,644.7381147540983,326.8663998388301,18.079446889737255
1996,1,M1,H,662.8175616438356,650.5977320356545,149.32423565297807,12.219829608181044
1996,1,M2_Rar,H,662.8175616438356,641.180365860846,468.168241351422,21.63719578298958
1996,1,M2_enso,H,662.8175616438356,642.4769498950473,413.74048631494543,20.34061174878832
1996,1,M2_precip,H,662.8175616438356,640.3347969501542,505.47470827144514,22.48276469368136
1996,1,M2_combo,H,662.8175616438356,640.351620002546,504.71853382982704,22.465941641289533
1996,1,M2_precip_oracle,H,662.8175616438356,651.8063076162268,121.24771526052976,11.011254027608743
1996,5,M2_Rar,R,1069.4,582.0546882208225,237505.4529131438,487.34531177917756
1996,5,M2_enso,R,1069.4,648.3398237358828,177291.67203556956,421.06017626411733
1996,5,M2_precip,R,1069.4,538.8267536218494,281507.96977224975,530.5732463781507
1996,5,M2_combo,R,1069.4,539.6867968416844,280596.077600243,529.7132031583157
1996,5,M2_precip_oracle,R,1069.4,815.0534211852946,64692.182154745184,254.34657881470548
1996,5,R_persist,R,1069.4,324.3,555174.0100000002,745.1000000000001
1996,5,R_mean,R,1069.4,668.679365079365,160577.02725119694,400.7206349206351
1996,5,naive_persist,H,674.8342739726028,644.7381147540983,905.7787997055706,30.096159218504454
1996,5,M1,H,674.8342739726028,660.4409569880527,207.1675738177383,14.393316984550097
1996,5,M2_Rar,H,674.8342739726028,633.533050447948,1705.7910646334992,41.3012235246548
1996,5,M2_enso,H,674.8342739726028,637.6166178714691,1385.1539256622534,37.217656101133684
1996,5,M2_precip,H,674.8342739726028,630.869946810265,1932.8620628370716,43.96432716233778
1996,5,M2_combo,H,674.8342739726028,630.9229307024764,1928.2060677868747,43.911343270126395
1996,5,M2_precip_oracle,H,674.8342739726028,643.6642423121452,971.5708737139254,31.17003166045754
1997,1,M2_Rar,R,1142.3,803.4889320955483,114792.93973455495,338.81106790445165
1997,1,M2_enso,R,1142.3,1069.9677072744112,5231.960570940264,72.33229272558879
1997,1,M2_precip,R,1142.3,889.2460911396481,64036.28078950325,253.05390886035184
1997,1,M2_combo,R,1142.3,1125.138209101949,294.5270668284216,17.161790898050867
1997,1,M2_precip_oracle,R,1142.3,964.9058236571001,31468.693800375855,177.39417634289987
1997,1,R_persist,R,1142.3,1134.6,59.2900000000007,7.7000000000000455
1997,1,R_mean,R,1142.3,675.959375,217473.57852539056,466.34062499999993
1997,1,naive_persist,H,667.6309863013698,662.8175616438356,23.169056933758768,4.813424657534256
1997,1,M1,H,667.6309863013698,663.1416870231533,20.15380800939563,4.489299278216549
1997,1,M2_Rar,H,667.6309863013698,663.0655607613254,20.843110361689973,4.56542554004443
1997,1,M2_enso,H,667.6309863013698,668.3230521928341,0.4789551981282309,0.6920658914642672
1997,1,M2_precip,H,667.6309863013698,664.7575061275643,8.256888309253554,2.8734801738055467
1997,1,M2_combo,H,667.6309863013698,669.4115382849651,3.1703653662850635,1.7805519835952737
1997,1,M2_precip_oracle,H,667.6309863013698,666.2502343763854,1.9064758783482691,1.3807519249844518
1997,5,M2_Rar,R,1573.7,803.4889320955483,593225.089122516,770.2110679044517
1997,5,M2_enso,R,1573.7,1069.9677072744112,253746.22273457836,503.7322927255889
1997,5,M2_precip,R,1573.7,889.2460911396481,468477.15335421497,684.4539088603519
1997,5,M2_combo,R,1573.7,1125.138209101949,201207.6802536668,448.56179089805096
1997,5,M2_precip_oracle,R,1573.7,980.7592226358948,351578.7654611494,592.9407773641052
1997,5,R_persist,R,1573.7,1134.6,192808.8100000001,439.10000000000014
1997,5,R_mean,R,1573.7,675.959375,805938.2297753907,897.740625
1997,5,naive_persist,H,681.6906575342466,662.8175616438356,356.19374848865,18.873095890411037
1997,5,M1,H,681.6906575342466,663.6586748164839,325.1524007336938,18.03198271776273
1997,5,M2_Rar,H,681.6906575342466,663.5847068606381,327.82544979514427,18.105950673608504
1997,5,M2_enso,H,681.6906575342466,679.847907491697,3.395727719316539,1.8427500425495964
1997,5,M2_precip,H,681.6906575342466,668.8184665930886,165.69329962563035,12.87219094115801
1997,5,M2_combo,H,681.6906575342466,683.214963421518,2.323508437970064,1.524305887271339
1997,5,M2_precip_oracle,H,681.6906575342466,662.8441645462694,355.1902979458727,18.84649298797717
1998,1,M2_Rar,R,473.5,815.7444899000031,117131.29086691336,342.24448990000315
1998,1,M2_enso,R,473.5,530.478814711794,3246.5853259609557,56.97881471179403
1998,1,M2_precip,R,473.5,825.031410749128,123574.33274327214,351.531410749128
1998,1,M2_combo,R,473.5,692.5366278674373,47977.04434753823,219.03662786743735
1998,1,M2_precip_oracle,R,473.5,167.8719148096984,93408.52645709025,305.6280851903016
1998,1,R_persist,R,473.5,1142.3,447293.43999999994,668.8
1998,1,R_mean,R,473.5,683.1338461538462,43946.34945325446,209.6338461538462
1998,1,naive_persist,H,670.4018082191781,667.6309863013698,7.677454100206503,2.7708219178082345
1998,1,M1,H,670.4018082191781,666.4094309621614,15.939076162343726,3.992377257016642
1998,1,M2_Rar,H,670.4018082191781,664.6898874536912,32.62603883120006,5.711920765486866
1998,1,M2_enso,H,670.4018082191781,659.060627751939,128.62237439048437,11.341180467239042
1998,1,M2_precip,H,670.4018082191781,664.8731499133434,30.566062662675133,5.5286583058347105
1998,1,M2_combo,H,670.4018082191781,662.2585782812106,66.31219382260979,8.143229937967476
1998,1,M2_precip_oracle,H,670.4018082191781,651.9051632613396,342.12587469633235,18.496644957838498
1998,5,M2_Rar,R,669.0,815.7444899000031,21533.945316012127,146.74448990000315
1998,5,M2_enso,R,669.0,530.478814711794,19188.11877364949,138.52118528820597
1998,5,M2_precip,R,669.0,825.031410749128,24345.80114036309,156.03141074912799
1998,5,M2_combo,R,669.0,692.5366278674373,553.9728513702282,23.536627867437346
1998,5,M2_precip_oracle,R,669.0,572.8402108260582,9246.705053976937,96.15978917394182
1998,5,R_persist,R,669.0,1142.3,224012.88999999996,473.29999999999995
1998,5,R_mean,R,669.0,683.1338461538462,199.76560710059323,14.133846153846207
1998,5,naive_persist,H,684.3828219178082,667.6309863013698,280.62399652017314,16.75183561643837
1998,5,M1,H,684.3828219178082,664.4635277299374,396.7782809429447,19.919294187870833
1998,5,M2_Rar,H,684.3828219178082,658.5329532914589,668.2157079995203,25.84986862634935
1998,5,M2_enso,H,684.3828219178082,641.1193289148674,1871.7298268155055,43.26349300294078
1998,5,M2_precip,H,684.3828219178082,659.0998597416481,639.2281764011443,25.28296217616014
1998,5,M2_combo,H,684.3828219178082,651.0119102207759,1113.617747491126,33.370911697032284
1998,5,M2_precip_oracle,H,684.3828219178082,652.0155404426545,1047.64091009183,32.36728147515373
1999,1,M2_Rar,R,614.5,633.8127368585561,372.9818049678333,19.31273685855615
1999,1,M2_enso,R,614.5,525.7263525251902,7880.7604859817975,88.77364747480976
1999,1,M2_precip,R,614.5,456.4713427924471,24973.05649882226,158.0286572075529
1999,1,M2_combo,R,614.5,389.3157756603356,50707.93489145631,225.1842243396644
1999,1,M2_precip_oracle,R,614.5,807.375876767727,37201.10383891943,192.87587676772705
1999,1,R_persist,R,614.5,473.5,19881.0,141.0
1999,1,R_mean,R,614.5,679.9575757575758,4284.694224058774,65.4575757575758
1999,1,naive_persist,H,656.2541256830601,670.4018082191781,200.15692114277658,14.14768253611794
1999,1,M1,H,656.2541256830601,668.3174401033583,145.5235548029741,12.063314420298184
1999,1,M2_Rar,H,656.2541256830601,663.979400508338,59.67987112607238,7.725274825277893
1999,1,M2_enso,H,656.2541256830601,661.8716991253389,31.55713137939541,5.61757344227874
1999,1,M2_precip,H,656.2541256830601,660.5212156144545,18.20805648260718,4.267089931394366
1999,1,M2_combo,H,656.2541256830601,659.2116715623204,8.747077627929212,2.9575458792602376
1999,1,M2_precip_oracle,H,656.2541256830601,667.363908855809,123.42728214549346,11.109783172748848
1999,5,M2_Rar,R,2176.1,633.8127368585561,2378650.0020483253,1542.2872631414439
1999,5,M2_enso,R,2176.1,525.7263525251902,2723733.176279308,1650.3736474748098
1999,5,M2_precip,R,2176.1,456.4713427924471,2957122.718689451,1719.6286572075528
1999,5,M2_combo,R,2176.1,389.3157756603356,3192597.864349096,1786.7842243396644
1999,5,M2_precip_oracle,R,2176.1,1488.4192239786973,472904.8497092609,687.6807760213026
1999,5,R_persist,R,2176.1,473.5,2898846.76,1702.6
1999,5,R_mean,R,2176.1,679.9575757575758,2238442.1536179977,1496.142424242424
1999,5,naive_persist,H,686.4223770491803,670.4018082191781,256.6586256368405,16.020568830002276
1999,5,M1,H,686.4223770491803,664.987031322665,459.4740464152411,21.43534572651538
1999,5,M2_Rar,H,686.4223770491803,650.4456663657111,1294.3237116020514,35.976710683469264
1999,5,M2_enso,H,686.4223770491803,643.8964733406581,1808.4524862265077,42.525903708522264
1999,5,M2_precip,H,686.4223770491803,639.7001591657595,2182.9656439458513,46.72221788342085
1999,5,M2_combo,H,686.4223770491803,635.6310548602755,2579.7584096971345,50.791322188904815
1999,5,M2_precip_oracle,H,686.4223770491803,672.9707388638757,180.94656986834644,13.45163818530466
2000,1,M2_Rar,R,1069.4,669.7171160041321,159746.40775925448,399.682883995868
2000,1,M2_enso,R,1069.4,615.9344002238555,205631.05018033853,453.4655997761446
2000,1,M2_precip,R,1069.4,743.5529876601571,106176.2754508018,325.847012339843
2000,1,M2_combo,R,1069.4,677.2572413505973,153775.9431611638,392.1427586494028
2000,1,M2_precip_oracle,R,1069.4,817.5457914903783,63430.542344008056,251.8542085096218
2000,1,R_persist,R,1069.4,614.5,206934.0100000001,454.9000000000001
2000,1,R_mean,R,1069.4,678.9805970149255,152427.3102272221,390.4194029850746
2000,1,naive_persist,H,674.8342739726028,656.2541256830601,345.2219104613946,18.58014828954265
2000,1,M1,H,674.8342739726028,658.7665998863853,258.1701505409052,16.067674086217494
2000,1,M2_Rar,H,674.8342739726028,654.5182157147151,412.742223137886,20.316058257887676
2000,1,M2_enso,H,674.8342739726028,653.4664649879927,456.5832608027826,21.367808984610065
2000,1,M2_precip,H,674.8342739726028,655.9621169857046,356.15830933812964,18.872156986898176
2000,1,M2_combo,H,674.8342739726028,654.6656670324418,406.77270590671037,20.168606940161
2000,1,M2_precip_oracle,H,674.8342739726028,657.4090871520792,303.63713573014763,17.42518682052355
2000,5,M2_Rar,R,764.0,669.7171160041321,8889.262214578284,94.2828839958679
2000,5,M2_enso,R,764.0,615.9344002238555,21923.4218370694,148.0655997761445
2000,5,M2_precip,R,764.0,743.5529876601571,418.0803136256878,20.4470123398429
2000,5,M2_combo,R,764.0,677.2572413505973,7524.306178108533,86.74275864940273
2000,5,M2_precip_oracle,R,764.0,440.64715429556634,104557.06282515528,323.35284570443366
2000,5,R_persist,R,764.0,614.5,22350.25,149.5
2000,5,R_mean,R,764.0,678.9805970149255,7228.298883938498,85.01940298507452
2000,5,naive_persist,H,686.1332602739726,656.2541256830601,892.762683901863,29.879134590912486
2000,5,M1,H,686.1332602739726,662.716458930659,548.3465851522153,23.416801343313637
2000,5,M2_Rar,H,686.1332602739726,650.8966753319195,1241.6169183785253,35.23658494205313
2000,5,M2_enso,H,686.1332602739726,647.650710735286,1480.9066189974692,38.48254953868661
2000,5,M2_precip,H,686.1332602739726,655.3529141417295,947.429708020696,30.780346132243153
2000,5,M2_combo,H,686.1332602739726,651.3517468093212,1209.7536788917284,34.781513464651425
2000,5,M2_precip_oracle,H,686.1332602739726,660.9744394135801,632.9662670853235,25.158820860392552
2001,1,M2_Rar,R,1573.7,791.9624406141111,611113.6117546062,781.737559385889
2001,1,M2_enso,R,1573.7,670.0973718101295,816497.7096716414,903.6026281898705
2001,1,M2_precip,R,1573.7,755.1364679238264,670046.2560450209,818.5635320761736
2001,1,M2_combo,R,1573.7,730.8397044289808,710413.4778500659,842.8602955710193
2001,1,M2_precip_oracle,R,1573.7,985.4936369639241,345986.72551612795,588.2063630360759
2001,1,R_persist,R,1573.7,1069.4,254318.48999999996,504.29999999999995
2001,1,R_mean,R,1573.7,684.7220588235296,790281.7798983562,888.9779411764705
2001,1,naive_persist,H,681.6906575342466,674.8342739726028,47.00999554437985,6.856383561643838
2001,1,M1,H,681.6906575342466,671.16882639381,110.70893054786083,10.521831140436575
2001,1,M2_Rar,H,681.6906575342466,672.4806530179845,84.8241831895678,9.210004516262075
2001,1,M2_enso,H,681.6906575342466,670.0680680482458,135.08458636009712,11.622589486000834
2001,1,M2_precip,H,681.6906575342466,671.7516025273021,98.78481443106853,9.9390550069445
2001,1,M2_combo,H,681.6906575342466,671.2705950737615,108.57770168041195,10.420062460485155
2001,1,M2_precip_oracle,H,681.6906575342466,676.3120253716172,28.929683940871428,5.378632162629401
2001,5,M2_Rar,R,201.6,791.9624406141111,348527.8112878498,590.362440614111
2001,5,M2_enso,R,201.6,670.0973718101295,219489.78739299873,468.4973718101295
2001,5,M2_precip,R,201.6,755.1364679238264,306402.6213215853,553.5364679238264
2001,5,M2_combo,R,201.6,730.8397044289808,280094.6647440749,529.2397044289808
2001,5,M2_precip_oracle,R,201.6,352.5602737491487,22789.004250417907,150.96027374914868
2001,5,R_persist,R,201.6,1069.4,753076.8400000001,867.8000000000001
2001,5,R_mean,R,201.6,684.7220588235296,233406.92372188592,483.1220588235295
2001,5,naive_persist,H,662.8053150684932,674.8342739726028,144.69585231675697,12.028958904109572
2001,5,M1,H,662.8053150684932,665.5645686783394,7.613480483449038,2.759253609846155
2001,5,M2_Rar,H,662.8053150684932,667.6385359105802,23.36002370838446,4.83322084208703
2001,5,M2_enso,H,662.8053150684932,660.2625268465258,6.465771941776054,2.5427882219673847
2001,5,M2_precip,H,662.8053150684932,665.4096059060926,6.782330766804001,2.6042908375993647
2001,5,M2_combo,H,662.8053150684932,663.9390192193248,1.285285101612778,1.1337041508315906
2001,5,M2_precip_oracle,H,662.8053150684932,660.9962241859281,3.2728098213801773,1.8090908825651013
2002,1,M2_Rar,R,669.0,950.1221519439903,79029.66431361996,281.1221519439903
2002,1,M2_enso,R,669.0,903.8140458327141,55137.63612032796,234.8140458327141
2002,1,M2_precip,R,669.0,845.2481950145807,31063.426245897666,176.2481950145807
2002,1,M2_combo,R,669.0,980.8754018756094,97266.2662950729,311.87540187560944
2002,1,M2_precip_oracle,R,669.0,586.2702909193232,6844.204764573417,82.7297090806768
2002,1,R_persist,R,669.0,1573.7,818482.0900000001,904.7
2002,1,R_mean,R,669.0,697.6057971014493,818.291627809285,28.605797101449298
2002,1,naive_persist,H,684.3828219178082,681.6906575342466,7.247749068117554,2.6921643835615896
2002,1,M1,H,684.3828219178082,675.922559484753,71.57604043616448,8.460262433055163
2002,1,M2_Rar,H,684.3828219178082,680.3563921214777,16.21213690477799,4.02642979633049
2002,1,M2_enso,H,684.3828219178082,679.4566024785304,24.267637963918634,4.926219439277816
2002,1,M2_precip,H,684.3828219178082,678.3186387304573,36.77431772974888,6.064183187350864
2002,1,M2_combo,H,684.3828219178082,680.9539431357418,11.757209702104904,3.428878782066363
2002,1,M2_precip_oracle,H,684.3828219178082,673.286568636786,123.12683687659595,11.0962532810222
2002,5,M2_Rar,R,2162.3,950.1221519439903,1469375.135317699,1212.17784805601
2002,5,M2_enso,R,2162.3,903.8140458327141,1583786.8968363444,1258.485954167286
2002,5,M2_precip,R,2162.3,845.2481950145807,1734625.4570153514,1317.0518049854195
2002,5,M2_combo,R,2162.3,980.8754018756094,1395764.081053378,1181.4245981243907
2002,5,M2_precip_oracle,R,2162.3,1439.2495731284184,522801.91979917657,723.0504268715817
2002,5,R_persist,R,2162.3,1573.7,346449.96000000014,588.6000000000001
2002,5,R_mean,R,2162.3,697.6057971014493,2145329.108004621,1464.6942028985509
2002,5,naive_persist,H,683.9337260273973,681.6906575342466,5.031356264965105,2.243068493150645
2002,5,M1,H,683.9337260273973,666.8882421594647,290.54852029195064,17.045483867932603
2002,5,M2_Rar,H,683.9337260273973,677.6614048456112,39.342013007482365,6.272321181786083
2002,5,M2_enso,H,683.9337260273973,674.9441944590153,80.81167781893562,8.989531568381949
2002,5,M2_precip,H,683.9337260273973,671.5077391274053,154.40515043877096,12.425986899991926
2002,5,M2_combo,H,683.9337260273973,679.4659064146236,19.96141209228453,4.46781961277361
2002,5,M2_precip_oracle,H,683.9337260273973,675.4783560458144,71.49328152545257,8.455369981582862
2003,1,M2_Rar,R,2176.1,697.266029559139,2186949.912129881,1478.8339704408609
2003,1,M2_enso,R,2176.1,772.821215907433,1969191.3458843129,1403.2787840925669
2003,1,M2_precip,R,2176.1,654.6234905715561,2314890.768742562,1521.476509428444
2003,1,M2_combo,R,2176.1,710.0216296131475,2149385.7881161687,1466.0783703868524
2003,1,M2_precip_oracle,R,2176.1,1515.9649657370728,435778.26346131595,660.1350342629271
2003,1,R_persist,R,2176.1,669.0,2271350.4099999997,1507.1
2003,1,R_mean,R,2176.1,697.1971428571429,2187153.660865306,1478.902857142857
2003,1,naive_persist,H,686.4223770491803,684.3828219178082,4.159785133906427,2.03955513137214
2003,1,M1,H,686.4223770491803,678.0191819872016,70.61368724966404,8.40319506197875
2003,1,M2_Rar,H,686.4223770491803,678.0913659318605,69.40574623690617,8.331011117319804
2003,1,M2_enso,H,686.4223770491803,679.5600175312794,47.09197815292544,6.862359517900927
2003,1,M2_precip,H,686.4223770491803,677.2624746788008,83.90381143488473,9.159902370379541
2003,1,M2_combo,H,686.4223770491803,678.339310954913,65.33595748429423,8.083066094267338
2003,1,M2_precip_oracle,H,686.4223770491803,694.0053429885453,57.50137243756901,7.582965939364954
2003,5,M2_Rar,R,212.9,697.266029559139,234610.45059088478,484.36602955913906
2003,5,M2_enso,R,212.9,772.821215907433,313511.76802325825,559.9212159074331
2003,5,M2_precip,R,212.9,654.6234905715561,195119.6421227196,441.7234905715561
2003,5,M2_combo,R,212.9,710.0216296131475,247129.91462923147,497.12162961314755
2003,5,M2_precip_oracle,R,212.9,98.25788699702252,13142.814073787458,114.64211300297748
2003,5,R_persist,R,212.9,669.0,208027.21000000002,456.1
2003,5,R_mean,R,212.9,697.1971428571429,234543.7225795919,484.29714285714294
2003,5,naive_persist,H,674.1868579234973,684.3828219178082,103.95768177328401,10.195963994310887
2003,5,M1,H,674.1868579234973,667.7413416818006,41.54467962197643,6.445516241696737
2003,5,M2_Rar,H,674.1868579234973,664.9710118882883,84.93181814467714,9.215846035208983
2003,5,M2_enso,H,674.1868579234973,669.5024249524736,21.943912260014294,4.684432971023739
2003,5,M2_precip,H,674.1868579234973,662.4135308258021,138.61123094932378,11.773327097695187
2003,5,M2_combo,H,674.1868579234973,665.7360274420821,71.41653582561642,8.45083048141521
2003,5,M2_precip_oracle,H,674.1868579234973,663.5429738447233,113.29226828237911,10.643884078774022
2004,1,M2_Rar,R,764.0,1106.0552058788844,117001.763868846,342.0552058788844
2004,1,M2_enso,R,764.0,853.9786220356535,8096.1524234349945,89.97862203565353
2004,1,M2_precip,R,764.0,1078.5252746094843,98926.14836817152,314.5252746094843
2004,1,M2_combo,R,764.0,1117.3199238528418,124834.96859137795,353.31992385284184
2004,1,M2_precip_oracle,R,764.0,442.46690023855786,103383.53424220151,321.53309976144214
2004,1,R_persist,R,764.0,2176.1,1994026.4099999997,1412.1
2004,1,R_mean,R,764.0,718.0267605633803,2113.538744296763,45.97323943661968
2004,1,naive_persist,H,686.1332602739726,686.4223770491803,0.08358850970651756,0.2891167752077308
2004,1,M1,H,686.1332602739726,679.7444262485931,40.81720020384731,6.388834025379538
2004,1,M2_Rar,H,686.1332602739726,687.0829052977815,0.9018256712450029,0.9496450238088983
2004,1,M2_enso,H,686.1332602739726,682.659425382398,12.067528853921095,3.4738348915745973
2004,1,M2_precip,H,686.1332602739726,686.5998056929495,0.21766462796835048,0.4665454189769207
2004,1,M2_combo,H,686.1332602739726,687.2805803572835,1.3163433735685022,1.1473200833108876
2004,1,M2_precip_oracle,H,686.1332602739726,675.4381523527443,114.38533344672092,10.695107921228328
2004,5,M2_Rar,R,211.0,1106.0552058788844,801123.8215708921,895.0552058788844
2004,5,M2_enso,R,211.0,853.9786220356535,413421.5083948678,642.9786220356535
2004,5,M2_precip,R,211.0,1078.5252746094843,752600.1020862611,867.5252746094843
2004,5,M2_combo,R,211.0,1117.3199238528418,821415.804372621,906.3199238528418
2004,5,M2_precip_oracle,R,211.0,712.7326751774465,251735.67734071703,501.7326751774465
2004,5,R_persist,R,211.0,2176.1,3861618.01,1965.1
2004,5,R_mean,R,211.0,718.0267605633803,257076.1359273954,507.0267605633803
2004,5,naive_persist,H,658.7887123287671,686.4223770491803,763.6194258802095,27.633664720413208
2004,5,M1,H,658.7887123287671,668.5901797919491,96.06876443181552,9.801467463182007
2004,5,M2_Rar,H,658.7887123287671,688.333051587569,872.8679822391814,29.54433925880187
2004,5,M2_enso,H,658.7887123287671,675.5374891520553,280.5215250763144,16.748776823288154
2004,5,M2_precip,H,658.7887123287671,686.9356153440581,792.2481493521946,28.146903015290945
2004,5,M2_combo,H,658.7887123287671,688.9048556002888,906.9820855508187,30.11614327152165
2004,5,M2_precip_oracle,H,658.7887123287671,663.6523914592622,23.655374684412884,4.863679130495029
2005,1,M2_Rar,R,201.6,736.7990266791294,286437.99815828743,535.1990266791294
2005,1,M2_enso,R,201.6,706.8885491921558,255316.51794471362,505.28854919215576
2005,1,M2_precip,R,201.6,621.089723419633,175971.62805468013,419.4897234196329
2005,1,M2_combo,R,201.6,633.3233984982897,186385.09281091308,431.7233984982897
2005,1,M2_precip_oracle,R,201.6,352.1203033833501,22656.361730615765,150.52030338335013
2005,1,R_persist,R,201.6,764.0,316293.75999999995,562.4
2005,1,R_mean,R,201.6,718.6652777777778,267356.5014834105,517.0652777777777
2005,1,naive_persist,H,662.8053150684932,686.1332602739726,544.1930275098498,23.32794520547941
2005,1,M1,H,662.8053150684932,679.826157075533,289.70906262861223,17.020842007039846
2005,1,M2_Rar,H,662.8053150684932,678.8144237560268,256.2915609692646,16.009108687533626
2005,1,M2_enso,H,662.8053150684932,678.2890229065919,239.74520841559809,15.483707838098667
2005,1,M2_precip,H,662.8053150684932,676.7818996598621,195.34491683969108,13.976584591368919
2005,1,M2_combo,H,662.8053150684932,676.9967936976064,201.39806568057804,14.191478629113249
2005,1,M2_precip_oracle,H,662.8053150684932,672.057242160809,85.59815492152676,9.251927092315782
2005,5,M2_Rar,R,813.5,736.7990266791294,5883.039308368906,76.70097332087062
2005,5,M2_enso,R,813.5,706.8885491921558,11366.001443353389,106.61145080784422
2005,5,M2_precip,R,813.5,621.089723419633,37021.71453373335,192.41027658036705
2005,5,M2_combo,R,813.5,633.3233984982897,32463.607728706098,180.17660150171025
2005,5,M2_precip_oracle,R,813.5,767.5172387384478,2114.4143332369094,45.98276126155224
2005,5,R_persist,R,813.5,764.0,2450.25,49.5
2005,5,R_mean,R,813.5,718.6652777777778,8993.624538966053,94.83472222222224
2005,5,naive_persist,H,676.1254520547946,686.1332602739726,100.15622535184792,10.00780821917806
2005,5,M1,H,676.1254520547946,669.0051385599888,50.69886426431236,7.120313494805714
2005,5,M2_Rar,H,676.1254520547946,664.5603097967456,133.75251544890892,11.565142258048922
2005,5,M2_enso,H,676.1254520547946,663.011641988992,171.97201444194474,13.113810065802568
2005,5,M2_precip,H,676.1254520547946,658.5692562238426,308.2200120547361,17.556195830951992
2005,5,M2_combo,H,676.1254520547946,659.2026763614208,286.38033716824145,16.92277569337375
2005,5,M2_precip_oracle,H,676.1254520547946,661.9292423425684,201.53237019350448,14.196209712226164
2006,1,M2_Rar,R,2162.3,601.1133865496952,2437303.6420164322,1561.186613450305
2006,1,M2_enso,R,2162.3,865.1276622506699,1682656.073822063,1297.1723377493304
2006,1,M2_precip,R,2162.3,573.8698987930214,2523110.1864204123,1588.4301012069786
2006,1,M2_combo,R,2162.3,711.8064947312203,2103931.4088269123,1450.49350526878
2006,1,M2_precip_oracle,R,2162.3,1490.8607942425492,450830.60702819657,671.439205757451
2006,1,R_persist,R,2162.3,201.6,3844344.490000001,1960.7000000000003
2006,1,R_mean,R,2162.3,711.582191780822,2104582.159084256,1450.717808219178
2006,1,naive_persist,H,683.9337260273973,662.8053150684932,446.40974964833697,21.128410958904055
2006,1,M1,H,683.9337260273973,663.5785104604726,414.3348007759736,20.3552155669247
2006,1,M2_Rar,H,683.9337260273973,657.429118613601,702.4942141594654,26.504607413796293
2006,1,M2_enso,H,683.9337260273973,662.1054013397722,476.4757586683796,21.828324687625013
2006,1,M2_precip,H,683.9337260273973,656.9465755736122,728.3062896152297,26.987150453785034
2006,1,M2_combo,H,683.9337260273973,659.389740887988,602.4072065235446,24.5439851394093
2006,1,M2_precip_oracle,H,683.9337260273973,673.1885332217798,115.45916842989239,10.745192805617421
2006,5,M2_Rar,R,112.0,601.1133865496952,239231.90490211154,489.1133865496952
2006,5,M2_enso,R,112.0,865.1276622506699,567201.2756471591,753.1276622506699
2006,5,M2_precip,R,112.0,573.8698987930214,213323.80341107587,461.86989879302143
2006,5,M2_combo,R,112.0,711.8064947312203,359767.8311217534,599.8064947312203
2006,5,M2_precip_oracle,R,112.0,-163.73495130472406,76029.76337101855,275.73495130472406
2006,5,R_persist,R,112.0,201.6,8028.159999999999,89.6
2006,5,R_mean,R,112.0,711.582191780822,359498.8047006944,599.582191780822
2006,5,naive_persist,H,653.7108767123287,662.8053150684932,82.70880901407533,9.09443835616446
2006,5,M1,H,653.7108767123287,664.8180645233462,123.36962106921375,11.107187811017411
2006,5,M2_Rar,H,653.7108767123287,647.1351063678082,43.24075562387516,6.5757703445204925
2006,5,M2_enso,H,653.7108767123287,660.7652493280474,49.76417300140117,7.054372615718648
2006,5,M2_precip,H,653.7108767123287,645.7286194198089,63.71643148398673,7.982257292519876
2006,5,M2_combo,H,653.7108767123287,652.8498082914887,0.7414388253680116,0.8610684208400698
2006,5,M2_precip_oracle,H,653.7108767123287,637.598634147095,259.6043604809291,16.112242565233714
2007,1,M2_Rar,R,212.9,1005.7834405951509,628664.1503700041,792.8834405951509
2007,1,M2_enso,R,212.9,506.8664971807549,86416.30146472278,293.9664971807549
2007,1,M2_precip,R,212.9,1002.8809997658068,624069.9799909836,789.9809997658068
2007,1,M2_combo,R,212.9,698.2711888580577,235585.19097348434,485.37118885805774
2007,1,M2_precip_oracle,R,212.9,56.12383741271651,24578.76515559435,156.7761625872835
2007,1,R_persist,R,212.9,2162.3,3800160.3600000003,1949.4
2007,1,R_mean,R,212.9,731.1864864864865,268620.88207450695,518.2864864864865
2007,1,naive_persist,H,674.1868579234973,683.9337260273973,95.00143783482206,9.746868103899942
2007,1,M1,H,674.1868579234973,677.8723458842695,13.58282150899688,3.685487960772207
2007,1,M2_Rar,H,674.1868579234973,683.4467044240007,85.7447572128848,9.259846500503386
2007,1,M2_enso,H,674.1868579234973,674.7841505469544,0.35675847803622324,0.597292623457065
2007,1,M2_precip,H,674.1868579234973,683.3963101642125,84.81401057401463,9.209452240715223
2007,1,M2_combo,H,674.1868579234973,678.1074561108564,15.371090146723716,3.9205981873591327
2007,1,M2_precip_oracle,H,674.1868579234973,666.9580331411148,52.25590773438744,7.228824782382503
2007,5,M2_Rar,R,313.5,1005.7834405951509,479256.3621222598,692.2834405951509
2007,5,M2_enso,R,313.5,506.8664971807549,37390.60223195489,193.3664971807549
2007,5,M2_precip,R,313.5,1002.8809997658068,475246.1628381033,689.3809997658068
2007,5,M2_combo,R,313.5,698.2711888580577,148048.86777524312,384.7711888580577
2007,5,M2_precip_oracle,R,313.5,512.8731577523897,39749.65603215928,199.37315775238972
2007,5,R_persist,R,313.5,2162.3,3418061.440000001,1848.8000000000002
2007,5,R_mean,R,313.5,731.1864864864865,174462.00099342587,417.6864864864865
2007,5,naive_persist,H,651.5640163934426,683.9337260273973,1047.7981017865397,32.3697096339547
2007,5,M1,H,651.5640163934426,668.25426644868,278.56444690635436,16.69025005523747
2007,5,M2_Rar,H,651.5640163934426,682.5152415563678,957.9783390860939,30.951225162925198
2007,5,M2_enso,H,651.5640163934426,657.2849477288485,32.72905534442922,5.720931335405908
2007,5,M2_precip,H,651.5640163934426,682.3684647513146,948.9140386328058,30.804448357872047
2007,5,M2_combo,H,651.5640163934426,666.9643075395918,237.16896738616276,15.400291146149243
2007,5,M2_precip_oracle,H,651.5640163934426,650.2728054605293,1.6672256732747288,1.291210932913259
2008,1,M2_Rar,R,211.0,665.3055239353482,206393.50907817125,454.3055239353482
2008,1,M2_enso,R,211.0,691.9077032251953,231272.2190213325,480.9077032251953
2008,1,M2_precip,R,211.0,548.1917224937371,113698.25771829339,337.1917224937371
2008,1,M2_combo,R,211.0,565.2235732691938,125474.33985959593,354.2235732691938
2008,1,M2_precip_oracle,R,211.0,725.9945956700071,265219.43356931413,514.9945956700071
2008,1,R_persist,R,211.0,212.9,3.6100000000000216,1.9000000000000057
2008,1,R_mean,R,211.0,724.2760000000001,263452.2521760001,513.2760000000001
2008,1,naive_persist,H,658.7887123287671,674.1868579234973,237.1028877565085,15.398145594730181
2008,1,M1,H,658.7887123287671,671.3251670954274,157.1626981165201,12.536454766660313
2008,1,M2_Rar,H,658.7887123287671,667.7867597576178,80.96485753184612,8.998047428850668
2008,1,M2_enso,H,658.7887123287671,668.243607053876,89.39503426289076,9.45489472510883
2008,1,M2_precip,H,658.7887123287671,665.7755289121984,48.81560597051031,6.986816583431278
2008,1,M2_combo,H,658.7887123287671,666.0680220531649,52.988350063711835,7.279309724397763
2008,1,M2_precip_oracle,H,658.7887123287671,668.828991600066,100.80720784567465,10.040279271298914
2008,5,M2_Rar,R,182.7,665.3055239353482,232908.09173291197,482.60552393534823
2008,5,M2_enso,R,182.7,691.9077032251953,259292.48502387857,509.2077032251953
2008,5,M2_precip,R,182.7,548.1917224937371,133584.1992114389,365.4917224937371
2008,5,M2_combo,R,182.7,565.2235732691938,146324.28410663232,382.52357326919383
2008,5,M2_precip_oracle,R,182.7,602.930870014138,176593.98411283936,420.230870014138
2008,5,R_persist,R,182.7,212.9,912.040000000001,30.200000000000017
2008,5,R_mean,R,182.7,724.2760000000001,293304.563776,541.576
2008,5,naive_persist,H,644.4093150684931,674.1868579234973,886.7020584816108,29.777542855004185
2008,5,M1,H,644.4093150684931,666.8422265020378,503.2355153852575,22.432911433544632
2008,5,M2_Rar,H,644.4093150684931,655.274712364287,118.05685839544442,10.865397295793855
2008,5,M2_enso,H,644.4093150684931,656.6246858086363,149.2152823191456,12.215370740143157
2008,5,M2_precip,H,644.4093150684931,649.3315706317853,24.22859983036098,4.922255563292197
2008,5,M2_combo,H,644.4093150684931,650.1958812585378,33.484348271768546,5.786566190044709
2008,5,M2_precip_oracle,H,644.4093150684931,645.5358488151667,1.2690782823943338,1.1265337466735446
2009,1,M2_Rar,R,813.5,653.1863661300089,25700.461204601565,160.31363386999112
2009,1,M2_enso,R,813.5,949.1869650079688,18410.952473073736,135.68696500796875
2009,1,M2_precip,R,813.5,725.196397506536,7797.526213323708,88.30360249346404
2009,1,M2_combo,R,813.5,963.2725800218141,22431.825726390696,149.77258002181406
2009,1,M2_precip_oracle,R,813.5,771.693087913387,1747.817898217789,41.80691208661301
2009,1,R_persist,R,813.5,211.0,363006.25,602.5
2009,1,R_mean,R,813.5,717.5223684210526,9211.705763504153,95.97763157894735
2009,1,naive_persist,H,676.1254520547946,658.7887123287671,300.5625443280172,17.336739726027417
2009,1,M1,H,676.1254520547946,661.061645211635,226.91827660802105,15.063806843159568
2009,1,M2_Rar,H,676.1254520547946,657.1110730671088,361.5466082873452,19.014378987685745
2009,1,M2_enso,H,676.1254520547946,662.2100665000658,193.63795513675495,13.9153855547288
2009,1,M2_precip,H,676.1254520547946,658.3515390610554,315.9119831090092,17.773912993739145
2009,1,M2_combo,H,676.1254520547946,662.4527094498673,186.94389034059398,13.672742604927294
2009,1,M2_precip_oracle,H,676.1254520547946,659.1525047345624,288.08094073537575,16.97294732023215
2009,5,M2_Rar,R,107.2,653.1863661300089,298101.11199985206,545.9863661300088
2009,5,M2_enso,R,107.2,949.1869650079688,708942.0492433304,841.9869650079687
2009,5,M2_precip,R,107.2,725.196397506536,381919.5473310563,617.9963975065359
2009,5,M2_combo,R,107.2,963.2725800218141,732860.2622652052,856.072580021814
2009,5,M2_precip_oracle,R,107.2,390.2530514642383,80119.02994321674,283.0530514642383
2009,5,R_persist,R,107.2,211.0,10774.439999999999,103.8
2009,5,R_mean,R,107.2,717.5223684210526,372493.3933950831,610.3223684210526
2009,5,naive_persist,H,636.3630410958905,658.7887123287671,502.9107302450714,22.425671232876653
2009,5,M1,H,636.3630410958905,664.5514096152878,794.5841197853472,28.188368519397272
2009,5,M2_Rar,H,636.3630410958905,653.8389595352672,305.4077252997485,17.475918439376755
2009,5,M2_enso,H,636.3630410958905,668.8831693160209,1057.5587394537254,32.52012822013046
2009,5,M2_precip,H,636.3630410958905,657.4988643545605,446.723024821737,21.13582325867003
2009,5,M2_combo,H,636.3630410958905,669.5990697160963,1104.6335984431419,33.23602862020584
2009,5,M2_precip_oracle,H,636.3630410958905,642.124032547469,33.1890225051611,5.760991451578548
2010,1,M2_Rar,R,112.0,738.858988132999,392952.1910031274,626.858988132999
2010,1,M2_enso,R,112.0,439.06764924081347,106973.24717991179,327.06764924081347
2010,1,M2_precip,R,112.0,741.679649771711,396496.4613366246,629.679649771711
2010,1,M2_combo,R,112.0,487.2116490913253,140783.78161383182,375.2116490913253
2010,1,M2_precip_oracle,R,112.0,-192.42189248807222,92672.6886260194,304.4218924880722
2010,1,R_persist,R,112.0,813.5,492102.25,701.5
2010,1,R_mean,R,112.0,718.7688311688312,368168.41447798954,606.7688311688312
2010,1,naive_persist,H,653.7108767123287,676.1254520547946,502.41318778307624,22.41457534246581
2010,1,M1,H,653.7108767123287,672.4972250577844,352.92688415680317,18.78634834545562
2010,1,M2_Rar,H,653.7108767123287,672.0814820162637,337.47913923296505,18.370605303935008
2010,1,M2_enso,H,653.7108767123287,666.9095593663423,174.2052238013571,13.19868265401351
2010,1,M2_precip,H,653.7108767123287,672.1301433414071,339.2693831530804,18.41926662907838
2010,1,M2_combo,H,653.7108767123287,667.7401272013063,196.8198692824781,14.029250488977596
2010,1,M2_precip_oracle,H,653.7108767123287,656.015265101121,5.310205846400727,2.3043883887922902
2010,5,M2_Rar,R,1358.1,738.858988132999,383459.43077806715,619.2410118670009
2010,5,M2_enso,R,1358.1,439.06764924081347,844620.4617419563,919.0323507591864
2010,5,M2_precip,R,1358.1,741.679649771711,379974.0481755664,616.420350228289
2010,5,M2_combo,R,1358.1,487.2116490913253,758446.5197484308,870.8883509086746
2010,5,M2_precip_oracle,R,1358.1,1422.3143378810983,4123.481189507862,64.21433788109834
2010,5,R_persist,R,1358.1,813.5,296589.1599999999,544.5999999999999
2010,5,R_mean,R,1358.1,718.7688311688312,408744.34343902837,639.3311688311687
2010,5,naive_persist,H,652.8855342465754,676.1254520547946,540.0937797327821,23.23991780821916
2010,5,M1,H,652.8855342465754,667.0357471529934,200.2285252969587,14.150212906418005
2010,5,M2_Rar,H,652.8855342465754,664.3500655912131,131.43547895218143,11.464531344637749
2010,5,M2_enso,H,652.8855342465754,649.2902636188173,12.925970886819796,3.5952706277580546
2010,5,M2_precip,H,652.8855342465754,664.4917594969378,134.70446456214975,11.6062252503624
2010,5,M2_combo,H,652.8855342465754,651.7087427736421,1.3848381707683988,1.176791472933246
2010,5,M2_precip_oracle,H,652.8855342465754,664.5290274407042,135.57093376172455,11.643493194128837
2011,1,M2_Rar,R,313.5,637.4669061760271,104954.55629726675,323.9669061760271
2011,1,M2_enso,R,313.5,556.0810413413935,58845.56161827488,242.58104134139353
2011,1,M2_precip,R,313.5,454.3630287032847,19842.392855462418,140.86302870328473
2011,1,M2_combo,R,313.5,377.27677062849904,4067.4764718001775,63.77677062849904
2011,1,M2_precip_oracle,R,313.5,518.4060164177217,41986.475564179644,204.90601641772173
2011,1,R_persist,R,313.5,112.0,40602.25,201.5
2011,1,R_mean,R,313.5,710.9897435897436,157998.09625904015,397.4897435897436
2011,1,naive_persist,H,651.5640163934426,653.7108767123287,4.609009228808086,2.1468603188861834
2011,1,M1,H,651.5640163934426,657.9272111619196,40.49024766157308,6.363194768477001
2011,1,M2_Rar,H,651.5640163934426,652.5208969012094,0.9156203061441801,0.9568805077668685
2011,1,M2_enso,H,651.5640163934426,651.1020933541827,0.21337289419909067,0.46192303925988654
2011,1,M2_precip,H,651.5640163934426,649.3288385338192,4.9960200641505415,2.235177859623377
2011,1,M2_combo,H,651.5640163934426,647.9849902303606,12.809428276025095,3.5790261630819487
2011,1,M2_precip_oracle,H,651.5640163934426,650.4453029016313,1.2515198767605495,1.1187134918112633
2011,5,M2_Rar,R,1221.1,637.4669061760271,340627.58820654225,583.6330938239728
2011,5,M2_enso,R,1221.1,556.0810413413935,442250.2153753772,665.0189586586064
2011,5,M2_precip,R,1221.1,454.3630287032847,587885.5831532598,766.7369712967152
2011,5,M2_combo,R,1221.1,377.27677062849904,712037.6424269486,843.8232293715009
2011,5,M2_precip_oracle,R,1221.1,1127.0823487202917,8839.318752152809,94.01765127970816
2011,5,R_persist,R,1221.1,112.0,1230102.8099999998,1109.1
2011,5,R_mean,R,1221.1,710.9897435897436,260212.47369493742,510.1102564102563
2011,5,naive_persist,H,672.3051639344262,653.7108767123287,345.74751729785754,18.594287222097478
2011,5,M1,H,672.3051639344262,664.0436557568164,68.2525173687138,8.261508177609812
2011,5,M2_Rar,H,672.3051639344262,650.264571309918,485.7877232395268,22.040592624508236
2011,5,M2_enso,H,672.3051639344262,646.1555685492083,683.8013388106111,26.149595385217935
2011,5,M2_precip,H,672.3051639344262,641.0200380047688,978.7591044345216,31.285125929657397
2011,5,M2_combo,H,672.3051639344262,637.1281134318019,1237.4248820641803,35.1770505026243
2011,5,M2_precip_oracle,H,672.3051639344262,665.6063587684973,44.873990651075566,6.6988051659288885
2012,1,M2_Rar,R,182.7,656.3701540091547,224363.41479905634,473.6701540091547
2012,1,M2_enso,R,182.7,805.6932759048325,388120.62182263465,622.9932759048324
2012,1,M2_precip,R,182.7,653.9520236646116,222078.46980799167,471.2520236646116
2012,1,M2_combo,R,182.7,770.4508664759103,345451.0810431833,587.7508664759102
2012,1,M2_precip_oracle,R,182.7,599.9523238275203,174099.5017394659,417.25232382752034
2012,1,R_persist,R,182.7,313.5,17108.640000000003,130.8
2012,1,R_mean,R,182.7,705.9582278481013,273799.17301073554,523.2582278481013
2012,1,naive_persist,H,644.4093150684931,651.5640163934426,51.18975104923311,7.1547013249494285
2012,1,M1,H,644.4093150684931,656.419625033848,144.24754546390201,12.01030996535485
2012,1,M2_Rar,H,644.4093150684931,652.5390671348351,66.09286866019214,8.129752066342007
2012,1,M2_enso,H,644.4093150684931,655.1299693090713,114.9324273460261,10.720654240578142
2012,1,M2_precip,H,644.4093150684931,652.4971102088901,65.41243023302965,8.08779514039702
2012,1,M2_combo,H,644.4093150684931,654.5184790451689,102.19519630731857,10.109163976675745
2012,1,M2_precip_oracle,H,644.4093150684931,651.5601626153771,51.134620638776035,7.150847546883938
2012,5,M2_Rar,R,486.6,656.3701540091547,28821.9051922921,169.77015400915468
2012,5,M2_enso,R,486.6,805.6932759048325,101820.51872767754,319.09327590483247
2012,5,M2_precip,R,486.6,653.9520236646116,28006.699824640713,167.35202366461158
2012,5,M2_combo,R,486.6,770.4508664759103,80571.31439912504,283.85086647591027
2012,5,M2_precip_oracle,R,486.6,810.7008846685524,105041.38344293827,324.10088466855234
2012,5,R_persist,R,486.6,313.5,29963.610000000008,173.10000000000002
2012,5,R_mean,R,486.6,705.9582278481013,48118.032124659505,219.35822784810125
2012,5,naive_persist,H,670.4196438356165,651.5640163934426,355.5346862380635,18.855627442173954
2012,5,M1,H,670.4196438356165,663.5656494832599,46.97723858213628,6.853994352356608
2012,5,M2_Rar,H,670.4196438356165,654.3715362765745,257.54175622658175,16.048107559042023
2012,5,M2_enso,H,670.4196438356165,661.8316704630566,73.7532866477974,8.587973372559873
2012,5,M2_precip,H,670.4196438356165,654.2507272777963,261.43386265375347,16.16891655782024
2012,5,M2_combo,H,670.4196438356165,660.0709712487824,107.09502430949243,10.348672586834141
2012,5,M2_precip_oracle,H,670.4196438356165,667.7588680371864,7.079727849511383,2.660775798430109
2013,1,M2_Rar,R,107.2,627.265498058065,270468.1222703831,520.0654980580649
2013,1,M2_enso,R,107.2,706.9934551100122,359752.1887928061,599.7934551100121
2013,1,M2_precip,R,107.2,673.0120019310913,320143.2215292692,565.8120019310912
2013,1,M2_combo,R,107.2,712.3298354653143,366182.1177702783,605.1298354653143
2013,1,M2_precip_oracle,R,107.2,391.3850134845354,80761.12188920559,284.18501348453543
2013,1,R_persist,R,107.2,182.7,5700.249999999998,75.49999999999999
2013,1,R_mean,R,107.2,699.4175,350721.56730625,592.2175
2013,1,naive_persist,H,636.3630410958905,644.4093150684931,64.7425248421828,8.046273972602648
2013,1,M1,H,636.3630410958905,651.4874414328942,228.7474855539591,15.124400337003749
2013,1,M2_Rar,H,636.3630410958905,647.6115349634741,126.52861428906692,11.248493867583647
2013,1,M2_enso,H,636.3630410958905,648.9963790246002,159.60122722097492,12.633337928709693
2013,1,M2_precip,H,636.3630410958905,648.4061342050496,145.03609163587646,12.043093109159145
2013,1,M2_combo,H,636.3630410958905,649.0890699063964,161.95180928582644,12.726028810505909
2013,1,M2_precip_oracle,H,636.3630410958905,643.5143813391265,51.14166727452764,7.1513402432360635
2013,5,M2_Rar,R,1105.0,627.265498058065,228230.25434570873,477.73450194193504
2013,5,M2_enso,R,1105.0,706.9934551100122,158409.2097752659,398.0065448899878
2013,5,M2_precip,R,1105.0,673.0120019310913,186613.6304755835,431.9879980689087
2013,5,M2_combo,R,1105.0,712.3298354653143,154189.85811569713,392.6701645346857
2013,5,M2_precip_oracle,R,1105.0,1096.876821139282,65.9860348032174,8.123178860718099
2013,5,R_persist,R,1105.0,182.7,850637.2899999999,922.3
2013,5,R_mean,R,1105.0,699.4175,164497.16430625,405.5825
2013,5,naive_persist,H,664.307698630137,644.4093150684931,395.9456683662989,19.89838356164387
2013,5,M1,H,664.307698630137,662.2337469158565,4.301275713167013,2.073951714280497
2013,5,M2_Rar,H,664.307698630137,653.6408617694974,113.7814086114995,10.666836860639592
2013,5,M2_enso,H,664.307698630137,657.6331711808315,44.549316671532786,6.674527449305515
2013,5,M2_precip,H,664.307698630137,655.9315789119036,70.15938153417905,8.37611971823344
2013,5,M2_combo,H,664.307698630137,657.9003858731767,41.053656765506496,6.407312756960323
2013,5,M2_precip_oracle,H,664.307698630137,672.4612895227085,66.48104444342515,8.153590892571515
2014,1,M2_Rar,R,1358.1,602.0205884835793,571656.0765190169,756.0794115164206
2014,1,M2_enso,R,1358.1,837.6507793392188,270867.3912864144,520.4492206607811
2014,1,M2_precip,R,1358.1,601.571168365273,572335.8730946049,756.5288316347269
2014,1,M2_combo,R,1358.1,761.3019515726535,356167.91060668934,596.7980484273464
2014,1,M2_precip_oracle,R,1358.1,1409.4029687507436,2631.994602639788,51.30296875074373
2014,1,R_persist,R,1358.1,107.2,1564750.8099999996,1250.8999999999999
2014,1,R_mean,R,1358.1,692.1061728395061,443547.77781588165,665.9938271604938
2014,1,naive_persist,H,652.8855342465754,636.3630410958905,272.9927799144297,16.52249315068491
2014,1,M1,H,652.8855342465754,645.544953494689,53.88412577496457,7.340580751886364
2014,1,M2_Rar,H,652.8855342465754,641.8379245802053,122.04967934047485,11.047609666370136
2014,1,M2_enso,H,652.8855342465754,645.9512186954105,48.08473216312737,6.9343155511649
2014,1,M2_precip,H,652.8855342465754,641.8300792479872,122.22308522580826,11.055454998588175
2014,1,M2_combo,H,652.8855342465754,644.6184303001091,68.34500766167784,8.26710394646625
2014,1,M2_precip_oracle,H,652.8855342465754,655.9320488578022,9.281251276418537,3.0465146112268258
2014,5,M2_Rar,R,492.0,602.0205884835793,12104.529890273108,110.02058848357933
2014,5,M2_enso,R,492.0,837.6507793392188,119474.46125780935,345.65077933921884
2014,5,M2_precip,R,492.0,601.571168365273,12005.840936931008,109.57116836527302
2014,5,M2_combo,R,492.0,761.3019515726535,72523.5411208398,269.3019515726535
2014,5,M2_precip_oracle,R,492.0,343.8289424888942,21954.662283959424,148.1710575111058
2014,5,R_persist,R,492.0,107.2,148071.04,384.8
2014,5,R_mean,R,492.0,692.1061728395061,40042.48040847431,200.10617283950614
2014,5,naive_persist,H,677.7332328767123,636.3630410958905,1711.4927679819814,41.37019178082187
2014,5,M1,H,677.7332328767123,660.2960259363588,304.0561858807149,17.437206940353576
2014,5,M2_Rar,H,677.7332328767123,652.2595511345638,648.9084615002713,25.47368174214853
2014,5,M2_enso,H,677.7332328767123,664.2026402216114,183.07693759827092,13.530592655100918
2014,5,M2_precip,H,677.7332328767123,652.2367719461633,650.0695199830119,25.496460930549006
2014,5,M2_combo,H,677.7332328767123,660.3328438750711,302.7735374084361,17.4003890016412
2014,5,M2_precip_oracle,H,677.7332328767123,663.1581720339659,212.43239856976052,14.575060842746439
2015,1,M2_Rar,R,1221.1,801.7188246089704,175880.57027236145,419.3811753910295
2015,1,M2_enso,R,1221.1,1192.6907941557324,807.0829767019621,28.40920584426749
2015,1,M2_precip,R,1221.1,918.3023266926784,91686.43096032739,302.7976733073215
2015,1,M2_combo,R,1221.1,1274.6045374054831,2862.7355229747545,53.504537405483234
2015,1,M2_precip_oracle,R,1221.1,1119.5693918592262,10308.464389435336,101.53060814077367
2015,1,R_persist,R,1221.1,1358.1,18769.0,137.0
2015,1,R_mean,R,1221.1,700.2280487804878,271307.58956722176,520.8719512195121
2015,1,naive_persist,H,672.3051639344262,652.8855342465754,377.1220172132573,19.41962968785083
2015,1,M1,H,672.3051639344262,656.7970531785032,240.50149921797419,15.508110755922985
2015,1,M2_Rar,H,672.3051639344262,657.3957657976212,222.2901528017664,14.909398136805066
2015,1,M2_enso,H,672.3051639344262,664.1981175624978,65.72420087659728,8.10704637192839
2015,1,M2_precip,H,672.3051639344262,659.4241515974368,165.92047882567422,12.881012336989443
2015,1,M2_combo,H,672.3051639344262,665.6232992618623,44.64731550245829,6.681864672563961
2015,1,M2_precip_oracle,H,672.3051639344262,662.9259099908436,87.97040453821023,9.379253943582626
2015,5,M2_Rar,R,184.0,801.7188246089704,381576.54627628793,617.7188246089704
2015,5,M2_enso,R,184.0,1192.6907941557324,1017457.1182145221,1008.6907941557324
2015,5,M2_precip,R,184.0,918.3023266926784,539199.906986281,734.3023266926784
2015,5,M2_combo,R,184.0,1274.6045374054831,1189418.257009428,1090.6045374054831
2015,5,M2_precip_oracle,R,184.0,484.1698232840713,90101.92281039059,300.1698232840713
2015,5,R_persist,R,184.0,1358.1,1378510.8099999998,1174.1
2015,5,R_mean,R,184.0,700.2280487804878,266491.39834770974,516.2280487804878
2015,5,naive_persist,H,664.5393442622951,652.8855342465754,135.81128788248944,11.653810015719728
2015,5,M1,H,664.5393442622951,662.8603556984026,2.8190025976818567,1.678988563892517
2015,5,M2_Rar,H,664.5393442622951,666.0697074281925,2.3420114195354214,1.53036316589737
2015,5,M2_enso,H,664.5393442622951,685.9541374614171,458.5933677611601,21.41479319912196
2015,5,M2_precip,H,664.5393442622951,671.9990237750887,55.64681843359297,7.4596795127936275
2015,5,M2_combo,H,664.5393442622951,690.1201857290135,654.3794501453808,25.580841466718425
2015,5,M2_precip_oracle,H,664.5393442622951,659.0018105900738,30.664279170985196,5.537533672221343
2016,1,M2_Rar,R,486.6,793.7115686824882,94317.51561861864,307.11156868248815
2016,1,M2_enso,R,486.6,604.1029894295016,13806.952524869554,117.50298942950155
2016,1,M2_precip,R,486.6,843.5780281090185,127433.31255260321,356.9780281090185
2016,1,M2_combo,R,486.6,695.9057954199477,43808.91599637699,209.30579541994769
2016,1,M2_precip_oracle,R,486.6,803.6920554874637,100547.37165326472,317.09205548746365
2016,1,R_persist,R,486.6,1221.1,539490.2499999999,734.4999999999999
2016,1,R_mean,R,486.6,706.5036144578313,48357.599651618504,219.90361445783128
2016,1,naive_persist,H,670.4196438356165,672.3051639344262,3.5551860430153663,1.8855200988097067
2016,1,M1,H,670.4196438356165,669.6323945675836,0.6197614100184179,0.7872492680329515
2016,1,M2_Rar,H,670.4196438356165,671.4585203475663,1.0792644070808832,1.038876511949752
2016,1,M2_enso,H,670.4196438356165,668.1295114325233,5.244706423697677,2.290132403093253
2016,1,M2_precip,H,670.4196438356165,672.33403921199,3.664909657080147,1.9143953763734771
2016,1,M2_combo,H,670.4196438356165,669.7413180331117,0.4601258943437635,0.6783258025047871
2016,1,M2_precip_oracle,H,670.4196438356165,671.6337504435943,1.474054855535318,1.214106607977783
2016,5,M2_Rar,R,244.0,793.7115686824882,302182.8087433619,549.7115686824882
2016,5,M2_enso,R,244.0,604.1029894295016,129674.16299606372,360.1029894295016
2016,5,M2_precip,R,244.0,843.5780281090185,359493.811791099,599.5780281090185
2016,5,M2_combo,R,244.0,695.9057954199477,204218.84793413564,451.9057954199477
2016,5,M2_precip_oracle,R,244.0,906.9699150407057,439529.10824908054,662.9699150407057
2016,5,R_persist,R,244.0,1221.1,954724.4099999998,977.0999999999999
2016,5,R_mean,R,244.0,706.5036144578313,213909.59338655826,462.5036144578313
2016,5,naive_persist,H,662.845205479452,672.3051639344262,89.49081396983756,9.459958454974185
2016,5,M1,H,662.845205479452,665.6171280280671,7.683554615520644,2.7719225486150663
2016,5,M2_Rar,H,662.845205479452,669.8509289097063,49.08016078121417,7.0057234302543065
2016,5,M2_enso,H,662.845205479452,660.2008584388429,6.992571271178058,2.644347040609091
2016,5,M2_precip,H,662.845205479452,672.3888670636359,91.08147643342636,9.543661584183837
2016,5,M2_combo,H,662.845205479452,664.8731340854465,4.1124944310106955,2.027928605994475
2016,5,M2_precip_oracle,H,662.845205479452,665.8483293336782,9.018752883822104,3.0031238542261462
2017,1,M2_Rar,R,1105.0,677.6348418280893,182640.97841930226,427.3651581719107
2017,1,M2_enso,R,1105.0,596.6754608115791,258393.83714112043,508.3245391884209
2017,1,M2_precip,R,1105.0,739.3512786193464,133698.98744730683,365.64872138065357
2017,1,M2_combo,R,1105.0,648.1405417745456,208720.56457005575,456.85945822545443
2017,1,M2_precip_oracle,R,1105.0,1092.141558197469,165.33952558907495,12.858441802530933
2017,1,R_persist,R,1105.0,486.6,382418.56,618.4
2017,1,R_mean,R,1105.0,703.8857142857142,160892.67020408166,401.11428571428576
2017,1,naive_persist,H,664.307698630137,670.4196438356165,37.35587419478403,6.111945205479515
2017,1,M1,H,664.307698630137,668.4276283232002,16.973820675784058,4.119929693063227
2017,1,M2_Rar,H,664.307698630137,666.750627626307,5.967902080328424,2.4429289961700533
2017,1,M2_enso,H,664.307698630137,665.3336812752607,1.0526403880950044,1.0259826451236904
2017,1,M2_precip,H,664.307698630137,667.8307850930883,12.412138225430386,3.5230864629512553
2017,1,M2_combo,H,664.307698630137,666.2344201119611,3.7122556685223578,1.9267214818240745
2017,1,M2_precip_oracle,H,664.307698630137,674.0052999307313,94.04347098528882,9.697601300594329
2017,5,M2_Rar,R,156.0,677.6348418280893,272102.90820901573,521.6348418280893
2017,5,M2_enso,R,156.0,596.6754608115791,194194.8617614976,440.6754608115791
2017,5,M2_precip,R,156.0,739.3512786193464,340298.71426682634,583.3512786193464
2017,5,M2_combo,R,156.0,648.1405417745456,242202.31285814324,492.14054177454557
2017,5,M2_precip_oracle,R,156.0,68.92314823731317,7582.378112900937,87.07685176268683
2017,5,R_persist,R,156.0,486.6,109296.36000000002,330.6
2017,5,R_mean,R,156.0,703.8857142857142,300178.7559183673,547.8857142857142
2017,5,naive_persist,H,643.4545205479452,670.4196438356165,727.1178739193133,26.965123287671304
2017,5,M1,H,643.4545205479452,665.4320266941797,483.01077640777663,21.977506146234532
2017,5,M2_Rar,H,643.4545205479452,659.7414876077967,265.2652960086866,16.286967059851463
2017,5,M2_enso,H,643.4545205479452,655.6176643157322,147.94206631585587,12.163143767787005
2017,5,M2_precip,H,643.4545205479452,662.8851341666941,377.5487456011105,19.430613618748907
2017,5,M2_combo,H,643.4545205479452,658.2391381577789,218.58491786900566,14.784617609833731
2017,5,M2_precip_oracle,H,643.4545205479452,649.9008598787547,41.55529076794084,6.446339330809451
2018,1,M2_Rar,R,492.0,772.662852568942,78771.63681213565,280.66285256894196
2018,1,M2_enso,R,492.0,878.0908660515922,149066.15684846853,386.09086605159223
2018,1,M2_precip,R,492.0,832.5882288493378,116000.34163072893,340.58822884933784
2018,1,M2_combo,R,492.0,929.8815444574718,191740.24697646088,437.8815444574718
2018,1,M2_precip_oracle,R,492.0,341.3166775658003,22705.463659808986,150.68332243419968
2018,1,R_persist,R,492.0,1105.0,375769.0,613.0
2018,1,R_mean,R,492.0,708.6047058823528,46917.598610380584,216.60470588235285
2018,1,naive_persist,H,677.7332328767123,664.307698630137,180.24496980596763,13.425534246575353
2018,1,M1,H,677.7332328767123,664.4352813702506,176.83551426820966,13.2979515064618
2018,1,M2_Rar,H,677.7332328767123,664.0530408806982,187.14765304781025,13.680191996014173
2018,1,M2_enso,H,677.7332328767123,665.8790823954869,140.52088363153814,11.854150481225474
2018,1,M2_precip,H,677.7332328767123,665.0909644957092,159.82694981731305,12.642268381003191
2018,1,M2_combo,H,677.7332328767123,666.7761108580764,120.05852293127597,10.957122018635914
2018,1,M2_precip_oracle,H,677.7332328767123,656.5820092565398,447.37426063054613,21.151223620172573
2018,5,M2_Rar,R,147.0,772.662852568942,391454.0050847056,625.662852568942
2018,5,M2_enso,R,147.0,878.0908660515922,534493.8544240672,731.0908660515922
2018,5,M2_precip,R,147.0,832.5882288493378,470031.21953677206,685.5882288493378
2018,5,M2_combo,R,147.0,929.8815444574718,612903.5126521165,782.8815444574718
2018,5,M2_precip_oracle,R,147.0,361.3868661309823,45961.72836946372,214.3868661309823
2018,5,R_persist,R,147.0,1105.0,917764.0,958.0
2018,5,R_mean,R,147.0,708.6047058823528,315399.845669204,561.6047058823528
2018,5,naive_persist,H,635.6761643835616,664.307698630137,819.7647533128182,28.63153424657537
2018,5,M1,H,635.6761643835616,664.6263935007314,838.1157659366252,28.950229117169783
2018,5,M2_Rar,H,635.6761643835616,663.5718379883592,778.1686058654012,27.895673604797594
2018,5,M2_enso,H,635.6761643835616,668.8483790869383,1100.3958283269183,33.17221470337665
2018,5,M2_precip,H,635.6761643835616,666.5710286241894,954.4926364468178,30.894864240627726
2018,5,M2_combo,H,635.6761643835616,671.4404382001163,1279.0832816254995,35.76427381655469
2018,5,M2_precip_oracle,H,635.6761643835616,644.9045650119547,85.16337815812518,9.228400628393047
2019,1,M2_Rar,R,184.0,682.1452881875545,248148.7281434617,498.14528818755446
2019,1,M2_enso,R,184.0,821.7011904108242,406662.80825138226,637.7011904108242
2019,1,M2_precip,R,184.0,604.422149175954,176754.78351772812,420.422149175954
2019,1,M2_combo,R,184.0,727.2324876481205,295101.53563636536,543.2324876481205
2019,1,M2_precip_oracle,R,184.0,484.1193315466203,90071.61316799019,300.1193315466203
2019,1,R_persist,R,184.0,492.0,94864.0,308.0
2019,1,R_mean,R,184.0,706.0860465116278,272573.83996214165,522.0860465116278
2019,1,naive_persist,H,664.5393442622951,677.7332328767123,174.0786967696487,13.193888614417233
2019,1,M1,H,664.5393442622951,673.2328181283681,75.5764878600936,8.693473866072964
2019,1,M2_Rar,H,664.5393442622951,672.7156543465126,66.85204659327593,8.176310084217448
2019,1,M2_enso,H,664.5393442622951,675.1058089412691,111.65017581200392,10.566464678973944
2019,1,M2_precip,H,664.5393442622951,671.3845009171846,46.85616962997772,6.845156654889479
2019,1,M2_combo,H,664.5393442622951,673.487856562532,80.07587238749058,8.948512300236871
2019,1,M2_precip_oracle,H,664.5393442622951,669.3240912337671,22.893803581010783,4.784746971472032
2020,1,M2_Rar,R,244.0,631.0672000316896,149821.017340372,387.0672000316896
2020,1,M2_enso,R,244.0,537.9046771367816,86379.95924287585,293.90467713678163
2020,1,M2_precip,R,244.0,638.2922328149087,155466.3648581662,394.29223281490874
2020,1,M2_combo,R,244.0,544.1980355501848,90118.86054819004,300.19803555018484
2020,1,M2_precip_oracle,R,244.0,901.4495532043925,432239.9150086553,657.4495532043925
2020,1,R_persist,R,244.0,184.0,3600.0,60.0
2020,1,R_mean,R,244.0,700.0850574712643,208013.5796485665,456.08505747126435
2020,1,naive_persist,H,662.845205479452,664.5393442622951,2.870106215533044,1.6941387828430834
2020,1,M1,H,662.845205479452,664.642846299585,3.2315125182083846,1.7976408201329832
2020,1,M2_Rar,H,662.845205479452,662.249235881865,0.3551797612479944,0.5959695975869863
2020,1,M2_enso,H,662.845205479452,660.6545540316979,4.798953765547288,2.190651447754135
2020,1,M2_precip,H,662.845205479452,662.372908237317,0.22306468492835305,0.4722972421350278
2020,1,M2_combo,H,662.845205479452,660.762278727494,4.338583854022239,2.0829267519579844
2020,1,M2_precip_oracle,H,662.845205479452,666.8774256067866,16.258799155281775,4.03222012733454
2021,1,M2_Rar,R,156.0,631.3061709105139,225915.9561056146,475.30617091051386
2021,1,M2_enso,R,156.0,577.5606166584242,177713.35351743092,421.56061665842424
2021,1,M2_precip,R,156.0,763.3195490600851,368837.03467054514,607.3195490600851
2021,1,M2_combo,R,156.0,687.3118975624984,282292.3324914628,531.3118975624984
2021,1,M2_precip_oracle,R,156.0,65.03579075918879,8274.487362806085,90.96420924081121
2021,1,R_persist,R,156.0,244.0,7744.0,88.0
2021,1,R_mean,R,156.0,694.9022727272727,290415.65955061984,538.9022727272727
2021,1,naive_persist,H,643.4545205479452,662.845205479452,375.99866211296586,19.390684931506826
2021,1,M1,H,643.4545205479452,663.5420345494134,403.50821875918126,20.087514001468207
2021,1,M2_Rar,H,643.4545205479452,662.0286767266699,344.9992777516572,18.574156178724706
2021,1,M2_enso,H,643.4545205479452,661.115612380251,311.91416470913964,17.66109183230583
2021,1,M2_precip,H,643.4545205479452,664.2714056465974,433.34270521048654,20.816885098652165
2021,1,M2_combo,H,643.4545205479452,662.9801383482462,381.2497504834315,19.525617800301006
2021,1,M2_precip_oracle,H,643.4545205479452,652.40850810539,80.17389317887536,8.953987557444748
2022,1,M2_Rar,R,147.0,607.5417117745594,212098.66828424137,460.5417117745594
2022,1,M2_enso,R,147.0,526.9863648891392,144389.63750166201,379.98636488913917
2022,1,M2_precip,R,147.0,502.738956748497,126550.20534850901,355.738956748497
2022,1,M2_combo,R,147.0,422.19641549579063,75733.06710173184,275.19641549579063
2022,1,M2_precip_oracle,R,147.0,357.44734561682026,44288.085277165395,210.44734561682026
2022,1,R_persist,R,147.0,156.0,81.0,9.0
2022,1,R_mean,R,147.0,688.847191011236,293598.37840676686,541.847191011236
2022,1,naive_persist,H,635.6761643835616,643.4545205479452,60.502824620004056,7.778356164383581
2022,1,M1,H,635.6761643835616,650.8999723905006,231.76433023213858,15.223808006938953
2022,1,M2_Rar,H,635.6761643835616,645.9236514348079,105.01099086545963,10.247487051246253
2022,1,M2_enso,H,635.6761643835616,644.5373162929266,78.52001316084183,8.861151909364935
2022,1,M2_precip,H,635.6761643835616,644.1200251346781,71.29878438424599,8.443860751116517
2022,1,M2_combo,H,635.6761643835616,642.7339103741784,49.81177846806764,7.057745990616809
2022,1,M2_precip_oracle,H,635.6761643835616,641.6195968686451,35.324389704745386,5.943432485083463
