origin,horizon,model,obs,pred,below_660_obs,below_660_pred,sqerr,abserr
1948,1,naive_persist,662.3477134986226,659.3478709677419,0,1,8.999055210081057,2.9998425308807555
1948,1,naive_mean,662.3477134986226,672.8447658540707,0,0,110.1881081530183,10.49705235544809
1948,1,M1,662.3477134986226,667.7502543409213,0,0,29.187447552705148,5.402540842298663
1948,1,M2,662.3477134986226,655.7345833166855,0,1,43.73349080324735,6.613130181937095
1948,1,M2m,662.3477134986226,660.249484189945,0,0,4.402566231793988,2.0982293086776735
1948,1,M3,662.3477134986226,657.0342405708973,0,1,28.232994553670125,5.313472927725343
1948,1,M4,662.3477134986226,662.7706347541653,0,0,0.17886238838975702,0.42292125554263293
1948,1,M2_oracle,662.3477134986226,660.9538601808479,0,0,1.9428270714716944,1.3938533177747559
1948,5,naive_persist,642.8683753501401,659.3478709677419,1,1,271.57377581055505,16.479495617601742
1948,5,naive_mean,642.8683753501401,672.8447658540707,1,0,898.5839876441399,29.97639050393059
1948,5,M1,642.8683753501401,672.4813264924522,1,0,876.9268753569643,29.612951142312113
1948,5,M2,642.8683753501401,645.8362584041911,1,1,8.808329822522841,2.967883054050958
1948,5,M2m,642.8683753501401,662.7193845910817,1,0,394.0625678839491,19.851009240941607
1948,5,M3,642.8683753501401,646.4078452338662,1,1,12.527847057803642,3.539469883726042
1948,5,M4,642.8683753501401,649.6036782796411,1,1,45.364305552144984,6.735302929501017
1948,5,M2_oracle,642.8683753501401,652.4433220020156,1,1,91.67960338626199,9.574946651875507
1949,1,naive_persist,659.4780273972603,662.3477134986226,1,0,8.235098320351822,2.8696861013622765
1949,1,naive_mean,659.4780273972603,672.1887000818551,1,0,161.56120009490397,12.710672684594783
1949,1,M1,659.4780273972603,666.4994145794842,1,0,49.299877962697536,7.021387182223862
1949,1,M2,659.4780273972603,664.2020861918363,1,0,22.31673149461054,4.724058794575967
1949,1,M2m,659.4780273972603,663.463418378209,1,0,15.883341271026737,3.9853909809486368
1949,1,M3,659.4780273972603,664.1236239489456,1,0,21.581567321029702,4.64559655168523
1949,1,M4,659.4780273972603,663.6979169469209,1,0,17.807467811334682,4.219889549660593
1949,1,M2_oracle,659.4780273972603,659.9163808048537,1,1,0.1921537099487051,0.43835340759335395
1949,5,naive_persist,635.8018289085546,662.3477134986226,1,0,704.6839886692096,26.545884590068
1949,5,naive_mean,635.8018289085546,672.1887000818551,1,0,1324.0043937823673,36.386871173300506
1949,5,M1,635.8018289085546,671.160027005284,1,0,1250.2021726475532,35.358198096729325
1949,5,M2,635.8018289085546,668.645723968272,1,0,1078.721442693729,32.8438950597174
1949,5,M2m,635.8018289085546,666.136984683638,1,0,920.221675898577,30.33515577508342
1949,5,M3,635.8018289085546,668.6176090760653,1,0,1076.8754280023845,32.81578016751064
1949,5,M4,635.8018289085546,668.4330570037158,1,0,1064.797046998437,32.63122809516119
1949,5,M2_oracle,635.8018289085546,655.6610536592614,1,1,394.3888076990833,19.859224750706744
1950,1,naive_persist,648.3519452054794,659.4780273972603,1,1,123.78970493826492,11.126082191780938
1950,1,naive_mean,648.3519452054794,671.4410134533496,1,0,533.1050725548059,23.08906824787016
1950,1,M1,648.3519452054794,662.6773211324,1,0,205.21639544759705,14.325375926920628
1950,1,M2,648.3519452054794,657.4154320651589,1,1,82.14679405558348,9.063486859679529
1950,1,M2m,648.3519452054794,660.8238046646486,1,0,155.54727836926813,12.471859459169195
1950,1,M3,648.3519452054794,657.4554699672971,1,1,82.87416308902715,9.103524761817653
1950,1,M4,648.3519452054794,657.6607302093552,1,1,86.65347824838214,9.308785003875755
1950,1,M2_oracle,648.3519452054794,656.8446848451263,1,1,72.12662658682902,8.492739639646857
1950,5,naive_persist,630.8421546961325,659.4780273972603,1,1,820.0132053551977,28.635872701127823
1950,5,naive_mean,630.8421546961325,671.4410134533496,1,0,1648.2673323884592,40.598858757217045
1950,5,M1,630.8421546961325,668.2593580931529,1,0,1400.0471100539896,37.41720339702033
1950,5,M2,630.8421546961325,652.3719785141984,1,1,463.5333136369574,21.529823818065893
1950,5,M2m,630.8421546961325,664.1144962668136,1,0,1107.0487135960723,33.27234157068108
1950,5,M3,630.8421546961325,652.3867343074484,1,1,464.16891062832616,21.54457961131584
1950,5,M4,630.8421546961325,652.4793101555673,1,1,468.1664963757483,21.63715545943478
1950,5,M2_oracle,630.8421546961325,654.8853356169011,1,1,578.0745487888101,24.043180920768577
1951,1,naive_persist,642.6324863387978,648.3519452054794,1,1,32.712209727663165,5.719458866681634
1951,1,naive_mean,642.6324863387978,670.158287439579,1,0,757.6697262397688,27.525801100781223
1951,1,M1,642.6324863387978,647.9361217768367,1,1,28.12854885962203,5.303635438038896
1951,1,M2,642.6324863387978,643.5049432631796,1,1,0.7611810849017888,0.8724569243818223
1951,1,M2m,642.6324863387978,648.7201447431777,1,1,37.05958484841733,6.0876584043799085
1951,1,M3,642.6324863387978,644.854306172134,1,1,4.936483371806155,2.2218198333362125
1951,1,M4,642.6324863387978,649.2782591674769,1,1,44.16629649040978,6.645772828679128
1951,1,M2_oracle,642.6324863387978,645.7148783545266,1,1,9.50114053862883,3.0823920157288285
1951,5,naive_persist,623.1509836065574,648.3519452054794,1,1,635.0884655103438,25.20096159892205
1951,5,naive_mean,623.1509836065574,670.158287439579,1,0,2209.6866136500107,47.00730383302164
1951,5,M1,623.1509836065574,646.4256365623337,1,1,541.7094702118279,23.274652955776332
1951,5,M2,623.1509836065574,627.9012848433628,1,1,22.5653618403949,4.750301236805399
1951,5,M2m,623.1509836065574,649.9054671104826,1,1,715.8023875618087,26.754483503925258
1951,5,M3,623.1509836065574,628.6434374768127,1,1,30.167049516882464,5.492453870255304
1951,5,M4,623.1509836065574,631.9996138414471,1,1,78.29825703380409,8.848630234889697
1951,5,M2_oracle,623.1509836065574,630.2078561307993,1,1,49.799449823401,7.056872524241953
1952,1,naive_persist,642.8683753501401,642.6324863387978,1,1,0.055643625672071935,0.2358890113423513
1952,1,naive_mean,642.8683753501401,668.7095610658537,1,0,667.766879193998,25.84118571571355
1952,1,M1,642.8683753501401,631.0992551818671,1,1,138.51218953525142,11.769120168273048
1952,1,M2,642.8683753501401,638.58665119809,1,1,18.33316171424978,4.281724152050174
1952,1,M2m,642.8683753501401,641.1994775850812,1,1,2.7852197502185474,1.6688977650588868
1952,1,M3,642.8683753501401,638.9067052654655,1,1,15.69482985980617,3.9616700846746653
1952,1,M4,642.8683753501401,640.4047190547874,1,1,6.06960234163116,2.4636562953527346
1952,1,M2_oracle,642.8683753501401,636.932530818179,1,1,35.23425030761311,5.935844531961152
1952,5,naive_persist,637.1188767123288,642.6324863387978,1,1,30.39989111309184,5.5136096264690195
1952,5,naive_mean,637.1188767123288,668.7095610658537,1,0,997.9713379240443,31.59068435352492
1952,5,M1,637.1188767123288,610.0,1,1,735.4334741384869,27.118876712328756
1952,5,M2,637.1188767123288,622.9844201502391,1,1,199.78286230559965,14.134456562089667
1952,5,M2m,637.1188767123288,635.6732678183712,1,1,2.0897850742892268,1.4456088939575693
1952,5,M3,637.1188767123288,623.235124952618,1,1,192.7585629252721,13.883751759710776
1952,5,M4,637.1188767123288,624.7090797059981,1,1,154.00306173833386,12.409797006330678
1952,5,M2_oracle,637.1188767123288,630.6907740857943,1,1,41.32050337725969,6.428102626534496
1953,1,naive_persist,635.8018289085546,642.8683753501401,1,1,49.93607861108471,7.066546441585501
1953,1,naive_mean,635.8018289085546,667.417501780068,1,0,999.55077111855,31.615672871513425
1953,1,M1,635.8018289085546,641.0643532764615,1,1,27.69416272281338,5.262524367906849
1953,1,M2,635.8018289085546,639.7353542853833,1,1,15.472621890155347,3.9335253768286975
1953,1,M2m,635.8018289085546,644.3773538012617,1,1,73.53962718543926,8.575524892707108
1953,1,M3,635.8018289085546,639.187277264303,1,1,11.461260569439508,3.3854483557483945
1953,1,M4,635.8018289085546,636.4154858970868,1,1,0.3765748995743725,0.6136569885321705
1953,1,M2_oracle,635.8018289085546,639.6139641409573,1,1,14.532375030125413,3.8121352324026248
1953,5,naive_persist,666.7902486187845,642.8683753501401,0,1,572.256020681083,23.92187326864439
1953,5,naive_mean,666.7902486187845,667.417501780068,0,0,0.39344652834018673,0.6272531612835337
1953,5,M1,666.7902486187845,633.5972579136806,0,1,1101.7746319491182,33.192990705103966
1953,5,M2,666.7902486187845,630.6109942857544,0,1,1308.9384440940805,36.179254333030144
1953,5,M2m,666.7902486187845,648.7719819684952,0,1,324.65793308092833,18.01826665028932
1953,5,M3,666.7902486187845,630.3377980276824,0,1,1328.7811540967393,36.45245059110209
1953,5,M4,666.7902486187845,628.63859680107,0,1,1455.5485364201209,38.15165181771454
1953,5,M2_oracle,666.7902486187845,666.403969705116,0,0,0.14921139914495343,0.38627891366854783
1954,1,naive_persist,630.8421546961325,635.8018289085546,1,1,24.598368293364786,4.959674212422101
1954,1,naive_mean,630.8421546961325,665.9119935480912,1,0,1229.8935971023525,35.06983885195871
1954,1,M1,630.8421546961325,622.1694091709182,1,1,75.21651494512435,8.672745525214282
1954,1,M2,630.8421546961325,632.114691211414,1,1,1.6193491827246427,1.2725365152814447
1954,1,M2m,630.8421546961325,637.1612007738257,1,1,39.93034333200983,6.319046077693201
1954,1,M3,630.8421546961325,632.7462067276244,1,1,3.6254141386284884,1.904052031491915
1954,1,M4,630.8421546961325,634.9056170556503,1,1,16.511726347217618,4.063462359517757
1954,1,M2_oracle,630.8421546961325,632.4497321131196,1,1,2.5843051516067734,1.6075774169870556
1954,5,naive_persist,672.0067857142857,635.8018289085546,0,1,1310.7988973048516,36.20495680573106
1954,5,naive_mean,672.0067857142857,665.9119935480912,0,0,37.146491549105264,6.094792166194452
1954,5,M1,672.0067857142857,610.0,0,1,3844.841474617343,62.006785714285684
1954,5,M2,672.0067857142857,620.8031165403013,0,1,2621.8157368788397,51.203669173984395
1954,5,M2m,672.0067857142857,641.3315458010125,0,1,940.9703437368711,30.67523991327323
1954,5,M3,672.0067857142857,621.1260010717484,0,1,2588.8542458402558,50.880784642537265
1954,5,M4,672.0067857142857,622.6274082182093,0,1,2438.3229219000123,49.37937749607636
1954,5,M2_oracle,672.0067857142857,661.2107388822564,0,0,116.5546271993706,10.796046832029333
1955,1,naive_persist,623.1509836065574,630.8421546961325,1,1,59.15411272911681,7.691171089575164
1955,1,naive_mean,623.1509836065574,664.3179099639112,1,0,1694.715825711797,41.16692635735387
1955,1,M1,623.1509836065574,610.1641335375942,1,1,168.65827471372745,12.986850068963122
1955,1,M2,623.1509836065574,627.4450303494157,1,1,18.43883742985209,4.294046742858313
1955,1,M2m,623.1509836065574,632.0481833324441,1,1,79.16016296231851,8.897199725886708
1955,1,M3,623.1509836065574,627.6977346563416,1,1,20.672945108714035,4.546751049784234
1955,1,M4,623.1509836065574,628.6180741549986,1,1,29.889079064855167,5.467090548441206
1955,1,M2_oracle,623.1509836065574,624.595326464693,1,1,2.086126291847475,1.4443428581356557
1955,5,naive_persist,671.7045205479452,630.8421546961325,0,1,1669.7329430073873,40.86236585181268
1955,5,naive_mean,671.7045205479452,664.3179099639112,0,0,54.56201592016273,7.386610584033974
1955,5,M1,671.7045205479452,610.0,0,1,3807.4478560517923,61.70452054794521
1955,5,M2,671.7045205479452,616.7219087363777,0,1,3023.0876016215216,54.982611811567494
1955,5,M2m,671.7045205479452,635.8550477318809,0,1,1285.1847011897366,35.84947281606435
1955,5,M3,671.7045205479452,616.8589016200758,0,1,3008.0419155810655,54.845618927869396
1955,5,M4,671.7045205479452,617.5253301759614,0,1,2935.3846693636674,54.17919037198385
1955,5,M2_oracle,671.7045205479452,662.3961688468454,0,0,86.64541139136772,9.30835170109981
1956,1,naive_persist,637.1188767123288,623.1509836065574,1,1,195.10203781425608,13.967893105771395
1956,1,naive_mean,637.1188767123288,662.528043600548,1,0,645.6257619533781,25.40916688821926
1956,1,M1,637.1188767123288,610.0,1,1,735.4334741384869,27.118876712328756
1956,1,M2,637.1188767123288,617.0605992089517,1,1,402.3344964024838,20.0582775033771
1956,1,M2m,637.1188767123288,625.2883876107999,1,1,139.96047238139369,11.830489101528883
1956,1,M3,637.1188767123288,617.237217845339,1,1,395.28035930335056,19.88165886698971
1956,1,M4,637.1188767123288,617.8760056668672,1,1,370.2880860722638,19.242871045461584
1956,1,M2_oracle,637.1188767123288,634.8923349057463,1,1,4.957488416459297,2.226541806582418
1956,5,naive_persist,674.8342465753425,623.1509836065574,0,1,2671.1596711005964,51.68326296878513
1956,5,naive_mean,674.8342465753425,662.528043600548,0,0,151.44263165684035,12.306202974794473
1956,5,M1,674.8342465753425,610.0,0,1,4203.4795289923095,64.83424657534249
1956,5,M2,674.8342465753425,610.0,0,1,4203.4795289923095,64.83424657534249
1956,5,M2m,674.8342465753425,631.7895339599294,0,1,1852.8472841435052,43.04471261541312
1956,5,M3,674.8342465753425,610.0,0,1,4203.4795289923095,64.83424657534249
1956,5,M4,674.8342465753425,610.0,0,1,4203.4795289923095,64.83424657534249
1956,5,M2_oracle,674.8342465753425,661.3218261457409,0,0,182.58550586631327,13.512420429601548
1957,1,naive_persist,666.7902486187845,637.1188767123288,0,1,880.3903108112122,29.67137190645576
1957,1,naive_mean,666.7902486187845,661.4693283135389,0,0,28.31219289477531,5.320920305245636
1957,1,M1,666.7902486187845,636.4020567984504,0,1,923.4422021094204,30.3881918203341
1957,1,M2,666.7902486187845,648.3437895214308,0,1,340.2718532303424,18.44645909735368
1957,1,M2m,666.7902486187845,638.8321873820612,0,1,781.6531881163713,27.958061236723324
1957,1,M3,666.7902486187845,648.1483646476385,0,1,347.5198379936723,18.641883971146058
1957,1,M4,666.7902486187845,647.3944200303758,0,1,376.1981666309313,19.395828588408676
1957,1,M2_oracle,666.7902486187845,657.5257857742727,0,1,85.83027179734067,9.264462844511854
1957,5,naive_persist,663.4681043956044,637.1188767123288,0,1,694.281799505101,26.34922768327567
1957,5,naive_mean,663.4681043956044,661.4693283135389,0,0,3.995105826237297,1.9987760820655467
1957,5,M1,663.4681043956044,633.735010489264,0,1,884.0568732432566,29.7330939063404
1957,5,M2,663.4681043956044,680.5139740789319,0,0,290.5616732609839,17.04586968332751
1957,5,M2m,663.4681043956044,643.7424723336677,0,1,389.10056024290594,19.72563206193672
1957,5,M3,663.4681043956044,680.4230815602377,0,0,287.47125065323684,16.954977164633306
1957,5,M4,663.4681043956044,679.9630930066637,0,0,272.0846492789755,16.494988611059284
1957,5,M2_oracle,663.4681043956044,657.403834892605,0,1,36.77536460500887,6.064269502999423
1958,1,naive_persist,672.0067857142857,666.7902486187845,0,0,27.21225926873975,5.216537095501167
1958,1,naive_mean,672.0067857142857,661.6821651257487,0,0,106.59779029724126,10.324620588536959
1958,1,M1,672.0067857142857,665.912870172146,0,0,37.135806634731935,6.093915542139712
1958,1,M2,672.0067857142857,691.3260450286623,0,0,373.23378045612736,19.31925931437661
1958,1,M2m,672.0067857142857,666.0850505558213,0,0,35.06694728699273,5.921735158464344
1958,1,M3,672.0067857142857,690.6343034301428,0,0,346.98441625457207,18.627517715857152
1958,1,M4,672.0067857142857,687.1676211710351,0,0,229.85093174662967,15.160835456749396
1958,1,M2_oracle,672.0067857142857,671.0664319369837,0,0,0.884265226486127,0.9403537773019934
1958,5,naive_persist,651.8947323943662,666.7902486187845,1,0,221.87640359190928,14.895516224418316
1958,5,naive_mean,651.8947323943662,661.6821651257487,1,0,95.79383947133796,9.787432731382523
1958,5,M1,651.8947323943662,663.4488470142361,1,0,133.4975646490912,11.554114619869893
1958,5,M2,651.8947323943662,710.0,1,0,3376.2221235223165,58.1052676056338
1958,5,M2m,651.8947323943662,663.5687068539858,1,0,136.28167968384975,11.673974459619558
1958,5,M3,651.8947323943662,710.0,1,0,3376.2221235223165,58.1052676056338
1958,5,M4,651.8947323943662,710.0,1,0,3376.2221235223165,58.1052676056338
1958,5,M2_oracle,651.8947323943662,671.1120140250812,1,0,369.30391327421535,19.21728163071498
1959,1,naive_persist,671.7045205479452,672.0067857142857,0,0,0.09136423078283554,0.30226516634047584
1959,1,naive_mean,671.7045205479452,662.0792659176155,0,0,92.64552669868263,9.625254630329664
1959,1,M1,671.7045205479452,670.7073657458988,0,0,0.9943176992442998,0.9971548020464525
1959,1,M2,671.7045205479452,676.6239266146135,0,0,24.20055604877317,4.91940606666833
1959,1,M2m,671.7045205479452,671.4511401968778,0,0,0.06420160230706362,0.25338035106744883
1959,1,M3,671.7045205479452,676.5479470095568,0,0,23.458779889039047,4.843426461611557
1959,1,M4,671.7045205479452,676.1227795988622,0,0,19.521013041009624,4.418259050916959
1959,1,M2_oracle,671.7045205479452,679.1964599219752,0,0,56.129155584141614,7.491939374030039
1959,5,naive_persist,648.0771584699453,672.0067857142857,1,0,572.6270600530781,23.929627244340395
1959,5,naive_mean,648.0771584699453,662.0792659176155,1,0,196.05901297610282,14.002107447670255
1959,5,M1,648.0771584699453,667.0136149124097,1,0,358.5893825973522,18.93645644246442
1959,5,M2,648.0771584699453,693.8307479456064,1,0,2093.390949907326,45.7535894756611
1959,5,M2m,648.0771584699453,669.3804013245325,1,0,453.82815612152103,21.30324285458721
1959,5,M3,648.0771584699453,693.7729294744337,1,0,2088.103487694642,45.69577100448839
1959,5,M4,648.0771584699453,693.3819378351592,1,0,2052.5230333307113,45.3047793652139
1959,5,M2_oracle,648.0771584699453,674.0777334827142,1,0,676.0299009946212,26.000575012768877
1960,1,naive_persist,674.8342465753425,671.7045205479452,0,0,9.795185006567975,3.1297260273972825
1960,1,naive_mean,674.8342465753425,662.43575682985,0,0,153.72254796908263,12.398489745492498
1960,1,M1,674.8342465753425,670.4969956330558,0,0,18.811745736366753,4.337250942286687
1960,1,M2,674.8342465753425,675.783679753666,0,0,0.9014233601014409,0.9494331783234884
1960,1,M2m,674.8342465753425,670.347459419359,0,0,20.131258983098565,4.486787155983507
1960,1,M3,674.8342465753425,676.4682735508768,0,0,2.6700441567738094,1.6340269755343115
1960,1,M4,674.8342465753425,680.0833558730747,0,0,27.553148419538225,5.249109297732161
1960,1,M2_oracle,674.8342465753425,673.7600523053723,0,0,1.153893329636886,1.074194269970235
1960,5,naive_persist,659.6286849315069,671.7045205479452,1,0,145.8258058352404,12.075835616438326
1960,5,naive_mean,659.6286849315069,662.43575682985,1,0,7.879652642467595,2.8070718983431107
1960,5,M1,659.6286849315069,667.0514355906549,1,0,55.09722734788282,7.4227506591480505
1960,5,M2,659.6286849315069,687.6467544299544,1,0,785.0122184198351,28.018069498447517
1960,5,M2m,659.6286849315069,666.4008329954311,1,0,45.86198939971218,6.772148063924192
1960,5,M3,659.6286849315069,687.9892719668297,1,0,804.3228969881226,28.36058703532285
1960,5,M4,659.6286849315069,690.1939850016355,1,0,934.2375683770043,30.565300070128615
1960,5,M2_oracle,659.6286849315069,658.2077889894284,1,1,2.018945278215033,1.4208959420784595
1961,1,naive_persist,663.4681043956044,674.8342465753425,0,0,129.1891880500207,11.366142179738063
1961,1,naive_mean,663.4681043956044,662.878560035046,0,0,0.34756255306623696,0.5895443605584205
1961,1,M1,663.4681043956044,673.4488765808273,0,0,99.61581341331946,9.980772185222918
1961,1,M2,663.4681043956044,676.8269633259305,0,0,178.45911192035206,13.35885893032605
1961,1,M2m,663.4681043956044,673.35956431252,0,0,97.840979287947,9.89145991691555
1961,1,M3,663.4681043956044,676.6990374869565,0,0,175.05759046783564,13.230933091352085
1961,1,M4,663.4681043956044,676.043364851364,0,0,158.13717553019055,12.575260455759576
1961,1,M2_oracle,663.4681043956044,667.6322128295842,0,0,17.33979904994151,4.164108433979777
1961,5,naive_persist,659.4361538461538,674.8342465753425,1,0,237.1012596966923,15.398092729188647
1961,5,naive_mean,659.4361538461538,662.878560035046,1,0,11.850160369323074,3.442406188892164
1961,5,M1,659.4361538461538,669.4354467232008,1,0,99.98585804096224,9.999292877046969
1961,5,M2,659.4361538461538,682.7704962420366,1,0,544.4915350482935,23.3343423958828
1961,5,M2m,659.4361538461538,668.9611356009142,1,0,90.7252774285175,9.524981754760347
1961,5,M3,659.4361538461538,682.7039657475742,1,0,541.3910706798796,23.267811901420373
1961,5,M4,659.4361538461538,682.28563775817,1,0,522.0989150454837,22.849483912016126
1961,5,M2_oracle,659.4361538461538,661.4337233560373,1,0,3.9902839468158846,1.9975695098834194
1962,1,naive_persist,651.8947323943662,663.4681043956044,1,0,133.94293947904492,11.573372001238226
1962,1,naive_mean,651.8947323943662,662.8988891509274,1,0,121.09146592297154,11.004156756561201
1962,1,M1,651.8947323943662,663.1369024075502,1,0,126.38638660533404,11.242170013184023
1962,1,M2,651.8947323943662,656.5230410962948,1,1,21.421241440348293,4.628308701928631
1962,1,M2m,651.8947323943662,662.9566644565094,1,0,122.36634094747232,11.061932062143228
1962,1,M3,651.8947323943662,656.994385264879,1,1,26.006459399729863,5.099652870512841
1962,1,M4,651.8947323943662,659.1779981087221,1,1,53.04595946591266,7.2832657143559345
1962,1,M2_oracle,651.8947323943662,655.1040665794944,1,1,10.299825911832665,3.2093341851282275
1962,5,naive_persist,644.8193510324484,663.4681043956044,1,0,347.7760019998245,18.64875336315606
1962,5,naive_mean,644.8193510324484,662.8988891509274,1,0,326.8696985775365,18.079538118479036
1962,5,M1,644.8193510324484,662.2189128876564,1,0,302.74475275321095,17.39956185520805
1962,5,M2,644.8193510324484,637.6057963523923,1,1,52.035371122158736,7.213554680056063
1962,5,M2m,644.8193510324484,661.5635836330952,1,0,280.36932538456296,16.744232600646797
1962,5,M3,644.8193510324484,637.8125804523704,1,1,49.094833961845964,7.006770580077955
1962,5,M4,644.8193510324484,639.0124321129235,1,1,33.72030733793545,5.806918919524833
1962,5,M2_oracle,644.8193510324484,653.5405961949222,1,1,76.06011718397252,8.721245162473792
1963,1,naive_persist,648.0771584699453,651.8947323943662,1,1,14.573870668418488,3.8175739244209126
1963,1,naive_mean,648.0771584699453,662.5320839257087,1,0,208.94486993167595,14.454925455763373
1963,1,M1,648.0771584699453,652.8228793144948,1,1,22.521866334391714,4.74572084454951
1963,1,M2,648.0771584699453,644.7958530857791,1,1,10.766965024158203,3.2813053841662168
1963,1,M2m,648.0771584699453,652.8839584730787,1,1,23.105326270123154,4.8068000031333895
1963,1,M3,648.0771584699453,645.1809855293159,1,1,8.387817702034019,2.8961729406294126
1963,1,M4,648.0771584699453,647.2507270335021,1,1,0.6829889191415022,0.8264314364431584
1963,1,M2_oracle,648.0771584699453,649.6800327037308,1,1,2.5692058093335883,1.602874233785542
1963,5,naive_persist,670.1143715846994,651.8947323943662,0,1,331.95525222592426,18.21963919033317
1963,5,naive_mean,670.1143715846994,662.5320839257087,0,0,57.49108614368279,7.582287658990708
1963,5,M1,670.1143715846994,655.3892935467853,0,1,216.82792322265854,14.725078037914045
1963,5,M2,670.1143715846994,626.1415164262532,0,1,1933.6119907856819,43.97285515844612
1963,5,M2m,670.1143715846994,655.4834330524483,0,1,214.06436233450978,14.630938532251093
1963,5,M3,670.1143715846994,626.3036899870593,0,1,1919.3758220497957,43.81068159764004
1963,5,M4,670.1143715846994,627.361129006512,0,1,1827.8397509493345,42.75324257818738
1963,5,M2_oracle,670.1143715846994,657.3724568003989,0,1,162.35639237037398,12.741914784300434
1964,1,naive_persist,659.6286849315069,648.0771584699453,1,1,133.4377635921577,11.551526461561593
1964,1,naive_mean,659.6286849315069,662.0657960077808,1,0,5.939510398097104,2.4371110762739363
1964,1,M1,659.6286849315069,649.2912412060612,1,1,106.86274277675716,10.337443725445723
1964,1,M2,659.6286849315069,646.3482633795948,1,1,176.3695965964921,13.280421551912127
1964,1,M2m,659.6286849315069,649.5435232783484,1,1,101.71048557033828,10.08516165315848
1964,1,M3,659.6286849315069,646.5459388693729,1,1,171.1582445262825,13.082746062133992
1964,1,M4,659.6286849315069,647.7184869656777,1,1,141.85281558524164,11.910197965829184
1964,1,M2_oracle,659.6286849315069,650.3752848615205,1,1,85.62541285522349,9.253400069986355
1964,5,naive_persist,664.3702465753425,648.0771584699453,0,1,265.46472001023767,16.29308810539726
1964,5,naive_mean,664.3702465753425,662.0657960077808,0,0,5.31049241833558,2.30445056756173
1964,5,M1,664.3702465753425,652.7108634039603,0,1,135.94121593711216,11.659383171382274
1964,5,M2,664.3702465753425,641.8175851680111,0,1,508.6225365537383,22.55266140733147
1964,5,M2m,664.3702465753425,653.3862243911835,0,1,120.6487433420974,10.984022184159016
1964,5,M3,664.3702465753425,641.9015174885557,0,1,504.84378677542276,22.46872908678688
1964,5,M4,664.3702465753425,642.4945264326152,0,1,478.54713176292694,21.875720142727346
1964,5,M2_oracle,664.3702465753425,655.6831265796934,0,1,75.46605381880713,8.687119995649141
1965,1,naive_persist,659.4361538461538,659.6286849315069,1,1,0.037068218827219224,0.1925310853530391
1965,1,naive_mean,659.4361538461538,661.9896362866474,1,0,6.520272573908914,2.5534824404935534
1965,1,M1,659.4361538461538,659.6578829296867,1,1,0.04916378648432379,0.22172908353286402
1965,1,M2,659.4361538461538,660.8039411416321,1,0,1.8708420856717096,1.3677872954782515
1965,1,M2m,659.4361538461538,659.5240972048741,1,1,0.007734034343004049,0.08794335872028114
1965,1,M3,659.4361538461538,659.4146310779154,1,1,0.000463229552646864,0.021522768238469325
1965,1,M4,659.4361538461538,652.7506056586154,1,1,44.6965545678982,6.685548187538416
1965,1,M2_oracle,659.4361538461538,660.6478754996281,1,0,1.4682693654983179,1.2117216534742283
1965,5,naive_persist,665.8043013698631,659.6286849315069,0,1,38.138238393695325,6.175616438356201
1965,5,naive_mean,665.8043013698631,661.9896362866474,0,0,14.551669697104941,3.8146650832156865
1965,5,M1,665.8043013698631,659.7359827034409,0,1,36.82449143724829,6.068318666422215
1965,5,M2,665.8043013698631,663.8806375207315,0,0,3.700482604455694,1.9236638491315716
1965,5,M2m,665.8043013698631,659.250297605215,0,1,42.95496534702129,6.554003764648087
1965,5,M3,665.8043013698631,663.3087669818735,0,0,6.227691881638382,2.495534387989551
1965,5,M4,665.8043013698631,659.9015037571098,0,1,34.843019657125595,5.902797612753261
1965,5,M2_oracle,665.8043013698631,663.4309417129944,0,0,5.632836060852051,2.373359656868729
1966,1,naive_persist,644.8193510324484,659.4361538461538,1,1,213.65092449474832,14.616802813705476
1966,1,naive_mean,644.8193510324484,661.9122580308748,1,0,292.1674696568552,17.09290699842643
1966,1,M1,644.8193510324484,659.4880184627414,1,1,215.16980418053862,14.668667430292999
1966,1,M2,644.8193510324484,660.3613327258965,1,0,241.5531949594783,15.541981693448179
1966,1,M2m,644.8193510324484,659.3727397194341,1,1,211.80112227448413,14.553388686985727
1966,1,M3,644.8193510324484,660.5342275081804,1,0,246.9573426475154,15.714876475732012
1966,1,M4,644.8193510324484,661.3835366508295,1,0,274.3722452001829,16.56418561838109
1966,1,M2_oracle,644.8193510324484,656.0176528173515,1,1,125.4019628657651,11.198301784903151
1966,5,naive_persist,651.6140273972603,659.4361538461538,1,1,61.18566218247967,7.822126448893528
1966,5,naive_mean,651.6140273972603,661.9122580308748,1,0,106.0535541831157,10.29823063361448
1966,5,M1,651.6140273972603,659.6267737195092,1,1,64.20410362471262,8.012746322248859
1966,5,M2,651.6140273972603,662.7608558804052,1,0,124.25178523264982,11.146828483144873
1966,5,M2m,651.6140273972603,659.208270265236,1,1,57.67252473779992,7.594242867975709
1966,5,M3,651.6140273972603,662.8311158665222,1,0,125.82307372724722,11.217088469261853
1966,5,M4,651.6140273972603,663.2575725027539,1,0,135.572142623663,11.643545105493558
1966,5,M2_oracle,651.6140273972603,665.9219470909476,1,0,204.71656596100397,14.307919693687268
1967,1,naive_persist,670.1143715846994,644.8193510324484,0,1,639.8380647388007,25.295020552251003
1967,1,naive_mean,670.1143715846994,661.4095254720976,0,0,75.77434584407841,8.704846112601786
1967,1,M1,670.1143715846994,646.6039021243115,0,1,552.7421742478306,23.510469460387867
1967,1,M2,670.1143715846994,641.3690297183251,0,1,826.2946790147281,28.745341866374247
1967,1,M2m,670.1143715846994,647.743351903647,0,1,500.4625215700346,22.371019681052417
1967,1,M3,670.1143715846994,642.2357110907114,0,1,777.2197109390429,27.878660493987923
1967,1,M4,670.1143715846994,648.145892907622,0,1,482.61405538520063,21.968478677077314
1967,1,M2_oracle,670.1143715846994,652.5255593578152,0,1,309.3663155525917,17.588812226884215
1967,5,naive_persist,668.0121038251366,644.8193510324484,0,1,537.9037821027474,23.192752792688225
1967,5,naive_mean,668.0121038251366,661.4095254720976,0,0,43.59404090801929,6.602578353039007
1967,5,M1,668.0121038251366,651.4406651667516,0,1,274.61257920861607,16.571438658384977
1967,5,M2,668.0121038251366,633.6707916968218,0,1,1179.3257186943429,34.341312128314826
1967,5,M2m,668.0121038251366,654.2672818893643,0,1,188.92013004608683,13.74482193577228
1967,5,M3,668.0121038251366,633.9517959780027,0,1,1160.104570641532,34.06030784713391
1967,5,M4,668.0121038251366,636.1795721782354,0,1,1013.3100710509666,31.832531646901202
1967,5,M2_oracle,668.0121038251366,650.7456782243655,0,1,298.12945302696266,17.266425600771072
1968,1,naive_persist,664.3702465753425,670.1143715846994,0,0,32.9949721231185,5.7441250093568215
1968,1,naive_mean,664.3702465753425,661.658235361029,0,0,7.355004826562294,2.71201121431352
1968,1,M1,664.3702465753425,668.3693026597679,0,0,15.992449566379168,3.9990560844253196
1968,1,M2,664.3702465753425,673.4391422387483,0,0,82.24486855374022,9.068895663405783
1968,1,M2m,664.3702465753425,667.9228239190817,0,0,12.620805783248578,3.552577343739131
1968,1,M3,664.3702465753425,667.8908147403861,0,0,12.394400204717954,3.520568165043528
1968,1,M4,664.3702465753425,659.0477045182001,0,1,28.3294539500498,5.322542057142414
1968,1,M2_oracle,664.3702465753425,666.1173907562309,0,0,3.0525127888118937,1.7471441808883128
1968,5,naive_persist,681.9524657534247,670.1143715846994,0,0,140.14047354760842,11.83809416872532
1968,5,naive_mean,681.9524657534247,661.658235361029,0,0,411.8557872196358,20.29423039239566
1968,5,M1,681.9524657534247,664.2422294730742,0,0,313.6524691058431,17.7102362803505
1968,5,M2,681.9524657534247,680.4675339735783,0,0,2.2050223907978563,1.4849317798464199
1968,5,M2m,681.9524657534247,663.2900064702286,0,0,348.28738649695174,18.662459283196085
1968,5,M3,681.9524657534247,679.1683179638625,0,0,7.751478914124151,2.784147789562212
1968,5,M4,681.9524657534247,675.4559602448073,0,0,42.20458382349571,6.496505508617361
1968,5,M2_oracle,681.9524657534247,677.2536611018745,0,0,22.078765153429575,4.6988046515501765
1969,1,naive_persist,665.8043013698631,664.3702465753425,0,0,2.056513153687332,1.4340547945205344
1969,1,naive_mean,665.8043013698631,661.7335690058711,0,0,16.57086197925161,4.070732363991965
1969,1,M1,665.8043013698631,663.6451977541259,0,0,4.661728423489427,2.1591036157371946
1969,1,M2,665.8043013698631,661.3926719691086,0,0,19.46247396960119,4.411629400754464
1969,1,M2m,665.8043013698631,663.4389480579238,0,0,5.594896290302291,2.365353311939316
1969,1,M3,665.8043013698631,661.7355365731495,0,0,16.554846970975817,4.0687647967135945
1969,1,M4,665.8043013698631,662.571835209886,0,0,10.448837475397056,3.2324661599770934
1969,1,M2_oracle,665.8043013698631,661.5981157192384,0,0,17.691997727520807,4.206185650624661
1969,5,naive_persist,678.2443561643836,664.3702465753425,0,0,192.49091688872056,13.87410958904104
1969,5,naive_mean,678.2443561643836,661.7335690058711,0,0,272.60609259370034,16.51078715851247
1969,5,M1,678.2443561643836,661.9507278467756,0,0,265.4823237523558,16.293628317607954
1969,5,M2,678.2443561643836,655.2519774744144,0,1,528.6494778229498,22.9923786899692
1969,5,M2m,678.2443561643836,661.518317868891,0,0,279.7603570622841,16.72603829549257
1969,5,M3,678.2443561643836,655.3341668040297,0,1,524.8767765272736,22.91018936035391
1969,5,M4,678.2443561643836,655.6359949165919,0,1,511.1379983106478,22.608361247791663
1969,5,M2_oracle,678.2443561643836,667.9766112870021,0,0,105.42658486699322,10.26774487738146
1970,1,naive_persist,651.6140273972603,665.8043013698631,1,0,201.36387541752754,14.190273972602768
1970,1,naive_mean,651.6140273972603,661.8435887994925,1,0,104.64392648203896,10.229561402232207
1970,1,M1,651.6140273972603,664.8499564928045,1,0,175.18981902227296,13.23592909554418
1970,1,M2,651.6140273972603,663.551515789856,1,0,142.50362912335697,11.937488392595696
1970,1,M2m,651.6140273972603,664.6278103485871,1,0,169.3585467042438,13.013782951326789
1970,1,M3,651.6140273972603,662.5652444763922,1,0,119.92915551426978,10.95121707913188
1970,1,M4,651.6140273972603,660.5128556850691,1,0,79.1891448959058,8.898828287808783
1970,1,M2_oracle,651.6140273972603,666.4123704619675,1,0,218.99095746076716,14.798343064707183
1970,5,naive_persist,679.3312054794521,665.8043013698631,0,0,182.97713479001726,13.526904109589054
1970,5,naive_mean,679.3312054794521,661.8435887994925,0,0,305.8167371452017,17.487616679959615
1970,5,M1,679.3312054794521,662.6151433014555,0,0,279.4267347386486,16.716062177996605
1970,5,M2,679.3312054794521,658.7002180485688,0,1,425.63764237326683,20.63098743088335
1970,5,M2m,679.3312054794521,662.0942766271298,0,0,297.11171626002124,17.236928852322308
1970,5,M3,679.3312054794521,658.4512594125221,0,1,435.97214775790866,20.879946066930074
1970,5,M4,679.3312054794521,657.6205523780999,0,1,471.3524580872561,21.71065310135225
1970,5,M2_oracle,679.3312054794521,675.0884210064395,0,0,18.001220084437215,4.242784473012648
1971,1,naive_persist,668.0121038251366,651.6140273972603,0,1,268.8969105344716,16.398076427876276
1971,1,naive_mean,668.0121038251366,661.5743898152232,0,0,41.44416167343535,6.437714009913407
1971,1,M1,668.0121038251366,653.2506187162335,0,1,217.90144262036844,14.761485108903116
1971,1,M2,668.0121038251366,651.1253865255275,0,1,285.1612211569183,16.88671729960913
1971,1,M2m,668.0121038251366,654.0621251226584,0,1,194.6019057995963,13.949978702478234
1971,1,M3,668.0121038251366,653.0360907402776,0,1,224.28096791786814,14.976013084859005
1971,1,M4,668.0121038251366,658.8785372544735,0,1,83.42203830073461,9.133566570663106
1971,1,M2_oracle,668.0121038251366,649.8583291719834,0,1,329.55953415746626,18.153774653153164
1971,5,naive_persist,678.1262191780822,651.6140273972603,0,1,702.8963130230815,26.512191780821922
1971,5,naive_mean,678.1262191780822,661.5743898152232,0,0,273.9630552572031,16.551829362859053
1971,5,M1,678.1262191780822,657.0130961853092,0,1,445.7639625079605,21.113122992773015
1971,5,M2,678.1262191780822,650.236497569885,0,1,777.8365713827413,27.889721608197192
1971,5,M2m,678.1262191780822,658.5154714477876,0,1,384.5814265412561,19.610747730294634
1971,5,M3,678.1262191780822,650.6131753688109,0,1,756.9675796508863,27.51304380927138
1971,5,M4,678.1262191780822,652.2132149185677,0,1,671.4837897536186,25.913004259514537
1971,5,M2_oracle,678.1262191780822,659.5467046090598,0,1,345.19836162051644,18.57951456902242
1972,1,naive_persist,681.9524657534247,668.0121038251366,0,0,194.33369069166426,13.940361928288098
1972,1,naive_mean,681.9524657534247,661.739459405221,0,0,408.56562563252044,20.213006348203635
1972,1,M1,681.9524657534247,666.4818356993304,0,0,239.34039427064494,15.470630054094272
1972,1,M2,681.9524657534247,664.4104480875998,0,0,307.7223837881134,17.542017665824915
1972,1,M2m,681.9524657534247,666.0978826617744,0,0,251.36780501004307,15.854583091650284
1972,1,M3,681.9524657534247,657.660640475266,0,1,590.0927753445919,24.29182527815874
1972,1,M4,681.9524657534247,651.2873563052357,0,1,940.3489374694111,30.665109448189014
1972,1,M2_oracle,681.9524657534247,680.7505136864997,0,0,1.4446887711851497,1.201952066924946
1972,5,naive_persist,686.50591160221,668.0121038251366,0,0,342.020926095339,18.493807777073357
1972,5,naive_mean,686.50591160221,661.739459405221,0,0,613.377154425736,24.766452196988894
1972,5,M1,686.50591160221,663.1400370080806,0,0,545.9640955485775,23.36587459412931
1972,5,M2,686.50591160221,657.5705861482961,0,1,837.2530591239138,28.935325453913833
1972,5,M2m,686.50591160221,662.4626078235285,0,0,578.0804565939569,24.043303778681434
1972,5,M3,686.50591160221,656.3255864368334,0,1,910.8520270878598,30.18032516537653
1972,5,M4,686.50591160221,653.7135586069769,0,1,1075.3384149639696,32.792352995233045
1972,5,M2_oracle,686.50591160221,670.207010224204,0,0,265.65418612996245,16.298901378005894
1973,1,naive_persist,678.2443561643836,681.9524657534247,0,0,13.75007672433856,3.7081095890411007
1973,1,naive_mean,678.2443561643836,662.244784563926,0,0,255.986291398168,15.999571600457557
1973,1,M1,678.2443561643836,677.8842868511337,0,0,0.12964991034428147,0.3600693132499373
1973,1,M2,678.2443561643836,691.1647572308898,0,0,166.9367637193746,12.920401066506201
1973,1,M2m,678.2443561643836,676.632179327624,0,0,2.5991141529840127,1.612176836759545
1973,1,M3,678.2443561643836,690.8498378797775,0,0,158.89816927713048,12.605481715393921
1973,1,M4,678.2443561643836,690.3832378909555,0,0,147.3524495717004,12.138881726571867
1973,1,M2_oracle,678.2443561643836,672.5878993970784,0,0,31.99550316039216,5.656456767305144
1973,5,naive_persist,673.2055807365439,681.9524657534247,0,0,76.50799749853401,8.74688501688081
1973,5,naive_mean,673.2055807365439,662.244784563926,0,0,120.13905273767405,10.960796172617847
1973,5,M1,673.2055807365439,668.6946504317422,0,0,20.34849221477852,4.510930304801718
1973,5,M2,673.2055807365439,708.8029274559343,0,0,1267.1710934604966,35.59734671939043
1973,5,M2m,673.2055807365439,666.4457758845922,0,0,45.69496163646954,6.759804851951685
1973,5,M3,673.2055807365439,708.7421385816455,0,0,1262.846943478251,35.53655784510158
1973,5,M4,673.2055807365439,708.5763188873981,0,0,1251.0891173362934,35.37073815085421
1973,5,M2_oracle,673.2055807365439,659.6798707933215,0,1,182.94482946818556,13.52570994322241
1974,1,naive_persist,679.3312054794521,678.2443561643836,0,0,1.1812414336649721,1.086849315068548
1974,1,naive_mean,679.3312054794521,662.6350180175958,0,0,278.7626757614479,16.69618746185631
1974,1,M1,679.3312054794521,674.9991887846757,0,0,18.76636864382218,4.332016694776485
1974,1,M2,679.3312054794521,671.1554740588891,0,0,66.84258426118127,8.175731420563011
1974,1,M2m,679.3312054794521,674.3293494246716,0,0,25.018563992744813,5.001856054780546
1974,1,M3,679.3312054794521,669.5057875560564,0,0,96.53883736938695,9.825417923395776
1974,1,M4,679.3312054794521,667.3221962807495,0,0,144.2163019345247,12.009009198702643
1974,1,M2_oracle,679.3312054794521,678.8752646901638,0,0,0.20788200333685627,0.45594078928832005
1974,5,naive_persist,682.3877534246575,678.2443561643836,0,0,17.167740856445263,4.1433972602739
1974,5,naive_mean,682.3877534246575,662.6350180175958,0,0,390.1705560613875,19.752735407061664
1974,5,M1,682.3877534246575,667.6514286987835,0,0,217.15926642640372,14.736324725873942
1974,5,M2,682.3877534246575,656.6663617416926,0,1,661.5899901084933,25.72139168296485
1974,5,M2m,682.3877534246575,666.3273864169496,0,0,257.9353884222723,16.060367007707896
1974,5,M3,682.3877534246575,656.311089044914,0,1,679.9924251737853,26.076664379743534
1974,5,M4,682.3877534246575,655.3985037539932,0,1,728.4195977854541,26.98924967066432
1974,5,M2_oracle,682.3877534246575,669.4721403084241,0,0,166.81306216822102,12.91561311623343
1975,1,naive_persist,678.1262191780822,679.3312054794521,0,0,1.4519919864891104,1.2049863013698996
1975,1,naive_mean,678.1262191780822,663.0325462904972,0,0,227.81896123742024,15.093672887585058
1975,1,M1,678.1262191780822,676.0872334293996,0,0,4.157462883330941,2.0389857486826486
1975,1,M2,678.1262191780822,679.7546982551365,0,0,2.6519441044036056,1.628479077054294
1975,1,M2m,678.1262191780822,675.2819728056467,0,0,8.089737427112942,2.8442463724355775
1975,1,M3,678.1262191780822,679.6066407009057,0,0,2.1916478852389396,1.4804215228234625
1975,1,M4,678.1262191780822,679.405819694792,0,0,1.6373774823637477,1.2796005167097064
1975,1,M2_oracle,678.1262191780822,677.5245571344293,0,0,0.3619972147726281,0.6016620436529365
1975,5,naive_persist,663.3322857142857,679.3312054794521,0,0,255.96543365223272,15.99891976516642
1975,5,naive_mean,663.3322857142857,663.0325462904972,0,0,0.0898437221730844,0.29973942378853735
1975,5,M1,663.3322857142857,668.5812226400502,0,0,27.551338850654044,5.248936925764497
1975,5,M2,663.3322857142857,680.6233113131099,0,0,298.97956625919204,17.29102559882415
1975,5,M2m,663.3322857142857,666.9767157217314,0,0,13.281870079170192,3.644430007445635
1975,5,M3,663.3322857142857,680.5911416071667,0,0,297.8681067312333,17.258855892881
1975,5,M4,663.3322857142857,680.5073428392733,0,0,294.98258724658643,17.175057124987575
1975,5,M2_oracle,663.3322857142857,656.3590150824817,0,1,48.626503304379945,6.9732706318039845
1976,1,naive_persist,686.50591160221,678.1262191780822,0,0,70.21924512298335,8.379692424127711
1976,1,naive_mean,686.50591160221,663.3835619390455,0,0,534.6430539456395,23.122349663164414
1976,1,M1,686.50591160221,675.2363331525447,0,0,127.00339843315902,11.269578449665232
1976,1,M2,686.50591160221,676.7032639374638,0,0,96.0919012391528,9.802647664746132
1976,1,M2m,686.50591160221,674.4666841885327,0,0,144.94299671823856,12.039227413677281
1976,1,M3,686.50591160221,676.5062265374611,0,0,99.9937013941614,9.99968506474886
1976,1,M4,686.50591160221,676.2414242661024,0,0,105.35970027311227,10.26448733610755
1976,1,M2_oracle,686.50591160221,676.8567108805529,0,0,93.107074566827,9.649200721657053
1976,5,naive_persist,674.4084806629834,678.1262191780822,0,0,13.821579666649464,3.7177385150988584
1976,5,naive_mean,674.4084806629834,663.3835619390455,0,0,121.54883286943526,11.024918723937844
1976,5,M1,674.4084806629834,668.4804082598223,0,0,35.14204241712,5.928072403161082
1976,5,M2,674.4084806629834,673.7718218538141,0,0,0.40533443929282276,0.636658809169262
1976,5,M2m,674.4084806629834,666.9276453145538,0,0,55.96289751031287,7.480835348429537
1976,5,M3,674.4084806629834,673.7287007527068,0,0,0.46210072641563427,0.6797799102765794
1976,5,M4,674.4084806629834,673.6169307480465,0,0,0.6265512678366493,0.7915499149369225
1976,5,M2_oracle,674.4084806629834,670.3345791497259,0,0,16.596673539721834,4.0739015132575105
1977,1,naive_persist,673.2055807365439,686.50591160221,0,0,176.89880113618952,13.30033086566607
1977,1,naive_mean,673.2055807365439,663.9090698859357,0,0,86.42511399547654,9.296510850608229
1977,1,M1,673.2055807365439,682.588014001646,0,0,88.03005397409487,9.382433265102122
1977,1,M2,673.2055807365439,684.7675236891502,0,0,133.67852483932185,11.561942952606273
1977,1,M2m,673.2055807365439,681.512873609534,0,0,69.01111487763312,8.30729287299016
1977,1,M3,673.2055807365439,681.3193086086319,0,0,65.832579982298,8.11372787208802
1977,1,M4,673.2055807365439,677.2042076269306,0,0,15.98901700852386,3.9986268903867312
1977,1,M2_oracle,673.2055807365439,674.4729411477822,0,0,1.6062024119741498,1.2673604112383146
1977,5,naive_persist,665.4723287671233,686.50591160221,0,0,442.41160688045346,21.03358283508669
1977,5,naive_mean,665.4723287671233,663.9090698859357,0,0,2.4437783296119306,1.5632588811876076
1977,5,M1,665.4723287671233,672.9599366781368,0,0,56.0642722290732,7.487607911013583
1977,5,M2,665.4723287671233,680.9645822520115,0,0,240.00991804003175,15.492253484888238
1977,5,M2m,665.4723287671233,670.5899772082741,0,0,26.190325567214142,5.117648441150891
1977,5,M3,665.4723287671233,680.1303649810571,0,0,214.85802564899717,14.658036213933883
1977,5,M4,665.4723287671233,678.1024598651537,0,0,159.52021155343613,12.63013109803046
1977,5,M2_oracle,665.4723287671233,665.5239421341686,0,0,0.0026639396577549292,0.05161336704532005
1978,1,naive_persist,682.3877534246575,673.2055807365439,0,0,84.31229527433952,9.18217268811361
1978,1,naive_mean,682.3877534246575,664.1156590159492,0,0,333.86943408074956,18.272094408708313
1978,1,M1,682.3877534246575,671.3412785148068,0,0,122.0246079339598,11.046474909850645
1978,1,M2,682.3877534246575,663.970136088857,0,0,339.2086283279796,18.417617335800514
1978,1,M2m,682.3877534246575,671.0202415979077,0,0,129.22032513129702,11.36751182674982
1978,1,M3,682.3877534246575,664.3687640788038,0,0,324.683977045989,18.018989345853697
1978,1,M4,682.3877534246575,664.8831947482206,0,0,306.4095744568219,17.504558676436886
1978,1,M2_oracle,682.3877534246575,677.3451956075867,0,0,25.427389338501982,5.042557817070815
1978,5,naive_persist,657.3258677685951,673.2055807365439,1,0,252.1652839444401,15.879712967948763
1978,5,naive_mean,657.3258677685951,664.1156590159492,1,0,46.101265182645804,6.78979124735406
1978,5,M1,657.3258677685951,667.0281859366833,1,0,94.13497783481321,9.70231816808814
1978,5,M2,657.3258677685951,643.9631101524762,1,1,178.56329110714287,13.36275761611887
1978,5,M2m,657.3258677685951,666.2860746471662,1,0,80.28530730679209,8.960206878571057
1978,5,M3,657.3258677685951,644.0584196118169,1,1,176.02518059279691,13.267448156778187
1978,5,M4,657.3258677685951,644.3005446480049,1,1,169.65904239578165,13.025323120590201
1978,5,M2_oracle,657.3258677685951,655.9742176955438,1,1,1.8269579199797465,1.3516500730513599
1979,1,naive_persist,663.3322857142857,682.3877534246575,0,0,363.11084966102123,19.055467710371772
1979,1,naive_mean,663.3322857142857,664.5128784596167,0,0,1.3937992303280813,1.180592745330955
1979,1,M1,663.3322857142857,679.0512952429904,0,0,247.08726056350747,15.719009528704646
1979,1,M2,663.3322857142857,685.0712626267554,0,0,472.58311720088795,21.73897691246964
1979,1,M2m,663.3322857142857,678.4208372622869,0,0,227.66438781668916,15.088551548001192
1979,1,M3,663.3322857142857,683.2166634600826,0,0,395.3884783375423,19.884377745796883
1979,1,M4,663.3322857142857,680.9817097820145,0,0,311.5021699225237,17.649424067728773
1979,1,M2_oracle,663.3322857142857,668.1291949818352,0,0,23.01033852110223,4.796909267549495
1979,5,naive_persist,638.7970218579235,682.3877534246575,1,0,1900.1518785230605,43.59073156673401
1979,5,naive_mean,638.7970218579235,664.5128784596167,1,0,661.3052807588472,25.71585660169319
1979,5,M1,638.7970218579235,671.109704847275,1,0,1044.1094819703267,32.312682989351515
1979,5,M2,638.7970218579235,690.9720521342367,1,0,2722.233784334203,52.17503027631324
1979,5,M2m,638.7970218579235,669.6979540876453,1,0,954.8676126658579,30.900932229721775
1979,5,M3,638.7970218579235,690.5188506772214,1,0,2675.147576412756,51.72182881929791
1979,5,M4,638.7970218579235,689.4106496002928,1,0,2561.739313243137,50.61362774236932
1979,5,M2_oracle,638.7970218579235,645.0104730776766,1,1,38.60697606025124,6.213451219753097
1980,1,naive_persist,674.4084806629834,663.3322857142857,0,0,122.6820945415556,11.076194948697662
1980,1,naive_mean,674.4084806629834,664.4877594650352,0,0,98.42070908741843,9.920721197948183
1980,1,M1,674.4084806629834,663.4439237240199,0,0,120.22150886777226,10.964556938963483
1980,1,M2,674.4084806629834,652.5034459801143,0,1,479.83054445769756,21.905034682869086
1980,1,M2m,674.4084806629834,663.3552495031013,0,0,122.17391907378865,11.053231159882102
1980,1,M3,674.4084806629834,654.0394689707637,0,1,414.8966373177835,20.369011692219715
1980,1,M4,674.4084806629834,655.9384073243525,0,1,341.1436091344028,18.47007333863087
1980,1,M2_oracle,674.4084806629834,676.8576033583306,0,0,5.99820197686487,2.449122695347228
1980,5,naive_persist,659.312561983471,663.3322857142857,1,0,16.158178872074767,4.01972373081469
1980,5,naive_mean,659.312561983471,664.4877594650352,1,0,26.782668973188116,5.175197481564169
1980,5,M1,659.312561983471,663.6898572433191,1,0,19.160713791888618,4.377295259848097
1980,5,M2,659.312561983471,629.2635085222933,1,1,902.9456139127202,30.049053461177778
1980,5,M2m,659.312561983471,663.4045324391282,1,0,16.744222209970847,4.091970455657133
1980,5,M3,659.312561983471,629.6232460183536,1,1,881.4554824765768,29.68931596511743
1980,5,M4,659.312561983471,630.5146091083515,1,1,829.3220897976071,28.797952875119563
1980,5,M2_oracle,659.312561983471,646.9124442457536,1,1,153.7629199092546,12.400117737717437
1981,1,naive_persist,665.4723287671233,674.4084806629834,0,0,79.85481070588443,8.936151895860121
1981,1,naive_mean,665.4723287671233,664.6944411566592,0,0,0.6051091345134899,0.7778876104640631
1981,1,M1,665.4723287671233,672.2508465977647,0,0,45.948303980324425,6.778517830641476
1981,1,M2,665.4723287671233,684.9942647830646,0,0,381.10598581050914,19.521936015941378
1981,1,M2m,665.4723287671233,672.0758063137854,0,0,43.60591570927096,6.603477546662134
1981,1,M3,665.4723287671233,685.82061727603,0,0,414.05284524170696,20.348288508906762
1981,1,M4,665.4723287671233,686.9098442040247,0,0,459.56706810738734,21.437515436901435
1981,1,M2_oracle,665.4723287671233,662.2777999562401,0,0,10.205014323562734,3.1945288108831846
1981,5,naive_persist,666.7662465753424,674.4084806629834,0,0,58.403741850301856,7.642234087640986
1981,5,naive_mean,666.7662465753424,664.6944411566592,0,0,4.2923776928850605,2.071805418683198
1981,5,M1,666.7662465753424,667.5143743904529,0,0,0.5596952277419789,0.7481278151104789
1981,5,M2,666.7662465753424,707.7355729431274,0,0,1678.4857030300846,40.969326367785015
1981,5,M2m,666.7662465753424,667.0645510670861,0,0,0.08898556979446287,0.2983044917436928
1981,5,M3,666.7662465753424,707.9305284967937,0,0,1694.498106108725,41.164281921451334
1981,5,M4,666.7662465753424,708.4315269611261,0,0,1735.9955896259733,41.66528038578372
1981,5,M2_oracle,666.7662465753424,655.7147297257416,0,1,122.13602467701105,11.05151684960083
1982,1,naive_persist,657.3258677685951,665.4723287671233,1,0,66.36482680054011,8.146460998528141
1982,1,naive_mean,657.3258677685951,664.7103164140156,1,0,54.53008179685169,7.384448645420434
1982,1,M1,657.3258677685951,665.1886828328018,1,0,61.82386073391491,7.862815064206643
1982,1,M2,657.3258677685951,655.811444922927,1,1,2.293476555481618,1.5144228456681503
1982,1,M2m,657.3258677685951,665.0939238962105,1,0,60.34269600178331,7.768056127615409
1982,1,M3,657.3258677685951,654.6846863524185,1,1,6.97583927315697,2.6411814161766642
1982,1,M4,657.3258677685951,653.2559198485391,1,1,16.56447607196858,4.069947920056052
1982,1,M2_oracle,657.3258677685951,656.7074280911518,1,1,0.3824676346362324,0.618439677443348
1982,5,naive_persist,684.2446428571428,665.4723287671233,0,0,352.399776294347,18.772314090019563
1982,5,naive_mean,684.2446428571428,664.7103164140156,0,0,381.5899095866613,19.53432644312727
1982,5,M1,684.2446428571428,664.5772248570834,0,0,386.8073307890627,19.667418000059456
1982,5,M2,684.2446428571428,634.8910674352603,0,1,2435.7754069234456,49.35357542188251
1982,5,M2m,684.2446428571428,664.2744985858213,0,0,398.80666221739443,19.970144271321487
1982,5,M3,684.2446428571428,634.6222665492808,0,1,2462.3802304390692,49.622376307862055
1982,5,M4,684.2446428571428,633.9461896699278,0,1,2529.9343930264636,50.298453187215046
1982,5,M2_oracle,684.2446428571428,684.0970581940635,0,0,0.021781232776238908,0.1475846630793285
1983,1,naive_persist,638.7970218579235,657.3258677685951,1,1,343.31813078141295,18.528845910671635
1983,1,naive_mean,638.7970218579235,664.5626274411072,1,0,663.8664310681892,25.765605583183742
1983,1,M1,638.7970218579235,658.7800353786726,1,1,399.3208293704401,19.98301352074907
1983,1,M2,638.7970218579235,650.4936010268896,1,1,136.8099642558913,11.696579168966082
1983,1,M2m,638.7970218579235,658.6728201961182,1,1,395.04735958058427,19.875798338194727
1983,1,M3,638.7970218579235,650.2662435369905,1,1,131.54304592358056,11.469221679067005
1983,1,M4,638.7970218579235,649.974106312359,1,1,124.9272169015847,11.177084454435544
1983,1,M2_oracle,638.7970218579235,643.0163328602412,1,1,17.802585334279037,4.219311002317681
1983,5,naive_persist,664.6300273224043,657.3258677685951,0,1,53.35074678750221,7.3041595538092
1983,5,naive_mean,664.6300273224043,664.5626274411072,0,0,0.004542743998862116,0.06739988129709218
1983,5,M1,664.6300273224043,661.9096105703047,0,0,7.40066730510411,2.720416752099595
1983,5,M2,664.6300273224043,635.6980360833364,0,1,837.0601170575007,28.931991239067884
1983,5,M2m,664.6300273224043,661.5897031093165,0,0,9.24357132068821,3.0403242130878425
1983,5,M3,664.6300273224043,635.6437329944727,0,1,840.2052588654831,28.98629432793166
1983,5,M4,664.6300273224043,635.5061221146213,0,1,848.2018545519279,29.12390520778297
1983,5,M2_oracle,664.6300273224043,666.741672709476,0,0,4.459046240741146,2.1116453870716896
1984,1,naive_persist,659.312561983471,638.7970218579235,1,1,420.8873866429514,20.515540125547545
1984,1,naive_mean,659.312561983471,664.0574194884957,1,0,22.513672742989193,4.744857505024697
1984,1,M1,659.312561983471,643.8087913675886,1,1,240.36690330989993,15.503770615882445
1984,1,M2,659.312561983471,627.9492720235237,1,1,983.6559571117334,31.363289959947338
1984,1,M2m,659.312561983471,643.9620142088728,1,1,235.63931698022256,15.350547774598226
1984,1,M3,659.312561983471,629.3351101537914,1,1,898.6476182007597,29.97745182967958
1984,1,M4,659.312561983471,631.1303801284474,1,1,794.2353741096215,28.1821818550236
1984,1,M2_oracle,659.312561983471,644.5971336755912,1,1,216.54383028435154,14.715428307879847
1984,5,naive_persist,644.1396164383561,638.7970218579235,1,1,28.543316850868433,5.34259458043266
1984,5,naive_mean,644.1396164383561,664.0574194884957,1,0,396.71887834414963,19.917803050139582
1984,5,M1,644.1396164383561,655.0305308531466,1,1,118.61201679029091,10.890914414790473
1984,5,M2,644.1396164383561,610.0,1,1,1165.5134105580769,34.13961643835614
1984,5,M2m,644.1396164383561,655.2363921465384,1,1,123.13843111770336,11.096775708182236
1984,5,M3,644.1396164383561,610.0,1,1,1165.5134105580769,34.13961643835614
1984,5,M4,644.1396164383561,610.0,1,1,1165.5134105580769,34.13961643835614
1984,5,M2_oracle,644.1396164383561,647.5453208906498,1,1,11.598822816372873,3.405704452293662
1985,1,naive_persist,666.7662465753424,659.312561983471,0,1,55.5574139951006,7.453684591871365
1985,1,naive_mean,666.7662465753424,663.9661722287836,0,0,7.840416346256381,2.8000743465587448
1985,1,M1,666.7662465753424,660.3038948227476,0,0,41.761990174265435,6.462351752594827
1985,1,M2,666.7662465753424,662.4219799066008,0,0,18.872652889139456,4.344266668741625
1985,1,M2m,666.7662465753424,660.2223333810198,0,0,42.822799894829586,6.543913194322613
1985,1,M3,666.7662465753424,657.5667502685089,0,1,84.63073229944234,9.199496306833453
1985,1,M4,666.7662465753424,651.795031041655,0,1,224.13729455612372,14.971215533687428
1985,1,M2_oracle,666.7662465753424,667.798858069054,0,0,1.0662864969452113,1.0326114937115562
1985,5,naive_persist,645.8410220994475,659.312561983471,1,1,181.48238684683628,13.471539884023514
1985,5,naive_mean,645.8410220994475,663.9661722287836,1,0,328.5210672109737,18.125150129336134
1985,5,M1,645.8410220994475,662.3092531045438,1,0,271.2026324372151,16.4682310050963
1985,5,M2,645.8410220994475,668.645057631508,1,0,520.0240365474796,22.80403553206054
1985,5,M2m,645.8410220994475,662.0431172893935,1,0,262.507888544072,16.20209518994602
1985,5,M3,645.8410220994475,667.6484057798815,1,0,475.5619829856586,21.807383680433986
1985,5,M4,645.8410220994475,665.2433373722325,1,0,376.44983794454674,19.402315272785017
1985,5,M2_oracle,645.8410220994475,663.3428415162903,1,0,306.3136828997739,17.50181941684275
1986,1,naive_persist,684.2446428571428,666.7662465753424,0,0,305.494336583655,17.47839628180043
1986,1,naive_mean,684.2446428571428,664.0190038202281,0,0,409.0764744515672,20.225639036914686
1986,1,M1,684.2446428571428,665.9751930795165,0,0,333.7727951772089,18.269449777626278
1986,1,M2,684.2446428571428,673.2404496351041,0,0,121.09226846796201,11.00419322203868
1986,1,M2m,684.2446428571428,665.8742759109781,0,0,337.4703817367414,18.370366946164722
1986,1,M3,684.2446428571428,673.5919369646734,0,0,113.48014283145196,10.652705892469385
1986,1,M4,684.2446428571428,674.0717231409229,0,0,103.48829555265546,10.172919716219894
1986,1,M2_oracle,684.2446428571428,692.5870120608378,0,0,69.59512393075781,8.342369203694943
1986,5,naive_persist,654.815867768595,666.7662465753424,1,0,142.81155362475695,11.95037880674738
1986,5,naive_mean,654.815867768595,664.0190038202281,1,0,84.69771318486931,9.203136051633123
1986,5,M1,654.815867768595,664.3875257991232,1,0,91.6166374533744,9.57165803052817
1986,5,M2,654.815867768595,686.2070365071868,1,0,985.4054747747414,31.391168738591773
1986,5,M2m,654.815867768595,664.0878297646234,1,0,85.96927925579459,9.27196199602838
1986,5,M3,654.815867768595,686.280156639822,1,0,990.0014741720217,31.46428887122704
1986,5,M4,654.815867768595,686.4710593426082,1,0,1002.0511535874764,31.6551915740132
1986,5,M2_oracle,654.815867768595,677.5700990874536,1,0,517.7550429121262,22.754231318858615
1987,1,naive_persist,664.6300273224043,684.2446428571428,0,0,384.7331425756051,19.614615534738505
1987,1,naive_mean,664.6300273224043,664.3935526912821,0,0,0.05592025116437012,0.23647463112217793
1987,1,M1,664.6300273224043,679.3897703112189,0,0,217.85001309585988,14.759742988814537
1987,1,M2,664.6300273224043,703.6933974660094,0,0,1525.946886976297,39.063370143605084
1987,1,M2m,664.6300273224043,679.1318332997952,0,0,210.30237660588924,14.501805977390859
1987,1,M3,664.6300273224043,706.0231819443733,0,0,1713.3932495582303,41.39315462196896
1987,1,M4,664.6300273224043,709.4114795861882,0,0,2005.378466853554,44.781452263783876
1987,1,M2_oracle,664.6300273224043,666.9042618970706,0,0,5.17214290060739,2.2742345746662522
1987,5,naive_persist,691.9603825136612,684.2446428571428,0,0,59.53263844717059,7.715739656518394
1987,5,naive_mean,691.9603825136612,664.3935526912821,0,0,759.9301064560085,27.566829822379077
1987,5,M1,691.9603825136612,669.5172020615803,0,0,503.6963488046673,22.443180452080924
1987,5,M2,691.9603825136612,710.0,0,0,325.42779905342,18.039617486338784
1987,5,M2m,691.9603825136612,668.9729371656355,0,0,528.4226436284704,22.987445348025744
1987,5,M3,691.9603825136612,710.0,0,0,325.42779905342,18.039617486338784
1987,5,M4,691.9603825136612,710.0,0,0,325.42779905342,18.039617486338784
1987,5,M2_oracle,691.9603825136612,706.1174027164116,0,0,200.42122102108144,14.157020202750346
1988,1,naive_persist,644.1396164383561,664.6300273224043,1,0,419.85693819711986,20.490410884048174
1988,1,naive_mean,644.1396164383561,664.3978522300298,1,0,410.39611739104754,20.258235791673656
1988,1,M1,644.1396164383561,664.4571597961897,1,0,412.8025680974453,20.31754335783353
1988,1,M2,644.1396164383561,652.1111529698971,1,1,63.545394673692805,7.971536531541005
1988,1,M2m,644.1396164383561,664.3731146694954,1,0,409.3944506695158,20.233498231139265
1988,1,M3,644.1396164383561,652.7407276850029,1,1,73.97911467719275,8.601111246646724
1988,1,M4,644.1396164383561,653.7597495365721,1,1,92.546960827391,9.620133098216002
1988,1,M2_oracle,644.1396164383561,649.2530564461711,1,1,26.147268713522205,5.113440007814916
1988,5,naive_persist,683.4519178082193,664.6300273224043,0,0,354.2635614600112,18.821890485814947
1988,5,naive_mean,683.4519178082193,664.3978522300298,0,0,363.05741505794464,19.054065578189466
1988,5,M1,683.4519178082193,664.1308278260999,0,0,373.3045180971531,19.32108998211936
1988,5,M2,683.4519178082193,627.5232572244722,0,1,3128.0150746919803,55.928660583747046
1988,5,M2m,683.4519178082193,663.8685212573776,0,0,383.5094204675191,19.583396550841712
1988,5,M3,683.4519178082193,627.652214880714,0,1,3113.606846797835,55.79970292750522
1988,5,M4,683.4519178082193,628.0225276974053,0,1,3072.417288056803,55.42939011081398
1988,5,M2_oracle,683.4519178082193,687.1553401971561,0,0,13.715337390878465,3.703422388936815
1989,1,naive_persist,645.8410220994475,644.1396164383561,1,1,2.894781223593766,1.7014056610913713
1989,1,naive_mean,645.8410220994475,664.0360980194642,1,0,331.0607877351728,18.195075920016734
1989,1,M1,645.8410220994475,649.3155632682281,1,1,12.072436333550892,3.474541168780547
1989,1,M2,645.8410220994475,633.5384406054034,1,1,151.35351141759753,12.302581494044148
1989,1,M2m,645.8410220994475,648.9557271226588,1,1,9.701387381617618,3.114705023211286
1989,1,M3,645.8410220994475,634.9811926733908,1,1,117.93589516304836,10.859829426056763
1989,1,M4,645.8410220994475,637.4064543962802,1,1,71.1419323393132,8.434567703167318
1989,1,M2_oracle,645.8410220994475,653.2359227462675,1,1,54.68455557633914,7.39490064682002
1989,5,naive_persist,669.7203287671233,644.1396164383561,0,1,654.3728432471403,25.580712328767163
1989,5,naive_mean,669.7203287671233,664.0360980194642,0,0,32.31047919263265,5.684230747659058
1989,5,M1,669.7203287671233,659.0747050509502,0,1,113.32930430634667,10.645623716173077
1989,5,M2,669.7203287671233,612.7246262683301,0,1,3248.5101033309425,56.99570249879321
1989,5,M2m,669.7203287671233,658.4114361109275,0,1,127.89105310935885,11.30889265619578
1989,5,M3,669.7203287671233,613.0215424999484,0,1,3214.752364170782,56.69878626717491
1989,5,M4,669.7203287671233,613.8927189959471,0,1,3116.7220127627265,55.827609771176185
1989,5,M2_oracle,669.7203287671233,673.5101459322448,0,0,14.362714145049278,3.7898171651214625
1990,1,naive_persist,654.815867768595,645.8410220994475,1,1,80.54785478501562,8.974845669147498
1990,1,naive_mean,654.815867768595,663.7168861612183,1,0,79.22812842581853,8.901018392623314
1990,1,M1,654.815867768595,650.3734871873958,1,1,19.734745228216145,4.442380581199245
1990,1,M2,654.815867768595,653.7057574100143,1,1,1.2323450082282925,1.110110358580755
1990,1,M2m,654.815867768595,649.9518697305632,1,1,23.65847691397729,4.863998038031809
1990,1,M3,654.815867768595,655.7458482319258,1,1,0.864863662177009,0.9299804633308213
1990,1,M4,654.815867768595,659.5175428781395,1,1,22.105748835709846,4.701675109544453
1990,1,M2_oracle,654.815867768595,662.8632246779633,1,0,64.75995322675801,8.047356909368318
1990,5,naive_persist,664.470602739726,645.8410220994475,0,1,347.06127483263964,18.629580640278505
1990,5,naive_mean,664.470602739726,663.7168861612183,0,0,0.5680886807173422,0.7537165785076922
1990,5,M1,664.470602739726,659.0664108739243,0,1,29.205289722397794,5.404191865801749
1990,5,M2,664.470602739726,669.654928350227,0,0,26.877232035696476,5.184325610500991
1990,5,M2m,664.470602739726,658.2884009663627,0,1,38.219618766576545,6.182201773363317
1990,5,M3,664.470602739726,670.1072844142086,0,0,31.772180299447836,5.636681674482588
1990,5,M4,664.470602739726,671.51142125174,0,0,49.573125319118624,7.040818512013971
1990,5,M2_oracle,664.470602739726,663.0060300265466,0,0,2.144973232189816,1.4645727131794501
1991,1,naive_persist,691.9603825136612,654.815867768595,0,1,1379.7149756464405,37.1445147450662
1991,1,naive_mean,691.9603825136612,663.5634203268627,0,0,806.3874614384657,28.396962186798532
1991,1,M1,691.9603825136612,657.0325305332227,0,1,1219.954843967422,34.927851980438504
1991,1,M2,691.9603825136612,668.716663673219,0,0,540.2704655335264,23.24371884044217
1991,1,M2m,691.9603825136612,656.6519290541155,0,1,1246.686885704906,35.30845345954572
1991,1,M3,691.9603825136612,670.6974229715215,0,0,452.1134484906696,21.262959542139697
1991,1,M4,691.9603825136612,675.0417422114621,0,0,286.2403896751974,16.91864030219915
1991,1,M2_oracle,691.9603825136612,690.734832865207,0,0,1.5019719408263648,1.2255496484542618
1991,5,naive_persist,644.7381147540983,654.815867768595,1,1,101.56110582119719,10.077753014496693
1991,5,naive_mean,644.7381147540983,663.5634203268627,1,0,354.392129907953,18.825305572764364
1991,5,M1,644.7381147540983,661.2035877688053,1,0,271.1118015980431,16.46547301470696
1991,5,M2,644.7381147540983,697.6886114391833,1,0,2803.7550991971975,52.950496685085
1991,5,M2m,644.7381147540983,660.4786359581074,1,0,247.76400777385825,15.740521204009042
1991,5,M3,644.7381147540983,698.1638304453658,1,0,2854.30709712414,53.42571569126744
1991,5,M4,644.7381147540983,699.7983776875001,1,0,3031.632554295336,55.06026293340176
1991,5,M2_oracle,644.7381147540983,648.0188006212093,1,1,10.762899758661504,3.2806858671109467
1992,1,naive_persist,683.4519178082193,691.9603825136612,0,0,72.3939716437514,8.508464705441952
1992,1,naive_mean,683.4519178082193,664.0447247707067,0,0,376.6391415952764,19.40719303751257
1992,1,M1,683.4519178082193,683.6764284139031,0,0,0.05040501206450852,0.224510605683804
1992,1,M2,683.4519178082193,710.0,0,0,704.8006680615455,26.548082191780736
1992,1,M2m,683.4519178082193,685.3108616943867,0,0,3.4556723719194555,1.8589438861674807
1992,1,M3,683.4519178082193,710.0,0,0,704.8006680615455,26.548082191780736
1992,1,M4,683.4519178082193,710.0,0,0,704.8006680615455,26.548082191780736
1992,1,M2_oracle,683.4519178082193,677.1619688652569,0,0,39.563457705073596,6.289948942962383
1992,5,naive_persist,662.8175616438356,691.9603825136612,0,0,849.3040082507449,29.14282086982564
1992,5,naive_mean,662.8175616438356,664.0447247707067,0,0,1.5059293399521019,1.227163126871119
1992,5,M1,662.8175616438356,669.1957078116452,0,0,40.680748537944694,6.378146167809632
1992,5,M2,662.8175616438356,710.0,0,0,2226.182489233256,47.182438356164425
1992,5,M2m,662.8175616438356,671.4616615280106,0,0,74.72046280759484,8.644099884175034
1992,5,M3,662.8175616438356,710.0,0,0,2226.182489233256,47.182438356164425
1992,5,M4,662.8175616438356,710.0,0,0,2226.182489233256,47.182438356164425
1992,5,M2_oracle,662.8175616438356,658.4415258872509,0,1,19.149688942907446,4.376035756584656
1993,1,naive_persist,669.7203287671233,683.4519178082193,0,0,188.5565375935466,13.731589041095958
1993,1,naive_mean,669.7203287671233,664.3681779879986,0,0,28.645517962485275,5.352150779124713
1993,1,M1,669.7203287671233,677.7482309006734,0,0,64.4472126658587,8.027902133550128
1993,1,M2,669.7203287671233,671.2362254673764,0,0,2.2979428058380904,1.5158967002530517
1993,1,M2m,669.7203287671233,679.1145248551965,0,0,88.25092014116903,9.394196088073159
1993,1,M3,669.7203287671233,669.6009484740338,0,0,0.01425165437814315,0.11938029308953446
1993,1,M4,669.7203287671233,666.0878133611695,0,0,13.195168174491469,3.632515405953768
1993,1,M2_oracle,669.7203287671233,672.4935306361967,0,0,7.690648606632378,2.773201869073432
1993,5,naive_persist,667.6309863013698,683.4519178082193,0,0,250.30187374442107,15.820931506849433
1993,5,naive_mean,667.6309863013698,664.3681779879986,0,0,10.645918089804463,3.262808313371238
1993,5,M1,667.6309863013698,667.7921870246764,0,0,0.025985673194568563,0.1612007233065924
1993,5,M2,667.6309863013698,644.7967079254697,0,1,521.4042689480995,22.834278375900112
1993,5,M2m,667.6309863013698,669.7267166272368,0,0,4.3920855987584035,2.0957303258669526
1993,5,M3,667.6309863013698,644.3778371113009,0,1,540.7089472556038,23.25314919006894
1993,5,M4,667.6309863013698,642.9528940433091,0,1,609.0082374973555,24.6780922580607
1993,5,M2_oracle,667.6309863013698,666.1987169973636,0,0,2.05139535919852,1.4322693040062404
1994,1,naive_persist,664.470602739726,669.7203287671233,0,0,27.559623362732502,5.249726027397287
1994,1,naive_mean,664.470602739726,664.4559181647055,0,0,0.00021563674353299324,0.014684575020510238
1994,1,M1,664.470602739726,668.0135841259835,0,0,12.552717103366776,3.542981386257452
1994,1,M2,664.470602739726,661.8074388897011,0,0,7.092441692079681,2.6631638500249437
1994,1,M2m,664.470602739726,668.3812180268712,0,0,15.292911924053888,3.9106152871452196
1994,1,M3,664.470602739726,662.5497918677236,0,0,3.689514406002806,1.9208108720024484
1994,1,M4,664.470602739726,664.1454286327722,0,0,0.10573819983319854,0.32517410695379567
1994,1,M2_oracle,664.470602739726,662.397760658206,0,0,4.2966742949200825,2.0728420815199797
1994,5,naive_persist,670.4018082191781,669.7203287671233,0,0,0.46441424357285505,0.6814794520547593
1994,5,naive_mean,670.4018082191781,664.4559181647055,0,0,35.353608539875665,5.945890054472557
1994,5,M1,670.4018082191781,665.134375048618,0,0,27.74585220631604,5.267433170560025
1994,5,M2,670.4018082191781,644.870572325565,0,1,651.8440062553143,25.53123589361303
1994,5,M2m,670.4018082191781,665.5149655864114,0,0,23.88123091742535,4.886842632766616
1994,5,M3,670.4018082191781,645.0569203110688,0,1,642.3633430746243,25.344887908109285
1994,5,M4,670.4018082191781,645.6907577997858,0,1,610.6360128297446,24.711050419392222
1994,5,M2_oracle,670.4018082191781,656.4258133871881,0,1,195.3284315438102,13.975994831989965
1995,1,naive_persist,644.7381147540983,664.470602739726,1,0,389.3710821029415,19.7324879856277
1995,1,naive_mean,644.7381147540983,664.4561550126897,1,0,388.80111163943013,19.718040258591373
1995,1,M1,644.7381147540983,664.3686210944223,1,0,385.3567791775015,19.63050634032402
1995,1,M2,644.7381147540983,658.4463759309201,1,1,187.91642449195962,13.708261176821793
1995,1,M2m,644.7381147540983,664.3021114579763,1,0,382.74996702934664,19.563996703877933
1995,1,M3,644.7381147540983,657.8657978640363,1,1,172.33606383495007,13.127683109937948
1995,1,M4,644.7381147540983,656.6351861639552,1,1,141.5403081312329,11.897071409856835
1995,1,M2_oracle,644.7381147540983,651.7535975019629,1,1,49.216998185585176,7.015482747864553
1995,5,naive_persist,656.2541256830601,664.470602739726,1,0,67.51049522271704,8.216477056665894
1995,5,naive_mean,656.2541256830601,664.4561550126897,1,0,67.27328512410365,8.202029329629568
1995,5,M1,656.2541256830601,664.1972972963674,1,0,63.09397527845089,7.9431716133073
1995,5,M2,656.2541256830601,645.5252941486402,1,1,115.10782609396279,10.728831534419896
1995,5,M2m,656.2541256830601,663.940722403383,1,0,59.08376914087849,7.686596720322882
1995,5,M3,656.2541256830601,645.3793527031122,1,1,118.26068736540537,10.87477297994792
1995,5,M4,656.2541256830601,644.8870667808817,1,1,129.21002808559385,11.367058902178428
1995,5,M2_oracle,656.2541256830601,654.1439054555259,1,1,4.453029408694609,2.110220227534228
1996,1,naive_persist,662.8175616438356,644.7381147540983,0,1,326.8663998388301,18.079446889737255
1996,1,naive_mean,662.8175616438356,664.1431702466804,0,0,1.7572381679361302,1.3256086028447953
1996,1,M1,662.8175616438356,650.5977320356545,0,1,149.32423565297807,12.219829608181044
1996,1,M2,662.8175616438356,636.1385022380175,0,1,711.7722107791694,26.679059405818066
1996,1,M2m,662.8175616438356,648.8679372651568,0,1,194.59202030622927,13.949624378678777
1996,1,M3,662.8175616438356,638.058864909922,0,1,612.9930639619016,24.758696733913553
1996,1,M4,662.8175616438356,642.0467389686484,0,1,431.42707460407155,20.77082267518722
1996,1,M2_oracle,662.8175616438356,655.5003052865627,0,1,53.5422405980502,7.317256357272868
1996,5,naive_persist,674.8342739726028,644.7381147540983,0,1,905.7787997055706,30.096159218504454
1996,5,naive_mean,674.8342739726028,664.1431702466804,0,0,114.29969887843188,10.691103725922403
1996,5,M1,674.8342739726028,660.4409569880527,0,0,207.1675738177383,14.393316984550097
1996,5,M2,674.8342739726028,617.6537942632906,0,1,3269.607259787062,57.18047970931218
1996,5,M2m,674.8342739726028,657.7449143337885,0,1,292.0462128647333,17.089359638814244
1996,5,M3,674.8342739726028,618.1367369305467,0,1,3214.61070663532,56.69753704205607
1996,5,M4,674.8342739726028,619.746055325581,0,1,3034.7118337020793,55.08821864702179
1996,5,M2_oracle,674.8342739726028,659.2440474797556,0,1,243.05516209827275,15.590226492847137
1997,1,naive_persist,667.6309863013698,662.8175616438356,0,0,23.169056933758768,4.813424657534256
1997,1,naive_mean,667.6309863013698,664.1224576122611,0,0,12.309773562299117,3.5085286891087435
1997,1,M1,667.6309863013698,663.1416870231533,0,0,20.15380800939563,4.489299278216549
1997,1,M2,667.6309863013698,669.5982146329776,0,0,3.8699873086802943,1.967228331607771
1997,1,M2m,667.6309863013698,662.9550326354348,0,0,21.86454268597121,4.675953665935026
1997,1,M3,667.6309863013698,667.5021923020848,0,0,0.016587894251823096,0.12879399928499424
1997,1,M4,667.6309863013698,663.4157631019569,0,0,17.76810662086864,4.21522319941289
1997,1,M2_oracle,667.6309863013698,667.4820536083263,0,0,0.02218094705720374,0.14893269304354817
1997,5,naive_persist,681.6906575342466,662.8175616438356,0,0,356.19374848865,18.873095890411037
1997,5,naive_mean,681.6906575342466,664.1224576122611,0,0,308.6416484988522,17.568199921985524
1997,5,M1,681.6906575342466,663.6586748164839,0,0,325.1524007336938,18.03198271776273
1997,5,M2,681.6906575342466,683.7924165548899,0,0,4.417390980855363,2.1017590206432715
1997,5,M2m,681.6906575342466,663.2428059540649,0,0,340.3232279244121,18.44785158018169
1997,5,M3,681.6906575342466,683.2954468421132,0,0,2.5753487226428127,1.6047893078665538
1997,5,M4,681.6906575342466,681.7019508636215,0,0,0.0001275392883698392,0.011293329374893801
1997,5,M2_oracle,681.6906575342466,678.1370437091923,0,0,12.628171217617046,3.553613825054299
1998,1,naive_persist,670.4018082191781,667.6309863013698,0,0,7.677454100206503,2.7708219178082345
1998,1,naive_mean,670.4018082191781,664.1764349767088,0,0,38.755272008051875,6.225373242469232
1998,1,M1,670.4018082191781,666.4094309621614,0,0,15.939076162343726,3.992377257016642
1998,1,M2,670.4018082191781,671.1339356981151,0,0,0.5360106454147339,0.7321274789370591
1998,1,M2m,670.4018082191781,666.67161105064,0,0,13.914370916169641,3.7301971685380977
1998,1,M3,670.4018082191781,671.0920555073791,0,0,0.4764413188688641,0.6902472882010215
1998,1,M4,670.4018082191781,671.0072521951762,0,0,0.3665624080724216,0.6054439759981278
1998,1,M2_oracle,670.4018082191781,658.2566406185946,0,1,147.50509604626262,12.145167600583477
1998,5,naive_persist,684.3828219178082,667.6309863013698,0,0,280.62399652017314,16.75183561643837
1998,5,naive_mean,684.3828219178082,664.1764349767088,0,0,408.29807321343105,20.206386941099368
1998,5,M1,684.3828219178082,664.4635277299374,0,0,396.7782809429447,19.919294187870833
1998,5,M2,684.3828219178082,678.4670550274483,0,0,34.99629790107866,5.915766890359919
1998,5,M2m,684.3828219178082,664.6632425592916,0,0,388.86181007683496,19.719579358516626
1998,5,M3,684.3828219178082,678.4570620962176,0,0,35.114629463178,5.9257598215906455
1998,5,M4,684.3828219178082,678.424295558072,0,0,35.5040363796711,5.958526359736197
1998,5,M2_oracle,684.3828219178082,672.5094838499308,0,0,140.97615687410658,11.873338067877398
1999,1,naive_persist,656.2541256830601,670.4018082191781,1,0,200.15692114277658,14.14768253611794
1999,1,naive_mean,656.2541256830601,664.2707588137159,1,0,64.2664067515283,8.016633130655805
1999,1,M1,656.2541256830601,668.3174401033583,1,0,145.5235548029741,12.063314420298184
1999,1,M2,656.2541256830601,660.8532770907296,1,0,21.152193670668563,4.599151407669524
1999,1,M2m,656.2541256830601,668.8397800260213,1,0,158.39869524049863,12.58565434296122
1999,1,M3,656.2541256830601,657.3378940243405,1,1,1.174553817561555,1.0837683412803472
1999,1,M4,656.2541256830601,650.3931949380827,1,1,34.35050919742128,5.860930744977395
1999,1,M2_oracle,656.2541256830601,664.3808302939241,1,0,66.04332783223744,8.126704610863953
1999,5,naive_persist,686.4223770491803,670.4018082191781,0,0,256.6586256368405,16.020568830002276
1999,5,naive_mean,686.4223770491803,664.2707588137159,0,0,490.69419044975945,22.15161823546441
1999,5,M1,686.4223770491803,664.987031322665,0,0,459.4740464152411,21.43534572651538
1999,5,M2,686.4223770491803,640.7319631593667,0,1,2087.6139214224727,45.69041388981361
1999,5,M2m,686.4223770491803,665.5481680260872,0,0,435.7326023397838,20.874209023093158
1999,5,M3,686.4223770491803,639.8864356608693,0,1,2165.5938408963184,46.53594138831102
1999,5,M4,686.4223770491803,637.1533800980186,0,1,2427.4340605735847,49.26899695116174
1999,5,M2_oracle,686.4223770491803,702.7355712426687,0,0,266.12030479446224,16.313194193488357
2000,1,naive_persist,674.8342739726028,656.2541256830601,0,1,345.2219104613946,18.58014828954265
2000,1,naive_mean,674.8342739726028,664.1511075729599,0,0,114.13004432245934,10.683166399642914
2000,1,M1,674.8342739726028,658.7665998863853,0,1,258.1701505409052,16.067674086217494
2000,1,M2,674.8342739726028,653.438414498984,0,1,457.78280261484207,21.39585947361877
2000,1,M2m,674.8342739726028,657.9352508719567,0,1,285.57698175617065,16.899023100646104
2000,1,M3,674.8342739726028,655.9655492904557,0,1,356.02877113066734,18.868724682147104
2000,1,M4,674.8342739726028,660.4956139832019,0,0,205.59717029164526,14.338659989400867
2000,1,M2_oracle,674.8342739726028,663.6899448492461,0,0,124.19607160969564,11.14432912335667
2000,5,naive_persist,686.1332602739726,656.2541256830601,0,1,892.762683901863,29.879134590912486
2000,5,naive_mean,686.1332602739726,664.1511075729599,0,0,483.21503737064216,21.98215270101275
2000,5,M1,686.1332602739726,662.716458930659,0,0,548.3465851522153,23.416801343313637
2000,5,M2,686.1332602739726,647.5641399424858,0,1,1487.5770431447106,38.56912033148683
2000,5,M2m,686.1332602739726,661.4424965650776,0,0,609.6338125284874,24.69076370889502
2000,5,M3,686.1332602739726,648.1517062133511,0,1,1442.598448859916,37.981554060621534
2000,5,M4,686.1332602739726,649.945654833112,0,1,1309.5427875434023,36.18760544086058
2000,5,M2_oracle,686.1332602739726,689.9211742263054,0,0,14.348292110277606,3.787913952332815
2001,1,naive_persist,681.6906575342466,674.8342739726028,0,0,47.00999554437985,6.856383561643838
2001,1,naive_mean,681.6906575342466,664.3082129611898,0,0,302.14937933539085,17.382444573056773
2001,1,M1,681.6906575342466,671.16882639381,0,0,110.70893054786083,10.521831140436575
2001,1,M2,681.6906575342466,677.973134927563,0,0,13.819974331203536,3.7175226066835876
2001,1,M2m,681.6906575342466,672.1771639964645,0,0,90.50655929342172,9.513493537782097
2001,1,M3,681.6906575342466,674.2022171470849,0,0,56.076739432075144,7.488440387161745
2001,1,M4,681.6906575342466,668.3307221279537,0,0,178.4878740603199,13.359935406292948
2001,1,M2_oracle,681.6906575342466,687.8550761537223,0,0,38.000056916138305,6.1644186194756685
2001,5,naive_persist,662.8053150684932,674.8342739726028,0,0,144.69585231675697,12.028958904109572
2001,5,naive_mean,662.8053150684932,664.3082129611898,0,0,2.2587020758719936,1.5028978926966374
2001,5,M1,662.8053150684932,665.5645686783394,0,0,7.613480483449038,2.759253609846155
2001,5,M2,662.8053150684932,684.4307305306077,0,0,467.6585939090592,21.62541546211446
2001,5,M2m,662.8053150684932,666.7106772852258,0,0,15.25185404388222,3.9053622167325557
2001,5,M3,662.8053150684932,683.5933300348577,0,0,432.14156624179327,20.78801496636447
2001,5,M4,662.8053150684932,681.2352412238635,0,0,339.66217809240055,18.429926155370254
2001,5,M2_oracle,662.8053150684932,672.8300523683663,0,0,100.49535793146691,10.024737299873095
2002,1,naive_persist,684.3828219178082,681.6906575342466,0,0,7.247749068117554,2.6921643835615896
2002,1,naive_mean,684.3828219178082,664.5601324477559,0,0,392.9390178261222,19.822689470052296
2002,1,M1,684.3828219178082,675.922559484753,0,0,71.57604043616448,8.460262433055163
2002,1,M2,684.3828219178082,692.4728213251229,0,0,65.44809041035278,8.089999407314735
2002,1,M2m,684.3828219178082,677.3555450412948,0,0,49.38262029917969,7.027276876513383
2002,1,M3,684.3828219178082,694.4543699261925,0,0,101.4360792851897,10.071548008384298
2002,1,M4,684.3828219178082,697.4838052950105,0,0,171.63576544973054,13.100983377202283
2002,1,M2_oracle,684.3828219178082,675.1558188341852,0,0,85.13758590518842,9.227003083623003
2002,5,naive_persist,683.9337260273973,681.6906575342466,0,0,5.031356264965105,2.243068493150645
2002,5,naive_mean,683.9337260273973,664.5601324477559,0,0,375.3361281891206,19.37359357964135
2002,5,M1,683.9337260273973,666.8882421594647,0,0,290.54852029195064,17.045483867932603
2002,5,M2,683.9337260273973,710.0,0,0,679.4506388147872,26.066273972602744
2002,5,M2m,683.9337260273973,668.5993613793737,0,0,235.14273915855446,15.334364648023552
2002,5,M3,683.9337260273973,710.0,0,0,679.4506388147872,26.066273972602744
2002,5,M4,683.9337260273973,710.0,0,0,679.4506388147872,26.066273972602744
2002,5,M2_oracle,683.9337260273973,696.6781356448846,0,0,162.41997649830404,12.74440961748735
2003,1,naive_persist,686.4223770491803,684.3828219178082,0,0,4.159785133906427,2.03955513137214
2003,1,naive_mean,686.4223770491803,664.8433137258995,0,0,465.6559739101635,21.57906332328082
2003,1,M1,686.4223770491803,678.0191819872016,0,0,70.61368724966404,8.40319506197875
2003,1,M2,686.4223770491803,677.5419271503864,0,0,78.86239040498907,8.880449898793927
2003,1,M2m,686.4223770491803,679.6823710271398,0,0,45.427681177143214,6.740006022040575
2003,1,M3,686.4223770491803,674.1495239124017,0,0,150.62292411693684,12.272853136778622
2003,1,M4,686.4223770491803,669.565524499816,0,0,284.1534778710118,16.856852549364362
2003,1,M2_oracle,686.4223770491803,708.0869635351849,0,0,469.3543076095692,21.66458648600451
2003,5,naive_persist,674.1868579234973,684.3828219178082,0,0,103.95768177328401,10.195963994310887
2003,5,naive_mean,674.1868579234973,664.8433137258995,0,0,87.3018181724634,9.343544197597794
2003,5,M1,674.1868579234973,667.7413416818006,0,0,41.54467962197643,6.445516241696737
2003,5,M2,674.1868579234973,663.2757602211625,0,0,119.05205306989606,10.911097702334814
2003,5,M2m,674.1868579234973,669.8799373793893,0,0,18.549564573259882,4.3069205441080385
2003,5,M3,674.1868579234973,662.5160185910112,0,0,136.2084907247055,11.670839332486139
2003,5,M4,674.1868579234973,660.5393582244095,0,0,186.25424803660167,13.647499699087803
2003,5,M2_oracle,674.1868579234973,679.1648901705914,0,0,24.780805053108935,4.97803224709412
2004,1,naive_persist,686.1332602739726,686.4223770491803,0,0,0.08358850970651756,0.2891167752077308
2004,1,naive_mean,686.1332602739726,665.1472441952415,0,0,440.41287085676254,20.986016078731154
2004,1,M1,686.1332602739726,679.7444262485931,0,0,40.81720020384731,6.388834025379538
2004,1,M2,686.1332602739726,705.8602212356204,0,0,389.15298878237707,19.72696096164782
2004,1,M2m,686.1332602739726,680.6008557981263,0,0,30.60749928436424,5.532404475846306
2004,1,M3,686.1332602739726,710.0,0,0,569.621265149934,23.86673972602739
2004,1,M4,686.1332602739726,710.0,0,0,569.621265149934,23.86673972602739
2004,1,M2_oracle,686.1332602739726,679.1546218806237,0,0,48.70139382512315,6.978638393348888
2004,5,naive_persist,658.7887123287671,686.4223770491803,1,0,763.6194258802095,27.633664720413208
2004,5,naive_mean,658.7887123287671,665.1472441952415,1,0,40.43092749696943,6.358531866474323
2004,5,M1,658.7887123287671,668.5901797919491,1,0,96.06876443181552,9.801467463182007
2004,5,M2,658.7887123287671,710.0,1,0,2622.5959849457677,51.21128767123287
2004,5,M2m,658.7887123287671,669.5827756352618,1,0,116.51180266461421,10.79406330649465
2004,5,M3,658.7887123287671,710.0,1,0,2622.5959849457677,51.21128767123287
2004,5,M4,658.7887123287671,710.0,1,0,2622.5959849457677,51.21128767123287
2004,5,M2_oracle,658.7887123287671,657.1081742372168,1,1,2.824208277151776,1.6805380915503747
2005,1,naive_persist,662.8053150684932,686.1332602739726,0,0,544.1930275098498,23.32794520547941
2005,1,naive_mean,662.8053150684932,665.4387166407795,0,0,6.934803840919898,2.6334015722862887
2005,1,M1,662.8053150684932,679.826157075533,0,0,289.70906262861223,17.020842007039846
2005,1,M2,662.8053150684932,679.2922300529831,0,0,271.81836570579713,16.486914984489886
2005,1,M2m,662.8053150684932,680.6753371225715,0,0,319.337688213244,17.870022054078277
2005,1,M3,662.8053150684932,676.7602520463191,0,0,194.74026605509331,13.954936977825923
2005,1,M4,662.8053150684932,673.5524546528006,0,0,115.50100924458775,10.747139584307433
2005,1,M2_oracle,662.8053150684932,667.6595220893179,0,0,23.56332580102356,4.854207020824674
2005,5,naive_persist,676.1254520547946,686.1332602739726,0,0,100.15622535184792,10.00780821917806
2005,5,naive_mean,676.1254520547946,665.4387166407795,0,0,114.20631380916366,10.686735414015061
2005,5,M1,676.1254520547946,669.0051385599888,0,0,50.69886426431236,7.120313494805714
2005,5,M2,676.1254520547946,665.96868824005,0,0,103.1598511885037,10.156763814744522
2005,5,M2m,676.1254520547946,670.0455248033168,0,0,36.9655153832622,6.079927251477784
2005,5,M3,676.1254520547946,665.4722951828988,0,0,113.48975133721865,10.653156871895703
2005,5,M4,676.1254520547946,664.231881484138,0,0,141.45702091918892,11.893570570656607
2005,5,M2_oracle,676.1254520547946,661.2609768646247,0,0,220.95262267917516,14.864475190169856
2006,1,naive_persist,683.9337260273973,662.8053150684932,0,0,446.40974964833697,21.128410958904055
2006,1,naive_mean,683.9337260273973,665.4026426466386,0,0,343.4010512646303,18.531083380758673
2006,1,M1,683.9337260273973,663.5785104604726,0,0,414.3348007759736,20.3552155669247
2006,1,M2,683.9337260273973,650.3528438802131,0,1,1127.6756457830734,33.580882147184184
2006,1,M2m,683.9337260273973,663.3681328463641,0,0,422.94362288775665,20.565593181033137
2006,1,M3,683.9337260273973,652.0662889728161,0,1,1015.5335444276924,31.86743705458116
2006,1,M4,683.9337260273973,654.2028127488585,0,1,883.9272043759927,29.730913278538765
2006,1,M2_oracle,683.9337260273973,688.7527726769011,0,0,23.223210610094657,4.819046649503889
2006,5,naive_persist,653.7108767123287,662.8053150684932,1,0,82.70880901407533,9.09443835616446
2006,5,naive_mean,653.7108767123287,665.4026426466386,1,0,136.6973906626881,11.691765934309842
2006,5,M1,653.7108767123287,664.8180645233462,1,0,123.36962106921375,11.107187811017411
2006,5,M2,653.7108767123287,626.5096134517771,1,1,739.9087229698357,27.201263260551627
2006,5,M2m,653.7108767123287,664.4457819140948,1,0,115.23818969090449,10.734905201766082
2006,5,M3,653.7108767123287,626.8345250420964,1,1,722.3382791020006,26.87635167023234
2006,5,M4,653.7108767123287,627.6383318296319,1,1,679.7775966602437,26.07254488269689
2006,5,M2_oracle,653.7108767123287,647.1082468094203,1,1,43.594721634780996,6.602629902908461
2007,1,naive_persist,674.1868579234973,683.9337260273973,0,0,95.00143783482206,9.746868103899942
2007,1,naive_mean,674.1868579234973,665.6530626923245,0,0,72.82566104758767,8.533795231172803
2007,1,M1,674.1868579234973,677.8723458842695,0,0,13.58282150899688,3.685487960772207
2007,1,M2,674.1868579234973,703.5269745727326,0,0,860.8424449907319,29.340116649235256
2007,1,M2m,674.1868579234973,678.9839269673121,0,0,23.011871411125842,4.7970690438147585
2007,1,M3,674.1868579234973,705.0787435374014,0,0,954.3085967825313,30.891885613904037
2007,1,M4,674.1868579234973,707.1780863051237,0,0,1088.4211501286275,32.99122838162634
2007,1,M2_oracle,674.1868579234973,666.7309077911623,0,0,55.5911923758668,7.455950132335033
2007,5,naive_persist,651.5640163934426,683.9337260273973,1,0,1047.7981017865397,32.3697096339547
2007,5,naive_mean,651.5640163934426,665.6530626923245,1,0,198.50122561203926,14.089046298881954
2007,5,M1,651.5640163934426,668.25426644868,1,0,278.56444690635436,16.69025005523747
2007,5,M2,651.5640163934426,710.0,1,0,3414.7641800658503,58.43598360655744
2007,5,M2m,651.5640163934426,669.5170901893164,1,0,322.3128587200912,17.95307379587382
2007,5,M3,651.5640163934426,710.0,1,0,3414.7641800658503,58.43598360655744
2007,5,M4,651.5640163934426,710.0,1,0,3414.7641800658503,58.43598360655744
2007,5,M2_oracle,651.5640163934426,642.1360931340522,1,1,88.88573698495364,9.427923259390354
2008,1,naive_persist,658.7887123287671,674.1868579234973,1,0,237.1028877565085,15.398145594730181
2008,1,naive_mean,658.7887123287671,665.7668466287402,1,0,48.69435830845997,6.978134299973021
2008,1,M1,658.7887123287671,671.3251670954274,1,0,157.1626981165201,12.536454766660313
2008,1,M2,658.7887123287671,660.0174624316273,1,0,1.5098268152789611,1.2287501028602037
2008,1,M2m,658.7887123287671,671.9103153172186,1,0,172.17646498653968,13.121602988451514
2008,1,M3,658.7887123287671,657.3591812471356,1,1,2.0435591133507565,1.4295310816315805
2008,1,M4,658.7887123287671,653.9251323871355,1,1,23.65440984864178,4.863579941631656
2008,1,M2_oracle,658.7887123287671,660.8496751917928,1,0,4.2475679227710055,2.0609628630256793
2008,5,naive_persist,644.4093150684931,674.1868579234973,1,0,886.7020584816108,29.777542855004185
2008,5,naive_mean,644.4093150684931,665.7668466287402,1,0,456.14415434694774,21.357531560247025
2008,5,M1,644.4093150684931,666.8422265020378,1,0,503.2355153852575,22.432911433544632
2008,5,M2,644.4093150684931,632.316614204909,1,1,146.2334141761283,12.092700863584128
2008,5,M2m,644.4093150684931,667.4597259286759,1,0,531.3214408232309,23.05041086018275
2008,5,M3,644.4093150684931,631.7908414282573,1,1,159.22587700932658,12.618473640235834
2008,5,M4,644.4093150684931,630.4620986524134,1,1,194.5248457569646,13.947216416079755
2008,5,M2_oracle,644.4093150684931,639.7956752599071,1,1,21.285672283370126,4.613639808586072
2009,1,naive_persist,676.1254520547946,658.7887123287671,0,1,300.5625443280172,17.336739726027417
2009,1,naive_mean,676.1254520547946,665.6750290721615,0,0,109.21134051594579,10.450422982633086
2009,1,M1,676.1254520547946,661.061645211635,0,0,226.91827660802105,15.063806843159568
2009,1,M2,676.1254520547946,649.493840583165,0,1,709.2427295758293,26.631611471629526
2009,1,M2m,676.1254520547946,660.4502514115525,0,0,245.71191520589687,15.675200643242079
2009,1,M3,676.1254520547946,650.2423072289181,0,1,669.9371860772952,25.883144825876457
2009,1,M4,676.1254520547946,651.214542594916,0,1,620.5534101182668,24.910909459878553
2009,1,M2_oracle,676.1254520547946,660.4838751617791,0,0,244.65892770011453,15.64157689301544
2009,5,naive_persist,636.3630410958905,658.7887123287671,1,1,502.9107302450714,22.425671232876653
2009,5,naive_mean,636.3630410958905,665.6750290721615,1,0,859.1926391210548,29.311987976270984
2009,5,M1,636.3630410958905,664.5514096152878,1,0,794.5841197853472,28.188368519397272
2009,5,M2,636.3630410958905,631.3648683359053,1,1,24.981730938658163,4.998172759985209
2009,5,M2m,636.3630410958905,663.6909627138689,1,0,746.8152999583714,27.327921617978404
2009,5,M3,636.3630410958905,631.5123351352258,1,1,23.529348316827477,4.850705960664641
2009,5,M4,636.3630410958905,631.8861352015145,1,1,20.042686387097962,4.476905894375932
2009,5,M2_oracle,636.3630410958905,634.9389045434895,1,1,2.028164919884673,1.4241365524010234
2010,1,naive_persist,653.7108767123287,676.1254520547946,1,0,502.41318778307624,22.41457534246581
2010,1,naive_mean,653.7108767123287,665.8107488511567,1,0,146.4069057759862,12.099872138828005
2010,1,M1,653.7108767123287,672.4972250577844,1,0,352.92688415680317,18.78634834545562
2010,1,M2,653.7108767123287,673.3691694501787,1,0,386.44847336700343,19.658292737849933
2010,1,M2m,653.7108767123287,673.2825643548122,1,0,383.05095717493845,19.571687642483425
2010,1,M3,653.7108767123287,667.507661967492,1,0,190.35128337709105,13.796785255163286
2010,1,M4,653.7108767123287,660.2253167066394,1,0,42.43792843947469,6.514439994310692
2010,1,M2_oracle,653.7108767123287,659.8557219244041,1,1,37.75912268036504,6.1448452120753245
2010,5,naive_persist,652.8855342465754,676.1254520547946,1,0,540.0937797327821,23.23991780821916
2010,5,naive_mean,652.8855342465754,665.8107488511567,1,0,167.06117257448318,12.925214604581356
2010,5,M1,652.8855342465754,667.0357471529934,1,0,200.2285252969587,14.150212906418005
2010,5,M2,652.8855342465754,668.0996030591401,1,0,231.46788983345488,15.214068812564733
2010,5,M2m,652.8855342465754,667.8474230335861,1,0,223.85811607487673,14.961888787010707
2010,5,M3,652.8855342465754,666.9916176222804,1,0,198.9815882023409,14.106083375704998
2010,5,M4,652.8855342465754,664.2564517715043,1,0,129.2977653587358,11.370917524928927
2010,5,M2_oracle,652.8855342465754,657.9502380177028,1,1,25.6512242892718,5.06470377112737
2011,1,naive_persist,651.5640163934426,653.7108767123287,1,1,4.609009228808086,2.1468603188861834
2011,1,naive_mean,651.5640163934426,665.6556222852744,1,0,198.57335661070923,14.091605891831819
2011,1,M1,651.5640163934426,657.9272111619196,1,1,40.49024766157308,6.363194768477001
2011,1,M2,651.5640163934426,643.3604080148091,1,1,67.29919042998536,8.203608378633476
2011,1,M2m,651.5640163934426,656.7994350750689,1,1,27.409608771922255,5.235418681626356
2011,1,M3,651.5640163934426,645.5891156363516,1,1,35.699439057086,5.97490075709095
2011,1,M4,651.5640163934426,648.3527991408591,1,1,10.311916243289433,3.211217252583424
2011,1,M2_oracle,651.5640163934426,648.0031363252747,1,1,12.679866859875256,3.560880068167876
2011,5,naive_persist,672.3051639344262,653.7108767123287,0,1,345.74751729785754,18.594287222097478
2011,5,naive_mean,672.3051639344262,665.6556222852744,0,0,44.21640414380501,6.649541649151843
2011,5,M1,672.3051639344262,664.0436557568164,0,0,68.2525173687138,8.261508177609812
2011,5,M2,672.3051639344262,623.734841945661,0,1,2359.0761780923353,48.57032198876527
2011,5,M2m,672.3051639344262,662.6556632303117,0,0,93.11286383870682,9.64950070411453
2011,5,M3,672.3051639344262,624.149546832126,0,1,2318.9634585033473,48.1556171023002
2011,5,M4,672.3051639344262,625.171697378404,0,1,2221.5636695876633,47.1334665560222
2011,5,M2_oracle,672.3051639344262,667.1249036090474,0,0,26.83509703869437,5.1802603253788675
2012,1,naive_persist,644.4093150684931,651.5640163934426,1,1,51.18975104923311,7.1547013249494285
2012,1,naive_mean,644.4093150684931,665.4772475271499,1,0,443.8577780825223,21.067932458656742
2012,1,M1,644.4093150684931,656.419625033848,1,1,144.24754546390201,12.01030996535485
2012,1,M2,644.4093150684931,646.5899347015902,1,1,4.755101984248446,2.1806196330970806
2012,1,M2m,644.4093150684931,655.2245923427738,1,1,116.97022251957202,10.815277274280675
2012,1,M3,644.4093150684931,645.2887036518705,1,1,0.7733242805744451,0.8793885833773629
2012,1,M4,644.4093150684931,643.6790646560169,1,1,0.5332656649217571,0.7302504124762663
2012,1,M2_oracle,644.4093150684931,645.072419112952,1,1,0.4397069737777759,0.6631040444589189
2012,5,naive_persist,670.4196438356165,651.5640163934426,0,1,355.5346862380635,18.855627442173954
2012,5,naive_mean,670.4196438356165,665.4772475271499,0,0,24.427281269944682,4.942396308466641
2012,5,M1,670.4196438356165,663.5656494832599,0,0,46.97723858213628,6.853994352356608
2012,5,M2,670.4196438356165,637.2418558561836,0,1,1100.7656152082009,33.17778797943288
2012,5,M2m,670.4196438356165,662.1041240259786,0,0,69.14786970447972,8.315519809637863
2012,5,M3,670.4196438356165,637.0038054203798,0,1,1116.618256993212,33.41583841523675
2012,5,M4,670.4196438356165,636.4181772681496,0,1,1156.0997287385678,34.00146656746688
2012,5,M2_oracle,670.4196438356165,661.7966977911518,0,0,74.35519848574937,8.622946044464697
2013,1,naive_persist,636.3630410958905,644.4093150684931,1,1,64.7425248421828,8.046273972602648
2013,1,naive_mean,636.3630410958905,665.2138983714167,1,0,832.3719655327836,28.85085727552621
2013,1,M1,636.3630410958905,651.4874414328942,1,1,228.7474855539591,15.124400337003749
2013,1,M2,636.3630410958905,639.8896026259107,1,1,12.436636225018535,3.526561530020217
2013,1,M2m,636.3630410958905,649.9257804235303,1,1,183.94789806950894,13.56273932763986
2013,1,M3,636.3630410958905,640.1306499653205,1,1,14.194876593007436,3.767608869429978
2013,1,M4,636.3630410958905,640.4291567962338,1,1,16.533296888578196,4.066115700343289
2013,1,M2_oracle,636.3630410958905,639.1930194536045,1,1,8.008777505129776,2.829978357714026
2013,5,naive_persist,664.307698630137,644.4093150684931,0,1,395.9456683662989,19.89838356164387
2013,5,naive_mean,664.307698630137,665.2138983714167,0,0,0.8211979710953821,0.9061997412796927
2013,5,M1,664.307698630137,662.2337469158565,0,0,4.301275713167013,2.073951714280497
2013,5,M2,664.307698630137,631.379623836418,0,1,1084.2581096207539,32.92807479371902
2013,5,M2m,664.307698630137,660.3125038624034,0,0,15.961581232125543,3.995194767733551
2013,5,M3,664.307698630137,631.4238811903302,0,1,1081.3454494145394,32.88381743980676
2013,5,M4,664.307698630137,631.5328386498713,0,1,1074.1914467260196,32.77485998026566
2013,5,M2_oracle,664.307698630137,667.8972117356238,0,0,12.884604334461809,3.5895131054868443
2014,1,naive_persist,652.8855342465754,636.3630410958905,1,1,272.9927799144297,16.52249315068491
2014,1,naive_mean,652.8855342465754,664.8577149482621,1,0,143.33311075384037,11.972180701686739
2014,1,M1,652.8855342465754,645.544953494689,1,1,53.88412577496457,7.340580751886364
2014,1,M2,652.8855342465754,633.2000560316081,1,1,387.51805255195006,19.685478214967247
2014,1,M2m,652.8855342465754,643.8525026222321,1,1,81.59566032638554,9.033031624343266
2014,1,M3,652.8855342465754,634.2230888004266,1,1,348.2868700304804,18.66244544614881
2014,1,M4,652.8855342465754,635.4774222043393,1,1,303.04236487504545,17.408112042236098
2014,1,M2_oracle,652.8855342465754,655.2193888634058,1,1,5.446877372500675,2.333854616830422
2014,5,naive_persist,677.7332328767123,636.3630410958905,0,1,1711.4927679819814,41.37019178082187
2014,5,naive_mean,677.7332328767123,664.8577149482621,0,0,165.7789619258431,12.875517928450222
2014,5,M1,677.7332328767123,660.2960259363588,0,0,304.0561858807149,17.437206940353576
2014,5,M2,677.7332328767123,627.1792065959253,0,1,2555.7095731985096,50.55402628078707
2014,5,M2m,677.7332328767123,658.1089468633536,0,1,385.1126015341081,19.624286013358756
2014,5,M3,677.7332328767123,627.3708036486481,0,1,2536.374277751778,50.36242922806423
2014,5,M4,677.7332328767123,627.840103079514,0,1,2489.3244009600767,49.8931297971983
2014,5,M2_oracle,677.7332328767123,661.4341430252184,0,0,265.6603299870725,16.29908985149393
2015,1,naive_persist,672.3051639344262,652.8855342465754,0,1,377.1220172132573,19.41962968785083
2015,1,naive_mean,672.3051639344262,664.711712744583,0,0,57.660500972531445,7.593451189843222
2015,1,M1,672.3051639344262,656.7970531785032,0,1,240.50149921797419,15.508110755922985
2015,1,M2,672.3051639344262,667.0760006102414,0,0,27.344149070999535,5.22916332418481
2015,1,M2m,672.3051639344262,655.8860059916201,0,1,269.5887475508134,16.419157942806123
2015,1,M3,672.3051639344262,667.9085732895244,0,0,19.33000929883833,4.396590644901835
2015,1,M4,672.3051639344262,668.9386436433406,0,0,11.33345887029131,3.366520291085635
2015,1,M2_oracle,672.3051639344262,664.6897827957955,0,0,57.99402988661237,7.61538113863071
2015,5,naive_persist,664.5393442622951,652.8855342465754,0,1,135.81128788248944,11.653810015719728
2015,5,naive_mean,664.5393442622951,664.711712744583,0,0,0.029710893686227025,0.1723684822878795
2015,5,M1,664.5393442622951,662.8603556984026,0,0,2.8190025976818567,1.678988563892517
2015,5,M2,664.5393442622951,694.3666786066924,0,0,889.6698740924619,29.827334344397286
2015,5,M2m,664.5393442622951,661.6564229837722,0,0,8.311235098159951,2.882921278522872
2015,5,M3,664.5393442622951,694.525764850479,0,0,899.1854196914612,29.986420588183933
2015,5,M4,664.5393442622951,694.9176763667672,0,0,922.8430614495982,30.378332104472065
2015,5,M2_oracle,664.5393442622951,651.3474802976393,0,1,174.02527486198412,13.191863964655795
2016,1,naive_persist,670.4196438356165,672.3051639344262,0,0,3.5551860430153663,1.8855200988097067
2016,1,naive_mean,670.4196438356165,664.803200108316,0,0,31.544440141933364,5.6164437273005205
2016,1,M1,670.4196438356165,669.6323945675836,0,0,0.6197614100184179,0.7872492680329515
2016,1,M2,670.4196438356165,678.9622941939169,0,0,72.97687514417031,8.54265035830042
2016,1,M2m,670.4196438356165,670.1827500948299,0,0,0.0561186444238816,0.23689374078662695
2016,1,M3,670.4196438356165,676.1060333384303,0,0,32.33502557771061,5.686389502813768
2016,1,M4,670.4196438356165,672.6548633884262,0,0,4.996206449262648,2.235219552809667
2016,1,M2_oracle,670.4196438356165,664.6583461943598,0,0,33.19255051115071,5.7612976412567605
2016,5,naive_persist,662.845205479452,672.3051639344262,0,0,89.49081396983756,9.459958454974185
2016,5,naive_mean,662.845205479452,664.803200108316,0,0,3.833742966660107,1.9579946288639576
2016,5,M1,662.845205479452,665.6171280280671,0,0,7.683554615520644,2.7719225486150663
2016,5,M2,662.845205479452,691.6027320026609,0,0,826.9953317330614,28.757526523208867
2016,5,M2m,662.845205479452,666.1527493139998,0,0,10.939846217455168,3.3075438345478005
2016,5,M3,662.845205479452,691.0709166404589,0,0,796.6907705445878,28.22571116100687
2016,5,M4,662.845205479452,689.7793488366467,0,0,725.4480783859138,26.93414335719467
2016,5,M2_oracle,662.845205479452,648.2533525348229,0,1,212.9221723576833,14.591852944629181
2017,1,naive_persist,664.307698630137,670.4196438356165,0,0,37.35587419478403,6.111945205479515
2017,1,naive_mean,664.307698630137,664.8700625336411,0,0,0.3162531599643601,0.5623639035040924
2017,1,M1,664.307698630137,668.4276283232002,0,0,16.973820675784058,4.119929693063227
2017,1,M2,664.307698630137,663.4071469987091,0,0,0.810993240867456,0.9005516314279021
2017,1,M2m,664.307698630137,668.8337860306176,0,0,20.485467156789284,4.5260874004806055
2017,1,M3,664.307698630137,661.3228355766173,0,0,8.909407448266881,2.984863053519689
2017,1,M4,664.307698630137,658.5699529844416,0,1,32.92172509469699,5.7377456456954405
2017,1,M2_oracle,664.307698630137,674.4522914839226,0,0,102.91276416907866,10.144592853785639
2017,5,naive_persist,643.4545205479452,670.4196438356165,1,0,727.1178739193133,26.965123287671304
2017,5,naive_mean,643.4545205479452,664.8700625336411,1,0,458.6254385411031,21.41554198569588
2017,5,M1,643.4545205479452,665.4320266941797,1,0,483.01077640777663,21.977506146234532
2017,5,M2,643.4545205479452,650.0107569570042,1,1,42.98423585147099,6.556236409059011
2017,5,M2m,643.4545205479452,665.8042274867003,1,0,499.5094002482355,22.349706938755048
2017,5,M3,643.4545205479452,649.615173743411,1,1,37.95364779480278,6.160653195465784
2017,5,M4,643.4545205479452,648.6041050529727,1,1,26.51822057441952,5.149584505027519
2017,5,M2_oracle,643.4545205479452,642.6616865364149,1,1,0.6285857698392551,0.7928340115303172
2018,1,naive_persist,677.7332328767123,664.307698630137,0,0,180.24496980596763,13.425534246575353
2018,1,naive_mean,677.7332328767123,664.8634464877175,0,0,165.63140169835683,12.86978638899484
2018,1,M1,677.7332328767123,664.4352813702506,0,0,176.83551426820966,13.2979515064618
2018,1,M2,677.7332328767123,669.8092095503796,0,0,62.79014567626567,7.924023326332758
2018,1,M2m,677.7332328767123,664.3495874042692,0,0,179.12196613204839,13.383645472443163
2018,1,M3,677.7332328767123,673.5257816906521,0,0,17.70264548307948,4.2074511860602115
2018,1,M4,677.7332328767123,678.251388470663,0,0,0.26848521954230914,0.5181555939506097
2018,1,M2_oracle,677.7332328767123,659.5062170252573,0,1,332.22410684919214,18.227015851455008
2018,5,naive_persist,635.6761643835616,664.307698630137,1,0,819.7647533128182,28.63153424657537
2018,5,naive_mean,635.6761643835616,664.8634464877175,1,0,851.8974366275783,29.187282104155884
2018,5,M1,635.6761643835616,664.6263935007314,1,0,838.1157659366252,28.950229117169783
2018,5,M2,635.6761643835616,680.2048993453691,1,0,1982.8082372988938,44.52873496180746
2018,5,M2m,635.6761643835616,664.4287406965346,1,0,826.7106446333371,28.75257631297302
2018,5,M3,635.6761643835616,680.893450528088,1,0,2044.6029662759777,45.21728614452638
2018,5,M4,635.6761643835616,682.6146668534893,1,0,2203.2230141194086,46.9385024699277
2018,5,M2_oracle,635.6761643835616,636.872217640626,1,1,1.4305433937342726,1.1960532570643636
2019,1,naive_persist,664.5393442622951,677.7332328767123,0,0,174.0786967696487,13.193888614417233
2019,1,naive_mean,664.5393442622951,665.0130951666594,0,0,0.22443991938593302,0.4737509043642376
2019,1,M1,664.5393442622951,673.2328181283681,0,0,75.5764878600936,8.693473866072964
2019,1,M2,664.5393442622951,669.4590623500976,0,0,24.203626063451026,4.919718087802494
2019,1,M2m,664.5393442622951,674.1761481763945,0,0,92.86798967880047,9.636803914099346
2019,1,M3,664.5393442622951,662.0338991285026,0,0,6.277255318444405,2.5054451337924775
2019,1,M4,664.5393442622951,654.2639474713806,0,1,105.58377921073715,10.275396790914556
2019,1,M2_oracle,664.5393442622951,664.0870851936877,0,0,0.20453826513764936,0.45225906860741816
2020,1,naive_persist,662.845205479452,664.5393442622951,0,0,2.870106215533044,1.6941387828430834
2020,1,naive_mean,662.845205479452,665.0076497539654,0,0,4.676165240375806,2.1624442745134047
2020,1,M1,662.845205479452,664.642846299585,0,0,3.2315125182083846,1.7976408201329832
2020,1,M2,662.845205479452,654.5966957021644,0,1,68.03791354600928,8.248509777287609
2020,1,M2m,662.845205479452,664.5639966999803,0,0,2.954243259765026,1.71879122052826
2020,1,M3,662.845205479452,654.432064122962,0,1,70.78094748428386,8.413141356490087
2020,1,M4,662.845205479452,654.2246380355105,0,1,74.3141830555455,8.620567443941582
2020,1,M2_oracle,662.845205479452,656.5360110321016,0,1,39.80593457447811,6.309194447350478
2021,1,naive_persist,643.4545205479452,662.845205479452,1,0,375.99866211296586,19.390684931506826
2021,1,naive_mean,643.4545205479452,664.9830765235732,1,0,463.47872239574906,21.528555975628024
2021,1,M1,643.4545205479452,663.5420345494134,1,0,403.50821875918126,20.087514001468207
2021,1,M2,643.4545205479452,655.4488682061789,1,1,143.86437574657538,11.994347658233664
2021,1,M2m,643.4545205479452,663.3270216751387,1,0,394.9163010503053,19.87250112719346
2021,1,M3,643.4545205479452,653.1439913332313,1,1,93.88584409891209,9.689470785286062
2021,1,M4,643.4545205479452,650.2047692598225,1,1,45.565857672200444,6.750248711877248
2021,1,M2_oracle,643.4545205479452,652.414129851878,1,1,80.27459887911883,8.95960930393278
2022,1,naive_persist,635.6761643835616,643.4545205479452,1,1,60.502824620004056,7.778356164383581
2022,1,naive_mean,635.6761643835616,664.7411826362066,1,0,844.7752860265881,29.065018252645018
2022,1,M1,635.6761643835616,650.8999723905006,1,1,231.76433023213858,15.223808006938953
2022,1,M2,635.6761643835616,638.1527440120053,1,1,6.133446656022273,2.4765796284436874
2022,1,M2m,635.6761643835616,649.1011116971259,1,1,180.2292103719774,13.424947313564303
2022,1,M3,635.6761643835616,641.5200948587576,1,1,34.151523398924255,5.843930475195975
2022,1,M4,635.6761643835616,645.5559210521646,1,1,97.60959183080588,9.879756668603022
2022,1,M2_oracle,635.6761643835616,639.7318766474897,1,1,16.44880196777645,4.055712263928058
