cell,T,sigma,rep,module,retained
D6_timevarying_r,33,11.8,0,M1_autonomous_Schaefer,False
D6_timevarying_r,33,11.8,0,M1b_autonomous_Allee,False
D6_timevarying_r,33,11.8,0,M2_stockflow_regimeC,False
D6_timevarying_r,33,11.8,0,M3_AR_residual,False
D6_timevarying_r,33,11.8,0,M4_delayed_info,False
D6_timevarying_r,33,11.8,1,M1_autonomous_Schaefer,True
D6_timevarying_r,33,11.8,1,M1b_autonomous_Allee,False
D6_timevarying_r,33,11.8,1,M2_stockflow_regimeC,False
D6_timevarying_r,33,11.8,1,M3_AR_residual,False
D6_timevarying_r,33,11.8,1,M4_delayed_info,False
D6_timevarying_r,33,11.8,2,M1_autonomous_Schaefer,True
D6_timevarying_r,33,11.8,2,M1b_autonomous_Allee,False
D6_timevarying_r,33,11.8,2,M2_stockflow_regimeC,False
D6_timevarying_r,33,11.8,2,M3_AR_residual,False
D6_timevarying_r,33,11.8,2,M4_delayed_info,False
D6_timevarying_r,33,11.8,3,M1_autonomous_Schaefer,True
D6_timevarying_r,33,11.8,3,M1b_autonomous_Allee,False
D6_timevarying_r,33,11.8,3,M2_stockflow_regimeC,False
D6_timevarying_r,33,11.8,3,M3_AR_residual,False
D6_timevarying_r,33,11.8,3,M4_delayed_info,False
D6_timevarying_r,33,11.8,4,M1_autonomous_Schaefer,False
D6_timevarying_r,33,11.8,4,M1b_autonomous_Allee,False
D6_timevarying_r,33,11.8,4,M2_stockflow_regimeC,False
D6_timevarying_r,33,11.8,4,M3_AR_residual,False
D6_timevarying_r,33,11.8,4,M4_delayed_info,False
D6_timevarying_r,33,11.8,5,M1_autonomous_Schaefer,True
D6_timevarying_r,33,11.8,5,M1b_autonomous_Allee,False
D6_timevarying_r,33,11.8,5,M2_stockflow_regimeC,False
D6_timevarying_r,33,11.8,5,M3_AR_residual,False
D6_timevarying_r,33,11.8,5,M4_delayed_info,False
D6_timevarying_r,33,11.8,6,M1_autonomous_Schaefer,True
D6_timevarying_r,33,11.8,6,M1b_autonomous_Allee,False
D6_timevarying_r,33,11.8,6,M2_stockflow_regimeC,False
D6_timevarying_r,33,11.8,6,M3_AR_residual,False
D6_timevarying_r,33,11.8,6,M4_delayed_info,False
D6_timevarying_r,33,11.8,7,M1_autonomous_Schaefer,False
D6_timevarying_r,33,11.8,7,M1b_autonomous_Allee,False
D6_timevarying_r,33,11.8,7,M2_stockflow_regimeC,False
D6_timevarying_r,33,11.8,7,M3_AR_residual,False
D6_timevarying_r,33,11.8,7,M4_delayed_info,False
D6_timevarying_r,33,11.8,8,M1_autonomous_Schaefer,True
D6_timevarying_r,33,11.8,8,M1b_autonomous_Allee,False
D6_timevarying_r,33,11.8,8,M2_stockflow_regimeC,False
D6_timevarying_r,33,11.8,8,M3_AR_residual,False
D6_timevarying_r,33,11.8,8,M4_delayed_info,False
D6_timevarying_r,33,11.8,9,M1_autonomous_Schaefer,False
D6_timevarying_r,33,11.8,9,M1b_autonomous_Allee,True
D6_timevarying_r,33,11.8,9,M2_stockflow_regimeC,False
D6_timevarying_r,33,11.8,9,M3_AR_residual,False
D6_timevarying_r,33,11.8,9,M4_delayed_info,False
D6_timevarying_r,33,11.8,10,M1_autonomous_Schaefer,False
D6_timevarying_r,33,11.8,10,M1b_autonomous_Allee,False
D6_timevarying_r,33,11.8,10,M2_stockflow_regimeC,False
D6_timevarying_r,33,11.8,10,M3_AR_residual,False
D6_timevarying_r,33,11.8,10,M4_delayed_info,False
D6_timevarying_r,33,11.8,11,M1_autonomous_Schaefer,True
D6_timevarying_r,33,11.8,11,M1b_autonomous_Allee,False
D6_timevarying_r,33,11.8,11,M2_stockflow_regimeC,False
D6_timevarying_r,33,11.8,11,M3_AR_residual,False
D6_timevarying_r,33,11.8,11,M4_delayed_info,False
D6_timevarying_r,33,11.8,12,M1_autonomous_Schaefer,True
D6_timevarying_r,33,11.8,12,M1b_autonomous_Allee,False
D6_timevarying_r,33,11.8,12,M2_stockflow_regimeC,False
D6_timevarying_r,33,11.8,12,M3_AR_residual,False
D6_timevarying_r,33,11.8,12,M4_delayed_info,False
D6_timevarying_r,33,11.8,13,M1_autonomous_Schaefer,True
D6_timevarying_r,33,11.8,13,M1b_autonomous_Allee,False
D6_timevarying_r,33,11.8,13,M2_stockflow_regimeC,False
D6_timevarying_r,33,11.8,13,M3_AR_residual,False
D6_timevarying_r,33,11.8,13,M4_delayed_info,False
D6_timevarying_r,33,11.8,14,M1_autonomous_Schaefer,False
D6_timevarying_r,33,11.8,14,M1b_autonomous_Allee,False
D6_timevarying_r,33,11.8,14,M2_stockflow_regimeC,False
D6_timevarying_r,33,11.8,14,M3_AR_residual,False
D6_timevarying_r,33,11.8,14,M4_delayed_info,False
D6_timevarying_r,33,11.8,15,M1_autonomous_Schaefer,False
D6_timevarying_r,33,11.8,15,M1b_autonomous_Allee,False
D6_timevarying_r,33,11.8,15,M2_stockflow_regimeC,False
D6_timevarying_r,33,11.8,15,M3_AR_residual,False
D6_timevarying_r,33,11.8,15,M4_delayed_info,False
D6_timevarying_r,33,11.8,16,M1_autonomous_Schaefer,True
D6_timevarying_r,33,11.8,16,M1b_autonomous_Allee,False
D6_timevarying_r,33,11.8,16,M2_stockflow_regimeC,False
D6_timevarying_r,33,11.8,16,M3_AR_residual,False
D6_timevarying_r,33,11.8,16,M4_delayed_info,False
D6_timevarying_r,33,11.8,17,M1_autonomous_Schaefer,True
D6_timevarying_r,33,11.8,17,M1b_autonomous_Allee,False
D6_timevarying_r,33,11.8,17,M2_stockflow_regimeC,False
D6_timevarying_r,33,11.8,17,M3_AR_residual,False
D6_timevarying_r,33,11.8,17,M4_delayed_info,False
D6_timevarying_r,33,11.8,18,M1_autonomous_Schaefer,True
D6_timevarying_r,33,11.8,18,M1b_autonomous_Allee,False
D6_timevarying_r,33,11.8,18,M2_stockflow_regimeC,False
D6_timevarying_r,33,11.8,18,M3_AR_residual,False
D6_timevarying_r,33,11.8,18,M4_delayed_info,False
D6_timevarying_r,33,11.8,19,M1_autonomous_Schaefer,False
D6_timevarying_r,33,11.8,19,M1b_autonomous_Allee,False
D6_timevarying_r,33,11.8,19,M2_stockflow_regimeC,False
D6_timevarying_r,33,11.8,19,M3_AR_residual,False
D6_timevarying_r,33,11.8,19,M4_delayed_info,False
D6_timevarying_r,33,11.8,20,M1_autonomous_Schaefer,False
D6_timevarying_r,33,11.8,20,M1b_autonomous_Allee,False
D6_timevarying_r,33,11.8,20,M2_stockflow_regimeC,False
D6_timevarying_r,33,11.8,20,M3_AR_residual,False
D6_timevarying_r,33,11.8,20,M4_delayed_info,False
D6_timevarying_r,33,11.8,21,M1_autonomous_Schaefer,False
D6_timevarying_r,33,11.8,21,M1b_autonomous_Allee,False
D6_timevarying_r,33,11.8,21,M2_stockflow_regimeC,False
D6_timevarying_r,33,11.8,21,M3_AR_residual,False
D6_timevarying_r,33,11.8,21,M4_delayed_info,False
D6_timevarying_r,33,11.8,22,M1_autonomous_Schaefer,True
D6_timevarying_r,33,11.8,22,M1b_autonomous_Allee,False
D6_timevarying_r,33,11.8,22,M2_stockflow_regimeC,False
D6_timevarying_r,33,11.8,22,M3_AR_residual,False
D6_timevarying_r,33,11.8,22,M4_delayed_info,False
D6_timevarying_r,33,11.8,23,M1_autonomous_Schaefer,True
D6_timevarying_r,33,11.8,23,M1b_autonomous_Allee,False
D6_timevarying_r,33,11.8,23,M2_stockflow_regimeC,False
D6_timevarying_r,33,11.8,23,M3_AR_residual,False
D6_timevarying_r,33,11.8,23,M4_delayed_info,False
D6_timevarying_r,33,11.8,24,M1_autonomous_Schaefer,False
D6_timevarying_r,33,11.8,24,M1b_autonomous_Allee,False
D6_timevarying_r,33,11.8,24,M2_stockflow_regimeC,False
D6_timevarying_r,33,11.8,24,M3_AR_residual,False
D6_timevarying_r,33,11.8,24,M4_delayed_info,False
D6_timevarying_r,33,11.8,25,M1_autonomous_Schaefer,True
D6_timevarying_r,33,11.8,25,M1b_autonomous_Allee,False
D6_timevarying_r,33,11.8,25,M2_stockflow_regimeC,False
D6_timevarying_r,33,11.8,25,M3_AR_residual,False
D6_timevarying_r,33,11.8,25,M4_delayed_info,False
D6_timevarying_r,33,11.8,26,M1_autonomous_Schaefer,False
D6_timevarying_r,33,11.8,26,M1b_autonomous_Allee,False
D6_timevarying_r,33,11.8,26,M2_stockflow_regimeC,False
D6_timevarying_r,33,11.8,26,M3_AR_residual,False
D6_timevarying_r,33,11.8,26,M4_delayed_info,False
D6_timevarying_r,33,11.8,27,M1_autonomous_Schaefer,True
D6_timevarying_r,33,11.8,27,M1b_autonomous_Allee,False
D6_timevarying_r,33,11.8,27,M2_stockflow_regimeC,False
D6_timevarying_r,33,11.8,27,M3_AR_residual,False
D6_timevarying_r,33,11.8,27,M4_delayed_info,False
D6_timevarying_r,33,11.8,28,M1_autonomous_Schaefer,True
D6_timevarying_r,33,11.8,28,M1b_autonomous_Allee,False
D6_timevarying_r,33,11.8,28,M2_stockflow_regimeC,False
D6_timevarying_r,33,11.8,28,M3_AR_residual,False
D6_timevarying_r,33,11.8,28,M4_delayed_info,False
D6_timevarying_r,33,11.8,29,M1_autonomous_Schaefer,False
D6_timevarying_r,33,11.8,29,M1b_autonomous_Allee,False
D6_timevarying_r,33,11.8,29,M2_stockflow_regimeC,False
D6_timevarying_r,33,11.8,29,M3_AR_residual,False
D6_timevarying_r,33,11.8,29,M4_delayed_info,False
D6_timevarying_r,33,11.8,30,M1_autonomous_Schaefer,True
D6_timevarying_r,33,11.8,30,M1b_autonomous_Allee,False
D6_timevarying_r,33,11.8,30,M2_stockflow_regimeC,False
D6_timevarying_r,33,11.8,30,M3_AR_residual,False
D6_timevarying_r,33,11.8,30,M4_delayed_info,False
D6_timevarying_r,33,11.8,31,M1_autonomous_Schaefer,False
D6_timevarying_r,33,11.8,31,M1b_autonomous_Allee,False
D6_timevarying_r,33,11.8,31,M2_stockflow_regimeC,False
D6_timevarying_r,33,11.8,31,M3_AR_residual,False
D6_timevarying_r,33,11.8,31,M4_delayed_info,False
D6_timevarying_r,33,11.8,32,M1_autonomous_Schaefer,True
D6_timevarying_r,33,11.8,32,M1b_autonomous_Allee,False
D6_timevarying_r,33,11.8,32,M2_stockflow_regimeC,False
D6_timevarying_r,33,11.8,32,M3_AR_residual,False
D6_timevarying_r,33,11.8,32,M4_delayed_info,False
D6_timevarying_r,33,11.8,33,M1_autonomous_Schaefer,True
D6_timevarying_r,33,11.8,33,M1b_autonomous_Allee,False
D6_timevarying_r,33,11.8,33,M2_stockflow_regimeC,False
D6_timevarying_r,33,11.8,33,M3_AR_residual,False
D6_timevarying_r,33,11.8,33,M4_delayed_info,False
D6_timevarying_r,33,11.8,34,M1_autonomous_Schaefer,True
D6_timevarying_r,33,11.8,34,M1b_autonomous_Allee,False
D6_timevarying_r,33,11.8,34,M2_stockflow_regimeC,False
D6_timevarying_r,33,11.8,34,M3_AR_residual,False
D6_timevarying_r,33,11.8,34,M4_delayed_info,False
D6_timevarying_r,33,11.8,35,M1_autonomous_Schaefer,False
D6_timevarying_r,33,11.8,35,M1b_autonomous_Allee,False
D6_timevarying_r,33,11.8,35,M2_stockflow_regimeC,False
D6_timevarying_r,33,11.8,35,M3_AR_residual,False
D6_timevarying_r,33,11.8,35,M4_delayed_info,False
D6_timevarying_r,33,11.8,36,M1_autonomous_Schaefer,True
D6_timevarying_r,33,11.8,36,M1b_autonomous_Allee,False
D6_timevarying_r,33,11.8,36,M2_stockflow_regimeC,False
D6_timevarying_r,33,11.8,36,M3_AR_residual,False
D6_timevarying_r,33,11.8,36,M4_delayed_info,False
D6_timevarying_r,33,11.8,37,M1_autonomous_Schaefer,False
D6_timevarying_r,33,11.8,37,M1b_autonomous_Allee,False
D6_timevarying_r,33,11.8,37,M2_stockflow_regimeC,False
D6_timevarying_r,33,11.8,37,M3_AR_residual,False
D6_timevarying_r,33,11.8,37,M4_delayed_info,False
D6_timevarying_r,33,11.8,38,M1_autonomous_Schaefer,True
D6_timevarying_r,33,11.8,38,M1b_autonomous_Allee,False
D6_timevarying_r,33,11.8,38,M2_stockflow_regimeC,False
D6_timevarying_r,33,11.8,38,M3_AR_residual,False
D6_timevarying_r,33,11.8,38,M4_delayed_info,False
D6_timevarying_r,33,11.8,39,M1_autonomous_Schaefer,False
D6_timevarying_r,33,11.8,39,M1b_autonomous_Allee,False
D6_timevarying_r,33,11.8,39,M2_stockflow_regimeC,False
D6_timevarying_r,33,11.8,39,M3_AR_residual,False
D6_timevarying_r,33,11.8,39,M4_delayed_info,False
D6_timevarying_r,33,11.8,40,M1_autonomous_Schaefer,True
D6_timevarying_r,33,11.8,40,M1b_autonomous_Allee,False
D6_timevarying_r,33,11.8,40,M2_stockflow_regimeC,False
D6_timevarying_r,33,11.8,40,M3_AR_residual,False
D6_timevarying_r,33,11.8,40,M4_delayed_info,False
D6_timevarying_r,33,11.8,41,M1_autonomous_Schaefer,True
D6_timevarying_r,33,11.8,41,M1b_autonomous_Allee,False
D6_timevarying_r,33,11.8,41,M2_stockflow_regimeC,False
D6_timevarying_r,33,11.8,41,M3_AR_residual,False
D6_timevarying_r,33,11.8,41,M4_delayed_info,False
D6_timevarying_r,33,11.8,42,M1_autonomous_Schaefer,True
D6_timevarying_r,33,11.8,42,M1b_autonomous_Allee,False
D6_timevarying_r,33,11.8,42,M2_stockflow_regimeC,False
D6_timevarying_r,33,11.8,42,M3_AR_residual,False
D6_timevarying_r,33,11.8,42,M4_delayed_info,False
D6_timevarying_r,33,11.8,43,M1_autonomous_Schaefer,True
D6_timevarying_r,33,11.8,43,M1b_autonomous_Allee,False
D6_timevarying_r,33,11.8,43,M2_stockflow_regimeC,False
D6_timevarying_r,33,11.8,43,M3_AR_residual,False
D6_timevarying_r,33,11.8,43,M4_delayed_info,False
D6_timevarying_r,33,11.8,44,M1_autonomous_Schaefer,True
D6_timevarying_r,33,11.8,44,M1b_autonomous_Allee,False
D6_timevarying_r,33,11.8,44,M2_stockflow_regimeC,False
D6_timevarying_r,33,11.8,44,M3_AR_residual,False
D6_timevarying_r,33,11.8,44,M4_delayed_info,False
D6_timevarying_r,33,11.8,45,M1_autonomous_Schaefer,True
D6_timevarying_r,33,11.8,45,M1b_autonomous_Allee,False
D6_timevarying_r,33,11.8,45,M2_stockflow_regimeC,False
D6_timevarying_r,33,11.8,45,M3_AR_residual,False
D6_timevarying_r,33,11.8,45,M4_delayed_info,False
D6_timevarying_r,33,11.8,46,M1_autonomous_Schaefer,True
D6_timevarying_r,33,11.8,46,M1b_autonomous_Allee,False
D6_timevarying_r,33,11.8,46,M2_stockflow_regimeC,False
D6_timevarying_r,33,11.8,46,M3_AR_residual,False
D6_timevarying_r,33,11.8,46,M4_delayed_info,False
D6_timevarying_r,33,11.8,47,M1_autonomous_Schaefer,False
D6_timevarying_r,33,11.8,47,M1b_autonomous_Allee,False
D6_timevarying_r,33,11.8,47,M2_stockflow_regimeC,False
D6_timevarying_r,33,11.8,47,M3_AR_residual,False
D6_timevarying_r,33,11.8,47,M4_delayed_info,False
D6_timevarying_r,33,11.8,48,M1_autonomous_Schaefer,True
D6_timevarying_r,33,11.8,48,M1b_autonomous_Allee,False
D6_timevarying_r,33,11.8,48,M2_stockflow_regimeC,False
D6_timevarying_r,33,11.8,48,M3_AR_residual,False
D6_timevarying_r,33,11.8,48,M4_delayed_info,False
D6_timevarying_r,33,11.8,49,M1_autonomous_Schaefer,True
D6_timevarying_r,33,11.8,49,M1b_autonomous_Allee,False
D6_timevarying_r,33,11.8,49,M2_stockflow_regimeC,False
D6_timevarying_r,33,11.8,49,M3_AR_residual,False
D6_timevarying_r,33,11.8,49,M4_delayed_info,False
D6_timevarying_r,33,11.8,50,M1_autonomous_Schaefer,True
D6_timevarying_r,33,11.8,50,M1b_autonomous_Allee,False
D6_timevarying_r,33,11.8,50,M2_stockflow_regimeC,False
D6_timevarying_r,33,11.8,50,M3_AR_residual,False
D6_timevarying_r,33,11.8,50,M4_delayed_info,False
D6_timevarying_r,33,11.8,51,M1_autonomous_Schaefer,False
D6_timevarying_r,33,11.8,51,M1b_autonomous_Allee,False
D6_timevarying_r,33,11.8,51,M2_stockflow_regimeC,False
D6_timevarying_r,33,11.8,51,M3_AR_residual,False
D6_timevarying_r,33,11.8,51,M4_delayed_info,False
D6_timevarying_r,33,11.8,52,M1_autonomous_Schaefer,True
D6_timevarying_r,33,11.8,52,M1b_autonomous_Allee,False
D6_timevarying_r,33,11.8,52,M2_stockflow_regimeC,False
D6_timevarying_r,33,11.8,52,M3_AR_residual,False
D6_timevarying_r,33,11.8,52,M4_delayed_info,False
D6_timevarying_r,33,11.8,53,M1_autonomous_Schaefer,False
D6_timevarying_r,33,11.8,53,M1b_autonomous_Allee,False
D6_timevarying_r,33,11.8,53,M2_stockflow_regimeC,False
D6_timevarying_r,33,11.8,53,M3_AR_residual,False
D6_timevarying_r,33,11.8,53,M4_delayed_info,False
D6_timevarying_r,33,11.8,54,M1_autonomous_Schaefer,True
D6_timevarying_r,33,11.8,54,M1b_autonomous_Allee,False
D6_timevarying_r,33,11.8,54,M2_stockflow_regimeC,False
D6_timevarying_r,33,11.8,54,M3_AR_residual,False
D6_timevarying_r,33,11.8,54,M4_delayed_info,False
D6_timevarying_r,33,11.8,55,M1_autonomous_Schaefer,False
D6_timevarying_r,33,11.8,55,M1b_autonomous_Allee,False
D6_timevarying_r,33,11.8,55,M2_stockflow_regimeC,False
D6_timevarying_r,33,11.8,55,M3_AR_residual,False
D6_timevarying_r,33,11.8,55,M4_delayed_info,False
D6_timevarying_r,33,11.8,56,M1_autonomous_Schaefer,True
D6_timevarying_r,33,11.8,56,M1b_autonomous_Allee,False
D6_timevarying_r,33,11.8,56,M2_stockflow_regimeC,False
D6_timevarying_r,33,11.8,56,M3_AR_residual,False
D6_timevarying_r,33,11.8,56,M4_delayed_info,False
D6_timevarying_r,33,11.8,57,M1_autonomous_Schaefer,False
D6_timevarying_r,33,11.8,57,M1b_autonomous_Allee,False
D6_timevarying_r,33,11.8,57,M2_stockflow_regimeC,False
D6_timevarying_r,33,11.8,57,M3_AR_residual,False
D6_timevarying_r,33,11.8,57,M4_delayed_info,False
D6_timevarying_r,33,11.8,58,M1_autonomous_Schaefer,True
D6_timevarying_r,33,11.8,58,M1b_autonomous_Allee,False
D6_timevarying_r,33,11.8,58,M2_stockflow_regimeC,False
D6_timevarying_r,33,11.8,58,M3_AR_residual,False
D6_timevarying_r,33,11.8,58,M4_delayed_info,False
D6_timevarying_r,33,11.8,59,M1_autonomous_Schaefer,False
D6_timevarying_r,33,11.8,59,M1b_autonomous_Allee,False
D6_timevarying_r,33,11.8,59,M2_stockflow_regimeC,False
D6_timevarying_r,33,11.8,59,M3_AR_residual,False
D6_timevarying_r,33,11.8,59,M4_delayed_info,False
D6_timevarying_r,33,11.8,60,M1_autonomous_Schaefer,False
D6_timevarying_r,33,11.8,60,M1b_autonomous_Allee,False
D6_timevarying_r,33,11.8,60,M2_stockflow_regimeC,False
D6_timevarying_r,33,11.8,60,M3_AR_residual,False
D6_timevarying_r,33,11.8,60,M4_delayed_info,False
D6_timevarying_r,33,11.8,61,M1_autonomous_Schaefer,True
D6_timevarying_r,33,11.8,61,M1b_autonomous_Allee,False
D6_timevarying_r,33,11.8,61,M2_stockflow_regimeC,False
D6_timevarying_r,33,11.8,61,M3_AR_residual,False
D6_timevarying_r,33,11.8,61,M4_delayed_info,False
D6_timevarying_r,33,11.8,62,M1_autonomous_Schaefer,True
D6_timevarying_r,33,11.8,62,M1b_autonomous_Allee,False
D6_timevarying_r,33,11.8,62,M2_stockflow_regimeC,False
D6_timevarying_r,33,11.8,62,M3_AR_residual,False
D6_timevarying_r,33,11.8,62,M4_delayed_info,False
D6_timevarying_r,33,11.8,63,M1_autonomous_Schaefer,False
D6_timevarying_r,33,11.8,63,M1b_autonomous_Allee,False
D6_timevarying_r,33,11.8,63,M2_stockflow_regimeC,False
D6_timevarying_r,33,11.8,63,M3_AR_residual,False
D6_timevarying_r,33,11.8,63,M4_delayed_info,False
D6_timevarying_r,33,11.8,64,M1_autonomous_Schaefer,True
D6_timevarying_r,33,11.8,64,M1b_autonomous_Allee,False
D6_timevarying_r,33,11.8,64,M2_stockflow_regimeC,False
D6_timevarying_r,33,11.8,64,M3_AR_residual,False
D6_timevarying_r,33,11.8,64,M4_delayed_info,False
D6_timevarying_r,33,11.8,65,M1_autonomous_Schaefer,True
D6_timevarying_r,33,11.8,65,M1b_autonomous_Allee,False
D6_timevarying_r,33,11.8,65,M2_stockflow_regimeC,False
D6_timevarying_r,33,11.8,65,M3_AR_residual,False
D6_timevarying_r,33,11.8,65,M4_delayed_info,False
D6_timevarying_r,33,11.8,66,M1_autonomous_Schaefer,False
D6_timevarying_r,33,11.8,66,M1b_autonomous_Allee,False
D6_timevarying_r,33,11.8,66,M2_stockflow_regimeC,False
D6_timevarying_r,33,11.8,66,M3_AR_residual,False
D6_timevarying_r,33,11.8,66,M4_delayed_info,False
D6_timevarying_r,33,11.8,67,M1_autonomous_Schaefer,True
D6_timevarying_r,33,11.8,67,M1b_autonomous_Allee,False
D6_timevarying_r,33,11.8,67,M2_stockflow_regimeC,False
D6_timevarying_r,33,11.8,67,M3_AR_residual,False
D6_timevarying_r,33,11.8,67,M4_delayed_info,False
D6_timevarying_r,33,11.8,68,M1_autonomous_Schaefer,True
D6_timevarying_r,33,11.8,68,M1b_autonomous_Allee,True
D6_timevarying_r,33,11.8,68,M2_stockflow_regimeC,False
D6_timevarying_r,33,11.8,68,M3_AR_residual,False
D6_timevarying_r,33,11.8,68,M4_delayed_info,False
D6_timevarying_r,33,11.8,69,M1_autonomous_Schaefer,False
D6_timevarying_r,33,11.8,69,M1b_autonomous_Allee,False
D6_timevarying_r,33,11.8,69,M2_stockflow_regimeC,False
D6_timevarying_r,33,11.8,69,M3_AR_residual,False
D6_timevarying_r,33,11.8,69,M4_delayed_info,False
D6_timevarying_r,33,11.8,70,M1_autonomous_Schaefer,True
D6_timevarying_r,33,11.8,70,M1b_autonomous_Allee,False
D6_timevarying_r,33,11.8,70,M2_stockflow_regimeC,False
D6_timevarying_r,33,11.8,70,M3_AR_residual,False
D6_timevarying_r,33,11.8,70,M4_delayed_info,False
D6_timevarying_r,33,11.8,71,M1_autonomous_Schaefer,True
D6_timevarying_r,33,11.8,71,M1b_autonomous_Allee,False
D6_timevarying_r,33,11.8,71,M2_stockflow_regimeC,False
D6_timevarying_r,33,11.8,71,M3_AR_residual,False
D6_timevarying_r,33,11.8,71,M4_delayed_info,False
D6_timevarying_r,33,11.8,72,M1_autonomous_Schaefer,False
D6_timevarying_r,33,11.8,72,M1b_autonomous_Allee,False
D6_timevarying_r,33,11.8,72,M2_stockflow_regimeC,False
D6_timevarying_r,33,11.8,72,M3_AR_residual,False
D6_timevarying_r,33,11.8,72,M4_delayed_info,False
D6_timevarying_r,33,11.8,73,M1_autonomous_Schaefer,True
D6_timevarying_r,33,11.8,73,M1b_autonomous_Allee,False
D6_timevarying_r,33,11.8,73,M2_stockflow_regimeC,False
D6_timevarying_r,33,11.8,73,M3_AR_residual,False
D6_timevarying_r,33,11.8,73,M4_delayed_info,False
D6_timevarying_r,33,11.8,74,M1_autonomous_Schaefer,False
D6_timevarying_r,33,11.8,74,M1b_autonomous_Allee,False
D6_timevarying_r,33,11.8,74,M2_stockflow_regimeC,False
D6_timevarying_r,33,11.8,74,M3_AR_residual,False
D6_timevarying_r,33,11.8,74,M4_delayed_info,False
D6_timevarying_r,33,11.8,75,M1_autonomous_Schaefer,True
D6_timevarying_r,33,11.8,75,M1b_autonomous_Allee,False
D6_timevarying_r,33,11.8,75,M2_stockflow_regimeC,False
D6_timevarying_r,33,11.8,75,M3_AR_residual,False
D6_timevarying_r,33,11.8,75,M4_delayed_info,False
D6_timevarying_r,33,11.8,76,M1_autonomous_Schaefer,True
D6_timevarying_r,33,11.8,76,M1b_autonomous_Allee,False
D6_timevarying_r,33,11.8,76,M2_stockflow_regimeC,False
D6_timevarying_r,33,11.8,76,M3_AR_residual,False
D6_timevarying_r,33,11.8,76,M4_delayed_info,False
D6_timevarying_r,33,11.8,77,M1_autonomous_Schaefer,False
D6_timevarying_r,33,11.8,77,M1b_autonomous_Allee,False
D6_timevarying_r,33,11.8,77,M2_stockflow_regimeC,False
D6_timevarying_r,33,11.8,77,M3_AR_residual,False
D6_timevarying_r,33,11.8,77,M4_delayed_info,False
D6_timevarying_r,33,11.8,78,M1_autonomous_Schaefer,True
D6_timevarying_r,33,11.8,78,M1b_autonomous_Allee,False
D6_timevarying_r,33,11.8,78,M2_stockflow_regimeC,False
D6_timevarying_r,33,11.8,78,M3_AR_residual,False
D6_timevarying_r,33,11.8,78,M4_delayed_info,False
D6_timevarying_r,33,11.8,79,M1_autonomous_Schaefer,False
D6_timevarying_r,33,11.8,79,M1b_autonomous_Allee,True
D6_timevarying_r,33,11.8,79,M2_stockflow_regimeC,False
D6_timevarying_r,33,11.8,79,M3_AR_residual,False
D6_timevarying_r,33,11.8,79,M4_delayed_info,False
D6_timevarying_r,33,11.8,80,M1_autonomous_Schaefer,False
D6_timevarying_r,33,11.8,80,M1b_autonomous_Allee,False
D6_timevarying_r,33,11.8,80,M2_stockflow_regimeC,False
D6_timevarying_r,33,11.8,80,M3_AR_residual,False
D6_timevarying_r,33,11.8,80,M4_delayed_info,False
D6_timevarying_r,33,11.8,81,M1_autonomous_Schaefer,True
D6_timevarying_r,33,11.8,81,M1b_autonomous_Allee,False
D6_timevarying_r,33,11.8,81,M2_stockflow_regimeC,False
D6_timevarying_r,33,11.8,81,M3_AR_residual,False
D6_timevarying_r,33,11.8,81,M4_delayed_info,False
D6_timevarying_r,33,11.8,82,M1_autonomous_Schaefer,True
D6_timevarying_r,33,11.8,82,M1b_autonomous_Allee,False
D6_timevarying_r,33,11.8,82,M2_stockflow_regimeC,False
D6_timevarying_r,33,11.8,82,M3_AR_residual,False
D6_timevarying_r,33,11.8,82,M4_delayed_info,False
D6_timevarying_r,33,11.8,83,M1_autonomous_Schaefer,True
D6_timevarying_r,33,11.8,83,M1b_autonomous_Allee,False
D6_timevarying_r,33,11.8,83,M2_stockflow_regimeC,False
D6_timevarying_r,33,11.8,83,M3_AR_residual,False
D6_timevarying_r,33,11.8,83,M4_delayed_info,False
D6_timevarying_r,33,11.8,84,M1_autonomous_Schaefer,False
D6_timevarying_r,33,11.8,84,M1b_autonomous_Allee,False
D6_timevarying_r,33,11.8,84,M2_stockflow_regimeC,False
D6_timevarying_r,33,11.8,84,M3_AR_residual,False
D6_timevarying_r,33,11.8,84,M4_delayed_info,False
D6_timevarying_r,33,11.8,85,M1_autonomous_Schaefer,True
D6_timevarying_r,33,11.8,85,M1b_autonomous_Allee,False
D6_timevarying_r,33,11.8,85,M2_stockflow_regimeC,False
D6_timevarying_r,33,11.8,85,M3_AR_residual,False
D6_timevarying_r,33,11.8,85,M4_delayed_info,False
D6_timevarying_r,33,11.8,86,M1_autonomous_Schaefer,True
D6_timevarying_r,33,11.8,86,M1b_autonomous_Allee,False
D6_timevarying_r,33,11.8,86,M2_stockflow_regimeC,False
D6_timevarying_r,33,11.8,86,M3_AR_residual,False
D6_timevarying_r,33,11.8,86,M4_delayed_info,False
D6_timevarying_r,33,11.8,87,M1_autonomous_Schaefer,True
D6_timevarying_r,33,11.8,87,M1b_autonomous_Allee,False
D6_timevarying_r,33,11.8,87,M2_stockflow_regimeC,False
D6_timevarying_r,33,11.8,87,M3_AR_residual,False
D6_timevarying_r,33,11.8,87,M4_delayed_info,False
D6_timevarying_r,33,11.8,88,M1_autonomous_Schaefer,True
D6_timevarying_r,33,11.8,88,M1b_autonomous_Allee,False
D6_timevarying_r,33,11.8,88,M2_stockflow_regimeC,False
D6_timevarying_r,33,11.8,88,M3_AR_residual,False
D6_timevarying_r,33,11.8,88,M4_delayed_info,False
D6_timevarying_r,33,11.8,89,M1_autonomous_Schaefer,False
D6_timevarying_r,33,11.8,89,M1b_autonomous_Allee,False
D6_timevarying_r,33,11.8,89,M2_stockflow_regimeC,False
D6_timevarying_r,33,11.8,89,M3_AR_residual,False
D6_timevarying_r,33,11.8,89,M4_delayed_info,False
D6_timevarying_r,33,11.8,90,M1_autonomous_Schaefer,True
D6_timevarying_r,33,11.8,90,M1b_autonomous_Allee,False
D6_timevarying_r,33,11.8,90,M2_stockflow_regimeC,False
D6_timevarying_r,33,11.8,90,M3_AR_residual,False
D6_timevarying_r,33,11.8,90,M4_delayed_info,False
D6_timevarying_r,33,11.8,91,M1_autonomous_Schaefer,True
D6_timevarying_r,33,11.8,91,M1b_autonomous_Allee,False
D6_timevarying_r,33,11.8,91,M2_stockflow_regimeC,False
D6_timevarying_r,33,11.8,91,M3_AR_residual,False
D6_timevarying_r,33,11.8,91,M4_delayed_info,False
D6_timevarying_r,33,11.8,92,M1_autonomous_Schaefer,False
D6_timevarying_r,33,11.8,92,M1b_autonomous_Allee,False
D6_timevarying_r,33,11.8,92,M2_stockflow_regimeC,False
D6_timevarying_r,33,11.8,92,M3_AR_residual,False
D6_timevarying_r,33,11.8,92,M4_delayed_info,False
D6_timevarying_r,33,11.8,93,M1_autonomous_Schaefer,True
D6_timevarying_r,33,11.8,93,M1b_autonomous_Allee,False
D6_timevarying_r,33,11.8,93,M2_stockflow_regimeC,False
D6_timevarying_r,33,11.8,93,M3_AR_residual,False
D6_timevarying_r,33,11.8,93,M4_delayed_info,False
D6_timevarying_r,33,11.8,94,M1_autonomous_Schaefer,True
D6_timevarying_r,33,11.8,94,M1b_autonomous_Allee,False
D6_timevarying_r,33,11.8,94,M2_stockflow_regimeC,False
D6_timevarying_r,33,11.8,94,M3_AR_residual,False
D6_timevarying_r,33,11.8,94,M4_delayed_info,False
D6_timevarying_r,33,11.8,95,M1_autonomous_Schaefer,True
D6_timevarying_r,33,11.8,95,M1b_autonomous_Allee,False
D6_timevarying_r,33,11.8,95,M2_stockflow_regimeC,False
D6_timevarying_r,33,11.8,95,M3_AR_residual,False
D6_timevarying_r,33,11.8,95,M4_delayed_info,False
D6_timevarying_r,33,11.8,96,M1_autonomous_Schaefer,True
D6_timevarying_r,33,11.8,96,M1b_autonomous_Allee,False
D6_timevarying_r,33,11.8,96,M2_stockflow_regimeC,False
D6_timevarying_r,33,11.8,96,M3_AR_residual,False
D6_timevarying_r,33,11.8,96,M4_delayed_info,False
D6_timevarying_r,33,11.8,97,M1_autonomous_Schaefer,True
D6_timevarying_r,33,11.8,97,M1b_autonomous_Allee,False
D6_timevarying_r,33,11.8,97,M2_stockflow_regimeC,False
D6_timevarying_r,33,11.8,97,M3_AR_residual,False
D6_timevarying_r,33,11.8,97,M4_delayed_info,False
D6_timevarying_r,33,11.8,98,M1_autonomous_Schaefer,True
D6_timevarying_r,33,11.8,98,M1b_autonomous_Allee,False
D6_timevarying_r,33,11.8,98,M2_stockflow_regimeC,False
D6_timevarying_r,33,11.8,98,M3_AR_residual,False
D6_timevarying_r,33,11.8,98,M4_delayed_info,False
D6_timevarying_r,33,11.8,99,M1_autonomous_Schaefer,True
D6_timevarying_r,33,11.8,99,M1b_autonomous_Allee,False
D6_timevarying_r,33,11.8,99,M2_stockflow_regimeC,False
D6_timevarying_r,33,11.8,99,M3_AR_residual,False
D6_timevarying_r,33,11.8,99,M4_delayed_info,False
D6_timevarying_r,33,11.8,100,M1_autonomous_Schaefer,True
D6_timevarying_r,33,11.8,100,M1b_autonomous_Allee,False
D6_timevarying_r,33,11.8,100,M2_stockflow_regimeC,False
D6_timevarying_r,33,11.8,100,M3_AR_residual,False
D6_timevarying_r,33,11.8,100,M4_delayed_info,False
D6_timevarying_r,33,11.8,101,M1_autonomous_Schaefer,False
D6_timevarying_r,33,11.8,101,M1b_autonomous_Allee,False
D6_timevarying_r,33,11.8,101,M2_stockflow_regimeC,False
D6_timevarying_r,33,11.8,101,M3_AR_residual,False
D6_timevarying_r,33,11.8,101,M4_delayed_info,False
D6_timevarying_r,33,11.8,102,M1_autonomous_Schaefer,True
D6_timevarying_r,33,11.8,102,M1b_autonomous_Allee,False
D6_timevarying_r,33,11.8,102,M2_stockflow_regimeC,False
D6_timevarying_r,33,11.8,102,M3_AR_residual,False
D6_timevarying_r,33,11.8,102,M4_delayed_info,False
D6_timevarying_r,33,11.8,103,M1_autonomous_Schaefer,True
D6_timevarying_r,33,11.8,103,M1b_autonomous_Allee,False
D6_timevarying_r,33,11.8,103,M2_stockflow_regimeC,False
D6_timevarying_r,33,11.8,103,M3_AR_residual,False
D6_timevarying_r,33,11.8,103,M4_delayed_info,False
D6_timevarying_r,33,11.8,104,M1_autonomous_Schaefer,True
D6_timevarying_r,33,11.8,104,M1b_autonomous_Allee,False
D6_timevarying_r,33,11.8,104,M2_stockflow_regimeC,False
D6_timevarying_r,33,11.8,104,M3_AR_residual,False
D6_timevarying_r,33,11.8,104,M4_delayed_info,False
D6_timevarying_r,33,11.8,105,M1_autonomous_Schaefer,True
D6_timevarying_r,33,11.8,105,M1b_autonomous_Allee,False
D6_timevarying_r,33,11.8,105,M2_stockflow_regimeC,False
D6_timevarying_r,33,11.8,105,M3_AR_residual,False
D6_timevarying_r,33,11.8,105,M4_delayed_info,False
D6_timevarying_r,33,11.8,106,M1_autonomous_Schaefer,True
D6_timevarying_r,33,11.8,106,M1b_autonomous_Allee,False
D6_timevarying_r,33,11.8,106,M2_stockflow_regimeC,False
D6_timevarying_r,33,11.8,106,M3_AR_residual,False
D6_timevarying_r,33,11.8,106,M4_delayed_info,False
D6_timevarying_r,33,11.8,107,M1_autonomous_Schaefer,True
D6_timevarying_r,33,11.8,107,M1b_autonomous_Allee,False
D6_timevarying_r,33,11.8,107,M2_stockflow_regimeC,False
D6_timevarying_r,33,11.8,107,M3_AR_residual,False
D6_timevarying_r,33,11.8,107,M4_delayed_info,False
D6_timevarying_r,33,11.8,108,M1_autonomous_Schaefer,False
D6_timevarying_r,33,11.8,108,M1b_autonomous_Allee,False
D6_timevarying_r,33,11.8,108,M2_stockflow_regimeC,False
D6_timevarying_r,33,11.8,108,M3_AR_residual,False
D6_timevarying_r,33,11.8,108,M4_delayed_info,False
D6_timevarying_r,33,11.8,109,M1_autonomous_Schaefer,True
D6_timevarying_r,33,11.8,109,M1b_autonomous_Allee,False
D6_timevarying_r,33,11.8,109,M2_stockflow_regimeC,False
D6_timevarying_r,33,11.8,109,M3_AR_residual,False
D6_timevarying_r,33,11.8,109,M4_delayed_info,False
D6_timevarying_r,33,11.8,110,M1_autonomous_Schaefer,False
D6_timevarying_r,33,11.8,110,M1b_autonomous_Allee,False
D6_timevarying_r,33,11.8,110,M2_stockflow_regimeC,False
D6_timevarying_r,33,11.8,110,M3_AR_residual,False
D6_timevarying_r,33,11.8,110,M4_delayed_info,False
D6_timevarying_r,33,11.8,111,M1_autonomous_Schaefer,True
D6_timevarying_r,33,11.8,111,M1b_autonomous_Allee,False
D6_timevarying_r,33,11.8,111,M2_stockflow_regimeC,False
D6_timevarying_r,33,11.8,111,M3_AR_residual,False
D6_timevarying_r,33,11.8,111,M4_delayed_info,False
D6_timevarying_r,33,11.8,112,M1_autonomous_Schaefer,True
D6_timevarying_r,33,11.8,112,M1b_autonomous_Allee,False
D6_timevarying_r,33,11.8,112,M2_stockflow_regimeC,False
D6_timevarying_r,33,11.8,112,M3_AR_residual,False
D6_timevarying_r,33,11.8,112,M4_delayed_info,False
D6_timevarying_r,33,11.8,113,M1_autonomous_Schaefer,True
D6_timevarying_r,33,11.8,113,M1b_autonomous_Allee,False
D6_timevarying_r,33,11.8,113,M2_stockflow_regimeC,False
D6_timevarying_r,33,11.8,113,M3_AR_residual,False
D6_timevarying_r,33,11.8,113,M4_delayed_info,False
D6_timevarying_r,33,11.8,114,M1_autonomous_Schaefer,True
D6_timevarying_r,33,11.8,114,M1b_autonomous_Allee,False
D6_timevarying_r,33,11.8,114,M2_stockflow_regimeC,False
D6_timevarying_r,33,11.8,114,M3_AR_residual,False
D6_timevarying_r,33,11.8,114,M4_delayed_info,False
D6_timevarying_r,33,11.8,115,M1_autonomous_Schaefer,True
D6_timevarying_r,33,11.8,115,M1b_autonomous_Allee,False
D6_timevarying_r,33,11.8,115,M2_stockflow_regimeC,False
D6_timevarying_r,33,11.8,115,M3_AR_residual,False
D6_timevarying_r,33,11.8,115,M4_delayed_info,False
D6_timevarying_r,33,11.8,116,M1_autonomous_Schaefer,True
D6_timevarying_r,33,11.8,116,M1b_autonomous_Allee,False
D6_timevarying_r,33,11.8,116,M2_stockflow_regimeC,False
D6_timevarying_r,33,11.8,116,M3_AR_residual,False
D6_timevarying_r,33,11.8,116,M4_delayed_info,False
D6_timevarying_r,33,11.8,117,M1_autonomous_Schaefer,True
D6_timevarying_r,33,11.8,117,M1b_autonomous_Allee,False
D6_timevarying_r,33,11.8,117,M2_stockflow_regimeC,False
D6_timevarying_r,33,11.8,117,M3_AR_residual,False
D6_timevarying_r,33,11.8,117,M4_delayed_info,False
D6_timevarying_r,33,11.8,118,M1_autonomous_Schaefer,True
D6_timevarying_r,33,11.8,118,M1b_autonomous_Allee,False
D6_timevarying_r,33,11.8,118,M2_stockflow_regimeC,False
D6_timevarying_r,33,11.8,118,M3_AR_residual,False
D6_timevarying_r,33,11.8,118,M4_delayed_info,False
D6_timevarying_r,33,11.8,119,M1_autonomous_Schaefer,False
D6_timevarying_r,33,11.8,119,M1b_autonomous_Allee,False
D6_timevarying_r,33,11.8,119,M2_stockflow_regimeC,False
D6_timevarying_r,33,11.8,119,M3_AR_residual,False
D6_timevarying_r,33,11.8,119,M4_delayed_info,False
D6_timevarying_r,33,11.8,120,M1_autonomous_Schaefer,True
D6_timevarying_r,33,11.8,120,M1b_autonomous_Allee,False
D6_timevarying_r,33,11.8,120,M2_stockflow_regimeC,False
D6_timevarying_r,33,11.8,120,M3_AR_residual,False
D6_timevarying_r,33,11.8,120,M4_delayed_info,False
D6_timevarying_r,33,11.8,121,M1_autonomous_Schaefer,True
D6_timevarying_r,33,11.8,121,M1b_autonomous_Allee,False
D6_timevarying_r,33,11.8,121,M2_stockflow_regimeC,False
D6_timevarying_r,33,11.8,121,M3_AR_residual,False
D6_timevarying_r,33,11.8,121,M4_delayed_info,False
D6_timevarying_r,33,11.8,122,M1_autonomous_Schaefer,True
D6_timevarying_r,33,11.8,122,M1b_autonomous_Allee,False
D6_timevarying_r,33,11.8,122,M2_stockflow_regimeC,False
D6_timevarying_r,33,11.8,122,M3_AR_residual,False
D6_timevarying_r,33,11.8,122,M4_delayed_info,False
D6_timevarying_r,33,11.8,123,M1_autonomous_Schaefer,True
D6_timevarying_r,33,11.8,123,M1b_autonomous_Allee,False
D6_timevarying_r,33,11.8,123,M2_stockflow_regimeC,False
D6_timevarying_r,33,11.8,123,M3_AR_residual,False
D6_timevarying_r,33,11.8,123,M4_delayed_info,False
D6_timevarying_r,33,11.8,124,M1_autonomous_Schaefer,True
D6_timevarying_r,33,11.8,124,M1b_autonomous_Allee,False
D6_timevarying_r,33,11.8,124,M2_stockflow_regimeC,False
D6_timevarying_r,33,11.8,124,M3_AR_residual,False
D6_timevarying_r,33,11.8,124,M4_delayed_info,False
D6_timevarying_r,33,11.8,125,M1_autonomous_Schaefer,True
D6_timevarying_r,33,11.8,125,M1b_autonomous_Allee,False
D6_timevarying_r,33,11.8,125,M2_stockflow_regimeC,False
D6_timevarying_r,33,11.8,125,M3_AR_residual,False
D6_timevarying_r,33,11.8,125,M4_delayed_info,False
D6_timevarying_r,33,11.8,126,M1_autonomous_Schaefer,True
D6_timevarying_r,33,11.8,126,M1b_autonomous_Allee,False
D6_timevarying_r,33,11.8,126,M2_stockflow_regimeC,False
D6_timevarying_r,33,11.8,126,M3_AR_residual,False
D6_timevarying_r,33,11.8,126,M4_delayed_info,False
D6_timevarying_r,33,11.8,127,M1_autonomous_Schaefer,True
D6_timevarying_r,33,11.8,127,M1b_autonomous_Allee,False
D6_timevarying_r,33,11.8,127,M2_stockflow_regimeC,False
D6_timevarying_r,33,11.8,127,M3_AR_residual,False
D6_timevarying_r,33,11.8,127,M4_delayed_info,False
D6_timevarying_r,33,11.8,128,M1_autonomous_Schaefer,True
D6_timevarying_r,33,11.8,128,M1b_autonomous_Allee,False
D6_timevarying_r,33,11.8,128,M2_stockflow_regimeC,False
D6_timevarying_r,33,11.8,128,M3_AR_residual,False
D6_timevarying_r,33,11.8,128,M4_delayed_info,False
D6_timevarying_r,33,11.8,129,M1_autonomous_Schaefer,True
D6_timevarying_r,33,11.8,129,M1b_autonomous_Allee,False
D6_timevarying_r,33,11.8,129,M2_stockflow_regimeC,False
D6_timevarying_r,33,11.8,129,M3_AR_residual,False
D6_timevarying_r,33,11.8,129,M4_delayed_info,False
D6_timevarying_r,33,11.8,130,M1_autonomous_Schaefer,True
D6_timevarying_r,33,11.8,130,M1b_autonomous_Allee,False
D6_timevarying_r,33,11.8,130,M2_stockflow_regimeC,False
D6_timevarying_r,33,11.8,130,M3_AR_residual,False
D6_timevarying_r,33,11.8,130,M4_delayed_info,False
D6_timevarying_r,33,11.8,131,M1_autonomous_Schaefer,True
D6_timevarying_r,33,11.8,131,M1b_autonomous_Allee,False
D6_timevarying_r,33,11.8,131,M2_stockflow_regimeC,False
D6_timevarying_r,33,11.8,131,M3_AR_residual,False
D6_timevarying_r,33,11.8,131,M4_delayed_info,False
D6_timevarying_r,33,11.8,132,M1_autonomous_Schaefer,False
D6_timevarying_r,33,11.8,132,M1b_autonomous_Allee,False
D6_timevarying_r,33,11.8,132,M2_stockflow_regimeC,False
D6_timevarying_r,33,11.8,132,M3_AR_residual,False
D6_timevarying_r,33,11.8,132,M4_delayed_info,False
D6_timevarying_r,33,11.8,133,M1_autonomous_Schaefer,True
D6_timevarying_r,33,11.8,133,M1b_autonomous_Allee,False
D6_timevarying_r,33,11.8,133,M2_stockflow_regimeC,False
D6_timevarying_r,33,11.8,133,M3_AR_residual,False
D6_timevarying_r,33,11.8,133,M4_delayed_info,False
D6_timevarying_r,33,11.8,134,M1_autonomous_Schaefer,True
D6_timevarying_r,33,11.8,134,M1b_autonomous_Allee,False
D6_timevarying_r,33,11.8,134,M2_stockflow_regimeC,False
D6_timevarying_r,33,11.8,134,M3_AR_residual,False
D6_timevarying_r,33,11.8,134,M4_delayed_info,False
D6_timevarying_r,33,11.8,135,M1_autonomous_Schaefer,False
D6_timevarying_r,33,11.8,135,M1b_autonomous_Allee,False
D6_timevarying_r,33,11.8,135,M2_stockflow_regimeC,False
D6_timevarying_r,33,11.8,135,M3_AR_residual,False
D6_timevarying_r,33,11.8,135,M4_delayed_info,False
D6_timevarying_r,33,11.8,136,M1_autonomous_Schaefer,True
D6_timevarying_r,33,11.8,136,M1b_autonomous_Allee,False
D6_timevarying_r,33,11.8,136,M2_stockflow_regimeC,False
D6_timevarying_r,33,11.8,136,M3_AR_residual,False
D6_timevarying_r,33,11.8,136,M4_delayed_info,False
D6_timevarying_r,33,11.8,137,M1_autonomous_Schaefer,True
D6_timevarying_r,33,11.8,137,M1b_autonomous_Allee,False
D6_timevarying_r,33,11.8,137,M2_stockflow_regimeC,False
D6_timevarying_r,33,11.8,137,M3_AR_residual,False
D6_timevarying_r,33,11.8,137,M4_delayed_info,False
D6_timevarying_r,33,11.8,138,M1_autonomous_Schaefer,False
D6_timevarying_r,33,11.8,138,M1b_autonomous_Allee,False
D6_timevarying_r,33,11.8,138,M2_stockflow_regimeC,False
D6_timevarying_r,33,11.8,138,M3_AR_residual,False
D6_timevarying_r,33,11.8,138,M4_delayed_info,False
D6_timevarying_r,33,11.8,139,M1_autonomous_Schaefer,True
D6_timevarying_r,33,11.8,139,M1b_autonomous_Allee,False
D6_timevarying_r,33,11.8,139,M2_stockflow_regimeC,False
D6_timevarying_r,33,11.8,139,M3_AR_residual,False
D6_timevarying_r,33,11.8,139,M4_delayed_info,False
D6_timevarying_r,33,11.8,140,M1_autonomous_Schaefer,True
D6_timevarying_r,33,11.8,140,M1b_autonomous_Allee,False
D6_timevarying_r,33,11.8,140,M2_stockflow_regimeC,False
D6_timevarying_r,33,11.8,140,M3_AR_residual,False
D6_timevarying_r,33,11.8,140,M4_delayed_info,False
D6_timevarying_r,33,11.8,141,M1_autonomous_Schaefer,True
D6_timevarying_r,33,11.8,141,M1b_autonomous_Allee,False
D6_timevarying_r,33,11.8,141,M2_stockflow_regimeC,False
D6_timevarying_r,33,11.8,141,M3_AR_residual,False
D6_timevarying_r,33,11.8,141,M4_delayed_info,False
D6_timevarying_r,33,11.8,142,M1_autonomous_Schaefer,False
D6_timevarying_r,33,11.8,142,M1b_autonomous_Allee,False
D6_timevarying_r,33,11.8,142,M2_stockflow_regimeC,False
D6_timevarying_r,33,11.8,142,M3_AR_residual,False
D6_timevarying_r,33,11.8,142,M4_delayed_info,False
D6_timevarying_r,33,11.8,143,M1_autonomous_Schaefer,True
D6_timevarying_r,33,11.8,143,M1b_autonomous_Allee,False
D6_timevarying_r,33,11.8,143,M2_stockflow_regimeC,False
D6_timevarying_r,33,11.8,143,M3_AR_residual,False
D6_timevarying_r,33,11.8,143,M4_delayed_info,False
D6_timevarying_r,33,11.8,144,M1_autonomous_Schaefer,True
D6_timevarying_r,33,11.8,144,M1b_autonomous_Allee,False
D6_timevarying_r,33,11.8,144,M2_stockflow_regimeC,False
D6_timevarying_r,33,11.8,144,M3_AR_residual,False
D6_timevarying_r,33,11.8,144,M4_delayed_info,False
D6_timevarying_r,33,11.8,145,M1_autonomous_Schaefer,False
D6_timevarying_r,33,11.8,145,M1b_autonomous_Allee,False
D6_timevarying_r,33,11.8,145,M2_stockflow_regimeC,False
D6_timevarying_r,33,11.8,145,M3_AR_residual,False
D6_timevarying_r,33,11.8,145,M4_delayed_info,False
D6_timevarying_r,33,11.8,146,M1_autonomous_Schaefer,False
D6_timevarying_r,33,11.8,146,M1b_autonomous_Allee,False
D6_timevarying_r,33,11.8,146,M2_stockflow_regimeC,False
D6_timevarying_r,33,11.8,146,M3_AR_residual,False
D6_timevarying_r,33,11.8,146,M4_delayed_info,False
D6_timevarying_r,33,11.8,147,M1_autonomous_Schaefer,True
D6_timevarying_r,33,11.8,147,M1b_autonomous_Allee,False
D6_timevarying_r,33,11.8,147,M2_stockflow_regimeC,False
D6_timevarying_r,33,11.8,147,M3_AR_residual,False
D6_timevarying_r,33,11.8,147,M4_delayed_info,False
D6_timevarying_r,33,11.8,148,M1_autonomous_Schaefer,False
D6_timevarying_r,33,11.8,148,M1b_autonomous_Allee,False
D6_timevarying_r,33,11.8,148,M2_stockflow_regimeC,False
D6_timevarying_r,33,11.8,148,M3_AR_residual,False
D6_timevarying_r,33,11.8,148,M4_delayed_info,False
D6_timevarying_r,33,11.8,149,M1_autonomous_Schaefer,True
D6_timevarying_r,33,11.8,149,M1b_autonomous_Allee,False
D6_timevarying_r,33,11.8,149,M2_stockflow_regimeC,False
D6_timevarying_r,33,11.8,149,M3_AR_residual,False
D6_timevarying_r,33,11.8,149,M4_delayed_info,False
D6_timevarying_r,33,11.8,150,M1_autonomous_Schaefer,True
D6_timevarying_r,33,11.8,150,M1b_autonomous_Allee,False
D6_timevarying_r,33,11.8,150,M2_stockflow_regimeC,False
D6_timevarying_r,33,11.8,150,M3_AR_residual,False
D6_timevarying_r,33,11.8,150,M4_delayed_info,False
D6_timevarying_r,33,11.8,151,M1_autonomous_Schaefer,False
D6_timevarying_r,33,11.8,151,M1b_autonomous_Allee,False
D6_timevarying_r,33,11.8,151,M2_stockflow_regimeC,False
D6_timevarying_r,33,11.8,151,M3_AR_residual,False
D6_timevarying_r,33,11.8,151,M4_delayed_info,False
D6_timevarying_r,33,11.8,152,M1_autonomous_Schaefer,False
D6_timevarying_r,33,11.8,152,M1b_autonomous_Allee,False
D6_timevarying_r,33,11.8,152,M2_stockflow_regimeC,False
D6_timevarying_r,33,11.8,152,M3_AR_residual,False
D6_timevarying_r,33,11.8,152,M4_delayed_info,False
D6_timevarying_r,33,11.8,153,M1_autonomous_Schaefer,True
D6_timevarying_r,33,11.8,153,M1b_autonomous_Allee,False
D6_timevarying_r,33,11.8,153,M2_stockflow_regimeC,False
D6_timevarying_r,33,11.8,153,M3_AR_residual,False
D6_timevarying_r,33,11.8,153,M4_delayed_info,False
D6_timevarying_r,33,11.8,154,M1_autonomous_Schaefer,True
D6_timevarying_r,33,11.8,154,M1b_autonomous_Allee,False
D6_timevarying_r,33,11.8,154,M2_stockflow_regimeC,False
D6_timevarying_r,33,11.8,154,M3_AR_residual,False
D6_timevarying_r,33,11.8,154,M4_delayed_info,False
D6_timevarying_r,33,11.8,155,M1_autonomous_Schaefer,True
D6_timevarying_r,33,11.8,155,M1b_autonomous_Allee,False
D6_timevarying_r,33,11.8,155,M2_stockflow_regimeC,False
D6_timevarying_r,33,11.8,155,M3_AR_residual,False
D6_timevarying_r,33,11.8,155,M4_delayed_info,False
D6_timevarying_r,33,11.8,156,M1_autonomous_Schaefer,True
D6_timevarying_r,33,11.8,156,M1b_autonomous_Allee,False
D6_timevarying_r,33,11.8,156,M2_stockflow_regimeC,False
D6_timevarying_r,33,11.8,156,M3_AR_residual,False
D6_timevarying_r,33,11.8,156,M4_delayed_info,False
D6_timevarying_r,33,11.8,157,M1_autonomous_Schaefer,False
D6_timevarying_r,33,11.8,157,M1b_autonomous_Allee,False
D6_timevarying_r,33,11.8,157,M2_stockflow_regimeC,False
D6_timevarying_r,33,11.8,157,M3_AR_residual,False
D6_timevarying_r,33,11.8,157,M4_delayed_info,False
D6_timevarying_r,33,11.8,158,M1_autonomous_Schaefer,True
D6_timevarying_r,33,11.8,158,M1b_autonomous_Allee,False
D6_timevarying_r,33,11.8,158,M2_stockflow_regimeC,False
D6_timevarying_r,33,11.8,158,M3_AR_residual,False
D6_timevarying_r,33,11.8,158,M4_delayed_info,False
D6_timevarying_r,33,11.8,159,M1_autonomous_Schaefer,True
D6_timevarying_r,33,11.8,159,M1b_autonomous_Allee,False
D6_timevarying_r,33,11.8,159,M2_stockflow_regimeC,False
D6_timevarying_r,33,11.8,159,M3_AR_residual,False
D6_timevarying_r,33,11.8,159,M4_delayed_info,False
D6_timevarying_r,33,11.8,160,M1_autonomous_Schaefer,True
D6_timevarying_r,33,11.8,160,M1b_autonomous_Allee,False
D6_timevarying_r,33,11.8,160,M2_stockflow_regimeC,False
D6_timevarying_r,33,11.8,160,M3_AR_residual,False
D6_timevarying_r,33,11.8,160,M4_delayed_info,False
D6_timevarying_r,33,11.8,161,M1_autonomous_Schaefer,True
D6_timevarying_r,33,11.8,161,M1b_autonomous_Allee,False
D6_timevarying_r,33,11.8,161,M2_stockflow_regimeC,False
D6_timevarying_r,33,11.8,161,M3_AR_residual,False
D6_timevarying_r,33,11.8,161,M4_delayed_info,False
D6_timevarying_r,33,11.8,162,M1_autonomous_Schaefer,True
D6_timevarying_r,33,11.8,162,M1b_autonomous_Allee,False
D6_timevarying_r,33,11.8,162,M2_stockflow_regimeC,False
D6_timevarying_r,33,11.8,162,M3_AR_residual,False
D6_timevarying_r,33,11.8,162,M4_delayed_info,False
D6_timevarying_r,33,11.8,163,M1_autonomous_Schaefer,True
D6_timevarying_r,33,11.8,163,M1b_autonomous_Allee,False
D6_timevarying_r,33,11.8,163,M2_stockflow_regimeC,False
D6_timevarying_r,33,11.8,163,M3_AR_residual,False
D6_timevarying_r,33,11.8,163,M4_delayed_info,False
D6_timevarying_r,33,11.8,164,M1_autonomous_Schaefer,True
D6_timevarying_r,33,11.8,164,M1b_autonomous_Allee,False
D6_timevarying_r,33,11.8,164,M2_stockflow_regimeC,False
D6_timevarying_r,33,11.8,164,M3_AR_residual,False
D6_timevarying_r,33,11.8,164,M4_delayed_info,False
D6_timevarying_r,33,11.8,165,M1_autonomous_Schaefer,True
D6_timevarying_r,33,11.8,165,M1b_autonomous_Allee,False
D6_timevarying_r,33,11.8,165,M2_stockflow_regimeC,False
D6_timevarying_r,33,11.8,165,M3_AR_residual,False
D6_timevarying_r,33,11.8,165,M4_delayed_info,False
D6_timevarying_r,33,11.8,166,M1_autonomous_Schaefer,True
D6_timevarying_r,33,11.8,166,M1b_autonomous_Allee,False
D6_timevarying_r,33,11.8,166,M2_stockflow_regimeC,False
D6_timevarying_r,33,11.8,166,M3_AR_residual,False
D6_timevarying_r,33,11.8,166,M4_delayed_info,False
D6_timevarying_r,33,11.8,167,M1_autonomous_Schaefer,False
D6_timevarying_r,33,11.8,167,M1b_autonomous_Allee,False
D6_timevarying_r,33,11.8,167,M2_stockflow_regimeC,False
D6_timevarying_r,33,11.8,167,M3_AR_residual,False
D6_timevarying_r,33,11.8,167,M4_delayed_info,False
D6_timevarying_r,33,11.8,168,M1_autonomous_Schaefer,True
D6_timevarying_r,33,11.8,168,M1b_autonomous_Allee,False
D6_timevarying_r,33,11.8,168,M2_stockflow_regimeC,False
D6_timevarying_r,33,11.8,168,M3_AR_residual,False
D6_timevarying_r,33,11.8,168,M4_delayed_info,False
D6_timevarying_r,33,11.8,169,M1_autonomous_Schaefer,False
D6_timevarying_r,33,11.8,169,M1b_autonomous_Allee,False
D6_timevarying_r,33,11.8,169,M2_stockflow_regimeC,False
D6_timevarying_r,33,11.8,169,M3_AR_residual,False
D6_timevarying_r,33,11.8,169,M4_delayed_info,False
D6_timevarying_r,33,11.8,170,M1_autonomous_Schaefer,False
D6_timevarying_r,33,11.8,170,M1b_autonomous_Allee,False
D6_timevarying_r,33,11.8,170,M2_stockflow_regimeC,False
D6_timevarying_r,33,11.8,170,M3_AR_residual,False
D6_timevarying_r,33,11.8,170,M4_delayed_info,False
D6_timevarying_r,33,11.8,171,M1_autonomous_Schaefer,False
D6_timevarying_r,33,11.8,171,M1b_autonomous_Allee,False
D6_timevarying_r,33,11.8,171,M2_stockflow_regimeC,False
D6_timevarying_r,33,11.8,171,M3_AR_residual,False
D6_timevarying_r,33,11.8,171,M4_delayed_info,False
D6_timevarying_r,33,11.8,172,M1_autonomous_Schaefer,False
D6_timevarying_r,33,11.8,172,M1b_autonomous_Allee,False
D6_timevarying_r,33,11.8,172,M2_stockflow_regimeC,False
D6_timevarying_r,33,11.8,172,M3_AR_residual,False
D6_timevarying_r,33,11.8,172,M4_delayed_info,False
D6_timevarying_r,33,11.8,173,M1_autonomous_Schaefer,False
D6_timevarying_r,33,11.8,173,M1b_autonomous_Allee,False
D6_timevarying_r,33,11.8,173,M2_stockflow_regimeC,False
D6_timevarying_r,33,11.8,173,M3_AR_residual,False
D6_timevarying_r,33,11.8,173,M4_delayed_info,False
D6_timevarying_r,33,11.8,174,M1_autonomous_Schaefer,False
D6_timevarying_r,33,11.8,174,M1b_autonomous_Allee,False
D6_timevarying_r,33,11.8,174,M2_stockflow_regimeC,False
D6_timevarying_r,33,11.8,174,M3_AR_residual,False
D6_timevarying_r,33,11.8,174,M4_delayed_info,False
D6_timevarying_r,33,11.8,175,M1_autonomous_Schaefer,False
D6_timevarying_r,33,11.8,175,M1b_autonomous_Allee,False
D6_timevarying_r,33,11.8,175,M2_stockflow_regimeC,False
D6_timevarying_r,33,11.8,175,M3_AR_residual,False
D6_timevarying_r,33,11.8,175,M4_delayed_info,False
D6_timevarying_r,33,11.8,176,M1_autonomous_Schaefer,True
D6_timevarying_r,33,11.8,176,M1b_autonomous_Allee,False
D6_timevarying_r,33,11.8,176,M2_stockflow_regimeC,False
D6_timevarying_r,33,11.8,176,M3_AR_residual,False
D6_timevarying_r,33,11.8,176,M4_delayed_info,False
D6_timevarying_r,33,11.8,177,M1_autonomous_Schaefer,True
D6_timevarying_r,33,11.8,177,M1b_autonomous_Allee,False
D6_timevarying_r,33,11.8,177,M2_stockflow_regimeC,False
D6_timevarying_r,33,11.8,177,M3_AR_residual,False
D6_timevarying_r,33,11.8,177,M4_delayed_info,False
D6_timevarying_r,33,11.8,178,M1_autonomous_Schaefer,True
D6_timevarying_r,33,11.8,178,M1b_autonomous_Allee,False
D6_timevarying_r,33,11.8,178,M2_stockflow_regimeC,False
D6_timevarying_r,33,11.8,178,M3_AR_residual,False
D6_timevarying_r,33,11.8,178,M4_delayed_info,False
D6_timevarying_r,33,11.8,179,M1_autonomous_Schaefer,True
D6_timevarying_r,33,11.8,179,M1b_autonomous_Allee,False
D6_timevarying_r,33,11.8,179,M2_stockflow_regimeC,False
D6_timevarying_r,33,11.8,179,M3_AR_residual,False
D6_timevarying_r,33,11.8,179,M4_delayed_info,False
D6_timevarying_r,33,11.8,180,M1_autonomous_Schaefer,False
D6_timevarying_r,33,11.8,180,M1b_autonomous_Allee,False
D6_timevarying_r,33,11.8,180,M2_stockflow_regimeC,False
D6_timevarying_r,33,11.8,180,M3_AR_residual,False
D6_timevarying_r,33,11.8,180,M4_delayed_info,False
D6_timevarying_r,33,11.8,181,M1_autonomous_Schaefer,False
D6_timevarying_r,33,11.8,181,M1b_autonomous_Allee,False
D6_timevarying_r,33,11.8,181,M2_stockflow_regimeC,False
D6_timevarying_r,33,11.8,181,M3_AR_residual,False
D6_timevarying_r,33,11.8,181,M4_delayed_info,False
D6_timevarying_r,33,11.8,182,M1_autonomous_Schaefer,False
D6_timevarying_r,33,11.8,182,M1b_autonomous_Allee,False
D6_timevarying_r,33,11.8,182,M2_stockflow_regimeC,False
D6_timevarying_r,33,11.8,182,M3_AR_residual,False
D6_timevarying_r,33,11.8,182,M4_delayed_info,False
D6_timevarying_r,33,11.8,183,M1_autonomous_Schaefer,True
D6_timevarying_r,33,11.8,183,M1b_autonomous_Allee,False
D6_timevarying_r,33,11.8,183,M2_stockflow_regimeC,False
D6_timevarying_r,33,11.8,183,M3_AR_residual,False
D6_timevarying_r,33,11.8,183,M4_delayed_info,False
D6_timevarying_r,33,11.8,184,M1_autonomous_Schaefer,True
D6_timevarying_r,33,11.8,184,M1b_autonomous_Allee,False
D6_timevarying_r,33,11.8,184,M2_stockflow_regimeC,False
D6_timevarying_r,33,11.8,184,M3_AR_residual,False
D6_timevarying_r,33,11.8,184,M4_delayed_info,False
D6_timevarying_r,33,11.8,185,M1_autonomous_Schaefer,True
D6_timevarying_r,33,11.8,185,M1b_autonomous_Allee,False
D6_timevarying_r,33,11.8,185,M2_stockflow_regimeC,False
D6_timevarying_r,33,11.8,185,M3_AR_residual,False
D6_timevarying_r,33,11.8,185,M4_delayed_info,False
D6_timevarying_r,33,11.8,186,M1_autonomous_Schaefer,True
D6_timevarying_r,33,11.8,186,M1b_autonomous_Allee,False
D6_timevarying_r,33,11.8,186,M2_stockflow_regimeC,False
D6_timevarying_r,33,11.8,186,M3_AR_residual,False
D6_timevarying_r,33,11.8,186,M4_delayed_info,False
D6_timevarying_r,33,11.8,187,M1_autonomous_Schaefer,False
D6_timevarying_r,33,11.8,187,M1b_autonomous_Allee,False
D6_timevarying_r,33,11.8,187,M2_stockflow_regimeC,False
D6_timevarying_r,33,11.8,187,M3_AR_residual,False
D6_timevarying_r,33,11.8,187,M4_delayed_info,False
D6_timevarying_r,33,11.8,188,M1_autonomous_Schaefer,True
D6_timevarying_r,33,11.8,188,M1b_autonomous_Allee,False
D6_timevarying_r,33,11.8,188,M2_stockflow_regimeC,False
D6_timevarying_r,33,11.8,188,M3_AR_residual,False
D6_timevarying_r,33,11.8,188,M4_delayed_info,False
D6_timevarying_r,33,11.8,189,M1_autonomous_Schaefer,False
D6_timevarying_r,33,11.8,189,M1b_autonomous_Allee,False
D6_timevarying_r,33,11.8,189,M2_stockflow_regimeC,False
D6_timevarying_r,33,11.8,189,M3_AR_residual,False
D6_timevarying_r,33,11.8,189,M4_delayed_info,False
D6_timevarying_r,33,11.8,190,M1_autonomous_Schaefer,False
D6_timevarying_r,33,11.8,190,M1b_autonomous_Allee,False
D6_timevarying_r,33,11.8,190,M2_stockflow_regimeC,False
D6_timevarying_r,33,11.8,190,M3_AR_residual,False
D6_timevarying_r,33,11.8,190,M4_delayed_info,False
D6_timevarying_r,33,11.8,191,M1_autonomous_Schaefer,True
D6_timevarying_r,33,11.8,191,M1b_autonomous_Allee,False
D6_timevarying_r,33,11.8,191,M2_stockflow_regimeC,False
D6_timevarying_r,33,11.8,191,M3_AR_residual,False
D6_timevarying_r,33,11.8,191,M4_delayed_info,False
D6_timevarying_r,33,11.8,192,M1_autonomous_Schaefer,True
D6_timevarying_r,33,11.8,192,M1b_autonomous_Allee,False
D6_timevarying_r,33,11.8,192,M2_stockflow_regimeC,False
D6_timevarying_r,33,11.8,192,M3_AR_residual,False
D6_timevarying_r,33,11.8,192,M4_delayed_info,False
D6_timevarying_r,33,11.8,193,M1_autonomous_Schaefer,True
D6_timevarying_r,33,11.8,193,M1b_autonomous_Allee,False
D6_timevarying_r,33,11.8,193,M2_stockflow_regimeC,False
D6_timevarying_r,33,11.8,193,M3_AR_residual,False
D6_timevarying_r,33,11.8,193,M4_delayed_info,False
D6_timevarying_r,33,11.8,194,M1_autonomous_Schaefer,True
D6_timevarying_r,33,11.8,194,M1b_autonomous_Allee,False
D6_timevarying_r,33,11.8,194,M2_stockflow_regimeC,False
D6_timevarying_r,33,11.8,194,M3_AR_residual,False
D6_timevarying_r,33,11.8,194,M4_delayed_info,False
D6_timevarying_r,33,11.8,195,M1_autonomous_Schaefer,False
D6_timevarying_r,33,11.8,195,M1b_autonomous_Allee,False
D6_timevarying_r,33,11.8,195,M2_stockflow_regimeC,False
D6_timevarying_r,33,11.8,195,M3_AR_residual,False
D6_timevarying_r,33,11.8,195,M4_delayed_info,False
D6_timevarying_r,33,11.8,196,M1_autonomous_Schaefer,True
D6_timevarying_r,33,11.8,196,M1b_autonomous_Allee,False
D6_timevarying_r,33,11.8,196,M2_stockflow_regimeC,False
D6_timevarying_r,33,11.8,196,M3_AR_residual,False
D6_timevarying_r,33,11.8,196,M4_delayed_info,False
D6_timevarying_r,33,11.8,197,M1_autonomous_Schaefer,True
D6_timevarying_r,33,11.8,197,M1b_autonomous_Allee,False
D6_timevarying_r,33,11.8,197,M2_stockflow_regimeC,False
D6_timevarying_r,33,11.8,197,M3_AR_residual,False
D6_timevarying_r,33,11.8,197,M4_delayed_info,False
D6_timevarying_r,33,11.8,198,M1_autonomous_Schaefer,False
D6_timevarying_r,33,11.8,198,M1b_autonomous_Allee,False
D6_timevarying_r,33,11.8,198,M2_stockflow_regimeC,False
D6_timevarying_r,33,11.8,198,M3_AR_residual,False
D6_timevarying_r,33,11.8,198,M4_delayed_info,False
D6_timevarying_r,33,11.8,199,M1_autonomous_Schaefer,False
D6_timevarying_r,33,11.8,199,M1b_autonomous_Allee,False
D6_timevarying_r,33,11.8,199,M2_stockflow_regimeC,False
D6_timevarying_r,33,11.8,199,M3_AR_residual,False
D6_timevarying_r,33,11.8,199,M4_delayed_info,False
D6_timevarying_r,33,33.8,0,M1_autonomous_Schaefer,True
D6_timevarying_r,33,33.8,0,M1b_autonomous_Allee,False
D6_timevarying_r,33,33.8,0,M2_stockflow_regimeC,False
D6_timevarying_r,33,33.8,0,M3_AR_residual,False
D6_timevarying_r,33,33.8,0,M4_delayed_info,False
D6_timevarying_r,33,33.8,1,M1_autonomous_Schaefer,True
D6_timevarying_r,33,33.8,1,M1b_autonomous_Allee,False
D6_timevarying_r,33,33.8,1,M2_stockflow_regimeC,False
D6_timevarying_r,33,33.8,1,M3_AR_residual,False
D6_timevarying_r,33,33.8,1,M4_delayed_info,False
D6_timevarying_r,33,33.8,2,M1_autonomous_Schaefer,False
D6_timevarying_r,33,33.8,2,M1b_autonomous_Allee,False
D6_timevarying_r,33,33.8,2,M2_stockflow_regimeC,False
D6_timevarying_r,33,33.8,2,M3_AR_residual,False
D6_timevarying_r,33,33.8,2,M4_delayed_info,False
D6_timevarying_r,33,33.8,3,M1_autonomous_Schaefer,True
D6_timevarying_r,33,33.8,3,M1b_autonomous_Allee,False
D6_timevarying_r,33,33.8,3,M2_stockflow_regimeC,False
D6_timevarying_r,33,33.8,3,M3_AR_residual,False
D6_timevarying_r,33,33.8,3,M4_delayed_info,False
D6_timevarying_r,33,33.8,4,M1_autonomous_Schaefer,True
D6_timevarying_r,33,33.8,4,M1b_autonomous_Allee,False
D6_timevarying_r,33,33.8,4,M2_stockflow_regimeC,False
D6_timevarying_r,33,33.8,4,M3_AR_residual,False
D6_timevarying_r,33,33.8,4,M4_delayed_info,False
D6_timevarying_r,33,33.8,5,M1_autonomous_Schaefer,True
D6_timevarying_r,33,33.8,5,M1b_autonomous_Allee,False
D6_timevarying_r,33,33.8,5,M2_stockflow_regimeC,False
D6_timevarying_r,33,33.8,5,M3_AR_residual,False
D6_timevarying_r,33,33.8,5,M4_delayed_info,False
D6_timevarying_r,33,33.8,6,M1_autonomous_Schaefer,True
D6_timevarying_r,33,33.8,6,M1b_autonomous_Allee,False
D6_timevarying_r,33,33.8,6,M2_stockflow_regimeC,False
D6_timevarying_r,33,33.8,6,M3_AR_residual,False
D6_timevarying_r,33,33.8,6,M4_delayed_info,False
D6_timevarying_r,33,33.8,7,M1_autonomous_Schaefer,True
D6_timevarying_r,33,33.8,7,M1b_autonomous_Allee,False
D6_timevarying_r,33,33.8,7,M2_stockflow_regimeC,False
D6_timevarying_r,33,33.8,7,M3_AR_residual,False
D6_timevarying_r,33,33.8,7,M4_delayed_info,False
D6_timevarying_r,33,33.8,8,M1_autonomous_Schaefer,True
D6_timevarying_r,33,33.8,8,M1b_autonomous_Allee,False
D6_timevarying_r,33,33.8,8,M2_stockflow_regimeC,False
D6_timevarying_r,33,33.8,8,M3_AR_residual,False
D6_timevarying_r,33,33.8,8,M4_delayed_info,False
D6_timevarying_r,33,33.8,9,M1_autonomous_Schaefer,True
D6_timevarying_r,33,33.8,9,M1b_autonomous_Allee,False
D6_timevarying_r,33,33.8,9,M2_stockflow_regimeC,False
D6_timevarying_r,33,33.8,9,M3_AR_residual,False
D6_timevarying_r,33,33.8,9,M4_delayed_info,False
D6_timevarying_r,33,33.8,10,M1_autonomous_Schaefer,True
D6_timevarying_r,33,33.8,10,M1b_autonomous_Allee,False
D6_timevarying_r,33,33.8,10,M2_stockflow_regimeC,False
D6_timevarying_r,33,33.8,10,M3_AR_residual,False
D6_timevarying_r,33,33.8,10,M4_delayed_info,False
D6_timevarying_r,33,33.8,11,M1_autonomous_Schaefer,False
D6_timevarying_r,33,33.8,11,M1b_autonomous_Allee,False
D6_timevarying_r,33,33.8,11,M2_stockflow_regimeC,False
D6_timevarying_r,33,33.8,11,M3_AR_residual,False
D6_timevarying_r,33,33.8,11,M4_delayed_info,False
D6_timevarying_r,33,33.8,12,M1_autonomous_Schaefer,True
D6_timevarying_r,33,33.8,12,M1b_autonomous_Allee,False
D6_timevarying_r,33,33.8,12,M2_stockflow_regimeC,False
D6_timevarying_r,33,33.8,12,M3_AR_residual,False
D6_timevarying_r,33,33.8,12,M4_delayed_info,False
D6_timevarying_r,33,33.8,13,M1_autonomous_Schaefer,False
D6_timevarying_r,33,33.8,13,M1b_autonomous_Allee,False
D6_timevarying_r,33,33.8,13,M2_stockflow_regimeC,False
D6_timevarying_r,33,33.8,13,M3_AR_residual,False
D6_timevarying_r,33,33.8,13,M4_delayed_info,False
D6_timevarying_r,33,33.8,14,M1_autonomous_Schaefer,True
D6_timevarying_r,33,33.8,14,M1b_autonomous_Allee,False
D6_timevarying_r,33,33.8,14,M2_stockflow_regimeC,False
D6_timevarying_r,33,33.8,14,M3_AR_residual,False
D6_timevarying_r,33,33.8,14,M4_delayed_info,False
D6_timevarying_r,33,33.8,15,M1_autonomous_Schaefer,True
D6_timevarying_r,33,33.8,15,M1b_autonomous_Allee,False
D6_timevarying_r,33,33.8,15,M2_stockflow_regimeC,False
D6_timevarying_r,33,33.8,15,M3_AR_residual,False
D6_timevarying_r,33,33.8,15,M4_delayed_info,False
D6_timevarying_r,33,33.8,16,M1_autonomous_Schaefer,True
D6_timevarying_r,33,33.8,16,M1b_autonomous_Allee,False
D6_timevarying_r,33,33.8,16,M2_stockflow_regimeC,False
D6_timevarying_r,33,33.8,16,M3_AR_residual,False
D6_timevarying_r,33,33.8,16,M4_delayed_info,False
D6_timevarying_r,33,33.8,17,M1_autonomous_Schaefer,True
D6_timevarying_r,33,33.8,17,M1b_autonomous_Allee,False
D6_timevarying_r,33,33.8,17,M2_stockflow_regimeC,False
D6_timevarying_r,33,33.8,17,M3_AR_residual,False
D6_timevarying_r,33,33.8,17,M4_delayed_info,False
D6_timevarying_r,33,33.8,18,M1_autonomous_Schaefer,True
D6_timevarying_r,33,33.8,18,M1b_autonomous_Allee,False
D6_timevarying_r,33,33.8,18,M2_stockflow_regimeC,False
D6_timevarying_r,33,33.8,18,M3_AR_residual,False
D6_timevarying_r,33,33.8,18,M4_delayed_info,False
D6_timevarying_r,33,33.8,19,M1_autonomous_Schaefer,False
D6_timevarying_r,33,33.8,19,M1b_autonomous_Allee,False
D6_timevarying_r,33,33.8,19,M2_stockflow_regimeC,False
D6_timevarying_r,33,33.8,19,M3_AR_residual,False
D6_timevarying_r,33,33.8,19,M4_delayed_info,False
D6_timevarying_r,33,33.8,20,M1_autonomous_Schaefer,True
D6_timevarying_r,33,33.8,20,M1b_autonomous_Allee,False
D6_timevarying_r,33,33.8,20,M2_stockflow_regimeC,False
D6_timevarying_r,33,33.8,20,M3_AR_residual,False
D6_timevarying_r,33,33.8,20,M4_delayed_info,False
D6_timevarying_r,33,33.8,21,M1_autonomous_Schaefer,True
D6_timevarying_r,33,33.8,21,M1b_autonomous_Allee,False
D6_timevarying_r,33,33.8,21,M2_stockflow_regimeC,False
D6_timevarying_r,33,33.8,21,M3_AR_residual,False
D6_timevarying_r,33,33.8,21,M4_delayed_info,False
D6_timevarying_r,33,33.8,22,M1_autonomous_Schaefer,True
D6_timevarying_r,33,33.8,22,M1b_autonomous_Allee,False
D6_timevarying_r,33,33.8,22,M2_stockflow_regimeC,False
D6_timevarying_r,33,33.8,22,M3_AR_residual,False
D6_timevarying_r,33,33.8,22,M4_delayed_info,False
D6_timevarying_r,33,33.8,23,M1_autonomous_Schaefer,True
D6_timevarying_r,33,33.8,23,M1b_autonomous_Allee,False
D6_timevarying_r,33,33.8,23,M2_stockflow_regimeC,False
D6_timevarying_r,33,33.8,23,M3_AR_residual,False
D6_timevarying_r,33,33.8,23,M4_delayed_info,False
D6_timevarying_r,33,33.8,24,M1_autonomous_Schaefer,True
D6_timevarying_r,33,33.8,24,M1b_autonomous_Allee,False
D6_timevarying_r,33,33.8,24,M2_stockflow_regimeC,False
D6_timevarying_r,33,33.8,24,M3_AR_residual,False
D6_timevarying_r,33,33.8,24,M4_delayed_info,False
D6_timevarying_r,33,33.8,25,M1_autonomous_Schaefer,True
D6_timevarying_r,33,33.8,25,M1b_autonomous_Allee,False
D6_timevarying_r,33,33.8,25,M2_stockflow_regimeC,False
D6_timevarying_r,33,33.8,25,M3_AR_residual,False
D6_timevarying_r,33,33.8,25,M4_delayed_info,False
D6_timevarying_r,33,33.8,26,M1_autonomous_Schaefer,True
D6_timevarying_r,33,33.8,26,M1b_autonomous_Allee,False
D6_timevarying_r,33,33.8,26,M2_stockflow_regimeC,False
D6_timevarying_r,33,33.8,26,M3_AR_residual,False
D6_timevarying_r,33,33.8,26,M4_delayed_info,False
D6_timevarying_r,33,33.8,27,M1_autonomous_Schaefer,True
D6_timevarying_r,33,33.8,27,M1b_autonomous_Allee,False
D6_timevarying_r,33,33.8,27,M2_stockflow_regimeC,False
D6_timevarying_r,33,33.8,27,M3_AR_residual,False
D6_timevarying_r,33,33.8,27,M4_delayed_info,False
D6_timevarying_r,33,33.8,28,M1_autonomous_Schaefer,True
D6_timevarying_r,33,33.8,28,M1b_autonomous_Allee,False
D6_timevarying_r,33,33.8,28,M2_stockflow_regimeC,False
D6_timevarying_r,33,33.8,28,M3_AR_residual,False
D6_timevarying_r,33,33.8,28,M4_delayed_info,False
D6_timevarying_r,33,33.8,29,M1_autonomous_Schaefer,False
D6_timevarying_r,33,33.8,29,M1b_autonomous_Allee,False
D6_timevarying_r,33,33.8,29,M2_stockflow_regimeC,False
D6_timevarying_r,33,33.8,29,M3_AR_residual,False
D6_timevarying_r,33,33.8,29,M4_delayed_info,False
D6_timevarying_r,33,33.8,30,M1_autonomous_Schaefer,True
D6_timevarying_r,33,33.8,30,M1b_autonomous_Allee,False
D6_timevarying_r,33,33.8,30,M2_stockflow_regimeC,False
D6_timevarying_r,33,33.8,30,M3_AR_residual,False
D6_timevarying_r,33,33.8,30,M4_delayed_info,False
D6_timevarying_r,33,33.8,31,M1_autonomous_Schaefer,True
D6_timevarying_r,33,33.8,31,M1b_autonomous_Allee,False
D6_timevarying_r,33,33.8,31,M2_stockflow_regimeC,False
D6_timevarying_r,33,33.8,31,M3_AR_residual,False
D6_timevarying_r,33,33.8,31,M4_delayed_info,False
D6_timevarying_r,33,33.8,32,M1_autonomous_Schaefer,True
D6_timevarying_r,33,33.8,32,M1b_autonomous_Allee,False
D6_timevarying_r,33,33.8,32,M2_stockflow_regimeC,False
D6_timevarying_r,33,33.8,32,M3_AR_residual,False
D6_timevarying_r,33,33.8,32,M4_delayed_info,False
D6_timevarying_r,33,33.8,33,M1_autonomous_Schaefer,False
D6_timevarying_r,33,33.8,33,M1b_autonomous_Allee,False
D6_timevarying_r,33,33.8,33,M2_stockflow_regimeC,False
D6_timevarying_r,33,33.8,33,M3_AR_residual,False
D6_timevarying_r,33,33.8,33,M4_delayed_info,False
D6_timevarying_r,33,33.8,34,M1_autonomous_Schaefer,True
D6_timevarying_r,33,33.8,34,M1b_autonomous_Allee,False
D6_timevarying_r,33,33.8,34,M2_stockflow_regimeC,False
D6_timevarying_r,33,33.8,34,M3_AR_residual,False
D6_timevarying_r,33,33.8,34,M4_delayed_info,False
D6_timevarying_r,33,33.8,35,M1_autonomous_Schaefer,True
D6_timevarying_r,33,33.8,35,M1b_autonomous_Allee,False
D6_timevarying_r,33,33.8,35,M2_stockflow_regimeC,False
D6_timevarying_r,33,33.8,35,M3_AR_residual,False
D6_timevarying_r,33,33.8,35,M4_delayed_info,False
D6_timevarying_r,33,33.8,36,M1_autonomous_Schaefer,True
D6_timevarying_r,33,33.8,36,M1b_autonomous_Allee,False
D6_timevarying_r,33,33.8,36,M2_stockflow_regimeC,False
D6_timevarying_r,33,33.8,36,M3_AR_residual,False
D6_timevarying_r,33,33.8,36,M4_delayed_info,False
D6_timevarying_r,33,33.8,37,M1_autonomous_Schaefer,False
D6_timevarying_r,33,33.8,37,M1b_autonomous_Allee,False
D6_timevarying_r,33,33.8,37,M2_stockflow_regimeC,False
D6_timevarying_r,33,33.8,37,M3_AR_residual,False
D6_timevarying_r,33,33.8,37,M4_delayed_info,False
D6_timevarying_r,33,33.8,38,M1_autonomous_Schaefer,False
D6_timevarying_r,33,33.8,38,M1b_autonomous_Allee,False
D6_timevarying_r,33,33.8,38,M2_stockflow_regimeC,False
D6_timevarying_r,33,33.8,38,M3_AR_residual,False
D6_timevarying_r,33,33.8,38,M4_delayed_info,False
D6_timevarying_r,33,33.8,39,M1_autonomous_Schaefer,True
D6_timevarying_r,33,33.8,39,M1b_autonomous_Allee,False
D6_timevarying_r,33,33.8,39,M2_stockflow_regimeC,False
D6_timevarying_r,33,33.8,39,M3_AR_residual,False
D6_timevarying_r,33,33.8,39,M4_delayed_info,False
D6_timevarying_r,33,33.8,40,M1_autonomous_Schaefer,True
D6_timevarying_r,33,33.8,40,M1b_autonomous_Allee,False
D6_timevarying_r,33,33.8,40,M2_stockflow_regimeC,False
D6_timevarying_r,33,33.8,40,M3_AR_residual,False
D6_timevarying_r,33,33.8,40,M4_delayed_info,False
D6_timevarying_r,33,33.8,41,M1_autonomous_Schaefer,True
D6_timevarying_r,33,33.8,41,M1b_autonomous_Allee,False
D6_timevarying_r,33,33.8,41,M2_stockflow_regimeC,False
D6_timevarying_r,33,33.8,41,M3_AR_residual,False
D6_timevarying_r,33,33.8,41,M4_delayed_info,False
D6_timevarying_r,33,33.8,42,M1_autonomous_Schaefer,True
D6_timevarying_r,33,33.8,42,M1b_autonomous_Allee,False
D6_timevarying_r,33,33.8,42,M2_stockflow_regimeC,False
D6_timevarying_r,33,33.8,42,M3_AR_residual,False
D6_timevarying_r,33,33.8,42,M4_delayed_info,False
D6_timevarying_r,33,33.8,43,M1_autonomous_Schaefer,True
D6_timevarying_r,33,33.8,43,M1b_autonomous_Allee,False
D6_timevarying_r,33,33.8,43,M2_stockflow_regimeC,False
D6_timevarying_r,33,33.8,43,M3_AR_residual,False
D6_timevarying_r,33,33.8,43,M4_delayed_info,False
D6_timevarying_r,33,33.8,44,M1_autonomous_Schaefer,True
D6_timevarying_r,33,33.8,44,M1b_autonomous_Allee,False
D6_timevarying_r,33,33.8,44,M2_stockflow_regimeC,False
D6_timevarying_r,33,33.8,44,M3_AR_residual,False
D6_timevarying_r,33,33.8,44,M4_delayed_info,False
D6_timevarying_r,33,33.8,45,M1_autonomous_Schaefer,False
D6_timevarying_r,33,33.8,45,M1b_autonomous_Allee,False
D6_timevarying_r,33,33.8,45,M2_stockflow_regimeC,False
D6_timevarying_r,33,33.8,45,M3_AR_residual,False
D6_timevarying_r,33,33.8,45,M4_delayed_info,False
D6_timevarying_r,33,33.8,46,M1_autonomous_Schaefer,True
D6_timevarying_r,33,33.8,46,M1b_autonomous_Allee,False
D6_timevarying_r,33,33.8,46,M2_stockflow_regimeC,False
D6_timevarying_r,33,33.8,46,M3_AR_residual,False
D6_timevarying_r,33,33.8,46,M4_delayed_info,False
D6_timevarying_r,33,33.8,47,M1_autonomous_Schaefer,False
D6_timevarying_r,33,33.8,47,M1b_autonomous_Allee,False
D6_timevarying_r,33,33.8,47,M2_stockflow_regimeC,False
D6_timevarying_r,33,33.8,47,M3_AR_residual,False
D6_timevarying_r,33,33.8,47,M4_delayed_info,False
D6_timevarying_r,33,33.8,48,M1_autonomous_Schaefer,False
D6_timevarying_r,33,33.8,48,M1b_autonomous_Allee,False
D6_timevarying_r,33,33.8,48,M2_stockflow_regimeC,False
D6_timevarying_r,33,33.8,48,M3_AR_residual,False
D6_timevarying_r,33,33.8,48,M4_delayed_info,False
D6_timevarying_r,33,33.8,49,M1_autonomous_Schaefer,False
D6_timevarying_r,33,33.8,49,M1b_autonomous_Allee,False
D6_timevarying_r,33,33.8,49,M2_stockflow_regimeC,False
D6_timevarying_r,33,33.8,49,M3_AR_residual,False
D6_timevarying_r,33,33.8,49,M4_delayed_info,False
D6_timevarying_r,33,33.8,50,M1_autonomous_Schaefer,True
D6_timevarying_r,33,33.8,50,M1b_autonomous_Allee,False
D6_timevarying_r,33,33.8,50,M2_stockflow_regimeC,False
D6_timevarying_r,33,33.8,50,M3_AR_residual,False
D6_timevarying_r,33,33.8,50,M4_delayed_info,False
D6_timevarying_r,33,33.8,51,M1_autonomous_Schaefer,True
D6_timevarying_r,33,33.8,51,M1b_autonomous_Allee,False
D6_timevarying_r,33,33.8,51,M2_stockflow_regimeC,False
D6_timevarying_r,33,33.8,51,M3_AR_residual,False
D6_timevarying_r,33,33.8,51,M4_delayed_info,False
D6_timevarying_r,33,33.8,52,M1_autonomous_Schaefer,False
D6_timevarying_r,33,33.8,52,M1b_autonomous_Allee,False
D6_timevarying_r,33,33.8,52,M2_stockflow_regimeC,False
D6_timevarying_r,33,33.8,52,M3_AR_residual,False
D6_timevarying_r,33,33.8,52,M4_delayed_info,False
D6_timevarying_r,33,33.8,53,M1_autonomous_Schaefer,True
D6_timevarying_r,33,33.8,53,M1b_autonomous_Allee,False
D6_timevarying_r,33,33.8,53,M2_stockflow_regimeC,False
D6_timevarying_r,33,33.8,53,M3_AR_residual,False
D6_timevarying_r,33,33.8,53,M4_delayed_info,False
D6_timevarying_r,33,33.8,54,M1_autonomous_Schaefer,False
D6_timevarying_r,33,33.8,54,M1b_autonomous_Allee,False
D6_timevarying_r,33,33.8,54,M2_stockflow_regimeC,False
D6_timevarying_r,33,33.8,54,M3_AR_residual,False
D6_timevarying_r,33,33.8,54,M4_delayed_info,False
D6_timevarying_r,33,33.8,55,M1_autonomous_Schaefer,False
D6_timevarying_r,33,33.8,55,M1b_autonomous_Allee,False
D6_timevarying_r,33,33.8,55,M2_stockflow_regimeC,False
D6_timevarying_r,33,33.8,55,M3_AR_residual,False
D6_timevarying_r,33,33.8,55,M4_delayed_info,False
D6_timevarying_r,33,33.8,56,M1_autonomous_Schaefer,True
D6_timevarying_r,33,33.8,56,M1b_autonomous_Allee,False
D6_timevarying_r,33,33.8,56,M2_stockflow_regimeC,False
D6_timevarying_r,33,33.8,56,M3_AR_residual,False
D6_timevarying_r,33,33.8,56,M4_delayed_info,False
D6_timevarying_r,33,33.8,57,M1_autonomous_Schaefer,False
D6_timevarying_r,33,33.8,57,M1b_autonomous_Allee,False
D6_timevarying_r,33,33.8,57,M2_stockflow_regimeC,False
D6_timevarying_r,33,33.8,57,M3_AR_residual,False
D6_timevarying_r,33,33.8,57,M4_delayed_info,False
D6_timevarying_r,33,33.8,58,M1_autonomous_Schaefer,True
D6_timevarying_r,33,33.8,58,M1b_autonomous_Allee,False
D6_timevarying_r,33,33.8,58,M2_stockflow_regimeC,False
D6_timevarying_r,33,33.8,58,M3_AR_residual,False
D6_timevarying_r,33,33.8,58,M4_delayed_info,False
D6_timevarying_r,33,33.8,59,M1_autonomous_Schaefer,True
D6_timevarying_r,33,33.8,59,M1b_autonomous_Allee,False
D6_timevarying_r,33,33.8,59,M2_stockflow_regimeC,False
D6_timevarying_r,33,33.8,59,M3_AR_residual,False
D6_timevarying_r,33,33.8,59,M4_delayed_info,False
D6_timevarying_r,33,33.8,60,M1_autonomous_Schaefer,True
D6_timevarying_r,33,33.8,60,M1b_autonomous_Allee,False
D6_timevarying_r,33,33.8,60,M2_stockflow_regimeC,False
D6_timevarying_r,33,33.8,60,M3_AR_residual,False
D6_timevarying_r,33,33.8,60,M4_delayed_info,False
D6_timevarying_r,33,33.8,61,M1_autonomous_Schaefer,True
D6_timevarying_r,33,33.8,61,M1b_autonomous_Allee,False
D6_timevarying_r,33,33.8,61,M2_stockflow_regimeC,False
D6_timevarying_r,33,33.8,61,M3_AR_residual,False
D6_timevarying_r,33,33.8,61,M4_delayed_info,False
D6_timevarying_r,33,33.8,62,M1_autonomous_Schaefer,True
D6_timevarying_r,33,33.8,62,M1b_autonomous_Allee,False
D6_timevarying_r,33,33.8,62,M2_stockflow_regimeC,False
D6_timevarying_r,33,33.8,62,M3_AR_residual,False
D6_timevarying_r,33,33.8,62,M4_delayed_info,False
D6_timevarying_r,33,33.8,63,M1_autonomous_Schaefer,True
D6_timevarying_r,33,33.8,63,M1b_autonomous_Allee,False
D6_timevarying_r,33,33.8,63,M2_stockflow_regimeC,False
D6_timevarying_r,33,33.8,63,M3_AR_residual,False
D6_timevarying_r,33,33.8,63,M4_delayed_info,False
D6_timevarying_r,33,33.8,64,M1_autonomous_Schaefer,True
D6_timevarying_r,33,33.8,64,M1b_autonomous_Allee,False
D6_timevarying_r,33,33.8,64,M2_stockflow_regimeC,False
D6_timevarying_r,33,33.8,64,M3_AR_residual,False
D6_timevarying_r,33,33.8,64,M4_delayed_info,False
D6_timevarying_r,33,33.8,65,M1_autonomous_Schaefer,True
D6_timevarying_r,33,33.8,65,M1b_autonomous_Allee,False
D6_timevarying_r,33,33.8,65,M2_stockflow_regimeC,False
D6_timevarying_r,33,33.8,65,M3_AR_residual,False
D6_timevarying_r,33,33.8,65,M4_delayed_info,False
D6_timevarying_r,33,33.8,66,M1_autonomous_Schaefer,False
D6_timevarying_r,33,33.8,66,M1b_autonomous_Allee,False
D6_timevarying_r,33,33.8,66,M2_stockflow_regimeC,False
D6_timevarying_r,33,33.8,66,M3_AR_residual,False
D6_timevarying_r,33,33.8,66,M4_delayed_info,False
D6_timevarying_r,33,33.8,67,M1_autonomous_Schaefer,True
D6_timevarying_r,33,33.8,67,M1b_autonomous_Allee,False
D6_timevarying_r,33,33.8,67,M2_stockflow_regimeC,False
D6_timevarying_r,33,33.8,67,M3_AR_residual,False
D6_timevarying_r,33,33.8,67,M4_delayed_info,False
D6_timevarying_r,33,33.8,68,M1_autonomous_Schaefer,False
D6_timevarying_r,33,33.8,68,M1b_autonomous_Allee,False
D6_timevarying_r,33,33.8,68,M2_stockflow_regimeC,False
D6_timevarying_r,33,33.8,68,M3_AR_residual,False
D6_timevarying_r,33,33.8,68,M4_delayed_info,False
D6_timevarying_r,33,33.8,69,M1_autonomous_Schaefer,False
D6_timevarying_r,33,33.8,69,M1b_autonomous_Allee,False
D6_timevarying_r,33,33.8,69,M2_stockflow_regimeC,False
D6_timevarying_r,33,33.8,69,M3_AR_residual,False
D6_timevarying_r,33,33.8,69,M4_delayed_info,False
D6_timevarying_r,33,33.8,70,M1_autonomous_Schaefer,True
D6_timevarying_r,33,33.8,70,M1b_autonomous_Allee,False
D6_timevarying_r,33,33.8,70,M2_stockflow_regimeC,False
D6_timevarying_r,33,33.8,70,M3_AR_residual,False
D6_timevarying_r,33,33.8,70,M4_delayed_info,False
D6_timevarying_r,33,33.8,71,M1_autonomous_Schaefer,True
D6_timevarying_r,33,33.8,71,M1b_autonomous_Allee,False
D6_timevarying_r,33,33.8,71,M2_stockflow_regimeC,False
D6_timevarying_r,33,33.8,71,M3_AR_residual,False
D6_timevarying_r,33,33.8,71,M4_delayed_info,False
D6_timevarying_r,33,33.8,72,M1_autonomous_Schaefer,False
D6_timevarying_r,33,33.8,72,M1b_autonomous_Allee,False
D6_timevarying_r,33,33.8,72,M2_stockflow_regimeC,False
D6_timevarying_r,33,33.8,72,M3_AR_residual,False
D6_timevarying_r,33,33.8,72,M4_delayed_info,False
D6_timevarying_r,33,33.8,73,M1_autonomous_Schaefer,False
D6_timevarying_r,33,33.8,73,M1b_autonomous_Allee,False
D6_timevarying_r,33,33.8,73,M2_stockflow_regimeC,False
D6_timevarying_r,33,33.8,73,M3_AR_residual,False
D6_timevarying_r,33,33.8,73,M4_delayed_info,False
D6_timevarying_r,33,33.8,74,M1_autonomous_Schaefer,True
D6_timevarying_r,33,33.8,74,M1b_autonomous_Allee,False
D6_timevarying_r,33,33.8,74,M2_stockflow_regimeC,False
D6_timevarying_r,33,33.8,74,M3_AR_residual,False
D6_timevarying_r,33,33.8,74,M4_delayed_info,False
D6_timevarying_r,33,33.8,75,M1_autonomous_Schaefer,False
D6_timevarying_r,33,33.8,75,M1b_autonomous_Allee,False
D6_timevarying_r,33,33.8,75,M2_stockflow_regimeC,False
D6_timevarying_r,33,33.8,75,M3_AR_residual,False
D6_timevarying_r,33,33.8,75,M4_delayed_info,False
D6_timevarying_r,33,33.8,76,M1_autonomous_Schaefer,True
D6_timevarying_r,33,33.8,76,M1b_autonomous_Allee,False
D6_timevarying_r,33,33.8,76,M2_stockflow_regimeC,False
D6_timevarying_r,33,33.8,76,M3_AR_residual,False
D6_timevarying_r,33,33.8,76,M4_delayed_info,False
D6_timevarying_r,33,33.8,77,M1_autonomous_Schaefer,True
D6_timevarying_r,33,33.8,77,M1b_autonomous_Allee,False
D6_timevarying_r,33,33.8,77,M2_stockflow_regimeC,False
D6_timevarying_r,33,33.8,77,M3_AR_residual,False
D6_timevarying_r,33,33.8,77,M4_delayed_info,False
D6_timevarying_r,33,33.8,78,M1_autonomous_Schaefer,False
D6_timevarying_r,33,33.8,78,M1b_autonomous_Allee,False
D6_timevarying_r,33,33.8,78,M2_stockflow_regimeC,False
D6_timevarying_r,33,33.8,78,M3_AR_residual,False
D6_timevarying_r,33,33.8,78,M4_delayed_info,False
D6_timevarying_r,33,33.8,79,M1_autonomous_Schaefer,True
D6_timevarying_r,33,33.8,79,M1b_autonomous_Allee,False
D6_timevarying_r,33,33.8,79,M2_stockflow_regimeC,False
D6_timevarying_r,33,33.8,79,M3_AR_residual,False
D6_timevarying_r,33,33.8,79,M4_delayed_info,False
D6_timevarying_r,33,33.8,80,M1_autonomous_Schaefer,False
D6_timevarying_r,33,33.8,80,M1b_autonomous_Allee,False
D6_timevarying_r,33,33.8,80,M2_stockflow_regimeC,False
D6_timevarying_r,33,33.8,80,M3_AR_residual,False
D6_timevarying_r,33,33.8,80,M4_delayed_info,False
D6_timevarying_r,33,33.8,81,M1_autonomous_Schaefer,False
D6_timevarying_r,33,33.8,81,M1b_autonomous_Allee,False
D6_timevarying_r,33,33.8,81,M2_stockflow_regimeC,False
D6_timevarying_r,33,33.8,81,M3_AR_residual,False
D6_timevarying_r,33,33.8,81,M4_delayed_info,False
D6_timevarying_r,33,33.8,82,M1_autonomous_Schaefer,True
D6_timevarying_r,33,33.8,82,M1b_autonomous_Allee,False
D6_timevarying_r,33,33.8,82,M2_stockflow_regimeC,False
D6_timevarying_r,33,33.8,82,M3_AR_residual,False
D6_timevarying_r,33,33.8,82,M4_delayed_info,False
D6_timevarying_r,33,33.8,83,M1_autonomous_Schaefer,True
D6_timevarying_r,33,33.8,83,M1b_autonomous_Allee,False
D6_timevarying_r,33,33.8,83,M2_stockflow_regimeC,False
D6_timevarying_r,33,33.8,83,M3_AR_residual,False
D6_timevarying_r,33,33.8,83,M4_delayed_info,False
D6_timevarying_r,33,33.8,84,M1_autonomous_Schaefer,True
D6_timevarying_r,33,33.8,84,M1b_autonomous_Allee,False
D6_timevarying_r,33,33.8,84,M2_stockflow_regimeC,False
D6_timevarying_r,33,33.8,84,M3_AR_residual,False
D6_timevarying_r,33,33.8,84,M4_delayed_info,False
D6_timevarying_r,33,33.8,85,M1_autonomous_Schaefer,True
D6_timevarying_r,33,33.8,85,M1b_autonomous_Allee,False
D6_timevarying_r,33,33.8,85,M2_stockflow_regimeC,False
D6_timevarying_r,33,33.8,85,M3_AR_residual,False
D6_timevarying_r,33,33.8,85,M4_delayed_info,False
D6_timevarying_r,33,33.8,86,M1_autonomous_Schaefer,True
D6_timevarying_r,33,33.8,86,M1b_autonomous_Allee,False
D6_timevarying_r,33,33.8,86,M2_stockflow_regimeC,False
D6_timevarying_r,33,33.8,86,M3_AR_residual,False
D6_timevarying_r,33,33.8,86,M4_delayed_info,False
D6_timevarying_r,33,33.8,87,M1_autonomous_Schaefer,True
D6_timevarying_r,33,33.8,87,M1b_autonomous_Allee,False
D6_timevarying_r,33,33.8,87,M2_stockflow_regimeC,False
D6_timevarying_r,33,33.8,87,M3_AR_residual,False
D6_timevarying_r,33,33.8,87,M4_delayed_info,False
D6_timevarying_r,33,33.8,88,M1_autonomous_Schaefer,True
D6_timevarying_r,33,33.8,88,M1b_autonomous_Allee,False
D6_timevarying_r,33,33.8,88,M2_stockflow_regimeC,False
D6_timevarying_r,33,33.8,88,M3_AR_residual,False
D6_timevarying_r,33,33.8,88,M4_delayed_info,False
D6_timevarying_r,33,33.8,89,M1_autonomous_Schaefer,True
D6_timevarying_r,33,33.8,89,M1b_autonomous_Allee,False
D6_timevarying_r,33,33.8,89,M2_stockflow_regimeC,False
D6_timevarying_r,33,33.8,89,M3_AR_residual,False
D6_timevarying_r,33,33.8,89,M4_delayed_info,False
D6_timevarying_r,33,33.8,90,M1_autonomous_Schaefer,False
D6_timevarying_r,33,33.8,90,M1b_autonomous_Allee,False
D6_timevarying_r,33,33.8,90,M2_stockflow_regimeC,False
D6_timevarying_r,33,33.8,90,M3_AR_residual,False
D6_timevarying_r,33,33.8,90,M4_delayed_info,False
D6_timevarying_r,33,33.8,91,M1_autonomous_Schaefer,True
D6_timevarying_r,33,33.8,91,M1b_autonomous_Allee,False
D6_timevarying_r,33,33.8,91,M2_stockflow_regimeC,False
D6_timevarying_r,33,33.8,91,M3_AR_residual,False
D6_timevarying_r,33,33.8,91,M4_delayed_info,False
D6_timevarying_r,33,33.8,92,M1_autonomous_Schaefer,True
D6_timevarying_r,33,33.8,92,M1b_autonomous_Allee,False
D6_timevarying_r,33,33.8,92,M2_stockflow_regimeC,False
D6_timevarying_r,33,33.8,92,M3_AR_residual,False
D6_timevarying_r,33,33.8,92,M4_delayed_info,False
D6_timevarying_r,33,33.8,93,M1_autonomous_Schaefer,True
D6_timevarying_r,33,33.8,93,M1b_autonomous_Allee,False
D6_timevarying_r,33,33.8,93,M2_stockflow_regimeC,False
D6_timevarying_r,33,33.8,93,M3_AR_residual,False
D6_timevarying_r,33,33.8,93,M4_delayed_info,False
D6_timevarying_r,33,33.8,94,M1_autonomous_Schaefer,True
D6_timevarying_r,33,33.8,94,M1b_autonomous_Allee,True
D6_timevarying_r,33,33.8,94,M2_stockflow_regimeC,False
D6_timevarying_r,33,33.8,94,M3_AR_residual,False
D6_timevarying_r,33,33.8,94,M4_delayed_info,False
D6_timevarying_r,33,33.8,95,M1_autonomous_Schaefer,False
D6_timevarying_r,33,33.8,95,M1b_autonomous_Allee,True
D6_timevarying_r,33,33.8,95,M2_stockflow_regimeC,False
D6_timevarying_r,33,33.8,95,M3_AR_residual,False
D6_timevarying_r,33,33.8,95,M4_delayed_info,False
D6_timevarying_r,33,33.8,96,M1_autonomous_Schaefer,True
D6_timevarying_r,33,33.8,96,M1b_autonomous_Allee,False
D6_timevarying_r,33,33.8,96,M2_stockflow_regimeC,False
D6_timevarying_r,33,33.8,96,M3_AR_residual,False
D6_timevarying_r,33,33.8,96,M4_delayed_info,False
D6_timevarying_r,33,33.8,97,M1_autonomous_Schaefer,True
D6_timevarying_r,33,33.8,97,M1b_autonomous_Allee,False
D6_timevarying_r,33,33.8,97,M2_stockflow_regimeC,False
D6_timevarying_r,33,33.8,97,M3_AR_residual,False
D6_timevarying_r,33,33.8,97,M4_delayed_info,False
D6_timevarying_r,33,33.8,98,M1_autonomous_Schaefer,True
D6_timevarying_r,33,33.8,98,M1b_autonomous_Allee,False
D6_timevarying_r,33,33.8,98,M2_stockflow_regimeC,False
D6_timevarying_r,33,33.8,98,M3_AR_residual,False
D6_timevarying_r,33,33.8,98,M4_delayed_info,False
D6_timevarying_r,33,33.8,99,M1_autonomous_Schaefer,True
D6_timevarying_r,33,33.8,99,M1b_autonomous_Allee,False
D6_timevarying_r,33,33.8,99,M2_stockflow_regimeC,False
D6_timevarying_r,33,33.8,99,M3_AR_residual,False
D6_timevarying_r,33,33.8,99,M4_delayed_info,False
D6_timevarying_r,33,33.8,100,M1_autonomous_Schaefer,True
D6_timevarying_r,33,33.8,100,M1b_autonomous_Allee,False
D6_timevarying_r,33,33.8,100,M2_stockflow_regimeC,False
D6_timevarying_r,33,33.8,100,M3_AR_residual,False
D6_timevarying_r,33,33.8,100,M4_delayed_info,False
D6_timevarying_r,33,33.8,101,M1_autonomous_Schaefer,False
D6_timevarying_r,33,33.8,101,M1b_autonomous_Allee,False
D6_timevarying_r,33,33.8,101,M2_stockflow_regimeC,False
D6_timevarying_r,33,33.8,101,M3_AR_residual,False
D6_timevarying_r,33,33.8,101,M4_delayed_info,False
D6_timevarying_r,33,33.8,102,M1_autonomous_Schaefer,False
D6_timevarying_r,33,33.8,102,M1b_autonomous_Allee,False
D6_timevarying_r,33,33.8,102,M2_stockflow_regimeC,False
D6_timevarying_r,33,33.8,102,M3_AR_residual,False
D6_timevarying_r,33,33.8,102,M4_delayed_info,False
D6_timevarying_r,33,33.8,103,M1_autonomous_Schaefer,True
D6_timevarying_r,33,33.8,103,M1b_autonomous_Allee,False
D6_timevarying_r,33,33.8,103,M2_stockflow_regimeC,False
D6_timevarying_r,33,33.8,103,M3_AR_residual,False
D6_timevarying_r,33,33.8,103,M4_delayed_info,False
D6_timevarying_r,33,33.8,104,M1_autonomous_Schaefer,True
D6_timevarying_r,33,33.8,104,M1b_autonomous_Allee,False
D6_timevarying_r,33,33.8,104,M2_stockflow_regimeC,False
D6_timevarying_r,33,33.8,104,M3_AR_residual,False
D6_timevarying_r,33,33.8,104,M4_delayed_info,False
D6_timevarying_r,33,33.8,105,M1_autonomous_Schaefer,False
D6_timevarying_r,33,33.8,105,M1b_autonomous_Allee,False
D6_timevarying_r,33,33.8,105,M2_stockflow_regimeC,False
D6_timevarying_r,33,33.8,105,M3_AR_residual,False
D6_timevarying_r,33,33.8,105,M4_delayed_info,False
D6_timevarying_r,33,33.8,106,M1_autonomous_Schaefer,True
D6_timevarying_r,33,33.8,106,M1b_autonomous_Allee,False
D6_timevarying_r,33,33.8,106,M2_stockflow_regimeC,False
D6_timevarying_r,33,33.8,106,M3_AR_residual,False
D6_timevarying_r,33,33.8,106,M4_delayed_info,False
D6_timevarying_r,33,33.8,107,M1_autonomous_Schaefer,False
D6_timevarying_r,33,33.8,107,M1b_autonomous_Allee,False
D6_timevarying_r,33,33.8,107,M2_stockflow_regimeC,False
D6_timevarying_r,33,33.8,107,M3_AR_residual,False
D6_timevarying_r,33,33.8,107,M4_delayed_info,False
D6_timevarying_r,33,33.8,108,M1_autonomous_Schaefer,False
D6_timevarying_r,33,33.8,108,M1b_autonomous_Allee,False
D6_timevarying_r,33,33.8,108,M2_stockflow_regimeC,False
D6_timevarying_r,33,33.8,108,M3_AR_residual,False
D6_timevarying_r,33,33.8,108,M4_delayed_info,False
D6_timevarying_r,33,33.8,109,M1_autonomous_Schaefer,True
D6_timevarying_r,33,33.8,109,M1b_autonomous_Allee,False
D6_timevarying_r,33,33.8,109,M2_stockflow_regimeC,False
D6_timevarying_r,33,33.8,109,M3_AR_residual,False
D6_timevarying_r,33,33.8,109,M4_delayed_info,False
D6_timevarying_r,33,33.8,110,M1_autonomous_Schaefer,True
D6_timevarying_r,33,33.8,110,M1b_autonomous_Allee,False
D6_timevarying_r,33,33.8,110,M2_stockflow_regimeC,False
D6_timevarying_r,33,33.8,110,M3_AR_residual,False
D6_timevarying_r,33,33.8,110,M4_delayed_info,False
D6_timevarying_r,33,33.8,111,M1_autonomous_Schaefer,True
D6_timevarying_r,33,33.8,111,M1b_autonomous_Allee,False
D6_timevarying_r,33,33.8,111,M2_stockflow_regimeC,False
D6_timevarying_r,33,33.8,111,M3_AR_residual,False
D6_timevarying_r,33,33.8,111,M4_delayed_info,False
D6_timevarying_r,33,33.8,112,M1_autonomous_Schaefer,False
D6_timevarying_r,33,33.8,112,M1b_autonomous_Allee,False
D6_timevarying_r,33,33.8,112,M2_stockflow_regimeC,False
D6_timevarying_r,33,33.8,112,M3_AR_residual,False
D6_timevarying_r,33,33.8,112,M4_delayed_info,False
D6_timevarying_r,33,33.8,113,M1_autonomous_Schaefer,True
D6_timevarying_r,33,33.8,113,M1b_autonomous_Allee,False
D6_timevarying_r,33,33.8,113,M2_stockflow_regimeC,False
D6_timevarying_r,33,33.8,113,M3_AR_residual,False
D6_timevarying_r,33,33.8,113,M4_delayed_info,False
D6_timevarying_r,33,33.8,114,M1_autonomous_Schaefer,True
D6_timevarying_r,33,33.8,114,M1b_autonomous_Allee,False
D6_timevarying_r,33,33.8,114,M2_stockflow_regimeC,False
D6_timevarying_r,33,33.8,114,M3_AR_residual,False
D6_timevarying_r,33,33.8,114,M4_delayed_info,False
D6_timevarying_r,33,33.8,115,M1_autonomous_Schaefer,False
D6_timevarying_r,33,33.8,115,M1b_autonomous_Allee,False
D6_timevarying_r,33,33.8,115,M2_stockflow_regimeC,False
D6_timevarying_r,33,33.8,115,M3_AR_residual,False
D6_timevarying_r,33,33.8,115,M4_delayed_info,False
D6_timevarying_r,33,33.8,116,M1_autonomous_Schaefer,True
D6_timevarying_r,33,33.8,116,M1b_autonomous_Allee,False
D6_timevarying_r,33,33.8,116,M2_stockflow_regimeC,False
D6_timevarying_r,33,33.8,116,M3_AR_residual,False
D6_timevarying_r,33,33.8,116,M4_delayed_info,False
D6_timevarying_r,33,33.8,117,M1_autonomous_Schaefer,False
D6_timevarying_r,33,33.8,117,M1b_autonomous_Allee,False
D6_timevarying_r,33,33.8,117,M2_stockflow_regimeC,False
D6_timevarying_r,33,33.8,117,M3_AR_residual,False
D6_timevarying_r,33,33.8,117,M4_delayed_info,False
D6_timevarying_r,33,33.8,118,M1_autonomous_Schaefer,True
D6_timevarying_r,33,33.8,118,M1b_autonomous_Allee,False
D6_timevarying_r,33,33.8,118,M2_stockflow_regimeC,False
D6_timevarying_r,33,33.8,118,M3_AR_residual,False
D6_timevarying_r,33,33.8,118,M4_delayed_info,False
D6_timevarying_r,33,33.8,119,M1_autonomous_Schaefer,False
D6_timevarying_r,33,33.8,119,M1b_autonomous_Allee,False
D6_timevarying_r,33,33.8,119,M2_stockflow_regimeC,False
D6_timevarying_r,33,33.8,119,M3_AR_residual,False
D6_timevarying_r,33,33.8,119,M4_delayed_info,False
D6_timevarying_r,33,33.8,120,M1_autonomous_Schaefer,True
D6_timevarying_r,33,33.8,120,M1b_autonomous_Allee,False
D6_timevarying_r,33,33.8,120,M2_stockflow_regimeC,False
D6_timevarying_r,33,33.8,120,M3_AR_residual,False
D6_timevarying_r,33,33.8,120,M4_delayed_info,False
D6_timevarying_r,33,33.8,121,M1_autonomous_Schaefer,True
D6_timevarying_r,33,33.8,121,M1b_autonomous_Allee,False
D6_timevarying_r,33,33.8,121,M2_stockflow_regimeC,False
D6_timevarying_r,33,33.8,121,M3_AR_residual,False
D6_timevarying_r,33,33.8,121,M4_delayed_info,False
D6_timevarying_r,33,33.8,122,M1_autonomous_Schaefer,True
D6_timevarying_r,33,33.8,122,M1b_autonomous_Allee,False
D6_timevarying_r,33,33.8,122,M2_stockflow_regimeC,False
D6_timevarying_r,33,33.8,122,M3_AR_residual,False
D6_timevarying_r,33,33.8,122,M4_delayed_info,False
D6_timevarying_r,33,33.8,123,M1_autonomous_Schaefer,True
D6_timevarying_r,33,33.8,123,M1b_autonomous_Allee,False
D6_timevarying_r,33,33.8,123,M2_stockflow_regimeC,False
D6_timevarying_r,33,33.8,123,M3_AR_residual,False
D6_timevarying_r,33,33.8,123,M4_delayed_info,False
D6_timevarying_r,33,33.8,124,M1_autonomous_Schaefer,True
D6_timevarying_r,33,33.8,124,M1b_autonomous_Allee,False
D6_timevarying_r,33,33.8,124,M2_stockflow_regimeC,False
D6_timevarying_r,33,33.8,124,M3_AR_residual,False
D6_timevarying_r,33,33.8,124,M4_delayed_info,False
D6_timevarying_r,33,33.8,125,M1_autonomous_Schaefer,True
D6_timevarying_r,33,33.8,125,M1b_autonomous_Allee,False
D6_timevarying_r,33,33.8,125,M2_stockflow_regimeC,False
D6_timevarying_r,33,33.8,125,M3_AR_residual,False
D6_timevarying_r,33,33.8,125,M4_delayed_info,False
D6_timevarying_r,33,33.8,126,M1_autonomous_Schaefer,True
D6_timevarying_r,33,33.8,126,M1b_autonomous_Allee,False
D6_timevarying_r,33,33.8,126,M2_stockflow_regimeC,False
D6_timevarying_r,33,33.8,126,M3_AR_residual,False
D6_timevarying_r,33,33.8,126,M4_delayed_info,False
D6_timevarying_r,33,33.8,127,M1_autonomous_Schaefer,True
D6_timevarying_r,33,33.8,127,M1b_autonomous_Allee,False
D6_timevarying_r,33,33.8,127,M2_stockflow_regimeC,False
D6_timevarying_r,33,33.8,127,M3_AR_residual,False
D6_timevarying_r,33,33.8,127,M4_delayed_info,False
D6_timevarying_r,33,33.8,128,M1_autonomous_Schaefer,True
D6_timevarying_r,33,33.8,128,M1b_autonomous_Allee,False
D6_timevarying_r,33,33.8,128,M2_stockflow_regimeC,False
D6_timevarying_r,33,33.8,128,M3_AR_residual,False
D6_timevarying_r,33,33.8,128,M4_delayed_info,False
D6_timevarying_r,33,33.8,129,M1_autonomous_Schaefer,True
D6_timevarying_r,33,33.8,129,M1b_autonomous_Allee,False
D6_timevarying_r,33,33.8,129,M2_stockflow_regimeC,False
D6_timevarying_r,33,33.8,129,M3_AR_residual,False
D6_timevarying_r,33,33.8,129,M4_delayed_info,False
D6_timevarying_r,33,33.8,130,M1_autonomous_Schaefer,True
D6_timevarying_r,33,33.8,130,M1b_autonomous_Allee,False
D6_timevarying_r,33,33.8,130,M2_stockflow_regimeC,False
D6_timevarying_r,33,33.8,130,M3_AR_residual,False
D6_timevarying_r,33,33.8,130,M4_delayed_info,False
D6_timevarying_r,33,33.8,131,M1_autonomous_Schaefer,True
D6_timevarying_r,33,33.8,131,M1b_autonomous_Allee,False
D6_timevarying_r,33,33.8,131,M2_stockflow_regimeC,False
D6_timevarying_r,33,33.8,131,M3_AR_residual,False
D6_timevarying_r,33,33.8,131,M4_delayed_info,False
D6_timevarying_r,33,33.8,132,M1_autonomous_Schaefer,True
D6_timevarying_r,33,33.8,132,M1b_autonomous_Allee,False
D6_timevarying_r,33,33.8,132,M2_stockflow_regimeC,False
D6_timevarying_r,33,33.8,132,M3_AR_residual,False
D6_timevarying_r,33,33.8,132,M4_delayed_info,False
D6_timevarying_r,33,33.8,133,M1_autonomous_Schaefer,True
D6_timevarying_r,33,33.8,133,M1b_autonomous_Allee,False
D6_timevarying_r,33,33.8,133,M2_stockflow_regimeC,False
D6_timevarying_r,33,33.8,133,M3_AR_residual,False
D6_timevarying_r,33,33.8,133,M4_delayed_info,False
D6_timevarying_r,33,33.8,134,M1_autonomous_Schaefer,False
D6_timevarying_r,33,33.8,134,M1b_autonomous_Allee,False
D6_timevarying_r,33,33.8,134,M2_stockflow_regimeC,False
D6_timevarying_r,33,33.8,134,M3_AR_residual,False
D6_timevarying_r,33,33.8,134,M4_delayed_info,False
D6_timevarying_r,33,33.8,135,M1_autonomous_Schaefer,True
D6_timevarying_r,33,33.8,135,M1b_autonomous_Allee,False
D6_timevarying_r,33,33.8,135,M2_stockflow_regimeC,False
D6_timevarying_r,33,33.8,135,M3_AR_residual,False
D6_timevarying_r,33,33.8,135,M4_delayed_info,False
D6_timevarying_r,33,33.8,136,M1_autonomous_Schaefer,True
D6_timevarying_r,33,33.8,136,M1b_autonomous_Allee,False
D6_timevarying_r,33,33.8,136,M2_stockflow_regimeC,False
D6_timevarying_r,33,33.8,136,M3_AR_residual,False
D6_timevarying_r,33,33.8,136,M4_delayed_info,False
D6_timevarying_r,33,33.8,137,M1_autonomous_Schaefer,True
D6_timevarying_r,33,33.8,137,M1b_autonomous_Allee,False
D6_timevarying_r,33,33.8,137,M2_stockflow_regimeC,False
D6_timevarying_r,33,33.8,137,M3_AR_residual,False
D6_timevarying_r,33,33.8,137,M4_delayed_info,False
D6_timevarying_r,33,33.8,138,M1_autonomous_Schaefer,False
D6_timevarying_r,33,33.8,138,M1b_autonomous_Allee,False
D6_timevarying_r,33,33.8,138,M2_stockflow_regimeC,False
D6_timevarying_r,33,33.8,138,M3_AR_residual,False
D6_timevarying_r,33,33.8,138,M4_delayed_info,False
D6_timevarying_r,33,33.8,139,M1_autonomous_Schaefer,False
D6_timevarying_r,33,33.8,139,M1b_autonomous_Allee,False
D6_timevarying_r,33,33.8,139,M2_stockflow_regimeC,False
D6_timevarying_r,33,33.8,139,M3_AR_residual,False
D6_timevarying_r,33,33.8,139,M4_delayed_info,False
D6_timevarying_r,33,33.8,140,M1_autonomous_Schaefer,True
D6_timevarying_r,33,33.8,140,M1b_autonomous_Allee,False
D6_timevarying_r,33,33.8,140,M2_stockflow_regimeC,False
D6_timevarying_r,33,33.8,140,M3_AR_residual,False
D6_timevarying_r,33,33.8,140,M4_delayed_info,False
D6_timevarying_r,33,33.8,141,M1_autonomous_Schaefer,False
D6_timevarying_r,33,33.8,141,M1b_autonomous_Allee,False
D6_timevarying_r,33,33.8,141,M2_stockflow_regimeC,False
D6_timevarying_r,33,33.8,141,M3_AR_residual,False
D6_timevarying_r,33,33.8,141,M4_delayed_info,False
D6_timevarying_r,33,33.8,142,M1_autonomous_Schaefer,True
D6_timevarying_r,33,33.8,142,M1b_autonomous_Allee,False
D6_timevarying_r,33,33.8,142,M2_stockflow_regimeC,False
D6_timevarying_r,33,33.8,142,M3_AR_residual,False
D6_timevarying_r,33,33.8,142,M4_delayed_info,False
D6_timevarying_r,33,33.8,143,M1_autonomous_Schaefer,True
D6_timevarying_r,33,33.8,143,M1b_autonomous_Allee,False
D6_timevarying_r,33,33.8,143,M2_stockflow_regimeC,False
D6_timevarying_r,33,33.8,143,M3_AR_residual,False
D6_timevarying_r,33,33.8,143,M4_delayed_info,False
D6_timevarying_r,33,33.8,144,M1_autonomous_Schaefer,True
D6_timevarying_r,33,33.8,144,M1b_autonomous_Allee,False
D6_timevarying_r,33,33.8,144,M2_stockflow_regimeC,False
D6_timevarying_r,33,33.8,144,M3_AR_residual,False
D6_timevarying_r,33,33.8,144,M4_delayed_info,False
D6_timevarying_r,33,33.8,145,M1_autonomous_Schaefer,True
D6_timevarying_r,33,33.8,145,M1b_autonomous_Allee,False
D6_timevarying_r,33,33.8,145,M2_stockflow_regimeC,False
D6_timevarying_r,33,33.8,145,M3_AR_residual,False
D6_timevarying_r,33,33.8,145,M4_delayed_info,False
D6_timevarying_r,33,33.8,146,M1_autonomous_Schaefer,True
D6_timevarying_r,33,33.8,146,M1b_autonomous_Allee,False
D6_timevarying_r,33,33.8,146,M2_stockflow_regimeC,False
D6_timevarying_r,33,33.8,146,M3_AR_residual,False
D6_timevarying_r,33,33.8,146,M4_delayed_info,False
D6_timevarying_r,33,33.8,147,M1_autonomous_Schaefer,True
D6_timevarying_r,33,33.8,147,M1b_autonomous_Allee,False
D6_timevarying_r,33,33.8,147,M2_stockflow_regimeC,False
D6_timevarying_r,33,33.8,147,M3_AR_residual,False
D6_timevarying_r,33,33.8,147,M4_delayed_info,False
D6_timevarying_r,33,33.8,148,M1_autonomous_Schaefer,True
D6_timevarying_r,33,33.8,148,M1b_autonomous_Allee,False
D6_timevarying_r,33,33.8,148,M2_stockflow_regimeC,False
D6_timevarying_r,33,33.8,148,M3_AR_residual,False
D6_timevarying_r,33,33.8,148,M4_delayed_info,False
D6_timevarying_r,33,33.8,149,M1_autonomous_Schaefer,False
D6_timevarying_r,33,33.8,149,M1b_autonomous_Allee,False
D6_timevarying_r,33,33.8,149,M2_stockflow_regimeC,False
D6_timevarying_r,33,33.8,149,M3_AR_residual,False
D6_timevarying_r,33,33.8,149,M4_delayed_info,False
D6_timevarying_r,33,33.8,150,M1_autonomous_Schaefer,True
D6_timevarying_r,33,33.8,150,M1b_autonomous_Allee,False
D6_timevarying_r,33,33.8,150,M2_stockflow_regimeC,False
D6_timevarying_r,33,33.8,150,M3_AR_residual,False
D6_timevarying_r,33,33.8,150,M4_delayed_info,False
D6_timevarying_r,33,33.8,151,M1_autonomous_Schaefer,True
D6_timevarying_r,33,33.8,151,M1b_autonomous_Allee,False
D6_timevarying_r,33,33.8,151,M2_stockflow_regimeC,False
D6_timevarying_r,33,33.8,151,M3_AR_residual,False
D6_timevarying_r,33,33.8,151,M4_delayed_info,False
D6_timevarying_r,33,33.8,152,M1_autonomous_Schaefer,True
D6_timevarying_r,33,33.8,152,M1b_autonomous_Allee,False
D6_timevarying_r,33,33.8,152,M2_stockflow_regimeC,False
D6_timevarying_r,33,33.8,152,M3_AR_residual,False
D6_timevarying_r,33,33.8,152,M4_delayed_info,False
D6_timevarying_r,33,33.8,153,M1_autonomous_Schaefer,True
D6_timevarying_r,33,33.8,153,M1b_autonomous_Allee,False
D6_timevarying_r,33,33.8,153,M2_stockflow_regimeC,False
D6_timevarying_r,33,33.8,153,M3_AR_residual,False
D6_timevarying_r,33,33.8,153,M4_delayed_info,False
D6_timevarying_r,33,33.8,154,M1_autonomous_Schaefer,True
D6_timevarying_r,33,33.8,154,M1b_autonomous_Allee,False
D6_timevarying_r,33,33.8,154,M2_stockflow_regimeC,False
D6_timevarying_r,33,33.8,154,M3_AR_residual,False
D6_timevarying_r,33,33.8,154,M4_delayed_info,False
D6_timevarying_r,33,33.8,155,M1_autonomous_Schaefer,True
D6_timevarying_r,33,33.8,155,M1b_autonomous_Allee,False
D6_timevarying_r,33,33.8,155,M2_stockflow_regimeC,False
D6_timevarying_r,33,33.8,155,M3_AR_residual,False
D6_timevarying_r,33,33.8,155,M4_delayed_info,False
D6_timevarying_r,33,33.8,156,M1_autonomous_Schaefer,True
D6_timevarying_r,33,33.8,156,M1b_autonomous_Allee,False
D6_timevarying_r,33,33.8,156,M2_stockflow_regimeC,False
D6_timevarying_r,33,33.8,156,M3_AR_residual,False
D6_timevarying_r,33,33.8,156,M4_delayed_info,False
D6_timevarying_r,33,33.8,157,M1_autonomous_Schaefer,False
D6_timevarying_r,33,33.8,157,M1b_autonomous_Allee,False
D6_timevarying_r,33,33.8,157,M2_stockflow_regimeC,False
D6_timevarying_r,33,33.8,157,M3_AR_residual,False
D6_timevarying_r,33,33.8,157,M4_delayed_info,False
D6_timevarying_r,33,33.8,158,M1_autonomous_Schaefer,True
D6_timevarying_r,33,33.8,158,M1b_autonomous_Allee,False
D6_timevarying_r,33,33.8,158,M2_stockflow_regimeC,False
D6_timevarying_r,33,33.8,158,M3_AR_residual,False
D6_timevarying_r,33,33.8,158,M4_delayed_info,False
D6_timevarying_r,33,33.8,159,M1_autonomous_Schaefer,True
D6_timevarying_r,33,33.8,159,M1b_autonomous_Allee,False
D6_timevarying_r,33,33.8,159,M2_stockflow_regimeC,False
D6_timevarying_r,33,33.8,159,M3_AR_residual,False
D6_timevarying_r,33,33.8,159,M4_delayed_info,False
D6_timevarying_r,33,33.8,160,M1_autonomous_Schaefer,False
D6_timevarying_r,33,33.8,160,M1b_autonomous_Allee,False
D6_timevarying_r,33,33.8,160,M2_stockflow_regimeC,False
D6_timevarying_r,33,33.8,160,M3_AR_residual,False
D6_timevarying_r,33,33.8,160,M4_delayed_info,False
D6_timevarying_r,33,33.8,161,M1_autonomous_Schaefer,False
D6_timevarying_r,33,33.8,161,M1b_autonomous_Allee,False
D6_timevarying_r,33,33.8,161,M2_stockflow_regimeC,False
D6_timevarying_r,33,33.8,161,M3_AR_residual,False
D6_timevarying_r,33,33.8,161,M4_delayed_info,False
D6_timevarying_r,33,33.8,162,M1_autonomous_Schaefer,True
D6_timevarying_r,33,33.8,162,M1b_autonomous_Allee,False
D6_timevarying_r,33,33.8,162,M2_stockflow_regimeC,False
D6_timevarying_r,33,33.8,162,M3_AR_residual,False
D6_timevarying_r,33,33.8,162,M4_delayed_info,False
D6_timevarying_r,33,33.8,163,M1_autonomous_Schaefer,True
D6_timevarying_r,33,33.8,163,M1b_autonomous_Allee,False
D6_timevarying_r,33,33.8,163,M2_stockflow_regimeC,False
D6_timevarying_r,33,33.8,163,M3_AR_residual,False
D6_timevarying_r,33,33.8,163,M4_delayed_info,False
D6_timevarying_r,33,33.8,164,M1_autonomous_Schaefer,True
D6_timevarying_r,33,33.8,164,M1b_autonomous_Allee,False
D6_timevarying_r,33,33.8,164,M2_stockflow_regimeC,False
D6_timevarying_r,33,33.8,164,M3_AR_residual,False
D6_timevarying_r,33,33.8,164,M4_delayed_info,False
D6_timevarying_r,33,33.8,165,M1_autonomous_Schaefer,True
D6_timevarying_r,33,33.8,165,M1b_autonomous_Allee,False
D6_timevarying_r,33,33.8,165,M2_stockflow_regimeC,False
D6_timevarying_r,33,33.8,165,M3_AR_residual,False
D6_timevarying_r,33,33.8,165,M4_delayed_info,False
D6_timevarying_r,33,33.8,166,M1_autonomous_Schaefer,True
D6_timevarying_r,33,33.8,166,M1b_autonomous_Allee,False
D6_timevarying_r,33,33.8,166,M2_stockflow_regimeC,False
D6_timevarying_r,33,33.8,166,M3_AR_residual,False
D6_timevarying_r,33,33.8,166,M4_delayed_info,False
D6_timevarying_r,33,33.8,167,M1_autonomous_Schaefer,True
D6_timevarying_r,33,33.8,167,M1b_autonomous_Allee,False
D6_timevarying_r,33,33.8,167,M2_stockflow_regimeC,False
D6_timevarying_r,33,33.8,167,M3_AR_residual,False
D6_timevarying_r,33,33.8,167,M4_delayed_info,False
D6_timevarying_r,33,33.8,168,M1_autonomous_Schaefer,True
D6_timevarying_r,33,33.8,168,M1b_autonomous_Allee,False
D6_timevarying_r,33,33.8,168,M2_stockflow_regimeC,False
D6_timevarying_r,33,33.8,168,M3_AR_residual,False
D6_timevarying_r,33,33.8,168,M4_delayed_info,False
D6_timevarying_r,33,33.8,169,M1_autonomous_Schaefer,True
D6_timevarying_r,33,33.8,169,M1b_autonomous_Allee,False
D6_timevarying_r,33,33.8,169,M2_stockflow_regimeC,False
D6_timevarying_r,33,33.8,169,M3_AR_residual,False
D6_timevarying_r,33,33.8,169,M4_delayed_info,False
D6_timevarying_r,33,33.8,170,M1_autonomous_Schaefer,True
D6_timevarying_r,33,33.8,170,M1b_autonomous_Allee,False
D6_timevarying_r,33,33.8,170,M2_stockflow_regimeC,False
D6_timevarying_r,33,33.8,170,M3_AR_residual,False
D6_timevarying_r,33,33.8,170,M4_delayed_info,False
D6_timevarying_r,33,33.8,171,M1_autonomous_Schaefer,True
D6_timevarying_r,33,33.8,171,M1b_autonomous_Allee,False
D6_timevarying_r,33,33.8,171,M2_stockflow_regimeC,False
D6_timevarying_r,33,33.8,171,M3_AR_residual,False
D6_timevarying_r,33,33.8,171,M4_delayed_info,False
D6_timevarying_r,33,33.8,172,M1_autonomous_Schaefer,True
D6_timevarying_r,33,33.8,172,M1b_autonomous_Allee,False
D6_timevarying_r,33,33.8,172,M2_stockflow_regimeC,False
D6_timevarying_r,33,33.8,172,M3_AR_residual,False
D6_timevarying_r,33,33.8,172,M4_delayed_info,False
D6_timevarying_r,33,33.8,173,M1_autonomous_Schaefer,False
D6_timevarying_r,33,33.8,173,M1b_autonomous_Allee,False
D6_timevarying_r,33,33.8,173,M2_stockflow_regimeC,False
D6_timevarying_r,33,33.8,173,M3_AR_residual,False
D6_timevarying_r,33,33.8,173,M4_delayed_info,False
D6_timevarying_r,33,33.8,174,M1_autonomous_Schaefer,True
D6_timevarying_r,33,33.8,174,M1b_autonomous_Allee,False
D6_timevarying_r,33,33.8,174,M2_stockflow_regimeC,False
D6_timevarying_r,33,33.8,174,M3_AR_residual,False
D6_timevarying_r,33,33.8,174,M4_delayed_info,False
D6_timevarying_r,33,33.8,175,M1_autonomous_Schaefer,True
D6_timevarying_r,33,33.8,175,M1b_autonomous_Allee,False
D6_timevarying_r,33,33.8,175,M2_stockflow_regimeC,False
D6_timevarying_r,33,33.8,175,M3_AR_residual,False
D6_timevarying_r,33,33.8,175,M4_delayed_info,False
D6_timevarying_r,33,33.8,176,M1_autonomous_Schaefer,True
D6_timevarying_r,33,33.8,176,M1b_autonomous_Allee,False
D6_timevarying_r,33,33.8,176,M2_stockflow_regimeC,False
D6_timevarying_r,33,33.8,176,M3_AR_residual,False
D6_timevarying_r,33,33.8,176,M4_delayed_info,False
D6_timevarying_r,33,33.8,177,M1_autonomous_Schaefer,True
D6_timevarying_r,33,33.8,177,M1b_autonomous_Allee,False
D6_timevarying_r,33,33.8,177,M2_stockflow_regimeC,False
D6_timevarying_r,33,33.8,177,M3_AR_residual,False
D6_timevarying_r,33,33.8,177,M4_delayed_info,False
D6_timevarying_r,33,33.8,178,M1_autonomous_Schaefer,True
D6_timevarying_r,33,33.8,178,M1b_autonomous_Allee,False
D6_timevarying_r,33,33.8,178,M2_stockflow_regimeC,False
D6_timevarying_r,33,33.8,178,M3_AR_residual,False
D6_timevarying_r,33,33.8,178,M4_delayed_info,False
D6_timevarying_r,33,33.8,179,M1_autonomous_Schaefer,True
D6_timevarying_r,33,33.8,179,M1b_autonomous_Allee,False
D6_timevarying_r,33,33.8,179,M2_stockflow_regimeC,False
D6_timevarying_r,33,33.8,179,M3_AR_residual,False
D6_timevarying_r,33,33.8,179,M4_delayed_info,False
D6_timevarying_r,33,33.8,180,M1_autonomous_Schaefer,True
D6_timevarying_r,33,33.8,180,M1b_autonomous_Allee,False
D6_timevarying_r,33,33.8,180,M2_stockflow_regimeC,False
D6_timevarying_r,33,33.8,180,M3_AR_residual,False
D6_timevarying_r,33,33.8,180,M4_delayed_info,False
D6_timevarying_r,33,33.8,181,M1_autonomous_Schaefer,True
D6_timevarying_r,33,33.8,181,M1b_autonomous_Allee,False
D6_timevarying_r,33,33.8,181,M2_stockflow_regimeC,False
D6_timevarying_r,33,33.8,181,M3_AR_residual,False
D6_timevarying_r,33,33.8,181,M4_delayed_info,False
D6_timevarying_r,33,33.8,182,M1_autonomous_Schaefer,True
D6_timevarying_r,33,33.8,182,M1b_autonomous_Allee,False
D6_timevarying_r,33,33.8,182,M2_stockflow_regimeC,False
D6_timevarying_r,33,33.8,182,M3_AR_residual,False
D6_timevarying_r,33,33.8,182,M4_delayed_info,False
D6_timevarying_r,33,33.8,183,M1_autonomous_Schaefer,True
D6_timevarying_r,33,33.8,183,M1b_autonomous_Allee,False
D6_timevarying_r,33,33.8,183,M2_stockflow_regimeC,False
D6_timevarying_r,33,33.8,183,M3_AR_residual,False
D6_timevarying_r,33,33.8,183,M4_delayed_info,False
D6_timevarying_r,33,33.8,184,M1_autonomous_Schaefer,False
D6_timevarying_r,33,33.8,184,M1b_autonomous_Allee,False
D6_timevarying_r,33,33.8,184,M2_stockflow_regimeC,False
D6_timevarying_r,33,33.8,184,M3_AR_residual,False
D6_timevarying_r,33,33.8,184,M4_delayed_info,False
D6_timevarying_r,33,33.8,185,M1_autonomous_Schaefer,False
D6_timevarying_r,33,33.8,185,M1b_autonomous_Allee,False
D6_timevarying_r,33,33.8,185,M2_stockflow_regimeC,False
D6_timevarying_r,33,33.8,185,M3_AR_residual,False
D6_timevarying_r,33,33.8,185,M4_delayed_info,False
D6_timevarying_r,33,33.8,186,M1_autonomous_Schaefer,True
D6_timevarying_r,33,33.8,186,M1b_autonomous_Allee,False
D6_timevarying_r,33,33.8,186,M2_stockflow_regimeC,False
D6_timevarying_r,33,33.8,186,M3_AR_residual,False
D6_timevarying_r,33,33.8,186,M4_delayed_info,False
D6_timevarying_r,33,33.8,187,M1_autonomous_Schaefer,True
D6_timevarying_r,33,33.8,187,M1b_autonomous_Allee,False
D6_timevarying_r,33,33.8,187,M2_stockflow_regimeC,False
D6_timevarying_r,33,33.8,187,M3_AR_residual,False
D6_timevarying_r,33,33.8,187,M4_delayed_info,False
D6_timevarying_r,33,33.8,188,M1_autonomous_Schaefer,False
D6_timevarying_r,33,33.8,188,M1b_autonomous_Allee,False
D6_timevarying_r,33,33.8,188,M2_stockflow_regimeC,False
D6_timevarying_r,33,33.8,188,M3_AR_residual,False
D6_timevarying_r,33,33.8,188,M4_delayed_info,False
D6_timevarying_r,33,33.8,189,M1_autonomous_Schaefer,True
D6_timevarying_r,33,33.8,189,M1b_autonomous_Allee,False
D6_timevarying_r,33,33.8,189,M2_stockflow_regimeC,False
D6_timevarying_r,33,33.8,189,M3_AR_residual,False
D6_timevarying_r,33,33.8,189,M4_delayed_info,False
D6_timevarying_r,33,33.8,190,M1_autonomous_Schaefer,True
D6_timevarying_r,33,33.8,190,M1b_autonomous_Allee,False
D6_timevarying_r,33,33.8,190,M2_stockflow_regimeC,False
D6_timevarying_r,33,33.8,190,M3_AR_residual,False
D6_timevarying_r,33,33.8,190,M4_delayed_info,False
D6_timevarying_r,33,33.8,191,M1_autonomous_Schaefer,True
D6_timevarying_r,33,33.8,191,M1b_autonomous_Allee,False
D6_timevarying_r,33,33.8,191,M2_stockflow_regimeC,False
D6_timevarying_r,33,33.8,191,M3_AR_residual,False
D6_timevarying_r,33,33.8,191,M4_delayed_info,False
D6_timevarying_r,33,33.8,192,M1_autonomous_Schaefer,True
D6_timevarying_r,33,33.8,192,M1b_autonomous_Allee,False
D6_timevarying_r,33,33.8,192,M2_stockflow_regimeC,False
D6_timevarying_r,33,33.8,192,M3_AR_residual,False
D6_timevarying_r,33,33.8,192,M4_delayed_info,False
D6_timevarying_r,33,33.8,193,M1_autonomous_Schaefer,True
D6_timevarying_r,33,33.8,193,M1b_autonomous_Allee,False
D6_timevarying_r,33,33.8,193,M2_stockflow_regimeC,False
D6_timevarying_r,33,33.8,193,M3_AR_residual,False
D6_timevarying_r,33,33.8,193,M4_delayed_info,False
D6_timevarying_r,33,33.8,194,M1_autonomous_Schaefer,True
D6_timevarying_r,33,33.8,194,M1b_autonomous_Allee,False
D6_timevarying_r,33,33.8,194,M2_stockflow_regimeC,False
D6_timevarying_r,33,33.8,194,M3_AR_residual,False
D6_timevarying_r,33,33.8,194,M4_delayed_info,False
D6_timevarying_r,33,33.8,195,M1_autonomous_Schaefer,True
D6_timevarying_r,33,33.8,195,M1b_autonomous_Allee,False
D6_timevarying_r,33,33.8,195,M2_stockflow_regimeC,False
D6_timevarying_r,33,33.8,195,M3_AR_residual,False
D6_timevarying_r,33,33.8,195,M4_delayed_info,False
D6_timevarying_r,33,33.8,196,M1_autonomous_Schaefer,True
D6_timevarying_r,33,33.8,196,M1b_autonomous_Allee,False
D6_timevarying_r,33,33.8,196,M2_stockflow_regimeC,False
D6_timevarying_r,33,33.8,196,M3_AR_residual,False
D6_timevarying_r,33,33.8,196,M4_delayed_info,False
D6_timevarying_r,33,33.8,197,M1_autonomous_Schaefer,True
D6_timevarying_r,33,33.8,197,M1b_autonomous_Allee,False
D6_timevarying_r,33,33.8,197,M2_stockflow_regimeC,False
D6_timevarying_r,33,33.8,197,M3_AR_residual,False
D6_timevarying_r,33,33.8,197,M4_delayed_info,False
D6_timevarying_r,33,33.8,198,M1_autonomous_Schaefer,True
D6_timevarying_r,33,33.8,198,M1b_autonomous_Allee,False
D6_timevarying_r,33,33.8,198,M2_stockflow_regimeC,False
D6_timevarying_r,33,33.8,198,M3_AR_residual,False
D6_timevarying_r,33,33.8,198,M4_delayed_info,False
D6_timevarying_r,33,33.8,199,M1_autonomous_Schaefer,False
D6_timevarying_r,33,33.8,199,M1b_autonomous_Allee,False
D6_timevarying_r,33,33.8,199,M2_stockflow_regimeC,False
D6_timevarying_r,33,33.8,199,M3_AR_residual,False
D6_timevarying_r,33,33.8,199,M4_delayed_info,False
D7_obs_error,33,11.8,0,M1_autonomous_Schaefer,True
D7_obs_error,33,11.8,0,M1b_autonomous_Allee,False
D7_obs_error,33,11.8,0,M2_stockflow_regimeC,False
D7_obs_error,33,11.8,0,M3_AR_residual,False
D7_obs_error,33,11.8,0,M4_delayed_info,False
D7_obs_error,33,11.8,1,M1_autonomous_Schaefer,True
D7_obs_error,33,11.8,1,M1b_autonomous_Allee,False
D7_obs_error,33,11.8,1,M2_stockflow_regimeC,False
D7_obs_error,33,11.8,1,M3_AR_residual,False
D7_obs_error,33,11.8,1,M4_delayed_info,False
D7_obs_error,33,11.8,2,M1_autonomous_Schaefer,True
D7_obs_error,33,11.8,2,M1b_autonomous_Allee,False
D7_obs_error,33,11.8,2,M2_stockflow_regimeC,False
D7_obs_error,33,11.8,2,M3_AR_residual,False
D7_obs_error,33,11.8,2,M4_delayed_info,False
D7_obs_error,33,11.8,3,M1_autonomous_Schaefer,True
D7_obs_error,33,11.8,3,M1b_autonomous_Allee,False
D7_obs_error,33,11.8,3,M2_stockflow_regimeC,False
D7_obs_error,33,11.8,3,M3_AR_residual,False
D7_obs_error,33,11.8,3,M4_delayed_info,False
D7_obs_error,33,11.8,4,M1_autonomous_Schaefer,True
D7_obs_error,33,11.8,4,M1b_autonomous_Allee,False
D7_obs_error,33,11.8,4,M2_stockflow_regimeC,False
D7_obs_error,33,11.8,4,M3_AR_residual,False
D7_obs_error,33,11.8,4,M4_delayed_info,False
D7_obs_error,33,11.8,5,M1_autonomous_Schaefer,True
D7_obs_error,33,11.8,5,M1b_autonomous_Allee,False
D7_obs_error,33,11.8,5,M2_stockflow_regimeC,False
D7_obs_error,33,11.8,5,M3_AR_residual,False
D7_obs_error,33,11.8,5,M4_delayed_info,False
D7_obs_error,33,11.8,6,M1_autonomous_Schaefer,True
D7_obs_error,33,11.8,6,M1b_autonomous_Allee,False
D7_obs_error,33,11.8,6,M2_stockflow_regimeC,False
D7_obs_error,33,11.8,6,M3_AR_residual,False
D7_obs_error,33,11.8,6,M4_delayed_info,False
D7_obs_error,33,11.8,7,M1_autonomous_Schaefer,False
D7_obs_error,33,11.8,7,M1b_autonomous_Allee,False
D7_obs_error,33,11.8,7,M2_stockflow_regimeC,False
D7_obs_error,33,11.8,7,M3_AR_residual,False
D7_obs_error,33,11.8,7,M4_delayed_info,False
D7_obs_error,33,11.8,8,M1_autonomous_Schaefer,True
D7_obs_error,33,11.8,8,M1b_autonomous_Allee,False
D7_obs_error,33,11.8,8,M2_stockflow_regimeC,False
D7_obs_error,33,11.8,8,M3_AR_residual,False
D7_obs_error,33,11.8,8,M4_delayed_info,False
D7_obs_error,33,11.8,9,M1_autonomous_Schaefer,True
D7_obs_error,33,11.8,9,M1b_autonomous_Allee,False
D7_obs_error,33,11.8,9,M2_stockflow_regimeC,False
D7_obs_error,33,11.8,9,M3_AR_residual,False
D7_obs_error,33,11.8,9,M4_delayed_info,False
D7_obs_error,33,11.8,10,M1_autonomous_Schaefer,False
D7_obs_error,33,11.8,10,M1b_autonomous_Allee,False
D7_obs_error,33,11.8,10,M2_stockflow_regimeC,False
D7_obs_error,33,11.8,10,M3_AR_residual,False
D7_obs_error,33,11.8,10,M4_delayed_info,False
D7_obs_error,33,11.8,11,M1_autonomous_Schaefer,True
D7_obs_error,33,11.8,11,M1b_autonomous_Allee,False
D7_obs_error,33,11.8,11,M2_stockflow_regimeC,False
D7_obs_error,33,11.8,11,M3_AR_residual,False
D7_obs_error,33,11.8,11,M4_delayed_info,False
D7_obs_error,33,11.8,12,M1_autonomous_Schaefer,True
D7_obs_error,33,11.8,12,M1b_autonomous_Allee,False
D7_obs_error,33,11.8,12,M2_stockflow_regimeC,False
D7_obs_error,33,11.8,12,M3_AR_residual,False
D7_obs_error,33,11.8,12,M4_delayed_info,False
D7_obs_error,33,11.8,13,M1_autonomous_Schaefer,False
D7_obs_error,33,11.8,13,M1b_autonomous_Allee,False
D7_obs_error,33,11.8,13,M2_stockflow_regimeC,False
D7_obs_error,33,11.8,13,M3_AR_residual,False
D7_obs_error,33,11.8,13,M4_delayed_info,False
D7_obs_error,33,11.8,14,M1_autonomous_Schaefer,True
D7_obs_error,33,11.8,14,M1b_autonomous_Allee,False
D7_obs_error,33,11.8,14,M2_stockflow_regimeC,False
D7_obs_error,33,11.8,14,M3_AR_residual,False
D7_obs_error,33,11.8,14,M4_delayed_info,False
D7_obs_error,33,11.8,15,M1_autonomous_Schaefer,True
D7_obs_error,33,11.8,15,M1b_autonomous_Allee,False
D7_obs_error,33,11.8,15,M2_stockflow_regimeC,False
D7_obs_error,33,11.8,15,M3_AR_residual,False
D7_obs_error,33,11.8,15,M4_delayed_info,False
D7_obs_error,33,11.8,16,M1_autonomous_Schaefer,True
D7_obs_error,33,11.8,16,M1b_autonomous_Allee,False
D7_obs_error,33,11.8,16,M2_stockflow_regimeC,False
D7_obs_error,33,11.8,16,M3_AR_residual,False
D7_obs_error,33,11.8,16,M4_delayed_info,False
D7_obs_error,33,11.8,17,M1_autonomous_Schaefer,True
D7_obs_error,33,11.8,17,M1b_autonomous_Allee,False
D7_obs_error,33,11.8,17,M2_stockflow_regimeC,False
D7_obs_error,33,11.8,17,M3_AR_residual,False
D7_obs_error,33,11.8,17,M4_delayed_info,False
D7_obs_error,33,11.8,18,M1_autonomous_Schaefer,True
D7_obs_error,33,11.8,18,M1b_autonomous_Allee,False
D7_obs_error,33,11.8,18,M2_stockflow_regimeC,False
D7_obs_error,33,11.8,18,M3_AR_residual,False
D7_obs_error,33,11.8,18,M4_delayed_info,False
D7_obs_error,33,11.8,19,M1_autonomous_Schaefer,True
D7_obs_error,33,11.8,19,M1b_autonomous_Allee,False
D7_obs_error,33,11.8,19,M2_stockflow_regimeC,False
D7_obs_error,33,11.8,19,M3_AR_residual,False
D7_obs_error,33,11.8,19,M4_delayed_info,False
D7_obs_error,33,11.8,20,M1_autonomous_Schaefer,True
D7_obs_error,33,11.8,20,M1b_autonomous_Allee,False
D7_obs_error,33,11.8,20,M2_stockflow_regimeC,False
D7_obs_error,33,11.8,20,M3_AR_residual,False
D7_obs_error,33,11.8,20,M4_delayed_info,False
D7_obs_error,33,11.8,21,M1_autonomous_Schaefer,True
D7_obs_error,33,11.8,21,M1b_autonomous_Allee,False
D7_obs_error,33,11.8,21,M2_stockflow_regimeC,False
D7_obs_error,33,11.8,21,M3_AR_residual,False
D7_obs_error,33,11.8,21,M4_delayed_info,False
D7_obs_error,33,11.8,22,M1_autonomous_Schaefer,True
D7_obs_error,33,11.8,22,M1b_autonomous_Allee,False
D7_obs_error,33,11.8,22,M2_stockflow_regimeC,False
D7_obs_error,33,11.8,22,M3_AR_residual,False
D7_obs_error,33,11.8,22,M4_delayed_info,False
D7_obs_error,33,11.8,23,M1_autonomous_Schaefer,True
D7_obs_error,33,11.8,23,M1b_autonomous_Allee,False
D7_obs_error,33,11.8,23,M2_stockflow_regimeC,False
D7_obs_error,33,11.8,23,M3_AR_residual,False
D7_obs_error,33,11.8,23,M4_delayed_info,False
D7_obs_error,33,11.8,24,M1_autonomous_Schaefer,True
D7_obs_error,33,11.8,24,M1b_autonomous_Allee,False
D7_obs_error,33,11.8,24,M2_stockflow_regimeC,False
D7_obs_error,33,11.8,24,M3_AR_residual,False
D7_obs_error,33,11.8,24,M4_delayed_info,False
D7_obs_error,33,11.8,25,M1_autonomous_Schaefer,True
D7_obs_error,33,11.8,25,M1b_autonomous_Allee,False
D7_obs_error,33,11.8,25,M2_stockflow_regimeC,False
D7_obs_error,33,11.8,25,M3_AR_residual,False
D7_obs_error,33,11.8,25,M4_delayed_info,False
D7_obs_error,33,11.8,26,M1_autonomous_Schaefer,True
D7_obs_error,33,11.8,26,M1b_autonomous_Allee,False
D7_obs_error,33,11.8,26,M2_stockflow_regimeC,False
D7_obs_error,33,11.8,26,M3_AR_residual,False
D7_obs_error,33,11.8,26,M4_delayed_info,False
D7_obs_error,33,11.8,27,M1_autonomous_Schaefer,True
D7_obs_error,33,11.8,27,M1b_autonomous_Allee,False
D7_obs_error,33,11.8,27,M2_stockflow_regimeC,False
D7_obs_error,33,11.8,27,M3_AR_residual,False
D7_obs_error,33,11.8,27,M4_delayed_info,False
D7_obs_error,33,11.8,28,M1_autonomous_Schaefer,True
D7_obs_error,33,11.8,28,M1b_autonomous_Allee,False
D7_obs_error,33,11.8,28,M2_stockflow_regimeC,False
D7_obs_error,33,11.8,28,M3_AR_residual,False
D7_obs_error,33,11.8,28,M4_delayed_info,False
D7_obs_error,33,11.8,29,M1_autonomous_Schaefer,True
D7_obs_error,33,11.8,29,M1b_autonomous_Allee,False
D7_obs_error,33,11.8,29,M2_stockflow_regimeC,False
D7_obs_error,33,11.8,29,M3_AR_residual,False
D7_obs_error,33,11.8,29,M4_delayed_info,False
D7_obs_error,33,11.8,30,M1_autonomous_Schaefer,True
D7_obs_error,33,11.8,30,M1b_autonomous_Allee,False
D7_obs_error,33,11.8,30,M2_stockflow_regimeC,False
D7_obs_error,33,11.8,30,M3_AR_residual,False
D7_obs_error,33,11.8,30,M4_delayed_info,False
D7_obs_error,33,11.8,31,M1_autonomous_Schaefer,True
D7_obs_error,33,11.8,31,M1b_autonomous_Allee,False
D7_obs_error,33,11.8,31,M2_stockflow_regimeC,False
D7_obs_error,33,11.8,31,M3_AR_residual,False
D7_obs_error,33,11.8,31,M4_delayed_info,False
D7_obs_error,33,11.8,32,M1_autonomous_Schaefer,True
D7_obs_error,33,11.8,32,M1b_autonomous_Allee,False
D7_obs_error,33,11.8,32,M2_stockflow_regimeC,False
D7_obs_error,33,11.8,32,M3_AR_residual,False
D7_obs_error,33,11.8,32,M4_delayed_info,False
D7_obs_error,33,11.8,33,M1_autonomous_Schaefer,True
D7_obs_error,33,11.8,33,M1b_autonomous_Allee,False
D7_obs_error,33,11.8,33,M2_stockflow_regimeC,False
D7_obs_error,33,11.8,33,M3_AR_residual,False
D7_obs_error,33,11.8,33,M4_delayed_info,False
D7_obs_error,33,11.8,34,M1_autonomous_Schaefer,True
D7_obs_error,33,11.8,34,M1b_autonomous_Allee,False
D7_obs_error,33,11.8,34,M2_stockflow_regimeC,False
D7_obs_error,33,11.8,34,M3_AR_residual,False
D7_obs_error,33,11.8,34,M4_delayed_info,False
D7_obs_error,33,11.8,35,M1_autonomous_Schaefer,True
D7_obs_error,33,11.8,35,M1b_autonomous_Allee,False
D7_obs_error,33,11.8,35,M2_stockflow_regimeC,False
D7_obs_error,33,11.8,35,M3_AR_residual,False
D7_obs_error,33,11.8,35,M4_delayed_info,False
D7_obs_error,33,11.8,36,M1_autonomous_Schaefer,True
D7_obs_error,33,11.8,36,M1b_autonomous_Allee,False
D7_obs_error,33,11.8,36,M2_stockflow_regimeC,False
D7_obs_error,33,11.8,36,M3_AR_residual,False
D7_obs_error,33,11.8,36,M4_delayed_info,False
D7_obs_error,33,11.8,37,M1_autonomous_Schaefer,True
D7_obs_error,33,11.8,37,M1b_autonomous_Allee,False
D7_obs_error,33,11.8,37,M2_stockflow_regimeC,False
D7_obs_error,33,11.8,37,M3_AR_residual,False
D7_obs_error,33,11.8,37,M4_delayed_info,False
D7_obs_error,33,11.8,38,M1_autonomous_Schaefer,True
D7_obs_error,33,11.8,38,M1b_autonomous_Allee,False
D7_obs_error,33,11.8,38,M2_stockflow_regimeC,False
D7_obs_error,33,11.8,38,M3_AR_residual,False
D7_obs_error,33,11.8,38,M4_delayed_info,False
D7_obs_error,33,11.8,39,M1_autonomous_Schaefer,True
D7_obs_error,33,11.8,39,M1b_autonomous_Allee,False
D7_obs_error,33,11.8,39,M2_stockflow_regimeC,False
D7_obs_error,33,11.8,39,M3_AR_residual,False
D7_obs_error,33,11.8,39,M4_delayed_info,False
D7_obs_error,33,11.8,40,M1_autonomous_Schaefer,True
D7_obs_error,33,11.8,40,M1b_autonomous_Allee,False
D7_obs_error,33,11.8,40,M2_stockflow_regimeC,False
D7_obs_error,33,11.8,40,M3_AR_residual,False
D7_obs_error,33,11.8,40,M4_delayed_info,False
D7_obs_error,33,11.8,41,M1_autonomous_Schaefer,True
D7_obs_error,33,11.8,41,M1b_autonomous_Allee,False
D7_obs_error,33,11.8,41,M2_stockflow_regimeC,False
D7_obs_error,33,11.8,41,M3_AR_residual,False
D7_obs_error,33,11.8,41,M4_delayed_info,False
D7_obs_error,33,11.8,42,M1_autonomous_Schaefer,True
D7_obs_error,33,11.8,42,M1b_autonomous_Allee,False
D7_obs_error,33,11.8,42,M2_stockflow_regimeC,False
D7_obs_error,33,11.8,42,M3_AR_residual,False
D7_obs_error,33,11.8,42,M4_delayed_info,False
D7_obs_error,33,11.8,43,M1_autonomous_Schaefer,True
D7_obs_error,33,11.8,43,M1b_autonomous_Allee,False
D7_obs_error,33,11.8,43,M2_stockflow_regimeC,False
D7_obs_error,33,11.8,43,M3_AR_residual,False
D7_obs_error,33,11.8,43,M4_delayed_info,False
D7_obs_error,33,11.8,44,M1_autonomous_Schaefer,True
D7_obs_error,33,11.8,44,M1b_autonomous_Allee,False
D7_obs_error,33,11.8,44,M2_stockflow_regimeC,False
D7_obs_error,33,11.8,44,M3_AR_residual,False
D7_obs_error,33,11.8,44,M4_delayed_info,False
D7_obs_error,33,11.8,45,M1_autonomous_Schaefer,True
D7_obs_error,33,11.8,45,M1b_autonomous_Allee,False
D7_obs_error,33,11.8,45,M2_stockflow_regimeC,False
D7_obs_error,33,11.8,45,M3_AR_residual,False
D7_obs_error,33,11.8,45,M4_delayed_info,False
D7_obs_error,33,11.8,46,M1_autonomous_Schaefer,True
D7_obs_error,33,11.8,46,M1b_autonomous_Allee,False
D7_obs_error,33,11.8,46,M2_stockflow_regimeC,False
D7_obs_error,33,11.8,46,M3_AR_residual,False
D7_obs_error,33,11.8,46,M4_delayed_info,False
D7_obs_error,33,11.8,47,M1_autonomous_Schaefer,True
D7_obs_error,33,11.8,47,M1b_autonomous_Allee,False
D7_obs_error,33,11.8,47,M2_stockflow_regimeC,False
D7_obs_error,33,11.8,47,M3_AR_residual,False
D7_obs_error,33,11.8,47,M4_delayed_info,False
D7_obs_error,33,11.8,48,M1_autonomous_Schaefer,True
D7_obs_error,33,11.8,48,M1b_autonomous_Allee,False
D7_obs_error,33,11.8,48,M2_stockflow_regimeC,False
D7_obs_error,33,11.8,48,M3_AR_residual,False
D7_obs_error,33,11.8,48,M4_delayed_info,False
D7_obs_error,33,11.8,49,M1_autonomous_Schaefer,True
D7_obs_error,33,11.8,49,M1b_autonomous_Allee,False
D7_obs_error,33,11.8,49,M2_stockflow_regimeC,False
D7_obs_error,33,11.8,49,M3_AR_residual,False
D7_obs_error,33,11.8,49,M4_delayed_info,False
D7_obs_error,33,11.8,50,M1_autonomous_Schaefer,True
D7_obs_error,33,11.8,50,M1b_autonomous_Allee,False
D7_obs_error,33,11.8,50,M2_stockflow_regimeC,False
D7_obs_error,33,11.8,50,M3_AR_residual,False
D7_obs_error,33,11.8,50,M4_delayed_info,False
D7_obs_error,33,11.8,51,M1_autonomous_Schaefer,True
D7_obs_error,33,11.8,51,M1b_autonomous_Allee,False
D7_obs_error,33,11.8,51,M2_stockflow_regimeC,False
D7_obs_error,33,11.8,51,M3_AR_residual,False
D7_obs_error,33,11.8,51,M4_delayed_info,False
D7_obs_error,33,11.8,52,M1_autonomous_Schaefer,True
D7_obs_error,33,11.8,52,M1b_autonomous_Allee,False
D7_obs_error,33,11.8,52,M2_stockflow_regimeC,False
D7_obs_error,33,11.8,52,M3_AR_residual,False
D7_obs_error,33,11.8,52,M4_delayed_info,False
D7_obs_error,33,11.8,53,M1_autonomous_Schaefer,True
D7_obs_error,33,11.8,53,M1b_autonomous_Allee,False
D7_obs_error,33,11.8,53,M2_stockflow_regimeC,False
D7_obs_error,33,11.8,53,M3_AR_residual,False
D7_obs_error,33,11.8,53,M4_delayed_info,False
D7_obs_error,33,11.8,54,M1_autonomous_Schaefer,True
D7_obs_error,33,11.8,54,M1b_autonomous_Allee,False
D7_obs_error,33,11.8,54,M2_stockflow_regimeC,False
D7_obs_error,33,11.8,54,M3_AR_residual,False
D7_obs_error,33,11.8,54,M4_delayed_info,False
D7_obs_error,33,11.8,55,M1_autonomous_Schaefer,True
D7_obs_error,33,11.8,55,M1b_autonomous_Allee,False
D7_obs_error,33,11.8,55,M2_stockflow_regimeC,False
D7_obs_error,33,11.8,55,M3_AR_residual,False
D7_obs_error,33,11.8,55,M4_delayed_info,False
D7_obs_error,33,11.8,56,M1_autonomous_Schaefer,True
D7_obs_error,33,11.8,56,M1b_autonomous_Allee,False
D7_obs_error,33,11.8,56,M2_stockflow_regimeC,False
D7_obs_error,33,11.8,56,M3_AR_residual,False
D7_obs_error,33,11.8,56,M4_delayed_info,False
D7_obs_error,33,11.8,57,M1_autonomous_Schaefer,True
D7_obs_error,33,11.8,57,M1b_autonomous_Allee,False
D7_obs_error,33,11.8,57,M2_stockflow_regimeC,False
D7_obs_error,33,11.8,57,M3_AR_residual,False
D7_obs_error,33,11.8,57,M4_delayed_info,False
D7_obs_error,33,11.8,58,M1_autonomous_Schaefer,True
D7_obs_error,33,11.8,58,M1b_autonomous_Allee,False
D7_obs_error,33,11.8,58,M2_stockflow_regimeC,False
D7_obs_error,33,11.8,58,M3_AR_residual,False
D7_obs_error,33,11.8,58,M4_delayed_info,False
D7_obs_error,33,11.8,59,M1_autonomous_Schaefer,True
D7_obs_error,33,11.8,59,M1b_autonomous_Allee,False
D7_obs_error,33,11.8,59,M2_stockflow_regimeC,False
D7_obs_error,33,11.8,59,M3_AR_residual,False
D7_obs_error,33,11.8,59,M4_delayed_info,False
D7_obs_error,33,11.8,60,M1_autonomous_Schaefer,True
D7_obs_error,33,11.8,60,M1b_autonomous_Allee,False
D7_obs_error,33,11.8,60,M2_stockflow_regimeC,False
D7_obs_error,33,11.8,60,M3_AR_residual,False
D7_obs_error,33,11.8,60,M4_delayed_info,False
D7_obs_error,33,11.8,61,M1_autonomous_Schaefer,True
D7_obs_error,33,11.8,61,M1b_autonomous_Allee,False
D7_obs_error,33,11.8,61,M2_stockflow_regimeC,False
D7_obs_error,33,11.8,61,M3_AR_residual,False
D7_obs_error,33,11.8,61,M4_delayed_info,False
D7_obs_error,33,11.8,62,M1_autonomous_Schaefer,True
D7_obs_error,33,11.8,62,M1b_autonomous_Allee,False
D7_obs_error,33,11.8,62,M2_stockflow_regimeC,False
D7_obs_error,33,11.8,62,M3_AR_residual,False
D7_obs_error,33,11.8,62,M4_delayed_info,False
D7_obs_error,33,11.8,63,M1_autonomous_Schaefer,True
D7_obs_error,33,11.8,63,M1b_autonomous_Allee,False
D7_obs_error,33,11.8,63,M2_stockflow_regimeC,False
D7_obs_error,33,11.8,63,M3_AR_residual,False
D7_obs_error,33,11.8,63,M4_delayed_info,False
D7_obs_error,33,11.8,64,M1_autonomous_Schaefer,True
D7_obs_error,33,11.8,64,M1b_autonomous_Allee,False
D7_obs_error,33,11.8,64,M2_stockflow_regimeC,False
D7_obs_error,33,11.8,64,M3_AR_residual,False
D7_obs_error,33,11.8,64,M4_delayed_info,False
D7_obs_error,33,11.8,65,M1_autonomous_Schaefer,True
D7_obs_error,33,11.8,65,M1b_autonomous_Allee,False
D7_obs_error,33,11.8,65,M2_stockflow_regimeC,False
D7_obs_error,33,11.8,65,M3_AR_residual,False
D7_obs_error,33,11.8,65,M4_delayed_info,False
D7_obs_error,33,11.8,66,M1_autonomous_Schaefer,True
D7_obs_error,33,11.8,66,M1b_autonomous_Allee,False
D7_obs_error,33,11.8,66,M2_stockflow_regimeC,False
D7_obs_error,33,11.8,66,M3_AR_residual,False
D7_obs_error,33,11.8,66,M4_delayed_info,False
D7_obs_error,33,11.8,67,M1_autonomous_Schaefer,True
D7_obs_error,33,11.8,67,M1b_autonomous_Allee,False
D7_obs_error,33,11.8,67,M2_stockflow_regimeC,False
D7_obs_error,33,11.8,67,M3_AR_residual,False
D7_obs_error,33,11.8,67,M4_delayed_info,False
D7_obs_error,33,11.8,68,M1_autonomous_Schaefer,True
D7_obs_error,33,11.8,68,M1b_autonomous_Allee,False
D7_obs_error,33,11.8,68,M2_stockflow_regimeC,False
D7_obs_error,33,11.8,68,M3_AR_residual,False
D7_obs_error,33,11.8,68,M4_delayed_info,False
D7_obs_error,33,11.8,69,M1_autonomous_Schaefer,True
D7_obs_error,33,11.8,69,M1b_autonomous_Allee,False
D7_obs_error,33,11.8,69,M2_stockflow_regimeC,False
D7_obs_error,33,11.8,69,M3_AR_residual,False
D7_obs_error,33,11.8,69,M4_delayed_info,False
D7_obs_error,33,11.8,70,M1_autonomous_Schaefer,True
D7_obs_error,33,11.8,70,M1b_autonomous_Allee,False
D7_obs_error,33,11.8,70,M2_stockflow_regimeC,False
D7_obs_error,33,11.8,70,M3_AR_residual,False
D7_obs_error,33,11.8,70,M4_delayed_info,False
D7_obs_error,33,11.8,71,M1_autonomous_Schaefer,True
D7_obs_error,33,11.8,71,M1b_autonomous_Allee,False
D7_obs_error,33,11.8,71,M2_stockflow_regimeC,False
D7_obs_error,33,11.8,71,M3_AR_residual,False
D7_obs_error,33,11.8,71,M4_delayed_info,False
D7_obs_error,33,11.8,72,M1_autonomous_Schaefer,True
D7_obs_error,33,11.8,72,M1b_autonomous_Allee,False
D7_obs_error,33,11.8,72,M2_stockflow_regimeC,False
D7_obs_error,33,11.8,72,M3_AR_residual,False
D7_obs_error,33,11.8,72,M4_delayed_info,False
D7_obs_error,33,11.8,73,M1_autonomous_Schaefer,True
D7_obs_error,33,11.8,73,M1b_autonomous_Allee,False
D7_obs_error,33,11.8,73,M2_stockflow_regimeC,False
D7_obs_error,33,11.8,73,M3_AR_residual,False
D7_obs_error,33,11.8,73,M4_delayed_info,False
D7_obs_error,33,11.8,74,M1_autonomous_Schaefer,True
D7_obs_error,33,11.8,74,M1b_autonomous_Allee,False
D7_obs_error,33,11.8,74,M2_stockflow_regimeC,False
D7_obs_error,33,11.8,74,M3_AR_residual,False
D7_obs_error,33,11.8,74,M4_delayed_info,False
D7_obs_error,33,11.8,75,M1_autonomous_Schaefer,True
D7_obs_error,33,11.8,75,M1b_autonomous_Allee,False
D7_obs_error,33,11.8,75,M2_stockflow_regimeC,False
D7_obs_error,33,11.8,75,M3_AR_residual,False
D7_obs_error,33,11.8,75,M4_delayed_info,False
D7_obs_error,33,11.8,76,M1_autonomous_Schaefer,True
D7_obs_error,33,11.8,76,M1b_autonomous_Allee,False
D7_obs_error,33,11.8,76,M2_stockflow_regimeC,False
D7_obs_error,33,11.8,76,M3_AR_residual,False
D7_obs_error,33,11.8,76,M4_delayed_info,False
D7_obs_error,33,11.8,77,M1_autonomous_Schaefer,True
D7_obs_error,33,11.8,77,M1b_autonomous_Allee,False
D7_obs_error,33,11.8,77,M2_stockflow_regimeC,False
D7_obs_error,33,11.8,77,M3_AR_residual,False
D7_obs_error,33,11.8,77,M4_delayed_info,False
D7_obs_error,33,11.8,78,M1_autonomous_Schaefer,True
D7_obs_error,33,11.8,78,M1b_autonomous_Allee,False
D7_obs_error,33,11.8,78,M2_stockflow_regimeC,False
D7_obs_error,33,11.8,78,M3_AR_residual,False
D7_obs_error,33,11.8,78,M4_delayed_info,False
D7_obs_error,33,11.8,79,M1_autonomous_Schaefer,True
D7_obs_error,33,11.8,79,M1b_autonomous_Allee,False
D7_obs_error,33,11.8,79,M2_stockflow_regimeC,False
D7_obs_error,33,11.8,79,M3_AR_residual,False
D7_obs_error,33,11.8,79,M4_delayed_info,False
D7_obs_error,33,11.8,80,M1_autonomous_Schaefer,True
D7_obs_error,33,11.8,80,M1b_autonomous_Allee,False
D7_obs_error,33,11.8,80,M2_stockflow_regimeC,False
D7_obs_error,33,11.8,80,M3_AR_residual,False
D7_obs_error,33,11.8,80,M4_delayed_info,False
D7_obs_error,33,11.8,81,M1_autonomous_Schaefer,True
D7_obs_error,33,11.8,81,M1b_autonomous_Allee,False
D7_obs_error,33,11.8,81,M2_stockflow_regimeC,False
D7_obs_error,33,11.8,81,M3_AR_residual,False
D7_obs_error,33,11.8,81,M4_delayed_info,False
D7_obs_error,33,11.8,82,M1_autonomous_Schaefer,True
D7_obs_error,33,11.8,82,M1b_autonomous_Allee,False
D7_obs_error,33,11.8,82,M2_stockflow_regimeC,False
D7_obs_error,33,11.8,82,M3_AR_residual,False
D7_obs_error,33,11.8,82,M4_delayed_info,False
D7_obs_error,33,11.8,83,M1_autonomous_Schaefer,True
D7_obs_error,33,11.8,83,M1b_autonomous_Allee,False
D7_obs_error,33,11.8,83,M2_stockflow_regimeC,False
D7_obs_error,33,11.8,83,M3_AR_residual,False
D7_obs_error,33,11.8,83,M4_delayed_info,False
D7_obs_error,33,11.8,84,M1_autonomous_Schaefer,True
D7_obs_error,33,11.8,84,M1b_autonomous_Allee,False
D7_obs_error,33,11.8,84,M2_stockflow_regimeC,False
D7_obs_error,33,11.8,84,M3_AR_residual,False
D7_obs_error,33,11.8,84,M4_delayed_info,False
D7_obs_error,33,11.8,85,M1_autonomous_Schaefer,True
D7_obs_error,33,11.8,85,M1b_autonomous_Allee,False
D7_obs_error,33,11.8,85,M2_stockflow_regimeC,False
D7_obs_error,33,11.8,85,M3_AR_residual,False
D7_obs_error,33,11.8,85,M4_delayed_info,False
D7_obs_error,33,11.8,86,M1_autonomous_Schaefer,True
D7_obs_error,33,11.8,86,M1b_autonomous_Allee,False
D7_obs_error,33,11.8,86,M2_stockflow_regimeC,False
D7_obs_error,33,11.8,86,M3_AR_residual,False
D7_obs_error,33,11.8,86,M4_delayed_info,False
D7_obs_error,33,11.8,87,M1_autonomous_Schaefer,True
D7_obs_error,33,11.8,87,M1b_autonomous_Allee,False
D7_obs_error,33,11.8,87,M2_stockflow_regimeC,False
D7_obs_error,33,11.8,87,M3_AR_residual,False
D7_obs_error,33,11.8,87,M4_delayed_info,False
D7_obs_error,33,11.8,88,M1_autonomous_Schaefer,True
D7_obs_error,33,11.8,88,M1b_autonomous_Allee,False
D7_obs_error,33,11.8,88,M2_stockflow_regimeC,False
D7_obs_error,33,11.8,88,M3_AR_residual,False
D7_obs_error,33,11.8,88,M4_delayed_info,False
D7_obs_error,33,11.8,89,M1_autonomous_Schaefer,True
D7_obs_error,33,11.8,89,M1b_autonomous_Allee,False
D7_obs_error,33,11.8,89,M2_stockflow_regimeC,False
D7_obs_error,33,11.8,89,M3_AR_residual,False
D7_obs_error,33,11.8,89,M4_delayed_info,False
D7_obs_error,33,11.8,90,M1_autonomous_Schaefer,True
D7_obs_error,33,11.8,90,M1b_autonomous_Allee,False
D7_obs_error,33,11.8,90,M2_stockflow_regimeC,False
D7_obs_error,33,11.8,90,M3_AR_residual,False
D7_obs_error,33,11.8,90,M4_delayed_info,False
D7_obs_error,33,11.8,91,M1_autonomous_Schaefer,True
D7_obs_error,33,11.8,91,M1b_autonomous_Allee,False
D7_obs_error,33,11.8,91,M2_stockflow_regimeC,False
D7_obs_error,33,11.8,91,M3_AR_residual,False
D7_obs_error,33,11.8,91,M4_delayed_info,False
D7_obs_error,33,11.8,92,M1_autonomous_Schaefer,True
D7_obs_error,33,11.8,92,M1b_autonomous_Allee,False
D7_obs_error,33,11.8,92,M2_stockflow_regimeC,False
D7_obs_error,33,11.8,92,M3_AR_residual,False
D7_obs_error,33,11.8,92,M4_delayed_info,False
D7_obs_error,33,11.8,93,M1_autonomous_Schaefer,True
D7_obs_error,33,11.8,93,M1b_autonomous_Allee,False
D7_obs_error,33,11.8,93,M2_stockflow_regimeC,False
D7_obs_error,33,11.8,93,M3_AR_residual,False
D7_obs_error,33,11.8,93,M4_delayed_info,False
D7_obs_error,33,11.8,94,M1_autonomous_Schaefer,True
D7_obs_error,33,11.8,94,M1b_autonomous_Allee,False
D7_obs_error,33,11.8,94,M2_stockflow_regimeC,False
D7_obs_error,33,11.8,94,M3_AR_residual,False
D7_obs_error,33,11.8,94,M4_delayed_info,False
D7_obs_error,33,11.8,95,M1_autonomous_Schaefer,True
D7_obs_error,33,11.8,95,M1b_autonomous_Allee,False
D7_obs_error,33,11.8,95,M2_stockflow_regimeC,False
D7_obs_error,33,11.8,95,M3_AR_residual,False
D7_obs_error,33,11.8,95,M4_delayed_info,False
D7_obs_error,33,11.8,96,M1_autonomous_Schaefer,True
D7_obs_error,33,11.8,96,M1b_autonomous_Allee,False
D7_obs_error,33,11.8,96,M2_stockflow_regimeC,False
D7_obs_error,33,11.8,96,M3_AR_residual,False
D7_obs_error,33,11.8,96,M4_delayed_info,False
D7_obs_error,33,11.8,97,M1_autonomous_Schaefer,True
D7_obs_error,33,11.8,97,M1b_autonomous_Allee,False
D7_obs_error,33,11.8,97,M2_stockflow_regimeC,False
D7_obs_error,33,11.8,97,M3_AR_residual,False
D7_obs_error,33,11.8,97,M4_delayed_info,False
D7_obs_error,33,11.8,98,M1_autonomous_Schaefer,True
D7_obs_error,33,11.8,98,M1b_autonomous_Allee,False
D7_obs_error,33,11.8,98,M2_stockflow_regimeC,False
D7_obs_error,33,11.8,98,M3_AR_residual,False
D7_obs_error,33,11.8,98,M4_delayed_info,False
D7_obs_error,33,11.8,99,M1_autonomous_Schaefer,True
D7_obs_error,33,11.8,99,M1b_autonomous_Allee,False
D7_obs_error,33,11.8,99,M2_stockflow_regimeC,False
D7_obs_error,33,11.8,99,M3_AR_residual,False
D7_obs_error,33,11.8,99,M4_delayed_info,False
D7_obs_error,33,11.8,100,M1_autonomous_Schaefer,True
D7_obs_error,33,11.8,100,M1b_autonomous_Allee,False
D7_obs_error,33,11.8,100,M2_stockflow_regimeC,False
D7_obs_error,33,11.8,100,M3_AR_residual,False
D7_obs_error,33,11.8,100,M4_delayed_info,False
D7_obs_error,33,11.8,101,M1_autonomous_Schaefer,True
D7_obs_error,33,11.8,101,M1b_autonomous_Allee,False
D7_obs_error,33,11.8,101,M2_stockflow_regimeC,False
D7_obs_error,33,11.8,101,M3_AR_residual,False
D7_obs_error,33,11.8,101,M4_delayed_info,False
D7_obs_error,33,11.8,102,M1_autonomous_Schaefer,True
D7_obs_error,33,11.8,102,M1b_autonomous_Allee,False
D7_obs_error,33,11.8,102,M2_stockflow_regimeC,False
D7_obs_error,33,11.8,102,M3_AR_residual,False
D7_obs_error,33,11.8,102,M4_delayed_info,False
D7_obs_error,33,11.8,103,M1_autonomous_Schaefer,True
D7_obs_error,33,11.8,103,M1b_autonomous_Allee,False
D7_obs_error,33,11.8,103,M2_stockflow_regimeC,False
D7_obs_error,33,11.8,103,M3_AR_residual,False
D7_obs_error,33,11.8,103,M4_delayed_info,False
D7_obs_error,33,11.8,104,M1_autonomous_Schaefer,True
D7_obs_error,33,11.8,104,M1b_autonomous_Allee,False
D7_obs_error,33,11.8,104,M2_stockflow_regimeC,False
D7_obs_error,33,11.8,104,M3_AR_residual,False
D7_obs_error,33,11.8,104,M4_delayed_info,False
D7_obs_error,33,11.8,105,M1_autonomous_Schaefer,True
D7_obs_error,33,11.8,105,M1b_autonomous_Allee,False
D7_obs_error,33,11.8,105,M2_stockflow_regimeC,False
D7_obs_error,33,11.8,105,M3_AR_residual,False
D7_obs_error,33,11.8,105,M4_delayed_info,False
D7_obs_error,33,11.8,106,M1_autonomous_Schaefer,True
D7_obs_error,33,11.8,106,M1b_autonomous_Allee,False
D7_obs_error,33,11.8,106,M2_stockflow_regimeC,False
D7_obs_error,33,11.8,106,M3_AR_residual,False
D7_obs_error,33,11.8,106,M4_delayed_info,False
D7_obs_error,33,11.8,107,M1_autonomous_Schaefer,True
D7_obs_error,33,11.8,107,M1b_autonomous_Allee,False
D7_obs_error,33,11.8,107,M2_stockflow_regimeC,False
D7_obs_error,33,11.8,107,M3_AR_residual,True
D7_obs_error,33,11.8,107,M4_delayed_info,False
D7_obs_error,33,11.8,108,M1_autonomous_Schaefer,True
D7_obs_error,33,11.8,108,M1b_autonomous_Allee,False
D7_obs_error,33,11.8,108,M2_stockflow_regimeC,False
D7_obs_error,33,11.8,108,M3_AR_residual,False
D7_obs_error,33,11.8,108,M4_delayed_info,False
D7_obs_error,33,11.8,109,M1_autonomous_Schaefer,True
D7_obs_error,33,11.8,109,M1b_autonomous_Allee,False
D7_obs_error,33,11.8,109,M2_stockflow_regimeC,False
D7_obs_error,33,11.8,109,M3_AR_residual,False
D7_obs_error,33,11.8,109,M4_delayed_info,False
D7_obs_error,33,11.8,110,M1_autonomous_Schaefer,True
D7_obs_error,33,11.8,110,M1b_autonomous_Allee,False
D7_obs_error,33,11.8,110,M2_stockflow_regimeC,False
D7_obs_error,33,11.8,110,M3_AR_residual,False
D7_obs_error,33,11.8,110,M4_delayed_info,False
D7_obs_error,33,11.8,111,M1_autonomous_Schaefer,True
D7_obs_error,33,11.8,111,M1b_autonomous_Allee,False
D7_obs_error,33,11.8,111,M2_stockflow_regimeC,False
D7_obs_error,33,11.8,111,M3_AR_residual,False
D7_obs_error,33,11.8,111,M4_delayed_info,False
D7_obs_error,33,11.8,112,M1_autonomous_Schaefer,True
D7_obs_error,33,11.8,112,M1b_autonomous_Allee,False
D7_obs_error,33,11.8,112,M2_stockflow_regimeC,False
D7_obs_error,33,11.8,112,M3_AR_residual,False
D7_obs_error,33,11.8,112,M4_delayed_info,False
D7_obs_error,33,11.8,113,M1_autonomous_Schaefer,True
D7_obs_error,33,11.8,113,M1b_autonomous_Allee,False
D7_obs_error,33,11.8,113,M2_stockflow_regimeC,False
D7_obs_error,33,11.8,113,M3_AR_residual,False
D7_obs_error,33,11.8,113,M4_delayed_info,False
D7_obs_error,33,11.8,114,M1_autonomous_Schaefer,True
D7_obs_error,33,11.8,114,M1b_autonomous_Allee,False
D7_obs_error,33,11.8,114,M2_stockflow_regimeC,False
D7_obs_error,33,11.8,114,M3_AR_residual,False
D7_obs_error,33,11.8,114,M4_delayed_info,False
D7_obs_error,33,11.8,115,M1_autonomous_Schaefer,True
D7_obs_error,33,11.8,115,M1b_autonomous_Allee,False
D7_obs_error,33,11.8,115,M2_stockflow_regimeC,False
D7_obs_error,33,11.8,115,M3_AR_residual,False
D7_obs_error,33,11.8,115,M4_delayed_info,False
D7_obs_error,33,11.8,116,M1_autonomous_Schaefer,True
D7_obs_error,33,11.8,116,M1b_autonomous_Allee,False
D7_obs_error,33,11.8,116,M2_stockflow_regimeC,False
D7_obs_error,33,11.8,116,M3_AR_residual,False
D7_obs_error,33,11.8,116,M4_delayed_info,False
D7_obs_error,33,11.8,117,M1_autonomous_Schaefer,True
D7_obs_error,33,11.8,117,M1b_autonomous_Allee,False
D7_obs_error,33,11.8,117,M2_stockflow_regimeC,False
D7_obs_error,33,11.8,117,M3_AR_residual,False
D7_obs_error,33,11.8,117,M4_delayed_info,False
D7_obs_error,33,11.8,118,M1_autonomous_Schaefer,True
D7_obs_error,33,11.8,118,M1b_autonomous_Allee,False
D7_obs_error,33,11.8,118,M2_stockflow_regimeC,False
D7_obs_error,33,11.8,118,M3_AR_residual,False
D7_obs_error,33,11.8,118,M4_delayed_info,False
D7_obs_error,33,11.8,119,M1_autonomous_Schaefer,True
D7_obs_error,33,11.8,119,M1b_autonomous_Allee,False
D7_obs_error,33,11.8,119,M2_stockflow_regimeC,False
D7_obs_error,33,11.8,119,M3_AR_residual,False
D7_obs_error,33,11.8,119,M4_delayed_info,False
D7_obs_error,33,11.8,120,M1_autonomous_Schaefer,True
D7_obs_error,33,11.8,120,M1b_autonomous_Allee,False
D7_obs_error,33,11.8,120,M2_stockflow_regimeC,False
D7_obs_error,33,11.8,120,M3_AR_residual,False
D7_obs_error,33,11.8,120,M4_delayed_info,False
D7_obs_error,33,11.8,121,M1_autonomous_Schaefer,True
D7_obs_error,33,11.8,121,M1b_autonomous_Allee,False
D7_obs_error,33,11.8,121,M2_stockflow_regimeC,False
D7_obs_error,33,11.8,121,M3_AR_residual,False
D7_obs_error,33,11.8,121,M4_delayed_info,False
D7_obs_error,33,11.8,122,M1_autonomous_Schaefer,True
D7_obs_error,33,11.8,122,M1b_autonomous_Allee,False
D7_obs_error,33,11.8,122,M2_stockflow_regimeC,False
D7_obs_error,33,11.8,122,M3_AR_residual,False
D7_obs_error,33,11.8,122,M4_delayed_info,False
D7_obs_error,33,11.8,123,M1_autonomous_Schaefer,True
D7_obs_error,33,11.8,123,M1b_autonomous_Allee,False
D7_obs_error,33,11.8,123,M2_stockflow_regimeC,False
D7_obs_error,33,11.8,123,M3_AR_residual,False
D7_obs_error,33,11.8,123,M4_delayed_info,False
D7_obs_error,33,11.8,124,M1_autonomous_Schaefer,True
D7_obs_error,33,11.8,124,M1b_autonomous_Allee,False
D7_obs_error,33,11.8,124,M2_stockflow_regimeC,False
D7_obs_error,33,11.8,124,M3_AR_residual,False
D7_obs_error,33,11.8,124,M4_delayed_info,False
D7_obs_error,33,11.8,125,M1_autonomous_Schaefer,True
D7_obs_error,33,11.8,125,M1b_autonomous_Allee,False
D7_obs_error,33,11.8,125,M2_stockflow_regimeC,False
D7_obs_error,33,11.8,125,M3_AR_residual,False
D7_obs_error,33,11.8,125,M4_delayed_info,False
D7_obs_error,33,11.8,126,M1_autonomous_Schaefer,True
D7_obs_error,33,11.8,126,M1b_autonomous_Allee,False
D7_obs_error,33,11.8,126,M2_stockflow_regimeC,False
D7_obs_error,33,11.8,126,M3_AR_residual,False
D7_obs_error,33,11.8,126,M4_delayed_info,False
D7_obs_error,33,11.8,127,M1_autonomous_Schaefer,True
D7_obs_error,33,11.8,127,M1b_autonomous_Allee,False
D7_obs_error,33,11.8,127,M2_stockflow_regimeC,False
D7_obs_error,33,11.8,127,M3_AR_residual,False
D7_obs_error,33,11.8,127,M4_delayed_info,False
D7_obs_error,33,11.8,128,M1_autonomous_Schaefer,True
D7_obs_error,33,11.8,128,M1b_autonomous_Allee,False
D7_obs_error,33,11.8,128,M2_stockflow_regimeC,False
D7_obs_error,33,11.8,128,M3_AR_residual,False
D7_obs_error,33,11.8,128,M4_delayed_info,False
D7_obs_error,33,11.8,129,M1_autonomous_Schaefer,True
D7_obs_error,33,11.8,129,M1b_autonomous_Allee,False
D7_obs_error,33,11.8,129,M2_stockflow_regimeC,False
D7_obs_error,33,11.8,129,M3_AR_residual,False
D7_obs_error,33,11.8,129,M4_delayed_info,False
D7_obs_error,33,11.8,130,M1_autonomous_Schaefer,True
D7_obs_error,33,11.8,130,M1b_autonomous_Allee,False
D7_obs_error,33,11.8,130,M2_stockflow_regimeC,False
D7_obs_error,33,11.8,130,M3_AR_residual,False
D7_obs_error,33,11.8,130,M4_delayed_info,False
D7_obs_error,33,11.8,131,M1_autonomous_Schaefer,True
D7_obs_error,33,11.8,131,M1b_autonomous_Allee,False
D7_obs_error,33,11.8,131,M2_stockflow_regimeC,False
D7_obs_error,33,11.8,131,M3_AR_residual,False
D7_obs_error,33,11.8,131,M4_delayed_info,False
D7_obs_error,33,11.8,132,M1_autonomous_Schaefer,True
D7_obs_error,33,11.8,132,M1b_autonomous_Allee,False
D7_obs_error,33,11.8,132,M2_stockflow_regimeC,False
D7_obs_error,33,11.8,132,M3_AR_residual,False
D7_obs_error,33,11.8,132,M4_delayed_info,False
D7_obs_error,33,11.8,133,M1_autonomous_Schaefer,True
D7_obs_error,33,11.8,133,M1b_autonomous_Allee,False
D7_obs_error,33,11.8,133,M2_stockflow_regimeC,False
D7_obs_error,33,11.8,133,M3_AR_residual,False
D7_obs_error,33,11.8,133,M4_delayed_info,False
D7_obs_error,33,11.8,134,M1_autonomous_Schaefer,True
D7_obs_error,33,11.8,134,M1b_autonomous_Allee,False
D7_obs_error,33,11.8,134,M2_stockflow_regimeC,False
D7_obs_error,33,11.8,134,M3_AR_residual,False
D7_obs_error,33,11.8,134,M4_delayed_info,False
D7_obs_error,33,11.8,135,M1_autonomous_Schaefer,True
D7_obs_error,33,11.8,135,M1b_autonomous_Allee,False
D7_obs_error,33,11.8,135,M2_stockflow_regimeC,False
D7_obs_error,33,11.8,135,M3_AR_residual,False
D7_obs_error,33,11.8,135,M4_delayed_info,False
D7_obs_error,33,11.8,136,M1_autonomous_Schaefer,True
D7_obs_error,33,11.8,136,M1b_autonomous_Allee,False
D7_obs_error,33,11.8,136,M2_stockflow_regimeC,False
D7_obs_error,33,11.8,136,M3_AR_residual,False
D7_obs_error,33,11.8,136,M4_delayed_info,False
D7_obs_error,33,11.8,137,M1_autonomous_Schaefer,True
D7_obs_error,33,11.8,137,M1b_autonomous_Allee,False
D7_obs_error,33,11.8,137,M2_stockflow_regimeC,False
D7_obs_error,33,11.8,137,M3_AR_residual,False
D7_obs_error,33,11.8,137,M4_delayed_info,False
D7_obs_error,33,11.8,138,M1_autonomous_Schaefer,True
D7_obs_error,33,11.8,138,M1b_autonomous_Allee,False
D7_obs_error,33,11.8,138,M2_stockflow_regimeC,False
D7_obs_error,33,11.8,138,M3_AR_residual,False
D7_obs_error,33,11.8,138,M4_delayed_info,False
D7_obs_error,33,11.8,139,M1_autonomous_Schaefer,True
D7_obs_error,33,11.8,139,M1b_autonomous_Allee,False
D7_obs_error,33,11.8,139,M2_stockflow_regimeC,False
D7_obs_error,33,11.8,139,M3_AR_residual,False
D7_obs_error,33,11.8,139,M4_delayed_info,False
D7_obs_error,33,11.8,140,M1_autonomous_Schaefer,True
D7_obs_error,33,11.8,140,M1b_autonomous_Allee,False
D7_obs_error,33,11.8,140,M2_stockflow_regimeC,False
D7_obs_error,33,11.8,140,M3_AR_residual,False
D7_obs_error,33,11.8,140,M4_delayed_info,False
D7_obs_error,33,11.8,141,M1_autonomous_Schaefer,True
D7_obs_error,33,11.8,141,M1b_autonomous_Allee,False
D7_obs_error,33,11.8,141,M2_stockflow_regimeC,False
D7_obs_error,33,11.8,141,M3_AR_residual,False
D7_obs_error,33,11.8,141,M4_delayed_info,False
D7_obs_error,33,11.8,142,M1_autonomous_Schaefer,True
D7_obs_error,33,11.8,142,M1b_autonomous_Allee,False
D7_obs_error,33,11.8,142,M2_stockflow_regimeC,False
D7_obs_error,33,11.8,142,M3_AR_residual,False
D7_obs_error,33,11.8,142,M4_delayed_info,False
D7_obs_error,33,11.8,143,M1_autonomous_Schaefer,True
D7_obs_error,33,11.8,143,M1b_autonomous_Allee,False
D7_obs_error,33,11.8,143,M2_stockflow_regimeC,False
D7_obs_error,33,11.8,143,M3_AR_residual,False
D7_obs_error,33,11.8,143,M4_delayed_info,False
D7_obs_error,33,11.8,144,M1_autonomous_Schaefer,True
D7_obs_error,33,11.8,144,M1b_autonomous_Allee,False
D7_obs_error,33,11.8,144,M2_stockflow_regimeC,False
D7_obs_error,33,11.8,144,M3_AR_residual,False
D7_obs_error,33,11.8,144,M4_delayed_info,False
D7_obs_error,33,11.8,145,M1_autonomous_Schaefer,True
D7_obs_error,33,11.8,145,M1b_autonomous_Allee,False
D7_obs_error,33,11.8,145,M2_stockflow_regimeC,False
D7_obs_error,33,11.8,145,M3_AR_residual,False
D7_obs_error,33,11.8,145,M4_delayed_info,False
D7_obs_error,33,11.8,146,M1_autonomous_Schaefer,False
D7_obs_error,33,11.8,146,M1b_autonomous_Allee,False
D7_obs_error,33,11.8,146,M2_stockflow_regimeC,False
D7_obs_error,33,11.8,146,M3_AR_residual,False
D7_obs_error,33,11.8,146,M4_delayed_info,False
D7_obs_error,33,11.8,147,M1_autonomous_Schaefer,True
D7_obs_error,33,11.8,147,M1b_autonomous_Allee,False
D7_obs_error,33,11.8,147,M2_stockflow_regimeC,False
D7_obs_error,33,11.8,147,M3_AR_residual,False
D7_obs_error,33,11.8,147,M4_delayed_info,False
D7_obs_error,33,11.8,148,M1_autonomous_Schaefer,True
D7_obs_error,33,11.8,148,M1b_autonomous_Allee,False
D7_obs_error,33,11.8,148,M2_stockflow_regimeC,False
D7_obs_error,33,11.8,148,M3_AR_residual,False
D7_obs_error,33,11.8,148,M4_delayed_info,False
D7_obs_error,33,11.8,149,M1_autonomous_Schaefer,True
D7_obs_error,33,11.8,149,M1b_autonomous_Allee,False
D7_obs_error,33,11.8,149,M2_stockflow_regimeC,False
D7_obs_error,33,11.8,149,M3_AR_residual,False
D7_obs_error,33,11.8,149,M4_delayed_info,False
D7_obs_error,33,11.8,150,M1_autonomous_Schaefer,True
D7_obs_error,33,11.8,150,M1b_autonomous_Allee,False
D7_obs_error,33,11.8,150,M2_stockflow_regimeC,False
D7_obs_error,33,11.8,150,M3_AR_residual,False
D7_obs_error,33,11.8,150,M4_delayed_info,False
D7_obs_error,33,11.8,151,M1_autonomous_Schaefer,True
D7_obs_error,33,11.8,151,M1b_autonomous_Allee,False
D7_obs_error,33,11.8,151,M2_stockflow_regimeC,False
D7_obs_error,33,11.8,151,M3_AR_residual,False
D7_obs_error,33,11.8,151,M4_delayed_info,False
D7_obs_error,33,11.8,152,M1_autonomous_Schaefer,True
D7_obs_error,33,11.8,152,M1b_autonomous_Allee,False
D7_obs_error,33,11.8,152,M2_stockflow_regimeC,False
D7_obs_error,33,11.8,152,M3_AR_residual,False
D7_obs_error,33,11.8,152,M4_delayed_info,False
D7_obs_error,33,11.8,153,M1_autonomous_Schaefer,True
D7_obs_error,33,11.8,153,M1b_autonomous_Allee,False
D7_obs_error,33,11.8,153,M2_stockflow_regimeC,False
D7_obs_error,33,11.8,153,M3_AR_residual,False
D7_obs_error,33,11.8,153,M4_delayed_info,False
D7_obs_error,33,11.8,154,M1_autonomous_Schaefer,True
D7_obs_error,33,11.8,154,M1b_autonomous_Allee,False
D7_obs_error,33,11.8,154,M2_stockflow_regimeC,False
D7_obs_error,33,11.8,154,M3_AR_residual,False
D7_obs_error,33,11.8,154,M4_delayed_info,False
D7_obs_error,33,11.8,155,M1_autonomous_Schaefer,True
D7_obs_error,33,11.8,155,M1b_autonomous_Allee,False
D7_obs_error,33,11.8,155,M2_stockflow_regimeC,False
D7_obs_error,33,11.8,155,M3_AR_residual,False
D7_obs_error,33,11.8,155,M4_delayed_info,False
D7_obs_error,33,11.8,156,M1_autonomous_Schaefer,True
D7_obs_error,33,11.8,156,M1b_autonomous_Allee,False
D7_obs_error,33,11.8,156,M2_stockflow_regimeC,False
D7_obs_error,33,11.8,156,M3_AR_residual,False
D7_obs_error,33,11.8,156,M4_delayed_info,False
D7_obs_error,33,11.8,157,M1_autonomous_Schaefer,True
D7_obs_error,33,11.8,157,M1b_autonomous_Allee,False
D7_obs_error,33,11.8,157,M2_stockflow_regimeC,False
D7_obs_error,33,11.8,157,M3_AR_residual,False
D7_obs_error,33,11.8,157,M4_delayed_info,False
D7_obs_error,33,11.8,158,M1_autonomous_Schaefer,True
D7_obs_error,33,11.8,158,M1b_autonomous_Allee,False
D7_obs_error,33,11.8,158,M2_stockflow_regimeC,False
D7_obs_error,33,11.8,158,M3_AR_residual,False
D7_obs_error,33,11.8,158,M4_delayed_info,False
D7_obs_error,33,11.8,159,M1_autonomous_Schaefer,True
D7_obs_error,33,11.8,159,M1b_autonomous_Allee,False
D7_obs_error,33,11.8,159,M2_stockflow_regimeC,False
D7_obs_error,33,11.8,159,M3_AR_residual,False
D7_obs_error,33,11.8,159,M4_delayed_info,False
D7_obs_error,33,11.8,160,M1_autonomous_Schaefer,True
D7_obs_error,33,11.8,160,M1b_autonomous_Allee,False
D7_obs_error,33,11.8,160,M2_stockflow_regimeC,False
D7_obs_error,33,11.8,160,M3_AR_residual,False
D7_obs_error,33,11.8,160,M4_delayed_info,False
D7_obs_error,33,11.8,161,M1_autonomous_Schaefer,True
D7_obs_error,33,11.8,161,M1b_autonomous_Allee,False
D7_obs_error,33,11.8,161,M2_stockflow_regimeC,False
D7_obs_error,33,11.8,161,M3_AR_residual,False
D7_obs_error,33,11.8,161,M4_delayed_info,False
D7_obs_error,33,11.8,162,M1_autonomous_Schaefer,True
D7_obs_error,33,11.8,162,M1b_autonomous_Allee,False
D7_obs_error,33,11.8,162,M2_stockflow_regimeC,False
D7_obs_error,33,11.8,162,M3_AR_residual,False
D7_obs_error,33,11.8,162,M4_delayed_info,False
D7_obs_error,33,11.8,163,M1_autonomous_Schaefer,True
D7_obs_error,33,11.8,163,M1b_autonomous_Allee,False
D7_obs_error,33,11.8,163,M2_stockflow_regimeC,False
D7_obs_error,33,11.8,163,M3_AR_residual,False
D7_obs_error,33,11.8,163,M4_delayed_info,False
D7_obs_error,33,11.8,164,M1_autonomous_Schaefer,True
D7_obs_error,33,11.8,164,M1b_autonomous_Allee,False
D7_obs_error,33,11.8,164,M2_stockflow_regimeC,False
D7_obs_error,33,11.8,164,M3_AR_residual,False
D7_obs_error,33,11.8,164,M4_delayed_info,False
D7_obs_error,33,11.8,165,M1_autonomous_Schaefer,True
D7_obs_error,33,11.8,165,M1b_autonomous_Allee,False
D7_obs_error,33,11.8,165,M2_stockflow_regimeC,False
D7_obs_error,33,11.8,165,M3_AR_residual,False
D7_obs_error,33,11.8,165,M4_delayed_info,False
D7_obs_error,33,11.8,166,M1_autonomous_Schaefer,True
D7_obs_error,33,11.8,166,M1b_autonomous_Allee,False
D7_obs_error,33,11.8,166,M2_stockflow_regimeC,False
D7_obs_error,33,11.8,166,M3_AR_residual,False
D7_obs_error,33,11.8,166,M4_delayed_info,False
D7_obs_error,33,11.8,167,M1_autonomous_Schaefer,True
D7_obs_error,33,11.8,167,M1b_autonomous_Allee,False
D7_obs_error,33,11.8,167,M2_stockflow_regimeC,False
D7_obs_error,33,11.8,167,M3_AR_residual,False
D7_obs_error,33,11.8,167,M4_delayed_info,False
D7_obs_error,33,11.8,168,M1_autonomous_Schaefer,True
D7_obs_error,33,11.8,168,M1b_autonomous_Allee,False
D7_obs_error,33,11.8,168,M2_stockflow_regimeC,False
D7_obs_error,33,11.8,168,M3_AR_residual,False
D7_obs_error,33,11.8,168,M4_delayed_info,False
D7_obs_error,33,11.8,169,M1_autonomous_Schaefer,True
D7_obs_error,33,11.8,169,M1b_autonomous_Allee,False
D7_obs_error,33,11.8,169,M2_stockflow_regimeC,False
D7_obs_error,33,11.8,169,M3_AR_residual,False
D7_obs_error,33,11.8,169,M4_delayed_info,False
D7_obs_error,33,11.8,170,M1_autonomous_Schaefer,True
D7_obs_error,33,11.8,170,M1b_autonomous_Allee,False
D7_obs_error,33,11.8,170,M2_stockflow_regimeC,False
D7_obs_error,33,11.8,170,M3_AR_residual,False
D7_obs_error,33,11.8,170,M4_delayed_info,True
D7_obs_error,33,11.8,171,M1_autonomous_Schaefer,True
D7_obs_error,33,11.8,171,M1b_autonomous_Allee,False
D7_obs_error,33,11.8,171,M2_stockflow_regimeC,False
D7_obs_error,33,11.8,171,M3_AR_residual,False
D7_obs_error,33,11.8,171,M4_delayed_info,False
D7_obs_error,33,11.8,172,M1_autonomous_Schaefer,True
D7_obs_error,33,11.8,172,M1b_autonomous_Allee,False
D7_obs_error,33,11.8,172,M2_stockflow_regimeC,False
D7_obs_error,33,11.8,172,M3_AR_residual,False
D7_obs_error,33,11.8,172,M4_delayed_info,False
D7_obs_error,33,11.8,173,M1_autonomous_Schaefer,True
D7_obs_error,33,11.8,173,M1b_autonomous_Allee,False
D7_obs_error,33,11.8,173,M2_stockflow_regimeC,False
D7_obs_error,33,11.8,173,M3_AR_residual,False
D7_obs_error,33,11.8,173,M4_delayed_info,False
D7_obs_error,33,11.8,174,M1_autonomous_Schaefer,True
D7_obs_error,33,11.8,174,M1b_autonomous_Allee,False
D7_obs_error,33,11.8,174,M2_stockflow_regimeC,False
D7_obs_error,33,11.8,174,M3_AR_residual,False
D7_obs_error,33,11.8,174,M4_delayed_info,False
D7_obs_error,33,11.8,175,M1_autonomous_Schaefer,True
D7_obs_error,33,11.8,175,M1b_autonomous_Allee,False
D7_obs_error,33,11.8,175,M2_stockflow_regimeC,False
D7_obs_error,33,11.8,175,M3_AR_residual,False
D7_obs_error,33,11.8,175,M4_delayed_info,False
D7_obs_error,33,11.8,176,M1_autonomous_Schaefer,True
D7_obs_error,33,11.8,176,M1b_autonomous_Allee,False
D7_obs_error,33,11.8,176,M2_stockflow_regimeC,False
D7_obs_error,33,11.8,176,M3_AR_residual,False
D7_obs_error,33,11.8,176,M4_delayed_info,False
D7_obs_error,33,11.8,177,M1_autonomous_Schaefer,True
D7_obs_error,33,11.8,177,M1b_autonomous_Allee,False
D7_obs_error,33,11.8,177,M2_stockflow_regimeC,False
D7_obs_error,33,11.8,177,M3_AR_residual,False
D7_obs_error,33,11.8,177,M4_delayed_info,False
D7_obs_error,33,11.8,178,M1_autonomous_Schaefer,True
D7_obs_error,33,11.8,178,M1b_autonomous_Allee,False
D7_obs_error,33,11.8,178,M2_stockflow_regimeC,False
D7_obs_error,33,11.8,178,M3_AR_residual,False
D7_obs_error,33,11.8,178,M4_delayed_info,False
D7_obs_error,33,11.8,179,M1_autonomous_Schaefer,True
D7_obs_error,33,11.8,179,M1b_autonomous_Allee,False
D7_obs_error,33,11.8,179,M2_stockflow_regimeC,False
D7_obs_error,33,11.8,179,M3_AR_residual,False
D7_obs_error,33,11.8,179,M4_delayed_info,False
D7_obs_error,33,11.8,180,M1_autonomous_Schaefer,True
D7_obs_error,33,11.8,180,M1b_autonomous_Allee,False
D7_obs_error,33,11.8,180,M2_stockflow_regimeC,False
D7_obs_error,33,11.8,180,M3_AR_residual,False
D7_obs_error,33,11.8,180,M4_delayed_info,False
D7_obs_error,33,11.8,181,M1_autonomous_Schaefer,True
D7_obs_error,33,11.8,181,M1b_autonomous_Allee,False
D7_obs_error,33,11.8,181,M2_stockflow_regimeC,False
D7_obs_error,33,11.8,181,M3_AR_residual,False
D7_obs_error,33,11.8,181,M4_delayed_info,False
D7_obs_error,33,11.8,182,M1_autonomous_Schaefer,True
D7_obs_error,33,11.8,182,M1b_autonomous_Allee,False
D7_obs_error,33,11.8,182,M2_stockflow_regimeC,False
D7_obs_error,33,11.8,182,M3_AR_residual,False
D7_obs_error,33,11.8,182,M4_delayed_info,True
D7_obs_error,33,11.8,183,M1_autonomous_Schaefer,True
D7_obs_error,33,11.8,183,M1b_autonomous_Allee,False
D7_obs_error,33,11.8,183,M2_stockflow_regimeC,False
D7_obs_error,33,11.8,183,M3_AR_residual,False
D7_obs_error,33,11.8,183,M4_delayed_info,False
D7_obs_error,33,11.8,184,M1_autonomous_Schaefer,False
D7_obs_error,33,11.8,184,M1b_autonomous_Allee,False
D7_obs_error,33,11.8,184,M2_stockflow_regimeC,False
D7_obs_error,33,11.8,184,M3_AR_residual,False
D7_obs_error,33,11.8,184,M4_delayed_info,False
D7_obs_error,33,11.8,185,M1_autonomous_Schaefer,True
D7_obs_error,33,11.8,185,M1b_autonomous_Allee,False
D7_obs_error,33,11.8,185,M2_stockflow_regimeC,False
D7_obs_error,33,11.8,185,M3_AR_residual,False
D7_obs_error,33,11.8,185,M4_delayed_info,False
D7_obs_error,33,11.8,186,M1_autonomous_Schaefer,True
D7_obs_error,33,11.8,186,M1b_autonomous_Allee,False
D7_obs_error,33,11.8,186,M2_stockflow_regimeC,False
D7_obs_error,33,11.8,186,M3_AR_residual,False
D7_obs_error,33,11.8,186,M4_delayed_info,False
D7_obs_error,33,11.8,187,M1_autonomous_Schaefer,True
D7_obs_error,33,11.8,187,M1b_autonomous_Allee,False
D7_obs_error,33,11.8,187,M2_stockflow_regimeC,False
D7_obs_error,33,11.8,187,M3_AR_residual,False
D7_obs_error,33,11.8,187,M4_delayed_info,False
D7_obs_error,33,11.8,188,M1_autonomous_Schaefer,True
D7_obs_error,33,11.8,188,M1b_autonomous_Allee,False
D7_obs_error,33,11.8,188,M2_stockflow_regimeC,False
D7_obs_error,33,11.8,188,M3_AR_residual,False
D7_obs_error,33,11.8,188,M4_delayed_info,False
D7_obs_error,33,11.8,189,M1_autonomous_Schaefer,True
D7_obs_error,33,11.8,189,M1b_autonomous_Allee,False
D7_obs_error,33,11.8,189,M2_stockflow_regimeC,False
D7_obs_error,33,11.8,189,M3_AR_residual,False
D7_obs_error,33,11.8,189,M4_delayed_info,False
D7_obs_error,33,11.8,190,M1_autonomous_Schaefer,True
D7_obs_error,33,11.8,190,M1b_autonomous_Allee,False
D7_obs_error,33,11.8,190,M2_stockflow_regimeC,False
D7_obs_error,33,11.8,190,M3_AR_residual,False
D7_obs_error,33,11.8,190,M4_delayed_info,False
D7_obs_error,33,11.8,191,M1_autonomous_Schaefer,True
D7_obs_error,33,11.8,191,M1b_autonomous_Allee,False
D7_obs_error,33,11.8,191,M2_stockflow_regimeC,False
D7_obs_error,33,11.8,191,M3_AR_residual,False
D7_obs_error,33,11.8,191,M4_delayed_info,False
D7_obs_error,33,11.8,192,M1_autonomous_Schaefer,True
D7_obs_error,33,11.8,192,M1b_autonomous_Allee,False
D7_obs_error,33,11.8,192,M2_stockflow_regimeC,False
D7_obs_error,33,11.8,192,M3_AR_residual,False
D7_obs_error,33,11.8,192,M4_delayed_info,False
D7_obs_error,33,11.8,193,M1_autonomous_Schaefer,True
D7_obs_error,33,11.8,193,M1b_autonomous_Allee,False
D7_obs_error,33,11.8,193,M2_stockflow_regimeC,False
D7_obs_error,33,11.8,193,M3_AR_residual,False
D7_obs_error,33,11.8,193,M4_delayed_info,False
D7_obs_error,33,11.8,194,M1_autonomous_Schaefer,True
D7_obs_error,33,11.8,194,M1b_autonomous_Allee,False
D7_obs_error,33,11.8,194,M2_stockflow_regimeC,False
D7_obs_error,33,11.8,194,M3_AR_residual,False
D7_obs_error,33,11.8,194,M4_delayed_info,False
D7_obs_error,33,11.8,195,M1_autonomous_Schaefer,True
D7_obs_error,33,11.8,195,M1b_autonomous_Allee,False
D7_obs_error,33,11.8,195,M2_stockflow_regimeC,False
D7_obs_error,33,11.8,195,M3_AR_residual,False
D7_obs_error,33,11.8,195,M4_delayed_info,False
D7_obs_error,33,11.8,196,M1_autonomous_Schaefer,True
D7_obs_error,33,11.8,196,M1b_autonomous_Allee,False
D7_obs_error,33,11.8,196,M2_stockflow_regimeC,False
D7_obs_error,33,11.8,196,M3_AR_residual,False
D7_obs_error,33,11.8,196,M4_delayed_info,False
D7_obs_error,33,11.8,197,M1_autonomous_Schaefer,True
D7_obs_error,33,11.8,197,M1b_autonomous_Allee,False
D7_obs_error,33,11.8,197,M2_stockflow_regimeC,False
D7_obs_error,33,11.8,197,M3_AR_residual,True
D7_obs_error,33,11.8,197,M4_delayed_info,False
D7_obs_error,33,11.8,198,M1_autonomous_Schaefer,True
D7_obs_error,33,11.8,198,M1b_autonomous_Allee,False
D7_obs_error,33,11.8,198,M2_stockflow_regimeC,False
D7_obs_error,33,11.8,198,M3_AR_residual,False
D7_obs_error,33,11.8,198,M4_delayed_info,False
D7_obs_error,33,11.8,199,M1_autonomous_Schaefer,True
D7_obs_error,33,11.8,199,M1b_autonomous_Allee,False
D7_obs_error,33,11.8,199,M2_stockflow_regimeC,False
D7_obs_error,33,11.8,199,M3_AR_residual,False
D7_obs_error,33,11.8,199,M4_delayed_info,False
D7_obs_error,33,33.8,0,M1_autonomous_Schaefer,True
D7_obs_error,33,33.8,0,M1b_autonomous_Allee,False
D7_obs_error,33,33.8,0,M2_stockflow_regimeC,False
D7_obs_error,33,33.8,0,M3_AR_residual,False
D7_obs_error,33,33.8,0,M4_delayed_info,False
D7_obs_error,33,33.8,1,M1_autonomous_Schaefer,True
D7_obs_error,33,33.8,1,M1b_autonomous_Allee,False
D7_obs_error,33,33.8,1,M2_stockflow_regimeC,False
D7_obs_error,33,33.8,1,M3_AR_residual,False
D7_obs_error,33,33.8,1,M4_delayed_info,False
D7_obs_error,33,33.8,2,M1_autonomous_Schaefer,True
D7_obs_error,33,33.8,2,M1b_autonomous_Allee,False
D7_obs_error,33,33.8,2,M2_stockflow_regimeC,False
D7_obs_error,33,33.8,2,M3_AR_residual,False
D7_obs_error,33,33.8,2,M4_delayed_info,False
D7_obs_error,33,33.8,3,M1_autonomous_Schaefer,True
D7_obs_error,33,33.8,3,M1b_autonomous_Allee,False
D7_obs_error,33,33.8,3,M2_stockflow_regimeC,False
D7_obs_error,33,33.8,3,M3_AR_residual,False
D7_obs_error,33,33.8,3,M4_delayed_info,False
D7_obs_error,33,33.8,4,M1_autonomous_Schaefer,True
D7_obs_error,33,33.8,4,M1b_autonomous_Allee,False
D7_obs_error,33,33.8,4,M2_stockflow_regimeC,False
D7_obs_error,33,33.8,4,M3_AR_residual,False
D7_obs_error,33,33.8,4,M4_delayed_info,False
D7_obs_error,33,33.8,5,M1_autonomous_Schaefer,False
D7_obs_error,33,33.8,5,M1b_autonomous_Allee,False
D7_obs_error,33,33.8,5,M2_stockflow_regimeC,False
D7_obs_error,33,33.8,5,M3_AR_residual,False
D7_obs_error,33,33.8,5,M4_delayed_info,False
D7_obs_error,33,33.8,6,M1_autonomous_Schaefer,True
D7_obs_error,33,33.8,6,M1b_autonomous_Allee,False
D7_obs_error,33,33.8,6,M2_stockflow_regimeC,False
D7_obs_error,33,33.8,6,M3_AR_residual,False
D7_obs_error,33,33.8,6,M4_delayed_info,False
D7_obs_error,33,33.8,7,M1_autonomous_Schaefer,True
D7_obs_error,33,33.8,7,M1b_autonomous_Allee,False
D7_obs_error,33,33.8,7,M2_stockflow_regimeC,False
D7_obs_error,33,33.8,7,M3_AR_residual,False
D7_obs_error,33,33.8,7,M4_delayed_info,False
D7_obs_error,33,33.8,8,M1_autonomous_Schaefer,True
D7_obs_error,33,33.8,8,M1b_autonomous_Allee,False
D7_obs_error,33,33.8,8,M2_stockflow_regimeC,False
D7_obs_error,33,33.8,8,M3_AR_residual,False
D7_obs_error,33,33.8,8,M4_delayed_info,False
D7_obs_error,33,33.8,9,M1_autonomous_Schaefer,True
D7_obs_error,33,33.8,9,M1b_autonomous_Allee,False
D7_obs_error,33,33.8,9,M2_stockflow_regimeC,False
D7_obs_error,33,33.8,9,M3_AR_residual,False
D7_obs_error,33,33.8,9,M4_delayed_info,False
D7_obs_error,33,33.8,10,M1_autonomous_Schaefer,True
D7_obs_error,33,33.8,10,M1b_autonomous_Allee,False
D7_obs_error,33,33.8,10,M2_stockflow_regimeC,False
D7_obs_error,33,33.8,10,M3_AR_residual,False
D7_obs_error,33,33.8,10,M4_delayed_info,False
D7_obs_error,33,33.8,11,M1_autonomous_Schaefer,True
D7_obs_error,33,33.8,11,M1b_autonomous_Allee,False
D7_obs_error,33,33.8,11,M2_stockflow_regimeC,False
D7_obs_error,33,33.8,11,M3_AR_residual,False
D7_obs_error,33,33.8,11,M4_delayed_info,False
D7_obs_error,33,33.8,12,M1_autonomous_Schaefer,True
D7_obs_error,33,33.8,12,M1b_autonomous_Allee,False
D7_obs_error,33,33.8,12,M2_stockflow_regimeC,False
D7_obs_error,33,33.8,12,M3_AR_residual,False
D7_obs_error,33,33.8,12,M4_delayed_info,False
D7_obs_error,33,33.8,13,M1_autonomous_Schaefer,True
D7_obs_error,33,33.8,13,M1b_autonomous_Allee,False
D7_obs_error,33,33.8,13,M2_stockflow_regimeC,False
D7_obs_error,33,33.8,13,M3_AR_residual,False
D7_obs_error,33,33.8,13,M4_delayed_info,False
D7_obs_error,33,33.8,14,M1_autonomous_Schaefer,True
D7_obs_error,33,33.8,14,M1b_autonomous_Allee,False
D7_obs_error,33,33.8,14,M2_stockflow_regimeC,False
D7_obs_error,33,33.8,14,M3_AR_residual,False
D7_obs_error,33,33.8,14,M4_delayed_info,False
D7_obs_error,33,33.8,15,M1_autonomous_Schaefer,True
D7_obs_error,33,33.8,15,M1b_autonomous_Allee,False
D7_obs_error,33,33.8,15,M2_stockflow_regimeC,False
D7_obs_error,33,33.8,15,M3_AR_residual,False
D7_obs_error,33,33.8,15,M4_delayed_info,False
D7_obs_error,33,33.8,16,M1_autonomous_Schaefer,True
D7_obs_error,33,33.8,16,M1b_autonomous_Allee,False
D7_obs_error,33,33.8,16,M2_stockflow_regimeC,False
D7_obs_error,33,33.8,16,M3_AR_residual,False
D7_obs_error,33,33.8,16,M4_delayed_info,False
D7_obs_error,33,33.8,17,M1_autonomous_Schaefer,True
D7_obs_error,33,33.8,17,M1b_autonomous_Allee,False
D7_obs_error,33,33.8,17,M2_stockflow_regimeC,False
D7_obs_error,33,33.8,17,M3_AR_residual,False
D7_obs_error,33,33.8,17,M4_delayed_info,False
D7_obs_error,33,33.8,18,M1_autonomous_Schaefer,False
D7_obs_error,33,33.8,18,M1b_autonomous_Allee,False
D7_obs_error,33,33.8,18,M2_stockflow_regimeC,False
D7_obs_error,33,33.8,18,M3_AR_residual,False
D7_obs_error,33,33.8,18,M4_delayed_info,False
D7_obs_error,33,33.8,19,M1_autonomous_Schaefer,True
D7_obs_error,33,33.8,19,M1b_autonomous_Allee,False
D7_obs_error,33,33.8,19,M2_stockflow_regimeC,False
D7_obs_error,33,33.8,19,M3_AR_residual,False
D7_obs_error,33,33.8,19,M4_delayed_info,False
D7_obs_error,33,33.8,20,M1_autonomous_Schaefer,False
D7_obs_error,33,33.8,20,M1b_autonomous_Allee,False
D7_obs_error,33,33.8,20,M2_stockflow_regimeC,False
D7_obs_error,33,33.8,20,M3_AR_residual,False
D7_obs_error,33,33.8,20,M4_delayed_info,False
D7_obs_error,33,33.8,21,M1_autonomous_Schaefer,True
D7_obs_error,33,33.8,21,M1b_autonomous_Allee,False
D7_obs_error,33,33.8,21,M2_stockflow_regimeC,False
D7_obs_error,33,33.8,21,M3_AR_residual,False
D7_obs_error,33,33.8,21,M4_delayed_info,False
D7_obs_error,33,33.8,22,M1_autonomous_Schaefer,True
D7_obs_error,33,33.8,22,M1b_autonomous_Allee,False
D7_obs_error,33,33.8,22,M2_stockflow_regimeC,False
D7_obs_error,33,33.8,22,M3_AR_residual,False
D7_obs_error,33,33.8,22,M4_delayed_info,False
D7_obs_error,33,33.8,23,M1_autonomous_Schaefer,True
D7_obs_error,33,33.8,23,M1b_autonomous_Allee,False
D7_obs_error,33,33.8,23,M2_stockflow_regimeC,False
D7_obs_error,33,33.8,23,M3_AR_residual,False
D7_obs_error,33,33.8,23,M4_delayed_info,False
D7_obs_error,33,33.8,24,M1_autonomous_Schaefer,True
D7_obs_error,33,33.8,24,M1b_autonomous_Allee,False
D7_obs_error,33,33.8,24,M2_stockflow_regimeC,False
D7_obs_error,33,33.8,24,M3_AR_residual,False
D7_obs_error,33,33.8,24,M4_delayed_info,False
D7_obs_error,33,33.8,25,M1_autonomous_Schaefer,False
D7_obs_error,33,33.8,25,M1b_autonomous_Allee,False
D7_obs_error,33,33.8,25,M2_stockflow_regimeC,False
D7_obs_error,33,33.8,25,M3_AR_residual,False
D7_obs_error,33,33.8,25,M4_delayed_info,False
D7_obs_error,33,33.8,26,M1_autonomous_Schaefer,True
D7_obs_error,33,33.8,26,M1b_autonomous_Allee,False
D7_obs_error,33,33.8,26,M2_stockflow_regimeC,False
D7_obs_error,33,33.8,26,M3_AR_residual,False
D7_obs_error,33,33.8,26,M4_delayed_info,False
D7_obs_error,33,33.8,27,M1_autonomous_Schaefer,True
D7_obs_error,33,33.8,27,M1b_autonomous_Allee,False
D7_obs_error,33,33.8,27,M2_stockflow_regimeC,False
D7_obs_error,33,33.8,27,M3_AR_residual,False
D7_obs_error,33,33.8,27,M4_delayed_info,False
D7_obs_error,33,33.8,28,M1_autonomous_Schaefer,True
D7_obs_error,33,33.8,28,M1b_autonomous_Allee,False
D7_obs_error,33,33.8,28,M2_stockflow_regimeC,False
D7_obs_error,33,33.8,28,M3_AR_residual,False
D7_obs_error,33,33.8,28,M4_delayed_info,False
D7_obs_error,33,33.8,29,M1_autonomous_Schaefer,True
D7_obs_error,33,33.8,29,M1b_autonomous_Allee,False
D7_obs_error,33,33.8,29,M2_stockflow_regimeC,False
D7_obs_error,33,33.8,29,M3_AR_residual,False
D7_obs_error,33,33.8,29,M4_delayed_info,False
D7_obs_error,33,33.8,30,M1_autonomous_Schaefer,True
D7_obs_error,33,33.8,30,M1b_autonomous_Allee,False
D7_obs_error,33,33.8,30,M2_stockflow_regimeC,False
D7_obs_error,33,33.8,30,M3_AR_residual,False
D7_obs_error,33,33.8,30,M4_delayed_info,False
D7_obs_error,33,33.8,31,M1_autonomous_Schaefer,True
D7_obs_error,33,33.8,31,M1b_autonomous_Allee,False
D7_obs_error,33,33.8,31,M2_stockflow_regimeC,False
D7_obs_error,33,33.8,31,M3_AR_residual,False
D7_obs_error,33,33.8,31,M4_delayed_info,False
D7_obs_error,33,33.8,32,M1_autonomous_Schaefer,True
D7_obs_error,33,33.8,32,M1b_autonomous_Allee,False
D7_obs_error,33,33.8,32,M2_stockflow_regimeC,False
D7_obs_error,33,33.8,32,M3_AR_residual,False
D7_obs_error,33,33.8,32,M4_delayed_info,False
D7_obs_error,33,33.8,33,M1_autonomous_Schaefer,True
D7_obs_error,33,33.8,33,M1b_autonomous_Allee,False
D7_obs_error,33,33.8,33,M2_stockflow_regimeC,False
D7_obs_error,33,33.8,33,M3_AR_residual,False
D7_obs_error,33,33.8,33,M4_delayed_info,False
D7_obs_error,33,33.8,34,M1_autonomous_Schaefer,True
D7_obs_error,33,33.8,34,M1b_autonomous_Allee,False
D7_obs_error,33,33.8,34,M2_stockflow_regimeC,False
D7_obs_error,33,33.8,34,M3_AR_residual,False
D7_obs_error,33,33.8,34,M4_delayed_info,False
D7_obs_error,33,33.8,35,M1_autonomous_Schaefer,True
D7_obs_error,33,33.8,35,M1b_autonomous_Allee,False
D7_obs_error,33,33.8,35,M2_stockflow_regimeC,False
D7_obs_error,33,33.8,35,M3_AR_residual,False
D7_obs_error,33,33.8,35,M4_delayed_info,False
D7_obs_error,33,33.8,36,M1_autonomous_Schaefer,True
D7_obs_error,33,33.8,36,M1b_autonomous_Allee,False
D7_obs_error,33,33.8,36,M2_stockflow_regimeC,False
D7_obs_error,33,33.8,36,M3_AR_residual,False
D7_obs_error,33,33.8,36,M4_delayed_info,False
D7_obs_error,33,33.8,37,M1_autonomous_Schaefer,True
D7_obs_error,33,33.8,37,M1b_autonomous_Allee,False
D7_obs_error,33,33.8,37,M2_stockflow_regimeC,False
D7_obs_error,33,33.8,37,M3_AR_residual,False
D7_obs_error,33,33.8,37,M4_delayed_info,False
D7_obs_error,33,33.8,38,M1_autonomous_Schaefer,True
D7_obs_error,33,33.8,38,M1b_autonomous_Allee,False
D7_obs_error,33,33.8,38,M2_stockflow_regimeC,False
D7_obs_error,33,33.8,38,M3_AR_residual,False
D7_obs_error,33,33.8,38,M4_delayed_info,False
D7_obs_error,33,33.8,39,M1_autonomous_Schaefer,True
D7_obs_error,33,33.8,39,M1b_autonomous_Allee,False
D7_obs_error,33,33.8,39,M2_stockflow_regimeC,False
D7_obs_error,33,33.8,39,M3_AR_residual,False
D7_obs_error,33,33.8,39,M4_delayed_info,False
D7_obs_error,33,33.8,40,M1_autonomous_Schaefer,True
D7_obs_error,33,33.8,40,M1b_autonomous_Allee,False
D7_obs_error,33,33.8,40,M2_stockflow_regimeC,False
D7_obs_error,33,33.8,40,M3_AR_residual,False
D7_obs_error,33,33.8,40,M4_delayed_info,False
D7_obs_error,33,33.8,41,M1_autonomous_Schaefer,True
D7_obs_error,33,33.8,41,M1b_autonomous_Allee,False
D7_obs_error,33,33.8,41,M2_stockflow_regimeC,False
D7_obs_error,33,33.8,41,M3_AR_residual,False
D7_obs_error,33,33.8,41,M4_delayed_info,False
D7_obs_error,33,33.8,42,M1_autonomous_Schaefer,True
D7_obs_error,33,33.8,42,M1b_autonomous_Allee,False
D7_obs_error,33,33.8,42,M2_stockflow_regimeC,False
D7_obs_error,33,33.8,42,M3_AR_residual,False
D7_obs_error,33,33.8,42,M4_delayed_info,False
D7_obs_error,33,33.8,43,M1_autonomous_Schaefer,False
D7_obs_error,33,33.8,43,M1b_autonomous_Allee,False
D7_obs_error,33,33.8,43,M2_stockflow_regimeC,False
D7_obs_error,33,33.8,43,M3_AR_residual,False
D7_obs_error,33,33.8,43,M4_delayed_info,False
D7_obs_error,33,33.8,44,M1_autonomous_Schaefer,True
D7_obs_error,33,33.8,44,M1b_autonomous_Allee,False
D7_obs_error,33,33.8,44,M2_stockflow_regimeC,False
D7_obs_error,33,33.8,44,M3_AR_residual,False
D7_obs_error,33,33.8,44,M4_delayed_info,False
D7_obs_error,33,33.8,45,M1_autonomous_Schaefer,True
D7_obs_error,33,33.8,45,M1b_autonomous_Allee,False
D7_obs_error,33,33.8,45,M2_stockflow_regimeC,False
D7_obs_error,33,33.8,45,M3_AR_residual,False
D7_obs_error,33,33.8,45,M4_delayed_info,False
D7_obs_error,33,33.8,46,M1_autonomous_Schaefer,True
D7_obs_error,33,33.8,46,M1b_autonomous_Allee,False
D7_obs_error,33,33.8,46,M2_stockflow_regimeC,False
D7_obs_error,33,33.8,46,M3_AR_residual,False
D7_obs_error,33,33.8,46,M4_delayed_info,False
D7_obs_error,33,33.8,47,M1_autonomous_Schaefer,True
D7_obs_error,33,33.8,47,M1b_autonomous_Allee,False
D7_obs_error,33,33.8,47,M2_stockflow_regimeC,False
D7_obs_error,33,33.8,47,M3_AR_residual,False
D7_obs_error,33,33.8,47,M4_delayed_info,False
D7_obs_error,33,33.8,48,M1_autonomous_Schaefer,True
D7_obs_error,33,33.8,48,M1b_autonomous_Allee,False
D7_obs_error,33,33.8,48,M2_stockflow_regimeC,False
D7_obs_error,33,33.8,48,M3_AR_residual,False
D7_obs_error,33,33.8,48,M4_delayed_info,False
D7_obs_error,33,33.8,49,M1_autonomous_Schaefer,True
D7_obs_error,33,33.8,49,M1b_autonomous_Allee,False
D7_obs_error,33,33.8,49,M2_stockflow_regimeC,False
D7_obs_error,33,33.8,49,M3_AR_residual,False
D7_obs_error,33,33.8,49,M4_delayed_info,False
D7_obs_error,33,33.8,50,M1_autonomous_Schaefer,True
D7_obs_error,33,33.8,50,M1b_autonomous_Allee,False
D7_obs_error,33,33.8,50,M2_stockflow_regimeC,False
D7_obs_error,33,33.8,50,M3_AR_residual,False
D7_obs_error,33,33.8,50,M4_delayed_info,False
D7_obs_error,33,33.8,51,M1_autonomous_Schaefer,True
D7_obs_error,33,33.8,51,M1b_autonomous_Allee,False
D7_obs_error,33,33.8,51,M2_stockflow_regimeC,False
D7_obs_error,33,33.8,51,M3_AR_residual,False
D7_obs_error,33,33.8,51,M4_delayed_info,False
D7_obs_error,33,33.8,52,M1_autonomous_Schaefer,False
D7_obs_error,33,33.8,52,M1b_autonomous_Allee,False
D7_obs_error,33,33.8,52,M2_stockflow_regimeC,False
D7_obs_error,33,33.8,52,M3_AR_residual,False
D7_obs_error,33,33.8,52,M4_delayed_info,False
D7_obs_error,33,33.8,53,M1_autonomous_Schaefer,True
D7_obs_error,33,33.8,53,M1b_autonomous_Allee,False
D7_obs_error,33,33.8,53,M2_stockflow_regimeC,False
D7_obs_error,33,33.8,53,M3_AR_residual,False
D7_obs_error,33,33.8,53,M4_delayed_info,False
D7_obs_error,33,33.8,54,M1_autonomous_Schaefer,True
D7_obs_error,33,33.8,54,M1b_autonomous_Allee,False
D7_obs_error,33,33.8,54,M2_stockflow_regimeC,False
D7_obs_error,33,33.8,54,M3_AR_residual,False
D7_obs_error,33,33.8,54,M4_delayed_info,False
D7_obs_error,33,33.8,55,M1_autonomous_Schaefer,False
D7_obs_error,33,33.8,55,M1b_autonomous_Allee,False
D7_obs_error,33,33.8,55,M2_stockflow_regimeC,False
D7_obs_error,33,33.8,55,M3_AR_residual,False
D7_obs_error,33,33.8,55,M4_delayed_info,False
D7_obs_error,33,33.8,56,M1_autonomous_Schaefer,True
D7_obs_error,33,33.8,56,M1b_autonomous_Allee,False
D7_obs_error,33,33.8,56,M2_stockflow_regimeC,False
D7_obs_error,33,33.8,56,M3_AR_residual,False
D7_obs_error,33,33.8,56,M4_delayed_info,False
D7_obs_error,33,33.8,57,M1_autonomous_Schaefer,True
D7_obs_error,33,33.8,57,M1b_autonomous_Allee,False
D7_obs_error,33,33.8,57,M2_stockflow_regimeC,False
D7_obs_error,33,33.8,57,M3_AR_residual,False
D7_obs_error,33,33.8,57,M4_delayed_info,False
D7_obs_error,33,33.8,58,M1_autonomous_Schaefer,True
D7_obs_error,33,33.8,58,M1b_autonomous_Allee,False
D7_obs_error,33,33.8,58,M2_stockflow_regimeC,False
D7_obs_error,33,33.8,58,M3_AR_residual,False
D7_obs_error,33,33.8,58,M4_delayed_info,False
D7_obs_error,33,33.8,59,M1_autonomous_Schaefer,True
D7_obs_error,33,33.8,59,M1b_autonomous_Allee,False
D7_obs_error,33,33.8,59,M2_stockflow_regimeC,False
D7_obs_error,33,33.8,59,M3_AR_residual,False
D7_obs_error,33,33.8,59,M4_delayed_info,False
D7_obs_error,33,33.8,60,M1_autonomous_Schaefer,True
D7_obs_error,33,33.8,60,M1b_autonomous_Allee,False
D7_obs_error,33,33.8,60,M2_stockflow_regimeC,False
D7_obs_error,33,33.8,60,M3_AR_residual,False
D7_obs_error,33,33.8,60,M4_delayed_info,False
D7_obs_error,33,33.8,61,M1_autonomous_Schaefer,True
D7_obs_error,33,33.8,61,M1b_autonomous_Allee,False
D7_obs_error,33,33.8,61,M2_stockflow_regimeC,False
D7_obs_error,33,33.8,61,M3_AR_residual,False
D7_obs_error,33,33.8,61,M4_delayed_info,False
D7_obs_error,33,33.8,62,M1_autonomous_Schaefer,True
D7_obs_error,33,33.8,62,M1b_autonomous_Allee,False
D7_obs_error,33,33.8,62,M2_stockflow_regimeC,False
D7_obs_error,33,33.8,62,M3_AR_residual,False
D7_obs_error,33,33.8,62,M4_delayed_info,False
D7_obs_error,33,33.8,63,M1_autonomous_Schaefer,True
D7_obs_error,33,33.8,63,M1b_autonomous_Allee,False
D7_obs_error,33,33.8,63,M2_stockflow_regimeC,False
D7_obs_error,33,33.8,63,M3_AR_residual,False
D7_obs_error,33,33.8,63,M4_delayed_info,False
D7_obs_error,33,33.8,64,M1_autonomous_Schaefer,True
D7_obs_error,33,33.8,64,M1b_autonomous_Allee,False
D7_obs_error,33,33.8,64,M2_stockflow_regimeC,False
D7_obs_error,33,33.8,64,M3_AR_residual,False
D7_obs_error,33,33.8,64,M4_delayed_info,False
D7_obs_error,33,33.8,65,M1_autonomous_Schaefer,True
D7_obs_error,33,33.8,65,M1b_autonomous_Allee,False
D7_obs_error,33,33.8,65,M2_stockflow_regimeC,False
D7_obs_error,33,33.8,65,M3_AR_residual,False
D7_obs_error,33,33.8,65,M4_delayed_info,False
D7_obs_error,33,33.8,66,M1_autonomous_Schaefer,True
D7_obs_error,33,33.8,66,M1b_autonomous_Allee,False
D7_obs_error,33,33.8,66,M2_stockflow_regimeC,False
D7_obs_error,33,33.8,66,M3_AR_residual,False
D7_obs_error,33,33.8,66,M4_delayed_info,False
D7_obs_error,33,33.8,67,M1_autonomous_Schaefer,True
D7_obs_error,33,33.8,67,M1b_autonomous_Allee,False
D7_obs_error,33,33.8,67,M2_stockflow_regimeC,False
D7_obs_error,33,33.8,67,M3_AR_residual,False
D7_obs_error,33,33.8,67,M4_delayed_info,False
D7_obs_error,33,33.8,68,M1_autonomous_Schaefer,True
D7_obs_error,33,33.8,68,M1b_autonomous_Allee,False
D7_obs_error,33,33.8,68,M2_stockflow_regimeC,False
D7_obs_error,33,33.8,68,M3_AR_residual,False
D7_obs_error,33,33.8,68,M4_delayed_info,False
D7_obs_error,33,33.8,69,M1_autonomous_Schaefer,True
D7_obs_error,33,33.8,69,M1b_autonomous_Allee,False
D7_obs_error,33,33.8,69,M2_stockflow_regimeC,False
D7_obs_error,33,33.8,69,M3_AR_residual,False
D7_obs_error,33,33.8,69,M4_delayed_info,False
D7_obs_error,33,33.8,70,M1_autonomous_Schaefer,True
D7_obs_error,33,33.8,70,M1b_autonomous_Allee,False
D7_obs_error,33,33.8,70,M2_stockflow_regimeC,False
D7_obs_error,33,33.8,70,M3_AR_residual,False
D7_obs_error,33,33.8,70,M4_delayed_info,False
D7_obs_error,33,33.8,71,M1_autonomous_Schaefer,True
D7_obs_error,33,33.8,71,M1b_autonomous_Allee,False
D7_obs_error,33,33.8,71,M2_stockflow_regimeC,False
D7_obs_error,33,33.8,71,M3_AR_residual,False
D7_obs_error,33,33.8,71,M4_delayed_info,False
D7_obs_error,33,33.8,72,M1_autonomous_Schaefer,True
D7_obs_error,33,33.8,72,M1b_autonomous_Allee,False
D7_obs_error,33,33.8,72,M2_stockflow_regimeC,False
D7_obs_error,33,33.8,72,M3_AR_residual,False
D7_obs_error,33,33.8,72,M4_delayed_info,False
D7_obs_error,33,33.8,73,M1_autonomous_Schaefer,False
D7_obs_error,33,33.8,73,M1b_autonomous_Allee,False
D7_obs_error,33,33.8,73,M2_stockflow_regimeC,False
D7_obs_error,33,33.8,73,M3_AR_residual,False
D7_obs_error,33,33.8,73,M4_delayed_info,False
D7_obs_error,33,33.8,74,M1_autonomous_Schaefer,True
D7_obs_error,33,33.8,74,M1b_autonomous_Allee,False
D7_obs_error,33,33.8,74,M2_stockflow_regimeC,False
D7_obs_error,33,33.8,74,M3_AR_residual,False
D7_obs_error,33,33.8,74,M4_delayed_info,False
D7_obs_error,33,33.8,75,M1_autonomous_Schaefer,True
D7_obs_error,33,33.8,75,M1b_autonomous_Allee,False
D7_obs_error,33,33.8,75,M2_stockflow_regimeC,False
D7_obs_error,33,33.8,75,M3_AR_residual,False
D7_obs_error,33,33.8,75,M4_delayed_info,False
D7_obs_error,33,33.8,76,M1_autonomous_Schaefer,True
D7_obs_error,33,33.8,76,M1b_autonomous_Allee,False
D7_obs_error,33,33.8,76,M2_stockflow_regimeC,False
D7_obs_error,33,33.8,76,M3_AR_residual,False
D7_obs_error,33,33.8,76,M4_delayed_info,False
D7_obs_error,33,33.8,77,M1_autonomous_Schaefer,True
D7_obs_error,33,33.8,77,M1b_autonomous_Allee,False
D7_obs_error,33,33.8,77,M2_stockflow_regimeC,False
D7_obs_error,33,33.8,77,M3_AR_residual,False
D7_obs_error,33,33.8,77,M4_delayed_info,False
D7_obs_error,33,33.8,78,M1_autonomous_Schaefer,True
D7_obs_error,33,33.8,78,M1b_autonomous_Allee,False
D7_obs_error,33,33.8,78,M2_stockflow_regimeC,False
D7_obs_error,33,33.8,78,M3_AR_residual,False
D7_obs_error,33,33.8,78,M4_delayed_info,False
D7_obs_error,33,33.8,79,M1_autonomous_Schaefer,True
D7_obs_error,33,33.8,79,M1b_autonomous_Allee,False
D7_obs_error,33,33.8,79,M2_stockflow_regimeC,False
D7_obs_error,33,33.8,79,M3_AR_residual,False
D7_obs_error,33,33.8,79,M4_delayed_info,False
D7_obs_error,33,33.8,80,M1_autonomous_Schaefer,True
D7_obs_error,33,33.8,80,M1b_autonomous_Allee,False
D7_obs_error,33,33.8,80,M2_stockflow_regimeC,False
D7_obs_error,33,33.8,80,M3_AR_residual,False
D7_obs_error,33,33.8,80,M4_delayed_info,False
D7_obs_error,33,33.8,81,M1_autonomous_Schaefer,True
D7_obs_error,33,33.8,81,M1b_autonomous_Allee,False
D7_obs_error,33,33.8,81,M2_stockflow_regimeC,False
D7_obs_error,33,33.8,81,M3_AR_residual,False
D7_obs_error,33,33.8,81,M4_delayed_info,False
D7_obs_error,33,33.8,82,M1_autonomous_Schaefer,True
D7_obs_error,33,33.8,82,M1b_autonomous_Allee,False
D7_obs_error,33,33.8,82,M2_stockflow_regimeC,False
D7_obs_error,33,33.8,82,M3_AR_residual,False
D7_obs_error,33,33.8,82,M4_delayed_info,False
D7_obs_error,33,33.8,83,M1_autonomous_Schaefer,True
D7_obs_error,33,33.8,83,M1b_autonomous_Allee,False
D7_obs_error,33,33.8,83,M2_stockflow_regimeC,False
D7_obs_error,33,33.8,83,M3_AR_residual,False
D7_obs_error,33,33.8,83,M4_delayed_info,False
D7_obs_error,33,33.8,84,M1_autonomous_Schaefer,True
D7_obs_error,33,33.8,84,M1b_autonomous_Allee,False
D7_obs_error,33,33.8,84,M2_stockflow_regimeC,False
D7_obs_error,33,33.8,84,M3_AR_residual,False
D7_obs_error,33,33.8,84,M4_delayed_info,False
D7_obs_error,33,33.8,85,M1_autonomous_Schaefer,True
D7_obs_error,33,33.8,85,M1b_autonomous_Allee,False
D7_obs_error,33,33.8,85,M2_stockflow_regimeC,False
D7_obs_error,33,33.8,85,M3_AR_residual,False
D7_obs_error,33,33.8,85,M4_delayed_info,False
D7_obs_error,33,33.8,86,M1_autonomous_Schaefer,True
D7_obs_error,33,33.8,86,M1b_autonomous_Allee,False
D7_obs_error,33,33.8,86,M2_stockflow_regimeC,False
D7_obs_error,33,33.8,86,M3_AR_residual,False
D7_obs_error,33,33.8,86,M4_delayed_info,False
D7_obs_error,33,33.8,87,M1_autonomous_Schaefer,True
D7_obs_error,33,33.8,87,M1b_autonomous_Allee,False
D7_obs_error,33,33.8,87,M2_stockflow_regimeC,False
D7_obs_error,33,33.8,87,M3_AR_residual,False
D7_obs_error,33,33.8,87,M4_delayed_info,False
D7_obs_error,33,33.8,88,M1_autonomous_Schaefer,False
D7_obs_error,33,33.8,88,M1b_autonomous_Allee,False
D7_obs_error,33,33.8,88,M2_stockflow_regimeC,False
D7_obs_error,33,33.8,88,M3_AR_residual,False
D7_obs_error,33,33.8,88,M4_delayed_info,False
D7_obs_error,33,33.8,89,M1_autonomous_Schaefer,False
D7_obs_error,33,33.8,89,M1b_autonomous_Allee,False
D7_obs_error,33,33.8,89,M2_stockflow_regimeC,False
D7_obs_error,33,33.8,89,M3_AR_residual,False
D7_obs_error,33,33.8,89,M4_delayed_info,False
D7_obs_error,33,33.8,90,M1_autonomous_Schaefer,True
D7_obs_error,33,33.8,90,M1b_autonomous_Allee,False
D7_obs_error,33,33.8,90,M2_stockflow_regimeC,False
D7_obs_error,33,33.8,90,M3_AR_residual,False
D7_obs_error,33,33.8,90,M4_delayed_info,False
D7_obs_error,33,33.8,91,M1_autonomous_Schaefer,True
D7_obs_error,33,33.8,91,M1b_autonomous_Allee,False
D7_obs_error,33,33.8,91,M2_stockflow_regimeC,False
D7_obs_error,33,33.8,91,M3_AR_residual,False
D7_obs_error,33,33.8,91,M4_delayed_info,False
D7_obs_error,33,33.8,92,M1_autonomous_Schaefer,True
D7_obs_error,33,33.8,92,M1b_autonomous_Allee,False
D7_obs_error,33,33.8,92,M2_stockflow_regimeC,False
D7_obs_error,33,33.8,92,M3_AR_residual,False
D7_obs_error,33,33.8,92,M4_delayed_info,True
D7_obs_error,33,33.8,93,M1_autonomous_Schaefer,True
D7_obs_error,33,33.8,93,M1b_autonomous_Allee,False
D7_obs_error,33,33.8,93,M2_stockflow_regimeC,False
D7_obs_error,33,33.8,93,M3_AR_residual,False
D7_obs_error,33,33.8,93,M4_delayed_info,False
D7_obs_error,33,33.8,94,M1_autonomous_Schaefer,True
D7_obs_error,33,33.8,94,M1b_autonomous_Allee,False
D7_obs_error,33,33.8,94,M2_stockflow_regimeC,False
D7_obs_error,33,33.8,94,M3_AR_residual,False
D7_obs_error,33,33.8,94,M4_delayed_info,False
D7_obs_error,33,33.8,95,M1_autonomous_Schaefer,True
D7_obs_error,33,33.8,95,M1b_autonomous_Allee,False
D7_obs_error,33,33.8,95,M2_stockflow_regimeC,False
D7_obs_error,33,33.8,95,M3_AR_residual,False
D7_obs_error,33,33.8,95,M4_delayed_info,False
D7_obs_error,33,33.8,96,M1_autonomous_Schaefer,True
D7_obs_error,33,33.8,96,M1b_autonomous_Allee,False
D7_obs_error,33,33.8,96,M2_stockflow_regimeC,False
D7_obs_error,33,33.8,96,M3_AR_residual,False
D7_obs_error,33,33.8,96,M4_delayed_info,False
D7_obs_error,33,33.8,97,M1_autonomous_Schaefer,True
D7_obs_error,33,33.8,97,M1b_autonomous_Allee,False
D7_obs_error,33,33.8,97,M2_stockflow_regimeC,False
D7_obs_error,33,33.8,97,M3_AR_residual,False
D7_obs_error,33,33.8,97,M4_delayed_info,False
D7_obs_error,33,33.8,98,M1_autonomous_Schaefer,True
D7_obs_error,33,33.8,98,M1b_autonomous_Allee,False
D7_obs_error,33,33.8,98,M2_stockflow_regimeC,False
D7_obs_error,33,33.8,98,M3_AR_residual,False
D7_obs_error,33,33.8,98,M4_delayed_info,False
D7_obs_error,33,33.8,99,M1_autonomous_Schaefer,True
D7_obs_error,33,33.8,99,M1b_autonomous_Allee,False
D7_obs_error,33,33.8,99,M2_stockflow_regimeC,False
D7_obs_error,33,33.8,99,M3_AR_residual,False
D7_obs_error,33,33.8,99,M4_delayed_info,False
D7_obs_error,33,33.8,100,M1_autonomous_Schaefer,True
D7_obs_error,33,33.8,100,M1b_autonomous_Allee,False
D7_obs_error,33,33.8,100,M2_stockflow_regimeC,False
D7_obs_error,33,33.8,100,M3_AR_residual,False
D7_obs_error,33,33.8,100,M4_delayed_info,False
D7_obs_error,33,33.8,101,M1_autonomous_Schaefer,True
D7_obs_error,33,33.8,101,M1b_autonomous_Allee,False
D7_obs_error,33,33.8,101,M2_stockflow_regimeC,False
D7_obs_error,33,33.8,101,M3_AR_residual,False
D7_obs_error,33,33.8,101,M4_delayed_info,False
D7_obs_error,33,33.8,102,M1_autonomous_Schaefer,True
D7_obs_error,33,33.8,102,M1b_autonomous_Allee,False
D7_obs_error,33,33.8,102,M2_stockflow_regimeC,False
D7_obs_error,33,33.8,102,M3_AR_residual,False
D7_obs_error,33,33.8,102,M4_delayed_info,False
D7_obs_error,33,33.8,103,M1_autonomous_Schaefer,True
D7_obs_error,33,33.8,103,M1b_autonomous_Allee,False
D7_obs_error,33,33.8,103,M2_stockflow_regimeC,False
D7_obs_error,33,33.8,103,M3_AR_residual,False
D7_obs_error,33,33.8,103,M4_delayed_info,False
D7_obs_error,33,33.8,104,M1_autonomous_Schaefer,True
D7_obs_error,33,33.8,104,M1b_autonomous_Allee,False
D7_obs_error,33,33.8,104,M2_stockflow_regimeC,False
D7_obs_error,33,33.8,104,M3_AR_residual,False
D7_obs_error,33,33.8,104,M4_delayed_info,False
D7_obs_error,33,33.8,105,M1_autonomous_Schaefer,True
D7_obs_error,33,33.8,105,M1b_autonomous_Allee,False
D7_obs_error,33,33.8,105,M2_stockflow_regimeC,False
D7_obs_error,33,33.8,105,M3_AR_residual,False
D7_obs_error,33,33.8,105,M4_delayed_info,False
D7_obs_error,33,33.8,106,M1_autonomous_Schaefer,True
D7_obs_error,33,33.8,106,M1b_autonomous_Allee,False
D7_obs_error,33,33.8,106,M2_stockflow_regimeC,False
D7_obs_error,33,33.8,106,M3_AR_residual,False
D7_obs_error,33,33.8,106,M4_delayed_info,False
D7_obs_error,33,33.8,107,M1_autonomous_Schaefer,True
D7_obs_error,33,33.8,107,M1b_autonomous_Allee,False
D7_obs_error,33,33.8,107,M2_stockflow_regimeC,False
D7_obs_error,33,33.8,107,M3_AR_residual,False
D7_obs_error,33,33.8,107,M4_delayed_info,False
D7_obs_error,33,33.8,108,M1_autonomous_Schaefer,True
D7_obs_error,33,33.8,108,M1b_autonomous_Allee,False
D7_obs_error,33,33.8,108,M2_stockflow_regimeC,False
D7_obs_error,33,33.8,108,M3_AR_residual,False
D7_obs_error,33,33.8,108,M4_delayed_info,False
D7_obs_error,33,33.8,109,M1_autonomous_Schaefer,True
D7_obs_error,33,33.8,109,M1b_autonomous_Allee,False
D7_obs_error,33,33.8,109,M2_stockflow_regimeC,False
D7_obs_error,33,33.8,109,M3_AR_residual,False
D7_obs_error,33,33.8,109,M4_delayed_info,False
D7_obs_error,33,33.8,110,M1_autonomous_Schaefer,True
D7_obs_error,33,33.8,110,M1b_autonomous_Allee,False
D7_obs_error,33,33.8,110,M2_stockflow_regimeC,False
D7_obs_error,33,33.8,110,M3_AR_residual,False
D7_obs_error,33,33.8,110,M4_delayed_info,False
D7_obs_error,33,33.8,111,M1_autonomous_Schaefer,True
D7_obs_error,33,33.8,111,M1b_autonomous_Allee,False
D7_obs_error,33,33.8,111,M2_stockflow_regimeC,False
D7_obs_error,33,33.8,111,M3_AR_residual,False
D7_obs_error,33,33.8,111,M4_delayed_info,False
D7_obs_error,33,33.8,112,M1_autonomous_Schaefer,True
D7_obs_error,33,33.8,112,M1b_autonomous_Allee,False
D7_obs_error,33,33.8,112,M2_stockflow_regimeC,False
D7_obs_error,33,33.8,112,M3_AR_residual,False
D7_obs_error,33,33.8,112,M4_delayed_info,False
D7_obs_error,33,33.8,113,M1_autonomous_Schaefer,True
D7_obs_error,33,33.8,113,M1b_autonomous_Allee,False
D7_obs_error,33,33.8,113,M2_stockflow_regimeC,False
D7_obs_error,33,33.8,113,M3_AR_residual,False
D7_obs_error,33,33.8,113,M4_delayed_info,False
D7_obs_error,33,33.8,114,M1_autonomous_Schaefer,True
D7_obs_error,33,33.8,114,M1b_autonomous_Allee,False
D7_obs_error,33,33.8,114,M2_stockflow_regimeC,False
D7_obs_error,33,33.8,114,M3_AR_residual,False
D7_obs_error,33,33.8,114,M4_delayed_info,False
D7_obs_error,33,33.8,115,M1_autonomous_Schaefer,True
D7_obs_error,33,33.8,115,M1b_autonomous_Allee,False
D7_obs_error,33,33.8,115,M2_stockflow_regimeC,False
D7_obs_error,33,33.8,115,M3_AR_residual,False
D7_obs_error,33,33.8,115,M4_delayed_info,False
D7_obs_error,33,33.8,116,M1_autonomous_Schaefer,True
D7_obs_error,33,33.8,116,M1b_autonomous_Allee,False
D7_obs_error,33,33.8,116,M2_stockflow_regimeC,False
D7_obs_error,33,33.8,116,M3_AR_residual,False
D7_obs_error,33,33.8,116,M4_delayed_info,False
D7_obs_error,33,33.8,117,M1_autonomous_Schaefer,True
D7_obs_error,33,33.8,117,M1b_autonomous_Allee,False
D7_obs_error,33,33.8,117,M2_stockflow_regimeC,False
D7_obs_error,33,33.8,117,M3_AR_residual,False
D7_obs_error,33,33.8,117,M4_delayed_info,False
D7_obs_error,33,33.8,118,M1_autonomous_Schaefer,True
D7_obs_error,33,33.8,118,M1b_autonomous_Allee,False
D7_obs_error,33,33.8,118,M2_stockflow_regimeC,False
D7_obs_error,33,33.8,118,M3_AR_residual,False
D7_obs_error,33,33.8,118,M4_delayed_info,False
D7_obs_error,33,33.8,119,M1_autonomous_Schaefer,True
D7_obs_error,33,33.8,119,M1b_autonomous_Allee,False
D7_obs_error,33,33.8,119,M2_stockflow_regimeC,False
D7_obs_error,33,33.8,119,M3_AR_residual,False
D7_obs_error,33,33.8,119,M4_delayed_info,False
D7_obs_error,33,33.8,120,M1_autonomous_Schaefer,True
D7_obs_error,33,33.8,120,M1b_autonomous_Allee,False
D7_obs_error,33,33.8,120,M2_stockflow_regimeC,False
D7_obs_error,33,33.8,120,M3_AR_residual,False
D7_obs_error,33,33.8,120,M4_delayed_info,False
D7_obs_error,33,33.8,121,M1_autonomous_Schaefer,True
D7_obs_error,33,33.8,121,M1b_autonomous_Allee,False
D7_obs_error,33,33.8,121,M2_stockflow_regimeC,False
D7_obs_error,33,33.8,121,M3_AR_residual,False
D7_obs_error,33,33.8,121,M4_delayed_info,False
D7_obs_error,33,33.8,122,M1_autonomous_Schaefer,True
D7_obs_error,33,33.8,122,M1b_autonomous_Allee,False
D7_obs_error,33,33.8,122,M2_stockflow_regimeC,False
D7_obs_error,33,33.8,122,M3_AR_residual,False
D7_obs_error,33,33.8,122,M4_delayed_info,False
D7_obs_error,33,33.8,123,M1_autonomous_Schaefer,True
D7_obs_error,33,33.8,123,M1b_autonomous_Allee,False
D7_obs_error,33,33.8,123,M2_stockflow_regimeC,False
D7_obs_error,33,33.8,123,M3_AR_residual,False
D7_obs_error,33,33.8,123,M4_delayed_info,False
D7_obs_error,33,33.8,124,M1_autonomous_Schaefer,True
D7_obs_error,33,33.8,124,M1b_autonomous_Allee,False
D7_obs_error,33,33.8,124,M2_stockflow_regimeC,False
D7_obs_error,33,33.8,124,M3_AR_residual,False
D7_obs_error,33,33.8,124,M4_delayed_info,False
D7_obs_error,33,33.8,125,M1_autonomous_Schaefer,True
D7_obs_error,33,33.8,125,M1b_autonomous_Allee,False
D7_obs_error,33,33.8,125,M2_stockflow_regimeC,False
D7_obs_error,33,33.8,125,M3_AR_residual,False
D7_obs_error,33,33.8,125,M4_delayed_info,False
D7_obs_error,33,33.8,126,M1_autonomous_Schaefer,True
D7_obs_error,33,33.8,126,M1b_autonomous_Allee,False
D7_obs_error,33,33.8,126,M2_stockflow_regimeC,False
D7_obs_error,33,33.8,126,M3_AR_residual,False
D7_obs_error,33,33.8,126,M4_delayed_info,False
D7_obs_error,33,33.8,127,M1_autonomous_Schaefer,True
D7_obs_error,33,33.8,127,M1b_autonomous_Allee,False
D7_obs_error,33,33.8,127,M2_stockflow_regimeC,False
D7_obs_error,33,33.8,127,M3_AR_residual,False
D7_obs_error,33,33.8,127,M4_delayed_info,False
D7_obs_error,33,33.8,128,M1_autonomous_Schaefer,True
D7_obs_error,33,33.8,128,M1b_autonomous_Allee,False
D7_obs_error,33,33.8,128,M2_stockflow_regimeC,False
D7_obs_error,33,33.8,128,M3_AR_residual,False
D7_obs_error,33,33.8,128,M4_delayed_info,False
D7_obs_error,33,33.8,129,M1_autonomous_Schaefer,False
D7_obs_error,33,33.8,129,M1b_autonomous_Allee,False
D7_obs_error,33,33.8,129,M2_stockflow_regimeC,False
D7_obs_error,33,33.8,129,M3_AR_residual,False
D7_obs_error,33,33.8,129,M4_delayed_info,False
D7_obs_error,33,33.8,130,M1_autonomous_Schaefer,True
D7_obs_error,33,33.8,130,M1b_autonomous_Allee,False
D7_obs_error,33,33.8,130,M2_stockflow_regimeC,False
D7_obs_error,33,33.8,130,M3_AR_residual,False
D7_obs_error,33,33.8,130,M4_delayed_info,False
D7_obs_error,33,33.8,131,M1_autonomous_Schaefer,True
D7_obs_error,33,33.8,131,M1b_autonomous_Allee,False
D7_obs_error,33,33.8,131,M2_stockflow_regimeC,False
D7_obs_error,33,33.8,131,M3_AR_residual,False
D7_obs_error,33,33.8,131,M4_delayed_info,False
D7_obs_error,33,33.8,132,M1_autonomous_Schaefer,True
D7_obs_error,33,33.8,132,M1b_autonomous_Allee,False
D7_obs_error,33,33.8,132,M2_stockflow_regimeC,False
D7_obs_error,33,33.8,132,M3_AR_residual,False
D7_obs_error,33,33.8,132,M4_delayed_info,False
D7_obs_error,33,33.8,133,M1_autonomous_Schaefer,True
D7_obs_error,33,33.8,133,M1b_autonomous_Allee,False
D7_obs_error,33,33.8,133,M2_stockflow_regimeC,False
D7_obs_error,33,33.8,133,M3_AR_residual,False
D7_obs_error,33,33.8,133,M4_delayed_info,False
D7_obs_error,33,33.8,134,M1_autonomous_Schaefer,True
D7_obs_error,33,33.8,134,M1b_autonomous_Allee,False
D7_obs_error,33,33.8,134,M2_stockflow_regimeC,False
D7_obs_error,33,33.8,134,M3_AR_residual,False
D7_obs_error,33,33.8,134,M4_delayed_info,False
D7_obs_error,33,33.8,135,M1_autonomous_Schaefer,True
D7_obs_error,33,33.8,135,M1b_autonomous_Allee,False
D7_obs_error,33,33.8,135,M2_stockflow_regimeC,False
D7_obs_error,33,33.8,135,M3_AR_residual,False
D7_obs_error,33,33.8,135,M4_delayed_info,False
D7_obs_error,33,33.8,136,M1_autonomous_Schaefer,True
D7_obs_error,33,33.8,136,M1b_autonomous_Allee,False
D7_obs_error,33,33.8,136,M2_stockflow_regimeC,False
D7_obs_error,33,33.8,136,M3_AR_residual,False
D7_obs_error,33,33.8,136,M4_delayed_info,False
D7_obs_error,33,33.8,137,M1_autonomous_Schaefer,False
D7_obs_error,33,33.8,137,M1b_autonomous_Allee,False
D7_obs_error,33,33.8,137,M2_stockflow_regimeC,False
D7_obs_error,33,33.8,137,M3_AR_residual,False
D7_obs_error,33,33.8,137,M4_delayed_info,False
D7_obs_error,33,33.8,138,M1_autonomous_Schaefer,False
D7_obs_error,33,33.8,138,M1b_autonomous_Allee,False
D7_obs_error,33,33.8,138,M2_stockflow_regimeC,False
D7_obs_error,33,33.8,138,M3_AR_residual,False
D7_obs_error,33,33.8,138,M4_delayed_info,False
D7_obs_error,33,33.8,139,M1_autonomous_Schaefer,True
D7_obs_error,33,33.8,139,M1b_autonomous_Allee,False
D7_obs_error,33,33.8,139,M2_stockflow_regimeC,False
D7_obs_error,33,33.8,139,M3_AR_residual,False
D7_obs_error,33,33.8,139,M4_delayed_info,False
D7_obs_error,33,33.8,140,M1_autonomous_Schaefer,True
D7_obs_error,33,33.8,140,M1b_autonomous_Allee,False
D7_obs_error,33,33.8,140,M2_stockflow_regimeC,False
D7_obs_error,33,33.8,140,M3_AR_residual,False
D7_obs_error,33,33.8,140,M4_delayed_info,False
D7_obs_error,33,33.8,141,M1_autonomous_Schaefer,True
D7_obs_error,33,33.8,141,M1b_autonomous_Allee,False
D7_obs_error,33,33.8,141,M2_stockflow_regimeC,False
D7_obs_error,33,33.8,141,M3_AR_residual,False
D7_obs_error,33,33.8,141,M4_delayed_info,False
D7_obs_error,33,33.8,142,M1_autonomous_Schaefer,True
D7_obs_error,33,33.8,142,M1b_autonomous_Allee,False
D7_obs_error,33,33.8,142,M2_stockflow_regimeC,False
D7_obs_error,33,33.8,142,M3_AR_residual,False
D7_obs_error,33,33.8,142,M4_delayed_info,False
D7_obs_error,33,33.8,143,M1_autonomous_Schaefer,True
D7_obs_error,33,33.8,143,M1b_autonomous_Allee,False
D7_obs_error,33,33.8,143,M2_stockflow_regimeC,False
D7_obs_error,33,33.8,143,M3_AR_residual,False
D7_obs_error,33,33.8,143,M4_delayed_info,False
D7_obs_error,33,33.8,144,M1_autonomous_Schaefer,True
D7_obs_error,33,33.8,144,M1b_autonomous_Allee,False
D7_obs_error,33,33.8,144,M2_stockflow_regimeC,False
D7_obs_error,33,33.8,144,M3_AR_residual,False
D7_obs_error,33,33.8,144,M4_delayed_info,False
D7_obs_error,33,33.8,145,M1_autonomous_Schaefer,True
D7_obs_error,33,33.8,145,M1b_autonomous_Allee,False
D7_obs_error,33,33.8,145,M2_stockflow_regimeC,False
D7_obs_error,33,33.8,145,M3_AR_residual,False
D7_obs_error,33,33.8,145,M4_delayed_info,False
D7_obs_error,33,33.8,146,M1_autonomous_Schaefer,True
D7_obs_error,33,33.8,146,M1b_autonomous_Allee,False
D7_obs_error,33,33.8,146,M2_stockflow_regimeC,False
D7_obs_error,33,33.8,146,M3_AR_residual,False
D7_obs_error,33,33.8,146,M4_delayed_info,False
D7_obs_error,33,33.8,147,M1_autonomous_Schaefer,True
D7_obs_error,33,33.8,147,M1b_autonomous_Allee,False
D7_obs_error,33,33.8,147,M2_stockflow_regimeC,False
D7_obs_error,33,33.8,147,M3_AR_residual,False
D7_obs_error,33,33.8,147,M4_delayed_info,False
D7_obs_error,33,33.8,148,M1_autonomous_Schaefer,True
D7_obs_error,33,33.8,148,M1b_autonomous_Allee,False
D7_obs_error,33,33.8,148,M2_stockflow_regimeC,False
D7_obs_error,33,33.8,148,M3_AR_residual,False
D7_obs_error,33,33.8,148,M4_delayed_info,False
D7_obs_error,33,33.8,149,M1_autonomous_Schaefer,True
D7_obs_error,33,33.8,149,M1b_autonomous_Allee,False
D7_obs_error,33,33.8,149,M2_stockflow_regimeC,False
D7_obs_error,33,33.8,149,M3_AR_residual,False
D7_obs_error,33,33.8,149,M4_delayed_info,False
D7_obs_error,33,33.8,150,M1_autonomous_Schaefer,True
D7_obs_error,33,33.8,150,M1b_autonomous_Allee,False
D7_obs_error,33,33.8,150,M2_stockflow_regimeC,False
D7_obs_error,33,33.8,150,M3_AR_residual,False
D7_obs_error,33,33.8,150,M4_delayed_info,False
D7_obs_error,33,33.8,151,M1_autonomous_Schaefer,True
D7_obs_error,33,33.8,151,M1b_autonomous_Allee,False
D7_obs_error,33,33.8,151,M2_stockflow_regimeC,False
D7_obs_error,33,33.8,151,M3_AR_residual,False
D7_obs_error,33,33.8,151,M4_delayed_info,False
D7_obs_error,33,33.8,152,M1_autonomous_Schaefer,True
D7_obs_error,33,33.8,152,M1b_autonomous_Allee,False
D7_obs_error,33,33.8,152,M2_stockflow_regimeC,False
D7_obs_error,33,33.8,152,M3_AR_residual,False
D7_obs_error,33,33.8,152,M4_delayed_info,False
D7_obs_error,33,33.8,153,M1_autonomous_Schaefer,True
D7_obs_error,33,33.8,153,M1b_autonomous_Allee,False
D7_obs_error,33,33.8,153,M2_stockflow_regimeC,False
D7_obs_error,33,33.8,153,M3_AR_residual,False
D7_obs_error,33,33.8,153,M4_delayed_info,False
D7_obs_error,33,33.8,154,M1_autonomous_Schaefer,True
D7_obs_error,33,33.8,154,M1b_autonomous_Allee,False
D7_obs_error,33,33.8,154,M2_stockflow_regimeC,False
D7_obs_error,33,33.8,154,M3_AR_residual,False
D7_obs_error,33,33.8,154,M4_delayed_info,False
D7_obs_error,33,33.8,155,M1_autonomous_Schaefer,True
D7_obs_error,33,33.8,155,M1b_autonomous_Allee,False
D7_obs_error,33,33.8,155,M2_stockflow_regimeC,False
D7_obs_error,33,33.8,155,M3_AR_residual,False
D7_obs_error,33,33.8,155,M4_delayed_info,False
D7_obs_error,33,33.8,156,M1_autonomous_Schaefer,True
D7_obs_error,33,33.8,156,M1b_autonomous_Allee,False
D7_obs_error,33,33.8,156,M2_stockflow_regimeC,False
D7_obs_error,33,33.8,156,M3_AR_residual,False
D7_obs_error,33,33.8,156,M4_delayed_info,False
D7_obs_error,33,33.8,157,M1_autonomous_Schaefer,True
D7_obs_error,33,33.8,157,M1b_autonomous_Allee,False
D7_obs_error,33,33.8,157,M2_stockflow_regimeC,False
D7_obs_error,33,33.8,157,M3_AR_residual,False
D7_obs_error,33,33.8,157,M4_delayed_info,False
D7_obs_error,33,33.8,158,M1_autonomous_Schaefer,True
D7_obs_error,33,33.8,158,M1b_autonomous_Allee,False
D7_obs_error,33,33.8,158,M2_stockflow_regimeC,False
D7_obs_error,33,33.8,158,M3_AR_residual,False
D7_obs_error,33,33.8,158,M4_delayed_info,False
D7_obs_error,33,33.8,159,M1_autonomous_Schaefer,True
D7_obs_error,33,33.8,159,M1b_autonomous_Allee,False
D7_obs_error,33,33.8,159,M2_stockflow_regimeC,False
D7_obs_error,33,33.8,159,M3_AR_residual,False
D7_obs_error,33,33.8,159,M4_delayed_info,False
D7_obs_error,33,33.8,160,M1_autonomous_Schaefer,True
D7_obs_error,33,33.8,160,M1b_autonomous_Allee,False
D7_obs_error,33,33.8,160,M2_stockflow_regimeC,False
D7_obs_error,33,33.8,160,M3_AR_residual,False
D7_obs_error,33,33.8,160,M4_delayed_info,False
D7_obs_error,33,33.8,161,M1_autonomous_Schaefer,True
D7_obs_error,33,33.8,161,M1b_autonomous_Allee,False
D7_obs_error,33,33.8,161,M2_stockflow_regimeC,False
D7_obs_error,33,33.8,161,M3_AR_residual,False
D7_obs_error,33,33.8,161,M4_delayed_info,False
D7_obs_error,33,33.8,162,M1_autonomous_Schaefer,True
D7_obs_error,33,33.8,162,M1b_autonomous_Allee,False
D7_obs_error,33,33.8,162,M2_stockflow_regimeC,False
D7_obs_error,33,33.8,162,M3_AR_residual,False
D7_obs_error,33,33.8,162,M4_delayed_info,False
D7_obs_error,33,33.8,163,M1_autonomous_Schaefer,True
D7_obs_error,33,33.8,163,M1b_autonomous_Allee,False
D7_obs_error,33,33.8,163,M2_stockflow_regimeC,False
D7_obs_error,33,33.8,163,M3_AR_residual,False
D7_obs_error,33,33.8,163,M4_delayed_info,False
D7_obs_error,33,33.8,164,M1_autonomous_Schaefer,True
D7_obs_error,33,33.8,164,M1b_autonomous_Allee,False
D7_obs_error,33,33.8,164,M2_stockflow_regimeC,False
D7_obs_error,33,33.8,164,M3_AR_residual,False
D7_obs_error,33,33.8,164,M4_delayed_info,False
D7_obs_error,33,33.8,165,M1_autonomous_Schaefer,True
D7_obs_error,33,33.8,165,M1b_autonomous_Allee,False
D7_obs_error,33,33.8,165,M2_stockflow_regimeC,False
D7_obs_error,33,33.8,165,M3_AR_residual,False
D7_obs_error,33,33.8,165,M4_delayed_info,False
D7_obs_error,33,33.8,166,M1_autonomous_Schaefer,True
D7_obs_error,33,33.8,166,M1b_autonomous_Allee,False
D7_obs_error,33,33.8,166,M2_stockflow_regimeC,False
D7_obs_error,33,33.8,166,M3_AR_residual,False
D7_obs_error,33,33.8,166,M4_delayed_info,False
D7_obs_error,33,33.8,167,M1_autonomous_Schaefer,True
D7_obs_error,33,33.8,167,M1b_autonomous_Allee,False
D7_obs_error,33,33.8,167,M2_stockflow_regimeC,False
D7_obs_error,33,33.8,167,M3_AR_residual,False
D7_obs_error,33,33.8,167,M4_delayed_info,False
D7_obs_error,33,33.8,168,M1_autonomous_Schaefer,True
D7_obs_error,33,33.8,168,M1b_autonomous_Allee,False
D7_obs_error,33,33.8,168,M2_stockflow_regimeC,False
D7_obs_error,33,33.8,168,M3_AR_residual,False
D7_obs_error,33,33.8,168,M4_delayed_info,False
D7_obs_error,33,33.8,169,M1_autonomous_Schaefer,True
D7_obs_error,33,33.8,169,M1b_autonomous_Allee,False
D7_obs_error,33,33.8,169,M2_stockflow_regimeC,False
D7_obs_error,33,33.8,169,M3_AR_residual,False
D7_obs_error,33,33.8,169,M4_delayed_info,False
D7_obs_error,33,33.8,170,M1_autonomous_Schaefer,True
D7_obs_error,33,33.8,170,M1b_autonomous_Allee,False
D7_obs_error,33,33.8,170,M2_stockflow_regimeC,False
D7_obs_error,33,33.8,170,M3_AR_residual,False
D7_obs_error,33,33.8,170,M4_delayed_info,False
D7_obs_error,33,33.8,171,M1_autonomous_Schaefer,True
D7_obs_error,33,33.8,171,M1b_autonomous_Allee,False
D7_obs_error,33,33.8,171,M2_stockflow_regimeC,False
D7_obs_error,33,33.8,171,M3_AR_residual,False
D7_obs_error,33,33.8,171,M4_delayed_info,False
D7_obs_error,33,33.8,172,M1_autonomous_Schaefer,True
D7_obs_error,33,33.8,172,M1b_autonomous_Allee,False
D7_obs_error,33,33.8,172,M2_stockflow_regimeC,False
D7_obs_error,33,33.8,172,M3_AR_residual,False
D7_obs_error,33,33.8,172,M4_delayed_info,False
D7_obs_error,33,33.8,173,M1_autonomous_Schaefer,True
D7_obs_error,33,33.8,173,M1b_autonomous_Allee,False
D7_obs_error,33,33.8,173,M2_stockflow_regimeC,False
D7_obs_error,33,33.8,173,M3_AR_residual,False
D7_obs_error,33,33.8,173,M4_delayed_info,False
D7_obs_error,33,33.8,174,M1_autonomous_Schaefer,True
D7_obs_error,33,33.8,174,M1b_autonomous_Allee,False
D7_obs_error,33,33.8,174,M2_stockflow_regimeC,False
D7_obs_error,33,33.8,174,M3_AR_residual,False
D7_obs_error,33,33.8,174,M4_delayed_info,False
D7_obs_error,33,33.8,175,M1_autonomous_Schaefer,True
D7_obs_error,33,33.8,175,M1b_autonomous_Allee,False
D7_obs_error,33,33.8,175,M2_stockflow_regimeC,False
D7_obs_error,33,33.8,175,M3_AR_residual,False
D7_obs_error,33,33.8,175,M4_delayed_info,False
D7_obs_error,33,33.8,176,M1_autonomous_Schaefer,True
D7_obs_error,33,33.8,176,M1b_autonomous_Allee,False
D7_obs_error,33,33.8,176,M2_stockflow_regimeC,False
D7_obs_error,33,33.8,176,M3_AR_residual,False
D7_obs_error,33,33.8,176,M4_delayed_info,False
D7_obs_error,33,33.8,177,M1_autonomous_Schaefer,True
D7_obs_error,33,33.8,177,M1b_autonomous_Allee,False
D7_obs_error,33,33.8,177,M2_stockflow_regimeC,False
D7_obs_error,33,33.8,177,M3_AR_residual,False
D7_obs_error,33,33.8,177,M4_delayed_info,False
D7_obs_error,33,33.8,178,M1_autonomous_Schaefer,True
D7_obs_error,33,33.8,178,M1b_autonomous_Allee,False
D7_obs_error,33,33.8,178,M2_stockflow_regimeC,False
D7_obs_error,33,33.8,178,M3_AR_residual,False
D7_obs_error,33,33.8,178,M4_delayed_info,False
D7_obs_error,33,33.8,179,M1_autonomous_Schaefer,True
D7_obs_error,33,33.8,179,M1b_autonomous_Allee,False
D7_obs_error,33,33.8,179,M2_stockflow_regimeC,False
D7_obs_error,33,33.8,179,M3_AR_residual,False
D7_obs_error,33,33.8,179,M4_delayed_info,False
D7_obs_error,33,33.8,180,M1_autonomous_Schaefer,True
D7_obs_error,33,33.8,180,M1b_autonomous_Allee,False
D7_obs_error,33,33.8,180,M2_stockflow_regimeC,False
D7_obs_error,33,33.8,180,M3_AR_residual,False
D7_obs_error,33,33.8,180,M4_delayed_info,False
D7_obs_error,33,33.8,181,M1_autonomous_Schaefer,True
D7_obs_error,33,33.8,181,M1b_autonomous_Allee,False
D7_obs_error,33,33.8,181,M2_stockflow_regimeC,False
D7_obs_error,33,33.8,181,M3_AR_residual,False
D7_obs_error,33,33.8,181,M4_delayed_info,False
D7_obs_error,33,33.8,182,M1_autonomous_Schaefer,True
D7_obs_error,33,33.8,182,M1b_autonomous_Allee,False
D7_obs_error,33,33.8,182,M2_stockflow_regimeC,False
D7_obs_error,33,33.8,182,M3_AR_residual,False
D7_obs_error,33,33.8,182,M4_delayed_info,False
D7_obs_error,33,33.8,183,M1_autonomous_Schaefer,True
D7_obs_error,33,33.8,183,M1b_autonomous_Allee,False
D7_obs_error,33,33.8,183,M2_stockflow_regimeC,False
D7_obs_error,33,33.8,183,M3_AR_residual,False
D7_obs_error,33,33.8,183,M4_delayed_info,False
D7_obs_error,33,33.8,184,M1_autonomous_Schaefer,True
D7_obs_error,33,33.8,184,M1b_autonomous_Allee,False
D7_obs_error,33,33.8,184,M2_stockflow_regimeC,False
D7_obs_error,33,33.8,184,M3_AR_residual,False
D7_obs_error,33,33.8,184,M4_delayed_info,False
D7_obs_error,33,33.8,185,M1_autonomous_Schaefer,True
D7_obs_error,33,33.8,185,M1b_autonomous_Allee,False
D7_obs_error,33,33.8,185,M2_stockflow_regimeC,False
D7_obs_error,33,33.8,185,M3_AR_residual,False
D7_obs_error,33,33.8,185,M4_delayed_info,False
D7_obs_error,33,33.8,186,M1_autonomous_Schaefer,True
D7_obs_error,33,33.8,186,M1b_autonomous_Allee,False
D7_obs_error,33,33.8,186,M2_stockflow_regimeC,False
D7_obs_error,33,33.8,186,M3_AR_residual,False
D7_obs_error,33,33.8,186,M4_delayed_info,False
D7_obs_error,33,33.8,187,M1_autonomous_Schaefer,False
D7_obs_error,33,33.8,187,M1b_autonomous_Allee,False
D7_obs_error,33,33.8,187,M2_stockflow_regimeC,False
D7_obs_error,33,33.8,187,M3_AR_residual,False
D7_obs_error,33,33.8,187,M4_delayed_info,False
D7_obs_error,33,33.8,188,M1_autonomous_Schaefer,True
D7_obs_error,33,33.8,188,M1b_autonomous_Allee,False
D7_obs_error,33,33.8,188,M2_stockflow_regimeC,False
D7_obs_error,33,33.8,188,M3_AR_residual,False
D7_obs_error,33,33.8,188,M4_delayed_info,False
D7_obs_error,33,33.8,189,M1_autonomous_Schaefer,False
D7_obs_error,33,33.8,189,M1b_autonomous_Allee,False
D7_obs_error,33,33.8,189,M2_stockflow_regimeC,False
D7_obs_error,33,33.8,189,M3_AR_residual,False
D7_obs_error,33,33.8,189,M4_delayed_info,False
D7_obs_error,33,33.8,190,M1_autonomous_Schaefer,True
D7_obs_error,33,33.8,190,M1b_autonomous_Allee,False
D7_obs_error,33,33.8,190,M2_stockflow_regimeC,False
D7_obs_error,33,33.8,190,M3_AR_residual,False
D7_obs_error,33,33.8,190,M4_delayed_info,False
D7_obs_error,33,33.8,191,M1_autonomous_Schaefer,True
D7_obs_error,33,33.8,191,M1b_autonomous_Allee,False
D7_obs_error,33,33.8,191,M2_stockflow_regimeC,False
D7_obs_error,33,33.8,191,M3_AR_residual,False
D7_obs_error,33,33.8,191,M4_delayed_info,False
D7_obs_error,33,33.8,192,M1_autonomous_Schaefer,True
D7_obs_error,33,33.8,192,M1b_autonomous_Allee,False
D7_obs_error,33,33.8,192,M2_stockflow_regimeC,False
D7_obs_error,33,33.8,192,M3_AR_residual,False
D7_obs_error,33,33.8,192,M4_delayed_info,False
D7_obs_error,33,33.8,193,M1_autonomous_Schaefer,True
D7_obs_error,33,33.8,193,M1b_autonomous_Allee,False
D7_obs_error,33,33.8,193,M2_stockflow_regimeC,False
D7_obs_error,33,33.8,193,M3_AR_residual,False
D7_obs_error,33,33.8,193,M4_delayed_info,False
D7_obs_error,33,33.8,194,M1_autonomous_Schaefer,True
D7_obs_error,33,33.8,194,M1b_autonomous_Allee,False
D7_obs_error,33,33.8,194,M2_stockflow_regimeC,False
D7_obs_error,33,33.8,194,M3_AR_residual,False
D7_obs_error,33,33.8,194,M4_delayed_info,False
D7_obs_error,33,33.8,195,M1_autonomous_Schaefer,True
D7_obs_error,33,33.8,195,M1b_autonomous_Allee,False
D7_obs_error,33,33.8,195,M2_stockflow_regimeC,False
D7_obs_error,33,33.8,195,M3_AR_residual,False
D7_obs_error,33,33.8,195,M4_delayed_info,False
D7_obs_error,33,33.8,196,M1_autonomous_Schaefer,True
D7_obs_error,33,33.8,196,M1b_autonomous_Allee,False
D7_obs_error,33,33.8,196,M2_stockflow_regimeC,False
D7_obs_error,33,33.8,196,M3_AR_residual,False
D7_obs_error,33,33.8,196,M4_delayed_info,False
D7_obs_error,33,33.8,197,M1_autonomous_Schaefer,True
D7_obs_error,33,33.8,197,M1b_autonomous_Allee,False
D7_obs_error,33,33.8,197,M2_stockflow_regimeC,False
D7_obs_error,33,33.8,197,M3_AR_residual,False
D7_obs_error,33,33.8,197,M4_delayed_info,False
D7_obs_error,33,33.8,198,M1_autonomous_Schaefer,True
D7_obs_error,33,33.8,198,M1b_autonomous_Allee,False
D7_obs_error,33,33.8,198,M2_stockflow_regimeC,False
D7_obs_error,33,33.8,198,M3_AR_residual,False
D7_obs_error,33,33.8,198,M4_delayed_info,False
D7_obs_error,33,33.8,199,M1_autonomous_Schaefer,True
D7_obs_error,33,33.8,199,M1b_autonomous_Allee,False
D7_obs_error,33,33.8,199,M2_stockflow_regimeC,False
D7_obs_error,33,33.8,199,M3_AR_residual,False
D7_obs_error,33,33.8,199,M4_delayed_info,False
