K,period,mode,state,real,imag,real_lo_1ulp,real_hi_1ulp,imag_lo_1ulp,imag_hi_1ulp
120,370.93117783955665,-120,N,5.5019666522865239e-15,-1.9760807896113745e-14,5.5019666522865232e-15,5.5019666522865247e-15,-1.9760807896113748e-14,-1.9760807896113742e-14
120,370.93117783955665,-120,A,2.8605841996865908e-14,-2.4777032997482171e-14,2.8605841996865901e-14,2.8605841996865914e-14,-2.4777032997482174e-14,-2.4777032997482168e-14
120,370.93117783955665,-120,Z,-9.486747109188042e-14,-8.8879152412047045e-15,-9.4867471091880433e-14,-9.4867471091880408e-14,-8.8879152412047061e-15,-8.887915241204703e-15
120,370.93117783955665,-120,E,4.341277869746688e-13,1.6656514746247826e-13,4.3412778697466874e-13,4.3412778697466885e-13,1.6656514746247824e-13,1.6656514746247829e-13
120,370.93117783955665,-119,N,-8.0652843863387411e-15,5.5446472458310914e-15,-8.0652843863387427e-15,-8.0652843863387395e-15,5.5446472458310906e-15,5.5446472458310922e-15
120,370.93117783955665,-119,A,1.7547229616572745e-14,2.3634088484817635e-15,1.7547229616572742e-14,1.7547229616572748e-14,2.3634088484817631e-15,2.3634088484817639e-15
120,370.93117783955665,-119,Z,8.8423116927754885e-14,5.0479639368049535e-14,8.8423116927754873e-14,8.8423116927754898e-14,5.0479639368049529e-14,5.0479639368049542e-14
120,370.93117783955665,-119,E,-2.5634046848592992e-13,-3.3897248151632968e-13,-2.5634046848592997e-13,-2.5634046848592987e-13,-3.3897248151632973e-13,-3.3897248151632963e-13
120,370.93117783955665,-118,N,1.075901391642151e-14,-2.4682104706307225e-15,1.0759013916421508e-14,1.0759013916421511e-14,-2.4682104706307229e-15,-2.4682104706307221e-15
120,370.93117783955665,-118,A,1.5059257710171556e-14,1.4332668296358479e-14,1.5059257710171552e-14,1.5059257710171559e-14,1.4332668296358476e-14,1.4332668296358482e-14
120,370.93117783955665,-118,Z,-6.4137584196340523e-14,-8.9881436381282613e-14,-6.4137584196340535e-14,-6.413758419634051e-14,-8.9881436381282626e-14,-8.9881436381282601e-14
120,370.93117783955665,-118,E,1.0232469914386116e-13,4.111375590231739e-13,1.0232469914386115e-13,1.0232469914386117e-13,4.1113755902317385e-13,4.1113755902317395e-13
120,370.93117783955665,-117,N,-9.2829367789820783e-15,-3.4203142614285652e-16,-9.2829367789820798e-15,-9.2829367789820767e-15,-3.4203142614285656e-16,-3.4203142614285647e-16
120,370.93117783955665,-117,A,3.0018727916075287e-14,5.9768181796632561e-15,3.0018727916075281e-14,3.0018727916075294e-14,5.9768181796632553e-15,5.9768181796632569e-15
120,370.93117783955665,-117,Z,2.2408799380374694e-14,1.210430922413244e-13,2.2408799380374691e-14,2.2408799380374697e-14,1.2104309224132437e-13,1.2104309224132442e-13
120,370.93117783955665,-117,E,5.8891825013638769e-14,-4.6281022224519225e-13,5.8891825013638757e-14,5.8891825013638782e-14,-4.6281022224519236e-13,-4.6281022224519215e-13
120,370.93117783955665,-116,N,9.060362823511757e-15,3.8787278552872773e-15,9.0603628235117554e-15,9.0603628235117585e-15,3.8787278552872765e-15,3.8787278552872781e-15
120,370.93117783955665,-116,A,-3.4829423357010259e-14,-1.8919958247220256e-14,-3.4829423357010266e-14,-3.4829423357010253e-14,-1.8919958247220259e-14,-1.8919958247220252e-14
120,370.93117783955665,-116,Z,3.6434972865168989e-14,-1.3580445061805102e-13,3.6434972865168983e-14,3.6434972865168995e-14,-1.3580445061805104e-13,-1.3580445061805099e-13
120,370.93117783955665,-116,E,-2.6317755177022643e-13,4.732952376593711e-13,-2.6317755177022648e-13,-2.6317755177022638e-13,4.73295237659371e-13,4.732952376593712e-13
120,370.93117783955665,-115,N,-9.8068966532846558e-15,-1.2877191209170431e-14,-9.8068966532846573e-15,-9.8068966532846542e-15,-1.2877191209170433e-14,-1.2877191209170429e-14
120,370.93117783955665,-115,A,-1.3938248566294004e-14,-1.5696749529178166e-14,-1.3938248566294006e-14,-1.3938248566294002e-14,-1.569674952917817e-14,-1.5696749529178163e-14
120,370.93117783955665,-115,Z,-1.0738685743419678e-13,1.2325665411395926e-13,-1.0738685743419679e-13,-1.0738685743419677e-13,1.2325665411395923e-13,1.2325665411395928e-13
120,370.93117783955665,-115,E,5.0156527682572287e-13,-3.9925242050250685e-13,5.0156527682572277e-13,5.0156527682572297e-13,-3.992524205025069e-13,-3.992524205025068e-13
120,370.93117783955665,-114,N,3.7973632407380031e-15,1.4929753089457028e-14,3.7973632407380023e-15,3.7973632407380039e-15,1.4929753089457025e-14,1.4929753089457031e-14
120,370.93117783955665,-114,A,5.3575736209274182e-15,4.9789808010803112e-15,5.3575736209274174e-15,5.3575736209274189e-15,4.9789808010803105e-15,4.978980801080312e-15
120,370.93117783955665,-114,Z,1.7791312077044547e-13,-7.353312275080172e-14,1.7791312077044545e-13,1.779131207704455e-13,-7.3533122750801733e-14,-7.3533122750801708e-14
120,370.93117783955665,-114,E,-7.3635799655137191e-13,2.0998716277384262e-13,-7.3635799655137201e-13,-7.363579965513718e-13,2.099871627738426e-13,2.0998716277384265e-13
120,370.93117783955665,-113,N,2.5160170748623268e-15,-1.8793077526497784e-14,2.5160170748623264e-15,2.5160170748623271e-15,-1.8793077526497787e-14,-1.879307752649778e-14
120,370.93117783955665,-113,A,-3.891638206494634e-15,2.1587538272623493e-15,-3.8916382064946348e-15,-3.8916382064946333e-15,2.1587538272623489e-15,2.1587538272623497e-15
120,370.93117783955665,-113,Z,-2.2806455266441478e-13,-1.7443696973318152e-14,-2.2806455266441483e-13,-2.2806455266441473e-13,-1.7443696973318155e-14,-1.7443696973318149e-14
120,370.93117783955665,-113,E,9.155949728848101e-13,1.0722615857882274e-13,9.155949728848099e-13,9.155949728848103e-13,1.0722615857882272e-13,1.0722615857882275e-13
120,370.93117783955665,-112,N,-1.2194951319968387e-14,2.4114987098456621e-14,-1.2194951319968388e-14,-1.2194951319968385e-14,2.4114987098456618e-14,2.4114987098456624e-14
120,370.93117783955665,-112,A,1.3044665784325116e-15,8.2709646939096914e-15,1.3044665784325114e-15,1.3044665784325118e-15,8.2709646939096898e-15,8.270964693909693e-15
120,370.93117783955665,-112,Z,2.3335222949996404e-13,1.4276846552847281e-13,2.3335222949996399e-13,2.3335222949996409e-13,1.4276846552847279e-13,1.4276846552847284e-13
120,370.93117783955665,-112,E,-9.7341670685650254e-13,-5.4663696329639524e-13,-9.7341670685650274e-13,-9.7341670685650234e-13,-5.4663696329639534e-13,-5.4663696329639514e-13
120,370.93117783955665,-111,N,2.3774313671741272e-14,-1.7519860671595385e-14,2.3774313671741269e-14,2.3774313671741275e-14,-1.7519860671595388e-14,-1.7519860671595382e-14
120,370.93117783955665,-111,A,-6.7497516622888564e-15,2.4468703527893549e-14,-6.7497516622888572e-15,-6.7497516622888556e-15,2.4468703527893546e-14,2.4468703527893552e-14
120,370.93117783955665,-111,Z,-1.7060029731682279e-13,-2.8091495556798382e-13,-1.7060029731682281e-13,-1.7060029731682276e-13,-2.8091495556798387e-13,-2.8091495556798377e-13
120,370.93117783955665,-111,E,8.3530565463006645e-13,1.0719725344740921e-12,8.3530565463006635e-13,8.3530565463006655e-13,1.0719725344740919e-12,1.0719725344740923e-12
120,370.93117783955665,-110,N,-3.8777553496269895e-14,7.1142869448432766e-15,-3.8777553496269901e-14,-3.8777553496269889e-14,7.1142869448432751e-15,7.1142869448432782e-15
120,370.93117783955665,-110,A,-1.2829042927347821e-14,2.9494574120177813e-16,-1.2829042927347822e-14,-1.2829042927347819e-14,2.9494574120177808e-16,2.9494574120177818e-16
120,370.93117783955665,-110,Z,2.6659684682308952e-14,3.9527982754413116e-13,2.6659684682308949e-14,2.6659684682308955e-14,3.952798275441311e-13,3.9527982754413121e-13
120,370.93117783955665,-110,E,-4.3137789207429704e-13,-1.6022618969546966e-12,-4.3137789207429709e-13,-4.3137789207429699e-13,-1.6022618969546968e-12,-1.6022618969546964e-12
120,370.93117783955665,-109,N,5.0816499948669493e-14,5.940408949585538e-15,5.0816499948669487e-14,5.08164999486695e-14,5.9404089495855372e-15,5.9404089495855388e-15
120,370.93117783955665,-109,A,-1.7213241961995114e-14,-1.2024539445110308e-14,-1.7213241961995118e-14,-1.7213241961995111e-14,-1.2024539445110309e-14,-1.2024539445110306e-14
120,370.93117783955665,-109,Z,1.9200850178111486e-13,-4.3847661826990817e-13,1.9200850178111484e-13,1.9200850178111489e-13,-4.3847661826990822e-13,-4.3847661826990812e-13
120,370.93117783955665,-109,E,-2.7844231386949236e-13,2.010332556226616e-12,-2.7844231386949241e-13,-2.7844231386949231e-13,2.0103325562266156e-12,2.0103325562266164e-12
120,370.93117783955665,-108,N,-5.0078487046886365e-14,-3.2428956568843338e-14,-5.0078487046886371e-14,-5.0078487046886359e-14,-3.2428956568843344e-14,-3.2428956568843332e-14
120,370.93117783955665,-108,A,-8.3473379401138185e-15,2.7049815276444122e-15,-8.3473379401138201e-15,-8.3473379401138169e-15,2.7049815276444118e-15,2.7049815276444126e-15
120,370.93117783955665,-108,Z,-4.5159648670175577e-13,3.6281249744674424e-13,-4.5159648670175582e-13,-4.5159648670175572e-13,3.6281249744674419e-13,3.6281249744674429e-13
120,370.93117783955665,-108,E,1.2773675234192252e-12,-2.1318695913861572e-12,1.277367523419225e-12,1.2773675234192254e-12,-2.1318695913861576e-12,-2.1318695913861568e-12
120,370.93117783955665,-107,N,3.9706321365754054e-14,5.9926071874652139e-14,3.9706321365754048e-14,3.970632136575406e-14,5.9926071874652126e-14,5.9926071874652151e-14
120,370.93117783955665,-107,A,9.7094898485625072e-16,1.3964715823366909e-15,9.7094898485625053e-16,9.7094898485625092e-16,1.3964715823366907e-15,1.3964715823366911e-15
120,370.93117783955665,-107,Z,6.886467362935561e-13,-1.3580778262679789e-13,6.88646736293556e-13,6.886467362935562e-13,-1.3580778262679791e-13,-1.3580778262679786e-13
120,370.93117783955665,-107,E,-2.4645234748141163e-12,1.7891707142716924e-12,-2.4645234748141167e-12,-2.4645234748141159e-12,1.7891707142716922e-12,1.7891707142716926e-12
120,370.93117783955665,-106,N,-1.716608594891555e-14,-9.1222096167306849e-14,-1.7166085948915553e-14,-1.7166085948915547e-14,-9.1222096167306862e-14,-9.1222096167306836e-14
120,370.93117783955665,-106,A,3.043948818153671e-15,-2.4386654502229883e-14,3.0439488181536706e-15,3.0439488181536714e-15,-2.4386654502229886e-14,-2.438665450222988e-14
120,370.93117783955665,-106,Z,-8.1618141022444115e-13,-2.4175214739170352e-13,-8.1618141022444125e-13,-8.1618141022444105e-13,-2.4175214739170357e-13,-2.4175214739170347e-13
120,370.93117783955665,-106,E,3.6395116875435444e-12,-8.3055261291117321e-13,3.6395116875435436e-12,3.6395116875435452e-12,-8.3055261291117331e-13,-8.3055261291117311e-13
120,370.93117783955665,-105,N,-2.4408466929410727e-14,1.0660571758928451e-13,-2.4408466929410731e-14,-2.4408466929410724e-14,1.0660571758928449e-13,1.0660571758928452e-13
120,370.93117783955665,-105,A,9.9144862551362219e-15,-2.8882754514495659e-14,9.9144862551362203e-15,9.9144862551362234e-15,-2.8882754514495665e-14,-2.8882754514495652e-14
120,370.93117783955665,-105,Z,7.408817578449192e-13,7.1987059324801313e-13,7.408817578449191e-13,7.408817578449193e-13,7.1987059324801303e-13,7.1987059324801323e-13
120,370.93117783955665,-105,E,-4.5044816086127268e-12,-8.1867226333840771e-13,-4.5044816086127276e-12,-4.504481608612726e-12,-8.1867226333840781e-13,-8.1867226333840761e-13
120,370.93117783955665,-104,N,8.0211857217872584e-14,-1.149075518675866e-13,8.0211857217872571e-14,8.0211857217872597e-14,-1.1490755186758663e-13,-1.1490755186758658e-13
120,370.93117783955665,-104,A,1.9349949057034413e-15,-2.340446890813308e-14,1.9349949057034409e-15,1.9349949057034417e-15,-2.3404468908133083e-14,-2.3404468908133077e-14
120,370.93117783955665,-104,Z,-3.9030993350829298e-13,-1.1919772044714471e-12,-3.9030993350829303e-13,-3.9030993350829293e-13,-1.1919772044714473e-12,-1.1919772044714469e-12
120,370.93117783955665,-104,E,4.6855931938310666e-12,3.0968579242769341e-12,4.6855931938310658e-12,4.6855931938310674e-12,3.0968579242769337e-12,3.0968579242769345e-12
120,370.93117783955665,-103,N,-1.49694468692903e-13,9.0752113208066087e-14,-1.4969446869290303e-13,-1.4969446869290298e-13,9.0752113208066074e-14,9.0752113208066099e-14
120,370.93117783955665,-103,A,-1.5833455083005686e-15,4.7124967232477267e-15,-1.5833455083005688e-15,-1.5833455083005684e-15,4.7124967232477259e-15,4.7124967232477275e-15
120,370.93117783955665,-103,Z,-2.5331418066700246e-13,1.5022684280275585e-12,-2.5331418066700251e-13,-2.5331418066700241e-13,1.5022684280275583e-12,1.5022684280275587e-12
120,370.93117783955665,-103,E,-3.7896230408258031e-12,-5.7565547385200713e-12,-3.789623040825804e-12,-3.7896230408258023e-12,-5.7565547385200721e-12,-5.7565547385200705e-12
120,370.93117783955665,-102,N,2.1267202509651063e-13,-2.9467015652790383e-14,2.1267202509651061e-13,2.1267202509651066e-13,-2.9467015652790389e-14,-2.9467015652790377e-14
120,370.93117783955665,-102,A,7.7010828218469352e-15,4.2123546064318999e-15,7.7010828218469336e-15,7.7010828218469367e-15,4.2123546064318992e-15,4.2123546064319007e-15
120,370.93117783955665,-102,Z,1.1212497045381272e-12,-1.4729062557700966e-12,1.121249704538127e-12,1.1212497045381274e-12,-1.4729062557700968e-12,-1.4729062557700964e-12
120,370.93117783955665,-102,E,1.4942531696596834e-12,8.3259696442445743e-12,1.4942531696596832e-12,1.4942531696596836e-12,8.3259696442445727e-12,8.325969644244576e-12
120,370.93117783955665,-101,N,-2.5601628271412582e-13,-7.2049204389721973e-14,-2.5601628271412587e-13,-2.5601628271412577e-13,-7.2049204389721986e-14,-7.2049204389721961e-14
120,370.93117783955665,-101,A,1.1092493336484273e-14,-1.6173981485378938e-14,1.1092493336484272e-14,1.1092493336484275e-14,-1.6173981485378941e-14,-1.6173981485378935e-14
120,370.93117783955665,-101,Z,-2.0389404886289053e-12,9.5105515261223538e-13,-2.0389404886289057e-12,-2.0389404886289049e-12,9.5105515261223518e-13,9.5105515261223558e-13
120,370.93117783955665,-101,E,2.3384987652436223e-12,-1.0119126843404708e-11,2.3384987652436219e-12,2.3384987652436227e-12,-1.0119126843404709e-11,-1.0119126843404706e-11
120,370.93117783955665,-100,N,2.5771797339469116e-13,2.0501780420995432e-13,2.5771797339469111e-13,2.5771797339469121e-13,2.0501780420995429e-13,2.0501780420995434e-13
120,370.93117783955665,-100,A,-2.3850697321165628e-14,-1.0846459465581578e-14,-2.3850697321165632e-14,-2.3850697321165625e-14,-1.084645946558158e-14,-1.0846459465581577e-14
120,370.93117783955665,-100,Z,2.7320861923543403e-12,1.2927634007772702e-13,2.7320861923543399e-12,2.7320861923543407e-12,1.2927634007772699e-13,1.2927634007772704e-13
120,370.93117783955665,-100,E,-7.5324322785913401e-12,1.0291866867149119e-11,-7.5324322785913417e-12,-7.5324322785913385e-12,1.0291866867149117e-11,1.0291866867149121e-11
120,370.93117783955665,-99,N,-1.9332372108579364e-13,-3.6308637904377092e-13,-1.9332372108579367e-13,-1.9332372108579362e-13,-3.6308637904377097e-13,-3.6308637904377087e-13
120,370.93117783955665,-99,A,-3.5835244612292655e-14,-3.944438435984626e-14,-3.5835244612292661e-14,-3.5835244612292649e-14,-3.9444384359846267e-14,-3.9444384359846254e-14
120,370.93117783955665,-99,Z,-2.8678554916279133e-12,-1.6843117493943214e-12,-2.8678554916279137e-12,-2.8678554916279129e-12,-1.6843117493943216e-12,-1.6843117493943211e-12
120,370.93117783955665,-99,E,1.3482319921183838e-11,-7.9784315335126591e-12,1.3482319921183837e-11,1.348231992118384e-11,-7.9784315335126607e-12,-7.9784315335126575e-12
120,370.93117783955665,-98,N,4.4155817855071137e-14,5.0222565237240851e-13,4.4155817855071131e-14,4.4155817855071144e-14,5.0222565237240841e-13,5.0222565237240861e-13
120,370.93117783955665,-98,A,2.6462213925488989e-14,-1.6200820722828666e-14,2.6462213925488986e-14,2.6462213925488993e-14,-1.6200820722828669e-14,-1.6200820722828663e-14
120,370.93117783955665,-98,Z,2.13496254219041e-12,3.4357836121436453e-12,2.1349625421904096e-12,2.1349625421904104e-12,3.4357836121436449e-12,3.4357836121436457e-12
120,370.93117783955665,-98,E,-1.908722085110443e-11,2.4898222749560602e-12,-1.9087220851104434e-11,-1.9087220851104427e-11,2.4898222749560598e-12,2.4898222749560606e-12
120,370.93117783955665,-97,N,1.9522870184562576e-13,-5.9957666534191304e-13,1.9522870184562574e-13,1.9522870184562579e-13,-5.9957666534191314e-13,-5.9957666534191293e-13
120,370.93117783955665,-97,A,-1.9722397300638811e-14,-5.426845552373725e-14,-1.9722397300638814e-14,-1.9722397300638808e-14,-5.4268455523737256e-14,-5.4268455523737243e-14
120,370.93117783955665,-97,Z,-3.5514988424382158e-13,-4.9079971244301861e-12,-3.5514988424382164e-13,-3.5514988424382153e-13,-4.9079971244301869e-12,-4.9079971244301853e-12
120,370.93117783955665,-97,E,2.276948165157972e-11,6.420545329132971e-12,2.2769481651579717e-11,2.2769481651579723e-11,6.4205453291329702e-12,6.4205453291329719e-12
120,370.93117783955665,-96,N,-5.1482694511562086e-13,5.8616222433861848e-13,-5.1482694511562096e-13,-5.1482694511562076e-13,5.8616222433861838e-13,5.8616222433861858e-13
120,370.93117783955665,-96,A,9.3125411967101142e-15,1.8126527757098893e-14,9.3125411967101126e-15,9.3125411967101158e-15,1.8126527757098889e-14,1.8126527757098896e-14
120,370.93117783955665,-96,Z,-2.3950034208830463e-12,5.4875127166459434e-12,-2.3950034208830467e-12,-2.3950034208830459e-12,5.4875127166459426e-12,5.4875127166459442e-12
120,370.93117783955665,-96,E,-2.2625951859177157e-11,-1.8272929122680316e-11,-2.262595185917716e-11,-2.2625951859177153e-11,-1.8272929122680319e-11,-1.8272929122680313e-11
120,370.93117783955665,-95,N,8.7571850136092776e-13,-4.1554100324545438e-13,8.7571850136092766e-13,8.7571850136092786e-13,-4.1554100324545443e-13,-4.1554100324545433e-13
120,370.93117783955665,-95,A,7.913846759215154e-15,-3.359747600836848e-14,7.9138467592151524e-15,7.9138467592151556e-15,-3.3597476008368486e-14,-3.3597476008368473e-14
120,370.93117783955665,-95,Z,5.6863334825570753e-12,-4.5563002250960192e-12,5.6863334825570745e-12,5.6863334825570761e-12,-4.55630022509602e-12,-4.5563002250960184e-12
120,370.93117783955665,-95,E,1.6736417155772741e-11,3.1606901088390603e-11,1.6736417155772738e-11,1.6736417155772745e-11,3.1606901088390597e-11,3.160690108839061e-11
120,370.93117783955665,-94,N,-1.2063745856239817e-12,5.0407614409625621e-14,-1.2063745856239819e-12,-1.2063745856239815e-12,5.0407614409625615e-14,5.0407614409625627e-14
120,370.93117783955665,-94,A,3.4798593766473264e-15,3.4887531365241677e-14,3.479859376647326e-15,3.4798593766473268e-15,3.4887531365241671e-14,3.4887531365241684e-14
120,370.93117783955665,-94,Z,-8.7068963371817377e-12,1.6905126207071042e-12,-8.7068963371817393e-12,-8.7068963371817361e-12,1.690512620707104e-12,1.6905126207071044e-12
120,370.93117783955665,-94,E,-3.6298882501829731e-12,-4.3842818275280498e-11,-3.6298882501829735e-12,-3.6298882501829727e-12,-4.3842818275280504e-11,-4.3842818275280492e-11
120,370.93117783955665,-93,N,1.4023445955422971e-12,5.3301411770604639e-13,1.4023445955422969e-12,1.4023445955422973e-12,5.3301411770604629e-13,5.3301411770604649e-13
120,370.93117783955665,-93,A,1.7957790557276824e-14,-3.2477108945271835e-14,1.7957790557276821e-14,1.7957790557276827e-14,-3.2477108945271841e-14,-3.2477108945271829e-14
120,370.93117783955665,-93,Z,1.034149688601117e-11,3.1081306465937865e-12,1.0341496886011169e-11,1.0341496886011172e-11,3.1081306465937861e-12,3.1081306465937869e-12
120,370.93117783955665,-93,E,-1.7115050473251455e-11,5.1353519783732568e-11,-1.7115050473251458e-11,-1.7115050473251451e-11,5.1353519783732561e-11,5.1353519783732574e-11
120,370.93117783955665,-92,N,-1.3431302051987995e-12,-1.2943959158105994e-12,-1.3431302051987997e-12,-1.3431302051987993e-12,-1.2943959158105996e-12,-1.2943959158105992e-12
120,370.93117783955665,-92,A,-8.2700600668413592e-14,5.6318306397349392e-14,-8.2700600668413605e-14,-8.270060066841358e-14,5.6318306397349385e-14,5.6318306397349398e-14
120,370.93117783955665,-92,Z,-9.3881737241110774e-12,-9.2075103913100981e-12,-9.388173724111079e-12,-9.3881737241110758e-12,-9.2075103913100998e-12,-9.2075103913100965e-12
120,370.93117783955665,-92,E,4.4226362787015487e-11,-4.9827609030926506e-11,4.422636278701548e-11,4.4226362787015493e-11,-4.9827609030926513e-11,-4.98276090309265e-11
120,370.93117783955665,-91,N,9.0135146072739105e-13,2.1364516888944638e-12,9.0135146072739095e-13,9.0135146072739115e-13,2.1364516888944634e-12,2.1364516888944642e-12
120,370.93117783955665,-91,A,6.7921907680272983e-14,-5.2111567195403907e-14,6.7921907680272971e-14,6.7921907680272996e-14,-5.2111567195403914e-14,-5.2111567195403901e-14
120,370.93117783955665,-91,Z,4.9073306262723857e-12,1.5246085979183888e-11,4.9073306262723849e-12,4.9073306262723866e-12,1.5246085979183885e-11,1.5246085979183891e-11
120,370.93117783955665,-91,E,-7.4187786582840875e-11,3.4993608839946545e-11,-7.4187786582840888e-11,-7.4187786582840862e-11,3.4993608839946538e-11,3.4993608839946551e-11
120,370.93117783955665,-90,N,1.3740059300709549e-14,-2.8895683674807271e-12,1.3740059300709548e-14,1.3740059300709551e-14,-2.8895683674807275e-12,-2.8895683674807267e-12
120,370.93117783955665,-90,A,-1.0376159666196453e-13,1.7455781592318636e-15,-1.0376159666196455e-13,-1.0376159666196452e-13,1.7455781592318634e-15,1.7455781592318638e-15
120,370.93117783955665,-90,Z,3.3453160800334585e-12,-1.9223351230488199e-11,3.3453160800334581e-12,3.3453160800334589e-12,-1.9223351230488202e-11,-1.9223351230488196e-11
120,370.93117783955665,-90,E,1.0095459247157444e-10,-3.7058067829236104e-12,1.0095459247157443e-10,1.0095459247157445e-10,-3.7058067829236112e-12,-3.7058067829236096e-12
120,370.93117783955665,-89,N,-1.4321993895234105e-12,3.3011565663381751e-12,-1.4321993895234107e-12,-1.4321993895234103e-12,3.3011565663381747e-12,3.3011565663381755e-12
120,370.93117783955665,-89,A,1.3577751039607142e-13,3.4757775076984997e-14,1.3577751039607139e-13,1.3577751039607144e-13,3.4757775076984991e-14,3.4757775076985003e-14
120,370.93117783955665,-89,Z,-1.4502288600751117e-11,1.8841544596346792e-11,-1.4502288600751118e-11,-1.4502288600751115e-11,1.8841544596346789e-11,1.8841544596346795e-11
120,370.93117783955665,-89,E,-1.1615754017457558e-10,-4.4689427391523397e-11,-1.1615754017457559e-10,-1.1615754017457557e-10,-4.4689427391523404e-11,-4.4689427391523391e-11
120,370.93117783955665,-88,N,3.2589081360621154e-12,-3.077307326729465e-12,3.258908136062115e-12,3.2589081360621158e-12,-3.0773073267294654e-12,-3.0773073267294646e-12
120,370.93117783955665,-88,A,-5.5877552336437857e-14,-1.4937916657899056e-13,-5.5877552336437864e-14,-5.5877552336437851e-14,-1.4937916657899058e-13,-1.4937916657899053e-13
120,370.93117783955665,-88,Z,2.6327510090399178e-11,-1.2110281583677987e-11,2.6327510090399175e-11,2.6327510090399181e-11,-1.2110281583677988e-11,-1.2110281583677985e-11
120,370.93117783955665,-88,E,1.0999047438536857e-10,1.068992703496416e-10,1.0999047438536856e-10,1.0999047438536859e-10,1.0689927034964159e-10,1.0689927034964161e-10
120,370.93117783955665,-87,N,-5.2442799768922596e-12,1.9341351946786124e-12,-5.2442799768922604e-12,-5.2442799768922588e-12,1.9341351946786119e-12,1.9341351946786128e-12
120,370.93117783955665,-87,A,8.7721839312948954e-14,1.7863702367425511e-13,8.7721839312948941e-14,8.7721839312948966e-14,1.7863702367425509e-13,1.7863702367425514e-13
120,370.93117783955665,-87,Z,-3.5280132813307726e-11,-1.8554418168467912e-12,-3.5280132813307732e-11,-3.528013281330772e-11,-1.8554418168467916e-12,-1.8554418168467908e-12
120,370.93117783955665,-87,E,-7.291412054833451e-11,-1.7446364973685132e-10,-7.2914120548334523e-11,-7.2914120548334497e-11,-1.7446364973685134e-10,-1.7446364973685129e-10
120,370.93117783955665,-86,N,6.9647790860827504e-12,3.522137921576091e-13,6.9647790860827496e-12,6.9647790860827512e-12,3.5221379215760905e-13,3.5221379215760915e-13
120,370.93117783955665,-86,A,1.0658992084485421e-14,-2.5636223661841773e-13,1.0658992084485419e-14,1.0658992084485423e-14,-2.5636223661841778e-13,-2.5636223661841768e-13
120,370.93117783955665,-86,Z,3.7034188963411018e-11,2.2008758493149323e-11,3.7034188963411011e-11,3.7034188963411024e-11,2.200875849314932e-11,2.2008758493149326e-11
120,370.93117783955665,-86,E,-1.8219915160891731e-12,2.3318107801443604e-10,-1.8219915160891735e-12,-1.8219915160891727e-12,2.3318107801443599e-10,2.3318107801443609e-10
120,370.93117783955665,-85,N,-7.8179329464470049e-12,-3.8159590616612204e-12,-7.8179329464470065e-12,-7.8179329464470033e-12,-3.8159590616612212e-12,-3.8159590616612196e-12
120,370.93117783955665,-85,A,-1.168146691445984e-13,3.2848886666157741e-13,-1.1681466914459843e-13,-1.1681466914459838e-13,3.2848886666157736e-13,3.2848886666157747e-13
120,370.93117783955665,-85,Z,-2.7507078404912135e-11,-4.4770753968483055e-11,-2.7507078404912138e-11,-2.7507078404912132e-11,-4.4770753968483062e-11,-4.4770753968483049e-11
120,370.93117783955665,-85,E,1.1503946396197811e-10,-2.6367328060908799e-10,1.150394639619781e-10,1.1503946396197812e-10,-2.6367328060908805e-10,-2.6367328060908794e-10
120,370.93117783955665,-84,N,7.1030098536429777e-12,8.2159650143063267e-12,7.1030098536429769e-12,7.1030098536429785e-12,8.2159650143063251e-12,8.2159650143063283e-12
120,370.93117783955665,-84,A,2.8059784154006194e-13,-2.2031137324794418e-13,2.8059784154006189e-13,2.8059784154006199e-13,-2.203113732479442e-13,-2.2031137324794415e-13
120,370.93117783955665,-84,Z,4.3109009985152366e-12,6.3962516404701885e-11,4.3109009985152358e-12,4.3109009985152374e-12,6.3962516404701872e-11,6.3962516404701898e-11
120,370.93117783955665,-84,E,-2.5833266333167163e-10,2.4353190614842752e-10,-2.5833266333167168e-10,-2.5833266333167158e-10,2.4353190614842747e-10,2.4353190614842757e-10
120,370.93117783955665,-83,N,-4.1259597534766249e-12,-1.2926553746219893e-11,-4.1259597534766258e-12,-4.1259597534766241e-12,-1.2926553746219895e-11,-1.2926553746219891e-11
120,370.93117783955665,-83,A,-4.7788466670278559e-13,1.4721938943557401e-13,-4.7788466670278569e-13,-4.7788466670278549e-13,1.4721938943557398e-13,1.4721938943557404e-13
120,370.93117783955665,-83,Z,3.1639166134815211e-11,-7.1551363750521901e-11,3.1639166134815205e-11,3.1639166134815218e-11,-7.1551363750521914e-11,-7.1551363750521888e-11
120,370.93117783955665,-83,E,4.1134901933271201e-10,-1.513381436921543e-10,4.1134901933271196e-10,4.1134901933271207e-10,-1.5133814369215432e-10,-1.5133814369215427e-10
120,370.93117783955665,-82,N,-1.5951194397395122e-12,1.6883797295454502e-11,-1.5951194397395124e-12,-1.595119439739512e-12,1.6883797295454499e-11,1.6883797295454506e-11
120,370.93117783955665,-82,A,6.5282504603349541e-13,6.8633835371912744e-14,6.5282504603349531e-13,6.5282504603349552e-13,6.8633835371912731e-14,6.8633835371912756e-14
120,370.93117783955665,-82,Z,-7.4806250093551095e-11,5.93670357109409e-11,-7.4806250093551108e-11,-7.4806250093551082e-11,5.9367035710940888e-11,5.9367035710940913e-11
120,370.93117783955665,-82,E,-5.4062845845274076e-10,-2.7449992667760948e-11,-5.4062845845274087e-10,-5.4062845845274066e-10,-2.7449992667760951e-11,-2.7449992667760944e-11
120,370.93117783955665,-81,N,1.0127190699057929e-11,-1.8630453640530872e-11,1.0127190699057927e-11,1.012719069905793e-11,-1.8630453640530876e-11,-1.8630453640530869e-11
120,370.93117783955665,-81,A,-7.1757570319694523e-13,-3.8381145538171041e-13,-7.1757570319694533e-13,-7.1757570319694513e-13,-3.8381145538171046e-13,-3.8381145538171036e-13
120,370.93117783955665,-81,Z,1.145737591598299e-10,-2.1704444017220785e-11,1.1457375915982988e-10,1.1457375915982991e-10,-2.1704444017220789e-11,-2.1704444017220782e-11
120,370.93117783955665,-81,E,6.0109988146146592e-10,2.9325287628893923e-10,6.0109988146146581e-10,6.0109988146146602e-10,2.9325287628893918e-10,2.9325287628893928e-10
120,370.93117783955665,-80,N,-2.079853007165033e-11,1.6471559268554287e-11,-2.0798530071650333e-11,-2.0798530071650326e-11,1.6471559268554284e-11,1.6471559268554291e-11
120,370.93117783955665,-80,A,6.2881388692882083e-13,8.1937233515581185e-13,6.2881388692882073e-13,6.2881388692882093e-13,8.1937233515581175e-13,8.1937233515581196e-13
120,370.93117783955665,-80,Z,-1.3622057062575909e-10,-4.1599091638322046e-11,-1.3622057062575911e-10,-1.3622057062575906e-10,-4.1599091638322053e-11,-4.159909163832204e-11
120,370.93117783955665,-80,E,-5.4127050420998938e-10,-6.2482547263786366e-10,-5.4127050420998948e-10,-5.4127050420998927e-10,-6.2482547263786376e-10,-6.2482547263786355e-10
120,370.93117783955665,-79,N,3.2039299355353743e-11,-8.7482598946031838e-12,3.2039299355353737e-11,3.203929935535375e-11,-8.7482598946031854e-12,-8.7482598946031821e-12
120,370.93117783955665,-79,A,-3.4188090706177142e-13,-1.222825582621003e-12,-3.4188090706177147e-13,-3.4188090706177137e-13,-1.2228255826210032e-12,-1.2228255826210028e-12
120,370.93117783955665,-79,Z,1.2371609023243384e-10,1.2238200237786151e-10,1.2371609023243382e-10,1.2371609023243387e-10,1.2238200237786148e-10,1.2238200237786153e-10
120,370.93117783955665,-79,E,3.1274703021367268e-10,9.7317027636610754e-10,3.1274703021367263e-10,3.1274703021367273e-10,9.7317027636610734e-10,9.7317027636610775e-10
120,370.93117783955665,-78,N,-4.1211320750639928e-11,-5.6556761257547932e-12,-4.1211320750639935e-11,-4.1211320750639922e-11,-5.655676125754794e-12,-5.6556761257547924e-12
120,370.93117783955665,-78,A,-1.9362159410926894e-13,1.6507873173103377e-12,-1.9362159410926896e-13,-1.9362159410926891e-13,1.6507873173103375e-12,1.6507873173103379e-12
120,370.93117783955665,-78,Z,-6.4321782055199105e-11,-2.0272352673224621e-10,-6.4321782055199118e-11,-6.4321782055199092e-11,-2.0272352673224624e-10,-2.0272352673224618e-10
120,370.93117783955665,-78,E,1.1598431880338868e-10,-1.2591504443606057e-09,1.1598431880338867e-10,1.159843188033887e-10,-1.2591504443606059e-09,-1.2591504443606055e-09
120,370.93117783955665,-77,N,4.4728783780988061e-11,2.6774354800868974e-11,4.4728783780988054e-11,4.4728783780988067e-11,2.6774354800868971e-11,2.6774354800868978e-11
120,370.93117783955665,-77,A,1.0329501290258285e-12,-1.8165029887744772e-12,1.0329501290258283e-12,1.0329501290258287e-12,-1.8165029887744774e-12,-1.816502988774477e-12
120,370.93117783955665,-77,Z,-4.5610104812379275e-11,2.5598974612260699e-10,-4.5610104812379282e-11,-4.5610104812379269e-11,2.5598974612260694e-10,2.5598974612260704e-10
120,370.93117783955665,-77,E,-7.427082088936906e-10,1.3773915226142093e-09,-7.427082088936907e-10,-7.427082088936905e-10,1.3773915226142091e-09,1.3773915226142095e-09
120,370.93117783955665,-76,N,-3.8440788550040651e-11,-5.2877853041275554e-11,-3.8440788550040658e-11,-3.8440788550040645e-11,-5.287785304127556e-11,-5.2877853041275547e-11
120,370.93117783955665,-76,A,-2.1132697661321402e-12,1.6245781897766419e-12,-2.1132697661321406e-12,-2.1132697661321398e-12,1.6245781897766417e-12,1.6245781897766421e-12
120,370.93117783955665,-76,Z,1.9493952821424021e-10,-2.512462389431457e-10,1.9493952821424018e-10,1.9493952821424023e-10,-2.5124623894314575e-10,-2.5124623894314565e-10
120,370.93117783955665,-76,E,1.5141259699643039e-09,-1.2088051818881218e-09,1.5141259699643037e-09,1.5141259699643041e-09,-1.208805181888122e-09,-1.2088051818881216e-09
120,370.93117783955665,-75,N,1.8377409128466182e-11,7.9946309166946969e-11,1.8377409128466179e-11,1.8377409128466186e-11,7.9946309166946956e-11,7.9946309166946982e-11
120,370.93117783955665,-75,A,3.3023496366613715e-12,-7.9597541241767623e-13,3.3023496366613711e-12,3.3023496366613719e-12,-7.9597541241767633e-13,-7.9597541241767613e-13
120,370.93117783955665,-75,Z,-3.540535552185102e-10,1.6126600579832624e-10,-3.5405355521851025e-10,-3.5405355521851015e-10,1.6126600579832622e-10,1.6126600579832627e-10
120,370.93117783955665,-75,E,-2.3120553204204123e-09,6.4320648646165332e-10,-2.3120553204204127e-09,-2.3120553204204119e-09,6.4320648646165322e-10,6.4320648646165342e-10
120,370.93117783955665,-74,N,1.8094945645018517e-11,-1.0139252174794506e-10,1.8094945645018514e-11,1.8094945645018521e-11,-1.0139252174794507e-10,-1.0139252174794505e-10
120,370.93117783955665,-74,A,-4.2696352273342589e-12,-6.6166721587678669e-13,-4.2696352273342597e-12,-4.2696352273342581e-12,-6.6166721587678679e-13,-6.6166721587678658e-13
120,370.93117783955665,-74,Z,4.7539524071562272e-10,2.6695670470089091e-11,4.7539524071562261e-10,4.7539524071562282e-10,2.6695670470089088e-11,2.6695670470089095e-11
120,370.93117783955665,-74,E,2.9485088527219042e-09,3.8824196268098024e-10,2.9485088527219038e-09,2.9485088527219046e-09,3.8824196268098019e-10,3.8824196268098029e-10
120,370.93117783955665,-73,N,-7.0807808904595063e-11,1.08308455913703e-10,-7.0807808904595076e-11,-7.080780890459505e-11,1.0830845591370299e-10,1.0830845591370301e-10
120,370.93117783955665,-73,A,4.6565835432218651e-12,2.8915731610844437e-12,4.6565835432218643e-12,4.6565835432218659e-12,2.8915731610844433e-12,2.8915731610844441e-12
120,370.93117783955665,-73,Z,-5.0013165488049095e-10,-2.9950201608170562e-10,-5.0013165488049105e-10,-5.0013165488049085e-10,-2.9950201608170567e-10,-2.9950201608170557e-10
120,370.93117783955665,-73,E,-3.1756225888214781e-09,-1.8735951282186275e-09,-3.1756225888214786e-09,-3.1756225888214777e-09,-1.8735951282186279e-09,-1.8735951282186271e-09
120,370.93117783955665,-72,N,1.3522920249631116e-10,-9.0450028311909839e-11,1.3522920249631113e-10,1.3522920249631118e-10,-9.0450028311909852e-11,-9.0450028311909826e-11
120,370.93117783955665,-72,A,-4.0004839317666086e-12,-5.7759420949010108e-12,-4.0004839317666094e-12,-4.0004839317666078e-12,-5.7759420949010116e-12,-5.77594209490101e-12
120,370.93117783955665,-72,Z,3.7184403728852913e-10,6.0952465323955031e-10,3.7184403728852908e-10,3.7184403728852918e-10,6.0952465323955021e-10,6.0952465323955042e-10
120,370.93117783955665,-72,E,2.7159041706723947e-09,3.6798063365711711e-09,2.7159041706723943e-09,2.7159041706723951e-09,3.6798063365711707e-09,3.6798063365711715e-09
120,370.93117783955665,-71,N,-2.0108813144075571e-10,3.8133623986958561e-11,-2.0108813144075573e-10,-2.0108813144075568e-10,3.8133623986958554e-11,3.8133623986958567e-11
120,370.93117783955665,-71,A,1.8374677830528575e-12,8.7644636967156654e-12,1.8374677830528571e-12,1.8374677830528579e-12,8.7644636967156637e-12,8.764463696715667e-12
120,370.93117783955665,-71,Z,-5.627484442355417e-11,-8.7303130814366368e-10,-5.6274844423554176e-11,-5.6274844423554163e-11,-8.7303130814366379e-10,-8.7303130814366358e-10
120,370.93117783955665,-71,E,-1.3161540227175885e-09,-5.5210859525093752e-09,-1.3161540227175888e-09,-1.3161540227175883e-09,-5.521085952509376e-09,-5.5210859525093744e-09
120,370.93117783955665,-70,N,2.5176813547406027e-10,5.4859024540122325e-11,2.5176813547406022e-10,2.5176813547406033e-10,5.4859024540122319e-11,5.4859024540122332e-11
120,370.93117783955665,-70,A,2.254665256760135e-12,-1.1212283673493388e-11,2.2546652567601346e-12,2.2546652567601354e-12,-1.1212283673493389e-11,-1.1212283673493386e-11
120,370.93117783955665,-70,Z,-4.3629188899561687e-10,9.7960439728872443e-10,-4.3629188899561692e-10,-4.3629188899561682e-10,9.7960439728872422e-10,9.7960439728872463e-10
120,370.93117783955665,-70,E,-1.1756637058691881e-09,6.9485216437751826e-09,-1.1756637058691883e-09,-1.1756637058691879e-09,6.9485216437751818e-09,6.9485216437751834e-09
120,370.93117783955665,-69,N,-2.6489640618249268e-10,-1.8765318216211916e-10,-2.6489640618249273e-10,-2.6489640618249263e-10,-1.8765318216211919e-10,-1.8765318216211914e-10
120,370.93117783955665,-69,A,-8.2217070203130856e-12,1.2096728914274338e-11,-8.2217070203130872e-12,-8.221707020313084e-12,1.2096728914274337e-11,1.209672891427434e-11
120,370.93117783955665,-69,Z,1.0320169708029792e-09,-8.1504756000892205e-10,1.032016970802979e-09,1.0320169708029794e-09,-8.1504756000892216e-10,-8.1504756000892195e-10
120,370.93117783955665,-69,E,4.7174054322512505e-09,-7.3749910556787019e-09,4.7174054322512496e-09,4.7174054322512513e-09,-7.3749910556787028e-09,-7.3749910556787011e-09
120,370.93117783955665,-68,N,2.1491443218880184e-10,3.4831584955414827e-10,2.1491443218880181e-10,2.1491443218880187e-10,3.4831584955414822e-10,3.4831584955414832e-10
120,370.93117783955665,-68,A,1.5748562856748472e-11,-1.0126280666142168e-11,1.5748562856748469e-11,1.5748562856748475e-11,-1.0126280666142169e-11,-1.0126280666142166e-11
120,370.93117783955665,-68,Z,-1.5857764216580462e-09,2.9707114935227575e-10,-1.5857764216580464e-09,-1.585776421658046e-09,2.970711493522757e-10,2.970711493522758e-10
120,370.93117783955665,-68,E,-8.9780765156008553e-09,6.148252190975558e-09,-8.9780765156008569e-09,-8.9780765156008536e-09,6.1482521909755571e-09,6.1482521909755588e-09
120,370.93117783955665,-67,N,-7.7876497944560767e-11,-5.1049689083223484e-10,-7.787649794456078e-11,-7.7876497944560754e-11,-5.1049689083223494e-10,-5.1049689083223473e-10
120,370.93117783955665,-67,A,-2.3627537670031441e-11,4.0434562928908646e-12,-2.3627537670031444e-11,-2.3627537670031437e-11,4.0434562928908638e-12,4.0434562928908654e-12
120,370.93117783955665,-67,Z,1.8929396525943959e-09,5.8148150473563259e-10,1.8929396525943955e-09,1.8929396525943963e-09,5.8148150473563248e-10,5.8148150473563269e-10
120,370.93117783955665,-67,E,1.326425082126625e-08,-2.6800655825960278e-09,1.3264250821266249e-08,1.3264250821266252e-08,-2.6800655825960282e-09,-2.6800655825960273e-09
120,370.93117783955665,-66,N,-1.612529790733601e-10,6.3179946903319031e-10,-1.6125297907336012e-10,-1.6125297907336007e-10,6.3179946903319021e-10,6.3179946903319042e-10
120,370.93117783955665,-66,A,2.9903233193761766e-11,7.0311081129610878e-12,2.9903233193761759e-11,2.9903233193761772e-11,7.031108112961087e-12,7.0311081129610886e-12
120,370.93117783955665,-66,Z,-1.7266617500720539e-09,-1.712212913859731e-09,-1.7266617500720541e-09,-1.7266617500720537e-09,-1.7122129138597312e-09,-1.7122129138597308e-09
120,370.93117783955665,-66,E,-1.6497415097065643e-08,-3.3704294948894103e-09,-1.6497415097065647e-08,-1.649741509706564e-08,-3.3704294948894107e-09,-3.3704294948894099e-09
120,370.93117783955665,-65,N,4.9931017514745379e-10,-6.5548373206574447e-10,4.9931017514745369e-10,4.993101751474539e-10,-6.5548373206574458e-10,-6.5548373206574437e-10
120,370.93117783955665,-65,A,-3.1842507901060523e-11,-2.329252102970135e-11,-3.184250790106053e-11,-3.1842507901060517e-11,-2.3292521029701354e-11,-2.3292521029701347e-11
120,370.93117783955665,-65,Z,9.0140468529538557e-10,2.8482223353565178e-09,9.0140468529538547e-10,9.0140468529538567e-10,2.8482223353565174e-09,2.8482223353565182e-09
120,370.93117783955665,-65,E,1.7275666805674004e-08,1.187530961067555e-08,1.7275666805674001e-08,1.7275666805674007e-08,1.1875309610675548e-08,1.1875309610675552e-08
120,370.93117783955665,-64,N,-9.0491574002663776e-10,5.1684261442682661e-10,-9.0491574002663786e-10,-9.0491574002663766e-10,5.1684261442682651e-10,5.1684261442682671e-10
120,370.93117783955665,-64,A,2.592761531059295e-11,4.3455217393741703e-11,2.5927615310592947e-11,2.5927615310592954e-11,4.3455217393741696e-11,4.3455217393741709e-11
120,370.93117783955665,-64,Z,6.4480475700128033e-10,-3.6150330430765006e-09,6.4480475700128023e-10,6.4480475700128044e-10,-3.615033043076501e-09,-3.6150330430765002e-09
120,370.93117783955665,-64,E,-1.4050478545788641e-08,-2.2012968909808825e-08,-1.4050478545788643e-08,-1.4050478545788639e-08,-2.2012968909808828e-08,-2.2012968909808822e-08
120,370.93117783955665,-63,N,1.3098584125065967e-09,-1.5562704660862848e-10,1.3098584125065965e-09,1.3098584125065969e-09,-1.5562704660862851e-10,-1.5562704660862845e-10
120,370.93117783955665,-63,A,-8.9730064085710883e-12,-6.4520761918637159e-11,-8.9730064085710899e-12,-8.9730064085710867e-12,-6.4520761918637172e-11,-6.4520761918637146e-11
120,370.93117783955665,-63,Z,-2.7668080498443863e-09,3.5690742741675689e-09,-2.7668080498443867e-09,-2.7668080498443859e-09,3.5690742741675685e-09,3.5690742741675694e-09
120,370.93117783955665,-63,E,5.4374467130497249e-09,3.2094004727942547e-08,5.437446713049724e-09,5.4374467130497257e-09,3.2094004727942541e-08,3.2094004727942554e-08
120,370.93117783955665,-62,N,-1.6049563899818505e-09,-4.6535775607131781e-10,-1.6049563899818507e-09,-1.6049563899818503e-09,-4.6535775607131786e-10,-4.6535775607131776e-10
120,370.93117783955665,-62,A,-2.1780436001208163e-11,8.0976090279993121e-11,-2.1780436001208166e-11,-2.178043600120816e-11,8.0976090279993108e-11,8.0976090279993134e-11
120,370.93117783955665,-62,Z,5.0541848241726878e-09,-2.3088310418612733e-09,5.0541848241726869e-09,5.0541848241726886e-09,-2.3088310418612737e-09,-2.3088310418612729e-09
120,370.93117783955665,-62,E,9.3429409291831163e-09,-3.9509341639751762e-08,9.3429409291831147e-09,9.342940929183118e-09,-3.9509341639751769e-08,-3.9509341639751755e-08
120,370.93117783955665,-61,N,1.644270615254008e-09,1.3363598271028446e-09,1.6442706152540078e-09,1.6442706152540082e-09,1.3363598271028444e-09,1.3363598271028448e-09
120,370.93117783955665,-61,A,6.6451050037731132e-11,-8.5207761907711934e-11,6.6451050037731119e-11,6.6451050037731145e-11,-8.5207761907711947e-11,-8.5207761907711921e-11
120,370.93117783955665,-61,Z,-6.8306692060724194e-09,-3.7083080192307498e-10,-6.8306692060724202e-09,-6.8306692060724186e-09,-3.7083080192307503e-10,-3.7083080192307493e-10
120,370.93117783955665,-61,E,-2.9932975631129791e-08,4.0881009942302363e-08,-2.9932975631129797e-08,-2.9932975631129784e-08,4.0881009942302356e-08,4.0881009942302369e-08
120,370.93117783955665,-60,N,-1.2615395060759117e-09,-2.3747405690325311e-09,-1.2615395060759119e-09,-1.2615395060759115e-09,-2.3747405690325315e-09,-2.3747405690325307e-09
120,370.93117783955665,-60,A,-1.2182310713993902e-10,6.7891708749593929e-11,-1.2182310713993905e-10,-1.2182310713993899e-10,6.7891708749593916e-11,6.7891708749593942e-11
120,370.93117783955665,-60,Z,7.2408706800801453e-09,4.3096451867447761e-09,7.2408706800801445e-09,7.2408706800801461e-09,4.3096451867447752e-09,4.3096451867447769e-09
120,370.93117783955665,-60,E,5.4296244157513092e-08,-3.2490015148302555e-08,5.4296244157513086e-08,5.4296244157513099e-08,-3.2490015148302562e-08,-3.2490015148302548e-08
120,370.93117783955665,-59,N,3.0205511151282553e-10,3.4024340315000529e-09,3.0205511151282547e-10,3.0205511151282558e-10,3.4024340315000525e-09,3.4024340315000533e-09
120,370.93117783955665,-59,A,1.7912283177086997e-10,-1.9599574633725335e-11,1.7912283177086994e-10,1.7912283177086999e-10,-1.9599574633725338e-11,-1.9599574633725332e-11
120,370.93117783955665,-59,Z,-5.4408050301446647e-09,-8.8461668750497203e-09,-5.4408050301446656e-09,-5.4408050301446639e-09,-8.8461668750497219e-09,-8.8461668750497186e-09
120,370.93117783955665,-59,E,-7.8297285354198107e-08,1.1028171388869964e-08,-7.8297285354198121e-08,-7.8297285354198094e-08,1.1028171388869962e-08,1.1028171388869965e-08
120,370.93117783955665,-58,N,1.3290046714679536e-09,-4.1348551443841927e-09,1.3290046714679534e-09,1.3290046714679538e-09,-4.1348551443841935e-09,-4.1348551443841919e-09
120,370.93117783955665,-58,A,-2.2335913926364104e-10,-6.6718040270263813e-11,-2.2335913926364107e-10,-2.2335913926364101e-10,-6.6718040270263826e-11,-6.67180402702638e-11
120,370.93117783955665,-58,Z,8.8329064821117959e-10,1.2777015193407881e-08,8.8329064821117949e-10,8.832906482111797e-10,1.2777015193407879e-08,1.2777015193407882e-08
120,370.93117783955665,-58,E,9.5574940049923951e-08,2.5333649406031772e-08,9.5574940049923938e-08,9.5574940049923964e-08,2.5333649406031769e-08,2.5333649406031776e-08
120,370.93117783955665,-57,N,-3.6042572641986748e-09,4.191109712543095e-09,-3.6042572641986752e-09,-3.6042572641986744e-09,4.1911097125430942e-09,4.1911097125430958e-09
120,370.93117783955665,-57,A,2.3299936222630261e-10,1.9207680827091648e-10,2.3299936222630256e-10,2.3299936222630266e-10,1.9207680827091645e-10,1.920768082709165e-10
120,370.93117783955665,-57,Z,6.3464021065208916e-09,-1.4473786789161298e-08,6.3464021065208908e-09,6.3464021065208924e-09,-1.44737867891613e-08,-1.4473786789161296e-08
120,370.93117783955665,-57,E,-9.7905167698831681e-08,-7.5651085031232935e-08,-9.7905167698831694e-08,-9.7905167698831668e-08,-7.5651085031232948e-08,-7.5651085031232921e-08
120,370.93117783955665,-56,N,6.3056651311183918e-09,-3.1361893156297988e-09,6.305665131118391e-09,6.3056651311183927e-09,-3.1361893156297992e-09,-3.1361893156297984e-09
120,370.93117783955665,-56,A,-1.8176293772311828e-10,-3.4688174949185932e-10,-1.817629377231183e-10,-1.8176293772311825e-10,-3.4688174949185937e-10,-3.4688174949185926e-10
120,370.93117783955665,-56,Z,-1.5228850509323941e-08,1.2201183458016134e-08,-1.5228850509323944e-08,-1.5228850509323937e-08,1.2201183458016132e-08,1.2201183458016135e-08
120,370.93117783955665,-56,E,7.623710845363959e-08,1.3488241250538778e-07,7.6237108453639577e-08,7.6237108453639603e-08,1.3488241250538776e-07,1.3488241250538781e-07
120,370.93117783955665,-55,N,-8.9640122617719446e-09,5.6372214529955977e-10,-8.9640122617719463e-09,-8.964012261771943e-09,5.6372214529955967e-10,5.6372214529955988e-10
120,370.93117783955665,-55,A,4.2728384615980149e-11,5.0681948159394682e-10,4.2728384615980143e-11,4.2728384615980156e-11,5.0681948159394672e-10,5.0681948159394692e-10
120,370.93117783955665,-55,Z,2.3659632738083526e-08,-4.6367022239701446e-09,2.3659632738083523e-08,2.365963273808353e-08,-4.6367022239701455e-09,-4.6367022239701438e-09
120,370.93117783955665,-55,E,-2.2522304952821005e-08,-1.9284957814957724e-07,-2.2522304952821009e-08,-2.2522304952821002e-08,-1.9284957814957727e-07,-1.9284957814957722e-07
120,370.93117783955665,-54,N,1.082733081368792e-08,3.7769860168062108e-09,1.0827330813687918e-08,1.0827330813687921e-08,3.77698601680621e-09,3.7769860168062117e-09
120,370.93117783955665,-54,A,2.04402515862124e-10,-6.2913689370728781e-10,2.0440251586212398e-10,2.0440251586212403e-10,-6.2913689370728791e-10,-6.2913689370728771e-10
120,370.93117783955665,-54,Z,-2.8577878762431432e-08,-8.4735608395687976e-09,-2.8577878762431436e-08,-2.8577878762431429e-08,-8.4735608395687993e-09,-8.473560839568796e-09
120,370.93117783955665,-54,E,-6.7672004349140099e-08,2.3390477927424393e-07,-6.7672004349140112e-08,-6.7672004349140086e-08,2.3390477927424391e-07,2.3390477927424396e-07
120,370.93117783955665,-53,N,-1.0884666361140255e-08,-9.8154337197459028e-09,-1.0884666361140257e-08,-1.0884666361140253e-08,-9.8154337197459045e-09,-9.8154337197459012e-09
120,370.93117783955665,-53,A,-5.6292744382481813e-10,6.5228290247520257e-10,-5.6292744382481823e-10,-5.6292744382481802e-10,6.5228290247520247e-10,6.5228290247520268e-10
120,370.93117783955665,-53,Z,2.6478607604800231e-08,2.566726856981795e-08,2.6478607604800227e-08,2.6478607604800234e-08,2.5667268569817947e-08,2.5667268569817953e-08
120,370.93117783955665,-53,E,1.9197394935975779e-07,-2.3778617041103297e-07,1.9197394935975776e-07,1.9197394935975781e-07,-2.37786170411033e-07,-2.3778617041103295e-07
120,370.93117783955665,-52,N,7.9740555496813e-09,1.6975098386778775e-08,7.9740555496812984e-09,7.9740555496813017e-09,1.6975098386778772e-08,1.6975098386778778e-08
120,370.93117783955665,-52,A,1.006501679340606e-09,-5.0015836711980036e-10,1.0065016793406058e-09,1.0065016793406062e-09,-5.0015836711980047e-10,-5.0015836711980026e-10
120,370.93117783955665,-52,Z,-1.4342438780205989e-08,-4.3343751231371474e-08,-1.4342438780205991e-08,-1.4342438780205988e-08,-4.3343751231371481e-08,-4.3343751231371468e-08
120,370.93117783955665,-52,E,-3.379116888038895e-07,1.8212631228604627e-07,-3.3791168880388956e-07,-3.3791168880388945e-07,1.8212631228604625e-07,1.821263122860463e-07
120,370.93117783955665,-51,N,-9.9959160650884203e-10,-2.400603735224629e-08,-9.9959160650884224e-10,-9.9959160650884183e-10,-2.4006037352246293e-08,-2.4006037352246286e-08
120,370.93117783955665,-51,A,-1.4654116245545528e-09,9.3792826188211503e-11,-1.465411624554553e-09,-1.4654116245545526e-09,9.379282618821149e-11,9.3792826188211516e-11
120,370.93117783955665,-51,Z,-9.1026623325336144e-09,5.582559189314348e-08,-9.1026623325336161e-09,-9.1026623325336128e-09,5.5825591893143474e-08,5.5825591893143487e-08
120,370.93117783955665,-51,E,4.8027489878222792e-07,-4.6932103225441726e-08,4.8027489878222781e-07,4.8027489878222802e-07,-4.6932103225441733e-08,-4.6932103225441719e-08
120,370.93117783955665,-50,N,-1.0729819463304661e-08,2.8890234387228293e-08,-1.0729819463304663e-08,-1.0729819463304659e-08,2.889023438722829e-08,2.8890234387228296e-08
120,370.93117783955665,-50,A,1.8159184406178797e-09,6.2822725649863019e-10,1.8159184406178795e-09,1.8159184406178799e-09,6.2822725649863009e-10,6.2822725649863029e-10
120,370.93117783955665,-50,Z,4.2026763708499217e-08,-5.6140187657281978e-08,4.202676370849921e-08,4.2026763708499223e-08,-5.6140187657281985e-08,-5.6140187657281972e-08
120,370.93117783955665,-50,E,-5.8017124247833109e-07,-1.789507397420074e-07,-5.801712424783312e-07,-5.8017124247833099e-07,-1.7895073974200743e-07,-1.7895073974200738e-07
120,370.93117783955665,-49,N,2.7051472949416728e-08,-2.8891808661804765e-08,2.7051472949416725e-08,2.7051472949416731e-08,-2.8891808661804768e-08,-2.8891808661804762e-08
120,370.93117783955665,-49,A,-1.8773723465265834e-09,-1.6790138713740064e-09,-1.8773723465265838e-09,-1.877372346526583e-09,-1.6790138713740066e-09,-1.6790138713740062e-09
120,370.93117783955665,-49,Z,-7.8446937889865296e-08,3.7647324160765441e-08,-7.844693788986531e-08,-7.8446937889865283e-08,3.7647324160765434e-08,3.7647324160765447e-08
120,370.93117783955665,-49,E,5.8699432143677677e-07,4.8986024790764553e-07,5.8699432143677666e-07,5.8699432143677688e-07,4.8986024790764542e-07,4.8986024790764564e-07
120,370.93117783955665,-48,N,-4.6437262651602374e-08,2.0832843642462055e-08,-4.6437262651602381e-08,-4.6437262651602367e-08,2.0832843642462051e-08,2.0832843642462058e-08
120,370.93117783955665,-48,A,1.4229624755559431e-09,2.9851797834625471e-09,1.4229624755559429e-09,1.4229624755559433e-09,2.9851797834625467e-09,2.9851797834625475e-09
120,370.93117783955665,-48,Z,1.0798807534694239e-07,3.570953069026651e-09,1.0798807534694237e-07,1.079880753469424e-07,3.5709530690266506e-09,3.5709530690266514e-09
120,370.93117783955665,-48,E,-4.4450226488292321e-07,-8.5494891094639206e-07,-4.4450226488292327e-07,-4.4450226488292316e-07,-8.5494891094639217e-07,-8.5494891094639196e-07
120,370.93117783955665,-47,N,6.551482333549197e-08,-1.6690800397439069e-09,6.5514823335491957e-08,6.5514823335491984e-08,-1.6690800397439071e-09,-1.6690800397439067e-09
120,370.93117783955665,-47,A,-2.1253172217653499e-10,-4.3444897691254527e-09,-2.1253172217653501e-10,-2.1253172217653496e-10,-4.3444897691254535e-09,-4.3444897691254519e-09
120,370.93117783955665,-47,Z,-1.1696980559873075e-07,-6.5936064800405844e-08,-1.1696980559873076e-07,-1.1696980559873073e-07,-6.5936064800405858e-08,-6.5936064800405831e-08
120,370.93117783955665,-47,E,1.0188279543583148e-07,1.2112956786784835e-06,1.0188279543583147e-07,1.018827954358315e-07,1.2112956786784833e-06,1.2112956786784837e-06
120,370.93117783955665,-46,N,-7.8771004226923474e-08,-3.0590539568840402e-08,-7.8771004226923487e-08,-7.8771004226923461e-08,-3.0590539568840409e-08,-3.0590539568840395e-08
120,370.93117783955665,-46,A,-1.9476571904340125e-09,5.3906862540717959e-09,-1.9476571904340129e-09,-1.9476571904340121e-09,5.3906862540717951e-09,5.3906862540717967e-09
120,370.93117783955665,-46,Z,9.1175883460468863e-08,1.3992061666182491e-07,9.1175883460468849e-08,9.1175883460468876e-08,1.3992061666182489e-07,1.3992061666182494e-07
120,370.93117783955665,-46,E,4.7004971587505007e-07,-1.4611026254782555e-06,4.7004971587505002e-07,4.7004971587505013e-07,-1.4611026254782557e-06,-1.4611026254782553e-06
120,370.93117783955665,-45,N,7.8638384779275562e-08,7.5638525926991128e-08,7.8638384779275548e-08,7.8638384779275575e-08,7.5638525926991114e-08,7.5638525926991141e-08
120,370.93117783955665,-45,A,5.1130587678194372e-09,-5.5781991315945913e-09,5.1130587678194363e-09,5.113058767819438e-09,-5.5781991315945921e-09,-5.5781991315945905e-09
120,370.93117783955665,-45,Z,-2.0304080704502065e-08,-2.0689966573544142e-07,-2.0304080704502068e-08,-2.0304080704502061e-08,-2.0689966573544145e-07,-2.0689966573544139e-07
120,370.93117783955665,-45,E,-1.2585783635312708e-06,1.4760939302823923e-06,-1.258578363531271e-06,-1.2585783635312706e-06,1.476093930282392e-06,1.4760939302823925e-06
120,370.93117783955665,-44,N,-5.6198016090921016e-08,-1.2941433546957529e-07,-5.6198016090921023e-08,-5.6198016090921009e-08,-1.2941433546957531e-07,-1.2941433546957526e-07
120,370.93117783955665,-44,A,-9.0812728915724454e-09,4.2095076173424358e-09,-9.081272891572447e-09,-9.0812728915724437e-09,4.209507617342435e-09,4.2095076173424366e-09
120,370.93117783955665,-44,Z,-9.6455878559737498e-08,2.4039169498424895e-07,-9.6455878559737511e-08,-9.6455878559737485e-08,2.403916949842489e-07,2.40391694984249e-07
120,370.93117783955665,-44,E,2.1874299695862982e-06,-1.1122748585344886e-06,2.1874299695862978e-06,2.1874299695862986e-06,-1.1122748585344888e-06,-1.1122748585344884e-06
120,370.93117783955665,-43,N,2.7240445714326383e-09,1.8269238588863142e-07,2.7240445714326379e-09,2.7240445714326387e-09,1.826923858886314e-07,1.8269238588863145e-07
120,370.93117783955665,-43,A,1.3256405541547995e-08,-5.2568525694584326e-10,1.3256405541547993e-08,1.3256405541547997e-08,-5.2568525694584337e-10,-5.2568525694584316e-10
120,370.93117783955665,-43,Z,2.4493748699726081e-07,-2.1058422523936198e-07,2.4493748699726076e-07,2.4493748699726087e-07,-2.1058422523936201e-07,-2.1058422523936195e-07
120,370.93117783955665,-43,E,-3.0983952148324848e-06,2.3747922412761115e-07,-3.0983952148324852e-06,-3.0983952148324844e-06,2.3747922412761112e-07,2.3747922412761118e-07
120,370.93117783955665,-42,N,8.7776759673259167e-08,-2.2012278945247901e-07,8.7776759673259154e-08,8.777675967325918e-08,-2.2012278945247904e-07,-2.2012278945247899e-07
120,370.93117783955665,-42,A,-1.6526262705387028e-08,-6.1139535434100285e-09,-1.6526262705387032e-08,-1.6526262705387025e-08,-6.1139535434100293e-09,-6.1139535434100277e-09
120,370.93117783955665,-42,Z,-3.9246243864046306e-07,9.2453940981991828e-08,-3.9246243864046312e-07,-3.9246243864046301e-07,9.2453940981991814e-08,9.2453940981991841e-08
120,370.93117783955665,-42,E,3.7428141612706046e-06,1.2276405432850585e-06,3.7428141612706042e-06,3.742814161270605e-06,1.2276405432850583e-06,1.2276405432850587e-06
120,370.93117783955665,-41,N,-2.1504057321270086e-07,2.2029286369343737e-07,-2.1504057321270089e-07,-2.1504057321270084e-07,2.2029286369343734e-07,2.202928636934374e-07
120,370.93117783955665,-41,A,1.7196171297242389e-08,1.5950571245107711e-08,1.7196171297242386e-08,1.7196171297242392e-08,1.5950571245107708e-08,1.5950571245107715e-08
120,370.93117783955665,-41,Z,4.8849252214728933e-07,1.2321291259296468e-07,4.8849252214728923e-07,4.8849252214728944e-07,1.2321291259296465e-07,1.232129125929647e-07
120,370.93117783955665,-41,E,-3.7909469214715164e-06,-3.2575144041023185e-06,-3.7909469214715168e-06,-3.790946921471516e-06,-3.2575144041023189e-06,-3.2575144041023181e-06
120,370.93117783955665,-40,N,3.6831783585921062e-07,-1.574899255911388e-07,3.6831783585921057e-07,3.6831783585921067e-07,-1.5748992559113882e-07,-1.5748992559113877e-07
120,370.93117783955665,-40,A,-1.30436890525712e-08,-2.8442345593008357e-08,-1.3043689052571202e-08,-1.3043689052571198e-08,-2.844234559300836e-08,-2.8442345593008354e-08
120,370.93117783955665,-40,Z,-4.7157002528284878e-07,-4.1792293593197117e-07,-4.7157002528284883e-07,-4.7157002528284872e-07,-4.1792293593197122e-07,-4.1792293593197111e-07
120,370.93117783955665,-40,E,2.8675054414527474e-06,5.6649307553335231e-06,2.867505441452747e-06,2.8675054414527478e-06,5.6649307553335222e-06,5.6649307553335239e-06
120,370.93117783955665,-39,N,-5.2209936541661969e-07,5.8541297394321571e-09,-5.220993654166198e-07,-5.2209936541661958e-07,5.8541297394321562e-09,5.8541297394321579e-09
120,370.93117783955665,-39,A,1.5723545596248251e-09,4.1813761671462254e-08,1.5723545596248249e-09,1.5723545596248253e-09,4.1813761671462247e-08,4.181376167146226e-08
120,370.93117783955665,-39,Z,2.8375870692812297e-07,7.3612894807793699e-07,2.8375870692812292e-07,2.8375870692812302e-07,7.3612894807793689e-07,7.361289480779371e-07
120,370.93117783955665,-39,E,-6.1997869126469291e-07,-8.0511017784079499e-06,-6.1997869126469302e-07,-6.1997869126469281e-07,-8.0511017784079516e-06,-8.0511017784079482e-06
120,370.93117783955665,-38,N,6.3291355758330178e-07,2.5355613301169022e-07,6.3291355758330168e-07,6.3291355758330189e-07,2.5355613301169017e-07,2.5355613301169028e-07
120,370.93117783955665,-38,A,1.945493303997303e-08,-5.2613067688317245e-08,1.9454933039973026e-08,1.9454933039973033e-08,-5.2613067688317251e-08,-5.2613067688317238e-08
120,370.93117783955665,-38,Z,1.0797513462349172e-07,-9.8293609238048508e-07,1.0797513462349171e-07,1.0797513462349174e-07,-9.8293609238048529e-07,-9.8293609238048487e-07
120,370.93117783955665,-38,E,-3.1777882392385424e-06,9.7788591299126805e-06,-3.1777882392385428e-06,-3.1777882392385419e-06,9.7788591299126788e-06,9.7788591299126822e-06
120,370.93117783955665,-37,N,-6.3878075794741906e-07,-6.2267228111225433e-07,-6.3878075794741916e-07,-6.3878075794741895e-07,-6.2267228111225444e-07,-6.2267228111225422e-07
120,370.93117783955665,-37,A,-5.1133789942986986e-08,5.5412694554116232e-08,-5.1133789942986992e-08,-5.1133789942986979e-08,5.5412694554116225e-08,5.5412694554116238e-08
120,370.93117783955665,-37,Z,-6.8657772847784677e-07,1.0335787496687256e-06,-6.8657772847784688e-07,-6.8657772847784666e-07,1.0335787496687253e-06,1.0335787496687258e-06
120,370.93117783955665,-37,E,8.4913124901263152e-06,-9.9890872078122475e-06,8.4913124901263135e-06,8.4913124901263169e-06,-9.9890872078122492e-06,-9.9890872078122458e-06
120,370.93117783955665,-36,N,4.632880323507245e-07,1.0738784136780314e-06,4.6328803235072444e-07,4.6328803235072455e-07,1.0738784136780312e-06,1.0738784136780316e-06
120,370.93117783955665,-36,A,9.2164997652634486e-08,-4.2850441828740888e-08,9.2164997652634473e-08,9.2164997652634499e-08,-4.2850441828740895e-08,-4.2850441828740882e-08
120,370.93117783955665,-36,Z,1.3620571427482435e-06,-7.5820108947325661e-07,1.3620571427482433e-06,1.3620571427482437e-06,-7.5820108947325672e-07,-7.582010894732565e-07
120,370.93117783955665,-36,E,-1.4874692184201898e-05,7.6817406456804906e-06,-1.48746921842019e-05,-1.4874692184201897e-05,7.6817406456804889e-06,7.6817406456804923e-06
120,370.93117783955665,-35,N,-2.6397443143107679e-08,-1.5365988740439839e-06,-2.6397443143107683e-08,-2.6397443143107676e-08,-1.5365988740439841e-06,-1.5365988740439836e-06
120,370.93117783955665,-35,A,-1.372870924250681e-07,6.2711542160894263e-09,-1.3728709242506813e-07,-1.3728709242506807e-07,6.2711542160894255e-09,6.2711542160894271e-09
120,370.93117783955665,-35,Z,-1.95981267280032e-06,6.248384600560077e-08,-1.9598126728003204e-06,-1.9598126728003196e-06,6.2483846005600757e-08,6.2483846005600783e-08
120,370.93117783955665,-35,E,2.1329051448634848e-05,-1.8802093352526234e-06,2.1329051448634844e-05,2.1329051448634851e-05,-1.8802093352526237e-06,-1.8802093352526232e-06
120,370.93117783955665,-34,N,-7.3611787214031277e-07,1.8858183342336104e-06,-7.3611787214031287e-07,-7.3611787214031266e-07,1.8858183342336102e-06,1.8858183342336107e-06
120,370.93117783955665,-34,A,1.7557554188444082e-07,6.2723322224328181e-08,1.7557554188444079e-07,1.7557554188444085e-07,6.2723322224328168e-08,6.2723322224328194e-08
120,370.93117783955665,-34,Z,2.230374373204497e-06,1.0601943412881152e-06,2.2303743732044966e-06,2.2303743732044974e-06,1.060194341288115e-06,1.0601943412881154e-06
120,370.93117783955665,-34,E,-2.6208181907265618e-05,-8.109594365291708e-06,-2.6208181907265622e-05,-2.6208181907265615e-05,-8.1095943652917097e-06,-8.1095943652917063e-06
120,370.93117783955665,-33,N,1.8434364041588955e-06,-1.9367583031861358e-06,1.8434364041588953e-06,1.8434364041588957e-06,-1.9367583031861362e-06,-1.9367583031861354e-06
120,370.93117783955665,-33,A,-1.8897342835568756e-07,-1.6949291945292116e-07,-1.8897342835568758e-07,-1.8897342835568753e-07,-1.6949291945292119e-07,-1.6949291945292113e-07
120,370.93117783955665,-33,Z,-1.88965322774517e-06,-2.4755936419082258e-06,-1.8896532277451702e-06,-1.8896532277451698e-06,-2.4755936419082262e-06,-2.4755936419082253e-06
120,370.93117783955665,-33,E,2.7221157388255931e-05,2.234699428748976e-05,2.7221157388255927e-05,2.7221157388255934e-05,2.2346994287489757e-05,2.2346994287489764e-05
120,370.93117783955665,-32,N,-3.2308500265582375e-06,1.4514615984137991e-06,-3.230850026558238e-06,-3.2308500265582371e-06,1.4514615984137989e-06,1.4514615984137993e-06
120,370.93117783955665,-32,A,1.5166592581009556e-07,3.1206647663737497e-07,1.5166592581009553e-07,1.5166592581009558e-07,3.1206647663737492e-07,3.1206647663737502e-07
120,370.93117783955665,-32,Z,6.9409107761286601e-07,3.8713541954347836e-06,6.940910776128659e-07,6.9409107761286612e-07,3.8713541954347827e-06,3.8713541954347844e-06
120,370.93117783955665,-32,E,-2.1592034099332952e-05,-3.9832393327798683e-05,-2.1592034099332955e-05,-2.1592034099332949e-05,-3.983239332779869e-05,-3.9832393327798677e-05
120,370.93117783955665,-31,N,4.7038249314126377e-06,-1.6460901556285444e-07,4.7038249314126368e-06,4.7038249314126385e-06,-1.6460901556285447e-07,-1.6460901556285442e-07
120,370.93117783955665,-31,A,-3.1246002434770856e-08,-4.7520990768787144e-07,-3.1246002434770863e-08,-3.124600243477085e-08,-4.752099076878715e-07,-4.7520990768787139e-07
120,370.93117783955665,-31,Z,1.4537279933591146e-06,-4.7571177129810747e-06,1.4537279933591144e-06,1.4537279933591148e-06,-4.7571177129810755e-06,-4.7571177129810738e-06
120,370.93117783955665,-31,E,6.4437990385432701e-06,5.806143468357242e-05,6.4437990385432693e-06,6.443799038543271e-06,5.8061434683572413e-05,5.8061434683572427e-05
120,370.93117783955665,-30,N,-5.8912245389595895e-06,-2.1627213330771756e-06,-5.8912245389595904e-06,-5.8912245389595887e-06,-2.162721333077176e-06,-2.1627213330771751e-06
120,370.93117783955665,-30,A,-2.0695389256294439e-07,6.2308956684000804e-07,-2.0695389256294442e-07,-2.0695389256294436e-07,6.2308956684000794e-07,6.2308956684000815e-07
120,370.93117783955665,-30,Z,-4.3859035527770841e-06,4.5237728869119046e-06,-4.3859035527770849e-06,-4.3859035527770833e-06,4.5237728869119037e-06,4.5237728869119054e-06
120,370.93117783955665,-30,E,2.0527665670762044e-05,-7.2650122761342098e-05,2.0527665670762041e-05,2.0527665670762048e-05,-7.2650122761342111e-05,-7.2650122761342084e-05
120,370.93117783955665,-29,N,6.2099835638989396e-06,5.6522542606341276e-06,6.2099835638989387e-06,6.2099835638989404e-06,5.6522542606341267e-06,5.6522542606341284e-06
120,370.93117783955665,-29,A,5.905476735384305e-07,-6.9150505482007282e-07,5.905476735384304e-07,5.9054767353843061e-07,-6.9150505482007293e-07,-6.9150505482007272e-07
120,370.93117783955665,-29,Z,7.567544196554133e-06,-2.5770020040534784e-06,7.5675441965541321e-06,7.5675441965541338e-06,-2.5770020040534788e-06,-2.577002004053478e-06
120,370.93117783955665,-29,E,-6.0045522058088164e-05,7.7181913292223795e-05,-6.0045522058088171e-05,-6.0045522058088157e-05,7.7181913292223781e-05,7.7181913292223808e-05
120,370.93117783955665,-28,N,-4.8623747068701686e-06,-1.017412227391417e-05,-4.8623747068701694e-06,-4.8623747068701677e-06,-1.0174122273914172e-05,-1.0174122273914168e-05
120,370.93117783955665,-28,A,-1.1237339640269724e-06,5.8196280698681114e-07,-1.1237339640269726e-06,-1.1237339640269722e-06,5.8196280698681103e-07,5.8196280698681124e-07
120,370.93117783955665,-28,Z,-1.0055967540171404e-05,-1.4548381533336222e-06,-1.0055967540171406e-05,-1.0055967540171403e-05,-1.4548381533336224e-06,-1.454838153333622e-06
120,370.93117783955665,-28,E,0.0001099268840489187,-6.3495826615161182e-05,0.00010992688404891868,0.00010992688404891871,-6.3495826615161195e-05,-6.3495826615161168e-05
120,370.93117783955665,-27,N,8.9785002762211478e-07,1.5170931837343028e-05,8.9785002762211468e-07,8.9785002762211489e-07,1.5170931837343026e-05,1.517093183734303e-05
120,370.93117783955665,-27,A,1.7622121936204374e-06,-1.6181906661933167e-07,1.7622121936204371e-06,1.7622121936204376e-06,-1.618190666193317e-07,-1.6181906661933165e-07
120,370.93117783955665,-27,Z,1.0569736778607012e-05,7.4621608759696214e-06,1.056973677860701e-05,1.0569736778607013e-05,7.4621608759696206e-06,7.4621608759696223e-06
120,370.93117783955665,-27,E,-0.00016357803268108687,2.2688545929016166e-05,-0.00016357803268108689,-0.00016357803268108684,2.2688545929016163e-05,2.268854592901617e-05
120,370.93117783955665,-26,N,6.6193486275268018e-06,-1.9460245750940072e-05,6.6193486275268009e-06,6.6193486275268026e-06,-1.9460245750940075e-05,-1.9460245750940068e-05
120,370.93117783955665,-26,A,-2.3793140232457234e-06,-7.228670957741147e-07,-2.3793140232457238e-06,-2.379314023245723e-06,-7.228670957741148e-07,-7.2286709577411459e-07
120,370.93117783955665,-26,Z,-7.7100519255420343e-06,-1.4598181804115445e-05,-7.7100519255420359e-06,-7.7100519255420326e-06,-1.4598181804115446e-05,-1.4598181804115443e-05
120,370.93117783955665,-26,E,0.00020863166938796121,5.2900279912093102e-05,0.00020863166938796119,0.00020863166938796124,5.2900279912093096e-05,5.2900279912093109e-05
120,370.93117783955665,-25,N,-1.8294496249827233e-05,2.106335872504018e-05,-1.8294496249827236e-05,-1.829449624982723e-05,2.1063358725040176e-05,2.1063358725040183e-05
120,370.93117783955665,-25,A,2.7266500784076584e-06,2.2127773577555501e-06,2.7266500784076579e-06,2.7266500784076588e-06,2.2127773577555497e-06,2.2127773577555506e-06
120,370.93117783955665,-25,Z,3.541027672011626e-07,2.1108753534087933e-05,3.5410276720116255e-07,3.5410276720116265e-07,2.1108753534087929e-05,2.1108753534087936e-05
120,370.93117783955665,-25,E,-0.00022627149260997625,-0.00016656337455561992,-0.00022627149260997628,-0.00022627149260997622,-0.00016656337455561994,-0.00016656337455561989
120,370.93117783955665,-24,N,3.3909725356884227e-05,-1.7142482832763788e-05,3.390972535688422e-05,3.3909725356884234e-05,-1.7142482832763791e-05,-1.7142482832763784e-05
120,370.93117783955665,-24,A,-2.3981034912949246e-06,-4.3684815727078894e-06,-2.398103491294925e-06,-2.3981034912949242e-06,-4.3684815727078903e-06,-4.3684815727078886e-06
120,370.93117783955665,-24,Z,1.1801704594831593e-05,-2.4353264136287568e-05,1.1801704594831591e-05,1.1801704594831594e-05,-2.4353264136287572e-05,-2.4353264136287565e-05
120,370.93117783955665,-24,E,0.00019199587557680822,0.00031306819593965378,0.00019199587557680819,0.00019199587557680825,0.00031306819593965372,0.00031306819593965383
120,370.93117783955665,-23,N,-5.1755936063230693e-05,4.1639534920084268e-06,-5.17559360632307e-05,-5.1755936063230686e-05,4.163953492008426e-06,4.1639534920084277e-06
120,370.93117783955665,-23,A,8.1448028723128696e-07,7.0606149614136724e-06,8.1448028723128685e-07,8.1448028723128706e-07,7.0606149614136716e-06,7.0606149614136733e-06
120,370.93117783955665,-23,Z,-2.7630234795570568e-05,2.112524713916006e-05,-2.7630234795570571e-05,-2.7630234795570564e-05,2.1125247139160057e-05,2.1125247139160064e-05
120,370.93117783955665,-23,E,-7.8685456583513615e-05,-0.00047400880785647241,-7.8685456583513629e-05,-7.8685456583513601e-05,-0.00047400880785647247,-0.00047400880785647236
120,370.93117783955665,-22,N,6.7841662582300579e-05,2.1555651254641506e-05,6.7841662582300566e-05,6.7841662582300593e-05,2.1555651254641503e-05,2.1555651254641509e-05
120,370.93117783955665,-22,A,2.7403548081161469e-06,-9.810322000443886e-06,2.7403548081161464e-06,2.7403548081161473e-06,-9.8103220004438877e-06,-9.8103220004438843e-06
120,370.93117783955665,-22,Z,4.4046043266732507e-05,-8.3528622024599126e-06,4.40460432667325e-05,4.4046043266732514e-05,-8.3528622024599143e-06,-8.3528622024599109e-06
120,370.93117783955665,-22,E,-0.00013725986429309197,0.00061384773468304557,-0.00013725986429309199,-0.00013725986429309194,0.00061384773468304546,0.00061384773468304568
120,370.93117783955665,-21,N,-7.5132833381318407e-05,-6.2715614835524085e-05,-7.5132833381318421e-05,-7.5132833381318394e-05,-6.2715614835524099e-05,-6.2715614835524071e-05
120,370.93117783955665,-21,A,-8.9816656298993885e-06,1.1589750153131104e-05,-8.9816656298993902e-06,-8.9816656298993868e-06,1.1589750153131102e-05,1.1589750153131106e-05
120,370.93117783955665,-21,Z,-5.5778170975474833e-05,-1.5814004654652333e-05,-5.577817097547484e-05,-5.5778170975474826e-05,-1.5814004654652336e-05,-1.581400465465233e-05
120,370.93117783955665,-21,E,0.00046654061556503394,-0.00067865423068699934,0.00046654061556503388,0.00046654061556503399,-0.00067865423068699945,-0.00067865423068699923
120,370.93117783955665,-20,N,6.3204386927193885e-05,0.00011910562275919246,6.3204386927193871e-05,6.3204386927193898e-05,0.00011910562275919245,0.00011910562275919247
120,370.93117783955665,-20,A,1.8322472215788873e-05,-1.0637446936113073e-05,1.832247221578887e-05,1.8322472215788877e-05,-1.0637446936113075e-05,-1.0637446936113071e-05
120,370.93117783955665,-20,Z,5.568421803050043e-05,5.0643076100931312e-05,5.5684218030500424e-05,5.5684218030500437e-05,5.0643076100931305e-05,5.0643076100931318e-05
120,370.93117783955665,-20,E,-0.00089577749181334152,0.00060015126704847388,-0.00089577749181334162,-0.00089577749181334141,0.00060015126704847377,0.00060015126704847399
120,370.93117783955665,-19,N,-1.9042440893491819e-05,-0.00018497212519819555,-1.9042440893491822e-05,-1.9042440893491815e-05,-0.00018497212519819558,-0.00018497212519819552
120,370.93117783955665,-19,A,-3.0390651661115276e-05,4.4152763798240096e-06,-3.039065166111528e-05,-3.0390651661115273e-05,4.4152763798240088e-06,4.4152763798240105e-06
120,370.93117783955665,-19,Z,-3.5791515748528849e-05,-9.1431169948560012e-05,-3.5791515748528855e-05,-3.5791515748528842e-05,-9.1431169948560026e-05,-9.1431169948559998e-05
120,370.93117783955665,-19,E,0.0013788454733468733,-0.00030656825424897117,0.0013788454733468731,0.0013788454733468735,-0.00030656825424897122,-0.00030656825424897112
120,370.93117783955665,-18,N,-7.0208233780235949e-05,0.00024667002355356057,-7.0208233780235963e-05,-7.0208233780235936e-05,0.00024667002355356052,0.00024667002355356063
120,370.93117783955665,-18,A,4.3506457690865473e-05,1.0160449361058134e-05,4.3506457690865466e-05,4.3506457690865479e-05,1.0160449361058132e-05,1.0160449361058135e-05
120,370.93117783955665,-18,Z,-1.0880801907954461e-05,0.0001283928629332865,-1.0880801907954462e-05,-1.0880801907954459e-05,0.00012839286293328647,0.00012839286293328653
120,370.93117783955665,-18,E,-0.0018370633544876546,-0.00026354010600585241,-0.0018370633544876548,-0.0018370633544876544,-0.00026354010600585247,-0.00026354010600585236
120,370.93117783955665,-17,N,0.00021317616443195561,-0.00028278151166477214,0.00021317616443195558,0.00021317616443195563,-0.0002827815116647722,-0.00028278151166477209
120,370.93117783955665,-17,A,-5.4443168303351419e-05,-3.6378676454371118e-05,-5.4443168303351426e-05,-5.4443168303351413e-05,-3.6378676454371125e-05,-3.6378676454371111e-05
120,370.93117783955665,-17,Z,8.7733250585576427e-05,-0.00014603619001671639,8.7733250585576413e-05,8.773325058557644e-05,-0.00014603619001671641,-0.00014603619001671636
120,370.93117783955665,-17,E,0.0021690139492690262,0.0011577757294037921,0.0021690139492690258,0.0021690139492690267,0.0011577757294037919,0.0011577757294037924
120,370.93117783955665,-16,N,-0.00041329099789812169,0.00026781123546003907,-0.00041329099789812174,-0.00041329099789812163,0.00026781123546003901,0.00026781123546003912
120,370.93117783955665,-16,A,5.8418640239203303e-05,7.81973773214252e-05,5.8418640239203296e-05,5.841864023920331e-05,7.8197377321425186e-05,7.8197377321425214e-05
120,370.93117783955665,-16,Z,-0.00019094779063695463,0.00012315862610282145,-0.00019094779063695466,-0.0001909477906369546,0.00012315862610282142,0.00012315862610282147
120,370.93117783955665,-16,E,-0.0022495743961734667,-0.0024326039358823523,-0.0022495743961734671,-0.0022495743961734663,-0.0024326039358823527,-0.0024326039358823518
120,370.93117783955665,-15,N,0.00067816483964352949,-0.00017234621102418622,0.00067816483964352938,0.0006781648396435296,-0.00017234621102418625,-0.0001723462110241862
120,370.93117783955665,-15,A,-4.72728103592226e-05,-0.00014277185975415912,-4.7272810359222607e-05,-4.7272810359222593e-05,-0.00014277185975415915,-0.00014277185975415909
120,370.93117783955665,-15,Z,0.00030382869232388655,-3.4326417045832503e-05,0.0003038286923238865,0.00030382869232388661,-3.4326417045832509e-05,-3.4326417045832496e-05
120,370.93117783955665,-15,E,0.00186841000051765,0.0041888649020178298,0.0018684100005176498,0.0018684100005176502,0.004188864902017829,0.0041888649020178307
120,370.93117783955665,-14,N,-0.0010354567634392839,-6.3318833848636711e-05,-0.0010354567634392841,-0.0010354567634392837,-6.3318833848636724e-05,-6.3318833848636697e-05
120,370.93117783955665,-14,A,2.5705259535084182e-07,0.00024319339986079191,2.5705259535084177e-07,2.5705259535084187e-07,0.00024319339986079189,0.00024319339986079194
120,370.93117783955665,-14,Z,-0.00038853883106644777,-0.00014376229688978969,-0.00038853883106644782,-0.00038853883106644771,-0.00014376229688978971,-0.00014376229688978966
120,370.93117783955665,-14,E,-0.00056807495604686918,-0.0065282288218948565,-0.00056807495604686929,-0.00056807495604686907,-0.0065282288218948574,-0.0065282288218948556
120,370.93117783955665,-13,N,0.0015083794106050014,0.00060579978740240962,0.0015083794106050012,0.0015083794106050016,0.00060579978740240951,0.00060579978740240973
120,370.93117783955665,-13,A,0.00013760277679491671,-0.00038913512733482891,0.00013760277679491668,0.00013760277679491674,-0.00038913512733482897,-0.00038913512733482886
120,370.93117783955665,-13,Z,0.00037969314180638257,0.00041482001740236085,0.00037969314180638251,0.00037969314180638262,0.00041482001740236079,0.0004148200174023609
120,370.93117783955665,-13,E,-0.0025302148398623952,0.0092655237019068741,-0.0025302148398623956,-0.0025302148398623947,0.0092655237019068724,0.0092655237019068758
120,370.93117783955665,-12,N,-0.0019493779669372937,-0.001802381625158502,-0.0019493779669372939,-0.0019493779669372934,-0.0018023816251585023,-0.0018023816251585018
120,370.93117783955665,-12,A,-0.0004758602817161009,0.00054087166046005986,-0.00047586028171610096,-0.00047586028171610085,0.00054087166046005975,0.00054087166046005997
120,370.93117783955665,-12,Z,-0.00019523245840173092,-0.00073340915933880091,-0.00019523245840173095,-0.0001952324584017309,-0.00073340915933880102,-0.0007334091593388008
120,370.93117783955665,-12,E,0.0085804742811880271,-0.011348005217092156,0.0085804742811880254,0.0085804742811880289,-0.011348005217092158,-0.011348005217092155
120,370.93117783955665,-11,N,0.0017112220791236552,0.004009415579878591,0.001711222079123655,0.0017112220791236554,0.0040094155798785901,0.0040094155798785919
120,370.93117783955665,-11,A,0.0011414308809463154,-0.00052265123479498701,0.0011414308809463152,0.0011414308809463156,-0.00052265123479498712,-0.0005226512347949869
120,370.93117783955665,-11,Z,-0.00021693643674122222,0.00098685855479488252,-0.00021693643674122225,-0.00021693643674122219,0.00098685855479488231,0.00098685855479488274
120,370.93117783955665,-11,E,-0.01816325366854276,0.010430061052296548,-0.018163253668542764,-0.018163253668542757,0.010430061052296546,0.01043006105229655
120,370.93117783955665,-10,N,0.00041276697237237268,-0.0068964965196013769,0.00041276697237237263,0.00041276697237237274,-0.0068964965196013778,-0.006896496519601376
120,370.93117783955665,-10,A,-0.00212952963910467,-3.9902362721158002e-06,-0.0021295296391046705,-0.0021295296391046696,-3.9902362721158011e-06,-3.9902362721157994e-06
120,370.93117783955665,-10,Z,0.00081880247526580651,-0.0010426801672322621,0.0008188024752658064,0.00081880247526580662,-0.0010426801672322624,-0.0010426801672322619
120,370.93117783955665,-10,E,0.030164964887702293,-0.0035576078806191839,0.030164964887702289,0.030164964887702296,-0.0035576078806191843,-0.0035576078806191834
120,370.93117783955665,-9,N,-0.0050444192218877682,0.0088507591574047469,-0.0050444192218877691,-0.0050444192218877673,0.0088507591574047452,0.0088507591574047487
120,370.93117783955665,-9,A,0.0032366427473895561,0.0013168757172722396,0.0032366427473895557,0.0032366427473895566,0.0013168757172722393,0.0013168757172722398
120,370.93117783955665,-9,Z,-0.0015282486167577517,0.0008691351669037335,-0.0015282486167577519,-0.0015282486167577515,0.00086913516690373339,0.00086913516690373361
120,370.93117783955665,-9,E,-0.042409211076916149,-0.011234443378177817,-0.042409211076916156,-0.042409211076916142,-0.011234443378177819,-0.011234443378177816
120,370.93117783955665,-8,N,0.01045497937529468,-0.0090776630571732624,0.010454979375294679,0.010454979375294682,-0.0090776630571732641,-0.0090776630571732606
120,370.93117783955665,-8,A,-0.0047950934354111718,-0.0035194049588032467,-0.0047950934354111727,-0.0047950934354111709,-0.0035194049588032471,-0.0035194049588032463
120,370.93117783955665,-8,Z,0.0024958691006936287,-0.00049839266657333511,0.0024958691006936283,0.0024958691006936292,-0.00049839266657333522,-0.000498392666573335
120,370.93117783955665,-8,E,0.054987872777170071,0.036838536089293966,0.054987872777170065,0.054987872777170078,0.036838536089293959,0.036838536089293973
120,370.93117783955665,-7,N,-0.016839173285466556,0.013468258296804843,-0.016839173285466559,-0.016839173285466552,0.013468258296804841,0.013468258296804845
120,370.93117783955665,-7,A,0.0092546947306205093,0.0091132967457607603,0.0092546947306205076,0.0092546947306205111,0.0091132967457607586,0.0091132967457607621
120,370.93117783955665,-7,Z,-0.0042589519367242533,-0.00064299935120813571,-0.0042589519367242541,-0.0042589519367242524,-0.00064299935120813582,-0.0006429993512081356
120,370.93117783955665,-7,E,-0.067139760579953869,-0.088440289736499492,-0.067139760579953883,-0.067139760579953855,-0.088440289736499506,-0.088440289736499478
120,370.93117783955665,-6,N,0.046233109438774435,-0.029874028420186171,0.046233109438774428,0.046233109438774442,-0.029874028420186174,-0.029874028420186167
120,370.93117783955665,-6,A,-0.017003864771298387,-0.032914611108174022,-0.01700386477129839,-0.017003864771298383,-0.032914611108174029,-0.032914611108174015
120,370.93117783955665,-6,Z,0.0064627560594116978,0.0047852174284147911,0.006462756059411697,0.0064627560594116987,0.0047852174284147902,0.004785217428414792
120,370.93117783955665,-6,E,0.045963989512473186,0.20001420841774911,0.045963989512473179,0.045963989512473193,0.20001420841774908,0.20001420841774914
120,370.93117783955665,-5,N,-0.15836542760531136,0.013835567902080096,-0.15836542760531139,-0.15836542760531133,0.013835567902080095,0.013835567902080098
120,370.93117783955665,-5,A,-0.0075308282172349469,0.11302828811286225,-0.0075308282172349477,-0.007530828217234946,0.11302828811286224,0.11302828811286227
120,370.93117783955665,-5,Z,-0.0043496752166496001,-0.014375187127425321,-0.0043496752166496009,-0.0043496752166495992,-0.014375187127425323,-0.01437518712742532
120,370.93117783955665,-5,E,0.12540830198017253,-0.36790010730178507,0.1254083019801725,0.12540830198017255,-0.36790010730178513,-0.36790010730178502
120,370.93117783955665,-4,N,0.3510145228279668,0.24687506559301456,0.35101452282796675,0.35101452282796686,0.24687506559301453,0.24687506559301459
120,370.93117783955665,-4,A,0.23962484960712085,-0.2566508911881919,0.23962484960712083,0.23962484960712088,-0.25665089118819195,-0.25665089118819184
120,370.93117783955665,-4,Z,-0.011985840728690165,0.023931359519060291,-0.011985840728690167,-0.011985840728690163,0.023931359519060287,0.023931359519060294
120,370.93117783955665,-4,E,-0.59991252023639541,0.38678705432681987,-0.59991252023639552,-0.5999125202363953,0.38678705432681981,0.38678705432681992
120,370.93117783955665,-3,N,-0.18242862597181331,-1.1150706537421138,-0.18242862597181334,-0.18242862597181328,-1.115070653742114,-1.1150706537421136
120,370.93117783955665,-3,A,-1.1572660275222288,0.08143980419309968,-1.1572660275222291,-1.1572660275222286,0.081439804193099666,0.081439804193099694
120,370.93117783955665,-3,Z,0.043770491184245572,-0.011730225940406382,0.043770491184245565,0.043770491184245579,-0.011730225940406383,-0.01173022594040638
120,370.93117783955665,-3,E,1.2246714282754956,0.22473845253783428,1.2246714282754954,1.2246714282754958,0.22473845253783425,0.22473845253783431
120,370.93117783955665,-2,N,-2.0071912616111427,2.6605286083277182,-2.0071912616111431,-2.0071912616111423,2.6605286083277178,2.6605286083277186
120,370.93117783955665,-2,A,3.6833043677300319,2.8455745635609992,3.6833043677300314,3.6833043677300323,2.8455745635609988,2.8455745635609997
120,370.93117783955665,-2,Z,-0.05552324283220602,-0.046341370436436796,-0.055523242832206027,-0.055523242832206013,-0.046341370436436803,-0.046341370436436789
120,370.93117783955665,-2,E,-1.1094670862675706,-1.7827999443809313,-1.1094670862675708,-1.1094670862675704,-1.7827999443809315,-1.782799944380931
120,370.93117783955665,-1,N,10.723844365972303,-2.9143902825744084,10.723844365972301,10.723844365972305,-2.9143902825744088,-2.9143902825744079
120,370.93117783955665,-1,A,-8.8018411277241864,-24.940357844233294,-8.8018411277241881,-8.8018411277241846,-24.940357844233297,-24.94035784423329
120,370.93117783955665,-1,Z,-0.018835473107520446,0.11104032609759473,-0.018835473107520449,-0.018835473107520442,0.11104032609759472,0.11104032609759475
120,370.93117783955665,-1,E,-1.4009428036859557,3.0985779314120339,-1.4009428036859559,-1.4009428036859555,3.0985779314120334,3.0985779314120343
120,370.93117783955665,0,N,77.347566387587534,6.0440357191211844e-16,77.34756638758752,77.347566387587548,6.0440357191211834e-16,6.0440357191211854e-16
120,370.93117783955665,0,A,891.31241874933971,1.356222649168656e-14,891.3124187493396,891.31241874933983,1.3562226491686559e-14,1.3562226491686562e-14
120,370.93117783955665,0,Z,0.1505302892851772,2.4761198163320401e-18,0.15053028928517717,0.15053028928517723,2.4761198163320397e-18,2.4761198163320404e-18
120,370.93117783955665,0,E,4.525410739702874,-2.5797713435273348e-17,4.5254107397028731,4.5254107397028749,-2.5797713435273351e-17,-2.5797713435273345e-17
120,370.93117783955665,1,N,10.723844365972303,2.9143902825744101,10.723844365972301,10.723844365972305,2.9143902825744097,2.9143902825744106
120,370.93117783955665,1,A,-8.8018411277241935,24.940357844233308,-8.8018411277241952,-8.8018411277241917,24.940357844233304,24.940357844233311
120,370.93117783955665,1,Z,-0.018835473107520446,-0.11104032609759473,-0.018835473107520449,-0.018835473107520442,-0.11104032609759475,-0.11104032609759472
120,370.93117783955665,1,E,-1.4009428036859559,-3.0985779314120339,-1.4009428036859561,-1.4009428036859557,-3.0985779314120343,-3.0985779314120334
120,370.93117783955665,2,N,-2.0071912616111405,-2.6605286083277213,-2.0071912616111409,-2.00719126161114,-2.6605286083277218,-2.6605286083277209
120,370.93117783955665,2,A,3.683304367730043,-2.8455745635610321,3.6833043677300426,3.6833043677300434,-2.8455745635610326,-2.8455745635610317
120,370.93117783955665,2,Z,-0.055523242832206013,0.046341370436436789,-0.05552324283220602,-0.055523242832206006,0.046341370436436782,0.046341370436436796
120,370.93117783955665,2,E,-1.1094670862675708,1.7827999443809313,-1.1094670862675711,-1.1094670862675706,1.782799944380931,1.7827999443809315
120,370.93117783955665,3,N,-0.18242862597181345,1.1150706537421129,-0.18242862597181347,-0.18242862597181342,1.1150706537421127,1.1150706537421131
120,370.93117783955665,3,A,-1.1572660275222415,-0.081439804193117735,-1.1572660275222417,-1.1572660275222413,-0.081439804193117749,-0.081439804193117721
120,370.93117783955665,3,Z,0.043770491184245572,0.011730225940406378,0.043770491184245565,0.043770491184245579,0.011730225940406376,0.01173022594040638
120,370.93117783955665,3,E,1.2246714282754956,-0.2247384525378342,1.2246714282754954,1.2246714282754958,-0.22473845253783423,-0.22473845253783417
120,370.93117783955665,4,N,0.35101452282796602,-0.24687506559301498,0.35101452282796597,0.35101452282796608,-0.246875065593015,-0.24687506559301495
120,370.93117783955665,4,A,0.2396248496071364,0.25665089118821133,0.23962484960713637,0.23962484960713643,0.25665089118821127,0.25665089118821138
120,370.93117783955665,4,Z,-0.01198584072869016,-0.023931359519060287,-0.011985840728690161,-0.011985840728690158,-0.023931359519060291,-0.023931359519060284
120,370.93117783955665,4,E,-0.59991252023639519,-0.38678705432681965,-0.5999125202363953,-0.59991252023639507,-0.3867870543268197,-0.38678705432681959
120,370.93117783955665,5,N,-0.15836542760531055,-0.013835567902083392,-0.15836542760531058,-0.15836542760531053,-0.013835567902083394,-0.013835567902083391
120,370.93117783955665,5,A,-0.0075308282172133504,-0.11302828811290615,-0.0075308282172133513,-0.0075308282172133496,-0.11302828811290616,-0.11302828811290613
120,370.93117783955665,5,Z,-0.0043496752166495992,0.014375187127425321,-0.0043496752166496001,-0.0043496752166495983,0.01437518712742532,0.014375187127425323
120,370.93117783955665,5,E,0.12540830198017275,0.3679001073017848,0.12540830198017272,0.12540830198017278,0.36790010730178474,0.36790010730178485
120,370.93117783955665,6,N,0.046233109438774636,0.029874028420184107,0.046233109438774629,0.046233109438774643,0.029874028420184103,0.02987402842018411
120,370.93117783955665,6,A,-0.017003864771290157,0.032914611108125193,-0.017003864771290161,-0.017003864771290154,0.032914611108125186,0.0329146111081252
120,370.93117783955665,6,Z,0.0064627560594116926,-0.0047852174284147972,0.0064627560594116918,0.0064627560594116935,-0.004785217428414798,-0.0047852174284147963
120,370.93117783955665,6,E,0.045963989512472929,-0.20001420841774897,0.045963989512472922,0.045963989512472936,-0.200014208417749,-0.20001420841774895
120,370.93117783955665,7,N,-0.016839173285468793,-0.01346825829680314,-0.016839173285468797,-0.01683917328546879,-0.013468258296803141,-0.013468258296803138
120,370.93117783955665,7,A,0.0092546947306231964,-0.0091132967457526314,0.0092546947306231947,0.0092546947306231982,-0.0091132967457526332,-0.0091132967457526297
120,370.93117783955665,7,Z,-0.0042589519367242481,0.00064299935120814351,-0.0042589519367242489,-0.0042589519367242472,0.00064299935120814341,0.00064299935120814362
120,370.93117783955665,7,E,-0.067139760579953842,0.088440289736499686,-0.067139760579953855,-0.067139760579953828,0.088440289736499672,0.0884402897364997
120,370.93117783955665,8,N,0.010454979375294784,0.0090776630571735781,0.010454979375294783,0.010454979375294786,0.0090776630571735763,0.0090776630571735798
120,370.93117783955665,8,A,-0.0047950934353967979,0.0035194049588039558,-0.0047950934353967987,-0.004795093435396797,0.0035194049588039554,0.0035194049588039562
120,370.93117783955665,8,Z,0.0024958691006936344,0.00049839266657334086,0.0024958691006936339,0.0024958691006936348,0.00049839266657334075,0.00049839266657334097
120,370.93117783955665,8,E,0.054987872777170162,-0.036838536089294285,0.054987872777170155,0.054987872777170169,-0.036838536089294292,-0.036838536089294278
120,370.93117783955665,9,N,-0.0050444192218873857,-0.008850759157405361,-0.0050444192218873866,-0.0050444192218873848,-0.0088507591574053628,-0.0088507591574053593
120,370.93117783955665,9,A,0.0032366427473879589,-0.0013168757172658161,0.0032366427473879585,0.0032366427473879593,-0.0013168757172658163,-0.0013168757172658159
120,370.93117783955665,9,Z,-0.0015282486167577511,-0.00086913516690372819,-0.0015282486167577513,-0.0015282486167577508,-0.0008691351669037283,-0.00086913516690372808
120,370.93117783955665,9,E,-0.042409211076916274,0.011234443378177788,-0.042409211076916281,-0.042409211076916267,0.011234443378177786,0.01123444337817779
120,370.93117783955665,10,N,0.00041276697237239545,0.00689649651959948,0.0004127669723723954,0.0004127669723723955,0.0068964965195994791,0.0068964965195994809
120,370.93117783955665,10,A,-0.0021295296390884144,3.9902362873381783e-06,-0.0021295296390884148,-0.0021295296390884139,3.9902362873381774e-06,3.9902362873381791e-06
120,370.93117783955665,10,Z,0.00081880247526581573,0.0010426801672322617,0.00081880247526581562,0.00081880247526581584,0.0010426801672322615,0.0010426801672322619
120,370.93117783955665,10,E,0.030164964887702494,0.0035576078806192684,0.03016496488770249,0.030164964887702497,0.003557607880619268,0.0035576078806192689
120,370.93117783955665,11,N,0.0017112220791226165,-0.0040094155798836876,0.0017112220791226163,0.0017112220791226168,-0.0040094155798836885,-0.0040094155798836868
120,370.93117783955665,11,A,0.0011414308809300311,0.00052265123475264599,0.0011414308809300309,0.0011414308809300313,0.00052265123475264588,0.00052265123475264609
120,370.93117783955665,11,Z,-0.00021693643674122048,-0.00098685855479488361,-0.00021693643674122051,-0.00021693643674122046,-0.00098685855479488382,-0.00098685855479488339
120,370.93117783955665,11,E,-0.0181632536685425,-0.010430061052296965,-0.018163253668542503,-0.018163253668542496,-0.010430061052296966,-0.010430061052296963
120,370.93117783955665,12,N,-0.0019493779669380014,0.0018023816251597768,-0.0019493779669380016,-0.0019493779669380012,0.0018023816251597766,0.0018023816251597771
120,370.93117783955665,12,A,-0.00047586028173050615,-0.00054087166046929379,-0.00047586028173050621,-0.0004758602817305061,-0.0005408716604692939,-0.00054087166046929368
120,370.93117783955665,12,Z,-0.00019523245840173296,0.00073340915933880221,-0.00019523245840173298,-0.00019523245840173293,0.00073340915933880211,0.00073340915933880232
120,370.93117783955665,12,E,0.0085804742811879942,0.011348005217092377,0.0085804742811879924,0.0085804742811879959,0.011348005217092375,0.011348005217092378
120,370.93117783955665,13,N,0.0015083794106068623,-0.00060579978740275657,0.0015083794106068621,0.0015083794106068625,-0.00060579978740275668,-0.00060579978740275646
120,370.93117783955665,13,A,0.00013760277681844249,0.00038913512736798566,0.00013760277681844246,0.00013760277681844251,0.0003891351273679856,0.00038913512736798571
120,370.93117783955665,13,Z,0.00037969314180637698,-0.00041482001740235982,0.00037969314180637693,0.00037969314180637704,-0.00041482001740235987,-0.00041482001740235976
120,370.93117783955665,13,E,-0.0025302148398622859,-0.0092655237019065948,-0.0025302148398622863,-0.0025302148398622854,-0.0092655237019065965,-0.0092655237019065931
120,370.93117783955665,14,N,-0.0010354567634410286,6.3318833849629758e-05,-0.0010354567634410288,-0.0010354567634410284,6.3318833849629745e-05,6.3318833849629772e-05
120,370.93117783955665,14,A,2.5705261234016212e-07,-0.00024319339986401419,2.5705261234016207e-07,2.5705261234016217e-07,-0.00024319339986401422,-0.00024319339986401416
120,370.93117783955665,14,Z,-0.00038853883106644945,0.00014376229688979091,-0.0003885388310664495,-0.00038853883106644939,0.00014376229688979088,0.00014376229688979093
120,370.93117783955665,14,E,-0.0005680749560471,0.0065282288218948348,-0.00056807495604710011,-0.00056807495604709989,0.0065282288218948339,0.0065282288218948357
120,370.93117783955665,15,N,0.00067816483964217142,0.00017234621102730805,0.00067816483964217131,0.00067816483964217153,0.00017234621102730802,0.00017234621102730807
120,370.93117783955665,15,A,-4.7272810361406746e-05,0.0001427718597966499,-4.7272810361406753e-05,-4.7272810361406739e-05,0.00014277185979664987,0.00014277185979664993
120,370.93117783955665,15,Z,0.00030382869232388997,3.4326417045834942e-05,0.00030382869232388991,0.00030382869232389002,3.4326417045834935e-05,3.4326417045834949e-05
120,370.93117783955665,15,E,0.0018684100005175259,-0.004188864902017593,0.0018684100005175257,0.0018684100005175262,-0.0041888649020175939,-0.0041888649020175922
120,370.93117783955665,16,N,-0.00041329099789776845,-0.00026781123546095533,-0.00041329099789776851,-0.0004132909978977684,-0.00026781123546095538,-0.00026781123546095527
120,370.93117783955665,16,A,5.8418640231003977e-05,-7.8197377344062881e-05,5.841864023100397e-05,5.8418640231003984e-05,-7.8197377344062894e-05,-7.8197377344062867e-05
120,370.93117783955665,16,Z,-0.00019094779063694595,-0.0001231586261028299,-0.00019094779063694598,-0.00019094779063694593,-0.00012315862610282993,-0.00012315862610282988
120,370.93117783955665,16,E,-0.0022495743961733531,0.0024326039358822322,-0.0022495743961733535,-0.0022495743961733526,0.0024326039358822317,0.0024326039358822326
120,370.93117783955665,17,N,0.0002131761644304216,0.00028278151166163858,0.00021317616443042157,0.00021317616443042162,0.00028278151166163853,0.00028278151166163864
120,370.93117783955665,17,A,-5.44431683236091e-05,3.6378676442615676e-05,-5.4443168323609107e-05,-5.4443168323609093e-05,3.637867644261567e-05,3.6378676442615683e-05
120,370.93117783955665,17,Z,8.7733250585566859e-05,0.00014603619001671338,8.7733250585566845e-05,8.7733250585566872e-05,0.00014603619001671335,0.00014603619001671341
120,370.93117783955665,17,E,0.0021690139492687361,-0.001157775729403834,0.0021690139492687357,0.0021690139492687366,-0.0011577757294038342,-0.0011577757294038338
120,370.93117783955665,18,N,-7.0208233778146638e-05,-0.00024667002355395761,-7.0208233778146651e-05,-7.0208233778146624e-05,-0.00024667002355395766,-0.00024667002355395755
120,370.93117783955665,18,A,4.3506457706937455e-05,-1.0160449354934153e-05,4.3506457706937448e-05,4.3506457706937462e-05,-1.0160449354934155e-05,-1.0160449354934151e-05
120,370.93117783955665,18,Z,-1.0880801907953885e-05,-0.00012839286293328368,-1.0880801907953886e-05,-1.0880801907953883e-05,-0.00012839286293328371,-0.00012839286293328365
120,370.93117783955665,18,E,-0.00183706335448769,0.00026354010600591681,-0.0018370633544876902,-0.0018370633544876897,0.00026354010600591676,0.00026354010600591687
120,370.93117783955665,19,N,-1.90424408918996e-05,0.00018497212520106785,-1.9042440891899603e-05,-1.9042440891899597e-05,0.00018497212520106782,0.00018497212520106787
120,370.93117783955665,19,A,-3.0390651671043753e-05,-4.4152763935042185e-06,-3.0390651671043756e-05,-3.0390651671043749e-05,-4.4152763935042194e-06,-4.4152763935042177e-06
120,370.93117783955665,19,Z,-3.5791515748530258e-05,9.1431169948557586e-05,-3.5791515748530265e-05,-3.5791515748530251e-05,9.1431169948557573e-05,9.14311699485576e-05
120,370.93117783955665,19,E,0.0013788454733466122,0.00030656825424892254,0.001378845473346612,0.0013788454733466124,0.00030656825424892249,0.0003065682542489226
120,370.93117783955665,20,N,6.3204386925224404e-05,-0.00011910562275416781,6.3204386925224391e-05,6.3204386925224418e-05,-0.00011910562275416782,-0.00011910562275416779
120,370.93117783955665,20,A,1.8322472210929449e-05,1.0637446968188637e-05,1.8322472210929445e-05,1.8322472210929452e-05,1.0637446968188635e-05,1.0637446968188639e-05
120,370.93117783955665,20,Z,5.568421803050369e-05,-5.064307610091946e-05,5.5684218030503683e-05,5.5684218030503697e-05,-5.0643076100919467e-05,-5.0643076100919453e-05
120,370.93117783955665,20,E,-0.00089577749181310527,-0.00060015126704806752,-0.00089577749181310538,-0.00089577749181310516,-0.00060015126704806763,-0.00060015126704806741
120,370.93117783955665,21,N,-7.5132833377754499e-05,6.2715614825929939e-05,-7.5132833377754513e-05,-7.5132833377754486e-05,6.2715614825929926e-05,6.2715614825929953e-05
120,370.93117783955665,21,A,-8.9816655812570833e-06,-1.1589750245022881e-05,-8.981665581257085e-06,-8.9816655812570816e-06,-1.1589750245022883e-05,-1.1589750245022879e-05
120,370.93117783955665,21,Z,-5.5778170975463314e-05,1.5814004654636907e-05,-5.577817097546332e-05,-5.5778170975463307e-05,1.5814004654636903e-05,1.581400465463691e-05
120,370.93117783955665,21,E,0.00046654061556509357,0.00067865423068675366,0.00046654061556509352,0.00046654061556509362,0.00067865423068675355,0.00067865423068675377
120,370.93117783955665,22,N,6.7841662582641778e-05,-2.155565125519018e-05,6.7841662582641764e-05,6.7841662582641791e-05,-2.1555651255190183e-05,-2.1555651255190177e-05
120,370.93117783955665,22,A,2.7403548167145308e-06,9.8103219691340585e-06,2.7403548167145304e-06,2.7403548167145312e-06,9.8103219691340568e-06,9.8103219691340602e-06
120,370.93117783955665,22,Z,4.4046043266725758e-05,8.3528622024601888e-06,4.4046043266725751e-05,4.4046043266725765e-05,8.3528622024601871e-06,8.3528622024601905e-06
120,370.93117783955665,22,E,-0.00013725986429315978,-0.00061384773468291492,-0.00013725986429315981,-0.00013725986429315975,-0.00061384773468291503,-0.00061384773468291481
120,370.93117783955665,23,N,-5.1755936062516705e-05,-4.1639534919168465e-06,-5.1755936062516712e-05,-5.1755936062516699e-05,-4.1639534919168473e-06,-4.1639534919168456e-06
120,370.93117783955665,23,A,8.1448030848630303e-07,-7.0606149708933374e-06,8.1448030848630293e-07,8.1448030848630314e-07,-7.0606149708933382e-06,-7.0606149708933365e-06
120,370.93117783955665,23,Z,-2.7630234795566156e-05,-2.1125247139157705e-05,-2.763023479556616e-05,-2.7630234795566153e-05,-2.1125247139157709e-05,-2.1125247139157702e-05
120,370.93117783955665,23,E,-7.8685456583438005e-05,0.00047400880785661189,-7.8685456583438019e-05,-7.8685456583437992e-05,0.00047400880785661184,0.00047400880785661195
120,370.93117783955665,24,N,3.3909725358091093e-05,1.7142482828314947e-05,3.3909725358091086e-05,3.39097253580911e-05,1.7142482828314944e-05,1.714248282831495e-05
120,370.93117783955665,24,A,-2.3981035025116801e-06,4.3684815299606218e-06,-2.3981035025116805e-06,-2.3981035025116796e-06,4.3684815299606209e-06,4.3684815299606226e-06
120,370.93117783955665,24,Z,1.1801704594833516e-05,2.4353264136276994e-05,1.1801704594833514e-05,1.1801704594833517e-05,2.4353264136276991e-05,2.4353264136276997e-05
120,370.93117783955665,24,E,0.00019199587557657393,-0.00031306819593988688,0.0001919958755765739,0.00019199587557657395,-0.00031306819593988693,-0.00031306819593988683
120,370.93117783955665,25,N,-1.8294496251642706e-05,-2.1063358724092258e-05,-1.8294496251642709e-05,-1.8294496251642702e-05,-2.1063358724092262e-05,-2.1063358724092255e-05
120,370.93117783955665,25,A,2.7266500505455684e-06,-2.2127773286727484e-06,2.7266500505455679e-06,2.7266500505455688e-06,-2.2127773286727489e-06,-2.212777328672748e-06
120,370.93117783955665,25,Z,3.5410276719130129e-07,-2.110875353408449e-05,3.5410276719130123e-07,3.5410276719130134e-07,-2.1108753534084494e-05,-2.1108753534084487e-05
120,370.93117783955665,25,E,-0.00022627149261021071,0.00016656337455566749,-0.00022627149261021074,-0.00022627149261021068,0.00016656337455566746,0.00016656337455566751
120,370.93117783955665,26,N,6.619348626363463e-06,1.946024575315674e-05,6.6193486263634621e-06,6.6193486263634638e-06,1.9460245753156737e-05,1.9460245753156743e-05
120,370.93117783955665,26,A,-2.3793140131949939e-06,7.2286711820895142e-07,-2.3793140131949943e-06,-2.3793140131949935e-06,7.2286711820895132e-07,7.2286711820895153e-07
120,370.93117783955665,26,Z,-7.7100519255372688e-06,1.4598181804119275e-05,-7.7100519255372705e-06,-7.7100519255372672e-06,1.4598181804119273e-05,1.4598181804119277e-05
120,370.93117783955665,26,E,0.00020863166938796176,-5.290027991203051e-05,0.00020863166938796173,0.00020863166938796178,-5.2900279912030517e-05,-5.2900279912030503e-05
120,370.93117783955665,27,N,8.978500270363177e-07,-1.5170931834688861e-05,8.978500270363176e-07,8.9785002703631781e-07,-1.5170931834688862e-05,-1.5170931834688859e-05
120,370.93117783955665,27,A,1.7622121883260094e-06,1.6181910373466331e-07,1.7622121883260092e-06,1.7622121883260096e-06,1.6181910373466328e-07,1.6181910373466334e-07
120,370.93117783955665,27,Z,1.0569736778613585e-05,-7.4621608759644469e-06,1.0569736778613583e-05,1.0569736778613586e-05,-7.4621608759644478e-06,-7.4621608759644461e-06
120,370.93117783955665,27,E,-0.00016357803268092402,-2.2688545928971013e-05,-0.00016357803268092405,-0.00016357803268092399,-2.2688545928971016e-05,-2.2688545928971009e-05
120,370.93117783955665,28,N,-4.8623747058173202e-06,1.0174122270578339e-05,-4.862374705817321e-06,-4.8623747058173193e-06,1.0174122270578337e-05,1.0174122270578341e-05
120,370.93117783955665,28,A,-1.1237339590836407e-06,-5.8196279915112692e-07,-1.1237339590836409e-06,-1.1237339590836405e-06,-5.8196279915112703e-07,-5.8196279915112682e-07
120,370.93117783955665,28,Z,-1.0055967540169173e-05,1.4548381533271142e-06,-1.0055967540169175e-05,-1.0055967540169171e-05,1.454838153327114e-06,1.4548381533271144e-06
120,370.93117783955665,28,E,0.00010992688404907448,6.349582661485087e-05,0.00010992688404907447,0.0001099268840490745,6.3495826614850856e-05,6.3495826614850883e-05
120,370.93117783955665,29,N,6.209983561225286e-06,-5.6522542586128393e-06,6.2099835612252852e-06,6.2099835612252869e-06,-5.6522542586128401e-06,-5.6522542586128385e-06
120,370.93117783955665,29,A,5.9054768668240879e-07,6.9150504210450697e-07,5.9054768668240868e-07,5.9054768668240889e-07,6.9150504210450686e-07,6.9150504210450707e-07
120,370.93117783955665,29,Z,7.5675441965539509e-06,2.5770020040632523e-06,7.56754419655395e-06,7.5675441965539517e-06,2.5770020040632519e-06,2.5770020040632527e-06
120,370.93117783955665,29,E,-6.0045522057972283e-05,-7.7181913292080124e-05,-6.004552205797229e-05,-6.0045522057972276e-05,-7.7181913292080138e-05,-7.7181913292080111e-05
120,370.93117783955665,30,N,-5.8912245385605701e-06,2.1627213306428012e-06,-5.8912245385605709e-06,-5.8912245385605693e-06,2.1627213306428007e-06,2.1627213306428016e-06
120,370.93117783955665,30,A,-2.0695390115170172e-07,-6.2308959264515149e-07,-2.0695390115170175e-07,-2.0695390115170169e-07,-6.230895926451516e-07,-6.2308959264515138e-07
120,370.93117783955665,30,Z,-4.3859035527694616e-06,-4.5237728869166014e-06,-4.3859035527694625e-06,-4.3859035527694608e-06,-4.5237728869166022e-06,-4.5237728869166005e-06
120,370.93117783955665,30,E,2.052766567084959e-05,7.2650122761345201e-05,2.0527665670849587e-05,2.0527665670849594e-05,7.2650122761345188e-05,7.2650122761345215e-05
120,370.93117783955665,31,N,4.7038249309614114e-06,1.6460901513901636e-07,4.7038249309614105e-06,4.7038249309614122e-06,1.6460901513901633e-07,1.6460901513901639e-07
120,370.93117783955665,31,A,-3.12460290966454e-08,4.7520991195025776e-07,-3.1246029096645407e-08,-3.1246029096645394e-08,4.752099119502577e-07,4.7520991195025781e-07
120,370.93117783955665,31,Z,1.4537279933551818e-06,4.757117712991112e-06,1.4537279933551816e-06,1.453727993355182e-06,4.7571177129911112e-06,4.7571177129911129e-06
120,370.93117783955665,31,E,6.4437990384778504e-06,-5.8061434683338828e-05,6.4437990384778495e-06,6.4437990384778512e-06,-5.8061434683338835e-05,-5.8061434683338822e-05
120,370.93117783955665,32,N,-3.230850028546417e-06,-1.4514615971189483e-06,-3.2308500285464174e-06,-3.2308500285464166e-06,-1.4514615971189485e-06,-1.4514615971189481e-06
120,370.93117783955665,32,A,1.5166592151722794e-07,-3.1206649288761704e-07,1.5166592151722792e-07,1.5166592151722797e-07,-3.120664928876171e-07,-3.1206649288761699e-07
120,370.93117783955665,32,Z,6.9409107761108661e-07,-3.8713541954415658e-06,6.940910776110865e-07,6.9409107761108671e-07,-3.8713541954415666e-06,-3.8713541954415649e-06
120,370.93117783955665,32,E,-2.1592034099262184e-05,3.9832393327713336e-05,-2.1592034099262187e-05,-2.1592034099262181e-05,3.983239332771333e-05,3.9832393327713343e-05
120,370.93117783955665,33,N,1.8434364068424168e-06,1.9367583059409592e-06,1.8434364068424165e-06,1.843436406842417e-06,1.9367583059409588e-06,1.9367583059409597e-06
120,370.93117783955665,33,A,-1.8897338764356667e-07,1.6949293432754816e-07,-1.8897338764356669e-07,-1.8897338764356664e-07,1.6949293432754814e-07,1.6949293432754819e-07
120,370.93117783955665,33,Z,-1.8896532277434863e-06,2.4755936419150024e-06,-1.8896532277434865e-06,-1.8896532277434861e-06,2.475593641915002e-06,2.4755936419150029e-06
120,370.93117783955665,33,E,2.7221157388585674e-05,-2.2346994287322624e-05,2.722115738858567e-05,2.7221157388585677e-05,-2.2346994287322627e-05,-2.234699428732262e-05
120,370.93117783955665,34,N,-7.3611787416740798e-07,-1.8858183363858282e-06,-7.3611787416740809e-07,-7.3611787416740788e-07,-1.8858183363858284e-06,-1.885818336385828e-06
120,370.93117783955665,34,A,1.7557553545672831e-07,-6.2723363726619053e-08,1.7557553545672828e-07,1.7557553545672834e-07,-6.2723363726619066e-08,-6.272336372661904e-08
120,370.93117783955665,34,Z,2.2303743732075082e-06,-1.0601943412940773e-06,2.2303743732075078e-06,2.2303743732075086e-06,-1.0601943412940775e-06,-1.0601943412940771e-06
120,370.93117783955665,34,E,-2.6208181907355634e-05,8.1095943650675594e-06,-2.6208181907355638e-05,-2.6208181907355631e-05,8.1095943650675577e-06,8.1095943650675611e-06
120,370.93117783955665,35,N,-2.6397445395152544e-08,1.5365988742839328e-06,-2.6397445395152547e-08,-2.6397445395152541e-08,1.5365988742839326e-06,1.536598874283933e-06
120,370.93117783955665,35,A,-1.3728707945128235e-07,-6.2711557336259569e-09,-1.3728707945128237e-07,-1.3728707945128232e-07,-6.2711557336259577e-09,-6.271155733625956e-09
120,370.93117783955665,35,Z,-1.959812672802571e-06,-6.2483846002295303e-08,-1.9598126728025714e-06,-1.9598126728025706e-06,-6.2483846002295316e-08,-6.248384600229529e-08
120,370.93117783955665,35,E,2.1329051448746673e-05,1.8802093354501043e-06,2.1329051448746669e-05,2.1329051448746676e-05,1.8802093354501041e-06,1.8802093354501045e-06
120,370.93117783955665,36,N,4.6328803282412486e-07,-1.0738784151750639e-06,4.632880328241248e-07,4.6328803282412491e-07,-1.0738784151750641e-06,-1.0738784151750637e-06
120,370.93117783955665,36,A,9.2164998971283043e-08,4.2850421614300469e-08,9.216499897128303e-08,9.2164998971283057e-08,4.2850421614300462e-08,4.2850421614300476e-08
120,370.93117783955665,36,Z,1.3620571427482033e-06,7.5820108946841751e-07,1.3620571427482031e-06,1.3620571427482035e-06,7.5820108946841741e-07,7.5820108946841762e-07
120,370.93117783955665,36,E,-1.4874692184230813e-05,-7.681740645810805e-06,-1.4874692184230814e-05,-1.4874692184230811e-05,-7.6817406458108066e-06,-7.6817406458108033e-06
120,370.93117783955665,37,N,-6.3878075889899207e-07,6.2267227943205098e-07,-6.3878075889899217e-07,-6.3878075889899196e-07,6.2267227943205087e-07,6.2267227943205108e-07
120,370.93117783955665,37,A,-5.1133775102746947e-08,-5.5412713626815954e-08,-5.1133775102746954e-08,-5.113377510274694e-08,-5.5412713626815961e-08,-5.5412713626815947e-08
120,370.93117783955665,37,Z,-6.865777284798212e-07,-1.0335787496696842e-06,-6.8657772847982131e-07,-6.865777284798211e-07,-1.0335787496696844e-06,-1.033578749669684e-06
120,370.93117783955665,37,E,8.4913124901458427e-06,9.9890872077699924e-06,8.491312490145841e-06,8.4913124901458444e-06,9.9890872077699907e-06,9.9890872077699941e-06
120,370.93117783955665,38,N,6.3291355727344601e-07,-2.5355613294136987e-07,6.3291355727344591e-07,6.3291355727344612e-07,-2.5355613294136992e-07,-2.5355613294136981e-07
120,370.93117783955665,38,A,1.9454946018218316e-08,5.2613081054986175e-08,1.9454946018218313e-08,1.9454946018218319e-08,5.2613081054986168e-08,5.2613081054986181e-08
120,370.93117783955665,38,Z,1.0797513462168363e-07,9.8293609238480579e-07,1.0797513462168361e-07,1.0797513462168364e-07,9.8293609238480558e-07,9.8293609238480601e-07
120,370.93117783955665,38,E,-3.177788239453986e-06,-9.7788591298787162e-06,-3.1777882394539865e-06,-3.1777882394539856e-06,-9.7788591298787179e-06,-9.7788591298787145e-06
120,370.93117783955665,39,N,-5.2209936362584434e-07,-5.8541267161564997e-09,-5.2209936362584444e-07,-5.2209936362584423e-07,-5.8541267161565005e-09,-5.8541267161564989e-09
120,370.93117783955665,39,A,1.5723446062163256e-09,-4.181371727344022e-08,1.5723446062163254e-09,1.5723446062163258e-09,-4.1813717273440227e-08,-4.1813717273440214e-08
120,370.93117783955665,39,Z,2.8375870692843748e-07,-7.3612894806335702e-07,2.8375870692843743e-07,2.8375870692843754e-07,-7.3612894806335712e-07,-7.3612894806335691e-07
120,370.93117783955665,39,E,-6.1997869129928754e-07,8.0511017786479008e-06,-6.1997869129928764e-07,-6.1997869129928743e-07,8.0511017786478991e-06,8.0511017786479025e-06
120,370.93117783955665,40,N,3.6831783473169235e-07,1.574899259948828e-07,3.683178347316923e-07,3.683178347316924e-07,1.5748992599488277e-07,1.5748992599488282e-07
120,370.93117783955665,40,A,-1.3043720242622236e-08,2.8442367803873964e-08,-1.3043720242622237e-08,-1.3043720242622234e-08,2.844236780387396e-08,2.8442367803873967e-08
120,370.93117783955665,40,Z,-4.7157002527869276e-07,4.1792293592932689e-07,-4.7157002527869281e-07,-4.715700252786927e-07,4.1792293592932684e-07,4.1792293592932694e-07
120,370.93117783955665,40,E,2.8675054415219885e-06,-5.664930755374339e-06,2.8675054415219881e-06,2.8675054415219889e-06,-5.6649307553743399e-06,-5.6649307553743382e-06
120,370.93117783955665,41,N,-2.1504057388510725e-07,-2.2029286288345206e-07,-2.1504057388510728e-07,-2.1504057388510722e-07,-2.2029286288345208e-07,-2.2029286288345203e-07
120,370.93117783955665,41,A,1.7196167509183127e-08,-1.5950557028905343e-08,1.7196167509183124e-08,1.719616750918313e-08,-1.5950557028905346e-08,-1.595055702890534e-08
120,370.93117783955665,41,Z,4.8849252215074872e-07,-1.2321291259479379e-07,4.8849252215074862e-07,4.8849252215074883e-07,-1.2321291259479382e-07,-1.2321291259479377e-07
120,370.93117783955665,41,E,-3.7909469215621519e-06,3.2575144041254141e-06,-3.7909469215621523e-06,-3.7909469215621515e-06,3.2575144041254137e-06,3.2575144041254145e-06
120,370.93117783955665,42,N,8.7776758703948927e-08,2.2012278964957802e-07,8.7776758703948914e-08,8.777675870394894e-08,2.2012278964957799e-07,2.2012278964957805e-07
120,370.93117783955665,42,A,-1.6526277979716593e-08,6.1139366504366478e-09,-1.6526277979716596e-08,-1.652627797971659e-08,6.113936650436647e-09,6.1139366504366486e-09
120,370.93117783955665,42,Z,-3.9246243865736825e-07,-9.2453940980687225e-08,-3.9246243865736831e-07,-3.924624386573682e-07,-9.2453940980687238e-08,-9.2453940980687212e-08
120,370.93117783955665,42,E,3.7428141609095936e-06,-1.2276405431718303e-06,3.7428141609095932e-06,3.7428141609095941e-06,-1.2276405431718305e-06,-1.2276405431718301e-06
120,370.93117783955665,43,N,2.7240433692216668e-09,-1.8269238149671612e-07,2.7240433692216664e-09,2.7240433692216672e-09,-1.8269238149671615e-07,-1.8269238149671609e-07
120,370.93117783955665,43,A,1.3256406053139009e-08,5.2568870034451118e-10,1.3256406053139007e-08,1.3256406053139011e-08,5.2568870034451108e-10,5.2568870034451129e-10
120,370.93117783955665,43,Z,2.449374869949599e-07,2.1058422525813636e-07,2.4493748699495985e-07,2.4493748699495995e-07,2.1058422525813633e-07,2.1058422525813638e-07
120,370.93117783955665,43,E,-3.0983952148386584e-06,-2.3747922388374282e-07,-3.0983952148386588e-06,-3.098395214838658e-06,-2.3747922388374285e-07,-2.3747922388374279e-07
120,370.93117783955665,44,N,-5.6198016178316982e-08,1.2941433765002383e-07,-5.6198016178316989e-08,-5.6198016178316976e-08,1.2941433765002381e-07,1.2941433765002386e-07
120,370.93117783955665,44,A,-9.081270252177503e-09,-4.2094125920549524e-09,-9.0812702521775047e-09,-9.0812702521775014e-09,-4.2094125920549532e-09,-4.2094125920549516e-09
120,370.93117783955665,44,Z,-9.6455878550605225e-08,-2.4039169498155406e-07,-9.6455878550605239e-08,-9.6455878550605212e-08,-2.4039169498155412e-07,-2.4039169498155401e-07
120,370.93117783955665,44,E,2.1874299692619667e-06,1.1122748583193765e-06,2.1874299692619663e-06,2.1874299692619672e-06,1.1122748583193763e-06,1.1122748583193767e-06
120,370.93117783955665,45,N,7.8638383975493837e-08,-7.5638526612778357e-08,7.8638383975493824e-08,7.863838397549385e-08,-7.563852661277837e-08,-7.5638526612778344e-08
120,370.93117783955665,45,A,5.1130323754143894e-09,5.5781812628230062e-09,5.1130323754143885e-09,5.1130323754143902e-09,5.5781812628230054e-09,5.5781812628230071e-09
120,370.93117783955665,45,Z,-2.0304080704801703e-08,2.068996657300715e-07,-2.0304080704801706e-08,-2.0304080704801699e-08,2.0689966573007147e-07,2.0689966573007152e-07
120,370.93117783955665,45,E,-1.2585783634384857e-06,-1.4760939301896794e-06,-1.258578363438486e-06,-1.2585783634384855e-06,-1.4760939301896796e-06,-1.4760939301896792e-06
120,370.93117783955665,46,N,-7.8771002464310684e-08,3.0590542561765028e-08,-7.8771002464310697e-08,-7.8771002464310671e-08,3.0590542561765021e-08,3.0590542561765034e-08
120,370.93117783955665,46,A,-1.9476475981023704e-09,-5.3906787348879026e-09,-1.9476475981023708e-09,-1.94764759810237e-09,-5.3906787348879035e-09,-5.3906787348879018e-09
120,370.93117783955665,46,Z,9.1175883452803572e-08,-1.3992061666268762e-07,9.1175883452803559e-08,9.1175883452803585e-08,-1.3992061666268764e-07,-1.3992061666268759e-07
120,370.93117783955665,46,E,4.7004971591105342e-07,1.461102625701908e-06,4.7004971591105337e-07,4.7004971591105347e-07,1.4611026257019078e-06,1.4611026257019082e-06
120,370.93117783955665,47,N,6.5514822348683618e-08,1.6690801947209386e-09,6.5514822348683605e-08,6.5514822348683632e-08,1.6690801947209383e-09,1.6690801947209388e-09
120,370.93117783955665,47,A,-2.1252339913654067e-10,4.3444886306443204e-09,-2.125233991365407e-10,-2.1252339913654065e-10,4.3444886306443196e-09,4.3444886306443212e-09
120,370.93117783955665,47,Z,-1.1696980560394769e-07,6.5936064797369536e-08,-1.169698056039477e-07,-1.1696980560394768e-07,6.5936064797369522e-08,6.5936064797369549e-08
120,370.93117783955665,47,E,1.0188279538607965e-07,-1.2112956788159521e-06,1.0188279538607964e-07,1.0188279538607967e-07,-1.2112956788159523e-06,-1.2112956788159519e-06
120,370.93117783955665,48,N,-4.6437264683200032e-08,-2.0832840079828521e-08,-4.6437264683200039e-08,-4.6437264683200025e-08,-2.0832840079828525e-08,-2.0832840079828518e-08
120,370.93117783955665,48,A,1.4229583933308817e-09,-2.9851523290219532e-09,1.4229583933308815e-09,1.4229583933308819e-09,-2.9851523290219537e-09,-2.9851523290219528e-09
120,370.93117783955665,48,Z,1.0798807534255329e-07,-3.5709530652309379e-09,1.0798807534255327e-07,1.079880753425533e-07,-3.5709530652309383e-09,-3.5709530652309375e-09
120,370.93117783955665,48,E,-4.4450226516732808e-07,8.5494891092641183e-07,-4.4450226516732813e-07,-4.4450226516732802e-07,8.5494891092641172e-07,8.5494891092641193e-07
120,370.93117783955665,49,N,2.7051472451300719e-08,2.8891808607209945e-08,2.7051472451300716e-08,2.7051472451300723e-08,2.8891808607209941e-08,2.8891808607209948e-08
120,370.93117783955665,49,A,-1.8773652931217271e-09,1.6790113527781088e-09,-1.8773652931217275e-09,-1.8773652931217267e-09,1.6790113527781086e-09,1.679011352778109e-09
120,370.93117783955665,49,Z,-7.8446937882764315e-08,-3.7647324165125523e-08,-7.8446937882764328e-08,-7.8446937882764302e-08,-3.764732416512553e-08,-3.7647324165125516e-08
120,370.93117783955665,49,E,5.8699432128371442e-07,-4.8986024796195866e-07,5.8699432128371432e-07,5.8699432128371453e-07,-4.8986024796195876e-07,-4.8986024796195855e-07
120,370.93117783955665,50,N,-1.0729819419738266e-08,-2.8890235320468984e-08,-1.0729819419738268e-08,-1.0729819419738264e-08,-2.8890235320468988e-08,-2.8890235320468981e-08
120,370.93117783955665,50,A,1.8159195480868542e-09,-6.2822122359620885e-10,1.815919548086854e-09,1.8159195480868544e-09,-6.2822122359620895e-10,-6.2822122359620875e-10
120,370.93117783955665,50,Z,4.2026763705122943e-08,5.6140187664170275e-08,4.2026763705122937e-08,4.202676370512295e-08,5.6140187664170268e-08,5.6140187664170282e-08
120,370.93117783955665,50,E,-5.8017124235298101e-07,1.7895073993130513e-07,-5.8017124235298112e-07,-5.8017124235298091e-07,1.7895073993130511e-07,1.7895073993130516e-07
120,370.93117783955665,51,N,-9.9959268150342021e-10,2.4006035759011472e-08,-9.9959268150342041e-10,-9.9959268150342e-10,2.4006035759011468e-08,2.4006035759011475e-08
120,370.93117783955665,51,A,-1.465418268006167e-09,-9.3791990614401097e-11,-1.4654182680061672e-09,-1.4654182680061668e-09,-9.379199061440111e-11,-9.3791990614401084e-11
120,370.93117783955665,51,Z,-9.1026623338227026e-09,-5.5825591894509698e-08,-9.1026623338227043e-09,-9.102662333822701e-09,-5.5825591894509705e-08,-5.5825591894509692e-08
120,370.93117783955665,51,E,4.8027489884626329e-07,4.6932103000272562e-08,4.8027489884626318e-07,4.802748988462634e-07,4.6932103000272555e-08,4.6932103000272569e-08
120,370.93117783955665,52,N,7.9740548261934666e-09,-1.6975095317940585e-08,7.9740548261934649e-09,7.9740548261934683e-09,-1.6975095317940588e-08,-1.6975095317940582e-08
120,370.93117783955665,52,A,1.006481322699131e-09,5.0016774612462848e-10,1.0064813226991308e-09,1.0064813226991312e-09,5.0016774612462838e-10,5.0016774612462858e-10
120,370.93117783955665,52,Z,-1.4342438783597175e-08,4.334375123096206e-08,-1.4342438783597177e-08,-1.4342438783597173e-08,4.3343751230962053e-08,4.3343751230962066e-08
120,370.93117783955665,52,E,-3.3791168843684975e-07,-1.8212631238011521e-07,-3.379116884368498e-07,-3.3791168843684969e-07,-1.8212631238011524e-07,-1.8212631238011519e-07
120,370.93117783955665,53,N,-1.0884666851039468e-08,9.8154356696255164e-09,-1.088466685103947e-08,-1.0884666851039467e-08,9.8154356696255148e-09,9.8154356696255181e-09
120,370.93117783955665,53,A,-5.6294058025214452e-10,-6.5228504929275603e-10,-5.6294058025214463e-10,-5.6294058025214442e-10,-6.5228504929275613e-10,-6.5228504929275593e-10
120,370.93117783955665,53,Z,2.6478607604157591e-08,-2.5667268574421005e-08,2.6478607604157587e-08,2.6478607604157594e-08,-2.5667268574421008e-08,-2.5667268574421002e-08
120,370.93117783955665,53,E,1.9197394910501466e-07,2.3778617029566624e-07,1.9197394910501464e-07,1.9197394910501469e-07,2.3778617029566621e-07,2.3778617029566626e-07
120,370.93117783955665,54,N,1.0827332074852874e-08,-3.7769878311678329e-09,1.0827332074852872e-08,1.0827332074852876e-08,-3.7769878311678337e-09,-3.776987831167832e-09
120,370.93117783955665,54,A,2.0440605209339486e-10,6.2914372592378715e-10,2.0440605209339483e-10,2.0440605209339489e-10,6.2914372592378705e-10,6.2914372592378725e-10
120,370.93117783955665,54,Z,-2.8577878759257352e-08,8.4735608349710366e-09,-2.8577878759257355e-08,-2.8577878759257349e-08,8.473560834971035e-09,8.4735608349710383e-09
120,370.93117783955665,54,E,-6.7672004246734385e-08,-2.3390477931395522e-07,-6.7672004246734398e-08,-6.7672004246734371e-08,-2.3390477931395524e-07,-2.3390477931395519e-07
120,370.93117783955665,55,N,-8.9640129075868303e-09,-5.637218259155796e-10,-8.964012907586832e-09,-8.9640129075868287e-09,-5.637218259155797e-10,-5.637218259155795e-10
120,370.93117783955665,55,A,4.2712057291187078e-11,-5.0682835452433776e-10,4.2712057291187071e-11,4.2712057291187084e-11,-5.0682835452433786e-10,-5.0682835452433766e-10
120,370.93117783955665,55,Z,2.3659632734499637e-08,4.6367022345947452e-09,2.3659632734499634e-08,2.3659632734499641e-08,4.6367022345947444e-09,4.6367022345947461e-09
120,370.93117783955665,55,E,-2.2522305190023751e-08,1.9284957813398339e-07,-2.2522305190023755e-08,-2.2522305190023748e-08,1.9284957813398337e-07,1.9284957813398342e-07
120,370.93117783955665,56,N,6.3056641480796084e-09,3.1361873218009262e-09,6.3056641480796076e-09,6.3056641480796092e-09,3.1361873218009258e-09,3.1361873218009266e-09
120,370.93117783955665,56,A,-1.8178629319904835e-10,3.4687985856623264e-10,-1.8178629319904837e-10,-1.8178629319904832e-10,3.4687985856623259e-10,3.4687985856623269e-10
120,370.93117783955665,56,Z,-1.5228850511095434e-08,-1.2201183454858698e-08,-1.5228850511095437e-08,-1.5228850511095431e-08,-1.2201183454858699e-08,-1.2201183454858696e-08
120,370.93117783955665,56,E,7.6237108313224463e-08,-1.3488241259732111e-07,7.623710831322445e-08,7.6237108313224477e-08,-1.3488241259732114e-07,-1.3488241259732109e-07
120,370.93117783955665,57,N,-3.6042572398345248e-09,-4.1911108396516296e-09,-3.6042572398345252e-09,-3.6042572398345244e-09,-4.1911108396516304e-09,-4.1911108396516288e-09
120,370.93117783955665,57,A,2.3299589871657831e-10,-1.9206256656669206e-10,2.3299589871657826e-10,2.3299589871657836e-10,-1.9206256656669208e-10,-1.9206256656669203e-10
120,370.93117783955665,57,Z,6.3464021036692832e-09,1.4473786797014415e-08,6.3464021036692824e-09,6.346402103669284e-09,1.4473786797014413e-08,1.4473786797014417e-08
120,370.93117783955665,57,E,-9.7905167897253795e-08,7.5651085000086024e-08,-9.7905167897253808e-08,-9.7905167897253781e-08,7.5651085000086011e-08,7.5651085000086038e-08
120,370.93117783955665,58,N,1.3290033087409524e-09,4.1348559000179e-09,1.3290033087409522e-09,1.3290033087409527e-09,4.1348559000178992e-09,4.1348559000179009e-09
120,370.93117783955665,58,A,-2.2336779318753675e-10,6.6720399390713755e-11,-2.2336779318753677e-10,-2.2336779318753672e-10,6.6720399390713742e-11,6.6720399390713768e-11
120,370.93117783955665,58,Z,8.8329064652305254e-10,-1.2777015196928146e-08,8.8329064652305244e-10,8.8329064652305265e-10,-1.2777015196928148e-08,-1.2777015196928145e-08
120,370.93117783955665,58,E,9.5574939904168705e-08,-2.5333649508661117e-08,9.5574939904168692e-08,9.5574939904168719e-08,-2.533364950866112e-08,-2.5333649508661113e-08
120,370.93117783955665,59,N,3.0205491897536156e-10,-3.4024320538332125e-09,3.020549189753615e-10,3.0205491897536161e-10,-3.4024320538332129e-09,-3.4024320538332121e-09
120,370.93117783955665,59,A,1.7913690629087504e-10,1.9613463383032577e-11,1.7913690629087501e-10,1.7913690629087506e-10,1.9613463383032574e-11,1.961346338303258e-11
120,370.93117783955665,59,Z,-5.4408050328399169e-09,8.8461668705765393e-09,-5.4408050328399178e-09,-5.4408050328399161e-09,8.8461668705765376e-09,8.8461668705765409e-09
120,370.93117783955665,59,E,-7.8297285321989163e-08,-1.1028171294847712e-08,-7.8297285321989177e-08,-7.829728532198915e-08,-1.1028171294847713e-08,-1.102817129484771e-08
120,370.93117783955665,60,N,-1.2615416710716619e-09,2.3747406262352605e-09,-1.2615416710716621e-09,-1.2615416710716617e-09,2.37474062623526e-09,2.3747406262352609e-09
120,370.93117783955665,60,A,-1.2184275082112029e-10,-6.7906428202552318e-11,-1.2184275082112031e-10,-1.2184275082112026e-10,-6.7906428202552331e-11,-6.7906428202552305e-11
120,370.93117783955665,60,Z,7.2408706777772488e-09,-4.3096451887841841e-09,7.240870677777248e-09,7.2408706777772496e-09,-4.3096451887841849e-09,-4.3096451887841832e-09
120,370.93117783955665,60,E,5.4296243924745844e-08,3.2490015103143781e-08,5.4296243924745838e-08,5.4296243924745851e-08,3.2490015103143774e-08,3.2490015103143788e-08
120,370.93117783955665,61,N,1.6442712830270832e-09,-1.3363552245658427e-09,1.644271283027083e-09,1.6442712830270834e-09,-1.3363552245658429e-09,-1.3363552245658425e-09
120,370.93117783955665,61,A,6.6455111155586493e-11,8.5201172718456566e-11,6.645511115558648e-11,6.6455111155586506e-11,8.5201172718456554e-11,8.5201172718456579e-11
120,370.93117783955665,61,Z,-6.830669206742023e-09,3.7083080066539747e-10,-6.8306692067420238e-09,-6.8306692067420221e-09,3.7083080066539742e-10,3.7083080066539752e-10
120,370.93117783955665,61,E,-2.9932975696344042e-08,-4.0881009779867701e-08,-2.9932975696344048e-08,-2.9932975696344035e-08,-4.0881009779867708e-08,-4.0881009779867695e-08
120,370.93117783955665,62,N,-1.6049565327812286e-09,4.6535773800171222e-10,-1.6049565327812288e-09,-1.6049565327812284e-09,4.6535773800171217e-10,4.6535773800171227e-10
120,370.93117783955665,62,A,-2.1766965590821471e-11,-8.0974042030283327e-11,-2.1766965590821474e-11,-2.1766965590821467e-11,-8.097404203028334e-11,-8.0974042030283315e-11
120,370.93117783955665,62,Z,5.0541848283717676e-09,2.3088310365897451e-09,5.0541848283717667e-09,5.0541848283717684e-09,2.3088310365897447e-09,2.3088310365897455e-09
120,370.93117783955665,62,E,9.3429410132273847e-09,3.9509341706385501e-08,9.342941013227383e-09,9.3429410132273863e-09,3.9509341706385495e-08,3.9509341706385508e-08
120,370.93117783955665,63,N,1.3098580837212273e-09,1.5562667635696129e-10,1.3098580837212271e-09,1.3098580837212275e-09,1.5562667635696127e-10,1.5562667635696132e-10
120,370.93117783955665,63,A,-8.9724739779381147e-12,6.4509702011194379e-11,-8.9724739779381164e-12,-8.9724739779381131e-12,6.4509702011194366e-11,6.4509702011194392e-11
120,370.93117783955665,63,Z,-2.7668080527867521e-09,-3.5690742699104004e-09,-2.7668080527867525e-09,-2.7668080527867517e-09,-3.5690742699104008e-09,-3.5690742699104e-09
120,370.93117783955665,63,E,5.4374465223413727e-09,-3.2094004477204225e-08,5.4374465223413718e-09,5.4374465223413735e-09,-3.2094004477204232e-08,-3.2094004477204218e-08
120,370.93117783955665,64,N,-9.0491752019252063e-10,-5.1684516525126211e-10,-9.0491752019252073e-10,-9.0491752019252053e-10,-5.1684516525126221e-10,-5.16845165251262e-10
120,370.93117783955665,64,A,2.5960270720895792e-11,-4.3477890265024233e-11,2.5960270720895789e-11,2.5960270720895795e-11,-4.347789026502424e-11,-4.3477890265024227e-11
120,370.93117783955665,64,Z,6.4480476338434929e-10,3.6150330566317897e-09,6.4480476338434919e-10,6.448047633843494e-10,3.6150330566317893e-09,3.6150330566317901e-09
120,370.93117783955665,64,E,-1.4050478227539404e-08,2.2012968984934421e-08,-1.4050478227539406e-08,-1.4050478227539402e-08,2.2012968984934417e-08,2.2012968984934424e-08
120,370.93117783955665,65,N,4.9930557765823128e-10,6.5548092292431669e-10,4.9930557765823117e-10,4.9930557765823138e-10,6.5548092292431658e-10,6.5548092292431679e-10
120,370.93117783955665,65,A,-3.1785863231879577e-11,2.3275540894300568e-11,-3.1785863231879583e-11,-3.1785863231879571e-11,2.3275540894300565e-11,2.3275540894300571e-11
120,370.93117783955665,65,Z,9.0140468215172567e-10,-2.8482223382642748e-09,9.0140468215172556e-10,9.0140468215172577e-10,-2.8482223382642752e-09,-2.8482223382642744e-09
120,370.93117783955665,65,E,1.727566664144127e-08,-1.187530958685766e-08,1.7275666641441267e-08,1.7275666641441274e-08,-1.1875309586857662e-08,-1.1875309586857658e-08
120,370.93117783955665,66,N,-1.6125350839572478e-10,-6.3179872201343662e-10,-1.612535083957248e-10,-1.6125350839572475e-10,-6.3179872201343673e-10,-6.3179872201343652e-10
120,370.93117783955665,66,A,2.9882188324591418e-11,-7.0321173538444736e-12,2.9882188324591412e-11,2.9882188324591425e-11,-7.0321173538444744e-12,-7.0321173538444728e-12
120,370.93117783955665,66,Z,-1.7266617549618529e-09,1.712212903326971e-09,-1.7266617549618531e-09,-1.7266617549618527e-09,1.7122129033269708e-09,1.7122129033269712e-09
120,370.93117783955665,66,E,-1.6497415053318506e-08,3.3704296479935293e-09,-1.6497415053318509e-08,-1.6497415053318503e-08,3.3704296479935289e-09,3.3704296479935297e-09
120,370.93117783955665,67,N,-7.7876784764254616e-11,5.1049749009501589e-10,-7.7876784764254629e-11,-7.7876784764254604e-11,5.1049749009501579e-10,5.1049749009501599e-10
120,370.93117783955665,67,A,-2.3624817553073605e-11,-4.0479705647436015e-12,-2.3624817553073608e-11,-2.3624817553073602e-11,-4.0479705647436023e-12,-4.0479705647436007e-12
120,370.93117783955665,67,Z,1.8929396552925242e-09,-5.8148151513653833e-10,1.8929396552925238e-09,1.8929396552925247e-09,-5.8148151513653843e-10,-5.8148151513653823e-10
120,370.93117783955665,67,E,1.3264250907654545e-08,2.6800655352998715e-09,1.3264250907654544e-08,1.3264250907654547e-08,2.6800655352998711e-09,2.6800655352998719e-09
120,370.93117783955665,68,N,2.1491364957517667e-10,-3.4831851522275405e-10,2.1491364957517664e-10,2.149136495751767e-10,-3.483185152227541e-10,-3.48318515222754e-10
120,370.93117783955665,68,A,1.5727233505349919e-11,1.0088452181143945e-11,1.5727233505349916e-11,1.5727233505349923e-11,1.0088452181143944e-11,1.0088452181143947e-11
120,370.93117783955665,68,Z,-1.5857764174111245e-09,-2.9707115717160493e-10,-1.5857764174111247e-09,-1.5857764174111243e-09,-2.9707115717160498e-10,-2.9707115717160488e-10
120,370.93117783955665,68,E,-8.9780765408841684e-09,-6.1482521397029745e-09,-8.97807654088417e-09,-8.9780765408841667e-09,-6.1482521397029753e-09,-6.1482521397029737e-09
120,370.93117783955665,69,N,-2.648975534732865e-10,1.8765659137827546e-10,-2.6489755347328655e-10,-2.6489755347328645e-10,1.8765659137827544e-10,1.8765659137827549e-10
120,370.93117783955665,69,A,-8.2140706703434206e-12,-1.2077512305117801e-11,-8.2140706703434222e-12,-8.214070670343419e-12,-1.2077512305117802e-11,-1.2077512305117799e-11
120,370.93117783955665,69,Z,1.0320169613704534e-09,8.1504756289708437e-10,1.0320169613704532e-09,1.0320169613704536e-09,8.1504756289708427e-10,8.1504756289708448e-10
120,370.93117783955665,69,E,4.7174052277483008e-09,7.3749910562127926e-09,4.7174052277483e-09,4.7174052277483017e-09,7.3749910562127918e-09,7.3749910562127934e-09
120,370.93117783955665,70,N,2.517671369765716e-10,-5.4860468668880639e-11,2.5176713697657155e-10,2.5176713697657166e-10,-5.4860468668880645e-11,-5.4860468668880633e-11
120,370.93117783955665,70,A,2.2541611770110211e-12,1.1212807529357021e-11,2.2541611770110207e-12,2.2541611770110215e-12,1.1212807529357019e-11,1.1212807529357022e-11
120,370.93117783955665,70,Z,-4.3629188798072799e-10,-9.7960440175465353e-10,-4.3629188798072804e-10,-4.3629188798072794e-10,-9.7960440175465374e-10,-9.7960440175465332e-10
120,370.93117783955665,70,E,-1.1756637437366469e-09,-6.948521703254641e-09,-1.1756637437366471e-09,-1.1756637437366467e-09,-6.9485217032546418e-09,-6.9485217032546402e-09
120,370.93117783955665,71,N,-2.0108766102755663e-10,-3.8134120501561328e-11,-2.0108766102755666e-10,-2.0108766102755661e-10,-3.8134120501561335e-11,-3.8134120501561322e-11
120,370.93117783955665,71,A,1.8354802434210722e-12,-8.7612767424381501e-12,1.8354802434210718e-12,1.8354802434210726e-12,-8.7612767424381517e-12,-8.7612767424381484e-12
120,370.93117783955665,71,Z,-5.627484184704538e-11,8.7303131322840991e-10,-5.6274841847045387e-11,-5.6274841847045374e-11,8.7303131322840981e-10,8.7303131322841001e-10
120,370.93117783955665,71,E,-1.3161538568194685e-09,5.5210859069457739e-09,-1.3161538568194687e-09,-1.3161538568194683e-09,5.5210859069457731e-09,5.5210859069457747e-09
120,370.93117783955665,72,N,1.3522814527189452e-10,9.0449113246910447e-11,1.3522814527189449e-10,1.3522814527189454e-10,9.0449113246910434e-11,9.044911324691046e-11
120,370.93117783955665,72,A,-4.0046351381903636e-12,5.7584460645958928e-12,-4.0046351381903644e-12,-4.0046351381903628e-12,5.758446064595892e-12,5.7584460645958936e-12
120,370.93117783955665,72,Z,3.718440414683637e-10,-6.0952466299327222e-10,3.7184404146836365e-10,3.7184404146836376e-10,-6.0952466299327232e-10,-6.0952466299327212e-10
120,370.93117783955665,72,E,2.7159040654610816e-09,-3.6798063987066328e-09,2.7159040654610811e-09,2.715904065461082e-09,-3.6798063987066332e-09,-3.6798063987066324e-09
120,370.93117783955665,73,N,-7.0808050581905054e-11,-1.0831140586847503e-10,-7.0808050581905067e-11,-7.0808050581905041e-11,-1.0831140586847505e-10,-1.0831140586847502e-10
120,370.93117783955665,73,A,4.6580144872999802e-12,-2.9296399202096953e-12,4.6580144872999794e-12,4.658014487299981e-12,-2.9296399202096957e-12,-2.9296399202096949e-12
120,370.93117783955665,73,Z,-5.001316610252925e-10,2.9950201715313669e-10,-5.001316610252926e-10,-5.001316610252924e-10,2.9950201715313664e-10,2.9950201715313674e-10
120,370.93117783955665,73,E,-3.1756226525399233e-09,1.8735951411876309e-09,-3.1756226525399237e-09,-3.1756226525399229e-09,1.8735951411876304e-09,1.8735951411876313e-09
120,370.93117783955665,74,N,1.8096233296071533e-11,1.0139597396650712e-10,1.809623329607153e-11,1.8096233296071536e-11,1.013959739665071e-10,1.0139597396650713e-10
120,370.93117783955665,74,A,-4.2488441236868999e-12,7.0685075857011711e-13,-4.2488441236869007e-12,-4.2488441236868991e-12,7.0685075857011701e-13,7.0685075857011721e-13
120,370.93117783955665,74,Z,4.7539525766965935e-10,-2.6695662987687028e-11,4.7539525766965924e-10,4.7539525766965945e-10,-2.6695662987687032e-11,-2.6695662987687025e-11
120,370.93117783955665,74,E,2.94850923617477e-09,-3.8824176064068192e-10,2.9485092361747695e-09,2.9485092361747704e-09,-3.8824176064068197e-10,-3.8824176064068186e-10
120,370.93117783955665,75,N,1.8378750320794162e-11,-7.9943299423565893e-11,1.8378750320794159e-11,1.8378750320794165e-11,-7.9943299423565906e-11,-7.994329942356588e-11
120,370.93117783955665,75,A,3.3109125368964957e-12,8.29433775523873e-13,3.3109125368964953e-12,3.3109125368964961e-12,8.294337755238729e-13,8.294337755238731e-13
120,370.93117783955665,75,Z,-3.540535623675785e-10,-1.6126599756836915e-10,-3.5405356236757855e-10,-3.5405356236757845e-10,-1.6126599756836917e-10,-1.6126599756836912e-10
120,370.93117783955665,75,E,-2.3120554811612066e-09,-6.4320618771126484e-10,-2.312055481161207e-09,-2.3120554811612062e-09,-6.4320618771126495e-10,-6.4320618771126474e-10
120,370.93117783955665,76,N,-3.8440498696717481e-11,5.2878101648042649e-11,-3.8440498696717488e-11,-3.8440498696717475e-11,5.2878101648042642e-11,5.2878101648042655e-11
120,370.93117783955665,76,A,-2.1325738094531269e-12,-1.5806706665094454e-12,-2.1325738094531273e-12,-2.1325738094531265e-12,-1.5806706665094456e-12,-1.5806706665094451e-12
120,370.93117783955665,76,Z,1.9493951824887209e-10,2.5124623539301736e-10,1.9493951824887207e-10,1.9493951824887212e-10,2.5124623539301731e-10,2.5124623539301741e-10
120,370.93117783955665,76,E,1.5141260163199414e-09,1.208805190274524e-09,1.5141260163199412e-09,1.5141260163199416e-09,1.2088051902745238e-09,1.2088051902745242e-09
120,370.93117783955665,77,N,4.4726811035849146e-11,-2.6777256730256696e-11,4.472681103584914e-11,4.4726811035849153e-11,-2.67772567302567e-11,-2.6777256730256693e-11
120,370.93117783955665,77,A,1.0382563146696418e-12,1.818964934453915e-12,1.0382563146696416e-12,1.038256314669642e-12,1.8189649344539148e-12,1.8189649344539152e-12
120,370.93117783955665,77,Z,-4.561009827983596e-11,-2.5598973733713887e-10,-4.5610098279835967e-11,-4.5610098279835954e-11,-2.5598973733713892e-10,-2.5598973733713882e-10
120,370.93117783955665,77,E,-7.4270806695021341e-10,-1.3773911952912416e-09,-7.4270806695021351e-10,-7.4270806695021331e-10,-1.3773911952912418e-09,-1.3773911952912414e-09
120,370.93117783955665,78,N,-4.1211335423497352e-11,5.6584134492967744e-12,-4.1211335423497359e-11,-4.1211335423497346e-11,5.6584134492967736e-12,5.6584134492967752e-12
120,370.93117783955665,78,A,-1.9767244024198685e-13,-1.6268889682981008e-12,-1.9767244024198688e-13,-1.9767244024198683e-13,-1.6268889682981011e-12,-1.6268889682981006e-12
120,370.93117783955665,78,Z,-6.4321789759362242e-11,2.0272352326641766e-10,-6.4321789759362255e-11,-6.4321789759362229e-11,2.0272352326641763e-10,2.0272352326641768e-10
120,370.93117783955665,78,E,1.1598403693659222e-10,1.2591505006723062e-09,1.1598403693659221e-10,1.1598403693659223e-10,1.259150500672306e-09,1.2591505006723064e-09
120,370.93117783955665,79,N,3.2040085254129501e-11,8.7487848818022448e-12,3.2040085254129495e-11,3.2040085254129508e-11,8.7487848818022432e-12,8.7487848818022465e-12
120,370.93117783955665,79,A,-3.3881592930049639e-13,1.2162402613812124e-12,-3.3881592930049644e-13,-3.3881592930049634e-13,1.2162402613812122e-12,1.2162402613812126e-12
120,370.93117783955665,79,Z,1.2371608565259408e-10,-1.2238200582342057e-10,1.2371608565259406e-10,1.2371608565259411e-10,-1.2238200582342059e-10,-1.2238200582342054e-10
120,370.93117783955665,79,E,3.127469563272521e-10,-9.7317011914968457e-10,3.1274695632725204e-10,3.1274695632725215e-10,-9.7317011914968478e-10,-9.7317011914968436e-10
120,370.93117783955665,80,N,-2.0799145746477779e-11,-1.6470383032540135e-11,-2.0799145746477782e-11,-2.0799145746477776e-11,-1.6470383032540139e-11,-1.6470383032540132e-11
120,370.93117783955665,80,A,6.2656326512439738e-13,-7.8890534379940925e-13,6.2656326512439728e-13,6.2656326512439748e-13,-7.8890534379940936e-13,-7.8890534379940915e-13
120,370.93117783955665,80,Z,-1.3622056236056343e-10,4.1599095604928968e-11,-1.3622056236056345e-10,-1.362205623605634e-10,4.1599095604928961e-11,4.1599095604928974e-11
120,370.93117783955665,80,E,-5.4127049864056587e-10,6.2482576014233693e-10,-5.4127049864056598e-10,-5.4127049864056577e-10,6.2482576014233683e-10,6.2482576014233704e-10
120,370.93117783955665,81,N,1.012530020084226e-11,1.8630646634943673e-11,1.0125300200842258e-11,1.0125300200842262e-11,1.8630646634943669e-11,1.8630646634943676e-11
120,370.93117783955665,81,A,-7.1985214052558659e-13,3.5621644312908088e-13,-7.1985214052558669e-13,-7.1985214052558649e-13,3.5621644312908083e-13,3.5621644312908093e-13
120,370.93117783955665,81,Z,1.1457376486155945e-10,2.1704446437825594e-11,1.1457376486155944e-10,1.1457376486155947e-10,2.1704446437825591e-11,2.1704446437825597e-11
120,370.93117783955665,81,E,6.0109995575951561e-10,-2.9325274710775807e-10,6.0109995575951551e-10,6.0109995575951572e-10,-2.9325274710775812e-10,-2.9325274710775802e-10
120,370.93117783955665,82,N,-1.5948334197384537e-12,-1.6882936749338183e-11,-1.5948334197384539e-12,-1.5948334197384535e-12,-1.6882936749338186e-11,-1.6882936749338179e-11
120,370.93117783955665,82,A,6.6330283704375459e-13,-8.2541313674591694e-14,6.6330283704375449e-13,6.6330283704375469e-13,-8.2541313674591706e-14,-8.2541313674591681e-14
120,370.93117783955665,82,Z,-7.4806254447700347e-11,-5.9367036135184065e-11,-7.480625444770036e-11,-7.4806254447700334e-11,-5.9367036135184078e-11,-5.9367036135184052e-11
120,370.93117783955665,82,E,-5.4062841009878643e-10,2.7450050021811876e-11,-5.4062841009878653e-10,-5.4062841009878633e-10,2.7450050021811873e-11,2.745005002181188e-11
120,370.93117783955665,83,N,-4.1274701422569914e-12,1.2925997297676442e-11,-4.1274701422569922e-12,-4.1274701422569906e-12,1.292599729767644e-11,1.2925997297676444e-11
120,370.93117783955665,83,A,-4.6568112564698715e-13,-1.5030899326689759e-13,-4.6568112564698725e-13,-4.6568112564698704e-13,-1.5030899326689761e-13,-1.5030899326689756e-13
120,370.93117783955665,83,Z,3.1639172415186222e-11,7.1551364002053502e-11,3.1639172415186216e-11,3.1639172415186229e-11,7.1551364002053489e-11,7.1551364002053515e-11
120,370.93117783955665,83,E,4.1134912607798266e-10,1.5133831724767597e-10,4.1134912607798261e-10,4.1134912607798272e-10,1.5133831724767594e-10,1.5133831724767599e-10
120,370.93117783955665,84,N,7.1025914690054964e-12,-8.217072332620365e-12,7.1025914690054956e-12,7.1025914690054972e-12,-8.2170723326203666e-12,-8.2170723326203634e-12
120,370.93117783955665,84,A,2.8406519403672842e-13,2.6262566434012344e-13,2.8406519403672837e-13,2.8406519403672847e-13,2.6262566434012339e-13,2.6262566434012349e-13
120,370.93117783955665,84,Z,4.3109095172330285e-12,-6.3962514434709864e-11,4.3109095172330277e-12,4.3109095172330293e-12,-6.3962514434709877e-11,-6.3962514434709851e-11
120,370.93117783955665,84,E,-2.5833237731914965e-10,-2.4353147645351825e-10,-2.583323773191497e-10,-2.5833237731914959e-10,-2.435314764535183e-10,-2.435314764535182e-10
120,370.93117783955665,85,N,-7.8183435545150301e-12,3.8193380426423046e-12,-7.8183435545150317e-12,-7.8183435545150285e-12,3.8193380426423038e-12,3.8193380426423054e-12
120,370.93117783955665,85,A,-1.2931176908134677e-13,-2.7854831722884918e-13,-1.2931176908134679e-13,-1.2931176908134674e-13,-2.7854831722884923e-13,-2.7854831722884913e-13
120,370.93117783955665,85,Z,-2.7507085531644694e-11,4.4770754914816515e-11,-2.7507085531644697e-11,-2.7507085531644691e-11,4.4770754914816508e-11,4.4770754914816521e-11
120,370.93117783955665,85,E,1.1503926238333049e-10,2.6367335066301242e-10,1.1503926238333047e-10,1.150392623833305e-10,2.6367335066301236e-10,2.6367335066301247e-10
120,370.93117783955665,86,N,6.9655251810118329e-12,-3.5496662406879584e-13,6.9655251810118321e-12,6.9655251810118337e-12,-3.5496662406879589e-13,-3.5496662406879579e-13
120,370.93117783955665,86,A,2.0009290354269673e-14,2.4109366947563095e-13,2.000929035426967e-14,2.0009290354269676e-14,2.410936694756309e-13,2.41093669475631e-13
120,370.93117783955665,86,Z,3.7034186456244676e-11,-2.2008765226247447e-11,3.7034186456244669e-11,3.7034186456244682e-11,-2.200876522624745e-11,-2.2008765226247444e-11
120,370.93117783955665,86,E,-1.8220925558217426e-12,-2.3318102768258372e-10,-1.822092555821743e-12,-1.8220925558217422e-12,-2.3318102768258378e-10,-2.3318102768258367e-10
120,370.93117783955665,87,N,-5.2432903076164009e-12,-1.9304526671732433e-12,-5.2432903076164017e-12,-5.2432903076164001e-12,-1.9304526671732437e-12,-1.9304526671732429e-12
120,370.93117783955665,87,A,7.923012915625073e-14,-1.8402205715023522e-13,7.9230129156250717e-14,7.9230129156250742e-14,-1.8402205715023525e-13,-1.840220571502352e-13
120,370.93117783955665,87,Z,-3.5280109921867885e-11,1.8554416822111229e-12,-3.5280109921867891e-11,-3.5280109921867879e-11,1.8554416822111225e-12,1.8554416822111233e-12
120,370.93117783955665,87,E,-7.2913910118271569e-11,1.7446365037003135e-10,-7.2913910118271582e-11,-7.2913910118271556e-11,1.7446365037003132e-10,1.7446365037003137e-10
120,370.93117783955665,88,N,3.2599327543823635e-12,3.0781694125606747e-12,3.2599327543823631e-12,3.2599327543823639e-12,3.0781694125606742e-12,3.0781694125606751e-12
120,370.93117783955665,88,A,-6.8406232417483536e-14,9.7132675629628211e-14,-6.8406232417483548e-14,-6.8406232417483523e-14,9.7132675629628198e-14,9.7132675629628224e-14
120,370.93117783955665,88,Z,2.6327485997459367e-11,1.211028693000583e-11,2.6327485997459364e-11,2.632748599745937e-11,1.2110286930005828e-11,1.2110286930005831e-11
120,370.93117783955665,88,E,1.0999008281919349e-10,-1.0689941715744101e-10,1.0999008281919348e-10,1.0999008281919351e-10,-1.0689941715744103e-10,-1.06899417157441e-10
120,370.93117783955665,89,N,-1.4309487077699968e-12,-3.3018998651226095e-12,-1.430948707769997e-12,-1.4309487077699966e-12,-3.3018998651226099e-12,-3.3018998651226091e-12
120,370.93117783955665,89,A,1.2815271467106667e-13,-6.2141395251646246e-14,1.2815271467106665e-13,1.281527146710667e-13,-6.2141395251646258e-14,-6.2141395251646233e-14
120,370.93117783955665,89,Z,-1.4502288475553719e-11,-1.8841556861091479e-11,-1.450228847555372e-11,-1.4502288475553717e-11,-1.8841556861091482e-11,-1.8841556861091476e-11
120,370.93117783955665,89,E,-1.1615739048496075e-10,4.4689282820473459e-11,-1.1615739048496076e-10,-1.1615739048496074e-10,4.4689282820473453e-11,4.4689282820473466e-11
120,370.93117783955665,90,N,1.4853659477721629e-14,2.8869707442570767e-12,1.4853659477721626e-14,1.4853659477721633e-14,2.8869707442570762e-12,2.8869707442570771e-12
120,370.93117783955665,90,A,-1.0974472982221412e-13,-4.2350476864707439e-14,-1.0974472982221413e-13,-1.097447298222141e-13,-4.2350476864707445e-14,-4.2350476864707433e-14
120,370.93117783955665,90,Z,3.3453240374328611e-12,1.9223340916276341e-11,3.3453240374328607e-12,3.3453240374328615e-12,1.9223340916276338e-11,1.9223340916276345e-11
120,370.93117783955665,90,E,1.0095458839677715e-10,3.705648223159126e-12,1.0095458839677713e-10,1.0095458839677716e-10,3.7056482231591251e-12,3.7056482231591268e-12
120,370.93117783955665,91,N,8.9986103862414932e-13,-2.1398327140112842e-12,8.9986103862414921e-13,8.9986103862414942e-13,-2.1398327140112846e-12,-2.1398327140112837e-12
120,370.93117783955665,91,A,6.9516539366397998e-14,3.2967329353969523e-14,6.9516539366397985e-14,6.951653936639801e-14,3.2967329353969517e-14,3.2967329353969529e-14
120,370.93117783955665,91,Z,4.9073325458451862e-12,-1.5246092372762628e-11,4.9073325458451854e-12,4.907332545845187e-12,-1.5246092372762631e-11,-1.5246092372762625e-11
120,370.93117783955665,91,E,-7.4187701993405854e-11,-3.4993775602431641e-11,-7.4187701993405867e-11,-7.4187701993405842e-11,-3.4993775602431648e-11,-3.4993775602431635e-11
120,370.93117783955665,92,N,-1.3432896494310098e-12,1.2945017841247289e-12,-1.34328964943101e-12,-1.3432896494310096e-12,1.2945017841247287e-12,1.2945017841247291e-12
120,370.93117783955665,92,A,-6.7026536410462073e-14,-6.5251223245320924e-14,-6.7026536410462086e-14,-6.7026536410462061e-14,-6.5251223245320937e-14,-6.5251223245320911e-14
120,370.93117783955665,92,Z,-9.3881756003338429e-12,9.2075028834237813e-12,-9.3881756003338445e-12,-9.3881756003338413e-12,9.2075028834237797e-12,9.2075028834237829e-12
120,370.93117783955665,92,E,4.4226211564322249e-11,4.9827380543504486e-11,4.4226211564322242e-11,4.4226211564322255e-11,4.9827380543504479e-11,4.9827380543504492e-11
120,370.93117783955665,93,N,1.402049082624387e-12,-5.3375875844879665e-13,1.4020490826243868e-12,1.4020490826243872e-12,-5.3375875844879675e-13,-5.3375875844879655e-13
120,370.93117783955665,93,A,4.9190054418659348e-15,3.7235323034836215e-14,4.919005441865934e-15,4.9190054418659356e-15,3.7235323034836208e-14,3.7235323034836221e-14
120,370.93117783955665,93,Z,1.0341504436091017e-11,-3.1081358064030199e-12,1.0341504436091015e-11,1.0341504436091019e-11,-3.1081358064030203e-12,-3.1081358064030195e-12
120,370.93117783955665,93,E,-1.711473514021323e-11,-5.1353508646521328e-11,-1.7114735140213233e-11,-1.7114735140213227e-11,-5.1353508646521334e-11,-5.1353508646521321e-11
120,370.93117783955665,94,N,-1.2069296998766445e-12,-5.1378946177681628e-14,-1.2069296998766447e-12,-1.2069296998766443e-12,-5.1378946177681634e-14,-5.1378946177681621e-14
120,370.93117783955665,94,A,-4.2362766946466227e-15,-3.9337602037613742e-14,-4.2362766946466235e-15,-4.236276694646622e-15,-3.9337602037613748e-14,-3.9337602037613736e-14
120,370.93117783955665,94,Z,-8.7068899020081274e-12,-1.6905146044780508e-12,-8.706889902008129e-12,-8.7068899020081257e-12,-1.690514604478051e-12,-1.6905146044780506e-12
120,370.93117783955665,94,E,-3.6296291006929036e-12,4.3842785281585385e-11,-3.629629100692904e-12,-3.6296291006929031e-12,4.3842785281585379e-11,4.3842785281585392e-11
120,370.93117783955665,95,N,8.7677523194158024e-13,4.2276535018016535e-13,8.7677523194158014e-13,8.7677523194158035e-13,4.227653501801653e-13,4.227653501801654e-13
120,370.93117783955665,95,A,4.3056023651469072e-15,8.867129480415155e-14,4.3056023651469064e-15,4.3056023651469079e-15,8.8671294804151538e-14,8.8671294804151563e-14
120,370.93117783955665,95,Z,5.6863315029524779e-12,4.5563006741279039e-12,5.6863315029524771e-12,5.6863315029524787e-12,4.5563006741279031e-12,4.5563006741279047e-12
120,370.93117783955665,95,E,1.6736427590591839e-11,-3.160676841011511e-11,1.6736427590591836e-11,1.6736427590591843e-11,-3.1606768410115117e-11,-3.1606768410115104e-11
120,370.93117783955665,96,N,-5.1546410931699523e-13,-5.889108936163585e-13,-5.1546410931699533e-13,-5.1546410931699513e-13,-5.889108936163586e-13,-5.889108936163584e-13
120,370.93117783955665,96,A,5.0273263662516732e-15,-4.6237741749460436e-14,5.0273263662516724e-15,5.027326366251674e-15,-4.6237741749460443e-14,-4.623774174946043e-14
120,370.93117783955665,96,Z,-2.3950015718341907e-12,-5.4875128772227393e-12,-2.3950015718341911e-12,-2.3950015718341903e-12,-5.4875128772227401e-12,-5.4875128772227385e-12
120,370.93117783955665,96,E,-2.2626078681406474e-11,1.8272759057562004e-11,-2.2626078681406478e-11,-2.2626078681406471e-11,1.8272759057562001e-11,1.8272759057562008e-11
120,370.93117783955665,97,N,1.96245264544571e-13,5.9668595250504695e-13,1.9624526454457097e-13,1.9624526454457102e-13,5.9668595250504685e-13,5.9668595250504705e-13
120,370.93117783955665,97,A,-2.7105357223512754e-14,7.359641159033473e-15,-2.7105357223512757e-14,-2.7105357223512751e-14,7.3596411590334714e-15,7.3596411590334746e-15
120,370.93117783955665,97,Z,-3.5513556668954132e-13,4.9079991270439164e-12,-3.5513556668954137e-13,-3.5513556668954126e-13,4.9079991270439156e-12,4.9079991270439172e-12
120,370.93117783955665,97,E,2.2769642205213238e-11,-6.420508212277756e-12,2.2769642205213234e-11,2.2769642205213241e-11,-6.4205082122777569e-12,-6.4205082122777552e-12
120,370.93117783955665,98,N,4.5177454625626494e-14,-5.0371976613263309e-13,4.5177454625626488e-14,4.51774546256265e-14,-5.0371976613263319e-13,-5.0371976613263299e-13
120,370.93117783955665,98,A,2.5418624141390243e-14,1.9235795390017828e-14,2.541862414139024e-14,2.5418624141390246e-14,1.9235795390017825e-14,1.9235795390017831e-14
120,370.93117783955665,98,Z,2.1349631614755839e-12,-3.4357822237307412e-12,2.1349631614755835e-12,2.1349631614755843e-12,-3.4357822237307416e-12,-3.4357822237307408e-12
120,370.93117783955665,98,E,-1.9087177658779084e-11,-2.48998460147943e-12,-1.9087177658779087e-11,-1.9087177658779081e-11,-2.4899846014794304e-12,-2.4899846014794296e-12
120,370.93117783955665,99,N,-1.9460943645076468e-13,3.5806442394483598e-13,-1.9460943645076471e-13,-1.9460943645076465e-13,3.5806442394483593e-13,3.5806442394483603e-13
120,370.93117783955665,99,A,4.6849801896013332e-15,7.0973819757517779e-15,4.6849801896013324e-15,4.684980189601334e-15,7.0973819757517772e-15,7.0973819757517787e-15
120,370.93117783955665,99,Z,-2.8678451834657071e-12,1.6843144360626766e-12,-2.8678451834657075e-12,-2.8678451834657067e-12,1.6843144360626764e-12,1.6843144360626768e-12
120,370.93117783955665,99,E,1.3482560912619697e-11,7.9783208138873927e-12,1.3482560912619695e-11,1.3482560912619698e-11,7.978320813887391e-12,7.9783208138873943e-12
120,370.93117783955665,100,N,2.5436638227838007e-13,-2.0631242715821433e-13,2.5436638227838001e-13,2.5436638227838012e-13,-2.0631242715821435e-13,-2.063124271582143e-13
120,370.93117783955665,100,A,-2.7624185979817998e-14,4.1779802640064234e-15,-2.7624185979818001e-14,-2.7624185979817994e-14,4.1779802640064226e-15,4.1779802640064242e-15
120,370.93117783955665,100,Z,2.7320906070043153e-12,-1.2927218392197529e-13,2.7320906070043149e-12,2.7320906070043157e-12,-1.2927218392197532e-13,-1.2927218392197527e-13
120,370.93117783955665,100,E,-7.5324705393030554e-12,-1.0292056000261624e-11,-7.5324705393030571e-12,-7.5324705393030538e-12,-1.0292056000261625e-11,-1.0292056000261622e-11
120,370.93117783955665,101,N,-2.5487224291296379e-13,7.0033773073537527e-14,-2.5487224291296384e-13,-2.5487224291296374e-13,7.0033773073537514e-14,7.0033773073537539e-14
120,370.93117783955665,101,A,1.6830524272497671e-14,-5.5727396691729953e-15,1.6830524272497667e-14,1.6830524272497674e-14,-5.5727396691729961e-15,-5.5727396691729945e-15
120,370.93117783955665,101,Z,-2.0389468540624065e-12,-9.5106135801952206e-13,-2.0389468540624069e-12,-2.0389468540624061e-12,-9.5106135801952226e-13,-9.5106135801952186e-13
120,370.93117783955665,101,E,2.3382789406181678e-12,1.0118899826193753e-11,2.3382789406181674e-12,2.3382789406181682e-12,1.0118899826193751e-11,1.0118899826193754e-11
120,370.93117783955665,102,N,2.1003939679803958e-13,2.9435735009941064e-14,2.1003939679803955e-13,2.100393967980396e-13,2.9435735009941058e-14,2.943573500994107e-14
120,370.93117783955665,102,A,8.7159417425000484e-15,3.611632899656101e-15,8.7159417425000468e-15,8.71594174250005e-15,3.6116328996561002e-15,3.6116328996561018e-15
120,370.93117783955665,102,Z,1.1212525093109618e-12,1.4729025398930924e-12,1.1212525093109616e-12,1.121252509310962e-12,1.4729025398930922e-12,1.4729025398930926e-12
120,370.93117783955665,102,E,1.4942672345906382e-12,-8.3261380760433345e-12,1.494267234590638e-12,1.4942672345906384e-12,-8.3261380760433361e-12,-8.3261380760433328e-12
120,370.93117783955665,103,N,-1.4894588842867241e-13,-8.9256748754184607e-14,-1.4894588842867244e-13,-1.4894588842867239e-13,-8.925674875418462e-14,-8.9256748754184594e-14
120,370.93117783955665,103,A,1.0210207004584817e-15,4.7788745511698581e-15,1.0210207004584815e-15,1.0210207004584819e-15,4.7788745511698573e-15,4.7788745511698589e-15
120,370.93117783955665,103,Z,-2.5331347130461423e-13,-1.5022682240739604e-12,-2.5331347130461428e-13,-2.5331347130461418e-13,-1.5022682240739606e-12,-1.5022682240739602e-12
120,370.93117783955665,103,E,-3.7895183197055663e-12,5.7566428549820624e-12,-3.7895183197055671e-12,-3.7895183197055655e-12,5.7566428549820616e-12,5.7566428549820632e-12
120,370.93117783955665,104,N,8.2155705900508222e-14,1.1272745719117245e-13,8.215570590050821e-14,8.2155705900508235e-14,1.1272745719117244e-13,1.1272745719117246e-13
120,370.93117783955665,104,A,3.2168088757346304e-15,7.8758899910797962e-15,3.21680887573463e-15,3.2168088757346308e-15,7.8758899910797947e-15,7.8758899910797978e-15
120,370.93117783955665,104,Z,-3.9031275776355398e-13,1.191977754831396e-12,-3.9031275776355403e-13,-3.9031275776355393e-13,1.1919777548313958e-12,1.1919777548313962e-12
120,370.93117783955665,104,E,4.6854060048268594e-12,-3.0970488139830211e-12,4.6854060048268586e-12,4.6854060048268602e-12,-3.0970488139830215e-12,-3.0970488139830207e-12
120,370.93117783955665,105,N,-2.4611494463435427e-14,-1.0932622324541495e-13,-2.461149446343543e-14,-2.4611494463435424e-14,-1.0932622324541496e-13,-1.0932622324541493e-13
120,370.93117783955665,105,A,-4.0304163279342277e-15,2.8398217248455519e-14,-4.0304163279342285e-15,-4.0304163279342269e-15,2.8398217248455516e-14,2.8398217248455522e-14
120,370.93117783955665,105,Z,7.408770324589621e-13,-7.198775618340806e-13,7.40877032458962e-13,7.408770324589622e-13,-7.198775618340807e-13,-7.1987756183408049e-13
120,370.93117783955665,105,E,-4.504553367957073e-12,8.1852928573469948e-13,-4.5045533679570738e-12,-4.5045533679570722e-12,8.1852928573469937e-13,8.1852928573469958e-13
120,370.93117783955665,106,N,-1.7970764087505203e-14,8.8807453007174368e-14,-1.7970764087505206e-14,-1.79707640875052e-14,8.8807453007174356e-14,8.8807453007174381e-14
120,370.93117783955665,106,A,8.3345323116755143e-15,-7.6986037861376394e-15,8.3345323116755127e-15,8.3345323116755159e-15,-7.698603786137641e-15,-7.6986037861376378e-15
120,370.93117783955665,106,Z,-8.1618358557463485e-13,2.4174458640212227e-13,-8.1618358557463495e-13,-8.1618358557463475e-13,2.4174458640212222e-13,2.4174458640212232e-13
120,370.93117783955665,106,E,3.6397687181860896e-12,8.3053393103413004e-13,3.6397687181860888e-12,3.6397687181860904e-12,8.3053393103412994e-13,8.3053393103413014e-13
120,370.93117783955665,107,N,4.0679060519124827e-14,-5.9596062668299743e-14,4.0679060519124821e-14,4.0679060519124833e-14,-5.9596062668299756e-14,-5.959606266829973e-14
120,370.93117783955665,107,A,-4.4778344663080604e-15,3.6417693913575949e-14,-4.4778344663080612e-15,-4.4778344663080596e-15,3.6417693913575942e-14,3.6417693913575955e-14
120,370.93117783955665,107,Z,6.8865150929748419e-13,1.3581084725020667e-13,6.8865150929748409e-13,6.8865150929748429e-13,1.3581084725020664e-13,1.358108472502067e-13
120,370.93117783955665,107,E,-2.4640811648375571e-12,-1.7888761053599136e-12,-2.4640811648375575e-12,-2.4640811648375567e-12,-1.7888761053599138e-12,-1.7888761053599134e-12
120,370.93117783955665,108,N,-4.8041892089368616e-14,3.5971999376830414e-14,-4.8041892089368622e-14,-4.804189208936861e-14,3.5971999376830407e-14,3.597199937683042e-14
120,370.93117783955665,108,A,-2.119429558219491e-14,2.6528839849643278e-14,-2.1194295582194913e-14,-2.1194295582194907e-14,2.6528839849643275e-14,2.6528839849643281e-14
120,370.93117783955665,108,Z,-4.5159850244820829e-13,-3.6280829945381656e-13,-4.5159850244820834e-13,-4.5159850244820824e-13,-3.6280829945381661e-13,-3.6280829945381651e-13
120,370.93117783955665,108,E,1.2773098380959051e-12,2.132393348513854e-12,1.2773098380959049e-12,1.2773098380959053e-12,2.1323933485138536e-12,2.1323933485138544e-12
120,370.93117783955665,109,N,4.6920915338425496e-14,-1.0070247051631878e-14,4.692091533842549e-14,4.6920915338425503e-14,-1.007024705163188e-14,-1.0070247051631877e-14
120,370.93117783955665,109,A,-1.4049590780620539e-14,-2.4325950508472245e-14,-1.404959078062054e-14,-1.4049590780620537e-14,-2.4325950508472248e-14,-2.4325950508472242e-14
120,370.93117783955665,109,Z,1.9199013301848188e-13,4.3845999771189234e-13,1.9199013301848186e-13,1.9199013301848191e-13,4.3845999771189229e-13,4.3845999771189239e-13
120,370.93117783955665,109,E,-2.787528707378136e-13,-2.0105067881208902e-12,-2.7875287073781365e-13,-2.7875287073781355e-13,-2.0105067881208906e-12,-2.0105067881208898e-12
120,370.93117783955665,110,N,-4.0615731646918638e-14,-8.7093546965165994e-15,-4.0615731646918645e-14,-4.0615731646918632e-14,-8.709354696516601e-15,-8.7093546965165979e-15
120,370.93117783955665,110,A,-2.1874247039518739e-14,-5.3382679004288471e-15,-2.1874247039518743e-14,-2.1874247039518736e-14,-5.3382679004288479e-15,-5.3382679004288463e-15
120,370.93117783955665,110,Z,2.6656690489040279e-14,-3.9527682888934755e-13,2.6656690489040276e-14,2.6656690489040282e-14,-3.952768288893476e-13,-3.952768288893475e-13
120,370.93117783955665,110,E,-4.3149796901518597e-13,1.6022942734013752e-12,-4.3149796901518602e-13,-4.3149796901518592e-13,1.602294273401375e-12,1.6022942734013754e-12
120,370.93117783955665,111,N,2.5875323601222118e-14,1.7586699169183965e-14,2.5875323601222115e-14,2.5875323601222121e-14,1.7586699169183961e-14,1.7586699169183968e-14
120,370.93117783955665,111,A,-1.2372220153649062e-14,-1.0206443937953155e-14,-1.2372220153649064e-14,-1.237222015364906e-14,-1.0206443937953156e-14,-1.0206443937953153e-14
120,370.93117783955665,111,Z,-1.7060025898657198e-13,2.8092238189759582e-13,-1.7060025898657201e-13,-1.7060025898657196e-13,2.8092238189759577e-13,2.8092238189759587e-13
120,370.93117783955665,111,E,8.3543596555768729e-13,-1.0717725622600502e-12,8.3543596555768718e-13,8.3543596555768739e-13,-1.0717725622600504e-12,-1.07177256226005e-12
120,370.93117783955665,112,N,-1.2248965201645919e-14,-2.2214794823564129e-14,-1.224896520164592e-14,-1.2248965201645917e-14,-2.2214794823564132e-14,-2.2214794823564126e-14
120,370.93117783955665,112,A,2.6324927412317206e-14,9.4586046027005914e-15,2.6324927412317203e-14,2.6324927412317209e-14,9.4586046027005898e-15,9.458604602700593e-15
120,370.93117783955665,112,Z,2.3335764972428116e-13,-1.4276453569327892e-13,2.3335764972428111e-13,2.3335764972428121e-13,-1.4276453569327895e-13,-1.427645356932789e-13
120,370.93117783955665,112,E,-9.7324098001871294e-13,5.4667577651047465e-13,-9.7324098001871315e-13,-9.7324098001871274e-13,5.4667577651047454e-13,5.4667577651047475e-13
120,370.93117783955665,113,N,3.7176737961259929e-15,2.1539317963395897e-14,3.7176737961259921e-15,3.7176737961259937e-15,2.1539317963395893e-14,2.15393179633959e-14
120,370.93117783955665,113,A,6.9805104808622641e-17,-1.0388532648947061e-14,6.9805104808622629e-17,6.9805104808622653e-17,-1.0388532648947063e-14,-1.038853264894706e-14
120,370.93117783955665,113,Z,-2.2807299021536235e-13,1.7446204312014815e-14,-2.280729902153624e-13,-2.2807299021536229e-13,1.7446204312014812e-14,1.7446204312014818e-14
120,370.93117783955665,113,E,9.1549060595235485e-13,-1.0697306529180257e-13,9.1549060595235464e-13,9.1549060595235505e-13,-1.0697306529180258e-13,-1.0697306529180256e-13
120,370.93117783955665,114,N,3.0016591902611608e-15,-1.5219932172394157e-14,3.0016591902611604e-15,3.0016591902611612e-15,-1.521993217239416e-14,-1.5219932172394153e-14
120,370.93117783955665,114,A,7.4733846760995245e-15,-8.9445989412144131e-15,7.4733846760995229e-15,7.4733846760995261e-15,-8.9445989412144147e-15,-8.9445989412144116e-15
120,370.93117783955665,114,Z,1.7790202668359731e-13,7.3524974606915375e-14,1.7790202668359728e-13,1.7790202668359733e-13,7.3524974606915362e-14,7.3524974606915387e-14
120,370.93117783955665,114,E,-7.3646874283189593e-13,-2.1006404323970729e-13,-7.3646874283189603e-13,-7.3646874283189583e-13,-2.1006404323970731e-13,-2.1006404323970726e-13
120,370.93117783955665,115,N,-8.0925918222917582e-15,1.1428816069775416e-14,-8.0925918222917597e-15,-8.0925918222917566e-15,1.1428816069775415e-14,1.1428816069775418e-14
120,370.93117783955665,115,A,6.5479679774486883e-16,-2.8814429886917569e-14,6.5479679774486873e-16,6.5479679774486893e-16,-2.8814429886917575e-14,-2.8814429886917562e-14
120,370.93117783955665,115,Z,-1.0738672010272659e-13,-1.2326316378755974e-13,-1.073867201027266e-13,-1.0738672010272657e-13,-1.2326316378755977e-13,-1.2326316378755972e-13
120,370.93117783955665,115,E,5.0174317372239042e-13,3.991591818853078e-13,5.0174317372239032e-13,5.0174317372239052e-13,3.9915918188530775e-13,3.9915918188530785e-13
120,370.93117783955665,116,N,7.4478740268169716e-15,-3.4356251320395082e-15,7.44787402681697e-15,7.4478740268169732e-15,-3.4356251320395086e-15,-3.4356251320395078e-15
120,370.93117783955665,116,A,-2.5640851707917292e-14,3.1376577507496446e-14,-2.5640851707917295e-14,-2.5640851707917289e-14,3.137657750749644e-14,3.1376577507496452e-14
120,370.93117783955665,116,Z,3.6444622305994716e-14,1.3580585263526052e-13,3.644462230599471e-14,3.6444622305994723e-14,1.3580585263526049e-13,1.3580585263526054e-13
120,370.93117783955665,116,E,-2.6293818112511511e-13,-4.7325048080228234e-13,-2.6293818112511516e-13,-2.6293818112511506e-13,-4.7325048080228244e-13,-4.7325048080228224e-13
120,370.93117783955665,117,N,-9.1201069200682676e-15,1.8489614370890233e-15,-9.1201069200682692e-15,-9.120106920068266e-15,1.8489614370890229e-15,1.8489614370890237e-15
120,370.93117783955665,117,A,1.1399118843898667e-14,-3.6941600135479753e-15,1.1399118843898666e-14,1.1399118843898669e-14,-3.6941600135479761e-15,-3.6941600135479746e-15
120,370.93117783955665,117,Z,2.2412751759890919e-14,-1.2103136443938747e-13,2.2412751759890916e-14,2.2412751759890922e-14,-1.2103136443938749e-13,-1.2103136443938744e-13
120,370.93117783955665,117,E,5.8868957557312847e-14,4.6304345290462189e-13,5.8868957557312835e-14,5.886895755731286e-14,4.6304345290462179e-13,4.6304345290462199e-13
120,370.93117783955665,118,N,9.9342611364627852e-15,2.7852631299595906e-15,9.9342611364627836e-15,9.9342611364627868e-15,2.7852631299595903e-15,2.785263129959591e-15
120,370.93117783955665,118,A,2.7561312260779374e-14,-2.0071835767122875e-14,2.7561312260779371e-14,2.7561312260779377e-14,-2.0071835767122878e-14,-2.0071835767122872e-14
120,370.93117783955665,118,Z,-6.4138722256856388e-14,8.9896328224467675e-14,-6.41387222568564e-14,-6.4138722256856375e-14,8.9896328224467662e-14,8.9896328224467688e-14
120,370.93117783955665,118,E,1.02196369536792e-13,-4.1093957932214438e-13,1.0219636953679199e-13,1.0219636953679201e-13,-4.1093957932214443e-13,-4.1093957932214433e-13
120,370.93117783955665,119,N,-1.0724808372765321e-14,-5.1289399291934655e-15,-1.0724808372765323e-14,-1.072480837276532e-14,-5.1289399291934663e-15,-5.1289399291934648e-15
120,370.93117783955665,119,A,5.1158626434880414e-15,-2.467753770443437e-14,5.1158626434880406e-15,5.1158626434880422e-15,-2.4677537704434374e-14,-2.4677537704434367e-14
120,370.93117783955665,119,Z,8.8404190452871361e-14,-5.0489740801364626e-14,8.8404190452871348e-14,8.8404190452871374e-14,-5.0489740801364632e-14,-5.0489740801364619e-14
120,370.93117783955665,119,E,-2.5675617494561194e-13,3.3869249326760282e-13,-2.5675617494561199e-13,-2.5675617494561189e-13,3.3869249326760277e-13,3.3869249326760287e-13
120,370.93117783955665,120,N,4.0301276090441399e-15,1.4788812212473811e-14,4.0301276090441391e-15,4.0301276090441407e-15,1.4788812212473808e-14,1.4788812212473814e-14
120,370.93117783955665,120,A,-1.944761846113244e-14,-5.3570526333666864e-15,-1.9447618461132443e-14,-1.9447618461132436e-14,-5.3570526333666872e-15,-5.3570526333666856e-15
120,370.93117783955665,120,Z,-9.4879451085334567e-14,8.8764543170859984e-15,-9.487945108533458e-14,-9.4879451085334555e-14,8.8764543170859968e-15,8.876454317086e-15
120,370.93117783955665,120,E,4.3394073513808147e-13,-1.6695834414867809e-13,4.3394073513808142e-13,4.3394073513808152e-13,-1.6695834414867811e-13,-1.6695834414867806e-13
