id,why_reused,section,flag_count,flags,draft_sentence,nearest_deposit_sentence,ratio,disposition
D0077,signposting: asserts nothing,1.1,2,"status: the sentence says ""non-example"" of this object; the deposit passage does not use that label here | voice: first person (our, our terms) where the sentence's own deposit sentence has none - the draft runs 0.3 instances per 1k words against the deposited article’s 0.1, so this is register, not error, unless the verb attached to it is stronger than the deposit’s","It is a **non-example** in our terms, not a result: the intuition that a huge deposit is therefore safe is not a claim the ledger can even state, because size and recoverability are quantities of different kinds.","Conservation (Theorems 7–9) and positivity (Theorems 10–11) are proved separately in every well-posed ledger of this article, exactly because cancellation is cheap and admissibility is not.",0.402,
D0357,supported at high confidence,,1,"universal: ""all"" appears in the sentence and not in the passage behind it","The uniform-margin assumption is doing all the work, and its absence is the classical failure mode.","The uniform-margin assumption is essential, and its absence is the classical failure mode.",0.885,
D0023,supported at high confidence,,1,"voice: first person (we) where the sentence's own deposit sentence has none - the draft runs 0.3 instances per 1k words against the deposited article’s 0.1, so this is register, not error, unless the verb attached to it is stronger than the deposit’s",Weak and strong sustainability turn out to be two regimes of one system: the test is whether the material cycle can be closed as fast as we use things.,"Weak and strong sustainability are two regimes of one system, distinguished by whether the material cycle closes at the rate of use.",0.767,
D0218,signposting: asserts nothing,,1,name: Author does not appear in the deposited article,"The pair is the registered object of the companion delay-dynamics analysis (Author, D., et al., *in review*; eq.","The pair is the registered object of the companion delay-dynamics analysis (Abaee, 2026a, doi:10.5281/zenodo.22554217; its eq.",0.765,
D0156,supported at high confidence,1.2,1,"universal: ""never"" appears in the sentence and not in the passage behind it","The reserve classification carries the same point: a horizon estimate built on reserves inherits the substitution and technology assumptions inside the classification, which is why it is read as a ratio, never as a forecast.","An exhaustion-horizon estimate built on a reserve figure carries the substitution and technology premises of the reserve classification, not a physical forecast.",0.608,
D0158,supported at high confidence,1.2,1,"universal: ""every"" appears in the sentence and not in the passage behind it","Its objects are typed ledgers in which conservation follows from the wiring, positivity follows from donor limitation, services are readings rather than conserved mass, and every depletion quantity carries its own classification, stated at its actual strength.","Conservation is proved from the incidence structure, not assumed; positivity is proved from donor limitation, not asserted; services are readouts, not mass; and depletion time is three quantities, not one.",0.522,
D0024,signposting: asserts nothing,,1,name: Finally does not appear in the deposited article,"Finally, an interface contract fixes the one object this article shares with work on delayed, reviewed institutions, so the two bodies of work cannot be confused.",7. **The interface with institutional dynamics.** The exact shared object with delay-based institutional models is the single-resource deficit identity $qEN - R = -\dot N$.,0.476,
D0089,signposting: asserts nothing,1.1,1,"universal: ""every"" appears in the sentence and not in the passage behind it","And ""the stock is large"" is not an available argument at all: size and recoverability are different kinds of quantity, and every depletion horizon in this article is stated against a rate and a barrier.",The three quantities answer different questions and must not share one depletion-horizon label:,0.4,
D0558,supported at high confidence,6.5.3,1,"status: the sentence says ""registered"" of this object; the deposit passage does not use that label here","Completing the re-pin — replacing the displayed rows row by row with the pinned vintage's per-country reserve figures — is the **registered open data action**; it requires the per-country MCS 2026 reserve table, and no displayed classification depends on it.",No stochastic completion of the ledger is claimed: the surrogate processes of Section 7 do not conserve the ledger's mass and are not perturbations of its dynamics.,0.399,
D0162,supported at high confidence,1.2,1,"universal: ""every"" appears in the sentence and not in the passage behind it","Every one-way transfer is donor-limited: it cannot exceed what its source holds. 2. **Three certification layers, separated and proved.** *(theorems; §3)* Accounting consistency (the balance law holds), conservation consistency (the declared moieties are invariant up to boundary flows) and barrier safety (the declared lower and upper barriers hold) are different predicates with different proof obligations.","But bookkeeping balance, stoichiometric conservation, thermodynamic admissibility, and sustainability safety are four different predicates, and the literature routinely slides between them.",0.342,
D0540,supported at high confidence,6.5.2,0,,"The cohort protocol is fully specified in the accompanying supplementary material (S5) — including the zero entries for stocks at or below the reference, which enter the median — together with the version-sensitivity record: on the public RAM Legacy releases the same protocol qualifies **415** stocks (v4.44, median **2.57** yr) and **454** (v4.66, median **3.39** yr) — both reproduced to printed precision under the recovered micro-specification (S5) — **neither reproducing the archived 43-stock cohort**: the archived pull's 43-stock list and extract-time series state — supplied and re-verified — differ from both public releases.","The cohort protocol is fully specified in the accompanying supplementary material (S5) — including the zero entries for stocks at or below the reference, which enter the median — together with the version-sensitivity record: on the public RAM Legacy releases the same protocol qualifies 415 stocks (v4.44, median $2.57$ yr) and 454 (v4.66, median $3.39$ yr) — both reproduced to printed precision under the recovered micro-specification (S5) — neither reproducing the archived 43-stock cohort — the archived pull's 43-stock list and extract-time series state — supplied and re-verified — differ from both public releases.",0.999,
D0521,supported at high confidence,6.5.1,0,,"An index built on it therefore cannot distinguish a drawdown of stored water that is recoverable on the recharge timescale from one that is not — although heavy over-extraction can make the loss permanent through compaction, subsidence or saline intrusion, in which case it is not recoverable at all.","An index built on it therefore cannot distinguish a drawdown of stored water that is recoverable on the recharge time scale from one that is not — although heavy over-extraction can make the loss permanent through compaction, subsidence, or saline intrusion, in which case it is not recoverable at all.",0.998,
D0719,supported at high confidence,11,0,,"For ecological-economics measurement, that is the closing statement: not rival doctrines but two readings of one ledger — and the vector reading is what carries the certificate.","For ecological-economics measurement, that is the closing statement: not rival doctrines but two readings of one ledger, and the vector reading is what carries the certificate.",0.997,
D0168,supported at high confidence,1.2,0,,"No identification of the two-pool groundwater hypothesis is claimed — its identification requirements are registered in Section 8, not discharged.","No identification of the two-pool groundwater hypothesis is claimed (its identification requirements are registered in Section 8, not discharged).",0.996,
D0543,supported at high confidence,6.5.2,0,,"They are descriptive, component-resolved diagnostics in the two-pool logic of the taxonomy — not dynamical predictions.","They are descriptive, component-resolved diagnostics in the two-pool logic of the taxonomy, not dynamical predictions.",0.996,
D0567,supported at high confidence,6.5.4,0,,The construction is retained specifically to show why an isolated gross-removal timescale must not be promoted to a net depletion diagnostic.,The construction is retained specifically to show why an isolated gross-removal time scale must not be promoted to a net depletion diagnostic.,0.996,
D0432,supported at high confidence,5,0,,"This distinction is the accounting counterpart of the ecological-economics point that a service flow — Ayres' useful-work reading, Daly's throughput-of-services reading — is not the same object as the mass that delivers it.","This distinction is the accounting counterpart of the ecological-economics point that a service flow (Ayres' useful-work reading, Daly's throughput-of-services reading) is not the same object as the mass that delivers it.",0.995,
D0451,supported at high confidence,,0,,"The provenance partition behind $\Gamma_{\mathrm{reg}}$ — renewable flow, recovered or recycled material, imports, non-renewable drawdown — never adds unlike physical units.","The provenance partition behind $\Gamma_{\mathrm{reg}}$ (renewable flow, recovered or recycled material, imports, non-renewable drawdown) never adds unlike physical units.",0.994,
D0249,supported at high confidence,2.3,0,,"If an application makes recovery claims, $U$ and $P$ must be split by material, location and quality grade, with declared yields, residual routes and exergy or capacity inputs; the conservation argument then applies to that expanded typed incidence system, not automatically to an undifferentiated quality-neutral loop.","If an application makes recovery claims, $U$ and $P$ must be split by material, location, and quality grade, with declared yields, residual routes, and exergy or capacity inputs — the conservation argument then applies to the expanded typed incidence system, not automatically to an undifferentiated quality-neutral loop.",0.993,
D0571,signposting: asserts nothing,7.1,0,,"That distinction is the entry discipline of this section: the surrogates below **do not compute the ledger's hitting time**, **do not complete the ledger stochastically**, and **do not identify physical failure thresholds**.","The distinction is the entry discipline of this section: the surrogates below do not compute the ledger's hitting time, do not complete the ledger stochastically, and do not identify physical failure thresholds.",0.993,
D0406,supported at high confidence,,0,,"The constitutive laws carry no basal mortality independent of the support factor; adding one ($\mu_{\mathrm{basal}}N$, stock → detritus) collapses the frozen-biomass face and does not touch Theorems 7–12 or 14.*","The constitutive laws carry no basal mortality independent of the support factor; adding one ($\mu_{\mathrm{basal}} N$, stock $\to$ detritus) collapses the frozen-biomass face and does not touch Theorems 7–12 or 14.*",0.992,
D0448,supported at high confidence,,0,,"Attainment requires closedness: if $\Gamma_{\mathrm{reg}}$ is not closed the supremum may not be attained, and the gap is relative to a supremal fraction, not necessarily to an achievable boundary service.","Attainment requires closedness: if $\Gamma_{\mathrm{reg}}$ is not closed the supremum may not be attained, and the gap is relative to a supremal fraction, not necessarily an achievable boundary service.",0.992,
D0563,supported at high confidence,6.5.4,0,,It is a **removals-only pressure timescale**: the time unit comes from rescaling a stock-reference margin by one isolated gross-loss rate.,It is a removals-only pressure time scale — the time unit comes from rescaling a stock-reference margin by one isolated gross-loss rate.,0.992,
D0284,supported at high confidence,2.5,0,,"Literally harvesting pre-recruit stages *is* a harvest of existing units, and routes to the product and waste fractions. 2.",Literally harvesting pre-recruit stages is a harvest of existing units and routes to the product and waste fractions.,0.991,
D0556,supported at high confidence,6.5.3,0,,"**The vintage is pinned once.** The single pinned source of record is the *Mineral Commodity Summaries* (MCS) 2026 (U.S. Geological Survey, 2026), and every figure this article quotes at pin status is that vintage's — the pinned source's 2025 world-production column ≈ 250,000 kt and Australia's reserves 120,000 kt (JORC-compliant).","The vintage is pinned once: the single pinned source of record is the Mineral Commodity Summaries (MCS) 2026 (U.S. Geological Survey, 2026), and every figure this article quotes at pin status is that vintage's — the pinned source's 2025 world-production column $\approx 250{,}000$ kt and Australia's reserves $120{,}000$ kt (JORC-compliant).",0.99,
D0242,supported at high confidence,2.3,0,,"For one conserved limiting material, the scaffold is instantiated by six compartments — living biomass $X$, detritus or recoverable residual $U$, active abiotic pool $A$, geological or slowly available pool $G$, product or in-use stock $P$, and absorbing or currently unavailable stock $W$ — with eight non-negative primitive fluxes: assimilation $g(X,A)$, mortality $m(X)$, harvest $h(X,E)$, decomposition $d_U(U)$, geological-to-active transfer $e_{GA}(G,A)$, active-to-geological transfer $e_{AG}(A,G)$, direct mining $c_G(G,E_G)$, and product retirement $r_P(P)$.","For one conserved limiting material, the accounting scaffold is instantiated by six compartments — living biomass $X$, detritus or recoverable residual $U$, active abiotic pool $A$, geological or slowly available pool $G$, product or in-use stock $P$, and absorbing or currently unavailable stock $W$ — with eight non-negative primitive fluxes: assimilation $g(X,A)$, mortality $m(X)$, harvest $h(X,E)$, decomposition $d_U(U)$, geological-to-active transfer $e_{GA}(G,A)$, active-to-geological transfer $e_{AG}(A,G)$, direct mining $c_G(G,E_G)$, and product retirement $r_P(P)$.",0.989,
D0353,supported at high confidence,3.5,0,,"The conservatism is visible in the extremes: maximal extraction $qE_{\max}K$ is realizable only at $N=K$, where regeneration vanishes, and maximal recharge coincides with minimal extraction — box extremes the coupled dynamics cannot realize jointly.","The conservatism is visible in the extremes: the maximal extraction $qE_{\max}K$ is realizable only at $N = K$, where regeneration vanishes, and maximal recharge coincides with minimal extraction — box extremes the coupled dynamics cannot realize jointly.",0.987,
D0362,supported at high confidence,3.6,0,,Exhaustion of a compartment requires one of: a boundary outflow; an irreversible conversion into an uncounted or unavailable form; destruction of the relevant function; or a barrier defined on a particular compartment rather than on the total moiety.,"Exhaustion of a compartment requires a boundary outflow, an irreversible conversion into an uncounted or unavailable form, destruction of the relevant function, or a barrier defined on a particular compartment rather than on the total moiety.",0.986,
D0473,supported at high confidence,6.1,0,,"This false-implication record is the first rung of the taxonomy, and it governs every application below.",This false-implication record is the first rung of the taxonomy and governs every application below.,0.985,
D0363,supported at high confidence,3.6,0,,"Whether ""exhaustion"" refers to the total conserved moiety, a compartment stock, an accessible or functional stock, a stock above a lower barrier, or an economically recoverable reserve — these are different quantities, and the theorem must specify which (§6.4).","Whether ""exhaustion"" refers to the total conserved moiety, a compartment stock, an accessible or functional stock, a stock above a lower barrier, or an economically recoverable reserve — these are different quantities, and the theorem must specify which (Section 6.4).",0.984,
D0155,supported at high confidence,1.2,0,,The scenario-conditioned hitting time of Section 6.5.2 exists to give that drift a horizon.,The scenario-conditioned hitting time of Section 6.5.2 exists to give the drift a horizon.,0.983,
D0167,signposting: asserts nothing,1.2,0,,No stochastic completion of the ledger is claimed: the surrogate processes of Section 7 do not conserve the ledger's mass and are not small perturbations of its dynamics.,No stochastic completion of the ledger is claimed: the surrogate processes of Section 7 do not conserve the ledger's mass and are not perturbations of its dynamics.,0.982,
D0238,supported at high confidence,2.2,0,,The full seven-compartment incidence is the nested completion of this four-block routing.,The full seven-compartment incidence is the nested completion of the four-block routing.,0.982,
D0427,supported at high confidence,4.9,0,,"The portrait is the source object handed to the interface of §9: the closed system's candidate long-time set is the rest set of Theorem 13, and the budget of Theorem 14 bounds how long any positive-flux configuration can persist.","The portrait is the source object handed to the interface of Section 9: the closed system's candidate long-time set is the rest set of Theorem 13, and the budget of Theorem 14 bounds how long any positive-flux configuration can persist.",0.982,
D0689,supported at high confidence,10.1,0,,In the terms of the ecological-economics literature of §1.1: componentwise adequacy on the typed ledger is **strong sustainability as a conjunctive predicate**; a positive weighted sum is **weak sustainability as a ranking device**.,"In the terms of the ecological-economics literature of Section 1.1, componentwise adequacy on the typed ledger is strong sustainability as a conjunctive predicate; a positive weighted sum is weak sustainability as a ranking device.",0.982,
D0391,supported at high confidence,4.4,0,,"**Theorem 11 (Forward invariance of the six-compartment cone).** *Under the donor boundary assumptions of §2.3 — each primitive flux vanishes when its donor is empty, fluxes continuous in effort and locally Lipschitz in the state — $\mathbb R^6_+$ is forward invariant for the six-compartment system.*","**Theorem 11 (Forward invariance of the six-compartment cone).** *Under the donor boundary assumptions of Section 2.3 (each primitive flux vanishes when its donor is empty, fluxes continuous in effort and locally Lipschitz in the state), $\mathbb{R}^6_+$ is forward invariant for the six-compartment system.*",0.98,
D0699,supported at high confidence,10.3,0,,The classification results of §6.5 are negative results stated as such: the anomaly index is not a stock ratio; the reserve-life ratio is not a forecast; the removals-only time is not a depletion diagnostic.,The classification results of Section 6.5 are negative results stated as such: the anomaly index is not a stock ratio; the reserve-life ratio is not a forecast; the removals-only time is not a depletion diagnostic.,0.98,
D0484,supported at high confidence,6.2,0,,"Its companion is the one-sided exhaustion proposition of §3.6, whose counterexample — proportional extraction never exhausts in finite time — shows that the uniform margin $\varepsilon>0$ is load-bearing in both directions.","Its companion is the one-sided exhaustion proposition of Section 3.6, whose counterexample — proportional extraction never exhausts in finite time — shows that the uniform margin $\varepsilon > 0$ is load-bearing in both directions.",0.977,
D0630,signposting: asserts nothing,8.3,0,,"That distinction is the extractor-side counterpart of the accounting discipline of §6: **instrument parameters and constraint thresholds are different objects, and no tax schedule substitutes for a constraint the ledger must satisfy.**","The distinction is the extractor-side counterpart of the accounting discipline of Section 6: instrument parameters and constraint thresholds are different objects, and no tax schedule substitutes for a constraint the ledger must satisfy.",0.976,
D0151,signposting: asserts nothing,1.2,0,,"The ledger keeps stock compartments first-class, and it supplies the thresholds, hitting times and sink constraints from which $B$ is derived.","The ledger keeps the stock compartments first-class and supplies the thresholds, hitting times, and sink constraints from which $B$ is derived.",0.974,
D0315,supported at high confidence,3.1,0,,"**The implication for industrial-ecology measurement.** Mass-balance closure, stoichiometric consistency and barrier compliance must each be audited separately.","The implication for industrial-ecology measurement is that mass-balance closure, stoichiometric consistency, and barrier compliance must each be audited separately.",0.974,
D0715,supported at high confidence,11,0,,"The weak and strong regimes of §1.1 are two readings of one typed stock–flow ledger, distinguished by whether the material cycle closes at the rate of use; that reading is developed once, in the introduction, and is not re-argued here.","The weak and strong regimes of Section 1.1 are two readings of one typed stock–flow ledger — distinguished by whether the material cycle closes at the rate of use; the reading is developed once, in the introduction, and is not re-argued here.",0.974,
D0510,supported at high confidence,6.5.1,0,,"The Global Gravity-based Groundwater Product (G3P v1.12; Güntner et al., 2024; the GRACE line it descends from is Tapley et al., 2004) provides monthly **groundwater-storage anomalies relative to a reference period**, not absolute aquifer volumes.","The Global Gravity-based Groundwater Product (G3P v1.12; Güntner et al., 2024; the GRACE line it descends from is Tapley et al., 2004) provides monthly groundwater-storage anomalies relative to a reference period rather than absolute aquifer volumes.",0.97,
D0600,supported at high confidence,7.5,0,,"The construction joins the removals-only classification of §6.5.4 — the same pure-decay process, now under a declared stochastic surrogate.","The construction joins the removals-only classification of Section 6.5.4 — the same pure-decay process, now under a declared stochastic surrogate.",0.97,
D0225,supported at high confidence,,0,,"With $A_0>0$ and $A_{g0}>0$ the right-hand side of (2) is locally Lipschitz on the closed orthant, and the comparison $\dot N\le rN(1-N/K)$, with $\dot N\le0$ once $N\ge K$, bounds the stock by $\max\{N(0),K\}$.","With $A_0 > 0$ and $A_{g0} > 0$ the right-hand side of (2) is locally Lipschitz on the closed orthant, and the comparison $\dot N \le rN(1 - N/K)$ (with $\dot N \le 0$ once $N \ge K$) bounds the stock by $\max\{N(0), K\}$.",0.968,
D0259,supported at high confidence,2.4,0,,"This balance is an exact specialization of the incidence discipline of §2.1: every internal transfer cancels in the column sum, and the boundary terms survive as the ledger's declared inputs and outputs.","This mass balance is an exact specialization of the incidence discipline of Section 2.1: every internal transfer cancels in the column sum, and the boundary terms survive as the ledger's declared inputs and outputs.",0.968,
D0520,supported at high confidence,6.5.1,0,,The anomaly series measures the stored stock as observed at the access point; it measures neither the access infrastructure nor the recharge.,The anomaly series is a measure of the stored stock as observed at the access point; it measures neither the access infrastructure nor the recharge.,0.968,
D0076,supported at high confidence,1.1,0,,Whether its drawdown is recoverable is a property of the rate.,Whether a drawdown is recoverable is a property of the rate.,0.967,
D0374,supported at high confidence,,0,,"The mined fraction routes out of the four-coordinate natural block; the full-ledger theorems of §4.2–4.3 record the mining column as an internal transfer between compartments outside the block — consistent because the **block** boundary, not the **ledger** boundary, is crossed. $\blacksquare$","The mined fraction routes out of the four-coordinate natural block; the full-ledger theorems of Sections 4.2–4.3 record the mining column as an internal transfer between compartments outside the block — consistent because the block boundary, not the ledger boundary, is crossed. □",0.963,
D0412,supported at high confidence,4.7,0,,This is the finite-budget fact that §9 turns into the non-reduction boundary with the open working system.,This is the finite-budget fact that Section 9 turns into the non-reduction boundary with the open working system.,0.962,
D0414,supported at high confidence,,0,,"**Conditional Theorem 15 (Hybrid moiety balance).** *Let $\chi$ denote the hybrid state and $\eta\ge0$ its primitive-flux vector — letters local to this statement, chosen so that $r$ stays the growth rate of §2.2 and $\nu$ a macro parameter of §5.4.","**Conditional Theorem 15 (Hybrid moiety balance).** *Let $\chi$ denote the hybrid state and $\eta \ge 0$ its primitive-flux vector — letters local to this statement, chosen so that $r$ stays the growth rate of Section 2.2 and $\nu$ a macro parameter of Section 5.4.",0.961,
D0656,supported at high confidence,9,0,,"The five reasons form a trichotomy: **(1)–(3)** are short-time obstructions — the two $A_{\mathrm{act}}$ fields differ by $\kappa_AK-\gamma_UU$ at the same state, which is $O(1)$ at the working point's quasi-rest detritus level ($\approx0.535$) and at most $\kappa_AK=O(5)$ (at $U=0$), and trajectories of the two systems diverge on $O(1)$ timescales; **(5)** is the long-time obstruction — extraction on the closed ledger is $L^1$ in time (Theorem 14); **(4)** is neither — $\varepsilon_G$ is not a tracking error between the two fields at any timescale.","The five reasons form a trichotomy: (1)–(3) are short-time obstructions — the two $A^{\mathrm{act}}$ fields differ by $\kappa_A K - \gamma_U U$ at the same state, which is $O(1)$ at the working point's quasi-rest detritus level ($\approx 0.535$) and at most $\kappa_A K = O(5)$ (at $U = 0$), and trajectories of the two systems diverge on $O(1)$ time scales; (5) is the long-time obstruction — extraction on the closed ledger is $L^1$ in time (Theorem 14); (4) is neither — $\varepsilon_G$ is not a tracking error between the two fields at any time scale.",0.96,
D0075,supported at high confidence,1.1,0,,The size of a pool is a property of the resource.,The size of the pool is a property of the resource.,0.959,
D0050,supported at high confidence,1.1,0,,"The systems-dynamics overshoot models raise the same aggregation question in a moving form (Meadows et al., 1972).","The systems-dynamics overshoot models raise the same aggregation question in dynamic form (Meadows et al., 1972).",0.958,
D0186,signposting: asserts nothing,2.1,0,,This section sets out the discipline that makes conservation a property of the structure rather than an assumption.,This section sets out the incidence discipline that makes conservation a property of the structure rather than an assumption.,0.958,
D0248,supported at high confidence,2.3,0,,Coupled multi-element accounts need additional typed rows and a conservation matrix.,Coupled multi-element accounts require additional typed rows and a conservation matrix.,0.958,
D0166,signposting: asserts nothing,1.2,0,,**What is not claimed.** The article is as explicit about what it does not establish.,**What is not claimed.** The article is equally explicit about what it does not establish.,0.957,
D0283,supported at high confidence,2.5,0,,**The mass-routing discipline** is the same typing made explicit.,The mass-routing discipline is the typing made explicit.,0.956,
D0404,supported at high confidence,,0,,"With $E>0$ constant, no interior rest point (with $N^*>0$) exists (Theorem 12); the extinction face $\mathsf R_{\mathrm{ext}}$ of this set persists at positive effort, because extraction $qEN$ vanishes identically at $N=0$, and it is a boundary rest rather than an interior one.","With $E > 0$ constant, no interior rest point (with $N_* > 0$) exists (Theorem 12); the extinction face $\mathcal{R}_{\mathrm{ext}}$ of this set persists at positive effort, because extraction $qEN$ vanishes identically at $N = 0$, and it is a boundary rest rather than an interior one (Section 4.6).",0.955,
D0700,supported at high confidence,10.3,0,,The non-reduction boundary of §9 is a rejected mapping with five mathematical reasons.,The non-reduction boundary of Section 9 is a rejected mapping with five mathematical reasons.,0.954,
D0686,supported at high confidence,10.1,0,,The reading is the algebraic form of the weak-comparability thesis stated in §1.1.,The reading is the algebraic form of the weak-comparability thesis stated in Section 1.1.,0.951,
D0570,supported at high confidence,7.1,0,,The public-data quantities of §6.5 are constructed proxies on observed series.,The public-data quantities of Section 6.5 are constructed proxies on observed series.,0.949,
D0613,supported at high confidence,7.8,0,,"The inverse-Gaussian results condition on the drift, the barrier and the noise scale.","The inverse-Gaussian results condition on the drift, barrier, and noise scale.",0.949,
D0110,supported at high confidence,1.1,0,,"The United States' phosphate reserves have stayed near 1,000,000 kt for decades, while cumulative production since 1996 is of the order of 600,000 kt.","The United States' phosphate reserves have remained near $1{,}000{,}000$ kt for decades while cumulative production since 1996 is of order $600{,}000$ kt.",0.947,
D0219,supported at high confidence,2.2,0,,Net regeneration is the difference of two non-negative primitives — gross regeneration $rNs$ (support → stock) and density-dependent return $rN^2s/K$ (stock → support) — so (2) stays inside the primitive-flux discipline of §2.1 despite the signed entry.,Net regeneration is the difference of two non-negative primitives — gross regeneration $rNs$ (support $\to$ stock) and density-dependent return $rN^2 s/K$ (stock $\to$ support) — so (2) stays within the primitive-flux discipline of Section 2.1 despite the signed entry.,0.947,
D0546,supported at high confidence,6.5.2,0,,"It is exhibited as the worked instance of the non-compensation boundary of §10.1: a positive aggregate coexisting with componentwise deficits by construction — admissible as communication, **inadmissible as certification**.","The score is exhibited here as the worked instance of the noncompensation boundary of Section 10.1: a positive aggregate coexisting with componentwise deficits by construction — admissible as communication, inadmissible as certification.",0.946,
D0399,signposting: asserts nothing,4.5,0,,"In particular the working point $(N^*,A_{\mathrm{act}}{}^*)=(89.526,\,397.87)$ **is not** a rest point at $E=E^*\approx2.090$: $\dot N=0$ holds there by construction ($R^*=qE^*N^*\approx0.187>0$), and the rest condition of the proof fails on the abiotic pair.*","In particular the working point $(N^*, A^{\mathrm{act}*}) = (89.526, 397.87)$ is not a rest point at $E = E^* \approx 2.090$: $\dot N = 0$ holds there by construction ($R^* = qE^*N^* \approx 0.187 > 0$), and the rest condition of the proof below fails on the abiotic pair.*",0.944,
D0165,supported at high confidence,1.2,0,,"The boundary is the non-reduction theorem: there is no exact dynamic reduction from the closed ledger to the open working system, for five stated mathematical reasons.","The boundary is the non-reduction theorem: no exact dynamic reduction from the closed ledger to the open working system, for five stated mathematical reasons (Section 9).",0.942,
D0152,supported at high confidence,1.2,0,,"The scalar reading is the operational overshoot test, run on top of that.",The scalar reading is the operational overshoot test on top of it.,0.941,
D0193,supported at high confidence,,0,,"A ledger state $x\in\mathbb{R}^m_+$ collects compartments, and each entry carries a material identity, a spatial support and a physical unit.","A ledger state $x \in \mathbb{R}^m_+$ collects compartments, each entry carrying a material identity, spatial support, and physical unit.",0.941,
D0654,supported at high confidence,,0,,"At the same state the closed primitive donor flow is $e_{GA}-e_{AG}=\omega_A(A_{\mathrm{eq,intrinsic}}-A_{\mathrm{act},*})\approx-0.348$: **the donor gains in the closed ledger where the working completion has it losing 4.652** — the two fields have opposite signs on the donor coordinate, not merely different magnitudes.","At the same state the closed primitive donor flow is $e_{GA} - e_{AG} = \omega_A(A^{\mathrm{eq,intrinsic}} - A^{\mathrm{act,*}}) \approx -0.348$: the donor gains in the closed ledger where the working completion has it losing $4.652$ — the two fields have opposite signs on the donor coordinate, not merely different magnitudes.",0.94,
D0522,supported at high confidence,6.5.1,0,,"The index is exactly the record-relative object analysed in §7.3, and its interpretive boundary is that record-relativity (§7.7).","The index is exactly the record-relative object analysed in Section 7.3, and its interpretive boundary is that record-relativity (Section 7.7).",0.937,
D0675,supported at high confidence,10.1,0,,In short: a positive weighted sum never certifies componentwise non-negativity.,A positive weighted sum never certifies componentwise nonnegativity.,0.937,
D0254,supported at high confidence,2.4,0,,A second exact specialization closes a resource–sink system by adding a nutrient stock and a product stock.,A second exact specialization closes a resource–sink system with a nutrient stock and product stock.,0.936,
D0465,signposting: asserts nothing,6,0,,The ledger supplies the net active-pool derivative needed to tell gross throughput apart from net decline and from a model-conditioned threshold time.,The ledger supplies the net active-pool derivative needed to distinguish gross throughput from net decline and from a model-conditioned threshold time.,0.936,
D0532,supported at high confidence,6.5.2,0,,"The archived 43-stock cohort is reproduced by **neither** public RAM Legacy release — S5's version-sensitivity record, cross-referenced here, is the retraction and the row-by-row re-verification — and the v4.66 public-release broad-cohort reading (454 stocks, median 3.39 yr) is the primary public-release comparison, executed in S5 and detailed below.","Two disclosures accompany the headline value: the archived 43-stock cohort is reproduced by neither public RAM Legacy release — S5's version-sensitivity record, cross-referenced here, is the retraction and the row-by-row re-verification — and the v4.66 public-release broad-cohort reading (454 stocks, median $3.39$ yr) is the primary public-release comparison, executed in S5 and detailed below.",0.936,
D0568,supported at high confidence,6.5.4,0,,"**The collective implication for material-flow measurement.** The three published ""depletion time"" numbers — G3P index, phosphate reserve-life, fisheries removals-only time — answer three distinct questions at three distinct evidentiary levels.","The collective implication for material-flows measurement is that the three published ""depletion time"" numbers — G3P index, phosphate reserve-life, fisheries removals-only time — answer three distinct questions at three distinct evidentiary levels.",0.934,
D0236,supported at high confidence,2.2,0,,"When product, waste and the inert sink are restored with the same donor-limited routing, the full ledger $N+A_{\mathrm{act}}+A_{\mathrm{geo}}+U+P+W+I$ is closed (§4.2).","When product, waste, and the inert sink are restored with the same donor-limited routing, the full ledger $N + A^{\mathrm{act}} + A^{\mathrm{geo}} + U + P + W + I$ is closed (Section 4.2).",0.933,
D0572,supported at high confidence,,0,,**Definition 6 (Observed-drift Brownian surrogate).** *Let $A_0$ (local to §7.2–7.4; **not** the half-saturation constant of §2.2) be the latest observed anomaly and $\mu=\hat\mu<0$ the fitted drawdown rate.,**Definition 6 (Observed-drift Brownian surrogate).** *Let $A_0$ (local to Sections 7.2–7.4; not the half-saturation constant of Section 2.2) be the latest observed anomaly and $\mu = \widehat\mu < 0$ the fitted drawdown rate.,0.933,
D0489,supported at high confidence,6.3,0,,The lower-barrier setting of §6.1 is one half of the story.,The lower-barrier setting of Section 6.1 is one half of the story.,0.932,
D0701,supported at high confidence,10.3,0,,The sink obstructions of §2.4 are empty-kernel mechanisms.,The sink obstructions of Section 2.4 are empty-kernel mechanisms.,0.931,
D0111,supported at high confidence,1.1,0,,"The classification refills itself, and any ratio built on it inherits that behaviour.","The classification replenishes itself, and a ratio built on it inherits that behaviour.",0.929,
D0649,supported at high confidence,9,0,,"1. **Different targets.** The primitive ledger uses the intrinsic donor-limited target $A_{\mathrm{eq,intrinsic}}$; the working system uses the derived target $A_{\mathrm{eq},W}=A_{\mathrm{eq,intrinsic}}+\kappa_AK/\omega_A$.","The primitive ledger uses the intrinsic donor-limited target $A^{\mathrm{eq,intrinsic}}$; the working system uses the derived target $A^{\mathrm{eq,W}} = A^{\mathrm{eq,intrinsic}} + \kappa_A K/\omega_A$.",0.929,
D0265,supported at high confidence,2.4,0,,"In both cases the viability kernel (Aubin, 1991) of the constraint set $\{\mathsf S\ge \mathsf S_{\min},\,0\le K\le K_{\max}\}$ — the states from which *some* admissible harvest keeps both constraints forever — **is empty**.","In both cases the viability kernel (Aubin, 1991) of the constraint set $\{S \ge S_{\min},\ 0 \le K \le K_{\max}\}$ — the states from which some admissible harvest keeps both constraints for all time — is empty.",0.928,
D0182,signposting: asserts nothing,2,0,,The table below sits at the head of Section 2 so that every alias is declared before it is used.,The table sits at the head of Section 2 so that every alias is declared before use:,0.927,
D0378,supported at high confidence,4.2,0,,"The seven-compartment incidence claimed by Theorem 8 is displayed here — in the compartment order of its statement, with the closed block's primitive fluxes, the pattern of the six-compartment $S(\alpha,\rho_P)$ of Theorem 9 with the inert column (no outflow from the inert compartment) appended, and the harvest column split by $(\alpha,1-\alpha)$.","The seven-compartment incidence claimed by Theorem 8 — in the compartment order of its statement, with the closed block's primitive fluxes, the pattern of the displayed six-compartment $S(\alpha, \rho_P)$ of Theorem 9 with the inert column (no outflow from the inert compartment) appended and the harvest column split by $(\alpha, 1-\alpha)$ — is displayed here.",0.926,
D0272,supported at high confidence,2.4,0,,"For material-flow accounting this is the precise sense in which a ""balanced"" mass ledger can still be **physically inadmissible**: the bookkeeping is exact, but no harvest schedule respects the resource floor and the sink ceiling at the same time.","For material-flows accounting this is the precise sense in which a ""balanced"" mass ledger can still be physically inadmissible: the bookkeeping is exact, but no harvest schedule respects both the resource floor and the sink ceiling simultaneously.",0.925,
D0331,supported at high confidence,,0,,"**Proposition 4 (Conservation-law reduction).** *If $\ell^{\top}S^{\top}=0$ for some vector $\ell\in\mathbb R^n$, then $\ell^{\top}x(t)=\ell^{\top}x(0)+\int_0^t\ell^{\top}b(\tau)d\tau$; in a closed system ($b=0$), $\ell^{\top}x$ is invariant.*","**Proposition 4 (Conservation-law reduction).** *If $\ell^\top S_{\mathcal{T}} = 0$ for some vector $\ell \in \mathbb{R}^n$, then* $$\ell^\top x(t) = \ell^\top x(0) + \int_0^t \ell^\top b(\tau) d\tau;$$ *in a closed system ($b = 0$), $\ell^\top x$ is invariant.*",0.925,
D0384,supported at high confidence,4.3,0,,"**Theorem 9 (Six-compartment conservation).** *For the system of §2.3, $\tfrac{d}{dt}\mathbb 1^{\top}z=0$; the total mass $M_6=X+U+A+G+P+W$ is constant along every trajectory on which the classical solution is defined.*","**Theorem 9 (Six-compartment conservation).** *For the system of Section 2.3, $\frac{d}{dt}\mathbf{1}^\top z = 0$; the total mass $M_6 = X + U + A + G + P + W$ is constant along every trajectory on which the classical solution is defined.*",0.925,
D0551,supported at high confidence,6.5.3,0,,"It is **not a physical exhaustion forecast**, because reserve classification changes with prices, technology, exploration and regulation — the point made independently, and forcefully, by Illakwahhi, Vegi and Srivastava (2024) for the single-source USGS data behind the influential phosphate depletion estimates, and standard in mineral economics, where reserves have grown through a century of rising production for copper (Tilton, 2003; Tilton and Lagos, 2007).","The arithmetic is internally consistent as a reserve-life ratio to zero; it is not a physical exhaustion forecast, because reserve classification changes with prices, technology, exploration, and regulation — the point made independently, and forcefully, by Illakwahhi, Vegi, and Srivastava (2024) for the single-source USGS data behind the influential phosphate depletion estimates, and standard in mineral economics, where reserves have grown through a century of rising production for copper (Tilton, 2003; Tilton and Lagos, 2007).",0.925,
D0611,supported at high confidence,7.7,0,,"The gross active-pool horizon $\mathcal H^{\mathrm{gross}}_A$ of Definition 3 and its productivity-illusion interpretation — the misreading of a large gross-turnover horizon as evidence of slow net depletion, the false implication recorded in §6.1 — are not first-passage results treated here. 7.","The gross active-pool horizon $H_A^{\mathrm{gross}}$ of Definition 3 and its productivity-illusion interpretation — the misreading of a large gross-turnover horizon as evidence of slow net depletion, the false implication recorded in Section 6.1 — are not first-passage results treated here. 7.",0.924,
D0119,supported at high confidence,1.1,0,,A ledger that satisfies all declared barriers can fail conservation.,A ledger satisfying all declared barriers can fail conservation.,0.923,
D0150,supported at high confidence,1.2,0,,"Both readings are needed, and neither demotes stocks.","Both readings are required, and neither demotes stocks.",0.923,
D0118,supported at high confidence,1.1,0,,A chemically consistent ledger can break every declared barrier.,A chemically consistent ledger can violate every declared barrier.,0.922,
D0143,supported at high confidence,1.2,0,,"In ledger terms a substitute is one of two things: a recycled or recovered flux returned to the regenerating pool, or a non-renewable drawdown taken from a second compartment.","In ledger terms, a substitute is either a recycled or recovered flux returned to the regenerating pool, or a non-renewable drawdown on a second compartment.",0.916,
D0309,supported at high confidence,3.1,0,,The logical relations between them are the content of the next two propositions.,The logical relations are the content of the next two propositions.,0.91,
D0072,supported at high confidence,1.1,0,,A draw that falls on the pool itself is liquidation.,One that falls on the pool itself is liquidation.,0.909,
D0373,supported at high confidence,4.1,0,,"The identity is stated for the declared harvest routing $\alpha=0$ of §2.2; with a detritus-routed harvest fraction $\alpha>0$ the block export is $(1-\alpha)qEN$ and the identity reads $\dot M=-(1-\alpha)qEN-C_{A,\mathrm{lim}}$.*","The identity is stated for the declared harvest routing $\alpha = 0$ of Section 2.2; with a detritus-routed harvest fraction $\alpha > 0$ the block export is $(1-\alpha)qEN$ and the identity reads $\dot M = -(1-\alpha)qEN - C^{A,\mathrm{lim}}$.*",0.905,
D0260,supported at high confidence,2.4,0,,**Sink obstructions that do not care what the stock does.** The mass balance has a sink-side physical reading with two empty-kernel mechanisms that operate whatever the resource stock does.,**Sink obstructions independent of the stock.** The mass balance has a sink-side physical reading with two empty-kernel mechanisms that operate whatever the resource stock does.,0.903,
D0643,supported at high confidence,9,0,,"The shared object includes the non-negative orthant and the sign pattern of harvest as an outflow from the living stock. **A companion model that routes the ""unsustainable portion"" of a flow into a different compartment changes the incidence and thereby leaves the interface** (§2.5).","The contract fixes more than the deficit identity: the shared object includes the nonnegative orthant and the sign pattern of harvest as an outflow from the living stock — a companion model that routes the ""unsustainable portion"" of a flow into a different compartment changes the incidence and thereby leaves the interface (Section 2.5).",0.902,
D0319,supported at high confidence,,0,,The force of that conjunction is the subject of §10.1.,The force of the conjunction is the subject of Section 10.1.,0.899,
D0467,supported at high confidence,6,0,,"They are not, and the worked instances below make the differences explicit.","They are not, and the worked instances of this section make the differences explicit.",0.897,
D0702,supported at high confidence,10.3,0,,"A quantity that answers exactly one question, stated with that question, **is** the framework working — and the framework's claim about itself is limited to the accounting layer it establishes.","None of these is a failure of the framework: a quantity that answers exactly one question, stated with that question, is the framework working — and the framework's claim about itself is limited to the accounting layer it establishes.",0.893,
D0385,supported at high confidence,4.3,0,,**Two scope notes are part of the theorem.** The conservation argument applies to the *expanded typed incidence system* when quality grades are split — not automatically to an undifferentiated quality-neutral loop.,The conservation argument applies to the expanded typed incidence system when quality grades are split — not automatically to an undifferentiated quality-neutral loop.,0.891,
D0204,supported at high confidence,,0,,"Every primitive outflow must vanish or be limited when its donor compartment is empty, and a target-relaxation flux from a finite donor is admissible **only after** donor limitation is made explicit.","Third, forward invariance is a separate requirement: every primitive outflow must vanish or be limited when its donor compartment is empty, and a target-relaxation flux from a finite donor is admissible only after donor limitation is made explicit.",0.883,
D0187,signposting: asserts nothing,2.1,0,,The ledger separates four ideas that accounting practice tends to merge.,The ledger separates four concepts that accounting practice often merges.,0.881,
D0423,supported at high confidence,4.9,0,,"Formal cancellation coexists with boundary failure elsewhere in the same template (its geological exchange is **not** donor-limited), and the cancellation by itself establishes nothing about admissibility.","The identity is retained precisely for its discipline: formal cancellation coexists with boundary failure elsewhere in the same template (its geological exchange is not donor-limited), and the cancellation by itself establishes nothing about admissibility.",0.879,
D0057,supported at high confidence,1.1,0,,"It is the compensatory-aggregation failure above: a deficit in one component is offset by a surplus in another, and a positive aggregate reads as adequacy.","The first is arithmetic and is the compensatory-aggregation failure above — a deficit in one component offset by a surplus in another, so that a positive aggregate reads as adequate.",0.875,
D0509,supported at high confidence,6.5.1,0,,The G3P column of the matrix is the groundwater case.,The G3P column of the classification matrix is the groundwater case.,0.874,
D0060,supported at high confidence,1.1,0,,"A measured yield can exceed the true sustainable yield when it is held up by drawing down the support pool — groundwater, soil carbon, available nutrients — instead of by the pool's own regrowth.","A measured yield can exceed the true sustainable yield when it is maintained by drawing down the support pool — groundwater, soil carbon, bioavailable nutrients — rather than by that pool's regeneration.",0.865,
D0056,supported at high confidence,1.1,0,,"The illusion has two senses, and they are distinct.","It has two senses, and they are distinct.",0.864,
D0159,supported at high confidence,1.2,0,,"1. **A typed primitive-flux ledger.** *(definitions; §2)* Every compartment has a material identity, a boundary and a unit.","1. **A typed primitive-flux ledger.** Compartments carry a material identity, a boundary, and a unit.",0.864,
D0576,supported at high confidence,,0,,"It is not a hydrological constitutive law, is not mass-conserving, and is not a perturbation or stochastic completion of the ledger's active-pool equation or of the finite-donor primitive system of §2.2. **The non-completion non-claim is part of the definition.***","It is not a hydrological constitutive law, is not mass-conserving, and is not a perturbation or stochastic completion of the ledger's active-pool equation or of the finite-donor primitive system of Section 2.2.",0.864,
D0103,supported at high confidence,1.1,0,,"A reserve-life ratio is arithmetic: reserves left, divided by current production.",Reserve-life ratios are arithmetic: remaining reserves divided by current production.,0.855,
D0483,supported at high confidence,6.2,0,,"It fails when depletion reverses, when the rate approaches zero, or when feedback moves the trajectory outside the declared rate bounds.","This is a local diagnostic only: it fails when depletion reverses, the rate approaches zero, or feedback moves the trajectory outside the declared rate bounds.",0.854,
D0113,supported at high confidence,1.1,0,,"**The same conflation runs through accounting itself.** Material flow analysis supplies the bookkeeping of a society's material throughput (Brunner and Rechberger, 2004; Eurostat, 2001; Fischer-Kowalski et al., 2011).","Material flow analysis supplies the bookkeeping of society's material throughput (Brunner and Rechberger, 2004; Eurostat, 2001; Fischer-Kowalski et al., 2011).",0.848,
D0090,supported at high confidence,1.1,0,,The asymmetry that makes this second sense dangerous has a mechanical picture.,The temporal asymmetry that makes the yield-inflation sense dangerous has a mechanical picture.,0.847,
D0410,signposting: asserts nothing,4.7,0,,"A constant extraction flux $c>0$ — a comparison flux only, not a donor-limited primitive the ledger's own discipline admits as a sustained law — exhausts the budget in finite time ($M$ reaches its lower bound no later than $M(0)/c$), while proportional extraction $qEN$ need not drive $M$ to zero in finite time.","A constant extraction flux $c > 0$ — a comparison flux only, not a donor-limited primitive the ledger's own discipline admits as a sustained law — exhausts the budget in finite time ($M$ reaches its lower bound no later than $M(0)/c$), while proportional extraction $qEN$ need not drive $M$ to zero in finite time — the integral bound of the theorem is the whole statement, and the hitting time of $M = 0$ may be infinite.",0.846,
D0114,supported at high confidence,1.1,0,,"Its wiring is shared with reaction-network theory, where the signs in the stoichiometric matrix are themselves a conservation object (Feinberg, 2019).","Its incidence structure is shared with reaction-network theory, where the sign pattern of the stoichiometric matrix is a conservation object (Feinberg, 2019).",0.845,
D0144,supported at high confidence,1.2,0,,"They are different entries, and they carry different statuses (Sections 2.3 and 6).","The two are different ledger entries and carry different statuses (Section 2.3, Section 6).",0.841,
D0053,supported at high confidence,1.1,0,,"A third failure mode is what we call the **productivity illusion**: the appearance that a system is producing enough, while the base that lets it produce is being reduced.",A further failure mode is what we call the *productivity illusion*: the appearance that a system is delivering adequately while the base that sustains the delivery is being reduced.,0.839,
D0104,supported at high confidence,1.1,0,,"Because reserves are an *economic* classification — they move with price, technology, exploration, and regulation — the quotient is not an exhaustion forecast.","Because reserves are an economic classification that changes with prices, technology, exploration, and regulation — not a fixed physical stock — the ratio is not an exhaustion forecast.",0.836,
D0524,supported at high confidence,6.5.2,0,,"Rows marked with a dagger (†) are quarantined and must not be taken at face value: the Australia phosphate row dates to a pre-2026 reserve vintage (§6.5.3), and the Indo-Gangetic groundwater magnitude sits an order of magnitude beyond published basin-mean trends (the quarantine note below).","Rows marked with a dagger (†) are quarantined and must not be taken at face value: the Australia phosphate row dates to a pre-2026 reserve vintage (§6.5.3), and the Indo-Gangetic groundwater magnitude sits an order of magnitude beyond published basin-mean trends (the quarantine note below); both are retained only as worked instances of the constructions, and neither enters any classification below.",0.836,
D0142,supported at high confidence,1.2,0,,No substitute counts just because an aggregate production function or a weighted index allows it.,No substitute is admitted merely because an aggregate production function or a weighted index permits it.,0.83,
D0184,supported at high confidence,2.1,0,,Unlike substances must be tracked separately.,Heterogeneous substances must be tracked separately.,0.821,
D0185,supported at high confidence,2.1,0,,Conversions between chemical forms must be written out.,Conversions between chemical forms must be made explicit.,0.818,
D0458,supported at high confidence,5.4,0,,"The collapse is a **property of the specialization**, not a definition of liquidation on the unreduced ledger.","The collapse is a property of the specialization, not a definition of liquidation on the unreduced ledger; the general diagnostic remains $C - \widehat{M}^\top S$.",0.812,
D0071,supported at high confidence,1.1,0,,A draw that falls on the pool's regrowth is sustained use.,A use that falls on the pool's regeneration is sustained.,0.811,
D0449,supported at high confidence,,0,,The **non-interpretation discipline** is equally part of the definition: the statement neither subtracts raw material from service nor proves that a physical stock is declining.,The non-interpretation discipline is equally part of the definition: the statement neither subtracts raw material from service nor proves that a physical stock is declining; net depletion still requires a negative stock balance or a trajectory argument.,0.811,
D0396,supported at high confidence,4.5,0,,**Theorem 12 (No interior rest at positive effort).** *Assume (H1) $E\equiv E^*>0$ is constant.,**Theorem 12 (No interior rest at positive effort).** *Assume:*,0.809,
D0042,supported at high confidence,1.1,0,,"The literatures on composite indicators and on weak versus strong sustainability document both the failure and the non-compensatory fixes that have been proposed (Munda and Nardo, 2009; Ekins et al., 2003; Neumayer, 2013).","The composite-indicator and weak-versus-strong-sustainability literatures document the failure and its noncompensatory remedies (Munda and Nardo, 2009; Ekins et al., 2003; Neumayer, 2013).",0.806,
D0439,supported at high confidence,,0,,"A stock can meet current demand while declining toward a threshold, and a stock below a desired level can have a positive current balance while recovering.","It does not by itself imply that the underlying trajectory is sustainable: a stock can meet current demand while declining toward a threshold, and a stock below a desired level can have a positive current balance while recovering.",0.805,
D0659,supported at high confidence,9,0,,"The permitted relation is analogy for shared mechanism language, plus diagnostic reconstruction of omitted mass flows.",The mapping type for exact dynamic reduction is rejected; the permitted relation is analogy for shared mechanism language plus diagnostic reconstruction of omitted mass flows.,0.803,
D0680,supported at high confidence,10.1,0,,"The compensating pattern is constructible against **any** weight, so the failure is universal to the method of weighted certification.","The conditional form is not an accident of a particular domain: the compensating pattern is constructible against *any* weight, so the failure is universal to the method of weighted certification.",0.803,
D0453,supported at high confidence,,0,,"with $C$ the operative extraction-law readout and $\hat M$ the declared demand-coverage matrix mapping the moiety readout $S=Cx$ — the composition matrix $C$ of Lemma 3, **a different object from the coverage vector $C(t)$ despite the shared letter** — into the units of that coverage vector: rows indexed by covered services, columns by moieties, entries the declared stoichiometric coefficients of the coverage convention.","On the unreduced ledger the physical deficit is the diagnostic $$\Delta^{\mathrm{phys}}(t) = C(t) - \widehat{M}^\top S(t),$$ with $C$ the operative extraction-law readout and $\widehat{M}$ the declared demand-coverage matrix mapping the moiety readout $S = Cx$ — the composition matrix $C$ of Lemma 3, a different object from the coverage vector $C(t)$ despite the shared letter — into the units of that coverage vector — rows indexed by covered services, columns by moieties, entries the declared stoichiometric coefficients of the coverage convention (the hat distinguishes the matrix from the scalar natural-block mass $M$ of Section 4.1).",0.8,
D0046,supported at high confidence,1.1,0,,- A **reserve-life ratio** divides a reserve figure by a production figure.,A reserve-life ratio divides a reserve figure by a production figure and calls the quotient a horizon.,0.798,
D0470,supported at high confidence,,0,,"At an interior steady state, $g$ can be positive while decomposition and geological transfer balance it exactly, so that $\dot A=0$.","The implication $g > 0 \Rightarrow \dot A < 0$ is false in general: at an interior steady state, $g$ can be positive while decomposition and geological transfer balance it exactly, so that $\dot A = 0$.",0.796,
D0160,supported at high confidence,1.2,0,,"Non-negative primitive fluxes connect compartments through a signed incidence matrix — the compartment-and-flow bookkeeping of material flow analysis (Brunner and Rechberger, 2004; Fischer-Kowalski et al., 2011) and the incidence formalism of reaction-network theory (Feinberg, 2019).","Non-negative primitive fluxes connect them through a signed incidence matrix (the compartment–flux bookkeeping of material flow analysis: Brunner and Rechberger, 2004; Fischer-Kowalski et al., 2011; the incidence formalism of reaction-network theory: Feinberg, 2019).",0.792,
D0469,supported at high confidence,6.1,0,,"**Definition 3 (Gross turnover intensity and support coverage).** *With assimilation $g(X,A)>0$, the gross turnover intensity is $J^{\mathrm{gross}}_A=g(X,A)/A$ and the gross support-coverage ratio is $H^{\mathrm{gross}}_A=(A-A_{\min})/g(X,A)$. **Neither is a time to depletion.***","**Definition 3 (Gross turnover intensity and support coverage).** *With assimilation $g(X,A) > 0$, the gross turnover intensity is $J_A^{\mathrm{gross}} = g(X,A)/A$ and the gross support-coverage ratio is $H_A^{\mathrm{gross}} = (A - A_{\min})/g(X,A)$.*",0.79,
D0112,supported at high confidence,1.1,0,,"For copper, Tilton and Lagos (2007) document reserves growing through a century of rising production.","For copper, Tilton and Lagos (2007) document reserves growing through a century of rising production — the same replenishment under the same classification.",0.782,
D0358,supported at high confidence,3.6,0,,"**Counterexample (proportional extraction).** For donor-controlled proportional extraction $\dot S=-kS$ with $k>0$ and $S(0)>0$, the stock satisfies $S(t)=S(0)e^{-kt}>0$ for every finite $t$: it approaches zero asymptotically and is never exhausted in finite time, $\tau_0=\infty$.","**Counterexample (proportional extraction).** *For donor-controlled proportional extraction $\dot S = -kS$ with $k > 0$ and $S(0) > 0$, the stock satisfies $S(t) = S(0)e^{-kt} > 0$ for every finite $t$: the stock approaches zero asymptotically and is never exhausted in finite time, $\tau_0 = \infty$.",0.782,
D0037,supported at high confidence,,0,,"Each depletion claim carries the predicate it actually establishes, with an interface contract fixing the shared object with delay-based institutional dynamics.","The result is a grammar for material depletion claims: each claim carries the predicate it actually establishes and no claim is carried beyond it, with an interface contract fixing the shared object with delay-based institutional dynamics.",0.781,
D0506,supported at high confidence,6.4,0,,"The componentwise diagnostic applies to each scenario, and the conjunctive criterion applies within each scenario and across scenarios. **No single number is promoted across the four classes without a declared map.**","The componentwise diagnostic applies to each scenario, and the conjunctive criterion applies within each scenario and across scenarios.",0.778,
D0287,supported at high confidence,2.5,0,,"Damage to the capital stock itself — aquifer compaction, severe soil loss — is not a split-assignment channel at all.","Damage to the capital stock itself (aquifer compaction, severe soil loss) is not a split-assignment channel at all, but a slow drift in capacity or a transfer to the inert sink.",0.777,
D0097,supported at high confidence,1.1,0,,"The productivity illusion is the wear phase: measured yield stays up, and nothing in the yield record registers the drawdown.",The yield-inflation sense is the wear phase: measured yield stays up while nothing in the yield series records the drawdown.,0.774,
D0059,supported at high confidence,1.1,0,,The second sense is dynamical: inflated yield.,The second sense is dynamical and is yield inflation.,0.771,
D0638,supported at high confidence,9,0,,"**The exact shared object.** Under the single-resource specialization of §5.4 ($\mu=\nu=\rho=0$ — the product, waste and price parameters of the unreduced ledger: its macroeconomic-feedback, recycling and price-response channels, per the §2.2 gloss — and the mining intensity $C_A=0$), with the local stock equation $\dot N=R-qEN$, the deficit identity","**The exact shared object.** Under the single-resource specialization of Section 5.4 ($\mu = \nu = \rho = 0$ — the product, waste, and price parameters of the unreduced ledger: its macroeconomic-feedback, recycling, and price-response channels, per the Section 2.2 gloss — and the mining intensity $C^A = 0$) — with the local stock equation $\dot N = R - qEN$, the deficit identity $$D(t) := qE(t)N(t) - R(N(t), A(t)) = -\dot N(t), \qquad \Lambda(t) := [D(t)]_+ = [-\dot N(t)]_+$$ holds for every trajectory of either the specialized ledger or the reduced core (Remark 16).",0.77,
D0202,supported at high confidence,,0,,The sign pattern of the incidence matrix and the non-negativity of the primitives are separate declarations. 3.,"Second, $S_{\mathcal{T}}$ may contain signed entries even though $v \ge 0$: the sign pattern of the incidence matrix and the nonnegativity of the primitives are separate declarations.",0.765,
D0712,supported at high confidence,11,0,,Stating them with those questions — against the published critiques they corroborate — is what makes them usable.,"Stating them with those questions — against the published critiques they corroborate — is what makes them usable; collapsing them into one ""time to depletion"" is what makes them false.",0.764,
D0061,supported at high confidence,1.1,0,,The resource looks productive while what sustains it is being sold off.,The resource appears productive while what sustains it is liquidated silently.,0.762,
D0588,supported at high confidence,7.3,0,,"These are conditional distributional statements about the surrogate. **They are not corrections to the tabled years, and they do not show that physical water mass is depleted faster.**","They are not corrections to the tabled years, and they do not show that physical water mass is depleted faster.",0.762,
D0616,signposting: asserts nothing,7.8,0,,"A residual scale estimated from the same window does not by itself identify process noise. **No calibrated predictive distribution is claimed**; the full uncertainty treatment belongs to an empirical identification study, not to this article.","No calibrated predictive distribution is claimed; the full uncertainty treatment belongs to an empirical identification study, not to this article.",0.762,
D0650,supported at high confidence,9,0,,"The three registered numbers display the separation: $A_{\mathrm{eq,intrinsic}}=50$, the working active pool $A_{\mathrm{act},*}=397.87$, and $A_{\mathrm{eq},W}=50+\kappa_AK/\omega_A=5{,}050$ — the two equilibria differ by a factor of eight and the two targets by two orders of magnitude. 2. **Same state, different fields.** At the working equilibrium the two $A_{\mathrm{act}}$ vector fields, written at the same state $(N,A_{\mathrm{act}},U)$, differ by","The three registered numbers display the separation: $A^{\mathrm{eq,intrinsic}} = 50$, the working active pool $A^{\mathrm{act,*}} = 397.87$, and $A^{\mathrm{eq,W}} = 50 + \kappa_A K/\omega_A = 5050$ — the two equilibria differ by a factor of eight and the two targets by two orders of magnitude. 2.",0.76,
D0277,supported at high confidence,2.5,0,,"A diagnostic label such as ""unsustainable portion"" **never** determines physical destination.","The typing is the physical module's, not the diagnostic's: a diagnostic label such as ""unsustainable portion"" never determines physical destination.",0.758,
D0394,supported at high confidence,4.4,0,,"The classical lineage of these statements is the compartmental-systems non-negativity theory (Jacquez and Simon, 1993).","The classical compartmental-systems nonnegativity theory (Jacquez and Simon, 1993) is the lineage.",0.757,
D0549,supported at high confidence,6.5.3,0,,"at approximately 74,000,000 kt (74,000 Mt) of world reserves and 240,000 kt/yr of production (U.S. Geological Survey, 2026) this is approximately **309 years**.","At constant current production $C_G$, the reserve-life ratio is $T_{\mathrm{reserve}} = G_{\mathrm{reserve}}/C_G$; at approximately $74{,}000{,}000$ kt ($74{,}000$ Mt) of world reserves and $240{,}000$ kt/yr of production (U.S. Geological Survey, 2026) this is approximately $309$ years.",0.757,
D0717,supported at high confidence,11,0,,"A substitute is either a recycled flux returned to the regenerating pool, or a non-renewable drawdown on a second compartment — different ledger entries with different statuses.","In ledger terms, a substitute is either a recycled or recovered flux returned to the regenerating pool, or a non-renewable drawdown on a second compartment.",0.757,
D0122,supported at high confidence,1.2,0,,"**Task two is non-compensation.** Ecological economics has a thesis called weak comparability: the values that matter in environmental decisions may not be commensurable in one metric (Martinez-Alier, Munda and O'Neill, 1998).","The weak-comparability thesis of ecological economics holds that values relevant to environmental decisions may not be commensurable in a single metric (Martinez-Alier, Munda, and O'Neill, 1998).",0.754,
D0188,supported at high confidence,2.1,0,,"- A **moiety** is a conserved substance class — an element, or a declared conserved combination.","A *moiety* is a conserved substance class (an element, or a declared conserved combination) — the only object to which a conservation law attaches.",0.754,
D0437,supported at high confidence,,0,,and $b_i(t)\ge0$ means measured supply meets measured demand for component $i$ at that instant.,"The contemporaneous component balance is $$b_i(t) = s_i(t) - d_i(t),$$ and $b_i(t) \ge 0$ means measured supply meets measured demand for component $i$ at that instant.",0.751,
D0102,supported at high confidence,1.1,0,,**Why reserve-life arithmetic is not a forecast.** The classification-drift failure is well documented on the data side.,The classification-drift failure is well documented on the data side.,0.749,
D0352,supported at high confidence,3.5,0,,"**Worked envelope on the closed block.** On (2), with declared boxes $N\in[0,K]$ and $E\in[0,E_{\max}]$, the mass row of the incidence gives","**Worked envelope on the closed block.** On (2) with declared boxes $N \in [0, K]$ and $E \in [0, E_{\max}]$, the mass row of the incidence gives $\dot M = -qEN - C^{A,\mathrm{lim}} \in [-(qE_{\max}K + C^A),\, 0]$, hence $M(t) \in [M(0) - (qE_{\max}K + C^A)t,\ M(0)]$.",0.749,
D0349,supported at high confidence,3.5,0,,"It says nothing about what the fluxes *will* be, only about what every admissible flux path implies for the stock.","And the envelope is an interval computation on the flux data, not a forecast: it says nothing about what the fluxes will be, only about what every admissible flux path implies for the stock.",0.743,
D0058,supported at high confidence,1.1,0,,Section 10.1 formalises this sense as an aggregation obstruction.,This article formalises this sense as the aggregation obstruction of Section 10.1.,0.741,
D0183,supported at high confidence,2.1,0,,Material flow accounting starts from a few distinctions.,Material flow accounting begins with a small set of distinctions.,0.739,
D0300,supported at high confidence,2.6,0,,"Substituting it for the underlying stock-support dynamics is legitimate only where the support pool is at interior saturation, and only on the timescales over which the saturated approximation holds.","The implication for material-flows accounting is that a logistic stock equation is a saturated support-pool readout, not a primitive physical law: substituting it for the underlying stock-support dynamics is legitimate only where the support pool is at interior saturation and only on the timescales over which the saturated approximation holds.",0.733,
D0367,supported at high confidence,3.6,0,,The boundary discipline this proposition fixes is the ecological-economics one of Daly (1990): depletion is not loss of matter.,"The boundary discipline this proposition fixes is the ecological-economics one of Daly (1990): depletion is not loss of matter, it is loss of access to matter in the form and place that supports the service in question.",0.728,
D0641,supported at high confidence,9,0,,"The reduced core's constitutive replacement $R(N,A)\to rN(1-N/K)$ is separately an approximation and carries its own finite-time scope (Theorem 1 and Remark 2: the replacement is pointwise on the interior support region and non-uniform through the depleted-pool boundary).","The identity is the one object both analyses may use without substantive duplication; the reduced core's constitutive replacement $R(N,A) \to rN(1 - N/K)$ is separately an approximation and carries its own finite-time scope (Theorem 1 and Remark 2: the replacement is pointwise on the interior support region and non-uniform through the depleted-pool boundary).",0.728,
D0286,supported at high confidence,2.5,0,,Routing it into product or waste would create mass that was never in the stock. 3.,Habitat-induced failed recruitment is a prevented inflow — routing it into product or waste would create mass that was never in the stock.,0.726,
D0693,supported at high confidence,10.2,0,,"Adding unlike units — biomass, money, biodiversity indices, exergy — into one conserved scalar is not authorized by any conservation theorem. 2. **Explicit stoichiometry.** Entries are added within an incidence row only when their types and units agree; every conversion is an explicit coefficient in $S^{\top}$, never an implicit sum (§2.1). 3. **Yield routing.** A transformation represented with yield below one must route the omitted fraction to a represented compartment or a declared boundary flow; otherwise the moiety balance holds only after silently dropping the moiety (Theorem 15). 4. **No ghost sinks.** Every primitive with an outflow from some compartment must have its routed inflow represented, and every inflow its source — opposite-sign incidence of the same primitive is checkable column by column.","1. **One balance per moiety.** Conservation laws attach to declared moieties (Theorems 7–8); adding unlike units — biomass, money, biodiversity indices, exergy — into one conserved scalar is not authorized by any conservation theorem. 2. **Explicit stoichiometry.** Entries are added within an incidence row only when their types and units agree; every conversion is an explicit coefficient in $S_{\mathcal{T}}$, never an implicit sum (Section 2.1). 3. **Yield routing.** A transformation represented with yield below one must route the omitted fraction to a represented compartment or a declared boundary flow; otherwise the moiety balance holds only after silently dropping the moiety (Theorem 15). 4. **No ghost sinks.** Every primitive with an outflow from some compartment must have its routed inflow represented, and every inflow its source — opposite-sign incidence of the same primitive is checkable column by column — and the six-state cancellation of Section 4.9 shows the check passing, while the same template shows that cancellation without donor-limited admissibility establishes nothing. 5. **Classification labels stay out of the columns.** Reserve-life and resource-threshold quantities answer different questions and share a column only under an explicit convention label (Section 6.5.3); diagnostic labels never determine material routing (Section 2.5).",0.724,
D0354,supported at high confidence,3.6,0,,"**Proposition 6 (Finite exhaustion under uniform negative drift).** *Assume (H1) $S$ is absolutely continuous with $\dot S(t)\le-\varepsilon<0$ whenever $S(t)>\underline B$, where $\underline B$ is a constant lower barrier and $\varepsilon>0$ a uniform drift bound; (H2) $S(0)>\underline B$.","*(H1) $S$ is absolutely continuous with $\dot S(t) \le -\varepsilon < 0$ whenever $S(t) > B$, where $B$ is a constant lower barrier and $\varepsilon > 0$ a uniform drift bound.*",0.719,
D0471,supported at high confidence,,0,,Gross uptake measures throughput or dependency.,Gross uptake measures throughput or dependency; net depletion is a balance property.,0.719,
D0441,supported at high confidence,5.2,0,,"The geometry of the balance domain is state dependent and inherited partly from the stock–flow model. **No unrestricted argument can replace an application-specific analysis of $\mathcal B(x,t)$.** This domain is the object against which any scalar certificate claim must be checked (§10.1): a weighted sum certifies componentwise non-negativity on $\mathcal B(x,t)$ only through an implication proved from the physical restrictions that define the domain.","This domain is the object against which any scalar certificate claim must be checked (Section 10.1): a weighted sum certifies componentwise nonnegativity on $\mathcal{B}(x,t)$ only through an implication proved from the physical restrictions that define the domain.",0.717,
D0446,supported at high confidence,,0,,"*The vector $(1-\alpha_{\mathrm{reg}})\bar s$ is the directional support gap, measured in the same service units as $\bar s$.","*Define* $$\alpha_{\mathrm{reg}}(\bar s; x, t) = \sup\{ \alpha \in [0,1] : \alpha \bar s \in \Gamma_{\mathrm{reg}}(x,t) \}.$$ *The vector $(1 - \alpha_{\mathrm{reg}})\bar s$ is the directional support gap, measured in the same service units as $\bar s$.",0.716,
D0201,supported at high confidence,,0,,A physical disturbance on represented material is a different object from a structural discrepancy term. 2. $S^{\top}$ may contain signed entries even though $v\ge 0$.,"First, $d_x$ must itself be typed: a physical disturbance on represented material is a different object from a structural discrepancy term.",0.715,
D0604,supported at high confidence,,0,,"Because reserves are an economic classification rather than a fixed physical stock, it is not a forecast of geological exhaustion without an explicit resource and production model. **No stochastic phosphate extension is required for the interpretation.**","This is a conditional reserve-classification proxy under constant production; because reserves are an economic classification rather than a fixed physical stock, it is not a forecast of geological exhaustion without an explicit resource and production model.",0.711,
D0542,supported at high confidence,6.5.2,0,,"The groundwater column is a trend-to-window-minimum extrapolation, the phosphate column a reserve-life ratio, and the fisheries column a pure-decay proxy with recruitment omitted.","The scope discipline is the tables' load-bearing content: none of the reported numbers is a computed instance of any model's first-hitting time — the groundwater column is a trend-to-window-minimum extrapolation, the phosphate column a reserve-life ratio, and the fisheries column a pure-decay proxy with recruitment omitted.",0.71,
D0153,supported at high confidence,1.2,0,,"A one-period check says nothing about what has to hold over time, namely that the checks do not drift into overshoot as the system moves.","Both readings are instantaneous; a single-period check has no view of what must also hold over time, namely that the checks do not drift into overshoot.",0.709,
D0310,supported at high confidence,3.1,0,,"**Proposition 1 (Layer 2 ⇒ Layer 1, for the conserved quantities).** *If $\ell^{\top}S^{\top}=0$, then $\tfrac{d}{dt}(\ell^{\top}x)=\ell^{\top}b$, and in a closed system ($b=0$) $\ell^{\top}x$ is invariant.*","**Proposition 1.** *Conservation consistency implies accounting consistency for the conserved quantities: if $\ell^\top S_{\mathcal{T}} = 0$, then $\frac{d}{dt}(\ell^\top x) = \ell^\top b$, and in a closed system ($b = 0$), $\ell^\top x$ is invariant.*",0.707,
D0355,supported at high confidence,3.6,0,,Then the first hitting time satisfies $\tau_{\underline B}=\inf\{t\ge0:S(t)\le\underline B\}\le\dfrac{S(0)-\underline B}{\varepsilon}$.*,*Then the first hitting time satisfies* $$\tau_B = \inf\{ t \ge 0 : S(t) \le B \} \le \frac{S(0) - B}{\varepsilon}.$$,0.702,
D0518,supported at high confidence,6.5.1,0,,"The **access structure** — a well, or an index well — is infrastructure rather than the resource.","The access structure — a well or an index well — is infrastructure rather than the resource: it draws on stored water, the stock, which is replenished by recharge, the flow.",0.698,
D0565,supported at high confidence,6.5.4,0,,"A genuinely local biomass-decline ratio $\mathcal H^{\mathrm{loc}}_{\mathcal B}=(\mathcal B-\mathcal B_{\mathrm{lim}})/[-\dot{\mathcal B}]_+$ would require a compatible net $\dot{\mathcal B}$ estimate, and a demographic hitting time would require a fully specified population model; RAM Legacy SSB and $F$ data (Ricard et al., 2012) do not by themselves supply these quantities or models.","A genuinely local biomass-decline ratio $H_B^{\mathrm{loc}} = (B - B_{\lim})/[-\dot B]_+$ would require a compatible net $\dot B$ estimate, and a demographic hitting time a fully specified population model; RAM Legacy SSB and $F$ data (Ricard et al., 2012) do not by themselves supply these quantities or models.",0.69,
D0395,supported at high confidence,4.4,0,,The donor-limitation condition is the exact sufficiency requirement — **algebraic cancellation alone does not establish invariance**.,"The classical lineage of these statements is the compartmental-systems nonnegativity theory (Jacquez and Simon, 1993); the donor-limitation condition is the exact sufficiency requirement — algebraic cancellation alone does not establish invariance.",0.689,
D0583,supported at high confidence,7.3,0,,That equality is the precise sense in which the tabled groundwater numbers are first-passage means of a declared surrogate.,The mean of the stochastic surrogate equals the deterministic trend-to-window-minimum ratio of Section 6.5.1; that equality is the precise sense in which the tabled groundwater numbers are first-passage means of a declared surrogate.,0.688,
D0065,supported at high confidence,1.1,0,,"These are overlapping readings of one pool, not rival claims about it.","These are overlapping readings of the same pool, not mutually exclusive ones.",0.685,
D0408,supported at high confidence,,0,,"*in particular $qEN\in L^1(0,\infty)$, and **no trajectory maintains extraction at the working value $qE^*N^*\approx0.187$ for all time**; with mining restored, $\int_0^\infty(qE(s)N(s)+C_{A,\mathrm{lim}}(s))\,ds\le M(0)$.*","Then $M(t) = M(0) - \int_0^t qE(s)N(s)\, ds \ge 0$, so* $$\int_0^\infty qE(s)N(s)\, ds \le M(0) < \infty;$$ *in particular $qEN \in L^1(0,\infty)$, and no trajectory maintains extraction at the working value $qE^*N^* \approx 0.187$ for all time; with mining restored, $\int_0^\infty \bigl( qE(s)N(s) + C^{A,\mathrm{lim}}(s) \bigr) ds \le M(0)$.*",0.685,
D0561,supported at high confidence,6.5.4,0,,"With $\mathcal B_{\mathrm{lim}}=0.2\max\mathrm{SSB}$ this is the construction tabled as ADH in §6.5.2; the two notations are kept because the boundary hypotheses stated here ($F_{\mathrm{now}}>0$, $\mathrm{SSB}_{\mathrm{now}}>\mathcal B_{\mathrm{lim}}$) are exactly the conditions of the positive sub-cohort of §6.5.2 (35 stocks, median 2.9 yr).","With $B_{\lim} = 0.2 \max \mathrm{SSB}$ this is the construction tabled as ADH in Section 6.5.2; the two notations are kept because the boundary hypotheses stated here ($F_{\mathrm{now}} > 0$, $\mathrm{SSB}_{\mathrm{now}} > B_{\lim}$) are exactly the conditions of the positive sub-cohort of Section 6.5.2 (35 stocks, median $2.9$ yr); the reported Section 6.5.2 median ($\approx 1.8$ yr) additionally carries the eight zero entries for stocks at or below the reference, per the zero convention of the source caption.",0.684,
D0139,supported at high confidence,1.2,0,,A chemical that is a product in one setting is waste-in-waiting in another.,"So a chemical substance that is a product in one context is waste-in-waiting in another, and no substance is waste by its nature.",0.68,
D0344,supported at high confidence,3.5,0,,"1. **The bounds are conservative.** They hold for *all* flux selections in the declared boxes, including selections that are not jointly realizable by the coupled dynamics.","The bounds are conservative: they hold for *all* flux selections in the declared boxes, including selections that are not jointly realizable by the coupled dynamics, so the certificate may fail when a trajectory with jointly realizable fluxes would pass; attainability requires solving or bounding the coupled system.",0.678,
D0590,supported at high confidence,,0,,"It is therefore a path-dependent, record-relative threshold, not an independently identified hydrological failure floor.","It is therefore a path-dependent, record-relative threshold, not an independently identified hydrological failure floor; future passage below it represents a record-breaking stress event under the surrogate, not physical exhaustion.",0.678,
D0004,signposting: asserts nothing,,0,,This article builds a bookkeeping layer that refuses both.,This article builds the accounting layer that resists these failures.,0.672,
D0049,supported at high confidence,1.1,0,,"A severe deficit in one component can therefore coexist with a date that still falls late in the year (Lin et al., 2018; Wackernagel and Beyers, 2019; Blomqvist et al., 2013).","Earth Overshoot Day aggregates component flows into a single calendar date, so a severe deficit in one component can coexist with a date that still falls late in the year (Lin et al., 2018; Wackernagel and Beyers, 2019; Blomqvist et al., 2013).",0.668,
D0430,supported at high confidence,5,0,,Internal physical transfers are not services merely because they appear in a ledger.,"Internal physical transfers are not services merely because they appear in a ledger: a typed readout identifies the delivered flow, its boundary, and any unit conversion.",0.667,
D0636,supported at high confidence,9,0,,The interface is viable — but **not** because the closed primitive ledger dynamically reduces to the open working system.,"The interface is viable, but not because the closed primitive ledger dynamically reduces to the open working system: the two are different completions, and the contract records both the exact shared object and the rejected mapping.",0.667,
D0206,supported at high confidence,2.2,0,,"Let $x_L=(N,A_{\mathrm{act}},A_{\mathrm{geo}},U)$, with $N$ the living stock, $A_{\mathrm{act}}$ the active abiotic pool, $A_{\mathrm{geo}}$ the geological donor and $U$ the detritus compartment.","Let $$x_L = (N, A^{\mathrm{act}}, A^{\mathrm{geo}}, U), \qquad s = \frac{A^{\mathrm{act}}}{A^{\mathrm{act}} + A_0}, \qquad \sigma = \frac{A^{\mathrm{geo}}}{A^{\mathrm{geo}} + A_{g0}},$$ with $N$ the living stock, $A^{\mathrm{act}}$ the active abiotic pool, $A^{\mathrm{geo}}$ the geological donor, and $U$ the detritus compartment.",0.663,
D0431,supported at high confidence,5,0,,"A typed readout identifies the delivered flow, its boundary, and any unit conversion.","Internal physical transfers are not services merely because they appear in a ledger: a typed readout identifies the delivered flow, its boundary, and any unit conversion.",0.661,
D0631,signposting: asserts nothing,,0,,The growth function $g$ of this paragraph is a declared constitutive readout on the stock **for this extractor-side remark only**.,"The growth function $g$ of this paragraph is a declared constitutive readout on the stock for this extractor-side remark only; it is not a primitive of the closed natural block of Section 2, and nothing in this section is promoted into the typed ledger.",0.661,
D0637,supported at high confidence,9,0,,"The two are different completions, and the contract records both the exact shared object and the rejected mapping.","The interface is viable, but not because the closed primitive ledger dynamically reduces to the open working system: the two are different completions, and the contract records both the exact shared object and the rejected mapping.",0.661,
D0508,supported at high confidence,6.5,0,,"The numerical exhibits that follow are worked instances of the constructions, and **the classification of each row does not depend on the magnitudes**.","The classification matrix records, quantity by quantity, what each application computes and what each object is; the numerical exhibits that follow are worked instances of the constructions, and the classification of each row does not depend on the magnitudes.",0.66,
D0682,supported at high confidence,10.1,0,,"For every weight vector $w\in\mathbb R^m_+$, $w\ne0$, there exist a typed ledger as in §2, a demand vector $d$, and an admissible state–operation pair $(x,u)$ with $u\in\mathcal U(x,t)$ whose attainable balance $b=O(x,u,\theta)-d$ satisfies $w^{\top}b\ge0$ while $b_m<0$ for some component $m$.","For every weight vector $w \in \mathbb{R}_+^m$, $w \neq 0$, there exist a typed ledger as in Section 2, a demand vector $d$, and an admissible state–operation pair $(x, u)$ with $u \in \mathcal{U}(x,t)$ whose attainable balance $b = \mathcal{O}(x,u,\theta) - d$ satisfies $w^\top b \ge 0$ while $b_m < 0$ for some component $m$.",0.66,
D0387,supported at high confidence,4.3,0,,Writing these flows explicitly is preferable to preserving a nominal invariant by allowing an unobserved or finite donor compartment to become negative.,"And open systems are explicit: imports, exports, atmospheric losses, and cross-boundary transport enter as typed boundary fluxes, giving $\dot M_6 = I_{\partial} - O_{\partial}$; writing these flows explicitly is preferable to preserving a nominal invariant by allowing an unobserved or finite donor compartment to become negative.",0.657,
D0100,supported at high confidence,1.1,0,,"What Section 6.5.2 actually reports is per-resource, per-pool horizons for each component, at each object's own status.","What Section 6.5.2 actually reports is per-resource, per-pool component-resolved horizons at each object's own status — not a supporting-pool column that the applied data do not carry.",0.653,
D0415,supported at high confidence,,0,,"Assume (H1) $\chi$ is absolutely continuous between locally finite event times, with left and right limits at events; (H2) $\dot\chi=S\eta+b$ with $\eta\ge0$, separate reverse columns, and donor-limited negative boundary flows; (H3) $L^{\top}S=0$.",*(H1) $\chi$ is absolutely continuous between locally finite event times with left and right limits at events.*,0.652,
D0258,supported at high confidence,2.4,0,,so total mass is conserved exactly when both boundary transfers vanish.,"Adding the four equations gives the mass balance $$\frac{d}{dt}(S + K + N + P) = I_N - Q_P,$$ so total mass is conserved exactly when both boundary transfers vanish.",0.651,
D0445,supported at high confidence,5.3,0,,"**Definition 2 (Directional regenerative-support fraction and gap).** *Assume (H1) $0\in\Gamma_{\mathrm{reg}}(x,t)$; (H2) a nonzero service direction $\bar s\ge0$ is chosen.",**Definition 2 (Directional regenerative-support fraction and gap).** *Assume:*,0.651,
D0591,supported at high confidence,,0,,"Future passage below it represents a record-breaking stress event under the surrogate, not physical exhaustion.","It is therefore a path-dependent, record-relative threshold, not an independently identified hydrological failure floor; future passage below it represents a record-breaking stress event under the surrogate, not physical exhaustion.",0.651,
D0087,supported at high confidence,1.1,0,,"The groundwater two-pool model is a **registered open gap**, and the applied object actually admitted is a one-pool affine approximation (Section 8.2).","The groundwater two-pool model is a registered open gap whose admitted applied object is the one-pool affine approximation (Section 8.2), and spawning biomass is explicitly not an abiotic support pool (Section 6.5.4).",0.647,
D0120,signposting: asserts nothing,1.1,0,,"Separating these layers, and proving what each one buys, is this article's first task (Section 3).","Separating these layers and proving their relationships, so that each claim about a material system carries the predicate it actually establishes, is this article's first task (Section 3).",0.642,
D0138,supported at high confidence,1.2,0,,"So they are not waste. **Waste is a relationship, not a property of a substance.** Waste is matter that, under the present relation and the present circumstances, accumulates because there is not yet the knowledge, the technology, or the timely redistribution to use it.","It is the matter that, under the present relation and circumstances, accumulates because it cannot be put to immediate use for lack of knowledge, technology, or timely redistribution.",0.642,
D0190,supported at high confidence,2.1,0,,"""Carbon in the atmosphere"" is a place-specific stock, not a moiety.","""Carbon in the atmosphere"" is a location-specific stock, not a moiety: carbon is the moiety, and the atmosphere is a compartment.",0.641,
D0306,supported at high confidence,,0,,"Layer 1 Accounting consistency the balance law (1) holds almost everywhere on [0,T] Layer 2 Conservation consistency ℓᵀSᵀ = 0 for every declared conserved quantity ℓ Layer 3 Barrier safety for declared lower and upper barriers, B_m(t) ≤ S_m(t) ≤ B̄_m(t) for every component m and every t ∈ [0,T], where S = Cx is the moiety-composition readout","**Layer 3: Barrier safety.** For declared lower and upper barriers $\underline{B}_m(t) \le S_m(t) \le \overline{B}_m(t)$ for every component $m$ and every $t \in [0,T]$, where $S = Cx$ is the moiety-composition readout.",0.637,
D0460,supported at high confidence,5.4,0,,"the memory input of the institutional dynamics is a smoothed stock-decline rate, exactly the positive part of the decline.","**Decline pressure.** In the registered delay family the depletion-pressure classification is $\Lambda(t) = \max\{0, qE(t)N(t) - R(N(t), A^{\mathrm{act}}(t))\} = \max\{0, -\dot N(t)\}$: the memory input of the institutional dynamics is a smoothed stock-decline rate, exactly the positive part of the decline.",0.633,
D0519,supported at high confidence,6.5.1,0,,"It draws on stored water (the stock), which is replenished by recharge (the flow).","The access structure — a well or an index well — is infrastructure rather than the resource: it draws on stored water, the stock, which is replenished by recharge, the flow.",0.628,
D0318,supported at high confidence,,0,,"This is a **conjunctive** criterion: all moiety barriers must be satisfied simultaneously, and no weighted aggregate $\sum_m w_m S_m$ is used as the decision criterion.","The typed safety set at time $t$ is $$\mathcal{K}(t) = \{ x \ge 0 : \underline{B}(t) \le Cx \le \overline{B}(t) \},$$ and the non-compensatory assessment reads $$\mathcal{V}_{\mathrm{typed}} = \{ x(\cdot) : x(t) \in \mathcal{K}(t)\ \forall t \in [0,T] \}.$$ This is a conjunctive criterion: all moiety barriers must be satisfied simultaneously, and no weighted aggregate $\sum_m w_m S_m$ is used as the decision criterion.",0.621,
D0620,supported at high confidence,8.1,0,,"The template's competing-model ladder is an identification object, and its falsification protocols — *which observation would reject which routing assumption* — are recorded obligations, not results.",The ladder's competing-model structure and its falsification protocols are recorded obligations rather than results.,0.62,
D0698,supported at high confidence,10.2,0,,"A diagnostic index that mixes basins and reserves (the ranking device of §6.5.2) is identified as such in the text that reports it. **Double counting is a representation error, and the representation that prevents it is the contribution.**","Double counting is a representation error, and the representation that prevents it is the contribution.",0.616,
D0541,supported at high confidence,6.5.2,0,,**The scope discipline is the tables' load-bearing content.** None of the reported numbers is a computed instance of any model's first-hitting time.,"The scope discipline is the tables' load-bearing content: none of the reported numbers is a computed instance of any model's first-hitting time — the groundwater column is a trend-to-window-minimum extrapolation, the phosphate column a reserve-life ratio, and the fisheries column a pure-decay proxy with recruitment omitted.",0.615,
D0651,supported at high confidence,,0,,"under the registered scale separation ($\sigma\approx1$): approximately **0.535** stock units per year at the working point's quasi-rest detritus level (where $\gamma_UU=\mathcal T^*\approx4.47$, the gross uptake at the working point) and $\kappa_AK=\mathbf{5.000}$ stock units per year at $U=0$ — an $O(1)$ to $O(\kappa_AK)$ discrepancy, not a small residual.","At the working equilibrium the two $A^{\mathrm{act}}$ vector fields, written at the same state $(N, A^{\mathrm{act}}, U)$, differ by $\omega_A\bigl(A^{\mathrm{eq,W}} - A^{\mathrm{eq,intrinsic}}\sigma\bigr) - \gamma_U U = \kappa_A K - \gamma_U U$ under the registered scale separation ($\sigma \approx 1$): approximately $0.535$ stock units per year at the working point's quasi-rest detritus level (where $\gamma_U U = T^* \approx 4.47$, the gross uptake at the working point) and $\kappa_A K = 5.000$ stock units per year at $U = 0$ — an $O(1)$ to $O(\kappa_A K)$ discrepancy, not a small residual.",0.615,
D0131,supported at high confidence,1.2,0,,"Natural regeneration is far slower, sometimes on geological timescales, and it is included for physical completeness rather than as a co-equal mechanism (Daly, 1990).","On human-relevant timescales substitution is the dominant term; natural regeneration acts far more slowly — often on deep-time scales — and is included for physical completeness rather than as a co-equal mechanism (Daly, 1990).",0.606,
D0512,supported at high confidence,6.5.1,0,,the fitted distance to the series' own historical minimum divided by the fitted decline rate.,A groundwater anomaly index fits a trend to a satellite product and reports the fitted distance to the series' own minimum divided by the fitted rate.,0.603,
D0488,supported at high confidence,6.2,0,,"The three quantities of §6.1 coincide only under a declared rate bracket, and the false implication $g>0\Rightarrow\dot A<0$ is the reason.","At a stationary state ($\dot A = 0$) with $g > 0$, $H_A^{\mathrm{loc}} = +\infty$ while $H_A^{\mathrm{gross}} < \infty$: the three quantities of Section 6.1 coincide only under a declared rate bracket, and the false implication $g > 0 \Rightarrow \dot A < 0$ is the reason.",0.602,
D0507,supported at high confidence,6.5,0,,"The classification matrix records, quantity by quantity, what each application computes and what each object is.","The classification matrix records, quantity by quantity, what each application computes and what each object is; the numerical exhibits that follow are worked instances of the constructions, and the classification of each row does not depend on the magnitudes.",0.599,
D0191,supported at high confidence,2.1,0,,Carbon is the moiety; the atmosphere is a compartment.,"""Carbon in the atmosphere"" is a location-specific stock, not a moiety: carbon is the moiety, and the atmosphere is a compartment.",0.598,
D0472,supported at high confidence,,0,,Net depletion is a balance property.,Gross uptake measures throughput or dependency; net depletion is a balance property.,0.598,
D0368,supported at high confidence,3.6,0,,It is loss of access to matter in the form and place that supports the service in question.,"The boundary discipline this proposition fixes is the ecological-economics one of Daly (1990): depletion is not loss of matter, it is loss of access to matter in the form and place that supports the service in question.",0.594,
D0582,supported at high confidence,7.3,0,,The mean of the stochastic surrogate equals the deterministic trend-to-window-minimum ratio of §6.5.1.,The mean of the stochastic surrogate equals the deterministic trend-to-window-minimum ratio of Section 6.5.1; that equality is the precise sense in which the tabled groundwater numbers are first-passage means of a declared surrogate.,0.594,
D0386,supported at high confidence,4.3,0,,"And open systems are explicit: imports, exports, atmospheric losses and cross-boundary transport enter as typed boundary fluxes, giving $\dot M_6=I_\partial-O_\partial$.","And open systems are explicit: imports, exports, atmospheric losses, and cross-boundary transport enter as typed boundary fluxes, giving $\dot M_6 = I_{\partial} - O_{\partial}$; writing these flows explicitly is preferable to preserving a nominal invariant by allowing an unobserved or finite donor compartment to become negative.",0.593,
D0511,supported at high confidence,6.5.1,0,,"For a basin-mean anomaly series over the reported April 2002 – September 2023 window, the linear-trend anomaly persistence index is","For a basin-mean anomaly series over the reported April 2002–September 2023 window, the linear-trend anomaly persistence index is $$L_{\mathrm{hist}}^{\mathrm{anom}} = \frac{a_{\mathrm{latest}} - a_{\mathrm{hist,min}}}{\bigl[ -\widehat{\dot a} \bigr]_+},$$ the fitted distance to the series' own historical minimum divided by the fitted decline rate.",0.591,
D0098,supported at high confidence,1.1,0,,The two-pool architecture exists to make the wear measurable while the cable still holds.,"The two-pool architecture exists for exactly this reason: to make the wear measurable while the cable still holds, not to predict the snap (Section 7 states what the passage-time results do and do not condition on).",0.59,
D0330,supported at high confidence,,0,,"With $h_m(t)\ge0$ the net outflow of moiety $m$ across the system boundary and $r_m(t)\ge0$ the net inflow, the sign convention reads","With $h_m(t) \ge 0$ the net outflow of moiety $m$ across the system boundary and $r_m(t) \ge 0$ the net inflow, the sign convention reads $$S_m(t) = S_m(0) + \int_0^t \bigl( r_m(\tau) - h_m(\tau) \bigr) d\tau,$$ and the barrier-safety (non-depletion) condition is $$S_m(0) + \int_0^t \bigl( r_m(\tau) - h_m(\tau) \bigr) d\tau \ge \underline{B}_m(t).$$",0.589,
D0601,supported at high confidence,,0,,"Under the deterministic surrogate $\dot G=-P$ with constant production $P>0$, the first-passage time to a fixed threshold $G_{\min}\in[0,G_0)$ is","Under the deterministic surrogate $\dot G = -P$ with constant production $P > 0$, the first-passage time to a fixed threshold $G_{\min} \in [0, G_0)$ is $$T_{\mathrm{phos}} = \frac{G_0 - G_{\min}}{P},$$ the reserve-life ratio being the $G_{\min} = 0$ special case and a threshold fraction $\varepsilon G_0$ giving $(1-\varepsilon)G_0/P$.",0.586,
D0070,supported at high confidence,1.1,0,,What decides it is the ratio between the pool's renewal rate and the rate at which it is used.,What decides is the renewal rate of the pool relative to the rate of use.,0.585,
D0402,supported at high confidence,4.6,0,,"**Theorem 13 (Vanishing-extraction rest set).** *With vanishing extraction ($E\equiv0$), the rest points of the closed natural block (2) are **exactly** the three sets — the extinction family $\mathsf R_{\mathrm{ext}}$, the carrying-capacity family $\mathsf R_K$, and the frozen-biomass face $\mathsf R_{\mathrm{frozen}}$; the union symbol $\mathsf R_0=\mathsf R_{\mathrm{ext}}\cup\mathsf R_K$ is retained for the two geochemical families:*","**Theorem 13 (Vanishing-extraction rest set).** *With vanishing extraction ($E \equiv 0$), the rest points of the closed natural block (2) are exactly the three sets — the extinction family $\mathcal{R}_{\mathrm{ext}}$, the carrying-capacity family $\mathcal{R}_K$, and the frozen-biomass face $\mathcal{R}_{\mathrm{frozen}}$; the union symbol $\mathcal{R}_0 = \mathcal{R}_{\mathrm{ext}} \cup \mathcal{R}_K$ is retained for the two geochemical families:* $$\mathcal{R}_{\mathrm{ext}} = \bigl\{ N = 0,\ U = 0,\ A^{\mathrm{act}} = A^{\mathrm{eq,intrinsic}}\,\sigma(A^{\mathrm{geo}}),\ A^{\mathrm{geo}} \ge 0 \bigr\}, \qquad \mathcal{R}_K = \bigl\{ N = K,\ U = \kappa_A K s/\gamma_U,\ A^{\mathrm{act}} = A^{\mathrm{eq,intrinsic}}\,\sigma,\ A^{\mathrm{geo}} \ge 0 \bigr\},$$ *where in the second family $s = A^{\mathrm{act}}/(A^{\mathrm{act}} + A_0)$ is evaluated at the solution — together with the frozen-biomass face $\mathcal{R}_{\mathrm{frozen}} = \{(N, 0, 0, 0) : N \ge 0\}$, on which $s = 0$ identically and the biomass is frozen at its initial value.",0.581,
D0148,supported at high confidence,1.2,0,,The multi-compartment ledger is the vector reading: does the cycle close only by emptying a critical compartment or by over-filling the waste one?,"The multi-compartment ledger is the vector reading: does it close only by drawing down a critical compartment or by over-filling the waste compartment — that is, are local depletions or waste accumulation merely being pushed off-book?",0.58,
D0602,supported at high confidence,,0,,"the reserve-life ratio being the $G_{\min}=0$ special case, and a threshold fraction $\varepsilon G_0$ giving $(1-\varepsilon)G_0/P$.","Under the deterministic surrogate $\dot G = -P$ with constant production $P > 0$, the first-passage time to a fixed threshold $G_{\min} \in [0, G_0)$ is $$T_{\mathrm{phos}} = \frac{G_0 - G_{\min}}{P},$$ the reserve-life ratio being the $G_{\min} = 0$ special case and a threshold fraction $\varepsilon G_0$ giving $(1-\varepsilon)G_0/P$.",0.58,
D0285,supported at high confidence,2.5,0,,Habitat-induced failed recruitment is a **prevented inflow**.,Habitat-induced failed recruitment is a prevented inflow — routing it into product or waste would create mass that was never in the stock.,0.579,
D0348,supported at high confidence,3.5,0,,"And the envelope is an interval computation on the flux data, **not a forecast**.","And the envelope is an interval computation on the flux data, not a forecast: it says nothing about what the fluxes will be, only about what every admissible flux path implies for the stock.",0.575,
D0388,supported at high confidence,4.3,0,,Theorems 7–9 are three instances of the conservation lemma of Proposition 1.,The logical relations are the content of the next two propositions.,0.571,
D0704,supported at high confidence,10.4,0,,1. **(i)** The two-pool exact specialization of the groundwater template remains **open**.,"(i) The two-pool exact specialization of the groundwater template remains open; the admitted object is the one-pool affine approximation, and no two-pool model is claimed as established (Section 8.2).",0.564,
D0389,supported at high confidence,4.3,0,,"Each is the identity $\tfrac{d}{dt}(\ell^{\top}x)=\ell^{\top}b$ for a declared ledger and boundary with $\ell=\mathbb 1$, differentiated only by which compartments the declaration includes.",Theorems 7–9 are three instances of the conservation lemma of Proposition 1 — each is the identity $\frac{d}{dt}(\ell^\top x) = \ell^\top b$ for a declared ledger and boundary with $\ell = \mathbf{1}$ — differentiated only by which compartments the declaration includes.,0.563,
D0074,supported at high confidence,1.1,0,,"If a pool regrows too slowly for the rate at which it is taken, the drawdown is liquidation however large the pool is.","A drawdown is recoverable only insofar as the pool regenerates faster than it is taken; if a pool regenerates too slowly for the rate at which it is taken, drawdown is still liquidation.",0.562,
D0293,supported at high confidence,,0,,*and let $X_0$ solve the limiting equation with the same initial value.,*Let $X_\kappa$ solve $\dot X_\kappa = \mu X_\kappa A_\kappa/(\kappa + A_\kappa) - \delta X_\kappa - cX_\kappa^2 - qE(t)X_\kappa$ and $X_0$ solve the limiting equation with the same initial value.,0.559,
D0632,signposting: asserts nothing,,0,,"It is not a primitive of the closed natural block of §2, and nothing in this section is promoted into the typed ledger.","The growth function $g$ of this paragraph is a declared constitutive readout on the stock for this extractor-side remark only; it is not a primitive of the closed natural block of Section 2, and nothing in this section is promoted into the typed ledger.",0.556,
D0196,supported at high confidence,2.1,0,,Entries are added within a row only when their types and units agree.,"Entries are added within a row only when their types and units agree; a conversion between types is represented by an explicit stoichiometric coefficient, never by an implicit sum.",0.555,
D0668,supported at high confidence,9,0,,"At the closed-block extraction rate $c=qE^*N^*\approx0.187$ stock units per year, the budget bound is $G_0/c\approx2\times10^{6}$ years; at the working completion's recharge flux $\mathcal B^*\approx4.652$ stock units per year, the draw scale is $G_0/\mathcal B^*\approx8.6\times10^{4}$ years.","The scale must name its flux: at the closed-block extraction rate $c = qE^*N^* \approx 0.187$ stock units per year the budget bound is $G_0/c \approx 2 \times 10^6$ years, while at the working completion's recharge flux $B^* \approx 4.652$ stock units per year the draw scale is $G_0/B^* \approx 8.6 \times 10^4$ years — the ""tens of thousands of years"" heuristic uses the working flux (at $G_0/A^{\mathrm{act}*} = 10^3$), and both scales sit far above the institutional delays of the companion family.",0.547,
D0713,supported at high confidence,11,0,,"Collapsing them into one ""time to depletion"" is what makes them false.","Stating them with those questions — against the published critiques they corroborate — is what makes them usable; collapsing them into one ""time to depletion"" is what makes them false.",0.547,
D0652,supported at high confidence,,0,,"The two same-state flux readings behind it are the working recharge $\omega_A(A_{\mathrm{eq},W}-A_{\mathrm{act},*})=4.652$ and the closed donor flow $e_{GA}-e_{AG}\approx-0.348$, whose signed difference is $4.652+0.348=5.000=\kappa_AK$.","The two same-state flux readings behind it are the working recharge $\omega_A(A^{\mathrm{eq,W}} - A^{\mathrm{act,*}}) = 4.652$ and the closed donor flow $e_{GA} - e_{AG} \approx -0.348$, whose signed difference is $4.652 + 0.348 = 5.000 = \kappa_A K$; the difference is $U$-dependent because the working field omits the detritus return $\gamma_U U$ that the closed field carries — the U-handling split is part of this obstruction, and $B^* - R^* = T^*$ is the working system's turnover balance, not the field difference. 3.",0.546,
D0010,signposting: asserts nothing,,0,,"Three things are then proved, in full, inside the article.",Three clarifications are part of the statement.,0.535,
D0420,supported at high confidence,4.9,0,,"It does **not** prove forward invariance of the six material states, or physical admissibility of every term.",Summing the six material equations of a ten-state admissibility template gives the exact identity $$\frac{d}{dt}\bigl( \bar X_A + X_J + P + U + A + G \bigr) = 0.$$ This is an algebraic cancellation only: it does not prove forward invariance of the six material states or physical admissibility of every term.,0.535,
D0325,supported at high confidence,,0,,"- **Prescribed or observed fluxes.** If $v(t)$ and $b(t)$ are known and integrable, stock balances are reconstructed by integration without solving the internal constitutive dynamics.","Two cases are distinguished. **Prescribed or observed fluxes:** if $v(t)$ and $b(t)$ are known and integrable, stock balances are reconstructed by integration without solving the internal constitutive dynamics — the computationally simple auditing case. **Endogenous fluxes:** if $v(t) = v(x(t), u(t), d(t))$, flux-only auditing is not generally possible without solving, estimating, or bounding the coupled system; the identity still holds, but the integral cannot be evaluated without determining $v(t)$.",0.534,
D0346,supported at high confidence,3.5,0,,"Attainability requires solving or bounding the coupled system. 2. **State-dependence needs one more condition.** When $v=v(x)$, the declared box must additionally be forward-invariant under the coupled dynamics for the envelopes to bound the system's reachable set.","When the fluxes are state-dependent, $v = v(x)$, the declared box must additionally be forward-invariant under the coupled dynamics for the envelopes to bound the system's reachable set; without that condition the corollary is a certificate for flux-admissible paths only, not for the ODE's trajectories.",0.529,
D0434,supported at high confidence,,0,,"Where delivered services are selected or converted ledger fluxes, the readout is linear in the primitives,","Where delivered services are selected or converted ledger fluxes, the readout is linear in the primitives, $$s = \mathcal{O}(x, u, \theta) = Q(\theta)\, v(x, u),$$ with every row of $Q$ declaring the delivery boundary and the conversion into one service-specific unit; more general state-dependent readouts are possible.",0.529,
D0486,supported at high confidence,6.2,0,,"**When the clocks coincide.** Under the rate bracket the frozen-rate ratio and the true hitting time agree within the bracket: $-\dot A\in[(1-\varepsilon)v_0,(1+\varepsilon)v_0]$ gives $\mathcal H^{\mathrm{loc}}_A=(A(0)-A_{\min})/[-\dot A]_+\in[H_0/(1+\varepsilon),H_0/(1-\varepsilon)]$, hence","**When the clocks coincide.** Under the rate bracket the frozen-rate ratio and the true hitting time agree within the bracket: $-\dot A \in [(1-\varepsilon)v_0, (1+\varepsilon)v_0]$ gives $H_A^{\mathrm{loc}} = (A(0) - A_{\min})/[-\dot A]_+ \in [H_0/(1+\varepsilon), H_0/(1-\varepsilon)]$, hence $|H - H_A^{\mathrm{loc}}| \le 2\varepsilon H_0/(1-\varepsilon)$ — the only regime in which the frozen-rate ratio is a horizon.",0.523,
D0323,supported at high confidence,,0,,"*and for continuous barriers $\underline B,\overline B$ the trajectory satisfies $\underline B_m(t)\le S_m(t)\le\overline B_m(t)$ for all $t\in[0,T]$ if and only if the corresponding integrated inequalities hold for all $t\in[0,T]$.*","Then* $$S(t) = S(0) + \int_0^t \bigl( C S_{\mathcal{T}} v(\tau) + Cb(\tau) \bigr) d\tau,$$ *and for continuous barriers $\underline{B}, \overline{B}$ the trajectory satisfies $\underline{B}_m(t) \le S_m(t) \le \overline{B}_m(t)$ for all $t \in [0,T]$ if and only if the corresponding integrated inequalities hold for all $t \in [0,T]$.*",0.52,
D0245,supported at high confidence,,0,,"So every column sums to zero, which is the incidence statement of mass conservation (proved for the full system in §4.2).",This section sets out the incidence discipline that makes conservation a property of the structure rather than an assumption.,0.519,
D0241,supported at high confidence,2.2,0,,"That is legitimate in a monomaterial projection, and the masses below are defined on this routing.","Uptake $T = \kappa_A N s$ never enters $\dot N$: it is an $A^{\mathrm{act}} \to U$ throughput with the living stock entering as a catalytic factor, not stored biomass — legitimate in a monomaterial projection; the masses below are defined on this routing.",0.517,
D0435,supported at high confidence,,0,,with every row of $Q$ declaring the delivery boundary and the conversion into one service-specific unit.,"Where delivered services are selected or converted ledger fluxes, the readout is linear in the primitives, $$s = \mathcal{O}(x, u, \theta) = Q(\theta)\, v(x, u),$$ with every row of $Q$ declaring the delivery boundary and the conversion into one service-specific unit; more general state-dependent readouts are possible.",0.514,
D0615,supported at high confidence,7.8,0,,"Measurement error, serial dependence, seasonal forcing, spatial aggregation, trend breaks and common climatic drivers are **separate** uncertainties, and integrating any of them out yields a predictive mixture rather than a single inverse-Gaussian law.","In the groundwater application $\widehat\mu$ is estimated from a finite, potentially autocorrelated record and the barrier is selected from that same record; measurement error, serial dependence, seasonal forcing, spatial aggregation, trend breaks, and common climatic drivers are separate uncertainties, and integrating any of them out yields a predictive mixture rather than a single inverse-Gaussian law.",0.514,
D0462,supported at high confidence,,0,,"Since $qEN-R(N,A_{\mathrm{act}})=O(N)$ as $N\to0$, the raw decline input vanishes near extinction while the positive baseline source of the effort law can still sustain commanded effort.","Since $qEN - R(N, A^{\mathrm{act}}) = O(N)$ as $N \to 0$, the raw decline input vanishes near extinction while the positive baseline source of the effort law can still sustain commanded effort — the incremental decline amplification disappears, but the effort command need not; a controller intended to respond to low stock irrespective of its current rate of change requires a separately registered level-dependent channel.",0.512,
D0419,supported at high confidence,4.9,0,,Summing the six material equations of a ten-state admissibility template gives the exact identity,Summing the six material equations of a ten-state admissibility template gives the exact identity $$\frac{d}{dt}\bigl( \bar X_A + X_J + P + U + A + G \bigr) = 0.$$ This is an algebraic cancellation only: it does not prove forward invariance of the six material states or physical admissibility of every term.,0.508,
D0064,supported at high confidence,1.1,0,,"The same pool can also be read as natural capital, as a stock, or as a slowly regenerating flow of services.","The support pool need not be a superficially non-renewable reserve for this diagnosis to run, and it can be read in more than one way at once — as natural capital, as a stock, or as a slowly regenerating flow of services.",0.506,
D0459,supported at high confidence,5.4,0,,**Decline pressure.** In the registered delay family the depletion-pressure classification is,"**Decline pressure.** In the registered delay family the depletion-pressure classification is $\Lambda(t) = \max\{0, qE(t)N(t) - R(N(t), A^{\mathrm{act}}(t))\} = \max\{0, -\dot N(t)\}$: the memory input of the institutional dynamics is a smoothed stock-decline rate, exactly the positive part of the decline.",0.506,
D0574,supported at high confidence,,0,,"*where $W$ is a standard Wiener process, $\varsigma>0$ a chosen noise scale, and the process is stopped at first reaching the record-relative barrier $\mathcal A^{\mathrm{win}}_{\min}$.","On the scale of the tabulated series define* $$A(t) = A_0 + \mu t + \varsigma W_t, \qquad A(0) = A_0 > A_{\min}^{\mathrm{win}},$$ *where $W$ is a standard Wiener process, $\varsigma > 0$ a chosen noise scale, and the process is stopped at first reaching the record-relative barrier $A_{\min}^{\mathrm{win}}$.*",0.502,
D0209,supported at high confidence,,0,,The four geo-interface and closure primitives are,The same refinement applies to the interface bound of Proposition 37.,0.5,
D0099,signposting: asserts nothing,1.1,0,,"Section 7 states what the passage-time results do and do not condition on, and it is not a snapping-time calculation.","Section 10 states what the ledger does not support, and Section 11 concludes.",0.489,
D0585,supported at high confidence,,0,,"For every finite $\varsigma>0$ the inverse-Gaussian median $m$ satisfies $m<\nu=\mathcal H^{\mathrm{win}}_{\mathrm{GW}}$,*","For every finite $\varsigma > 0$ the inverse-Gaussian median $m$ satisfies* $$m < \nu = H^{\mathrm{win}}_{\mathrm{GW}}, \qquad F_T(\nu) = \frac{1}{2} + e^{2\lambda/\nu}\,\Phi\!\left( -2\sqrt{\lambda/\nu} \right) > \frac{1}{2}.$$ *The variance scales as $\varsigma^2$ and the standard deviation and small-noise quantile widths as $\varsigma$.",0.482,
D0052,supported at high confidence,1.1,0,,"The per-asset, per-pool depletion horizons of Section 6.5.2 are each reported next to the pool they draw on, and are never added into a single date.","The replacements built in this article are component-resolved by construction: the per-asset, per-pool depletion horizons of Section 6.5.2 are each reported beside the pool it draws on and never summed into a scalar date.",0.48,
D0124,signposting: asserts nothing,1.2,0,,"**Task three is to put substitution inside the ledger, not beside it.** Weak and strong sustainability are not rival hypotheses.","The third task is to locate substitution within the ledger, rather than alongside it.",0.48,
D0493,supported at high confidence,,0,,1. **Equality at the hitting time** — $S_m(\tau_m^-)=\underline B_m(\tau_m^-)$ — requires continuity of both $S_m$ and $\underline B_m$ and appropriate initial separation.,"First, equality at the hitting time — $S_m(\tau_m^-) = \underline{B}_m(\tau_m^-)$ — requires continuity of both $S_m$ and $\underline{B}_m$ and appropriate initial separation; if fluxes or barriers can jump, the stock can cross the barrier without satisfying equality.",0.48,
D0696,signposting: asserts nothing,10.2,0,,A flux omitted from the ledger is not thereby conserved.,Section 4 proves the closed-ledger theorem set.,0.48,
D0051,signposting: asserts nothing,1.1,0,,What this article builds in their place is resolved by component from the start.,"Both are witnesses inside a declared model, not constants for the class.",0.47,
D0253,supported at high confidence,2.3,0,,"These are two different timescale lumpings of the same physical story, and no incidence specialization maps one onto the other.","Services are observations or feasible outputs of the physical state, not additional conserved mass.",0.468,
D0491,supported at high confidence,,0,,"and the overall admissibility exit time $\tau_{\mathrm{exit}}=\min_m\{\tau_m^-,\tau_m^+\}$; **horizon safety on $[0,T]$ is $\tau_{\mathrm{exit}}>T$**.",**Theorem 7 (Natural-block mass identity).** *Let $M = N + A^{\mathrm{act}} + A^{\mathrm{geo}} + U$.,0.466,
D0494,supported at high confidence,,0,,"If fluxes or barriers can jump, the stock can cross the barrier *without* satisfying equality. 2. **Lower barriers need not be exhaustion thresholds.** The diagnostic distinguishes physical exhaustion ($S_m=0$), functional failure ($S_m=\underline B_m^{\mathrm{func}}$), a resilience or regime-shift threshold, an economically recoverable reserve, and a minimum service-supporting stock.","Second, lower barriers need not be exhaustion thresholds: the diagnostic distinguishes physical exhaustion ($S_m = 0$), functional failure ($S_m = B_m^{\mathrm{func}}$), a resilience or regime-shift threshold, an economically recoverable reserve, and a minimum service-supporting stock — the term ""exhaustion"" is reserved for $S_m = 0$, and all other thresholds are barrier violations.",0.466,
D0474,supported at high confidence,6.1,0,,It correctly reports *no current net decline* at a stationary or replenishing state.,This section sets out the incidence discipline that makes conservation a property of the structure rather than an assumption.,0.459,
D0247,supported at high confidence,2.3,0,,"The constitutive choices belong to this example, not to every typed ledger: the constant splits $\alpha$ and $\rho_P$, the compartment set, and the absorbing-sink convention are declared choices.","The vector field belongs to the tangent cone at every boundary point, and the tangent-cone invariance theorem applies.",0.458,
D0372,supported at high confidence,4.1,0,,"*i.e. mass leaves the natural block exactly at the extraction rate, plus the donor-limited mining rate.","Where energies are not declared the predicate is reported as not established, exactly as the conservation residual of Definition 23 is.",0.452,
D0490,supported at high confidence,6.3,0,,For each moiety $m$ define the lower and upper exit times,"Network Flows: Theory, Algorithms, and Applications.",0.447,
D0545,supported at high confidence,6.5.2,0,,"is a **ranking device, not a componentwise certificate**: it mixes basins and reserves, incommensurable objects under the typing of §2.1, and is retained only to mark the boundary of legitimate aggregation.","The theorem bounds how long adequate service can coexist with componentwise safety; it is not a scalar certificate, and $V>0$ establishes nothing about the sign of any individual margin.",0.443,
D0380,supported at high confidence,4.2,0,,"Every column is a two-compartment transfer under the unit-sum routing constraints, so $\mathbb 1^{\top}S^{\top}=0$ column by column — Theorem 8's conservation, at sight.",The theorem is an exact conservation identity under the routing constraints. □,0.442,
D0655,signposting: asserts nothing,,0,,"The working-point figures $E^*\approx2.090$, $N^*=89.526$, $A_{\mathrm{act},*}=397.87$ and the recharge $4.652$ are imported at the companion's registered precision; the reverse check $qE^*N^*=0.001\times2.090\times89.526\approx0.187$ is consistent to the quoted digits. 4. **The draw diagnostic is not an error measure.** The cumulative donor-draw quantity $\varepsilon_G(T)=G_0^{-1}\int_0^T|e_{GA}-e_{AG}|\,dt$ is a diagnostic of the *derived-target completion*, not a trajectory-tracking error between the two fields; **no finite-time tracking theorem between the completions holds**. 5. **Integrability forbids indefinite persistence.** The closed primitive system makes sustained extraction integrable (Theorem 14) and therefore cannot possess the working positive-flux rest indefinitely.","The working-point figures $E^* \approx 2.090$, $N^* = 89.526$, $A^{\mathrm{act,*}} = 397.87$, and the recharge $4.652$ are imported at the companion's registered precision; the reverse check $qE^*N^* = 0.001 \times 2.090 \times 89.526 \approx 0.187$ is consistent to the quoted digits. 4.",0.441,
D0009,signposting: asserts nothing,,0,,"Services — drinking water, crop yield, fish caught — are readings taken off the ledger, not substances flowing in it.",**Definition 21 (Closure cone).** The regimes above can be stated on the ledger's own objects rather than as attitudes toward them.,0.438,
D0105,signposting: asserts nothing,1.1,0,,"""Reserves"" in this article means exactly one thing: the economically extractable portion as classified by the publishing agency, at the vintage of the report, in the report's own units.",(viii) The article asserts nothing empirical about any named resource system beyond the classifications of public data products stated at their source status.,0.438,
D0586,supported at high confidence,,0,,*The variance scales as $\varsigma^2$ and the standard deviation and small-noise quantile widths as $\varsigma$.,The barrier $A_{\min}^{\mathrm{win}}$ is selected from the same finite observation window used to estimate $\widehat\mu$.,0.437,
D0294,supported at high confidence,2.6,0,,"**Remark 2 (Registered-family support-saturated identity).** *In the primitive-flux core with $g(X,A)=\mu XA/(K_A+A)$, $m(X)=dX+cX^2$, $h(X,E)=qEX$, the support-saturated stock equation is, for each fixed interior $A>0$ in the limit $K_A\to0$,*","**Remark 2 (Registered-family support-saturated identity).** *In the primitive-flux core with $g(X,A) = \mu XA/(K_A + A)$, $m(X) = dX + cX^2$, $h(X,E) = qEX$, the support-saturated stock equation is, for each fixed interior $A > 0$ in the limit $K_A \to 0$,* $$\dot X = (\mu - d)X - cX^2 - qEX = rX\left(1 - \frac{X}{K}\right) - qEX, \qquad r = \mu - d, \quad K = \frac{\mu - d}{c},$$ *requiring $\mu > d$ and $c > 0$.",0.434,
D0240,supported at high confidence,2.2,0,,"It is an $A_{\mathrm{act}}\to U$ throughput in which the living stock appears as a catalytic factor, not as stored biomass.","The geological donor is an internal state throughout — no infinite reservoir is declared — and the block boundary is crossed only by harvest (to product) and, when restored, mining (to product or waste).",0.431,
D0132,signposting: asserts nothing,1.2,0,,"That ""deep time"" clause needs a scope, because read too widely it would sit badly against the article's own recoverability rule.","The distinction matters because ""time to depletion"" is publicly used as if all three were one quantity.",0.422,
D0129,supported at high confidence,1.2,0,,People consume and multiply slowly enough that technological substitution and natural regeneration together move matter so that it is used as it appears.,"Because reserves are an economic classification that changes with prices, technology, exploration, and regulation — not a fixed physical stock — the ratio is not an exhaustion forecast.",0.417,
D0669,signposting: asserts nothing,9,0,,"The ""tens of thousands of years"" heuristic uses the working flux (at $G_0/A_{\mathrm{act},*}=10^3$), and both scales sit far above the institutional delays of the companion family.","No theorem relates $\widehat\mu$ to $-\dot A$ of the reduced systems, to the finite-donor primitive system, or to the institutional delay equations. 3.",0.416,
D0154,supported at high confidence,1.2,0,,"The balance has to hold while neither consumption nor population grows faster than the productivity supporting them, and the drawdown must not be recoverable only on a timescale longer than the time it takes to draw it down.",The companion's $\tau_+ \approx 150$ yr upper cycle is a frozen-donor object; on the closed system it can persist only as a transient on the finite donor budget.,0.408,
D0504,supported at high confidence,,0,,"For uncertain parameters $\theta\in\Theta$ and admissible disturbances $d\in\mathcal D$, robust barrier safety is","In a closed system $S_m$ is constant, and in an open system $S_m$ changes only through boundary flows.",0.406,
D0562,supported at high confidence,6.5.4,0,,"The reported §6.5.2 median (≈ 1.8 yr) additionally carries the eight zero entries for stocks at or below the reference, per the zero convention of the source caption.",This section sets out the incidence discipline that makes conservation a property of the structure rather than an assumption.,0.406,
D0340,supported at high confidence,,0,,"*For any matrix $A$ write $A^+=\max\{A,0\}$ and $A^-=\max\{-A,0\}$ entrywise, and define for each moiety $m$ the envelope integrands*","*Proof.* By Theorem 7, $M(t) = M(0) - \int_0^t qE(s)N(s)\, ds$; forward invariance (Theorem 10) gives $M(t) \ge 0$, so the improper integral is at most $M(0)$.",0.405,
D0256,supported at high confidence,,0,,"where $\theta_K$ is the sink-generation fraction, $\theta_\delta$ the assimilation rate, $I_{\mathsf N}$ external nutrient input and $Q_{\mathsf P}$ product disposal.","The sign is estimable from the data the classification already requires, by regressing the decline rate on the stock; it is declared, not computed, in Section 6.5.",0.403,
D0108,supported at high confidence,1.1,0,,"Illakwahhi, Vegi and Srivastava (2024) show that influential ""depletion within a century"" estimates rest on single-source US Geological Survey data of questionable credibility, ignore recovery and recycling, and that timeframes estimated from inadequate reserve data ""are somewhat misleading"".","Illakwahhi, Vegi, and Srivastava (2024) show that the influential ""depletion within a century"" estimates rest on single-source U.S. Geological Survey (USGS) data whose credibility is questionable, ignore recovery and recycling, and that timeframes estimated from inadequate reserve data ""are somewhat misleading."" The same point is standard in mineral economics, where the distinction between reserves and resources has been central at least since Tilton (2003).",0.392,
D0235,supported at high confidence,2.2,0,,"The harvest column is written at the declared $\alpha=0$ routing, under which harvest leaves the block; a detritus-routed fraction $\alpha>0$ moves $\alpha$ into the $U$ entry of that column and reduces the block export to $(1-\alpha)qEN$ — the full-ledger routing displayed in §4.2.","The geological donor is an internal state throughout — no infinite reservoir is declared — and the block boundary is crossed only by harvest (to product) and, when restored, mining (to product or waste).",0.391,
D0255,supported at high confidence,2.4,0,,"The state is $(\mathsf{S},\mathsf{K},\mathsf{N},\mathsf{P})\in\mathbb{R}^4_+$ — in this block's local notation, resource stock, sink stock, nutrient stock and input flux; the carrying capacity and living stock of §2.2 do not enter — with","The state is $(S, K, N, P) \in \mathbb{R}^4_+$ (in this block's local notation, $S$ is the resource stock, $K$ the sink stock, $N$ the nutrient stock, and $P$ the input flux; the carrying capacity and living stock of Section 2.2 do not enter), with $$\dot S = g(S,N) - H, \qquad \dot K = \theta_K H - \theta_\delta K, \qquad \dot N = -g(S,N) + \theta_\delta K + I_N, \qquad \dot P = (1 - \theta_K)H - Q_P,$$ where $\theta_K$ is the sink-generation fraction, $\theta_\delta$ the assimilation rate, $I_N$ external nutrient input, and $Q_P$ product disposal.",0.382,
D0313,supported at high confidence,3.1,0,,**Proposition 2 (The layers do not collapse).** *Barrier safety does not follow from accounting consistency: a trajectory can be perfectly mass-balanced while violating a declared barrier; and a trajectory can satisfy declared barriers while violating a conservation law or a stoichiometric constraint.,"A *moiety* is a conserved substance class (an element, or a declared conserved combination) — the only object to which a conservation law attaches.",0.367,
D0381,supported at high confidence,4.2,0,,"The natural-block rows $(N,U,A_{\mathrm{act}},A_{\mathrm{geo}})$ reproduce the four-row display of §2.2, with the harvest column now carrying its full routing ($\alpha$ to $U$, $1-\alpha$ to $P$) instead of the block-export convention of the $\alpha=0$ corner.","An exhaustion-horizon estimate built on a reserve figure carries the substitution and technology premises of the reserve classification, not a physical forecast.",0.364,
D0618,supported at high confidence,8.1,0,,"The phosphorus domain enters at **registered template status**: an identification ladder for the resource–product–waste–detritus structure of §2.3 (phosphate rock → fertilizer → soil pool → runoff, with the mining flux $c_G$ and the recycling routes $\alpha,\rho_P$), whose constitutive content — the yield and loss functions, the recovery fractions, the price response of the reserve classification — is **declared, not established**.","The phosphorus domain enters at registered template status: an identification ladder for the resource-product-waste-detritus structure of Section 2.3, whose constitutive content --- yield and loss functions, recovery fractions, the price response of the reserve classification --- is declared and not established, and whose reserve and production quantities carry their source vintage (U.S. Geological Survey, 2026).",0.355,
D0597,supported at high confidence,,0,,*so $\mathbb E[\mathcal T_{\mathrm{fish}}]=\log(\mathcal B_0/\mathcal B_{\min})/(h+\varsigma^2/2)$; as $\varsigma\to0^+$ this converges to the deterministic pure-decay horizon when $h=F$ and $\mathcal B_{\min}=\mathcal B_{\mathrm{lim}}$.*,"Second, $S_{\mathcal{T}}$ may contain signed entries even though $v \ge 0$: the sign pattern of the incidence matrix and the nonnegativity of the primitives are separate declarations.",0.34,
D0530,supported at high confidence,,0,,"under current fishing mortality $F$, with median **≈ 1.8 yr** across the **43** assessed stocks with finite spawning-stock-biomass (SSB) and $F$ series — the archived pull, kept in place as the headline cohort by the recorded data-vintage decision — computed with $\mathrm{ADH}=0$ entered for the **eight** stocks already at or below the reference: the zero convention of the source table's caption, **which the median includes**.","The fisheries column reports the archived-depletion-horizon (ADH) pure-decay proxy $\mathrm{ADH} = F^{-1}\log(\mathrm{SSB}_{\mathrm{now}}/(0.2\max\mathrm{SSB}))$ under current fishing mortality $F$, with median $\approx 1.8$ yr across the 43 assessed stocks with finite spawning-stock-biomass (SSB) and $F$ series — the archived pull, designated the headline cohort under the data-vintage rule recorded in S5 — computed with $\mathrm{ADH} = 0$ entered for the eight stocks already at or below the reference, the zero convention of the source table's caption, which the median includes.",0.3,
D0594,supported at high confidence,,0,,"The inverse-Gaussian family has a degenerate boundary limit concentrated at zero, and $\mathrm{IG}(0,0)$ is not an ordinary inverse-Gaussian distribution. **Zero cells report zero relative to the selected observational barrier** — not zero physical uncertainty, and no confirmation of collapse. 2. **Independent physical thresholds.** If an independent physical threshold $\mathcal A^{\sharp}<\mathcal A^{\mathrm{win}}_{\min}$ is specified, the same constant-drift surrogate gives the conditional mean $\mathbb E[T^{\sharp}]=(A_0-\mathcal A^{\sharp})/|\mu|$, longer than the record-relative proxy because the barrier is lower.","1. **Already-at-minimum.** If $A_0 = A_{\min}^{\mathrm{win}}$, the stopping-time convention gives $T_{\mathrm{GW}} = 0$ deterministically for every $\varsigma$; the inverse-Gaussian family has a degenerate boundary limit concentrated at zero, and $\mathrm{IG}(0,0)$ is not an ordinary inverse-Gaussian distribution.",0.298,
D0195,signposting: asserts nothing,2.1,0,,"Read this line in words: *what changes in each box equals the wiring applied to the flows, plus what crosses the boundary, plus a stated disturbance.* Here $S^{\top}$ is the typed stoichiometric (incidence) operator; $y$ collects declared boundary states — environmental or companion variables that live outside the ledger; $\theta$ is the declared constitutive parameter vector; $B u_\partial$ collects declared boundary transfers; and $dx$ belongs to a stated disturbance class.","This is a local diagnostic only: it fails when depletion reverses, the rate approaches zero, or feedback moves the trajectory outside the declared rate bounds.",0.291,
D0544,supported at high confidence,6.5.2,0,,"**Non-example 1 — a deliberate boundary of aggregation, not a score of the framework.** The equal-weight inverse-horizon score of the four basins still above their window minimum and world phosphate reserves,","The equal-weight inverse-horizon score of the four basins still above their window minimum and world phosphate reserves, displayed as **Non-example 1** — a deliberate boundary of aggregation, not a score of the framework, $$\Sigma_{\mathrm{reserves}} \approx \frac{1}{5}\left( \frac{1}{2.7} + \frac{1}{7.9} + \frac{1}{9.5} + \frac{1}{21.4} + \frac{1}{309} \right) \approx 0.130\ \mathrm{yr}^{-1},$$ is a ranking device, not a componentwise certificate: it mixes basins and reserves, incommensurable objects under the type structure of Definition 47, and is retained only to mark the boundary of legitimate aggregation.",0.226,
D0653,supported at high confidence,,0,,"The difference is $U$-dependent because the working field omits the detritus return $\gamma_UU$ that the closed field carries — the $U$-handling split is part of this obstruction, and $\mathcal B^*-R^*=\mathcal T^*$ is the working system's turnover balance, **not** the field difference. 3. **The working point is not at rest in the closed system.** It requires continuing geological support — the flux $\omega_A(A_{\mathrm{eq},W}-A_{\mathrm{act},*})=4.652133\ldots$ stock units per year, supplied every year by a donor the working system treats as a parameter — and is not a rest point of the closed finite-donor system (Theorem 12).","The primitive ledger uses the intrinsic donor-limited target $A^{\mathrm{eq,intrinsic}}$; the working system uses the derived target $A^{\mathrm{eq,W}} = A^{\mathrm{eq,intrinsic}} + \kappa_A K/\omega_A$.",0.207,
